"canonicalProductId","canonicalVariantId","canonicalProductName","canonicalBrand","canonicalManufacturer","canonicalCategory","canonicalSourceUrl","sourceEvidenceStatus","supplierSku","supplierProductName","price","currency","stock","warehouse","leadTimeDays","availableFrom","licenseDocumentUrl","rowAction"
"public-672f08d61dcfb818fd91a966","public-672f08d61dcfb818fd91a966-variant-default","Автоклав 18 л","","","","https://a4d.kz/content/avtoklav-18-l","PUBLIC_SOURCE_REQUIRES_SUPPLIER_CONFIRMATION","","","","KZT","","","","","","CONFIRM_AND_FILL_COMMERCIAL_DATA"
"public-798ae697d8e5ca07047c41d8","public-798ae697d8e5ca07047c41d8-variant-default","Автоклавируемые насадки для защиты от острых края на всасывающих трубках","","","","https://a4d.kz/content/avtoklaviruemye-nasadki-dlya-zashchity-ot-ostryh-kraya-na-vsasyvayushchih-trubkah","PUBLIC_SOURCE_REQUIRES_SUPPLIER_CONFIRMATION","","","","KZT","","","","","","CONFIRM_AND_FILL_COMMERCIAL_DATA"
"public-1cb4e7b4fa9a92ad7b124464","public-1cb4e7b4fa9a92ad7b124464-variant-default","Автоклавируемый губной кольцевой ретрактор взрослый","","","","https://a4d.kz/content/avtoklaviruemyy-gubnoy-kolcevoy-retraktor-vzroslyy","PUBLIC_SOURCE_REQUIRES_SUPPLIER_CONFIRMATION","","","","KZT","","","","","","CONFIRM_AND_FILL_COMMERCIAL_DATA"
"public-140585e33d367aa0ecbfbd2b","public-140585e33d367aa0ecbfbd2b-variant-default","Автоклавируемый губной кольцевой ретрактор детский","","","","https://a4d.kz/content/avtoklaviruemyy-gubnoy-kolcevoy-retraktor-detskiy","PUBLIC_SOURCE_REQUIRES_SUPPLIER_CONFIRMATION","","","","KZT","","","","","","CONFIRM_AND_FILL_COMMERCIAL_DATA"
"public-e57c8647c484cf058a7326e1","public-e57c8647c484cf058a7326e1-variant-default","Автоклавируемый оттягивающий ретрактор (взрослый)","","","","https://a4d.kz/content/avtoklaviruemyy-ottyagivayushchiy-retraktor-vzroslyy","PUBLIC_SOURCE_REQUIRES_SUPPLIER_CONFIRMATION","","","","KZT","","","","","","CONFIRM_AND_FILL_COMMERCIAL_DATA"
"public-a790353bfa1c27f08b372947","public-a790353bfa1c27f08b372947-variant-default","Автоклавируемый оттягивающий ретрактор (детский)","","","","https://a4d.kz/content/avtoklaviruemyy-ottyagivayushchiy-retraktor-detskiy","PUBLIC_SOURCE_REQUIRES_SUPPLIER_CONFIRMATION","","","","KZT","","","","","","CONFIRM_AND_FILL_COMMERCIAL_DATA"
"public-8caef3b41a415066c8ecec2d","public-8caef3b41a415066c8ecec2d-variant-default","Автоклавируемый ретрактор сухое поле","","","","https://a4d.kz/content/avtoklaviruemyy-retraktor-suhoe-pole","PUBLIC_SOURCE_REQUIRES_SUPPLIER_CONFIRMATION","","","","KZT","","","","","","CONFIRM_AND_FILL_COMMERCIAL_DATA"
"public-800ab0e22ffdfd1effa7cf8f","public-800ab0e22ffdfd1effa7cf8f-variant-default","Автоклавируемый щечный ретрактор взрослый","","","","https://a4d.kz/content/avtoklaviruemyy-shchechnyy-retraktor-vzroslyy","PUBLIC_SOURCE_REQUIRES_SUPPLIER_CONFIRMATION","","","","KZT","","","","","","CONFIRM_AND_FILL_COMMERCIAL_DATA"
"public-b0da6acad0f4587bb03180bc","public-b0da6acad0f4587bb03180bc-variant-default","Автоклавируемый щечный ретрактор детский","","","","https://a4d.kz/content/avtoklaviruemyy-shchechnyy-retraktor-detskiy","PUBLIC_SOURCE_REQUIRES_SUPPLIER_CONFIRMATION","","","","KZT","","","","","","CONFIRM_AND_FILL_COMMERCIAL_DATA"
"public-020212c478926c2d127c2758","public-020212c478926c2d127c2758-variant-default","Автоклавируемый щечный ретрактор подростковый","","","","https://a4d.kz/content/avtoklaviruemyy-shchechnyy-retraktor-podrostkovyy","PUBLIC_SOURCE_REQUIRES_SUPPLIER_CONFIRMATION","","","","KZT","","","","","","CONFIRM_AND_FILL_COMMERCIAL_DATA"
"public-2e8a0d05285aefaf578889b5","public-2e8a0d05285aefaf578889b5-variant-default","Адгезив 7-го поколения","","","","https://a4d.kz/content/adgeziv-7-go-pokoleniya","PUBLIC_SOURCE_REQUIRES_SUPPLIER_CONFIRMATION","","","","KZT","","","","","","CONFIRM_AND_FILL_COMMERCIAL_DATA"
"public-4ed0e1e433ea24ebb7336f97","public-4ed0e1e433ea24ebb7336f97-variant-default","Алмазные боры на прямой наконечник","","","","https://a4d.kz/content/almaznye-bory-na-pryamoy-nakonechnik","PUBLIC_SOURCE_REQUIRES_SUPPLIER_CONFIRMATION","","","","KZT","","","","","","CONFIRM_AND_FILL_COMMERCIAL_DATA"
"public-97f16284028a21f49a02e4a8","public-97f16284028a21f49a02e4a8-variant-default","Анкерные штифты набор120 шт","","","","https://a4d.kz/content/ankernye-shtifty-nabor120-sht","PUBLIC_SOURCE_REQUIRES_SUPPLIER_CONFIRMATION","","","","KZT","","","","","","CONFIRM_AND_FILL_COMMERCIAL_DATA"
"public-589d7b9791b914303d289f01","public-589d7b9791b914303d289f01-variant-default","Анкерные штифты отвертка+ключ размеры 0,9/1,0/1,2/1,4/1,6/1,8","","","","https://a4d.kz/content/ankernye-shtifty-otvertkaklyuch-razmery-091012141618","PUBLIC_SOURCE_REQUIRES_SUPPLIER_CONFIRMATION","","","","KZT","","","","","","CONFIRM_AND_FILL_COMMERCIAL_DATA"
"public-f08a702e78e3354ebb4feb3a","public-f08a702e78e3354ebb4feb3a-variant-default","Аны-ком Flow Kit раинбов","","","","https://a4d.kz/content/any-com-flow-kit-rainbow","PUBLIC_SOURCE_REQUIRES_SUPPLIER_CONFIRMATION","","","","KZT","","","","","","CONFIRM_AND_FILL_COMMERCIAL_DATA"
"public-48ea6fa8513545202d112a0b","public-48ea6fa8513545202d112a0b-variant-default","Аны-ком Kit универсал","","","","https://a4d.kz/content/any-com-kit-universal","PUBLIC_SOURCE_REQUIRES_SUPPLIER_CONFIRMATION","","","","KZT","","","","","","CONFIRM_AND_FILL_COMMERCIAL_DATA"
"public-4ccf9e3c134ea1257caf5c97","public-4ccf9e3c134ea1257caf5c97-variant-default","Аны-пасте","","","","https://a4d.kz/content/any-paste","PUBLIC_SOURCE_REQUIRES_SUPPLIER_CONFIRMATION","","","","KZT","","","","","","CONFIRM_AND_FILL_COMMERCIAL_DATA"
"public-6ac340acc9ff965da3420e2d","public-6ac340acc9ff965da3420e2d-variant-default","Аны-сеал","","","","https://a4d.kz/content/any-seal","PUBLIC_SOURCE_REQUIRES_SUPPLIER_CONFIRMATION","","","","KZT","","","","","","CONFIRM_AND_FILL_COMMERCIAL_DATA"
"public-151142b0948f03c0439817a2","public-151142b0948f03c0439817a2-variant-default","Аны-флу гел","","","","https://a4d.kz/content/any-flu-gel","PUBLIC_SOURCE_REQUIRES_SUPPLIER_CONFIRMATION","","","","KZT","","","","","","CONFIRM_AND_FILL_COMMERCIAL_DATA"
"public-4abb5fe89a02a9cfb522fe4e","public-4abb5fe89a02a9cfb522fe4e-variant-default","Аппарат для дублированияAx-2006 режимы высокого и низкого нагрева для плавления и смешивания дублирующего геля","","","","https://a4d.kz/content/apparat-dlya-dublirovaniyaax-2006-rezhimy-vysokogo-i-nizkogo-nagreva-dlya-plavleniya-i","PUBLIC_SOURCE_REQUIRES_SUPPLIER_CONFIRMATION","","","","KZT","","","","","","CONFIRM_AND_FILL_COMMERCIAL_DATA"
"public-0f6d168ec36501e6a8122acf","public-0f6d168ec36501e6a8122acf-variant-default","Аппарат для изготовления капп","","","","https://a4d.kz/content/apparat-dlya-izgotovleniya-kapp","PUBLIC_SOURCE_REQUIRES_SUPPLIER_CONFIRMATION","","","","KZT","","","","","","CONFIRM_AND_FILL_COMMERCIAL_DATA"
"public-d47069d9676a0da59e97cfb5","public-d47069d9676a0da59e97cfb5-variant-default","Аппарат для изготовления нейлоновых протезов","","","","https://a4d.kz/content/apparat-dlya-izgotovleniya-neylonovyh-protezov","PUBLIC_SOURCE_REQUIRES_SUPPLIER_CONFIRMATION","","","","KZT","","","","","","CONFIRM_AND_FILL_COMMERCIAL_DATA"
"public-03705c41446c18c1abcffe31","public-03705c41446c18c1abcffe31-variant-default","Аппарат для изготовления нейлоновых протезов AX-YD картридж с материалом разогревается и пакуется в кювету с моделью ручным п рессом.","","","","https://a4d.kz/content/apparat-dlya-izgotovleniya-neylonovyh-protezov-ax-yd-kartridzh-s-materialom-razogrevaetsya-i","PUBLIC_SOURCE_REQUIRES_SUPPLIER_CONFIRMATION","","","","KZT","","","","","","CONFIRM_AND_FILL_COMMERCIAL_DATA"
"public-356bd628786b817411825081","public-356bd628786b817411825081-variant-default","Аппарат для сепарации гипсовых моделей EM-DC2","","","","https://a4d.kz/content/apparat-dlya-separacii-gipsovyh-modeley-em-dc2","PUBLIC_SOURCE_REQUIRES_SUPPLIER_CONFIRMATION","","","","KZT","","","","","","CONFIRM_AND_FILL_COMMERCIAL_DATA"
"public-aa657757cecee32b28da9826","public-aa657757cecee32b28da9826-variant-default","Аппарат для смазки наконечников","","","","https://a4d.kz/content/apparat-dlya-smazki-nakonechnikov","PUBLIC_SOURCE_REQUIRES_SUPPLIER_CONFIRMATION","","","","KZT","","","","","","CONFIRM_AND_FILL_COMMERCIAL_DATA"
"public-8448f9975180481a078793ab","public-8448f9975180481a078793ab-variant-default","Аппарат для смазки наконечников с редуктором","","","","https://a4d.kz/content/apparat-dlya-smazki-nakonechnikov-s-reduktorom","PUBLIC_SOURCE_REQUIRES_SUPPLIER_CONFIRMATION","","","","KZT","","","","","","CONFIRM_AND_FILL_COMMERCIAL_DATA"
"public-ef2f558823c4393f7484785d","public-ef2f558823c4393f7484785d-variant-default","Аппарат сварочный Аргон AX-AWM1","","","","https://a4d.kz/content/apparat-svarochnyy-argon-ax-awm1","PUBLIC_SOURCE_REQUIRES_SUPPLIER_CONFIRMATION","","","","KZT","","","","","","CONFIRM_AND_FILL_COMMERCIAL_DATA"
"public-65a316ef7d4b6feee4e0a151","public-65a316ef7d4b6feee4e0a151-variant-default","Артикулятор","","","","https://a4d.kz/content/artikulyator-2","PUBLIC_SOURCE_REQUIRES_SUPPLIER_CONFIRMATION","","","","KZT","","","","","","CONFIRM_AND_FILL_COMMERCIAL_DATA"
"public-681f43acd2037f6d5bee356a","public-681f43acd2037f6d5bee356a-variant-default","Аспирационная система с-as","","","","https://a4d.kz/content/aspiracionnaya-sistema-s","PUBLIC_SOURCE_REQUIRES_SUPPLIER_CONFIRMATION","","","","KZT","","","","","","CONFIRM_AND_FILL_COMMERCIAL_DATA"
"public-373468679b63af465e076077","public-373468679b63af465e076077-variant-default","Аспирационные щетки для чистки слюноотса и пылесоса","","","","https://a4d.kz/content/aspiracionnye-shchetki-dlya-chistki-slyunootsa-i-pylesosa","PUBLIC_SOURCE_REQUIRES_SUPPLIER_CONFIRMATION","","","","KZT","","","","","","CONFIRM_AND_FILL_COMMERCIAL_DATA"
"public-379ddc9ffebff03bc274254f","public-379ddc9ffebff03bc274254f-variant-default","Барриер филм","","","","https://a4d.kz/content/barrier-film","PUBLIC_SOURCE_REQUIRES_SUPPLIER_CONFIRMATION","","","","KZT","","","","","","CONFIRM_AND_FILL_COMMERCIAL_DATA"
"public-536f79525e5308e9fa5df616","public-536f79525e5308e9fa5df616-variant-default","Барриер филм диспенсер","","","","https://a4d.kz/content/barrier-film-dispenser","PUBLIC_SOURCE_REQUIRES_SUPPLIER_CONFIRMATION","","","","KZT","","","","","","CONFIRM_AND_FILL_COMMERCIAL_DATA"
"public-82ccb6839af2460a913b6050","public-82ccb6839af2460a913b6050-variant-default","Бокс 1 для боров файлов металлический 70 ячеек","","","","https://a4d.kz/content/boks-1-dlya-borov-faylov-metallicheskiy-70-yacheek","PUBLIC_SOURCE_REQUIRES_SUPPLIER_CONFIRMATION","","","","KZT","","","","","","CONFIRM_AND_FILL_COMMERCIAL_DATA"
"public-0dcac2863f1699b6437823ea","public-0dcac2863f1699b6437823ea-variant-default","Бокс 142 для боров,щеток дисков,полир,матриц","","","","https://a4d.kz/content/boks-142-dlya-borovshchetok-diskovpolirmatric","PUBLIC_SOURCE_REQUIRES_SUPPLIER_CONFIRMATION","","","","KZT","","","","","","CONFIRM_AND_FILL_COMMERCIAL_DATA"
"public-30a3f49844d14b29920fb4c6","public-30a3f49844d14b29920fb4c6-variant-default","Бокс 168 для боров, щеток, полир","","","","https://a4d.kz/content/boks-168-dlya-borov-shchetok-polir","PUBLIC_SOURCE_REQUIRES_SUPPLIER_CONFIRMATION","","","","KZT","","","","","","CONFIRM_AND_FILL_COMMERCIAL_DATA"
"public-80681adc6323eccb05ad8a2d","public-80681adc6323eccb05ad8a2d-variant-default","Бокс 18 и бокс 30 для боров","","","","https://a4d.kz/content/boks-18-i-boks-30-dlya-borov","PUBLIC_SOURCE_REQUIRES_SUPPLIER_CONFIRMATION","","","","KZT","","","","","","CONFIRM_AND_FILL_COMMERCIAL_DATA"
"public-c3f642d3c5166d8008f85365","public-c3f642d3c5166d8008f85365-variant-default","Бокс 2 для боров файлов металлический 70 ячеек","","","","https://a4d.kz/content/boks-2-dlya-borov-faylov-metallicheskiy-70-yacheek","PUBLIC_SOURCE_REQUIRES_SUPPLIER_CONFIRMATION","","","","KZT","","","","","","CONFIRM_AND_FILL_COMMERCIAL_DATA"
"public-54f0a5bbb4acbf660fb16033","public-54f0a5bbb4acbf660fb16033-variant-default","Бокс 24 для боров","","","","https://a4d.kz/content/boks-24-dlya-borov","PUBLIC_SOURCE_REQUIRES_SUPPLIER_CONFIRMATION","","","","KZT","","","","","","CONFIRM_AND_FILL_COMMERCIAL_DATA"
"public-4f001bf2731a98d0e822851b","public-4f001bf2731a98d0e822851b-variant-default","Бокс 3 для файлов гутаперчи металлический 70 ячеек","","","","https://a4d.kz/content/boks-3-dlya-faylov-gutaperchi-metallicheskiy-70-yacheek","PUBLIC_SOURCE_REQUIRES_SUPPLIER_CONFIRMATION","","","","KZT","","","","","","CONFIRM_AND_FILL_COMMERCIAL_DATA"
"public-800e7e42adaa6e34660ba19b","public-800e7e42adaa6e34660ba19b-variant-default","Бокс 4 для боров 12 ячеек","","","","https://a4d.kz/content/boks-4-dlya-borov-12-yacheek","PUBLIC_SOURCE_REQUIRES_SUPPLIER_CONFIRMATION","","","","KZT","","","","","","CONFIRM_AND_FILL_COMMERCIAL_DATA"
"public-b27f88d7d60fe0459973466f","public-b27f88d7d60fe0459973466f-variant-default","Бокс 4 секции","","","","https://a4d.kz/content/boks-4-sekcii","PUBLIC_SOURCE_REQUIRES_SUPPLIER_CONFIRMATION","","","","KZT","","","","","","CONFIRM_AND_FILL_COMMERCIAL_DATA"
"public-be24116e227149d2aff27f96","public-be24116e227149d2aff27f96-variant-default","Бокс 48","","","","https://a4d.kz/content/boks-48","PUBLIC_SOURCE_REQUIRES_SUPPLIER_CONFIRMATION","","","","KZT","","","","","","CONFIRM_AND_FILL_COMMERCIAL_DATA"
"public-8c96d6f4b5b9b7e482654cb7","public-8c96d6f4b5b9b7e482654cb7-variant-default","Бокс 48 для боров","","","","https://a4d.kz/content/boks-48-dlya-borov","PUBLIC_SOURCE_REQUIRES_SUPPLIER_CONFIRMATION","","","","KZT","","","","","","CONFIRM_AND_FILL_COMMERCIAL_DATA"
"public-93c92d2b08776cb52d9ae16b","public-93c92d2b08776cb52d9ae16b-variant-default","Бокс 60 для боров","","","","https://a4d.kz/content/boks-60-dlya-borov","PUBLIC_SOURCE_REQUIRES_SUPPLIER_CONFIRMATION","","","","KZT","","","","","","CONFIRM_AND_FILL_COMMERCIAL_DATA"
"public-f2b05f628c715b77df8ba6f0","public-f2b05f628c715b77df8ba6f0-variant-default","Бокс 64 для боров","","","","https://a4d.kz/content/boks-64-dlya-borov","PUBLIC_SOURCE_REQUIRES_SUPPLIER_CONFIRMATION","","","","KZT","","","","","","CONFIRM_AND_FILL_COMMERCIAL_DATA"
"public-92795969063e0fa879791926","public-92795969063e0fa879791926-variant-default","Бокс вращающийся","","","","https://a4d.kz/content/boks-vrashchayushchiysya","PUBLIC_SOURCE_REQUIRES_SUPPLIER_CONFIRMATION","","","","KZT","","","","","","CONFIRM_AND_FILL_COMMERCIAL_DATA"
"public-dfd62dec6a2c867140d67f94","public-dfd62dec6a2c867140d67f94-variant-default","Бокс для капп","","","","https://a4d.kz/content/boks-dlya-kapp","PUBLIC_SOURCE_REQUIRES_SUPPLIER_CONFIRMATION","","","","KZT","","","","","","CONFIRM_AND_FILL_COMMERCIAL_DATA"
"public-ba91170c27b5f06c0130be1b","public-ba91170c27b5f06c0130be1b-variant-default","Бокс для молочных зубов 1","","","","https://a4d.kz/content/boks-dlya-molochnyh-zubov-1","PUBLIC_SOURCE_REQUIRES_SUPPLIER_CONFIRMATION","","","","KZT","","","","","","CONFIRM_AND_FILL_COMMERCIAL_DATA"
"public-840faba3f3850c36a9372898","public-840faba3f3850c36a9372898-variant-default","Бокс для профайлов со счетчиком","","","","https://a4d.kz/content/boks-dlya-profaylov-so-schetchikom","PUBLIC_SOURCE_REQUIRES_SUPPLIER_CONFIRMATION","","","","KZT","","","","","","CONFIRM_AND_FILL_COMMERCIAL_DATA"
"public-2cf78cbd27c28b623d7d023f","public-2cf78cbd27c28b623d7d023f-variant-default","Бокс для штифтов","","","","https://a4d.kz/content/boks-dlya-shtiftov","PUBLIC_SOURCE_REQUIRES_SUPPLIER_CONFIRMATION","","","","KZT","","","","","","CONFIRM_AND_FILL_COMMERCIAL_DATA"
"public-7c88c4dd489db5c2f3b0d657","public-7c88c4dd489db5c2f3b0d657-variant-default","Боксы для моделей","","","","https://a4d.kz/content/boksy-dlya-modeley","PUBLIC_SOURCE_REQUIRES_SUPPLIER_CONFIRMATION","","","","KZT","","","","","","CONFIRM_AND_FILL_COMMERCIAL_DATA"
"public-4a290e078b970ec195994814","public-4a290e078b970ec195994814-variant-default","Боне калипер ранге","","","","https://a4d.kz/content/bone-caliper-range","PUBLIC_SOURCE_REQUIRES_SUPPLIER_CONFIRMATION","","","","KZT","","","","","","CONFIRM_AND_FILL_COMMERCIAL_DATA"
"public-678afc863fd506ac7b7a415d","public-678afc863fd506ac7b7a415d-variant-default","Боры хирургические твердосплавные Длина 25 /28","","","","https://a4d.kz/content/bory-hirurgicheskie-tverdosplavnye-dlina-25-28","PUBLIC_SOURCE_REQUIRES_SUPPLIER_CONFIRMATION","","","","KZT","","","","","","CONFIRM_AND_FILL_COMMERCIAL_DATA"
"public-01e892789ef774c14fee344f","public-01e892789ef774c14fee344f-variant-default","Брекеты 1st Molar /2nd Molar","","","","https://a4d.kz/content/brekety-1st-molar-2nd-molar","PUBLIC_SOURCE_REQUIRES_SUPPLIER_CONFIRMATION","","","","KZT","","","","","","CONFIRM_AND_FILL_COMMERCIAL_DATA"
"public-fa1e66169a191feea271f6a5","public-fa1e66169a191feea271f6a5-variant-default","Брекеты керамические паз 0,22 Rooth, MBT","","","","https://a4d.kz/content/brekety-keramicheskie-paz-022-rooth-mbt","PUBLIC_SOURCE_REQUIRES_SUPPLIER_CONFIRMATION","","","","KZT","","","","","","CONFIRM_AND_FILL_COMMERCIAL_DATA"
"public-6499e5b673ef54a95ca66353","public-6499e5b673ef54a95ca66353-variant-default","Брекеты керамические самолегирующие паз 0,22","","","","https://a4d.kz/content/brekety-keramicheskie-samolegiruyushchie-paz-022","PUBLIC_SOURCE_REQUIRES_SUPPLIER_CONFIRMATION","","","","KZT","","","","","","CONFIRM_AND_FILL_COMMERCIAL_DATA"
"public-b26ded13794424b2ed4bfa1d","public-b26ded13794424b2ed4bfa1d-variant-default","Брекеты лингвальные","","","","https://a4d.kz/content/brekety-lingvalnye","PUBLIC_SOURCE_REQUIRES_SUPPLIER_CONFIRMATION","","","","KZT","","","","","","CONFIRM_AND_FILL_COMMERCIAL_DATA"
"public-e209f08de36c933db818cdde","public-e209f08de36c933db818cdde-variant-default","Брекеты металлические 1G","","","","https://a4d.kz/content/brekety-metallicheskie-1g","PUBLIC_SOURCE_REQUIRES_SUPPLIER_CONFIRMATION","","","","KZT","","","","","","CONFIRM_AND_FILL_COMMERCIAL_DATA"
"public-74b2c37a6b23ea25657e84c5","public-74b2c37a6b23ea25657e84c5-variant-default","Брекеты металлические в форме Gemini","","","","https://a4d.kz/content/brekety-metallicheskie-v-forme-gemini","PUBLIC_SOURCE_REQUIRES_SUPPLIER_CONFIRMATION","","","","KZT","","","","","","CONFIRM_AND_FILL_COMMERCIAL_DATA"
"public-af4741c45518875e27c6c5d1","public-af4741c45518875e27c6c5d1-variant-default","Брекеты металлические верх или низ","","","","https://a4d.kz/content/brekety-metallicheskie-verh-ili-niz","PUBLIC_SOURCE_REQUIRES_SUPPLIER_CONFIRMATION","","","","KZT","","","","","","CONFIRM_AND_FILL_COMMERCIAL_DATA"
"public-72b3def077d192843c3c6b90","public-72b3def077d192843c3c6b90-variant-default","Брекеты металлические паз 0,22","","","","https://a4d.kz/content/brekety-metallicheskie-paz-022","PUBLIC_SOURCE_REQUIRES_SUPPLIER_CONFIRMATION","","","","KZT","","","","","","CONFIRM_AND_FILL_COMMERCIAL_DATA"
"public-d27a29d7aa91e5125a15de11","public-d27a29d7aa91e5125a15de11-variant-default","Брекеты металлические паз 0,22 mini Rooth","","","","https://a4d.kz/content/brekety-metallicheskie-paz-022-mini-rooth","PUBLIC_SOURCE_REQUIRES_SUPPLIER_CONFIRMATION","","","","KZT","","","","","","CONFIRM_AND_FILL_COMMERCIAL_DATA"
"public-f34cad414755a35a4848d204","public-f34cad414755a35a4848d204-variant-default","Брекеты металлические Ricketts","","","","https://a4d.kz/content/brekety-metallicheskie-ricketts","PUBLIC_SOURCE_REQUIRES_SUPPLIER_CONFIRMATION","","","","KZT","","","","","","CONFIRM_AND_FILL_COMMERCIAL_DATA"
"public-7bcd875871c760888797eb81","public-7bcd875871c760888797eb81-variant-default","Брекеты самолигирующие","","","","https://a4d.kz/content/brekety-samoligiruyushchie-1","PUBLIC_SOURCE_REQUIRES_SUPPLIER_CONFIRMATION","","","","KZT","","","","","","CONFIRM_AND_FILL_COMMERCIAL_DATA"
"public-ac6b520d29babdb35b54efd9","public-ac6b520d29babdb35b54efd9-variant-default","Брекеты самолигирующие Active 1G","","","","https://a4d.kz/content/brekety-samoligiruyushchie-active-1g","PUBLIC_SOURCE_REQUIRES_SUPPLIER_CONFIRMATION","","","","KZT","","","","","","CONFIRM_AND_FILL_COMMERCIAL_DATA"
"public-f1b66e85942de7570a214110","public-f1b66e85942de7570a214110-variant-default","Брекеты самолигирующие Passive 3G","","","","https://a4d.kz/content/brekety-samoligiruyushchie-passive-3g","PUBLIC_SOURCE_REQUIRES_SUPPLIER_CONFIRMATION","","","","KZT","","","","","","CONFIRM_AND_FILL_COMMERCIAL_DATA"
"public-5928a7fd3da9dfbee501dc06","public-5928a7fd3da9dfbee501dc06-variant-default","Брекеты самолигирующие Passive 5G","","","","https://a4d.kz/content/brekety-samoligiruyushchie-passive-5g","PUBLIC_SOURCE_REQUIRES_SUPPLIER_CONFIRMATION","","","","KZT","","","","","","CONFIRM_AND_FILL_COMMERCIAL_DATA"
"public-a3c3118bc584d0d07fb3711c","public-a3c3118bc584d0d07fb3711c-variant-default","Брекеты самолигирующие Passive 7G (Damon Q)","","","","https://a4d.kz/content/brekety-samoligiruyushchie-passive-7g-damon-q","PUBLIC_SOURCE_REQUIRES_SUPPLIER_CONFIRMATION","","","","KZT","","","","","","CONFIRM_AND_FILL_COMMERCIAL_DATA"
"public-5aa229f092d8b93a8c79c73a","public-5aa229f092d8b93a8c79c73a-variant-default","Брекеты сапфировые паз 0,22 Rooth, MBT","","","","https://a4d.kz/content/brekety-sapfirovye-paz-022-rooth-mbt-0","PUBLIC_SOURCE_REQUIRES_SUPPLIER_CONFIRMATION","","","","KZT","","","","","","CONFIRM_AND_FILL_COMMERCIAL_DATA"
"public-7d88d6496dffd72704a7867d","public-7d88d6496dffd72704a7867d-variant-default","Бумага для запечатывания 5,5 x 200м","","","","https://a4d.kz/content/bumaga-dlya-zapechatyvaniya-55-x-200m","PUBLIC_SOURCE_REQUIRES_SUPPLIER_CONFIRMATION","","","","KZT","","","","","","CONFIRM_AND_FILL_COMMERCIAL_DATA"
"public-de0c0a5076f17b40a172144b","public-de0c0a5076f17b40a172144b-variant-default","Бурав (напильник) корневой ручной Тип К и H","","","","https://a4d.kz/content/burav-napilnik-kornevoy-ruchnoy-tip-k-i-h","PUBLIC_SOURCE_REQUIRES_SUPPLIER_CONFIRMATION","","","","KZT","","","","","","CONFIRM_AND_FILL_COMMERCIAL_DATA"
"public-e283be3dbc76d35b23d71096","public-e283be3dbc76d35b23d71096-variant-default","Бутыль стеклянная с пипеткой","","","","https://a4d.kz/content/butyl-steklyannaya-s-pipetkoy","PUBLIC_SOURCE_REQUIRES_SUPPLIER_CONFIRMATION","","","","KZT","","","","","","CONFIRM_AND_FILL_COMMERCIAL_DATA"
"public-e14e1b2896a5dd3406574d36","public-e14e1b2896a5dd3406574d36-variant-default","В блуе (рекипрок)","","","","https://a4d.kz/content/v-blue-reciproc","PUBLIC_SOURCE_REQUIRES_SUPPLIER_CONFIRMATION","","","","KZT","","","","","","CONFIRM_AND_FILL_COMMERCIAL_DATA"
"public-60b7900f1099af14d9c92cb4","public-60b7900f1099af14d9c92cb4-variant-default","Вакуумный пылеуловитель AX-MX800","","","","https://a4d.kz/content/vakuumnyy-pyleulovitel-ax-mx800","PUBLIC_SOURCE_REQUIRES_SUPPLIER_CONFIRMATION","","","","KZT","","","","","","CONFIRM_AND_FILL_COMMERCIAL_DATA"
"public-57c181b659cf3b600a95ea8e","public-57c181b659cf3b600a95ea8e-variant-default","Валики ватные","","","","https://a4d.kz/content/valiki-vatnye","PUBLIC_SOURCE_REQUIRES_SUPPLIER_CONFIRMATION","","","","KZT","","","","","","CONFIRM_AND_FILL_COMMERCIAL_DATA"
"public-0dc76a9becc68ac42d29bd64","public-0dc76a9becc68ac42d29bd64-variant-default","Вибростолик","","","","https://a4d.kz/content/vibrostolik","PUBLIC_SOURCE_REQUIRES_SUPPLIER_CONFIRMATION","","","","KZT","","","","","","CONFIRM_AND_FILL_COMMERCIAL_DATA"
"public-179701d16b8595df5991abb2","public-179701d16b8595df5991abb2-variant-default","Вибростолик AX-Z2 мощность: 100 Вт Max. Нагрузка: 2 кг Размеры:10x18x22 см Вес: 5,5Kg","","","","https://a4d.kz/content/vibrostolik-ax-z2-moshchnost-100-vt-max-nagruzka-2-kg-razmery10x18x22-sm-ves-55kg","PUBLIC_SOURCE_REQUIRES_SUPPLIER_CONFIRMATION","","","","KZT","","","","","","CONFIRM_AND_FILL_COMMERCIAL_DATA"
"public-467791321032afa944e4e3c0","public-467791321032afa944e4e3c0-variant-default","Викрил -3/0, 4/0, 5/0 стерильный рассасывающийся шовный материал с иглой","","","","https://a4d.kz/content/vikril-30-40-50-sterilnyy-rassasyvayushchiysya-shovnyy-material-s-igloy","PUBLIC_SOURCE_REQUIRES_SUPPLIER_CONFIRMATION","","","","KZT","","","","","","CONFIRM_AND_FILL_COMMERCIAL_DATA"
"public-b4bd65da5df93b8b862ef9d5","public-b4bd65da5df93b8b862ef9d5-variant-default","Винты ортодонтические 8mm, 9mm, 11mm, 13mm,14 mm","","","","https://a4d.kz/content/vinty-ortodonticheskie-8mm-9mm-11mm-13mm14-mm-0","PUBLIC_SOURCE_REQUIRES_SUPPLIER_CONFIRMATION","","","","KZT","","","","","","CONFIRM_AND_FILL_COMMERCIAL_DATA"
"public-1c5e52ba3ca2ef5283bf78a3","public-1c5e52ba3ca2ef5283bf78a3-variant-default","Винты ортодонтические стандарт","","","","https://a4d.kz/content/vinty-ortodonticheskie-standart","PUBLIC_SOURCE_REQUIRES_SUPPLIER_CONFIRMATION","","","","KZT","","","","","","CONFIRM_AND_FILL_COMMERCIAL_DATA"
"public-b3a96432dbc5d0eda4484999","public-b3a96432dbc5d0eda4484999-variant-default","Внутренний триммер AX-MTB выпиливания арок внутри моделей из гипса оснащен мощным двигателем.Количество оборотов-2,800rpm","","","","https://a4d.kz/content/vnutrenniy-trimmer-ax-mtb-vypilivaniya-arok-vnutri-modeley-iz-gipsa-osnashchen-moshchnym","PUBLIC_SOURCE_REQUIRES_SUPPLIER_CONFIRMATION","","","","KZT","","","","","","CONFIRM_AND_FILL_COMMERCIAL_DATA"
"public-330c05613ad3fc27ec360bbc","public-330c05613ad3fc27ec360bbc-variant-default","Водяная бутылка","","","","https://a4d.kz/content/vodyanaya-butylka","PUBLIC_SOURCE_REQUIRES_SUPPLIER_CONFIRMATION","","","","KZT","","","","","","CONFIRM_AND_FILL_COMMERCIAL_DATA"
"public-38663cca9030c6964c1c7ffa","public-38663cca9030c6964c1c7ffa-variant-default","Воздушный микромотор","","","","https://a4d.kz/content/vozdushnyy-mikromotor","PUBLIC_SOURCE_REQUIRES_SUPPLIER_CONFIRMATION","","","","KZT","","","","","","CONFIRM_AND_FILL_COMMERCIAL_DATA"
"public-3c16074d3ea7ba02dd1a434d","public-3c16074d3ea7ba02dd1a434d-variant-default","Волдент 1","","","","https://a4d.kz/content/voldent-1","PUBLIC_SOURCE_REQUIRES_SUPPLIER_CONFIRMATION","","","","KZT","","","","","","CONFIRM_AND_FILL_COMMERCIAL_DATA"
"public-e79bc3a89772b92adf99b701","public-e79bc3a89772b92adf99b701-variant-default","Воск базисный моделировочный для мостовидных протезов","","","","https://a4d.kz/content/vosk-bazisnyy-modelirovochnyy-dlya-mostovidnyh-protezov","PUBLIC_SOURCE_REQUIRES_SUPPLIER_CONFIRMATION","","","","KZT","","","","","","CONFIRM_AND_FILL_COMMERCIAL_DATA"
"public-4bd89cad9e56a1131c5102f7","public-4bd89cad9e56a1131c5102f7-variant-default","Воск моделировочный WAX LINE восковая проволка для моделирования литниковой системы","","","","https://a4d.kz/content/vosk-modelirovochnyy-wax-line-voskovaya-provolka-dlya-modelirovaniya-litnikovoy-sistemy","PUBLIC_SOURCE_REQUIRES_SUPPLIER_CONFIRMATION","","","","KZT","","","","","","CONFIRM_AND_FILL_COMMERCIAL_DATA"
"public-4bdf65701ae49199a3da9de0","public-4bdf65701ae49199a3da9de0-variant-default","Воск ортодонтический","","","","https://a4d.kz/content/vosk-ortodonticheskiy","PUBLIC_SOURCE_REQUIRES_SUPPLIER_CONFIRMATION","","","","KZT","","","","","","CONFIRM_AND_FILL_COMMERCIAL_DATA"
"public-a52e9aa14c8522eb15d6e1fd","public-a52e9aa14c8522eb15d6e1fd-variant-default","Воск погружной Pattern former wax dipping желтый","","","","https://a4d.kz/content/vosk-pogruzhnoy-pattern-former-wax-dipping-zheltyy","PUBLIC_SOURCE_REQUIRES_SUPPLIER_CONFIRMATION","","","","KZT","","","","","","CONFIRM_AND_FILL_COMMERCIAL_DATA"
"public-4bc41fb13976848825622602","public-4bc41fb13976848825622602-variant-default","Восковая проволка","","","","https://a4d.kz/content/voskovaya-provolka","PUBLIC_SOURCE_REQUIRES_SUPPLIER_CONFIRMATION","","","","KZT","","","","","","CONFIRM_AND_FILL_COMMERCIAL_DATA"
"public-868166701accd9441f08b019","public-868166701accd9441f08b019-variant-default","Воскотопка","","","","https://a4d.kz/content/voskotopka","PUBLIC_SOURCE_REQUIRES_SUPPLIER_CONFIRMATION","","","","KZT","","","","","","CONFIRM_AND_FILL_COMMERCIAL_DATA"
"public-e0731e8eee9332d0fd5345e2","public-e0731e8eee9332d0fd5345e2-variant-default","Гейтс дрили","","","","https://a4d.kz/content/geyts-drili","PUBLIC_SOURCE_REQUIRES_SUPPLIER_CONFIRMATION","","","","KZT","","","","","","CONFIRM_AND_FILL_COMMERCIAL_DATA"
"public-54de4d5fd9d01b6b039d9555","public-54de4d5fd9d01b6b039d9555-variant-default","Гель травильный 37%","","","","https://a4d.kz/content/gel-travilnyy-37","PUBLIC_SOURCE_REQUIRES_SUPPLIER_CONFIRMATION","","","","KZT","","","","","","CONFIRM_AND_FILL_COMMERCIAL_DATA"
"public-e0cbbdd396edca6ff06601cc","public-e0cbbdd396edca6ff06601cc-variant-default","Гладилка серповидная","","","","https://a4d.kz/content/gladilka-serpovidnaya","PUBLIC_SOURCE_REQUIRES_SUPPLIER_CONFIRMATION","","","","KZT","","","","","","CONFIRM_AND_FILL_COMMERCIAL_DATA"
"public-d76e7e948ba711e196f8ebd8","public-d76e7e948ba711e196f8ebd8-variant-default","Горелка","","","","https://a4d.kz/content/gorelka-0","PUBLIC_SOURCE_REQUIRES_SUPPLIER_CONFIRMATION","","","","KZT","","","","","","CONFIRM_AND_FILL_COMMERCIAL_DATA"
"public-54f940539a64f468dcab6324","public-54f940539a64f468dcab6324-variant-default","Губной кольцевой ретрактор взрослый, детский","","","","https://a4d.kz/content/gubnoy-kolcevoy-retraktor-vzroslyy-detskiy","PUBLIC_SOURCE_REQUIRES_SUPPLIER_CONFIRMATION","","","","KZT","","","","","","CONFIRM_AND_FILL_COMMERCIAL_DATA"
"public-cd9a8bfa3876bfacb56de389","public-cd9a8bfa3876bfacb56de389-variant-default","Губной ретрактор","","","","https://a4d.kz/content/gubnoy-retraktor","PUBLIC_SOURCE_REQUIRES_SUPPLIER_CONFIRMATION","","","","KZT","","","","","","CONFIRM_AND_FILL_COMMERCIAL_DATA"
"public-fbed3a198427dc112f8550d2","public-fbed3a198427dc112f8550d2-variant-default","Гутаперчевые штифты F F1,F2,F3,F4,F5 ассорти F1-F5","","","","https://a4d.kz/content/gutaperchevye-shtifty-f-f1f2f3f4f5-assorti-f1-f5","PUBLIC_SOURCE_REQUIRES_SUPPLIER_CONFIRMATION","","","","KZT","","","","","","CONFIRM_AND_FILL_COMMERCIAL_DATA"
"public-4d081b8be3a67541c6b12614","public-4d081b8be3a67541c6b12614-variant-default","Гутта перча бар","","","","https://a4d.kz/content/gutta-percha-bar","PUBLIC_SOURCE_REQUIRES_SUPPLIER_CONFIRMATION","","","","KZT","","","","","","CONFIRM_AND_FILL_COMMERCIAL_DATA"
"public-788a6cf5facf1898178edebd","public-788a6cf5facf1898178edebd-variant-default","Гутта перча обтуратион пен","","","","https://a4d.kz/content/gutta-percha-obturation-pen","PUBLIC_SOURCE_REQUIRES_SUPPLIER_CONFIRMATION","","","","KZT","","","","","","CONFIRM_AND_FILL_COMMERCIAL_DATA"
"public-56f4708bfc0436bf5985413b","public-56f4708bfc0436bf5985413b-variant-default","Гуттаперчевые штифты RECIPROC","","","","https://a4d.kz/content/guttaperchevye-shtifty-reciproc","PUBLIC_SOURCE_REQUIRES_SUPPLIER_CONFIRMATION","","","","KZT","","","","","","CONFIRM_AND_FILL_COMMERCIAL_DATA"
"public-40d42b56ca72cbebb51f7526","public-40d42b56ca72cbebb51f7526-variant-default","Д (U,L)уги Reverse 0,12;0,14;0,16;0,18;0,20","","","","https://a4d.kz/content/d-ulugi-reverse-012014016018020","PUBLIC_SOURCE_REQUIRES_SUPPLIER_CONFIRMATION","","","","KZT","","","","","","CONFIRM_AND_FILL_COMMERCIAL_DATA"
"public-d697d364d76f471a3c23a36b","public-d697d364d76f471a3c23a36b-variant-default","Держатель бутылки","","","","https://a4d.kz/content/derzhatel-butylki","PUBLIC_SOURCE_REQUIRES_SUPPLIER_CONFIRMATION","","","","KZT","","","","","","CONFIRM_AND_FILL_COMMERCIAL_DATA"
"public-57811e9c86a39df00b375074","public-57811e9c86a39df00b375074-variant-default","Держатель для валиков","","","","https://a4d.kz/content/derzhatel-dlya-valikov-0","PUBLIC_SOURCE_REQUIRES_SUPPLIER_CONFIRMATION","","","","KZT","","","","","","CONFIRM_AND_FILL_COMMERCIAL_DATA"
"public-3dd4d266e7e2eb3e91fa278a","public-3dd4d266e7e2eb3e91fa278a-variant-default","Держатель для зеркал со светом","","","","https://a4d.kz/content/derzhatel-dlya-zerkal-so-svetom","PUBLIC_SOURCE_REQUIRES_SUPPLIER_CONFIRMATION","","","","KZT","","","","","","CONFIRM_AND_FILL_COMMERCIAL_DATA"
"public-eb71d943cb4d5e643f67c233","public-eb71d943cb4d5e643f67c233-variant-default","Держатель для оттисных ложек пластиковый каркас и полочки.","","","","https://a4d.kz/content/derzhatel-dlya-ottisnyh-lozhek-plastikovyy-karkas-i-polochki","PUBLIC_SOURCE_REQUIRES_SUPPLIER_CONFIRMATION","","","","KZT","","","","","","CONFIRM_AND_FILL_COMMERCIAL_DATA"
"public-8cb5c238e47e1a07c618caf6","public-8cb5c238e47e1a07c618caf6-variant-default","Держатель пленок","","","","https://a4d.kz/content/derzhatel-plenok","PUBLIC_SOURCE_REQUIRES_SUPPLIER_CONFIRMATION","","","","KZT","","","","","","CONFIRM_AND_FILL_COMMERCIAL_DATA"
"public-f26243e2826e8e3d0b49311e","public-f26243e2826e8e3d0b49311e-variant-default","ДЗ клинер дезинфицирующие салфетки","","","","https://a4d.kz/content/dz-kliner-dezinficiruyushchie-salfetki","PUBLIC_SOURCE_REQUIRES_SUPPLIER_CONFIRMATION","","","","KZT","","","","","","CONFIRM_AND_FILL_COMMERCIAL_DATA"
"public-4d301be52873edca22a7a112","public-4d301be52873edca22a7a112-variant-default","Дисилан плюс спрей 30мл. для аппликационной анестезии","","","","https://a4d.kz/content/disilan-plyus-sprey-30ml-dlya-applikacionnoy-anestezii","PUBLIC_SOURCE_REQUIRES_SUPPLIER_CONFIRMATION","","","","KZT","","","","","","CONFIRM_AND_FILL_COMMERCIAL_DATA"
"public-8e7859e376152dfba86c2152","public-8e7859e376152dfba86c2152-variant-default","Диски металические","","","","https://a4d.kz/content/diski-metalicheskie","PUBLIC_SOURCE_REQUIRES_SUPPLIER_CONFIRMATION","","","","KZT","","","","","","CONFIRM_AND_FILL_COMMERCIAL_DATA"
"public-e1ede61aa963da5cb49082e0","public-e1ede61aa963da5cb49082e0-variant-default","Диски полировочные на прямой наконечник","","","","https://a4d.kz/content/diski-polirovochnye-na-pryamoy-nakonechnik","PUBLIC_SOURCE_REQUIRES_SUPPLIER_CONFIRMATION","","","","KZT","","","","","","CONFIRM_AND_FILL_COMMERCIAL_DATA"
"public-088daab027125d168687ae07","public-088daab027125d168687ae07-variant-default","Дискодержатель на прямой наконечник под диски металические и полировочные","","","","https://a4d.kz/content/diskoderzhatel-na-pryamoy-nakonechnik-pod-diski-metalicheskie-i-polirovochnye","PUBLIC_SOURCE_REQUIRES_SUPPLIER_CONFIRMATION","","","","KZT","","","","","","CONFIRM_AND_FILL_COMMERCIAL_DATA"
"public-96368c90568f2307e8400406","public-96368c90568f2307e8400406-variant-default","Диспенсер для валиков","","","","https://a4d.kz/content/dispenser-dlya-valikov-2","PUBLIC_SOURCE_REQUIRES_SUPPLIER_CONFIRMATION","","","","KZT","","","","","","CONFIRM_AND_FILL_COMMERCIAL_DATA"
"public-45db0fcccbe2ca7f10063420","public-45db0fcccbe2ca7f10063420-variant-default","Диспенсер для материалов №1","","","","https://a4d.kz/content/dispenser-dlya-materialov-no1","PUBLIC_SOURCE_REQUIRES_SUPPLIER_CONFIRMATION","","","","KZT","","","","","","CONFIRM_AND_FILL_COMMERCIAL_DATA"
"public-839fa30b7544f3395a632dde","public-839fa30b7544f3395a632dde-variant-default","Диспенсер для материалов №2","","","","https://a4d.kz/content/dispenser-dlya-materialov-no2","PUBLIC_SOURCE_REQUIRES_SUPPLIER_CONFIRMATION","","","","KZT","","","","","","CONFIRM_AND_FILL_COMMERCIAL_DATA"
"public-106075bde1b207c1c9ba4241","public-106075bde1b207c1c9ba4241-variant-default","Диспенсер для материалов №3","","","","https://a4d.kz/content/dispenser-dlya-materialov-no3","PUBLIC_SOURCE_REQUIRES_SUPPLIER_CONFIRMATION","","","","KZT","","","","","","CONFIRM_AND_FILL_COMMERCIAL_DATA"
"public-96efd71532aa151f780fa3af","public-96efd71532aa151f780fa3af-variant-default","Диспенсер для материалов №4","","","","https://a4d.kz/content/dispenser-dlya-materialov-no4","PUBLIC_SOURCE_REQUIRES_SUPPLIER_CONFIRMATION","","","","KZT","","","","","","CONFIRM_AND_FILL_COMMERCIAL_DATA"
"public-a74be8b01178baca42a6e92d","public-a74be8b01178baca42a6e92d-variant-default","Диспенсер для материалов №5","","","","https://a4d.kz/content/dispenser-dlya-materialov-no5","PUBLIC_SOURCE_REQUIRES_SUPPLIER_CONFIRMATION","","","","KZT","","","","","","CONFIRM_AND_FILL_COMMERCIAL_DATA"
"public-88db6da054306d00e59fa38f","public-88db6da054306d00e59fa38f-variant-default","Дистальные кусачки Пакистан","","","","https://a4d.kz/content/distalnye-kusachki-pakistan","PUBLIC_SOURCE_REQUIRES_SUPPLIER_CONFIRMATION","","","","KZT","","","","","","CONFIRM_AND_FILL_COMMERCIAL_DATA"
"public-95a263c67b1d0fbbae9c0676","public-95a263c67b1d0fbbae9c0676-variant-default","Дистиллятор 3л","","","","https://a4d.kz/content/distillyator-3l","PUBLIC_SOURCE_REQUIRES_SUPPLIER_CONFIRMATION","","","","KZT","","","","","","CONFIRM_AND_FILL_COMMERCIAL_DATA"
"public-d6b66c3e09065707093efb57","public-d6b66c3e09065707093efb57-variant-default","Дуги лингвальные (U,L) 0,12;0,14;0,16;0,18;0,20","","","","https://a4d.kz/content/dugi-lingvalnye-ul-012014016018020","PUBLIC_SOURCE_REQUIRES_SUPPLIER_CONFIRMATION","","","","KZT","","","","","","CONFIRM_AND_FILL_COMMERCIAL_DATA"
"public-fa935a9823ce9b7813bb2b7d","public-fa935a9823ce9b7813bb2b7d-variant-default","Дуги лингвальные (U,L) 14x25,16x16, 16x22,16x25, 17x22, 17x25,18x18, 18x22, 18x25, 19x25, 21x25,20x20","","","","https://a4d.kz/content/dugi-lingvalnye-ul-14x2516x16-16x2216x25-17x22-17x2518x18-18x22-18x25-19x25-21x2520x20","PUBLIC_SOURCE_REQUIRES_SUPPLIER_CONFIRMATION","","","","KZT","","","","","","CONFIRM_AND_FILL_COMMERCIAL_DATA"
"public-2dd1f282125b0b9465f1b590","public-2dd1f282125b0b9465f1b590-variant-default","Дуги Cu-NiTi 0,13;0,14;0,16;0,18;0,20","","","","https://a4d.kz/content/dugi-cu-niti-013014016018020","PUBLIC_SOURCE_REQUIRES_SUPPLIER_CONFIRMATION","","","","KZT","","","","","","CONFIRM_AND_FILL_COMMERCIAL_DATA"
"public-8af24aaf4d6dda9f8caf150e","public-8af24aaf4d6dda9f8caf150e-variant-default","Дуги Cu-Niti 14x25 16x25 17x25 18x25 19x25","","","","https://a4d.kz/content/dugi-cu-niti-14x25-16x25-17x25-18x25-19x25","PUBLIC_SOURCE_REQUIRES_SUPPLIER_CONFIRMATION","","","","KZT","","","","","","CONFIRM_AND_FILL_COMMERCIAL_DATA"
"public-f5029ecdf4b3dc3275f4e900","public-f5029ecdf4b3dc3275f4e900-variant-default","Дуги NiTi (U,L) облицовочные 0,12;0,14;0,16;0,18;0,20","","","","https://a4d.kz/content/dugi-niti-ul-oblicovochnye-012014016018020","PUBLIC_SOURCE_REQUIRES_SUPPLIER_CONFIRMATION","","","","KZT","","","","","","CONFIRM_AND_FILL_COMMERCIAL_DATA"
"public-2983539978f3c61641d26f06","public-2983539978f3c61641d26f06-variant-default","Дуги Niti (U,L) облицовочные 14x25 16x16 16x25 17x22 17x25 18x18 18x22 18x25 19x25 21x25 20x20","","","","https://a4d.kz/content/dugi-niti-ul-oblichovochnye-14x25-16x16-16x25-17x22-17x25-18x18-18x22-18x25-19x25-21x25","PUBLIC_SOURCE_REQUIRES_SUPPLIER_CONFIRMATION","","","","KZT","","","","","","CONFIRM_AND_FILL_COMMERCIAL_DATA"
"public-eb5bca388a359f977a166451","public-eb5bca388a359f977a166451-variant-default","Дуги Reverse (U,L) 16х16, 16х22, 17х22, 17х25, 18х22, 18х25, 19х25, 21х25","","","","https://a4d.kz/content/dugi-reverse-ul-16h16-16h22-17h22-17h25-18h22-18h25-19h25-21h25","PUBLIC_SOURCE_REQUIRES_SUPPLIER_CONFIRMATION","","","","KZT","","","","","","CONFIRM_AND_FILL_COMMERCIAL_DATA"
"public-f0ee95735a4be4722df7b79e","public-f0ee95735a4be4722df7b79e-variant-default","Дуги SS (U,L) облицовочные 0,12;0,14;0,16;0,18;0,20","","","","https://a4d.kz/content/dugi-ss-ul-oblicovochnye-012014016018020","PUBLIC_SOURCE_REQUIRES_SUPPLIER_CONFIRMATION","","","","KZT","","","","","","CONFIRM_AND_FILL_COMMERCIAL_DATA"
"public-1f3b34ed30503781756a797d","public-1f3b34ed30503781756a797d-variant-default","Дуги SS(U,L) облицовочные 14x25, 16x16, 16x22,16x25, 17x22, 17x25,18x18, 18x22, 18x25, 19x25, 21x25,20x20","","","","https://a4d.kz/content/dugi-ssul-oblichovochnye-14x25-16x16-16x2216x25-17x22-17x2518x18-18x22-18x25-19x25","PUBLIC_SOURCE_REQUIRES_SUPPLIER_CONFIRMATION","","","","KZT","","","","","","CONFIRM_AND_FILL_COMMERCIAL_DATA"
"public-3731ca084a1fad09548d6a87","public-3731ca084a1fad09548d6a87-variant-default","Дуги Thermal Active (U,L) 0,12;0,14;0,16;0,18,020","","","","https://a4d.kz/content/dugi-thermal-active-ul-012014016018020","PUBLIC_SOURCE_REQUIRES_SUPPLIER_CONFIRMATION","","","","KZT","","","","","","CONFIRM_AND_FILL_COMMERCIAL_DATA"
"public-5a35cd3a83c86668735f71f5","public-5a35cd3a83c86668735f71f5-variant-default","Дуги Thermal Active (U,L) 14x25,16x16, 16x22,16x25, 17x22, 17x25,18x18, 18x22, 18x25, 19x25, 21x25,20x20","","","","https://a4d.kz/content/dugi-thermal-active-ul-14x2516x16-16x2216x25-17x22-17x2518x18-18x22-18x25-19x25-21x2520x20","PUBLIC_SOURCE_REQUIRES_SUPPLIER_CONFIRMATION","","","","KZT","","","","","","CONFIRM_AND_FILL_COMMERCIAL_DATA"
"public-04ed227d670baa538e38432f","public-04ed227d670baa538e38432f-variant-default","Дуги TMA (U,L) 0,12;0,14;0,16;0,18;0,20","","","","https://a4d.kz/content/dugi-tma-ul-012014016018020","PUBLIC_SOURCE_REQUIRES_SUPPLIER_CONFIRMATION","","","","KZT","","","","","","CONFIRM_AND_FILL_COMMERCIAL_DATA"
"public-c5be92fb735e23062f32ac8d","public-c5be92fb735e23062f32ac8d-variant-default","Дуги TMA (U,L) 14x25 16x16 16x25 17x22 17x25 18x18 18x22 18x25 19x25 21x25 20x20","","","","https://a4d.kz/content/dugi-tma-ul-14x25-16x16-16x25-17x22-17x25-18x18-18x22-18x25-19x25-21x25-20x20","PUBLIC_SOURCE_REQUIRES_SUPPLIER_CONFIRMATION","","","","KZT","","","","","","CONFIRM_AND_FILL_COMMERCIAL_DATA"
"public-a428a361692891139dafc362","public-a428a361692891139dafc362-variant-default","Емкость с краном для стоматологических растворов","","","","https://a4d.kz/content/emkost-s-kranom-dlya-stomatologicheskih-rastvorov","PUBLIC_SOURCE_REQUIRES_SUPPLIER_CONFIRMATION","","","","KZT","","","","","","CONFIRM_AND_FILL_COMMERCIAL_DATA"
"public-7d87049de3f007e8957f584f","public-7d87049de3f007e8957f584f-variant-default","Енгине филе пластик","","","","https://a4d.kz/content/engine-file-plastic","PUBLIC_SOURCE_REQUIRES_SUPPLIER_CONFIRMATION","","","","KZT","","","","","","CONFIRM_AND_FILL_COMMERCIAL_DATA"
"public-f27632ae93faa47dddfbb3d7","public-f27632ae93faa47dddfbb3d7-variant-default","Ендо дебридер (H тыпе) ендо опенерс (к тыпе)","","","","https://a4d.kz/content/endo-debrider-h-type-endo-openers-k-type","PUBLIC_SOURCE_REQUIRES_SUPPLIER_CONFIRMATION","","","","KZT","","","","","","CONFIRM_AND_FILL_COMMERCIAL_DATA"
"public-ef775982c41accf263ed315d","public-ef775982c41accf263ed315d-variant-default","Енклосуре дие бокс","","","","https://a4d.kz/content/enclosure-die-box","PUBLIC_SOURCE_REQUIRES_SUPPLIER_CONFIRMATION","","","","KZT","","","","","","CONFIRM_AND_FILL_COMMERCIAL_DATA"
"public-7c80fb9ed79cf04c1876fca8","public-7c80fb9ed79cf04c1876fca8-variant-default","Ершики 0,7/0,8/1,0/1,2 мм","","","","https://a4d.kz/content/ershiki-07081012-mm-0","PUBLIC_SOURCE_REQUIRES_SUPPLIER_CONFIRMATION","","","","KZT","","","","","","CONFIRM_AND_FILL_COMMERCIAL_DATA"
"public-030f8364366f2df5e1a8c8f4","public-030f8364366f2df5e1a8c8f4-variant-default","Зажим кровоостанавливающий Англия","","","","https://a4d.kz/content/zazhim-krovoostanavlivayushchiy-angliya","PUBLIC_SOURCE_REQUIRES_SUPPLIER_CONFIRMATION","","","","KZT","","","","","","CONFIRM_AND_FILL_COMMERCIAL_DATA"
"public-cfccfd927720552f8f781e1b","public-cfccfd927720552f8f781e1b-variant-default","Зажим кровоостанавливающий зубчатый","","","","https://a4d.kz/content/zazhim-krovoostanavlivayushchiy-zubchatyy","PUBLIC_SOURCE_REQUIRES_SUPPLIER_CONFIRMATION","","","","KZT","","","","","","CONFIRM_AND_FILL_COMMERCIAL_DATA"
"public-ca7f8a7ea281a2d9ffd8447d","public-ca7f8a7ea281a2d9ffd8447d-variant-default","Зажим кровоостанавливающий Пакистан","","","","https://a4d.kz/content/zazhim-krovoostanavlivayushchiy-pakistan","PUBLIC_SOURCE_REQUIRES_SUPPLIER_CONFIRMATION","","","","KZT","","","","","","CONFIRM_AND_FILL_COMMERCIAL_DATA"
"public-80e88bac8712d0a01cecfefb","public-80e88bac8712d0a01cecfefb-variant-default","Зажим Мэтью (Англия)","","","","https://a4d.kz/content/zazhim-metyu-angliya","PUBLIC_SOURCE_REQUIRES_SUPPLIER_CONFIRMATION","","","","KZT","","","","","","CONFIRM_AND_FILL_COMMERCIAL_DATA"
"public-04ef19349e9fa2b1139c55dd","public-04ef19349e9fa2b1139c55dd-variant-default","Зажим Пакистан","","","","https://a4d.kz/content/zazhim-pakistan","PUBLIC_SOURCE_REQUIRES_SUPPLIER_CONFIRMATION","","","","KZT","","","","","","CONFIRM_AND_FILL_COMMERCIAL_DATA"
"public-c2252bbc370df91d7025afa1","public-c2252bbc370df91d7025afa1-variant-default","Зажимное кольцо / мягкийсредний/ жетский","","","","https://a4d.kz/content/zazhimnoe-kolco-myagkiysredniy-zhetskiy","PUBLIC_SOURCE_REQUIRES_SUPPLIER_CONFIRMATION","","","","KZT","","","","","","CONFIRM_AND_FILL_COMMERCIAL_DATA"
"public-2170b90b7e67cdea593042c6","public-2170b90b7e67cdea593042c6-variant-default","Замки ортодонтические на 6-ые зубы Monoblock","","","","https://a4d.kz/content/zamki-ortodonticheskie-na-6-ye-zuby-monoblock-0","PUBLIC_SOURCE_REQUIRES_SUPPLIER_CONFIRMATION","","","","KZT","","","","","","CONFIRM_AND_FILL_COMMERCIAL_DATA"
"public-7f265fdff1d5ab0658eb6799","public-7f265fdff1d5ab0658eb6799-variant-default","Замки ортодонтические на 6-ые зубы-1G","","","","https://a4d.kz/content/zamki-ortodonticheskie-na-6-ye-zuby-1g-0","PUBLIC_SOURCE_REQUIRES_SUPPLIER_CONFIRMATION","","","","KZT","","","","","","CONFIRM_AND_FILL_COMMERCIAL_DATA"
"public-cfa99f8257e7434c8b5223b9","public-cfa99f8257e7434c8b5223b9-variant-default","Замки ортодонтические на 6-ые зубы-3G","","","","https://a4d.kz/content/zamki-ortodonticheskie-na-6-ye-zuby-3g-0","PUBLIC_SOURCE_REQUIRES_SUPPLIER_CONFIRMATION","","","","KZT","","","","","","CONFIRM_AND_FILL_COMMERCIAL_DATA"
"public-115d2359680cea8be636368b","public-115d2359680cea8be636368b-variant-default","Замки ортодонтические на 6-ые зубы-5G","","","","https://a4d.kz/content/zamki-ortodonticheskie-na-6-ye-zuby-5g-0","PUBLIC_SOURCE_REQUIRES_SUPPLIER_CONFIRMATION","","","","KZT","","","","","","CONFIRM_AND_FILL_COMMERCIAL_DATA"
"public-73cb1eed70099cef9b74ce7d","public-73cb1eed70099cef9b74ce7d-variant-default","Замки ортодонтические на 6-ые зубы-Combnation buccal tubes","","","","https://a4d.kz/content/zamki-ortodonticheskie-na-6-ye-zuby-combnation-buccal-tubes-0","PUBLIC_SOURCE_REQUIRES_SUPPLIER_CONFIRMATION","","","","KZT","","","","","","CONFIRM_AND_FILL_COMMERCIAL_DATA"
"public-730cfaba41a22064fd23f89c","public-730cfaba41a22064fd23f89c-variant-default","Замки ортодонтические на 6-ые зубы-Sgl","","","","https://a4d.kz/content/zamki-ortodonticheskie-na-6-ye-zuby-sgl-0","PUBLIC_SOURCE_REQUIRES_SUPPLIER_CONFIRMATION","","","","KZT","","","","","","CONFIRM_AND_FILL_COMMERCIAL_DATA"
"public-2af7e964b5a1ec46be7c87a2","public-2af7e964b5a1ec46be7c87a2-variant-default","Защитные очки красные","","","","https://a4d.kz/content/zashchitnye-ochki-krasnye-0","PUBLIC_SOURCE_REQUIRES_SUPPLIER_CONFIRMATION","","","","KZT","","","","","","CONFIRM_AND_FILL_COMMERCIAL_DATA"
"public-08d253aed8c8dc06a5ce3090","public-08d253aed8c8dc06a5ce3090-variant-default","Защитные свинцовые очки","","","","https://a4d.kz/content/zashchitnye-svincovye-ochki-0","PUBLIC_SOURCE_REQUIRES_SUPPLIER_CONFIRMATION","","","","KZT","","","","","","CONFIRM_AND_FILL_COMMERCIAL_DATA"
"public-93c98cd5cea4047f80f89143","public-93c98cd5cea4047f80f89143-variant-default","Зеркало","","","","https://a4d.kz/content/zerkalo","PUBLIC_SOURCE_REQUIRES_SUPPLIER_CONFIRMATION","","","","KZT","","","","","","CONFIRM_AND_FILL_COMMERCIAL_DATA"
"public-582281aaf4747a60892d593c","public-582281aaf4747a60892d593c-variant-default","Зеркало для осмтора","","","","https://a4d.kz/content/zerkalo-dlya-osmtora","PUBLIC_SOURCE_REQUIRES_SUPPLIER_CONFIRMATION","","","","KZT","","","","","","CONFIRM_AND_FILL_COMMERCIAL_DATA"
"public-3b2831923b000eb780e35d6e","public-3b2831923b000eb780e35d6e-variant-default","Зеркало с ручкой","","","","https://a4d.kz/content/zerkalo-s-ruchkoy","PUBLIC_SOURCE_REQUIRES_SUPPLIER_CONFIRMATION","","","","KZT","","","","","","CONFIRM_AND_FILL_COMMERCIAL_DATA"
"public-04249b5a891c2f044aa6524b","public-04249b5a891c2f044aa6524b-variant-default","Зетаплус линтро Kit","","","","https://a4d.kz/content/zetaplus-lintro-kit","PUBLIC_SOURCE_REQUIRES_SUPPLIER_CONFIRMATION","","","","KZT","","","","","","CONFIRM_AND_FILL_COMMERCIAL_DATA"
"public-50ba6d25702e3277a63c284e","public-50ba6d25702e3277a63c284e-variant-default","Зубная фея","","","","https://a4d.kz/content/zubnaya-feya","PUBLIC_SOURCE_REQUIRES_SUPPLIER_CONFIRMATION","","","","KZT","","","","","","CONFIRM_AND_FILL_COMMERCIAL_DATA"
"public-52a5f16ce4a4f9c733a0db20","public-52a5f16ce4a4f9c733a0db20-variant-default","Зубные щетки детские","","","","https://a4d.kz/content/zubnye-shchetki-detskie","PUBLIC_SOURCE_REQUIRES_SUPPLIER_CONFIRMATION","","","","KZT","","","","","","CONFIRM_AND_FILL_COMMERCIAL_DATA"
"public-74aef3dcbbaf7e13e13b574d","public-74aef3dcbbaf7e13e13b574d-variant-default","Зуботехническая наклон ная плоскость для сглажи вания окклюзионной поверхности восковых валиков Сонис 5,001 НП","","","","https://a4d.kz/content/zubotehnicheskaya-naklon-naya-ploskost-dlya-sglazhi-vaniya-okklyuzionnoy-poverhnosti-0","PUBLIC_SOURCE_REQUIRES_SUPPLIER_CONFIRMATION","","","","KZT","","","","","","CONFIRM_AND_FILL_COMMERCIAL_DATA"
"public-b66d4efca6ab0e1888295485","public-b66d4efca6ab0e1888295485-variant-default","Зуботехнические полиры набор","","","","https://a4d.kz/content/zubotehnicheskie-poliry-nabor","PUBLIC_SOURCE_REQUIRES_SUPPLIER_CONFIRMATION","","","","KZT","","","","","","CONFIRM_AND_FILL_COMMERCIAL_DATA"
"public-b4d4f98a7e65e96db1936938","public-b4d4f98a7e65e96db1936938-variant-default","Зуботехнический пылесос AX-SUPER800 для удаления пыли","","","","https://a4d.kz/content/zubotehnicheskiy-pylesos-ax-super800-dlya-udaleniya-pyli","PUBLIC_SOURCE_REQUIRES_SUPPLIER_CONFIRMATION","","","","KZT","","","","","","CONFIRM_AND_FILL_COMMERCIAL_DATA"
"public-29efe2741cb42292a7dc6a7c","public-29efe2741cb42292a7dc6a7c-variant-default","Зубы акриловые","","","","https://a4d.kz/content/zuby-akrilovye","PUBLIC_SOURCE_REQUIRES_SUPPLIER_CONFIRMATION","","","","KZT","","","","","","CONFIRM_AND_FILL_COMMERCIAL_DATA"
"public-299e7743258e2d5ff27113ff","public-299e7743258e2d5ff27113ff-variant-default","Иглодержатель (Англия)","","","","https://a4d.kz/content/igloderzhatel-angliya","PUBLIC_SOURCE_REQUIRES_SUPPLIER_CONFIRMATION","","","","KZT","","","","","","CONFIRM_AND_FILL_COMMERCIAL_DATA"
"public-e0730094b150337d611a017c","public-e0730094b150337d611a017c-variant-default","Иглодержатель 18 см (Англия)","","","","https://a4d.kz/content/igloderzhatel-18-sm-angliya","PUBLIC_SOURCE_REQUIRES_SUPPLIER_CONFIRMATION","","","","KZT","","","","","","CONFIRM_AND_FILL_COMMERCIAL_DATA"
"public-69fe221b6db0e64518e3974c","public-69fe221b6db0e64518e3974c-variant-default","Иглодержатель Hold the needle detector 14cm Англия","","","","https://a4d.kz/content/igloderzhatel-hold-needle-detector-14cm-angliya","PUBLIC_SOURCE_REQUIRES_SUPPLIER_CONFIRMATION","","","","KZT","","","","","","CONFIRM_AND_FILL_COMMERCIAL_DATA"
"public-77eb9e44acaf9a68c32d2752","public-77eb9e44acaf9a68c32d2752-variant-default","Иглы корневые КМИЗ №1, №2, №3, ассорти","","","","https://a4d.kz/content/igly-kornevye-kmiz-no1-no2-no3-assorti","PUBLIC_SOURCE_REQUIRES_SUPPLIER_CONFIRMATION","","","","KZT","","","","","","CONFIRM_AND_FILL_COMMERCIAL_DATA"
"public-eab9b5ba30f632b70880c42a","public-eab9b5ba30f632b70880c42a-variant-default","Индивидуальные ложки","","","","https://a4d.kz/content/individualnye-lozhki","PUBLIC_SOURCE_REQUIRES_SUPPLIER_CONFIRMATION","","","","KZT","","","","","","CONFIRM_AND_FILL_COMMERCIAL_DATA"
"public-8d4a7da1d45a5df8e0ebfdce","public-8d4a7da1d45a5df8e0ebfdce-variant-default","Индикаторная лента 12 mm","","","","https://a4d.kz/content/indikatornaya-lenta-12-mm","PUBLIC_SOURCE_REQUIRES_SUPPLIER_CONFIRMATION","","","","KZT","","","","","","CONFIRM_AND_FILL_COMMERCIAL_DATA"
"public-b2ff7380ff27657557055fb5","public-b2ff7380ff27657557055fb5-variant-default","Инструмент для досаживания бандажных колец","","","","https://a4d.kz/content/instrument-dlya-dosazhivaniya-bandazhnyh-kolec","PUBLIC_SOURCE_REQUIRES_SUPPLIER_CONFIRMATION","","","","KZT","","","","","","CONFIRM_AND_FILL_COMMERCIAL_DATA"
"public-145c37a583cb53231d3ef74b","public-145c37a583cb53231d3ef74b-variant-default","Инструмент для лигатурной проволки","","","","https://a4d.kz/content/instrument-dlya-ligaturnoy-provolki","PUBLIC_SOURCE_REQUIRES_SUPPLIER_CONFIRMATION","","","","KZT","","","","","","CONFIRM_AND_FILL_COMMERCIAL_DATA"
"public-073b03bcefc75b89c8cb42c8","public-073b03bcefc75b89c8cb42c8-variant-default","Инструмент для полировки композитных пломб","","","","https://a4d.kz/content/instrument-dlya-polirovki-kompozitnyh-plomb","PUBLIC_SOURCE_REQUIRES_SUPPLIER_CONFIRMATION","","","","KZT","","","","","","CONFIRM_AND_FILL_COMMERCIAL_DATA"
"public-4249a71a40ed97f233f73263","public-4249a71a40ed97f233f73263-variant-default","Инструмент для припасовки колец (Band pusher)","","","","https://a4d.kz/content/instrument-dlya-pripasovki-kolec-band-pusher","PUBLIC_SOURCE_REQUIRES_SUPPLIER_CONFIRMATION","","","","KZT","","","","","","CONFIRM_AND_FILL_COMMERCIAL_DATA"
"public-ba5a6a39d9790fe94447a454","public-ba5a6a39d9790fe94447a454-variant-default","Инструмент для соскабливания костных материалов (Англия)","","","","https://a4d.kz/content/instrument-dlya-soskablivaniya-kostnyh-materialov-angliya-0","PUBLIC_SOURCE_REQUIRES_SUPPLIER_CONFIRMATION","","","","KZT","","","","","","CONFIRM_AND_FILL_COMMERCIAL_DATA"
"public-eaf4d071e29682700a125511","public-eaf4d071e29682700a125511-variant-default","Инструмент для фиксации сепарационных колец","","","","https://a4d.kz/content/instrument-dlya-fiksacii-separacionnyh-kolec","PUBLIC_SOURCE_REQUIRES_SUPPLIER_CONFIRMATION","","","","KZT","","","","","","CONFIRM_AND_FILL_COMMERCIAL_DATA"
"public-d9ddbdf85f846e48316bb8b6","public-d9ddbdf85f846e48316bb8b6-variant-default","Инструмент для чистки","","","","https://a4d.kz/content/instrument-dlya-chistki","PUBLIC_SOURCE_REQUIRES_SUPPLIER_CONFIRMATION","","","","KZT","","","","","","CONFIRM_AND_FILL_COMMERCIAL_DATA"
"public-d08859321d077406446afd42","public-d08859321d077406446afd42-variant-default","Инструмент для: • Ретракции десневой ткани • Вставки ретракционной нити Разделения зубов при установке матриц, раббердама","","","","https://a4d.kz/content/instrument-dlya-retrakcii-desnevoy-tkani-vstavki-retrakcionnoy-niti-razdeleniya-zubov-pri","PUBLIC_SOURCE_REQUIRES_SUPPLIER_CONFIRMATION","","","","KZT","","","","","","CONFIRM_AND_FILL_COMMERCIAL_DATA"
"public-41e10fec9ad3d8f844cc0cd3","public-41e10fec9ad3d8f844cc0cd3-variant-default","Инструмент Retainer retrievers","","","","https://a4d.kz/content/instrument-retainer-retrievers","PUBLIC_SOURCE_REQUIRES_SUPPLIER_CONFIRMATION","","","","KZT","","","","","","CONFIRM_AND_FILL_COMMERCIAL_DATA"
"public-68a25b6918f7b3e64e9cee9a","public-68a25b6918f7b3e64e9cee9a-variant-default","Ирригационные системы для физиодиспенсераО","","","","https://a4d.kz/content/irrigacionnye-sistemy-dlya-fiziodispenserao","PUBLIC_SOURCE_REQUIRES_SUPPLIER_CONFIRMATION","","","","KZT","","","","","","CONFIRM_AND_FILL_COMMERCIAL_DATA"
"public-3bbcc6887ac59ae02450e05d","public-3bbcc6887ac59ae02450e05d-variant-default","К-файл стальные","","","","https://a4d.kz/content/k-fayl-stalnye","PUBLIC_SOURCE_REQUIRES_SUPPLIER_CONFIRMATION","","","","KZT","","","","","","CONFIRM_AND_FILL_COMMERCIAL_DATA"
"public-efe8d59c09aa0db448b67d06","public-efe8d59c09aa0db448b67d06-variant-default","К-файлы Niti SANI","","","","https://a4d.kz/content/k-fayly-niti-sani","PUBLIC_SOURCE_REQUIRES_SUPPLIER_CONFIRMATION","","","","KZT","","","","","","CONFIRM_AND_FILL_COMMERCIAL_DATA"
"public-a08afb989fc24aab3a812bc7","public-a08afb989fc24aab3a812bc7-variant-default","Каналонаполнители КМИЗ","","","","https://a4d.kz/content/kanalonapolniteli-kmiz","PUBLIC_SOURCE_REQUIRES_SUPPLIER_CONFIRMATION","","","","KZT","","","","","","CONFIRM_AND_FILL_COMMERCIAL_DATA"
"public-2d2aaabd2b8897f421862002","public-2d2aaabd2b8897f421862002-variant-default","Каналонаполнитель Paste carriers","","","","https://a4d.kz/content/kanalonapolnitel-paste-carriers","PUBLIC_SOURCE_REQUIRES_SUPPLIER_CONFIRMATION","","","","KZT","","","","","","CONFIRM_AND_FILL_COMMERCIAL_DATA"
"public-2770cb64f764f8bffa029600","public-2770cb64f764f8bffa029600-variant-default","Каналорасширители КМИЗ","","","","https://a4d.kz/content/kanalorasshiriteli-kmiz","PUBLIC_SOURCE_REQUIRES_SUPPLIER_CONFIRMATION","","","","KZT","","","","","","CONFIRM_AND_FILL_COMMERCIAL_DATA"
"public-2f336e3918c304b156526d64","public-2f336e3918c304b156526d64-variant-default","Каналорасширители ручные КМИЗ","","","","https://a4d.kz/content/kanalorasshiriteli-ruchnye-kmiz","PUBLIC_SOURCE_REQUIRES_SUPPLIER_CONFIRMATION","","","","KZT","","","","","","CONFIRM_AND_FILL_COMMERCIAL_DATA"
"public-22ef698bc48b2d62c26e0703","public-22ef698bc48b2d62c26e0703-variant-default","Канюли 7001 для смещивания желтые 1:1","","","","https://a4d.kz/content/kanyuli-7001-dlya-smeshchivaniya-zheltye-11","PUBLIC_SOURCE_REQUIRES_SUPPLIER_CONFIRMATION","","","","KZT","","","","","","CONFIRM_AND_FILL_COMMERCIAL_DATA"
"public-87cd823a3e46a0d4ab7d064e","public-87cd823a3e46a0d4ab7d064e-variant-default","Канюли 7002 для смешивания бирюзовый 1:1","","","","https://a4d.kz/content/kanyuli-7002-dlya-smeshivaniya-biryuzovyy-11","PUBLIC_SOURCE_REQUIRES_SUPPLIER_CONFIRMATION","","","","KZT","","","","","","CONFIRM_AND_FILL_COMMERCIAL_DATA"
"public-fcdf8e46abb0131b6006bdd4","public-fcdf8e46abb0131b6006bdd4-variant-default","Канюли 7003 для смешивания розовые 1:1","","","","https://a4d.kz/content/kanyuli-7003-dlya-smeshivaniya-rozovye-11","PUBLIC_SOURCE_REQUIRES_SUPPLIER_CONFIRMATION","","","","KZT","","","","","","CONFIRM_AND_FILL_COMMERCIAL_DATA"
"public-64afc3d3c11c1e01c4077e83","public-64afc3d3c11c1e01c4077e83-variant-default","Канюли 7005 для смешивания фиолетовые 1:1","","","","https://a4d.kz/content/kanyuli-7005-dlya-smeshivaniya-fioletovye-11","PUBLIC_SOURCE_REQUIRES_SUPPLIER_CONFIRMATION","","","","KZT","","","","","","CONFIRM_AND_FILL_COMMERCIAL_DATA"
"public-0b8e441ddb788735cb10d34d","public-0b8e441ddb788735cb10d34d-variant-default","Канюли 7010 для смещивания синие/ оранжевые 10:1","","","","https://a4d.kz/content/kanyuli-7010-dlya-smeshchivaniya-sinie-oranzhevye-101","PUBLIC_SOURCE_REQUIRES_SUPPLIER_CONFIRMATION","","","","KZT","","","","","","CONFIRM_AND_FILL_COMMERCIAL_DATA"
"public-f0da9b21f899e683421e3042","public-f0da9b21f899e683421e3042-variant-default","Канюли 7011 для смещивания синие 1:1","","","","https://a4d.kz/content/kanyuli-7011-dlya-smeshchivaniya-sinie-11","PUBLIC_SOURCE_REQUIRES_SUPPLIER_CONFIRMATION","","","","KZT","","","","","","CONFIRM_AND_FILL_COMMERCIAL_DATA"
"public-2ba15e886dd16e289374ef53","public-2ba15e886dd16e289374ef53-variant-default","Канюли 7012 для смещивания синие короткие1:1","","","","https://a4d.kz/content/kanyuli-7012-dlya-smeshchivaniya-sinie-korotkie11","PUBLIC_SOURCE_REQUIRES_SUPPLIER_CONFIRMATION","","","","KZT","","","","","","CONFIRM_AND_FILL_COMMERCIAL_DATA"
"public-2c5790e09c04a022cabef2bc","public-2c5790e09c04a022cabef2bc-variant-default","Канюли 7014 для смешивания коричневые с коротким носиком","","","","https://a4d.kz/content/kanyuli-7014-dlya-smeshivaniya-korichnevye-s-korotkim-nosikom","PUBLIC_SOURCE_REQUIRES_SUPPLIER_CONFIRMATION","","","","KZT","","","","","","CONFIRM_AND_FILL_COMMERCIAL_DATA"
"public-9b2d91fd63d1b8a151a91c79","public-9b2d91fd63d1b8a151a91c79-variant-default","Канюли 7015 для смешивания коричневые","","","","https://a4d.kz/content/kanyuli-7015-dlya-smeshivaniya-korichnevye","PUBLIC_SOURCE_REQUIRES_SUPPLIER_CONFIRMATION","","","","KZT","","","","","","CONFIRM_AND_FILL_COMMERCIAL_DATA"
"public-ce03733f2e7508125044e7da","public-ce03733f2e7508125044e7da-variant-default","Канюли 7016 для смешивания коричневые с коротким носиком","","","","https://a4d.kz/content/kanyuli-7016-dlya-smeshivaniya-korichnevye-s-korotkim-nosikom","PUBLIC_SOURCE_REQUIRES_SUPPLIER_CONFIRMATION","","","","KZT","","","","","","CONFIRM_AND_FILL_COMMERCIAL_DATA"
"public-f0b5029ffa34dc130d9cd597","public-f0b5029ffa34dc130d9cd597-variant-default","Канюли 7018 для смешивания коричневые с длинным носиком","","","","https://a4d.kz/content/kanyuli-7018-dlya-smeshivaniya-korichnevye-s-dlinnym-nosikom","PUBLIC_SOURCE_REQUIRES_SUPPLIER_CONFIRMATION","","","","KZT","","","","","","CONFIRM_AND_FILL_COMMERCIAL_DATA"
"public-d729965deef5e3fe72263035","public-d729965deef5e3fe72263035-variant-default","Канюли 7055 для смешивания на пентамикс","","","","https://a4d.kz/content/kanyuli-7055-dlya-smeshivaniya-na-pentamiks","PUBLIC_SOURCE_REQUIRES_SUPPLIER_CONFIRMATION","","","","KZT","","","","","","CONFIRM_AND_FILL_COMMERCIAL_DATA"
"public-0bed311136ed9aee3cebbdea","public-0bed311136ed9aee3cebbdea-variant-default","Каппы для отбеливания","","","","https://a4d.kz/content/kappy-dlya-otbelivaniya","PUBLIC_SOURCE_REQUIRES_SUPPLIER_CONFIRMATION","","","","KZT","","","","","","CONFIRM_AND_FILL_COMMERCIAL_DATA"
"public-960c14f4970f6172fc2b26a4","public-960c14f4970f6172fc2b26a4-variant-default","Карандаш химический, L=177 мм, d=7,15 мм","","","","https://a4d.kz/content/karandash-himicheskiy-l177-mm-d715-mm","PUBLIC_SOURCE_REQUIRES_SUPPLIER_CONFIRMATION","","","","KZT","","","","","","CONFIRM_AND_FILL_COMMERCIAL_DATA"
"public-0a71790be598995e4f9cd3cf","public-0a71790be598995e4f9cd3cf-variant-default","Карборундовые диски","","","","https://a4d.kz/content/karborundovye-diski","PUBLIC_SOURCE_REQUIRES_SUPPLIER_CONFIRMATION","","","","KZT","","","","","","CONFIRM_AND_FILL_COMMERCIAL_DATA"
"public-f2e72e2e2ca4fc6850a7e062","public-f2e72e2e2ca4fc6850a7e062-variant-default","Кариес детектор","","","","https://a4d.kz/content/karies-detektor","PUBLIC_SOURCE_REQUIRES_SUPPLIER_CONFIRMATION","","","","KZT","","","","","","CONFIRM_AND_FILL_COMMERCIAL_DATA"
"public-823090226555dc573cd824e7","public-823090226555dc573cd824e7-variant-default","Кассета для стерилизации инструментов метал-6 инстр","","","","https://a4d.kz/content/kasseta-dlya-sterilizacii-instrumentov-metal-6-instr","PUBLIC_SOURCE_REQUIRES_SUPPLIER_CONFIRMATION","","","","KZT","","","","","","CONFIRM_AND_FILL_COMMERCIAL_DATA"
"public-5c26ba2bccdeee6aaa1b2126","public-5c26ba2bccdeee6aaa1b2126-variant-default","Кассета для стерилизации на 8 инструментов пластик","","","","https://a4d.kz/content/kasseta-dlya-sterilizacii-na-8-instrumentov-plastik","PUBLIC_SOURCE_REQUIRES_SUPPLIER_CONFIRMATION","","","","KZT","","","","","","CONFIRM_AND_FILL_COMMERCIAL_DATA"
"public-afb5460c3a0d8da8e27388bb","public-afb5460c3a0d8da8e27388bb-variant-default","Кассеты для инструментов -3 инструмента","","","","https://a4d.kz/content/kassety-dlya-instrumentov-3-instrumenta","PUBLIC_SOURCE_REQUIRES_SUPPLIER_CONFIRMATION","","","","KZT","","","","","","CONFIRM_AND_FILL_COMMERCIAL_DATA"
"public-b5a42e9873041f8ac91bf369","public-b5a42e9873041f8ac91bf369-variant-default","Кетгут -3/0, 4/0, 5/0 стерильный рассасывающийся шовный материал с иглой","","","","https://a4d.kz/content/ketgut-30-40-50-sterilnyy-rassasyvayushchiysya-shovnyy-material-s-igloy","PUBLIC_SOURCE_REQUIRES_SUPPLIER_CONFIRMATION","","","","KZT","","","","","","CONFIRM_AND_FILL_COMMERCIAL_DATA"
"public-e46fac69de6f3bdbf5e38679","public-e46fac69de6f3bdbf5e38679-variant-default","Кисточки аппликационные с держателем","","","","https://a4d.kz/content/kistochki-applikacionnye-s-derzhatelem-0","PUBLIC_SOURCE_REQUIRES_SUPPLIER_CONFIRMATION","","","","KZT","","","","","","CONFIRM_AND_FILL_COMMERCIAL_DATA"
"public-e267fdfe699338e3c7b54929","public-e267fdfe699338e3c7b54929-variant-default","Клампы Бринкера ретракторы десневого края","","","","https://a4d.kz/content/klampy-brinkera-retraktory-desnevogo-kraya","PUBLIC_SOURCE_REQUIRES_SUPPLIER_CONFIRMATION","","","","KZT","","","","","","CONFIRM_AND_FILL_COMMERCIAL_DATA"
"public-721a0e66f8b65e3ebee47c0c","public-721a0e66f8b65e3ebee47c0c-variant-default","Клампы детские 3,016","","","","https://a4d.kz/content/klampy-detskie-3016","PUBLIC_SOURCE_REQUIRES_SUPPLIER_CONFIRMATION","","","","KZT","","","","","","CONFIRM_AND_FILL_COMMERCIAL_DATA"
"public-55f9925f9436137a374ef981","public-55f9925f9436137a374ef981-variant-default","Клампы для детских зубов Правый -Левый Россия","","","","https://a4d.kz/content/klampy-dlya-detskih-zubov-pravyy-levyy-rossiya","PUBLIC_SOURCE_REQUIRES_SUPPLIER_CONFIRMATION","","","","KZT","","","","","","CONFIRM_AND_FILL_COMMERCIAL_DATA"
"public-6572f4e3e0028d75181ce043","public-6572f4e3e0028d75181ce043-variant-default","Клампы для моляров симметричные Россия","","","","https://a4d.kz/content/klampy-dlya-molyarov-simmetrichnye-rossiya","PUBLIC_SOURCE_REQUIRES_SUPPLIER_CONFIRMATION","","","","KZT","","","","","","CONFIRM_AND_FILL_COMMERCIAL_DATA"
"public-56aa59a84990ee1da364bc87","public-56aa59a84990ee1da364bc87-variant-default","Клампы для передних зубов Россия","","","","https://a4d.kz/content/klampy-dlya-perednih-zubov-rossiya","PUBLIC_SOURCE_REQUIRES_SUPPLIER_CONFIRMATION","","","","KZT","","","","","","CONFIRM_AND_FILL_COMMERCIAL_DATA"
"public-8661dcc4cb09a2bb6d1ee76a","public-8661dcc4cb09a2bb6d1ee76a-variant-default","Клампы для премоляров симетричные Россия","","","","https://a4d.kz/content/klampy-dlya-premolyarov-simetrichnye-rossiya","PUBLIC_SOURCE_REQUIRES_SUPPLIER_CONFIRMATION","","","","KZT","","","","","","CONFIRM_AND_FILL_COMMERCIAL_DATA"
"public-fc73a4a29b5265dd16e3aac4","public-fc73a4a29b5265dd16e3aac4-variant-default","Клампы набор 3,014","","","","https://a4d.kz/content/klampy-nabor-3014","PUBLIC_SOURCE_REQUIRES_SUPPLIER_CONFIRMATION","","","","KZT","","","","","","CONFIRM_AND_FILL_COMMERCIAL_DATA"
"public-06b3051299786d945f07040d","public-06b3051299786d945f07040d-variant-default","Клампы набор 3,017 № 1, № 7, № 8, № 8А, № 9, № 14, № 201, № 202, № 212 Россия","","","","https://a4d.kz/content/klampy-nabor-3017-no-1-no-7-no-8-no-8a-no-9-no-14-no-201-no-202-no-212-rossiya","PUBLIC_SOURCE_REQUIRES_SUPPLIER_CONFIRMATION","","","","KZT","","","","","","CONFIRM_AND_FILL_COMMERCIAL_DATA"
"public-6b1f245284a2837765346cc2","public-6b1f245284a2837765346cc2-variant-default","Клампы Пакистан","","","","https://a4d.kz/content/klampy-pakistan","PUBLIC_SOURCE_REQUIRES_SUPPLIER_CONFIRMATION","","","","KZT","","","","","","CONFIRM_AND_FILL_COMMERCIAL_DATA"
"public-9b31d13ef1f0e20efbeb822c","public-9b31d13ef1f0e20efbeb822c-variant-default","Клампы Правый -Левый Россия","","","","https://a4d.kz/content/klampy-pravyy-levyy-rossiya","PUBLIC_SOURCE_REQUIRES_SUPPLIER_CONFIRMATION","","","","KZT","","","","","","CONFIRM_AND_FILL_COMMERCIAL_DATA"
"public-2f03f1b10e28c119f072ca9d","public-2f03f1b10e28c119f072ca9d-variant-default","Клей ортодонтический световой 3 шприца протравка,бонд 8 мл","","","","https://a4d.kz/content/kley-ortodonticheskiy-svetovoy-3-shprica-protravkabond-8-ml","PUBLIC_SOURCE_REQUIRES_SUPPLIER_CONFIRMATION","","","","KZT","","","","","","CONFIRM_AND_FILL_COMMERCIAL_DATA"
"public-2a698a4b294bf3d3bd9003b0","public-2a698a4b294bf3d3bd9003b0-variant-default","Клей ортодонтический Blue glue","","","","https://a4d.kz/content/kley-ortodonticheskiy-blue-glue","PUBLIC_SOURCE_REQUIRES_SUPPLIER_CONFIRMATION","","","","KZT","","","","","","CONFIRM_AND_FILL_COMMERCIAL_DATA"
"public-9dafbbcbaac081b248998886","public-9dafbbcbaac081b248998886-variant-default","Клин-стенд","","","","https://a4d.kz/content/klin-stend","PUBLIC_SOURCE_REQUIRES_SUPPLIER_CONFIRMATION","","","","KZT","","","","","","CONFIRM_AND_FILL_COMMERCIAL_DATA"
"public-1cf301907cfb92ffa084da7c","public-1cf301907cfb92ffa084da7c-variant-default","Клин-стенд для очистки и временного хранения использованных файлов","","","","https://a4d.kz/content/klin-stend-dlya-ochistki-i-vremennogo-hraneniya-ispolzovannyh-faylov","PUBLIC_SOURCE_REQUIRES_SUPPLIER_CONFIRMATION","","","","KZT","","","","","","CONFIRM_AND_FILL_COMMERCIAL_DATA"
"public-bc548e745fd092b0475543d2","public-bc548e745fd092b0475543d2-variant-default","Клин-стенд малый","","","","https://a4d.kz/content/klin-stend-malyy","PUBLIC_SOURCE_REQUIRES_SUPPLIER_CONFIRMATION","","","","KZT","","","","","","CONFIRM_AND_FILL_COMMERCIAL_DATA"
"public-e8bcd9b68c1891d28af1c826","public-e8bcd9b68c1891d28af1c826-variant-default","Клин-стенд Premium автоклавируемые","","","","https://a4d.kz/content/klin-stend-premium-avtoklaviruemye","PUBLIC_SOURCE_REQUIRES_SUPPLIER_CONFIRMATION","","","","KZT","","","","","","CONFIRM_AND_FILL_COMMERCIAL_DATA"
"public-23ce5ba1efc9327151141ae7","public-23ce5ba1efc9327151141ae7-variant-default","Ключ для винтов","","","","https://a4d.kz/content/klyuch-dlya-vintov-0","PUBLIC_SOURCE_REQUIRES_SUPPLIER_CONFIRMATION","","","","KZT","","","","","","CONFIRM_AND_FILL_COMMERCIAL_DATA"
"public-36be62a98b5c566934b89534","public-36be62a98b5c566934b89534-variant-default","Ключ к насадкам EMS , SIRONA,NSK, AMDENT","","","","https://a4d.kz/content/klyuch-k-nasadkam-ems-sironansk-amdent","PUBLIC_SOURCE_REQUIRES_SUPPLIER_CONFIRMATION","","","","KZT","","","","","","CONFIRM_AND_FILL_COMMERCIAL_DATA"
"public-d7680080d1ed71c40ac93cbd","public-d7680080d1ed71c40ac93cbd-variant-default","Ключ к насадкам U-file","","","","https://a4d.kz/content/klyuch-k-nasadkam-u-file-0","PUBLIC_SOURCE_REQUIRES_SUPPLIER_CONFIRMATION","","","","KZT","","","","","","CONFIRM_AND_FILL_COMMERCIAL_DATA"
"public-8c519787e36fa1021e25c920","public-8c519787e36fa1021e25c920-variant-default","Кнопка бондируемая с цепочкой","","","","https://a4d.kz/content/knopka-bondiruemaya-s-cepochkoy","PUBLIC_SOURCE_REQUIRES_SUPPLIER_CONFIRMATION","","","","KZT","","","","","","CONFIRM_AND_FILL_COMMERCIAL_DATA"
"public-b513aadbc9ea468a0301f9b2","public-b513aadbc9ea468a0301f9b2-variant-default","Кнопки ортодонтические","","","","https://a4d.kz/content/knopki-ortodonticheskie","PUBLIC_SOURCE_REQUIRES_SUPPLIER_CONFIRMATION","","","","KZT","","","","","","CONFIRM_AND_FILL_COMMERCIAL_DATA"
"public-108cad2ef5571ded726485e5","public-108cad2ef5571ded726485e5-variant-default","Кнопки с хуком","","","","https://a4d.kz/content/knopki-s-hukom","PUBLIC_SOURCE_REQUIRES_SUPPLIER_CONFIRMATION","","","","KZT","","","","","","CONFIRM_AND_FILL_COMMERCIAL_DATA"
"public-62f017b56ad742b0d29aab8e","public-62f017b56ad742b0d29aab8e-variant-default","Кольца","","","","https://a4d.kz/content/kolca","PUBLIC_SOURCE_REQUIRES_SUPPLIER_CONFIRMATION","","","","KZT","","","","","","CONFIRM_AND_FILL_COMMERCIAL_DATA"
"public-3b70079d26ed5b89f86a48fa","public-3b70079d26ed5b89f86a48fa-variant-default","Кольца на инструменты болшие, малые","","","","https://a4d.kz/content/kolca-na-instrumenty-bolshie-malye","PUBLIC_SOURCE_REQUIRES_SUPPLIER_CONFIRMATION","","","","KZT","","","","","","CONFIRM_AND_FILL_COMMERCIAL_DATA"
"public-7e24172f698e03e250442b8d","public-7e24172f698e03e250442b8d-variant-default","Кольца ортодонтические с трубкой размерами 34-44","","","","https://a4d.kz/content/kolca-ortodonticheskie-s-trubkoy-razmerami-34-44","PUBLIC_SOURCE_REQUIRES_SUPPLIER_CONFIRMATION","","","","KZT","","","","","","CONFIRM_AND_FILL_COMMERCIAL_DATA"
"public-3732dd9db76691b24a23fb15","public-3732dd9db76691b24a23fb15-variant-default","Комплект эластичных опоковых колец","","","","https://a4d.kz/content/komplekt-elastichnyh-opokovyh-kolec","PUBLIC_SOURCE_REQUIRES_SUPPLIER_CONFIRMATION","","","","KZT","","","","","","CONFIRM_AND_FILL_COMMERCIAL_DATA"
"public-41af35de82ec443a9a7057c2","public-41af35de82ec443a9a7057c2-variant-default","Компрессор стоматологический 32л","","","","https://a4d.kz/content/kompressor-stomatologicheskiy-32l","PUBLIC_SOURCE_REQUIRES_SUPPLIER_CONFIRMATION","","","","KZT","","","","","","CONFIRM_AND_FILL_COMMERCIAL_DATA"
"public-466b1b3929f69a3892e1a3f3","public-466b1b3929f69a3892e1a3f3-variant-default","Контейнер 14 магнитный для боров и штифтов","","","","https://a4d.kz/content/konteyner-14-magnitnyy-dlya-borov-i-shtiftov","PUBLIC_SOURCE_REQUIRES_SUPPLIER_CONFIRMATION","","","","KZT","","","","","","CONFIRM_AND_FILL_COMMERCIAL_DATA"
"public-9040cd3f077479e8c2c89b5d","public-9040cd3f077479e8c2c89b5d-variant-default","Контейнер 16 Контейнер 30 для хранения и стерилизации боров металический","","","","https://a4d.kz/content/konteyner-16-konteyner-30-dlya-hraneniya-i-sterilizacii-borov-metalicheskiy","PUBLIC_SOURCE_REQUIRES_SUPPLIER_CONFIRMATION","","","","KZT","","","","","","CONFIRM_AND_FILL_COMMERCIAL_DATA"
"public-266e49a4179c191825cb6467","public-266e49a4179c191825cb6467-variant-default","Контейнер 24 для хранения,стерилизации боров металлический","","","","https://a4d.kz/content/konteyner-24-dlya-hraneniyasterilizacii-borov-metallicheskiy","PUBLIC_SOURCE_REQUIRES_SUPPLIER_CONFIRMATION","","","","KZT","","","","","","CONFIRM_AND_FILL_COMMERCIAL_DATA"
"public-31f86a0daa476536460fde97","public-31f86a0daa476536460fde97-variant-default","Контейнер 60","","","","https://a4d.kz/content/konteyner-60","PUBLIC_SOURCE_REQUIRES_SUPPLIER_CONFIRMATION","","","","KZT","","","","","","CONFIRM_AND_FILL_COMMERCIAL_DATA"
"public-3d6aa1168d4169c95b973a82","public-3d6aa1168d4169c95b973a82-variant-default","Контейнер 72","","","","https://a4d.kz/content/konteyner-72","PUBLIC_SOURCE_REQUIRES_SUPPLIER_CONFIRMATION","","","","KZT","","","","","","CONFIRM_AND_FILL_COMMERCIAL_DATA"
"public-5a5d1b09827a9e166c657174","public-5a5d1b09827a9e166c657174-variant-default","Контейнер 72 для хранения и стерилизации боров металический","","","","https://a4d.kz/content/konteyner-72-dlya-hraneniya-i-sterilizacii-borov-metalicheskiy","PUBLIC_SOURCE_REQUIRES_SUPPLIER_CONFIRMATION","","","","KZT","","","","","","CONFIRM_AND_FILL_COMMERCIAL_DATA"
"public-1e8384238d840bb0a347a865","public-1e8384238d840bb0a347a865-variant-default","Контейнер 8 магнитный для боров и штифтов","","","","https://a4d.kz/content/konteyner-8-magnitnyy-dlya-borov-i-shtiftov","PUBLIC_SOURCE_REQUIRES_SUPPLIER_CONFIRMATION","","","","KZT","","","","","","CONFIRM_AND_FILL_COMMERCIAL_DATA"
"public-eba112c6bff95ead92103a64","public-eba112c6bff95ead92103a64-variant-default","Контейнер для боров","","","","https://a4d.kz/content/konteyner-dlya-borov-0","PUBLIC_SOURCE_REQUIRES_SUPPLIER_CONFIRMATION","","","","KZT","","","","","","CONFIRM_AND_FILL_COMMERCIAL_DATA"
"public-45437edd9bafd4a2878acd33","public-45437edd9bafd4a2878acd33-variant-default","Контейнер для боров/файлов","","","","https://a4d.kz/content/konteyner-dlya-borovfaylov","PUBLIC_SOURCE_REQUIRES_SUPPLIER_CONFIRMATION","","","","KZT","","","","","","CONFIRM_AND_FILL_COMMERCIAL_DATA"
"public-1e6e5819664dccc16ed249b0","public-1e6e5819664dccc16ed249b0-variant-default","Контейнер для ватных роликов","","","","https://a4d.kz/content/konteyner-dlya-vatnyh-rolikov-0","PUBLIC_SOURCE_REQUIRES_SUPPLIER_CONFIRMATION","","","","KZT","","","","","","CONFIRM_AND_FILL_COMMERCIAL_DATA"
"public-cf66c9d31b4b6053abc7650c","public-cf66c9d31b4b6053abc7650c-variant-default","Контейнер для замачивания боров, файлов ,мелких инструментарий","","","","https://a4d.kz/content/konteyner-dlya-zamachivaniya-borov-faylov-melkih-instrumentariy","PUBLIC_SOURCE_REQUIRES_SUPPLIER_CONFIRMATION","","","","KZT","","","","","","CONFIRM_AND_FILL_COMMERCIAL_DATA"
"public-32a9e755e6592ea0ae13a87c","public-32a9e755e6592ea0ae13a87c-variant-default","Контейнер для мелких инструментов","","","","https://a4d.kz/content/konteyner-dlya-melkih-instrumentov","PUBLIC_SOURCE_REQUIRES_SUPPLIER_CONFIRMATION","","","","KZT","","","","","","CONFIRM_AND_FILL_COMMERCIAL_DATA"
"public-62658f759310d1fc22110162","public-62658f759310d1fc22110162-variant-default","Контейнер для файлов","","","","https://a4d.kz/content/konteyner-dlya-faylov","PUBLIC_SOURCE_REQUIRES_SUPPLIER_CONFIRMATION","","","","KZT","","","","","","CONFIRM_AND_FILL_COMMERCIAL_DATA"
"public-f41e2d166a8400bf1af60da6","public-f41e2d166a8400bf1af60da6-variant-default","Контейнер для хранения гутаперчи","","","","https://a4d.kz/content/konteyner-dlya-hraneniya-gutaperchi","PUBLIC_SOURCE_REQUIRES_SUPPLIER_CONFIRMATION","","","","KZT","","","","","","CONFIRM_AND_FILL_COMMERCIAL_DATA"
"public-bd8fe3a4f90e7346f2e273f2","public-bd8fe3a4f90e7346f2e273f2-variant-default","Контейнер для хранения зубных протезов и др.","","","","https://a4d.kz/content/konteyner-dlya-hraneniya-zubnyh-protezov-i-dr","PUBLIC_SOURCE_REQUIRES_SUPPLIER_CONFIRMATION","","","","KZT","","","","","","CONFIRM_AND_FILL_COMMERCIAL_DATA"
"public-27077455bdb66bbf6507e032","public-27077455bdb66bbf6507e032-variant-default","Контейнер с зеркалом для хранения зубных протезов и др.","","","","https://a4d.kz/content/konteyner-s-zerkalom-dlya-hraneniya-zubnyh-protezov-i-dr","PUBLIC_SOURCE_REQUIRES_SUPPLIER_CONFIRMATION","","","","KZT","","","","","","CONFIRM_AND_FILL_COMMERCIAL_DATA"
"public-6444fc03a852c3fd10c3b87d","public-6444fc03a852c3fd10c3b87d-variant-default","Контейнер эндодонтический","","","","https://a4d.kz/content/konteyner-endodonticheskiy","PUBLIC_SOURCE_REQUIRES_SUPPLIER_CONFIRMATION","","","","KZT","","","","","","CONFIRM_AND_FILL_COMMERCIAL_DATA"
"public-79607b6bf6ddcc8c4712dfaf","public-79607b6bf6ddcc8c4712dfaf-variant-default","Контейнеры для кап/элайнеров Invisalign","","","","https://a4d.kz/content/konteynery-dlya-kapelaynerov-invisalign","PUBLIC_SOURCE_REQUIRES_SUPPLIER_CONFIRMATION","","","","KZT","","","","","","CONFIRM_AND_FILL_COMMERCIAL_DATA"
"public-c128244f25a55acdf98ad835","public-c128244f25a55acdf98ad835-variant-default","Контейнеры для ортодонтических пластинок, протезов","","","","https://a4d.kz/content/konteynery-dlya-ortodonticheskih-plastinok-protezov","PUBLIC_SOURCE_REQUIRES_SUPPLIER_CONFIRMATION","","","","KZT","","","","","","CONFIRM_AND_FILL_COMMERCIAL_DATA"
"public-63301b6dfa2ea97bc070a774","public-63301b6dfa2ea97bc070a774-variant-default","Контейнеры для стерилизации","","","","https://a4d.kz/content/konteynery-dlya-sterilizacii","PUBLIC_SOURCE_REQUIRES_SUPPLIER_CONFIRMATION","","","","KZT","","","","","","CONFIRM_AND_FILL_COMMERCIAL_DATA"
"public-d55cc996b80fa966a8baadca","public-d55cc996b80fa966a8baadca-variant-default","Контейнеры для хранения кап/элайнеров","","","","https://a4d.kz/content/konteynery-dlya-hraneniya-kapelaynerov-0","PUBLIC_SOURCE_REQUIRES_SUPPLIER_CONFIRMATION","","","","KZT","","","","","","CONFIRM_AND_FILL_COMMERCIAL_DATA"
"public-2deda920cb586a39ce4fa931","public-2deda920cb586a39ce4fa931-variant-default","Контейнеры для хранения кап/элайнеров детские","","","","https://a4d.kz/content/konteynery-dlya-hraneniya-kapelaynerov-detskie","PUBLIC_SOURCE_REQUIRES_SUPPLIER_CONFIRMATION","","","","KZT","","","","","","CONFIRM_AND_FILL_COMMERCIAL_DATA"
"public-14c3f76fbe87169aa7499038","public-14c3f76fbe87169aa7499038-variant-default","Контрастер","","","","https://a4d.kz/content/kontraster-1","PUBLIC_SOURCE_REQUIRES_SUPPLIER_CONFIRMATION","","","","KZT","","","","","","CONFIRM_AND_FILL_COMMERCIAL_DATA"
"public-c8a355809a044af97e8b27c9","public-c8a355809a044af97e8b27c9-variant-default","Контрастеры","","","","https://a4d.kz/content/kontrastery","PUBLIC_SOURCE_REQUIRES_SUPPLIER_CONFIRMATION","","","","KZT","","","","","","CONFIRM_AND_FILL_COMMERCIAL_DATA"
"public-6e4e5fcb57752b5d44c58720","public-6e4e5fcb57752b5d44c58720-variant-default","Коронки","","","","https://a4d.kz/content/koronki","PUBLIC_SOURCE_REQUIRES_SUPPLIER_CONFIRMATION","","","","KZT","","","","","","CONFIRM_AND_FILL_COMMERCIAL_DATA"
"public-beb8b7e0c732a9a65e959de7","public-beb8b7e0c732a9a65e959de7-variant-default","Коронки Kids crown","","","","https://a4d.kz/content/koronki-kids-crown","PUBLIC_SOURCE_REQUIRES_SUPPLIER_CONFIRMATION","","","","KZT","","","","","","CONFIRM_AND_FILL_COMMERCIAL_DATA"
"public-8239c858415de06e20a4f064","public-8239c858415de06e20a4f064-variant-default","Коронкосниматель автоматический Asim DE-1216","","","","https://a4d.kz/content/koronkosnimatel-avtomaticheskiy-asim-de-1216","PUBLIC_SOURCE_REQUIRES_SUPPLIER_CONFIRMATION","","","","KZT","","","","","","CONFIRM_AND_FILL_COMMERCIAL_DATA"
"public-4c2a1be14d6bca318010eba1","public-4c2a1be14d6bca318010eba1-variant-default","Коронкосниматель КОП (Турция) иннерционный\кнопка (комплект 3 насадки)","","","","https://a4d.kz/content/koronkosnimatel-kop-turciya-innercionnyyknopka-komplekt-3-nasadki","PUBLIC_SOURCE_REQUIRES_SUPPLIER_CONFIRMATION","","","","KZT","","","","","","CONFIRM_AND_FILL_COMMERCIAL_DATA"
"public-d5316dcd35cbb87c954664aa","public-d5316dcd35cbb87c954664aa-variant-default","Костная мельница для измельчения полученного костного фрагмента (Англия)","","","","https://a4d.kz/content/kostnaya-melnica-dlya-izmelcheniya-poluchennogo-kostnogo-fragmenta-angliya","PUBLIC_SOURCE_REQUIRES_SUPPLIER_CONFIRMATION","","","","KZT","","","","","","CONFIRM_AND_FILL_COMMERCIAL_DATA"
"public-566b595263e0f5bd7b7e8f0f","public-566b595263e0f5bd7b7e8f0f-variant-default","Крючки на апекслокатор","","","","https://a4d.kz/content/kryuchki-na-apekslokator","PUBLIC_SOURCE_REQUIRES_SUPPLIER_CONFIRMATION","","","","KZT","","","","","","CONFIRM_AND_FILL_COMMERCIAL_DATA"
"public-2166acd44299c1d7664fa8b9","public-2166acd44299c1d7664fa8b9-variant-default","Кусачки в ассортименте","","","","https://a4d.kz/content/kusachki-v-assortimente","PUBLIC_SOURCE_REQUIRES_SUPPLIER_CONFIRMATION","","","","KZT","","","","","","CONFIRM_AND_FILL_COMMERCIAL_DATA"
"public-eb50e124d3cb82a91ca17b59","public-eb50e124d3cb82a91ca17b59-variant-default","Кусачки для лигатурной проволоки (Пакистан)","","","","https://a4d.kz/content/kusachki-dlya-ligaturnoy-provoloki-pakistan","PUBLIC_SOURCE_REQUIRES_SUPPLIER_CONFIRMATION","","","","KZT","","","","","","CONFIRM_AND_FILL_COMMERCIAL_DATA"
"public-dbb56087bbe0891d6bf1305e","public-dbb56087bbe0891d6bf1305e-variant-default","Кювета для дублирования","","","","https://a4d.kz/content/kyuveta-dlya-dublirovaniya","PUBLIC_SOURCE_REQUIRES_SUPPLIER_CONFIRMATION","","","","KZT","","","","","","CONFIRM_AND_FILL_COMMERCIAL_DATA"
"public-3b317c32a2c6a5f7797ea6f2","public-3b317c32a2c6a5f7797ea6f2-variant-default","Кювета для дублирования аллюминий","","","","https://a4d.kz/content/kyuveta-dlya-dublirovaniya-allyuminiy","PUBLIC_SOURCE_REQUIRES_SUPPLIER_CONFIRMATION","","","","KZT","","","","","","CONFIRM_AND_FILL_COMMERCIAL_DATA"
"public-bf136f6d28f6daa829800934","public-bf136f6d28f6daa829800934-variant-default","Лампа для отбеливанияз зубов","","","","https://a4d.kz/content/lampa-dlya-otbelivaniyaz-zubov","PUBLIC_SOURCE_REQUIRES_SUPPLIER_CONFIRMATION","","","","KZT","","","","","","CONFIRM_AND_FILL_COMMERCIAL_DATA"
"public-813a5d1d0c6fd3f758f0d82f","public-813a5d1d0c6fd3f758f0d82f-variant-default","Лампа на установку галоген LA-H1 23-04","","","","https://a4d.kz/content/lampa-na-ustanovku-galogen-la-h1-23-04","PUBLIC_SOURCE_REQUIRES_SUPPLIER_CONFIRMATION","","","","KZT","","","","","","CONFIRM_AND_FILL_COMMERCIAL_DATA"
"public-7cf16c1df8d7f8b4e7ffffb8","public-7cf16c1df8d7f8b4e7ffffb8-variant-default","Лампа на установку LED LA-64 23-07","","","","https://a4d.kz/content/lampa-na-ustanovku-led-la-64-23-07","PUBLIC_SOURCE_REQUIRES_SUPPLIER_CONFIRMATION","","","","KZT","","","","","","CONFIRM_AND_FILL_COMMERCIAL_DATA"
"public-5cb0fcc90d156f41225f6b90","public-5cb0fcc90d156f41225f6b90-variant-default","Лампа на установку LED LA-R6 23-02","","","","https://a4d.kz/content/lampa-na-ustanovku-led-la-r6-23-02","PUBLIC_SOURCE_REQUIRES_SUPPLIER_CONFIRMATION","","","","KZT","","","","","","CONFIRM_AND_FILL_COMMERCIAL_DATA"
"public-4d753dec7548b37d970bd6d6","public-4d753dec7548b37d970bd6d6-variant-default","Лампа нагреватель композитных материалов","","","","https://a4d.kz/content/lampa-nagrevatel-kompozitnyh-materialov","PUBLIC_SOURCE_REQUIRES_SUPPLIER_CONFIRMATION","","","","KZT","","","","","","CONFIRM_AND_FILL_COMMERCIAL_DATA"
"public-1ca5ca4489af350229558d32","public-1ca5ca4489af350229558d32-variant-default","Латексный шнур для фиксации коффердама","","","","https://a4d.kz/content/lateksnyy-shnur-dlya-fiksacii-kofferdama","PUBLIC_SOURCE_REQUIRES_SUPPLIER_CONFIRMATION","","","","KZT","","","","","","CONFIRM_AND_FILL_COMMERCIAL_DATA"
"public-d70a1a17fc0f76293094339c","public-d70a1a17fc0f76293094339c-variant-default","Легатуре такер","","","","https://a4d.kz/content/legature-taker","PUBLIC_SOURCE_REQUIRES_SUPPLIER_CONFIRMATION","","","","KZT","","","","","","CONFIRM_AND_FILL_COMMERCIAL_DATA"
"public-06d544dc92986842782e3993","public-06d544dc92986842782e3993-variant-default","Лепестки для файлов","","","","https://a4d.kz/content/lepestki-dlya-faylov","PUBLIC_SOURCE_REQUIRES_SUPPLIER_CONFIRMATION","","","","KZT","","","","","","CONFIRM_AND_FILL_COMMERCIAL_DATA"
"public-b570093203e3d176ce1428df","public-b570093203e3d176ce1428df-variant-default","Лигатуры металлические короткие (Кобаяши)","","","","https://a4d.kz/content/ligatury-metallicheskie-korotkie-kobayashi","PUBLIC_SOURCE_REQUIRES_SUPPLIER_CONFIRMATION","","","","KZT","","","","","","CONFIRM_AND_FILL_COMMERCIAL_DATA"
"public-340415daa1472b4eaf0e1643","public-340415daa1472b4eaf0e1643-variant-default","Лингвальные ретейнеры","","","","https://a4d.kz/content/lingvalnye-reteynery","PUBLIC_SOURCE_REQUIRES_SUPPLIER_CONFIRMATION","","","","KZT","","","","","","CONFIRM_AND_FILL_COMMERCIAL_DATA"
"public-eda35889de581c0df08a7489","public-eda35889de581c0df08a7489-variant-default","Лингвальные ретейнеры, металлические","","","","https://a4d.kz/content/lingvalnye-reteynery-metallicheskie","PUBLIC_SOURCE_REQUIRES_SUPPLIER_CONFIRMATION","","","","KZT","","","","","","CONFIRM_AND_FILL_COMMERCIAL_DATA"
"public-0dc8a60a868baeb054bdab5b","public-0dc8a60a868baeb054bdab5b-variant-default","Лицевая маска","","","","https://a4d.kz/content/licevaya-maska-1","PUBLIC_SOURCE_REQUIRES_SUPPLIER_CONFIRMATION","","","","KZT","","","","","","CONFIRM_AND_FILL_COMMERCIAL_DATA"
"public-4d704a5f033fccea716f097e","public-4d704a5f033fccea716f097e-variant-default","Лобзик зуботехнический","","","","https://a4d.kz/content/lobzik-zubotehnicheskiy","PUBLIC_SOURCE_REQUIRES_SUPPLIER_CONFIRMATION","","","","KZT","","","","","","CONFIRM_AND_FILL_COMMERCIAL_DATA"
"public-ae084e35b1b12b4f16f78e02","public-ae084e35b1b12b4f16f78e02-variant-default","Ложки автоклавируемые","","","","https://a4d.kz/content/lozhki-avtoklaviruemye","PUBLIC_SOURCE_REQUIRES_SUPPLIER_CONFIRMATION","","","","KZT","","","","","","CONFIRM_AND_FILL_COMMERCIAL_DATA"
"public-1d3089987e0223da77704385","public-1d3089987e0223da77704385-variant-default","Ложки для двойных слепков","","","","https://a4d.kz/content/lozhki-dlya-dvoynyh-slepkov","PUBLIC_SOURCE_REQUIRES_SUPPLIER_CONFIRMATION","","","","KZT","","","","","","CONFIRM_AND_FILL_COMMERCIAL_DATA"
"public-ebf8424908173903c7441b4c","public-ebf8424908173903c7441b4c-variant-default","Ложки для фтор геля большие, средние, малые","","","","https://a4d.kz/content/lozhki-dlya-ftor-gelya-bolshie-srednie-malye","PUBLIC_SOURCE_REQUIRES_SUPPLIER_CONFIRMATION","","","","KZT","","","","","","CONFIRM_AND_FILL_COMMERCIAL_DATA"
"public-29e060ac1bb66f9204c6058c","public-29e060ac1bb66f9204c6058c-variant-default","Лотки с разделением","","","","https://a4d.kz/content/lotki-s-razdeleniem","PUBLIC_SOURCE_REQUIRES_SUPPLIER_CONFIRMATION","","","","KZT","","","","","","CONFIRM_AND_FILL_COMMERCIAL_DATA"
"public-80ceae02bd1c130e9e3ad5a5","public-80ceae02bd1c130e9e3ad5a5-variant-default","Лотки с разделением одноразовые","","","","https://a4d.kz/content/lotki-s-razdeleniem-odnorazovye","PUBLIC_SOURCE_REQUIRES_SUPPLIER_CONFIRMATION","","","","KZT","","","","","","CONFIRM_AND_FILL_COMMERCIAL_DATA"
"public-5070b6d1459733b9e67898cb","public-5070b6d1459733b9e67898cb-variant-default","Лоток","","","","https://a4d.kz/content/lotok","PUBLIC_SOURCE_REQUIRES_SUPPLIER_CONFIRMATION","","","","KZT","","","","","","CONFIRM_AND_FILL_COMMERCIAL_DATA"
"public-4c7ba6e4590cf79b6e252b3a","public-4c7ba6e4590cf79b6e252b3a-variant-default","Лоток для автоклавирования инструментов","","","","https://a4d.kz/content/lotok-dlya-avtoklavirovaniya-instrumentov","PUBLIC_SOURCE_REQUIRES_SUPPLIER_CONFIRMATION","","","","KZT","","","","","","CONFIRM_AND_FILL_COMMERCIAL_DATA"
"public-810fac30eb302f503f635e3b","public-810fac30eb302f503f635e3b-variant-default","Лоток для инструментов","","","","https://a4d.kz/content/lotok-dlya-instrumentov","PUBLIC_SOURCE_REQUIRES_SUPPLIER_CONFIRMATION","","","","KZT","","","","","","CONFIRM_AND_FILL_COMMERCIAL_DATA"
"public-8953b862e5eb1b4ba7990723","public-8953b862e5eb1b4ba7990723-variant-default","Лоток для инструментов автоклавируемый","","","","https://a4d.kz/content/lotok-dlya-instrumentov-avtoklaviruemyy","PUBLIC_SOURCE_REQUIRES_SUPPLIER_CONFIRMATION","","","","KZT","","","","","","CONFIRM_AND_FILL_COMMERCIAL_DATA"
"public-b294f50139e5c6fcb688c91b","public-b294f50139e5c6fcb688c91b-variant-default","Лоток стоматологический","","","","https://a4d.kz/content/lotok-stomatologicheskiy","PUBLIC_SOURCE_REQUIRES_SUPPLIER_CONFIRMATION","","","","KZT","","","","","","CONFIRM_AND_FILL_COMMERCIAL_DATA"
"public-d3c0a257e37505236179c970","public-d3c0a257e37505236179c970-variant-default","Люксаторы","","","","https://a4d.kz/content/lyuksatory","PUBLIC_SOURCE_REQUIRES_SUPPLIER_CONFIRMATION","","","","KZT","","","","","","CONFIRM_AND_FILL_COMMERCIAL_DATA"
"public-6a647dc6b9262a2e5449e31c","public-6a647dc6b9262a2e5449e31c-variant-default","Магнитный держатель для боров","","","","https://a4d.kz/content/magnitnyy-derzhatel-dlya-borov","PUBLIC_SOURCE_REQUIRES_SUPPLIER_CONFIRMATION","","","","KZT","","","","","","CONFIRM_AND_FILL_COMMERCIAL_DATA"
"public-dd378434dc46d920b506cd1e","public-dd378434dc46d920b506cd1e-variant-default","Манжета резиновая для слюноотсоса","","","","https://a4d.kz/content/manzheta-rezinovaya-dlya-slyunootsosa","PUBLIC_SOURCE_REQUIRES_SUPPLIER_CONFIRMATION","","","","KZT","","","","","","CONFIRM_AND_FILL_COMMERCIAL_DATA"
"public-ea396a59c4c835da1d46b01c","public-ea396a59c4c835da1d46b01c-variant-default","Масло в аппарат для смазки наконечника 500 мл","","","","https://a4d.kz/content/maslo-v-apparat-dlya-smazki-nakonenchika-500-ml","PUBLIC_SOURCE_REQUIRES_SUPPLIER_CONFIRMATION","","","","KZT","","","","","","CONFIRM_AND_FILL_COMMERCIAL_DATA"
"public-df8d28ea801f5d7b479b64cf","public-df8d28ea801f5d7b479b64cf-variant-default","Масло спрей для смазки наконечников","","","","https://a4d.kz/content/maslo-sprey-dlya-smazki-nakonechnikov","PUBLIC_SOURCE_REQUIRES_SUPPLIER_CONFIRMATION","","","","KZT","","","","","","CONFIRM_AND_FILL_COMMERCIAL_DATA"
"public-5f0589e4e4606ae0777948d1","public-5f0589e4e4606ae0777948d1-variant-default","Матрицы 1,320 контурные замковые + кольцо","","","","https://a4d.kz/content/matricy-1320-konturnye-zamkovye-kolco","PUBLIC_SOURCE_REQUIRES_SUPPLIER_CONFIRMATION","","","","KZT","","","","","","CONFIRM_AND_FILL_COMMERCIAL_DATA"
"public-1f85f108cc068f8eb1d9eb50","public-1f85f108cc068f8eb1d9eb50-variant-default","Матрицы контурные лавсановые (секционные) 1,923-широкие","","","","https://a4d.kz/content/matricy-konturnye-lavsanovye-sekcionnye-1923-shirokie","PUBLIC_SOURCE_REQUIRES_SUPPLIER_CONFIRMATION","","","","KZT","","","","","","CONFIRM_AND_FILL_COMMERCIAL_DATA"
"public-a1ba9966a49b87e2f6a08b50","public-a1ba9966a49b87e2f6a08b50-variant-default","Матрицы контурные металические ПОНИ 1,343большие 12шт","","","","https://a4d.kz/content/matricy-konturnye-metalicheskie-poni-1343bolshie-12sht","PUBLIC_SOURCE_REQUIRES_SUPPLIER_CONFIRMATION","","","","KZT","","","","","","CONFIRM_AND_FILL_COMMERCIAL_DATA"
"public-a1aa94847b80e5ae4f039fd8","public-a1aa94847b80e5ae4f039fd8-variant-default","Матрицы металл. в рулоне","","","","https://a4d.kz/content/matricy-metall-v-rulone","PUBLIC_SOURCE_REQUIRES_SUPPLIER_CONFIRMATION","","","","KZT","","","","","","CONFIRM_AND_FILL_COMMERCIAL_DATA"
"public-0a307106f0d8cd816ea36db6","public-0a307106f0d8cd816ea36db6-variant-default","Междуговая система QUAD HELIX","","","","https://a4d.kz/content/mezhdugovaya-sistema-quad-helix","PUBLIC_SOURCE_REQUIRES_SUPPLIER_CONFIRMATION","","","","KZT","","","","","","CONFIRM_AND_FILL_COMMERCIAL_DATA"
"public-07dd1dae0882a14a31e98b9e","public-07dd1dae0882a14a31e98b9e-variant-default","Металлические неперфорированные слепочные ложки Размеры-S, M, L","","","","https://a4d.kz/content/metallicheskie-neperforirovannye-slepochnye-lozhki-razmery-s-m-l","PUBLIC_SOURCE_REQUIRES_SUPPLIER_CONFIRMATION","","","","KZT","","","","","","CONFIRM_AND_FILL_COMMERCIAL_DATA"
"public-c365a706ee939a13c51dc9c4","public-c365a706ee939a13c51dc9c4-variant-default","Металлические слепочные ложки","","","","https://a4d.kz/content/metallicheskie-slepochnye-lozhki","PUBLIC_SOURCE_REQUIRES_SUPPLIER_CONFIRMATION","","","","KZT","","","","","","CONFIRM_AND_FILL_COMMERCIAL_DATA"
"public-0aca742e5fe855f60db0f14b","public-0aca742e5fe855f60db0f14b-variant-default","Металлические слепочные ложки для снятия оттиска. Размеры-S, M, L полу/ложки","","","","https://a4d.kz/content/metallicheskie-slepochnye-lozhki-dlya-snyatiya-ottiska-razmery-s-m-l-polulozhki-1","PUBLIC_SOURCE_REQUIRES_SUPPLIER_CONFIRMATION","","","","KZT","","","","","","CONFIRM_AND_FILL_COMMERCIAL_DATA"
"public-313024b98ffb5ba8c1c94f97","public-313024b98ffb5ba8c1c94f97-variant-default","Микро иглодержатель 18 см Пакистан","","","","https://a4d.kz/content/mikro-igloderzhatel-18-sm-pakistan","PUBLIC_SOURCE_REQUIRES_SUPPLIER_CONFIRMATION","","","","KZT","","","","","","CONFIRM_AND_FILL_COMMERCIAL_DATA"
"public-f2779b3666399de56c6f74ae","public-f2779b3666399de56c6f74ae-variant-default","Микро импланты","","","","https://a4d.kz/content/mikro-implanty","PUBLIC_SOURCE_REQUIRES_SUPPLIER_CONFIRMATION","","","","KZT","","","","","","CONFIRM_AND_FILL_COMMERCIAL_DATA"
"public-dfc06134bf662f7d4aef4a5f","public-dfc06134bf662f7d4aef4a5f-variant-default","Микро импланты инструмент","","","","https://a4d.kz/content/mikro-implanty-instrument","PUBLIC_SOURCE_REQUIRES_SUPPLIER_CONFIRMATION","","","","KZT","","","","","","CONFIRM_AND_FILL_COMMERCIAL_DATA"
"public-9d910eef7261d2640b97e575","public-9d910eef7261d2640b97e575-variant-default","Микробраши 100 шт","","","","https://a4d.kz/content/mikrobrashi-100-sht","PUBLIC_SOURCE_REQUIRES_SUPPLIER_CONFIRMATION","","","","KZT","","","","","","CONFIRM_AND_FILL_COMMERCIAL_DATA"
"public-7570329dd0935c1abb9e7ba7","public-7570329dd0935c1abb9e7ba7-variant-default","Микрометр зуботехнический","","","","https://a4d.kz/content/mikrometr-zubotehnicheskiy","PUBLIC_SOURCE_REQUIRES_SUPPLIER_CONFIRMATION","","","","KZT","","","","","","CONFIRM_AND_FILL_COMMERCIAL_DATA"
"public-ae692bba6701bf69f8369e82","public-ae692bba6701bf69f8369e82-variant-default","Микромотор воздушный M-3B","","","","https://a4d.kz/content/mikromotor-vozdushnyy-m-3b","PUBLIC_SOURCE_REQUIRES_SUPPLIER_CONFIRMATION","","","","KZT","","","","","","CONFIRM_AND_FILL_COMMERCIAL_DATA"
"public-ef1e2e4d3651e1e06a9aafbb","public-ef1e2e4d3651e1e06a9aafbb-variant-default","Микромотор воздушный M-3F","","","","https://a4d.kz/content/mikromotor-vozdushnyy-m-3f","PUBLIC_SOURCE_REQUIRES_SUPPLIER_CONFIRMATION","","","","KZT","","","","","","CONFIRM_AND_FILL_COMMERCIAL_DATA"
"public-21e50bad2873bace1548e965","public-21e50bad2873bace1548e965-variant-default","Микромотор зуботехнический на угловой наконечник №1","","","","https://a4d.kz/content/mikromotor-zubotehnicheskiy-na-uglovoy-nakonechnik-no1","PUBLIC_SOURCE_REQUIRES_SUPPLIER_CONFIRMATION","","","","KZT","","","","","","CONFIRM_AND_FILL_COMMERCIAL_DATA"
"public-f780d7d8a51bf29c1323a397","public-f780d7d8a51bf29c1323a397-variant-default","Микромотор зуботехнический №2","","","","https://a4d.kz/content/mikromotor-zubotehnicheskiy-no2","PUBLIC_SOURCE_REQUIRES_SUPPLIER_CONFIRMATION","","","","KZT","","","","","","CONFIRM_AND_FILL_COMMERCIAL_DATA"
"public-0084ddd7569d961f08f6ac52","public-0084ddd7569d961f08f6ac52-variant-default","Микромотор зуботехнический №5 SY-III","","","","https://a4d.kz/content/mikromotor-zubotehnicheskiy-no5-sy-iii","PUBLIC_SOURCE_REQUIRES_SUPPLIER_CONFIRMATION","","","","KZT","","","","","","CONFIRM_AND_FILL_COMMERCIAL_DATA"
"public-16b4b322fe10a070673ddd1b","public-16b4b322fe10a070673ddd1b-variant-default","Микромотор зуботехнический №6 S300","","","","https://a4d.kz/content/mikromotor-zubotehnicheskiy-no6-s300","PUBLIC_SOURCE_REQUIRES_SUPPLIER_CONFIRMATION","","","","KZT","","","","","","CONFIRM_AND_FILL_COMMERCIAL_DATA"
"public-36ff6bbaf6d944a74fbbbf63","public-36ff6bbaf6d944a74fbbbf63-variant-default","Микромотор зуботехнический №7 S200","","","","https://a4d.kz/content/mikromotor-zubotehnicheskiy-no7-s200","PUBLIC_SOURCE_REQUIRES_SUPPLIER_CONFIRMATION","","","","KZT","","","","","","CONFIRM_AND_FILL_COMMERCIAL_DATA"
"public-59d9f4c12d36d11a346e914f","public-59d9f4c12d36d11a346e914f-variant-default","Микромотор зуботехнический№3","","","","https://a4d.kz/content/mikromotor-zubotehnicheskiyno3","PUBLIC_SOURCE_REQUIRES_SUPPLIER_CONFIRMATION","","","","KZT","","","","","","CONFIRM_AND_FILL_COMMERCIAL_DATA"
"public-7ca8f503a04bd640d0ca0c40","public-7ca8f503a04bd640d0ca0c40-variant-default","Микромотор зуботехнический№4 на угловой наконечник","","","","https://a4d.kz/content/mikromotor-zubotehnicheskiyno4-na-uglovoy-nakonechnik","PUBLIC_SOURCE_REQUIRES_SUPPLIER_CONFIRMATION","","","","KZT","","","","","","CONFIRM_AND_FILL_COMMERCIAL_DATA"
"public-47bea2f640f8cc61870c53ef","public-47bea2f640f8cc61870c53ef-variant-default","Микроскоп оптика Leica С-CLEAR 1","","","","https://a4d.kz/content/mikroskop-optika-leica-s-clear-1","PUBLIC_SOURCE_REQUIRES_SUPPLIER_CONFIRMATION","","","","KZT","","","","","","CONFIRM_AND_FILL_COMMERCIAL_DATA"
"public-0148f7c1797f12857be24486","public-0148f7c1797f12857be24486-variant-default","Микроскоп оптика Leica C-CLEAR 2+ фотопаппарат Canon, монитор","","","","https://a4d.kz/content/mikroskop-optika-leica-c-clear-2-fotopapparat-canon-monitor","PUBLIC_SOURCE_REQUIRES_SUPPLIER_CONFIRMATION","","","","KZT","","","","","","CONFIRM_AND_FILL_COMMERCIAL_DATA"
"public-504c8eb689b935ef2536dae1","public-504c8eb689b935ef2536dae1-variant-default","Миксер альгинатный","","","","https://a4d.kz/content/mikser-alginatnyy","PUBLIC_SOURCE_REQUIRES_SUPPLIER_CONFIRMATION","","","","KZT","","","","","","CONFIRM_AND_FILL_COMMERCIAL_DATA"
"public-1345fe887e92b6ddc2eec74a","public-1345fe887e92b6ddc2eec74a-variant-default","Миксер вакуумный AX-2000C Скорость 550 об /мин; Емкость(чаша):550 мл Вакуум: 0,08 ~ 0,09 Мпа;","","","","https://a4d.kz/content/mikser-vakuumnyy-ax-2000c-skorost-550-ob-min-emkostchasha550-ml-vakuum-008-009-mpa","PUBLIC_SOURCE_REQUIRES_SUPPLIER_CONFIRMATION","","","","KZT","","","","","","CONFIRM_AND_FILL_COMMERCIAL_DATA"
"public-4fc7407fe9016c748bcdae88","public-4fc7407fe9016c748bcdae88-variant-default","Молоток стальной","","","","https://a4d.kz/content/molotok-stalnoy","PUBLIC_SOURCE_REQUIRES_SUPPLIER_CONFIRMATION","","","","KZT","","","","","","CONFIRM_AND_FILL_COMMERCIAL_DATA"
"public-5365c0fb5c37d309e3550fc2","public-5365c0fb5c37d309e3550fc2-variant-default","Мотор со шлангом для эндомотора с апекслокатором C-SMART-1 +","","","","https://a4d.kz/content/motor-so-shlangom-dlya-endomotora-s-apekslokatorom-c-smart-1","PUBLIC_SOURCE_REQUIRES_SUPPLIER_CONFIRMATION","","","","KZT","","","","","","CONFIRM_AND_FILL_COMMERCIAL_DATA"
"public-425b89165a6ac2745d56668d","public-425b89165a6ac2745d56668d-variant-default","Мотор со шлангом для эндомотора с апекслокатором C-SMART-1 PRO","","","","https://a4d.kz/content/motor-so-shlangom-dlya-endomotora-s-apekslokatorom-c-smart-1-pro","PUBLIC_SOURCE_REQUIRES_SUPPLIER_CONFIRMATION","","","","KZT","","","","","","CONFIRM_AND_FILL_COMMERCIAL_DATA"
"public-c058883d0f2fdbbb73e6d167","public-c058883d0f2fdbbb73e6d167-variant-default","Набор детских щипцов Англия","","","","https://a4d.kz/content/nabor-detskih-shchipcov-angliya","PUBLIC_SOURCE_REQUIRES_SUPPLIER_CONFIRMATION","","","","KZT","","","","","","CONFIRM_AND_FILL_COMMERCIAL_DATA"
"public-f86bb2b06341d336b89e1c41","public-f86bb2b06341d336b89e1c41-variant-default","Набор для имплантатов с наконечником «C-TW1» Kit","","","","https://a4d.kz/content/nabor-dlya-implantatov-s-nakonechnikom-c-tw1-kit","PUBLIC_SOURCE_REQUIRES_SUPPLIER_CONFIRMATION","","","","KZT","","","","","","CONFIRM_AND_FILL_COMMERCIAL_DATA"
"public-da762901be73c3710160b359","public-da762901be73c3710160b359-variant-default","Набор для имплантатов с наконечником «C-TW2» Kit","","","","https://a4d.kz/content/nabor-dlya-implantatov-s-nakonechnikom-c-tw2-kit","PUBLIC_SOURCE_REQUIRES_SUPPLIER_CONFIRMATION","","","","KZT","","","","","","CONFIRM_AND_FILL_COMMERCIAL_DATA"
"public-932132a79ca484ba2bd2ce5f","public-932132a79ca484ba2bd2ce5f-variant-default","Набор для обучения","","","","https://a4d.kz/content/nabor-dlya-obucheniya","PUBLIC_SOURCE_REQUIRES_SUPPLIER_CONFIRMATION","","","","KZT","","","","","","CONFIRM_AND_FILL_COMMERCIAL_DATA"
"public-ff9c282dadbe61c4bada44d7","public-ff9c282dadbe61c4bada44d7-variant-default","Набор для пломбирования 9 инструментов","","","","https://a4d.kz/content/nabor-dlya-plombirovaniya-9-instrumentov","PUBLIC_SOURCE_REQUIRES_SUPPLIER_CONFIRMATION","","","","KZT","","","","","","CONFIRM_AND_FILL_COMMERCIAL_DATA"
"public-f80b1e699737c1c2c803baa1","public-f80b1e699737c1c2c803baa1-variant-default","Набор для снятия зубных отложений 4 инструмента","","","","https://a4d.kz/content/nabor-dlya-snyatiya-zubnyh-otlozheniy-4-instrumenta","PUBLIC_SOURCE_REQUIRES_SUPPLIER_CONFIRMATION","","","","KZT","","","","","","CONFIRM_AND_FILL_COMMERCIAL_DATA"
"public-6d7d7d41b4e4391b6bcf2de5","public-6d7d7d41b4e4391b6bcf2de5-variant-default","Набор для снятия зубных отложений 9 инструмента","","","","https://a4d.kz/content/nabor-dlya-snyatiya-zubnyh-otlozheniy-9-instrumenta","PUBLIC_SOURCE_REQUIRES_SUPPLIER_CONFIRMATION","","","","KZT","","","","","","CONFIRM_AND_FILL_COMMERCIAL_DATA"
"public-a7a75e5563322e9002d3f193","public-a7a75e5563322e9002d3f193-variant-default","Набор зеркало пинцет зонд","","","","https://a4d.kz/content/nabor-zerkalo-pincet-zond","PUBLIC_SOURCE_REQUIRES_SUPPLIER_CONFIRMATION","","","","KZT","","","","","","CONFIRM_AND_FILL_COMMERCIAL_DATA"
"public-aa3a699e20252a614f45c767","public-aa3a699e20252a614f45c767-variant-default","Набор инструментов","","","","https://a4d.kz/content/nabor-instrumentov","PUBLIC_SOURCE_REQUIRES_SUPPLIER_CONFIRMATION","","","","KZT","","","","","","CONFIRM_AND_FILL_COMMERCIAL_DATA"
"public-a550ab07c5a74b2a0ee6e2d0","public-a550ab07c5a74b2a0ee6e2d0-variant-default","Набор инструментов для зубного техника","","","","https://a4d.kz/content/nabor-instrumentov-dlya-zubnogo-tehnika","PUBLIC_SOURCE_REQUIRES_SUPPLIER_CONFIRMATION","","","","KZT","","","","","","CONFIRM_AND_FILL_COMMERCIAL_DATA"
"public-dc5fdf4a9b093da68344a59b","public-dc5fdf4a9b093da68344a59b-variant-default","Набор инструментов для реставраций","","","","https://a4d.kz/content/nabor-instrumentov-dlya-restavraciy-0","PUBLIC_SOURCE_REQUIRES_SUPPLIER_CONFIRMATION","","","","KZT","","","","","","CONFIRM_AND_FILL_COMMERCIAL_DATA"
"public-928d9a88eda354bd8e567e7f","public-928d9a88eda354bd8e567e7f-variant-default","Набор инструментов curving instrument set","","","","https://a4d.kz/content/nabor-instrumentov-curving-instrument-set","PUBLIC_SOURCE_REQUIRES_SUPPLIER_CONFIRMATION","","","","KZT","","","","","","CONFIRM_AND_FILL_COMMERCIAL_DATA"
"public-d9491b152244f16574d2be41","public-d9491b152244f16574d2be41-variant-default","Набор Коффердам Англия","","","","https://a4d.kz/content/nabor-kofferdam-angliya","PUBLIC_SOURCE_REQUIRES_SUPPLIER_CONFIRMATION","","","","KZT","","","","","","CONFIRM_AND_FILL_COMMERCIAL_DATA"
"public-180367c0d340912b4b67c4d4","public-180367c0d340912b4b67c4d4-variant-default","Набор Коффердам Пакистан","","","","https://a4d.kz/content/nabor-kofferdam-pakistan","PUBLIC_SOURCE_REQUIRES_SUPPLIER_CONFIRMATION","","","","KZT","","","","","","CONFIRM_AND_FILL_COMMERCIAL_DATA"
"public-702fcbc3bc69da1481607f13","public-702fcbc3bc69da1481607f13-variant-default","Набор Пакистан","","","","https://a4d.kz/content/nabor-pakistan","PUBLIC_SOURCE_REQUIRES_SUPPLIER_CONFIRMATION","","","","KZT","","","","","","CONFIRM_AND_FILL_COMMERCIAL_DATA"
"public-8cad0d66163ba9a59b21cbf6","public-8cad0d66163ba9a59b21cbf6-variant-default","Набор реставрационный","","","","https://a4d.kz/content/nabor-restavracionnyy","PUBLIC_SOURCE_REQUIRES_SUPPLIER_CONFIRMATION","","","","KZT","","","","","","CONFIRM_AND_FILL_COMMERCIAL_DATA"
"public-a7dd4e2ea55cdb31f2bdd5da","public-a7dd4e2ea55cdb31f2bdd5da-variant-default","Набор с микромотором, прямым и угловым наконечниками со светом, внутренняя подача воды, модель 235-E","","","","https://a4d.kz/content/235-e-nabor-mikromotor-pryamoy-uglovoy-nakonenchik-so-svetom-i-vnutreney-podachi-vody","PUBLIC_SOURCE_REQUIRES_SUPPLIER_CONFIRMATION","","","","KZT","","","","","","CONFIRM_AND_FILL_COMMERCIAL_DATA"
"public-5b06964633c0ef53c41f758c","public-5b06964633c0ef53c41f758c-variant-default","Набор с микромотором, прямым и угловым наконечниками, внутренняя подача воды, модель 235-B","","","","https://a4d.kz/content/235-b-nabor-mikromotor-pryamoy-uglovoy-nakonenchik-c-vnutreney-podachi-vody","PUBLIC_SOURCE_REQUIRES_SUPPLIER_CONFIRMATION","","","","KZT","","","","","","CONFIRM_AND_FILL_COMMERCIAL_DATA"
"public-abb944d74787d07a5462932f","public-abb944d74787d07a5462932f-variant-default","Набор слепочных ложек","","","","https://a4d.kz/content/nabor-slepochnyh-lozhek","PUBLIC_SOURCE_REQUIRES_SUPPLIER_CONFIRMATION","","","","KZT","","","","","","CONFIRM_AND_FILL_COMMERCIAL_DATA"
"public-da0754402297583bbcf42014","public-da0754402297583bbcf42014-variant-default","Набор хирургческий Пакистан","","","","https://a4d.kz/content/nabor-hirurgcheskiy-pakistan","PUBLIC_SOURCE_REQUIRES_SUPPLIER_CONFIRMATION","","","","KZT","","","","","","CONFIRM_AND_FILL_COMMERCIAL_DATA"
"public-842120d53667756576111209","public-842120d53667756576111209-variant-default","Набор щипцов Англия","","","","https://a4d.kz/content/nabor-shchipcov-angliya","PUBLIC_SOURCE_REQUIRES_SUPPLIER_CONFIRMATION","","","","KZT","","","","","","CONFIRM_AND_FILL_COMMERCIAL_DATA"
"public-c86c5625acd03c3620d06cb8","public-c86c5625acd03c3620d06cb8-variant-default","Набор щипцов Пакистан","","","","https://a4d.kz/content/nabor-shchipcov-pakistan","PUBLIC_SOURCE_REQUIRES_SUPPLIER_CONFIRMATION","","","","KZT","","","","","","CONFIRM_AND_FILL_COMMERCIAL_DATA"
"public-f0a7e4b6180c796f41af3253","public-f0a7e4b6180c796f41af3253-variant-default","Набор элеваторов Англия","","","","https://a4d.kz/content/nabor-elevatorov-angliya-1","PUBLIC_SOURCE_REQUIRES_SUPPLIER_CONFIRMATION","","","","KZT","","","","","","CONFIRM_AND_FILL_COMMERCIAL_DATA"
"public-82fe8322e968d822e8f20eca","public-82fe8322e968d822e8f20eca-variant-default","Набор элеваторов Пакистан","","","","https://a4d.kz/content/nabor-elevatorov-pakistan-0","PUBLIC_SOURCE_REQUIRES_SUPPLIER_CONFIRMATION","","","","KZT","","","","","","CONFIRM_AND_FILL_COMMERCIAL_DATA"
"public-35f9406e7611b3bcba3910ed","public-35f9406e7611b3bcba3910ed-variant-default","Набор эндо","","","","https://a4d.kz/content/nabor-endo","PUBLIC_SOURCE_REQUIRES_SUPPLIER_CONFIRMATION","","","","KZT","","","","","","CONFIRM_AND_FILL_COMMERCIAL_DATA"
"public-2c3f471cc43840ba26a4031b","public-2c3f471cc43840ba26a4031b-variant-default","Наклейка с индикатором","","","","https://a4d.kz/content/nakleyka-s-indikatorom","PUBLIC_SOURCE_REQUIRES_SUPPLIER_CONFIRMATION","","","","KZT","","","","","","CONFIRM_AND_FILL_COMMERCIAL_DATA"
"public-78f30a9c58d1b885af3c3ea6","public-78f30a9c58d1b885af3c3ea6-variant-default","Наковальня","","","","https://a4d.kz/content/nakovalnya","PUBLIC_SOURCE_REQUIRES_SUPPLIER_CONFIRMATION","","","","KZT","","","","","","CONFIRM_AND_FILL_COMMERCIAL_DATA"
"public-25ed9de8ffbd3db5ba6af133","public-25ed9de8ffbd3db5ba6af133-variant-default","Наконечник микропила SGO","","","","https://a4d.kz/content/nakonechnik-mikropila-sgo","PUBLIC_SOURCE_REQUIRES_SUPPLIER_CONFIRMATION","","","","KZT","","","","","","CONFIRM_AND_FILL_COMMERCIAL_DATA"
"public-c908ada6255d0cbf3c40f32a","public-c908ada6255d0cbf3c40f32a-variant-default","Наконечник на микромотор","","","","https://a4d.kz/content/nakonechnik-na-mikromotor-0","PUBLIC_SOURCE_REQUIRES_SUPPLIER_CONFIRMATION","","","","KZT","","","","","","CONFIRM_AND_FILL_COMMERCIAL_DATA"
"public-e206461b1b38f5ea261618fb","public-e206461b1b38f5ea261618fb-variant-default","Наконечник на микромотор 102LN","","","","https://a4d.kz/content/nakonechnik-na-mikromotor-102ln","PUBLIC_SOURCE_REQUIRES_SUPPLIER_CONFIRMATION","","","","KZT","","","","","","CONFIRM_AND_FILL_COMMERCIAL_DATA"
"public-ae55be7acaf93d40dc508db4","public-ae55be7acaf93d40dc508db4-variant-default","Наконечник на микромотор 108E","","","","https://a4d.kz/content/nakonechnik-na-mikromotor-108e","PUBLIC_SOURCE_REQUIRES_SUPPLIER_CONFIRMATION","","","","KZT","","","","","","CONFIRM_AND_FILL_COMMERCIAL_DATA"
"public-c5ac4aee2234dc97d24dd10a","public-c5ac4aee2234dc97d24dd10a-variant-default","Наконечник на скалер","","","","https://a4d.kz/content/nakonechnik-na-skaler","PUBLIC_SOURCE_REQUIRES_SUPPLIER_CONFIRMATION","","","","KZT","","","","","","CONFIRM_AND_FILL_COMMERCIAL_DATA"
"public-59cda5465e933ec1e388566a","public-59cda5465e933ec1e388566a-variant-default","Наконечник на эндомотор","","","","https://a4d.kz/content/nakonechnik-na-endomotor","PUBLIC_SOURCE_REQUIRES_SUPPLIER_CONFIRMATION","","","","KZT","","","","","","CONFIRM_AND_FILL_COMMERCIAL_DATA"
"public-74a9153731a6d0fa15a4d08a","public-74a9153731a6d0fa15a4d08a-variant-default","Наконечник на эндомотор C-SMART- I pro , NSK endo-mate","","","","https://a4d.kz/content/nakonechnik-na-endomotor-c-smart-i-pro-nsk-endo-mate","PUBLIC_SOURCE_REQUIRES_SUPPLIER_CONFIRMATION","","","","KZT","","","","","","CONFIRM_AND_FILL_COMMERCIAL_DATA"
"public-5dad5eeb004a60659be3352e","public-5dad5eeb004a60659be3352e-variant-default","Наконечник прямой со светом D24-S","","","","https://a4d.kz/content/nakonechnik-pryamoy-so-svetom-d24-s","PUBLIC_SOURCE_REQUIRES_SUPPLIER_CONFIRMATION","","","","KZT","","","","","","CONFIRM_AND_FILL_COMMERCIAL_DATA"
"public-a77499d305a9028885e19e68","public-a77499d305a9028885e19e68-variant-default","Наконечник прямой S-2B","","","","https://a4d.kz/content/nakonechnik-pryamoy-s-2b","PUBLIC_SOURCE_REQUIRES_SUPPLIER_CONFIRMATION","","","","KZT","","","","","","CONFIRM_AND_FILL_COMMERCIAL_DATA"
"public-f8e2f0ebde4a6a8194e1fedf","public-f8e2f0ebde4a6a8194e1fedf-variant-default","Наконечник сепарационный","","","","https://a4d.kz/content/nakonechnik-separacionnyy","PUBLIC_SOURCE_REQUIRES_SUPPLIER_CONFIRMATION","","","","KZT","","","","","","CONFIRM_AND_FILL_COMMERCIAL_DATA"
"public-c652277b03e13dfd4fada31e","public-c652277b03e13dfd4fada31e-variant-default","Наконечник турбинный H-14 Coxo","COXO","","","https://a4d.kz/content/nakonechnik-turbinnyy-h-14-coxo-0","PUBLIC_SOURCE_REQUIRES_SUPPLIER_CONFIRMATION","","","","KZT","","","","","","CONFIRM_AND_FILL_COMMERCIAL_DATA"
"public-b457c5c7761ba9e205fa4e4c","public-b457c5c7761ba9e205fa4e4c-variant-default","Наконечник угловой повышающий1:5 со светом C7-4 (B5-4)","","","","https://a4d.kz/content/nakonechnik-uglovoy-povyshayushchiy15-so-svetom-c7-4-b5-4","PUBLIC_SOURCE_REQUIRES_SUPPLIER_CONFIRMATION","","","","KZT","","","","","","CONFIRM_AND_FILL_COMMERCIAL_DATA"
"public-5f418ecc8947523afad2b438","public-5f418ecc8947523afad2b438-variant-default","Наконечник угловой С3-4 понижающий Передача: 4:1","","","","https://a4d.kz/content/nakonechnik-uglovoy-s3-4-ponizhayushchiy-peredacha-41","PUBLIC_SOURCE_REQUIRES_SUPPLIER_CONFIRMATION","","","","KZT","","","","","","CONFIRM_AND_FILL_COMMERCIAL_DATA"
"public-0bcb6d47a8d07e9831e20199","public-0bcb6d47a8d07e9831e20199-variant-default","Наконечник угловой C1-2","","","","https://a4d.kz/content/nakonechnik-uglovoy-c1-2","PUBLIC_SOURCE_REQUIRES_SUPPLIER_CONFIRMATION","","","","KZT","","","","","","CONFIRM_AND_FILL_COMMERCIAL_DATA"
"public-5a1967b6359ec7a0320ff718","public-5a1967b6359ec7a0320ff718-variant-default","Наконечник угловой C1-4 кнопочный","","","","https://a4d.kz/content/nakonechnik-uglovoy-c1-4-knopochnyy","PUBLIC_SOURCE_REQUIRES_SUPPLIER_CONFIRMATION","","","","KZT","","","","","","CONFIRM_AND_FILL_COMMERCIAL_DATA"
"public-6fe04b3665c999e35c14f8db","public-6fe04b3665c999e35c14f8db-variant-default","Наконечник угловой C1-Е со светом (D23-F)","","","","https://a4d.kz/content/nakonechnik-uglovoy-c1-e-so-svetom-d23-f","PUBLIC_SOURCE_REQUIRES_SUPPLIER_CONFIRMATION","","","","KZT","","","","","","CONFIRM_AND_FILL_COMMERCIAL_DATA"
"public-966f17bd2540f0951adb1454","public-966f17bd2540f0951adb1454-variant-default","Наконечник угловой C1-B кнопочный (D17-C)","","","","https://a4d.kz/content/nakonechnik-uglovoy-c1-b-knopochnyy-d17-c","PUBLIC_SOURCE_REQUIRES_SUPPLIER_CONFIRMATION","","","","KZT","","","","","","CONFIRM_AND_FILL_COMMERCIAL_DATA"
"public-fe87d437ceedc3ab25a1a428","public-fe87d437ceedc3ab25a1a428-variant-default","Наконечники на микромотор102 и 102L","","","","https://a4d.kz/content/nakonechniki-na-mikromotor102-i-102l","PUBLIC_SOURCE_REQUIRES_SUPPLIER_CONFIRMATION","","","","KZT","","","","","","CONFIRM_AND_FILL_COMMERCIAL_DATA"
"public-acc35d76ecf8dcfd8e3df706","public-acc35d76ecf8dcfd8e3df706-variant-default","Наполнитель MTA (Англия)","","","","https://a4d.kz/content/napolnitel-mta-angliya","PUBLIC_SOURCE_REQUIRES_SUPPLIER_CONFIRMATION","","","","KZT","","","","","","CONFIRM_AND_FILL_COMMERCIAL_DATA"
"public-786ce49782d361df0d7c6f37","public-786ce49782d361df0d7c6f37-variant-default","Насадка алмазная P3D/PD3D для очистки, для формирования краев коронки, и для расшир. фуркации зубов","","","","https://a4d.kz/content/nasadka-almaznaya-p3dpd3d-dlya-ochistki-dlya-formirovaniya-kraev-koronki-i-dlya-rasshir","PUBLIC_SOURCE_REQUIRES_SUPPLIER_CONFIRMATION","","","","KZT","","","","","","CONFIRM_AND_FILL_COMMERCIAL_DATA"
"public-a942a770fa1cfec33d70847e","public-a942a770fa1cfec33d70847e-variant-default","Насадка для G2/GD2 снятия более значительныхотложений зубного камня и адгезивного налета. Плоский конец","","","","https://a4d.kz/content/nasadka-dlya-g2gd2-snyatiya-bolee-znachitelnyhotlozheniy-zubnogo-kamnya-i-adgezivnogo-naleta","PUBLIC_SOURCE_REQUIRES_SUPPLIER_CONFIRMATION","","","","KZT","","","","","","CONFIRM_AND_FILL_COMMERCIAL_DATA"
"public-cf3012581e7988b2e8a34d44","public-cf3012581e7988b2e8a34d44-variant-default","Насадка для G5/GD5 пигментированного налета и зубного камня","","","","https://a4d.kz/content/nasadka-dlya-g5gd5-pigmentirovannogo-naleta-i-zubnogo-kamnya","PUBLIC_SOURCE_REQUIRES_SUPPLIER_CONFIRMATION","","","","KZT","","","","","","CONFIRM_AND_FILL_COMMERCIAL_DATA"
"public-f7852c375097eaf19dc95fe1","public-f7852c375097eaf19dc95fe1-variant-default","Насадка для P1/PD1 работы в неглубоких карманахдля работы с проксимальными поверхностями","","","","https://a4d.kz/content/nasadka-dlya-p1pd1-raboty-v-neglubokih-karmanahdlya-raboty-s-proksimalnymi-poverhnostyami","PUBLIC_SOURCE_REQUIRES_SUPPLIER_CONFIRMATION","","","","KZT","","","","","","CONFIRM_AND_FILL_COMMERCIAL_DATA"
"public-8fc00b2ffa1a698da4fe7802","public-8fc00b2ffa1a698da4fe7802-variant-default","Насадка для P10/PD10 обработки среднего и глубокого десневого кармана","","","","https://a4d.kz/content/nasadka-dlya-p10pd10-obrabotki-srednego-i-glubokogo-desnevogo-karmana","PUBLIC_SOURCE_REQUIRES_SUPPLIER_CONFIRMATION","","","","KZT","","","","","","CONFIRM_AND_FILL_COMMERCIAL_DATA"
"public-59b903c4e971691a0ab80e69","public-59b903c4e971691a0ab80e69-variant-default","Насадка для P11/PD11 обработки среднего и глубокого десневого кармана","","","","https://a4d.kz/content/nasadka-dlya-p11pd11-obrabotki-srednego-i-glubokogo-desnevogo-karmana","PUBLIC_SOURCE_REQUIRES_SUPPLIER_CONFIRMATION","","","","KZT","","","","","","CONFIRM_AND_FILL_COMMERCIAL_DATA"
"public-daca5d86e035e32f3cbfe973","public-daca5d86e035e32f3cbfe973-variant-default","Насадка для P5/PD5 удаления поддесневого налета или камня","","","","https://a4d.kz/content/nasadka-dlya-p5pd5-udaleniya-poddesnevogo-naleta-ili-kamnya","PUBLIC_SOURCE_REQUIRES_SUPPLIER_CONFIRMATION","","","","KZT","","","","","","CONFIRM_AND_FILL_COMMERCIAL_DATA"
"public-eee0f4a4a5a30ed24fa2a874","public-eee0f4a4a5a30ed24fa2a874-variant-default","Насадка для P6/PD6 удаления поддесневого налета или камня","","","","https://a4d.kz/content/nasadka-dlya-p6pd6-udaleniya-poddesnevogo-naleta-ili-kamnya","PUBLIC_SOURCE_REQUIRES_SUPPLIER_CONFIRMATION","","","","KZT","","","","","","CONFIRM_AND_FILL_COMMERCIAL_DATA"
"public-98b0fc0f72eca02ef97b06e8","public-98b0fc0f72eca02ef97b06e8-variant-default","Насадка на пылесос","","","","https://a4d.kz/content/nasadka-na-pylesos","PUBLIC_SOURCE_REQUIRES_SUPPLIER_CONFIRMATION","","","","KZT","","","","","","CONFIRM_AND_FILL_COMMERCIAL_DATA"
"public-b96da36b3f8f677b4d6add56","public-b96da36b3f8f677b4d6add56-variant-default","Насадка на слюноотсос","","","","https://a4d.kz/content/nasadka-na-slyunootsos","PUBLIC_SOURCE_REQUIRES_SUPPLIER_CONFIRMATION","","","","KZT","","","","","","CONFIRM_AND_FILL_COMMERCIAL_DATA"
"public-a32f21e2e6a22b37ada5dff5","public-a32f21e2e6a22b37ada5dff5-variant-default","Насадка E1/ED1 Эндочак 120°","","","","https://a4d.kz/content/nasadka-e1ed1-endochak-120deg","PUBLIC_SOURCE_REQUIRES_SUPPLIER_CONFIRMATION","","","","KZT","","","","","","CONFIRM_AND_FILL_COMMERCIAL_DATA"
"public-69101554219dcf3b76e91116","public-69101554219dcf3b76e91116-variant-default","Насадка E10/ED10","","","","https://a4d.kz/content/nasadka-e10ed10","PUBLIC_SOURCE_REQUIRES_SUPPLIER_CONFIRMATION","","","","KZT","","","","","","CONFIRM_AND_FILL_COMMERCIAL_DATA"
"public-26ec29c7aa4e40e539a0cd8e","public-26ec29c7aa4e40e539a0cd8e-variant-default","Насадка E10D/ED10D","","","","https://a4d.kz/content/nasadka-e10ded10d","PUBLIC_SOURCE_REQUIRES_SUPPLIER_CONFIRMATION","","","","KZT","","","","","","CONFIRM_AND_FILL_COMMERCIAL_DATA"
"public-6917c4caabb8fc1ae5520c12","public-6917c4caabb8fc1ae5520c12-variant-default","Насадка E11или (с алмаз. крошкой) для эффективной полиров верхушки корня зуба ретроградной подгото вке зубных каналов","","","","https://a4d.kz/content/nasadka-e11ili-s-almaz-kroshkoy-dlya-effektivnoy-polirov-verhushki-kornya-zuba-retrogradnoy","PUBLIC_SOURCE_REQUIRES_SUPPLIER_CONFIRMATION","","","","KZT","","","","","","CONFIRM_AND_FILL_COMMERCIAL_DATA"
"public-d19d6d4dc26b912da8364cdd","public-d19d6d4dc26b912da8364cdd-variant-default","Насадка E11D или (с алмаз. крошкой) для эффективной полиров верхушки корня зуба ретроградной подгото вке зубных каналов","","","","https://a4d.kz/content/nasadka-e11d-ili-s-almaz-kroshkoy-dlya-effektivnoy-polirov-verhushki-kornya-zuba","PUBLIC_SOURCE_REQUIRES_SUPPLIER_CONFIRMATION","","","","KZT","","","","","","CONFIRM_AND_FILL_COMMERCIAL_DATA"
"public-8e94c2ce2396d253570cba9f","public-8e94c2ce2396d253570cba9f-variant-default","Насадка E12D/ED12D","","","","https://a4d.kz/content/nasadka-e12ded12d","PUBLIC_SOURCE_REQUIRES_SUPPLIER_CONFIRMATION","","","","KZT","","","","","","CONFIRM_AND_FILL_COMMERCIAL_DATA"
"public-254006fa8385b451dafa6069","public-254006fa8385b451dafa6069-variant-default","Насадка E14/ED14 для удаления сломанных файлов внутри канала","","","","https://a4d.kz/content/nasadka-e14ed14-dlya-udaleniya-slomannyh-faylov-vnutri-kanala","PUBLIC_SOURCE_REQUIRES_SUPPLIER_CONFIRMATION","","","","KZT","","","","","","CONFIRM_AND_FILL_COMMERCIAL_DATA"
"public-9bd4cd1e7c46bf7352f4a1d5","public-9bd4cd1e7c46bf7352f4a1d5-variant-default","Насадка E14D/ED14D для удаления кальцифированных фрагментов в канале зуба","","","","https://a4d.kz/content/nasadka-e14ded14d-dlya-udaleniya-kalcifirovannyh-fragmentov-v-kanale-zuba","PUBLIC_SOURCE_REQUIRES_SUPPLIER_CONFIRMATION","","","","KZT","","","","","","CONFIRM_AND_FILL_COMMERCIAL_DATA"
"public-abdb9842205df8ef5686b12e","public-abdb9842205df8ef5686b12e-variant-default","Насадка E15/ED15для удаления сломанных файлов внутри канала","","","","https://a4d.kz/content/nasadka-e15ed15dlya-udaleniya-slomannyh-faylov-vnutri-kanala","PUBLIC_SOURCE_REQUIRES_SUPPLIER_CONFIRMATION","","","","KZT","","","","","","CONFIRM_AND_FILL_COMMERCIAL_DATA"
"public-3ab633496f1f624011fdba43","public-3ab633496f1f624011fdba43-variant-default","Насадка E15D/ED15D для удаления кальцифированных фрагментов в канале зуба","","","","https://a4d.kz/content/nasadka-e15ded15d-dlya-udaleniya-kalcifirovannyh-fragmentov-v-kanale-zuba","PUBLIC_SOURCE_REQUIRES_SUPPLIER_CONFIRMATION","","","","KZT","","","","","","CONFIRM_AND_FILL_COMMERCIAL_DATA"
"public-acfee97b9668c280158ff023","public-acfee97b9668c280158ff023-variant-default","Насадка E2/ED2 Эндочак 95°","","","","https://a4d.kz/content/nasadka-e2ed2-endochak-95deg","PUBLIC_SOURCE_REQUIRES_SUPPLIER_CONFIRMATION","","","","KZT","","","","","","CONFIRM_AND_FILL_COMMERCIAL_DATA"
"public-f666f355423100189af34498","public-f666f355423100189af34498-variant-default","Насадка E3 (с алмаз. крошкой) для растапливания гуттаперчи","","","","https://a4d.kz/content/nasadka-e3-s-almaz-kroshkoy-dlya-rastaplivaniya-guttaperchi","PUBLIC_SOURCE_REQUIRES_SUPPLIER_CONFIRMATION","","","","KZT","","","","","","CONFIRM_AND_FILL_COMMERCIAL_DATA"
"public-96df8e55f66de1eb85efe1a6","public-96df8e55f66de1eb85efe1a6-variant-default","Насадка E3D (с алмаз. крошкой) для растапливания гуттаперчи","","","","https://a4d.kz/content/nasadka-e3d-s-almaz-kroshkoy-dlya-rastaplivaniya-guttaperchi","PUBLIC_SOURCE_REQUIRES_SUPPLIER_CONFIRMATION","","","","KZT","","","","","","CONFIRM_AND_FILL_COMMERCIAL_DATA"
"public-09e90d38c56faada16a753c0","public-09e90d38c56faada16a753c0-variant-default","Насадка E4 (с алмаз. крошкой) для удаления кальцифицированных фрагментов и пломбиро вочного материала","","","","https://a4d.kz/content/nasadka-e4-s-almaz-kroshkoy-dlya-udaleniya-kalcificirovannyh-fragmentov-i-plombiro-vochnogo","PUBLIC_SOURCE_REQUIRES_SUPPLIER_CONFIRMATION","","","","KZT","","","","","","CONFIRM_AND_FILL_COMMERCIAL_DATA"
"public-45779bdd3fbf3fa9ee85a809","public-45779bdd3fbf3fa9ee85a809-variant-default","Насадка E4D (с алмаз. крошкой) для удаления кальцифицированных фрагментов и пломбиро вочного материала","","","","https://a4d.kz/content/nasadka-e4d-s-almaz-kroshkoy-dlya-udaleniya-kalcificirovannyh-fragmentov-i-plombiro-vochnogo","PUBLIC_SOURCE_REQUIRES_SUPPLIER_CONFIRMATION","","","","KZT","","","","","","CONFIRM_AND_FILL_COMMERCIAL_DATA"
"public-3385df09f8e8f66e06dc1c75","public-3385df09f8e8f66e06dc1c75-variant-default","Насадка E5 (с алмаз. крошкой) для удаления препятствий при пломбировании корневого канала","","","","https://a4d.kz/content/nasadka-e5-s-almaz-kroshkoy-dlya-udaleniya-prepyatstviy-pri-plombirovanii-kornevogo-kanala","PUBLIC_SOURCE_REQUIRES_SUPPLIER_CONFIRMATION","","","","KZT","","","","","","CONFIRM_AND_FILL_COMMERCIAL_DATA"
"public-a8c0d5eb5f03072b53cf09cf","public-a8c0d5eb5f03072b53cf09cf-variant-default","Насадка E5D (с алмаз. крошкой) для удаления препятствий при пломбировании корневого канала","","","","https://a4d.kz/content/nasadka-e5d-s-almaz-kroshkoy-dlya-udaleniya-prepyatstviy-pri-plombirovanii-kornevogo-kanala","PUBLIC_SOURCE_REQUIRES_SUPPLIER_CONFIRMATION","","","","KZT","","","","","","CONFIRM_AND_FILL_COMMERCIAL_DATA"
"public-197933583377b57d2823353d","public-197933583377b57d2823353d-variant-default","Насадка E6","","","","https://a4d.kz/content/nasadka-e6","PUBLIC_SOURCE_REQUIRES_SUPPLIER_CONFIRMATION","","","","KZT","","","","","","CONFIRM_AND_FILL_COMMERCIAL_DATA"
"public-99b225abda2080bddddde1f7","public-99b225abda2080bddddde1f7-variant-default","Насадка E60 к скалеру Эндочакс файлом при работе в корневых каналах","","","","https://a4d.kz/content/nasadka-e60-k-skaleru-endochaks-faylom-pri-rabote-v-kornevyh-kanalah","PUBLIC_SOURCE_REQUIRES_SUPPLIER_CONFIRMATION","","","","KZT","","","","","","CONFIRM_AND_FILL_COMMERCIAL_DATA"
"public-ef1d6c074ba5364d16765d6c","public-ef1d6c074ba5364d16765d6c-variant-default","Насадка E62 к скалеру Эндочакс файлом при работе в корневых каналах","","","","https://a4d.kz/content/nasadka-e62-k-skaleru-endochaks-faylom-pri-rabote-v-kornevyh-kanalah","PUBLIC_SOURCE_REQUIRES_SUPPLIER_CONFIRMATION","","","","KZT","","","","","","CONFIRM_AND_FILL_COMMERCIAL_DATA"
"public-2b034b1887c332a6554be4b4","public-2b034b1887c332a6554be4b4-variant-default","Насадка E7/ED7 имеет форму тонкой очень острой иглы;для удаления инородных тел из корневого канала","","","","https://a4d.kz/content/nasadka-e7ed7-imeet-formu-tonkoy-ochen-ostroy-iglydlya-udaleniya-inorodnyh-tel-iz-kornevogo","PUBLIC_SOURCE_REQUIRES_SUPPLIER_CONFIRMATION","","","","KZT","","","","","","CONFIRM_AND_FILL_COMMERCIAL_DATA"
"public-0f3f611486c0418f5982a084","public-0f3f611486c0418f5982a084-variant-default","Насадка E8/ED8","","","","https://a4d.kz/content/nasadka-e8ed8","PUBLIC_SOURCE_REQUIRES_SUPPLIER_CONFIRMATION","","","","KZT","","","","","","CONFIRM_AND_FILL_COMMERCIAL_DATA"
"public-99da16bd73675c3fbbf14925","public-99da16bd73675c3fbbf14925-variant-default","Насадка E9/ED9","","","","https://a4d.kz/content/nasadka-e9ed9","PUBLIC_SOURCE_REQUIRES_SUPPLIER_CONFIRMATION","","","","KZT","","","","","","CONFIRM_AND_FILL_COMMERCIAL_DATA"
"public-afe83531d1786e5c27d26315","public-afe83531d1786e5c27d26315-variant-default","Насадка G1/GD1 для снятия незначительных отложений зубного камня","","","","https://a4d.kz/content/nasadka-g1gd1-dlya-snyatiya-neznachitelnyh-otlozheniy-zubnogo-kamnya","PUBLIC_SOURCE_REQUIRES_SUPPLIER_CONFIRMATION","","","","KZT","","","","","","CONFIRM_AND_FILL_COMMERCIAL_DATA"
"public-47d8a1c5cf4bd11ee27393bd","public-47d8a1c5cf4bd11ee27393bd-variant-default","Насадка G10/GD10 для удаления наддесневого камня, пришеечных зубных отложений, и отложений с шейки зуба","","","","https://a4d.kz/content/nasadka-g10gd10-dlya-udaleniya-naddesnevogo-kamnya-prisheechnyh-zubnyh-otlozheniy-i","PUBLIC_SOURCE_REQUIRES_SUPPLIER_CONFIRMATION","","","","KZT","","","","","","CONFIRM_AND_FILL_COMMERCIAL_DATA"
"public-28da737249222449dc7ad241","public-28da737249222449dc7ad241-variant-default","Насадка G12/GD12","","","","https://a4d.kz/content/nasadka-g12gd12","PUBLIC_SOURCE_REQUIRES_SUPPLIER_CONFIRMATION","","","","KZT","","","","","","CONFIRM_AND_FILL_COMMERCIAL_DATA"
"public-cfb01ceab694f281583808fe","public-cfb01ceab694f281583808fe-variant-default","Насадка G20/GD20","","","","https://a4d.kz/content/nasadka-g20gd20","PUBLIC_SOURCE_REQUIRES_SUPPLIER_CONFIRMATION","","","","KZT","","","","","","CONFIRM_AND_FILL_COMMERCIAL_DATA"
"public-c689b7e9c4657a0552d9e676","public-c689b7e9c4657a0552d9e676-variant-default","Насадка G21/GD21","","","","https://a4d.kz/content/nasadka-g21gd21","PUBLIC_SOURCE_REQUIRES_SUPPLIER_CONFIRMATION","","","","KZT","","","","","","CONFIRM_AND_FILL_COMMERCIAL_DATA"
"public-dc5d697e475c8cc2ed731a20","public-dc5d697e475c8cc2ed731a20-variant-default","Насадка G28/GD28","","","","https://a4d.kz/content/nasadka-g28gd28","PUBLIC_SOURCE_REQUIRES_SUPPLIER_CONFIRMATION","","","","KZT","","","","","","CONFIRM_AND_FILL_COMMERCIAL_DATA"
"public-19445f0ad6f9b166da50df16","public-19445f0ad6f9b166da50df16-variant-default","Насадка G3/GD3 для удаления наддесневого налета во всех включая межзубные промежутки и десневые бороздки","","","","https://a4d.kz/content/nasadka-g3gd3-dlya-udaleniya-naddesnevogo-naleta-vo-vseh-vklyuchaya-mezhzubnye-promezhutki-i","PUBLIC_SOURCE_REQUIRES_SUPPLIER_CONFIRMATION","","","","KZT","","","","","","CONFIRM_AND_FILL_COMMERCIAL_DATA"
"public-7364ac6aca76f938996c27d1","public-7364ac6aca76f938996c27d1-variant-default","Насадка G30/GD30","","","","https://a4d.kz/content/nasadka-g30gd30","PUBLIC_SOURCE_REQUIRES_SUPPLIER_CONFIRMATION","","","","KZT","","","","","","CONFIRM_AND_FILL_COMMERCIAL_DATA"
"public-a74b7620cc3536b0208acb8c","public-a74b7620cc3536b0208acb8c-variant-default","Насадка G31/GD31","","","","https://a4d.kz/content/nasadka-g31gd31","PUBLIC_SOURCE_REQUIRES_SUPPLIER_CONFIRMATION","","","","KZT","","","","","","CONFIRM_AND_FILL_COMMERCIAL_DATA"
"public-ea3ef129c5b70406b7c0b263","public-ea3ef129c5b70406b7c0b263-variant-default","Насадка G32/GD32","","","","https://a4d.kz/content/nasadka-g32gd32","PUBLIC_SOURCE_REQUIRES_SUPPLIER_CONFIRMATION","","","","KZT","","","","","","CONFIRM_AND_FILL_COMMERCIAL_DATA"
"public-2eac12b1c67d2e96ae76220a","public-2eac12b1c67d2e96ae76220a-variant-default","Насадка G33/GD33","","","","https://a4d.kz/content/nasadka-g33gd33","PUBLIC_SOURCE_REQUIRES_SUPPLIER_CONFIRMATION","","","","KZT","","","","","","CONFIRM_AND_FILL_COMMERCIAL_DATA"
"public-6f524b467a4c87d37fe76334","public-6f524b467a4c87d37fe76334-variant-default","Насадка G4//GD4 для обработки межзубных промежутков и для удаления наддесневого налета или камня","","","","https://a4d.kz/content/nasadka-g4gd4-dlya-obrabotki-mezhzubnyh-promezhutkov-i-dlya-udaleniya-naddesnevogo-naleta","PUBLIC_SOURCE_REQUIRES_SUPPLIER_CONFIRMATION","","","","KZT","","","","","","CONFIRM_AND_FILL_COMMERCIAL_DATA"
"public-300d94f38c7e99537956d382","public-300d94f38c7e99537956d382-variant-default","Насадка G6/GD6 для удаления большого количества зубных отложений.плоским концом Н","","","","https://a4d.kz/content/nasadka-g6gd6-dlya-udaleniya-bolshogo-kolichestva-zubnyh-otlozheniyploskim-koncom-n","PUBLIC_SOURCE_REQUIRES_SUPPLIER_CONFIRMATION","","","","KZT","","","","","","CONFIRM_AND_FILL_COMMERCIAL_DATA"
"public-2ff5948a88f4859edbc18a8e","public-2ff5948a88f4859edbc18a8e-variant-default","Насадка G8/GD8","","","","https://a4d.kz/content/nasadka-g8gd8","PUBLIC_SOURCE_REQUIRES_SUPPLIER_CONFIRMATION","","","","KZT","","","","","","CONFIRM_AND_FILL_COMMERCIAL_DATA"
"public-ea48537f56856cf81e9b713c","public-ea48537f56856cf81e9b713c-variant-default","Насадка G9/GD9","","","","https://a4d.kz/content/nasadka-g9gd9","PUBLIC_SOURCE_REQUIRES_SUPPLIER_CONFIRMATION","","","","KZT","","","","","","CONFIRM_AND_FILL_COMMERCIAL_DATA"
"public-a6514173f5f33149afc862d9","public-a6514173f5f33149afc862d9-variant-default","Насадка P12/PD12 для обработки среднего и глубокого десневого кармана","","","","https://a4d.kz/content/nasadka-p12pd12-dlya-obrabotki-srednego-i-glubokogo-desnevogo-karmana","PUBLIC_SOURCE_REQUIRES_SUPPLIER_CONFIRMATION","","","","KZT","","","","","","CONFIRM_AND_FILL_COMMERCIAL_DATA"
"public-876571960bce370e3f775b92","public-876571960bce370e3f775b92-variant-default","Насадка P14L/PD14L","","","","https://a4d.kz/content/nasadka-p14lpd14l","PUBLIC_SOURCE_REQUIRES_SUPPLIER_CONFIRMATION","","","","KZT","","","","","","CONFIRM_AND_FILL_COMMERCIAL_DATA"
"public-7e4465aa528d4b11e0dbc742","public-7e4465aa528d4b11e0dbc742-variant-default","Насадка P14R/PD14R","","","","https://a4d.kz/content/nasadka-p14rpd14r","PUBLIC_SOURCE_REQUIRES_SUPPLIER_CONFIRMATION","","","","KZT","","","","","","CONFIRM_AND_FILL_COMMERCIAL_DATA"
"public-6e7928a73cea07cc148e1366","public-6e7928a73cea07cc148e1366-variant-default","Насадка P18/PD18","","","","https://a4d.kz/content/nasadka-p18pd18","PUBLIC_SOURCE_REQUIRES_SUPPLIER_CONFIRMATION","","","","KZT","","","","","","CONFIRM_AND_FILL_COMMERCIAL_DATA"
"public-5a1681dfe2b5f8360e89f88b","public-5a1681dfe2b5f8360e89f88b-variant-default","Насадка P20/PD20","","","","https://a4d.kz/content/nasadka-p20pd20","PUBLIC_SOURCE_REQUIRES_SUPPLIER_CONFIRMATION","","","","KZT","","","","","","CONFIRM_AND_FILL_COMMERCIAL_DATA"
"public-3a72178508239c46b64c3dc9","public-3a72178508239c46b64c3dc9-variant-default","Насадка P20L/PD20L","","","","https://a4d.kz/content/nasadka-p20lpd20l","PUBLIC_SOURCE_REQUIRES_SUPPLIER_CONFIRMATION","","","","KZT","","","","","","CONFIRM_AND_FILL_COMMERCIAL_DATA"
"public-6b8d563b7e5520ef4a8fa4ac","public-6b8d563b7e5520ef4a8fa4ac-variant-default","Насадка P20R/PD20R","","","","https://a4d.kz/content/nasadka-p20rpd20r","PUBLIC_SOURCE_REQUIRES_SUPPLIER_CONFIRMATION","","","","KZT","","","","","","CONFIRM_AND_FILL_COMMERCIAL_DATA"
"public-2ef1de8c3dbde375fb08be31","public-2ef1de8c3dbde375fb08be31-variant-default","Насадка P21L/PD21L","","","","https://a4d.kz/content/nasadka-p21lpd21l","PUBLIC_SOURCE_REQUIRES_SUPPLIER_CONFIRMATION","","","","KZT","","","","","","CONFIRM_AND_FILL_COMMERCIAL_DATA"
"public-40f1f97c2c75f81806ab9afa","public-40f1f97c2c75f81806ab9afa-variant-default","Насадка P21R/PD21R Пародонтологическа насадка","","","","https://a4d.kz/content/nasadka-p21rpd21r-parodontologicheska-nasadka","PUBLIC_SOURCE_REQUIRES_SUPPLIER_CONFIRMATION","","","","KZT","","","","","","CONFIRM_AND_FILL_COMMERCIAL_DATA"
"public-e9b2c7aa0d15ec7e48a16bb5","public-e9b2c7aa0d15ec7e48a16bb5-variant-default","Насадка P22L/PD22L Пародонтологическая насадка","","","","https://a4d.kz/content/nasadka-p22lpd22l-parodontologicheskaya-nasadka","PUBLIC_SOURCE_REQUIRES_SUPPLIER_CONFIRMATION","","","","KZT","","","","","","CONFIRM_AND_FILL_COMMERCIAL_DATA"
"public-6630d59426145eb2e6fb9800","public-6630d59426145eb2e6fb9800-variant-default","Насадка P22R/PD22R","","","","https://a4d.kz/content/nasadka-p22rpd22r","PUBLIC_SOURCE_REQUIRES_SUPPLIER_CONFIRMATION","","","","KZT","","","","","","CONFIRM_AND_FILL_COMMERCIAL_DATA"
"public-4d766d1d6aa92bd1053d8503","public-4d766d1d6aa92bd1053d8503-variant-default","Насадка P2L/PD2L","","","","https://a4d.kz/content/nasadka-p2lpd2l","PUBLIC_SOURCE_REQUIRES_SUPPLIER_CONFIRMATION","","","","KZT","","","","","","CONFIRM_AND_FILL_COMMERCIAL_DATA"
"public-8446ac78670f8b49be89cfc7","public-8446ac78670f8b49be89cfc7-variant-default","Насадка P2LD/PD2LD","","","","https://a4d.kz/content/nasadka-p2ldpd2ld","PUBLIC_SOURCE_REQUIRES_SUPPLIER_CONFIRMATION","","","","KZT","","","","","","CONFIRM_AND_FILL_COMMERCIAL_DATA"
"public-c4c4c285bbf4f2b570f29005","public-c4c4c285bbf4f2b570f29005-variant-default","Насадка P2R/PD2R","","","","https://a4d.kz/content/nasadka-p2rpd2r","PUBLIC_SOURCE_REQUIRES_SUPPLIER_CONFIRMATION","","","","KZT","","","","","","CONFIRM_AND_FILL_COMMERCIAL_DATA"
"public-2377f9651ee4a6bd02a7944e","public-2377f9651ee4a6bd02a7944e-variant-default","Насадка P2RD/PD2RD","","","","https://a4d.kz/content/nasadka-p2rdpd2rd","PUBLIC_SOURCE_REQUIRES_SUPPLIER_CONFIRMATION","","","","KZT","","","","","","CONFIRM_AND_FILL_COMMERCIAL_DATA"
"public-2f917308ef7c2640bf2e5462","public-2f917308ef7c2640bf2e5462-variant-default","Насадка P3/PD3 для снятия зубного камня в глубоких карманах.","","","","https://a4d.kz/content/nasadka-p3pd3-dlya-snyatiya-zubnogo-kamnya-v-glubokih-karmanah","PUBLIC_SOURCE_REQUIRES_SUPPLIER_CONFIRMATION","","","","KZT","","","","","","CONFIRM_AND_FILL_COMMERCIAL_DATA"
"public-986e0bda40efcfeb1db48cfd","public-986e0bda40efcfeb1db48cfd-variant-default","Насадка P4/PD4 для очистки и промывания неглубоких десневых карманов","","","","https://a4d.kz/content/nasadka-p4pd4-dlya-ochistki-i-promyvaniya-neglubokih-desnevyh-karmanov","PUBLIC_SOURCE_REQUIRES_SUPPLIER_CONFIRMATION","","","","KZT","","","","","","CONFIRM_AND_FILL_COMMERCIAL_DATA"
"public-472b9a7f6f59ff38bf626207","public-472b9a7f6f59ff38bf626207-variant-default","Насадка P4D/PD4D алмазная для зубного канала, для удаления кальцифицированных фрагментов","","","","https://a4d.kz/content/nasadka-p4dpd4d-almaznaya-dlya-zubnogo-kanala-dlya-udaleniya-kalcificirovannyh-fragmentov","PUBLIC_SOURCE_REQUIRES_SUPPLIER_CONFIRMATION","","","","KZT","","","","","","CONFIRM_AND_FILL_COMMERCIAL_DATA"
"public-0fb3fd6d496c79ce569e81aa","public-0fb3fd6d496c79ce569e81aa-variant-default","Насадка P50L/PD50L","","","","https://a4d.kz/content/nasadka-p50lpd50l","PUBLIC_SOURCE_REQUIRES_SUPPLIER_CONFIRMATION","","","","KZT","","","","","","CONFIRM_AND_FILL_COMMERCIAL_DATA"
"public-004102012531adbd4bc2d513","public-004102012531adbd4bc2d513-variant-default","Насадка P50R/PD50R","","","","https://a4d.kz/content/nasadka-p50rpd50r","PUBLIC_SOURCE_REQUIRES_SUPPLIER_CONFIRMATION","","","","KZT","","","","","","CONFIRM_AND_FILL_COMMERCIAL_DATA"
"public-4231e34c41acc103461f34b0","public-4231e34c41acc103461f34b0-variant-default","Насадка P51L","","","","https://a4d.kz/content/nasadka-p51l","PUBLIC_SOURCE_REQUIRES_SUPPLIER_CONFIRMATION","","","","KZT","","","","","","CONFIRM_AND_FILL_COMMERCIAL_DATA"
"public-beb33878e583c02b88c248ce","public-beb33878e583c02b88c248ce-variant-default","Насадка P51R","","","","https://a4d.kz/content/nasadka-p51r","PUBLIC_SOURCE_REQUIRES_SUPPLIER_CONFIRMATION","","","","KZT","","","","","","CONFIRM_AND_FILL_COMMERCIAL_DATA"
"public-a8c7ca3f2a471e122879c0ce","public-a8c7ca3f2a471e122879c0ce-variant-default","Насадка P52/PD52","","","","https://a4d.kz/content/nasadka-p52pd52","PUBLIC_SOURCE_REQUIRES_SUPPLIER_CONFIRMATION","","","","KZT","","","","","","CONFIRM_AND_FILL_COMMERCIAL_DATA"
"public-103d451aa626f85d0e4e1553","public-103d451aa626f85d0e4e1553-variant-default","Насадка P53L/PD53L","","","","https://a4d.kz/content/nasadka-p53lpd53l","PUBLIC_SOURCE_REQUIRES_SUPPLIER_CONFIRMATION","","","","KZT","","","","","","CONFIRM_AND_FILL_COMMERCIAL_DATA"
"public-ce478b3c4d4fa6f2ffd2f14e","public-ce478b3c4d4fa6f2ffd2f14e-variant-default","Насадка P53R/PD53R","","","","https://a4d.kz/content/nasadka-p53rpd53r","PUBLIC_SOURCE_REQUIRES_SUPPLIER_CONFIRMATION","","","","KZT","","","","","","CONFIRM_AND_FILL_COMMERCIAL_DATA"
"public-a42f29b6f5aa2068ff5009e0","public-a42f29b6f5aa2068ff5009e0-variant-default","Насадка P56/PD56","","","","https://a4d.kz/content/nasadka-p56pd56","PUBLIC_SOURCE_REQUIRES_SUPPLIER_CONFIRMATION","","","","KZT","","","","","","CONFIRM_AND_FILL_COMMERCIAL_DATA"
"public-1719e619c0c1a0aa345d3307","public-1719e619c0c1a0aa345d3307-variant-default","Насадка P59/PD59 титановая насадка для ультразвукового воздействия на ткани пародонта.","","","","https://a4d.kz/content/nasadka-p59pd59-titanovaya-nasadka-dlya-ultrazvukovogo-vozdeystviya-na-tkani-parodonta-0","PUBLIC_SOURCE_REQUIRES_SUPPLIER_CONFIRMATION","","","","KZT","","","","","","CONFIRM_AND_FILL_COMMERCIAL_DATA"
"public-0e3a68705a122793c1c17f82","public-0e3a68705a122793c1c17f82-variant-default","Насадка P7/PD7 для удаления поддесневого налета или камня","","","","https://a4d.kz/content/nasadka-p7pd7-dlya-udaleniya-poddesnevogo-naleta-ili-kamnya","PUBLIC_SOURCE_REQUIRES_SUPPLIER_CONFIRMATION","","","","KZT","","","","","","CONFIRM_AND_FILL_COMMERCIAL_DATA"
"public-b0d8c305942b761efe731a91","public-b0d8c305942b761efe731a91-variant-default","Насадка P8/PD8 для для удаления поддесневого налета или камня","","","","https://a4d.kz/content/nasadka-p8pd8-dlya-dlya-udaleniya-poddesnevogo-naleta-ili-kamnya","PUBLIC_SOURCE_REQUIRES_SUPPLIER_CONFIRMATION","","","","KZT","","","","","","CONFIRM_AND_FILL_COMMERCIAL_DATA"
"public-c4353db50ae15a1f9db2ef07","public-c4353db50ae15a1f9db2ef07-variant-default","Насадка P90/PD90 Титановая насадка для очистки шейки имплантов","","","","https://a4d.kz/content/nasadka-p90pd90-titanovaya-nasadka-dlya-ochistki-sheyki-implantov","PUBLIC_SOURCE_REQUIRES_SUPPLIER_CONFIRMATION","","","","KZT","","","","","","CONFIRM_AND_FILL_COMMERCIAL_DATA"
"public-a175720962db17002b57ccc1","public-a175720962db17002b57ccc1-variant-default","Насадка SB1","","","","https://a4d.kz/content/nasadka-sb1","PUBLIC_SOURCE_REQUIRES_SUPPLIER_CONFIRMATION","","","","KZT","","","","","","CONFIRM_AND_FILL_COMMERCIAL_DATA"
"public-321312043dc71bbc3de21a11","public-321312043dc71bbc3de21a11-variant-default","Насадка SB2","","","","https://a4d.kz/content/nasadka-sb2","PUBLIC_SOURCE_REQUIRES_SUPPLIER_CONFIRMATION","","","","KZT","","","","","","CONFIRM_AND_FILL_COMMERCIAL_DATA"
"public-e093412e428440c6968be027","public-e093412e428440c6968be027-variant-default","Насадка SB3","","","","https://a4d.kz/content/nasadka-sb3","PUBLIC_SOURCE_REQUIRES_SUPPLIER_CONFIRMATION","","","","KZT","","","","","","CONFIRM_AND_FILL_COMMERCIAL_DATA"
"public-ff06d05d859fab2883eb4d35","public-ff06d05d859fab2883eb4d35-variant-default","Насадка SBL","","","","https://a4d.kz/content/nasadka-sbl","PUBLIC_SOURCE_REQUIRES_SUPPLIER_CONFIRMATION","","","","KZT","","","","","","CONFIRM_AND_FILL_COMMERCIAL_DATA"
"public-2962e4c42347b0f93c705fd6","public-2962e4c42347b0f93c705fd6-variant-default","Насадка SBR","","","","https://a4d.kz/content/nasadka-sbr","PUBLIC_SOURCE_REQUIRES_SUPPLIER_CONFIRMATION","","","","KZT","","","","","","CONFIRM_AND_FILL_COMMERCIAL_DATA"
"public-c162dcdcdcd1ed9ebc0c48be","public-c162dcdcdcd1ed9ebc0c48be-variant-default","Насадки для протравки жидкотекучих и прокладочных","","","","https://a4d.kz/content/nasadki-dlya-protravki-zhidkotekuchih-i-prokladochnyh","PUBLIC_SOURCE_REQUIRES_SUPPLIER_CONFIRMATION","","","","KZT","","","","","","CONFIRM_AND_FILL_COMMERCIAL_DATA"
"public-de554f405b8b3fd8156a5012","public-de554f405b8b3fd8156a5012-variant-default","Насадки на эндоактиватор","","","","https://a4d.kz/content/nasadki-na-endoaktivator-0","PUBLIC_SOURCE_REQUIRES_SUPPLIER_CONFIRMATION","","","","KZT","","","","","","CONFIRM_AND_FILL_COMMERCIAL_DATA"
"public-28a9d041a2053ae0ea50d28d","public-28a9d041a2053ae0ea50d28d-variant-default","Насадки на Amdent","","","","https://a4d.kz/content/nasadki-na-amdent","PUBLIC_SOURCE_REQUIRES_SUPPLIER_CONFIRMATION","","","","KZT","","","","","","CONFIRM_AND_FILL_COMMERCIAL_DATA"
"public-632e073f25865e794c7ff98e","public-632e073f25865e794c7ff98e-variant-default","Насадки на KaVo","","","","https://a4d.kz/content/nasadki-na-kavo","PUBLIC_SOURCE_REQUIRES_SUPPLIER_CONFIRMATION","","","","KZT","","","","","","CONFIRM_AND_FILL_COMMERCIAL_DATA"
"public-59e4984e323af1f02c9c8897","public-59e4984e323af1f02c9c8897-variant-default","Насадки поддесневые","","","","https://a4d.kz/content/nasadki-poddesnevye","PUBLIC_SOURCE_REQUIRES_SUPPLIER_CONFIRMATION","","","","KZT","","","","","","CONFIRM_AND_FILL_COMMERCIAL_DATA"
"public-c8f9931946ec8102627e59eb","public-c8f9931946ec8102627e59eb-variant-default","Насадки G7/GD7","","","","https://a4d.kz/content/nasadki-g7gd7","PUBLIC_SOURCE_REQUIRES_SUPPLIER_CONFIRMATION","","","","KZT","","","","","","CONFIRM_AND_FILL_COMMERCIAL_DATA"
"public-a64b4c3e122af2cf0076361b","public-a64b4c3e122af2cf0076361b-variant-default","Нити ролл 12/14/16/18/20","","","","https://a4d.kz/content/niti-roll-1214161820","PUBLIC_SOURCE_REQUIRES_SUPPLIER_CONFIRMATION","","","","KZT","","","","","","CONFIRM_AND_FILL_COMMERCIAL_DATA"
"public-59d820af3b67b5d82bd74083","public-59d820af3b67b5d82bd74083-variant-default","Нить ретракционная Ретрикс фибро размеры 0/1/2/3","","","","https://a4d.kz/content/nit-retrakcionnaya-retriks-fibro-razmery-0123","PUBLIC_SOURCE_REQUIRES_SUPPLIER_CONFIRMATION","","","","KZT","","","","","","CONFIRM_AND_FILL_COMMERCIAL_DATA"
"public-b816801d2f75ba0ee069ad7e","public-b816801d2f75ba0ee069ad7e-variant-default","Нить ретракционная Ретрикс фибро Эпи размеры 0/1/2/3","","","","https://a4d.kz/content/nit-retrakcionnaya-retriks-fibro-epi-razmery-0123","PUBLIC_SOURCE_REQUIRES_SUPPLIER_CONFIRMATION","","","","KZT","","","","","","CONFIRM_AND_FILL_COMMERCIAL_DATA"
"public-a0bf3b27a5cad7d1a7585b18","public-a0bf3b27a5cad7d1a7585b18-variant-default","Нить ретракционная Ретрикс эпи размеры 0/1/2","","","","https://a4d.kz/content/nit-retrakcionnaya-retriks-epi-razmery-012","PUBLIC_SOURCE_REQUIRES_SUPPLIER_CONFIRMATION","","","","KZT","","","","","","CONFIRM_AND_FILL_COMMERCIAL_DATA"
"public-f0cb62f1572753bdbf0abdee","public-f0cb62f1572753bdbf0abdee-variant-default","Нить ретракционная Gingi-FEEK Китай размеры 0/00/000/1/2","","","","https://a4d.kz/content/nit-retrakcionnaya-gingi-feek-kitay-razmery-00000012","PUBLIC_SOURCE_REQUIRES_SUPPLIER_CONFIRMATION","","","","KZT","","","","","","CONFIRM_AND_FILL_COMMERCIAL_DATA"
"public-09435368ec4cdb5533c41352","public-09435368ec4cdb5533c41352-variant-default","Нить ретракционная Gingi-PAK Корея размеры 0/00/000/1/2","","","","https://a4d.kz/content/nit-retrakcionnaya-gingi-pak-koreya-razmery-00000012","PUBLIC_SOURCE_REQUIRES_SUPPLIER_CONFIRMATION","","","","KZT","","","","","","CONFIRM_AND_FILL_COMMERCIAL_DATA"
"public-e9f106059e39d88465dcb951","public-e9f106059e39d88465dcb951-variant-default","Нож для гипса","","","","https://a4d.kz/content/nozh-dlya-gipsa","PUBLIC_SOURCE_REQUIRES_SUPPLIER_CONFIRMATION","","","","KZT","","","","","","CONFIRM_AND_FILL_COMMERCIAL_DATA"
"public-8299e7c884db97749e3521e0","public-8299e7c884db97749e3521e0-variant-default","Ножницы микро хирургические (Англия)","","","","https://a4d.kz/content/nozhnicy-mikro-hirurgicheskie-angliya","PUBLIC_SOURCE_REQUIRES_SUPPLIER_CONFIRMATION","","","","KZT","","","","","","CONFIRM_AND_FILL_COMMERCIAL_DATA"
"public-992cd1a09d4b22ba620c7824","public-992cd1a09d4b22ba620c7824-variant-default","Ножницы прямые 12 см (Англия)","","","","https://a4d.kz/content/nozhnicy-pryamye-12-sm-angliya","PUBLIC_SOURCE_REQUIRES_SUPPLIER_CONFIRMATION","","","","KZT","","","","","","CONFIRM_AND_FILL_COMMERCIAL_DATA"
"public-0bf8182494de50c2de5a359a","public-0bf8182494de50c2de5a359a-variant-default","Ножницы прямые 12 см-Пакистан","","","","https://a4d.kz/content/nozhnicy-pryamye-12-sm-pakistan","PUBLIC_SOURCE_REQUIRES_SUPPLIER_CONFIRMATION","","","","KZT","","","","","","CONFIRM_AND_FILL_COMMERCIAL_DATA"
"public-e035d0902cc335d80728cfae","public-e035d0902cc335d80728cfae-variant-default","Носики 0085 для смещивания к канюлям","","","","https://a4d.kz/content/nosiki-0085-dlya-smeshchivaniya-k-kanyulyam","PUBLIC_SOURCE_REQUIRES_SUPPLIER_CONFIRMATION","","","","KZT","","","","","","CONFIRM_AND_FILL_COMMERCIAL_DATA"
"public-0e36c7ea4214a27337141cdc","public-0e36c7ea4214a27337141cdc-variant-default","Носики 0086 для смещивания к канюлям","","","","https://a4d.kz/content/nosiki-0086-dlya-smeshchivaniya-k-kanyulyam","PUBLIC_SOURCE_REQUIRES_SUPPLIER_CONFIRMATION","","","","KZT","","","","","","CONFIRM_AND_FILL_COMMERCIAL_DATA"
"public-0505ddfe3f38c6e88eb0d075","public-0505ddfe3f38c6e88eb0d075-variant-default","Носики автоклавируемые на Хирургические пылесосы","","","","https://a4d.kz/content/nosiki-avtoklaviruemye-na-hirurgicheskie-pylesosy","PUBLIC_SOURCE_REQUIRES_SUPPLIER_CONFIRMATION","","","","KZT","","","","","","CONFIRM_AND_FILL_COMMERCIAL_DATA"
"public-a3fa99cd58b3adcaae6d41c6","public-a3fa99cd58b3adcaae6d41c6-variant-default","Носики для пистолета капсул","","","","https://a4d.kz/content/nosiki-dlya-pistoleta-kapsul","PUBLIC_SOURCE_REQUIRES_SUPPLIER_CONFIRMATION","","","","KZT","","","","","","CONFIRM_AND_FILL_COMMERCIAL_DATA"
"public-78b5bb4e023245aea484471c","public-78b5bb4e023245aea484471c-variant-default","Обогреватель воска с элекронным сенсором","","","","https://a4d.kz/content/obogrevatel-voska-s-elekronnym-sensorom","PUBLIC_SOURCE_REQUIRES_SUPPLIER_CONFIRMATION","","","","KZT","","","","","","CONFIRM_AND_FILL_COMMERCIAL_DATA"
"public-c6da88bb99e40a4b193cd68b","public-c6da88bb99e40a4b193cd68b-variant-default","Обратный пинцет","","","","https://a4d.kz/content/obratnyy-pincet","PUBLIC_SOURCE_REQUIRES_SUPPLIER_CONFIRMATION","","","","KZT","","","","","","CONFIRM_AND_FILL_COMMERCIAL_DATA"
"public-234dcfaf38370b9a23544fbd","public-234dcfaf38370b9a23544fbd-variant-default","Обтурационная система","","","","https://a4d.kz/content/obturacionnaya-sistema","PUBLIC_SOURCE_REQUIRES_SUPPLIER_CONFIRMATION","","","","KZT","","","","","","CONFIRM_AND_FILL_COMMERCIAL_DATA"
"public-067281797814f53f9594f6d1","public-067281797814f53f9594f6d1-variant-default","Окклюдатор","","","","https://a4d.kz/content/okklyudator","PUBLIC_SOURCE_REQUIRES_SUPPLIER_CONFIRMATION","","","","KZT","","","","","","CONFIRM_AND_FILL_COMMERCIAL_DATA"
"public-93df16f7c6d3fcda12a05022","public-93df16f7c6d3fcda12a05022-variant-default","Окклюдатор магнитный","","","","https://a4d.kz/content/okklyudator-magnitnyy","PUBLIC_SOURCE_REQUIRES_SUPPLIER_CONFIRMATION","","","","KZT","","","","","","CONFIRM_AND_FILL_COMMERCIAL_DATA"
"public-70a4b7658ce18e29f5028c7f","public-70a4b7658ce18e29f5028c7f-variant-default","Оксид алюминия 50 мкр","","","","https://a4d.kz/content/oksid-alyuminiya-50-mkr","PUBLIC_SOURCE_REQUIRES_SUPPLIER_CONFIRMATION","","","","KZT","","","","","","CONFIRM_AND_FILL_COMMERCIAL_DATA"
"public-46d55c38bd0d83f2981f71ac","public-46d55c38bd0d83f2981f71ac-variant-default","Ортодонтическая проволка 0,6mm/0,7mm/0,8mm 0,9mm/1,0mm","","","","https://a4d.kz/content/ortodonticheskaya-provolka-06mm07mm08mm-09mm10mm","PUBLIC_SOURCE_REQUIRES_SUPPLIER_CONFIRMATION","","","","KZT","","","","","","CONFIRM_AND_FILL_COMMERCIAL_DATA"
"public-00332fcb1b6a2968564f04e0","public-00332fcb1b6a2968564f04e0-variant-default","Ортодонтические зеркала","","","","https://a4d.kz/content/ortodonticheskie-zerkala","PUBLIC_SOURCE_REQUIRES_SUPPLIER_CONFIRMATION","","","","KZT","","","","","","CONFIRM_AND_FILL_COMMERCIAL_DATA"
"public-87edb248df59976b4ae4d65b","public-87edb248df59976b4ae4d65b-variant-default","Ортодонтические зеркала металл","","","","https://a4d.kz/content/ortodonticheskie-zerkala-metall","PUBLIC_SOURCE_REQUIRES_SUPPLIER_CONFIRMATION","","","","KZT","","","","","","CONFIRM_AND_FILL_COMMERCIAL_DATA"
"public-eb629e629f9225ed4f825608","public-eb629e629f9225ed4f825608-variant-default","Ортодонтические зеркала стекло","","","","https://a4d.kz/content/ortodonticheskie-zerkala-steklo","PUBLIC_SOURCE_REQUIRES_SUPPLIER_CONFIRMATION","","","","KZT","","","","","","CONFIRM_AND_FILL_COMMERCIAL_DATA"
"public-a390c7dacf2aff83153c52f2","public-a390c7dacf2aff83153c52f2-variant-default","Ортодонтический набор для ухода за брекетами","","","","https://a4d.kz/content/ortodonticheskiy-nabor-dlya-uhoda-za-breketami","PUBLIC_SOURCE_REQUIRES_SUPPLIER_CONFIRMATION","","","","KZT","","","","","","CONFIRM_AND_FILL_COMMERCIAL_DATA"
"public-1158903d44cd3a67ac003e03","public-1158903d44cd3a67ac003e03-variant-default","Ортодонтическй набор инструментов","","","","https://a4d.kz/content/ortodontichesky-nabor-instrumentov","PUBLIC_SOURCE_REQUIRES_SUPPLIER_CONFIRMATION","","","","KZT","","","","","","CONFIRM_AND_FILL_COMMERCIAL_DATA"
"public-e36e2b12f8bc606da3c45e1b","public-e36e2b12f8bc606da3c45e1b-variant-default","Ортопедический элеватор для раскрытия коронки. (Англия)","","","","https://a4d.kz/content/ortopedicheskiy-elevator-dlya-raskrytiya-koronki-angliya","PUBLIC_SOURCE_REQUIRES_SUPPLIER_CONFIRMATION","","","","KZT","","","","","","CONFIRM_AND_FILL_COMMERCIAL_DATA"
"public-f96aa49b3a4aee49c613b077","public-f96aa49b3a4aee49c613b077-variant-default","Ортопедический элеватордля раскрытия коронки. (Англия)","","","","https://a4d.kz/content/ortopedicheskiy-elevatordlya-raskrytiya-koronki-angliya","PUBLIC_SOURCE_REQUIRES_SUPPLIER_CONFIRMATION","","","","KZT","","","","","","CONFIRM_AND_FILL_COMMERCIAL_DATA"
"public-4bfb8cdfbc8e4fccb56d158c","public-4bfb8cdfbc8e4fccb56d158c-variant-default","Оттягиваюший ретрактор","","","","https://a4d.kz/content/ottyagivayushiy-retraktor","PUBLIC_SOURCE_REQUIRES_SUPPLIER_CONFIRMATION","","","","KZT","","","","","","CONFIRM_AND_FILL_COMMERCIAL_DATA"
"public-a0b0ea7e1c8b9feb2946a866","public-a0b0ea7e1c8b9feb2946a866-variant-default","Очки защитные","","","","https://a4d.kz/content/ochki-zashchitnye-2","PUBLIC_SOURCE_REQUIRES_SUPPLIER_CONFIRMATION","","","","KZT","","","","","","CONFIRM_AND_FILL_COMMERCIAL_DATA"
"public-21334a3c44a17fdbe38dbbf8","public-21334a3c44a17fdbe38dbbf8-variant-default","Пакер","","","","https://a4d.kz/content/paker","PUBLIC_SOURCE_REQUIRES_SUPPLIER_CONFIRMATION","","","","KZT","","","","","","CONFIRM_AND_FILL_COMMERCIAL_DATA"
"public-434cc8741816bc30bb2091ea","public-434cc8741816bc30bb2091ea-variant-default","Палитра 1","","","","https://a4d.kz/content/palitra-1","PUBLIC_SOURCE_REQUIRES_SUPPLIER_CONFIRMATION","","","","KZT","","","","","","CONFIRM_AND_FILL_COMMERCIAL_DATA"
"public-b2ec0cbc9cfaede2ad16aef9","public-b2ec0cbc9cfaede2ad16aef9-variant-default","Палитра 12","","","","https://a4d.kz/content/palitra-12","PUBLIC_SOURCE_REQUIRES_SUPPLIER_CONFIRMATION","","","","KZT","","","","","","CONFIRM_AND_FILL_COMMERCIAL_DATA"
"public-a9f3766afcbc375003494b77","public-a9f3766afcbc375003494b77-variant-default","Пароструйный аппарат AX-SCB для очистки оттисков и инструментов, обезжиривания","","","","https://a4d.kz/content/parostruynyy-apparat-ax-scb-dlya-ochistki-ottiskov-i-instrumentov-obezzhirivaniya-0","PUBLIC_SOURCE_REQUIRES_SUPPLIER_CONFIRMATION","","","","KZT","","","","","","CONFIRM_AND_FILL_COMMERCIAL_DATA"
"public-64c88c10536dffe3d1531f0f","public-64c88c10536dffe3d1531f0f-variant-default","Педаль на установку","","","","https://a4d.kz/content/pedal-na-ustanovku","PUBLIC_SOURCE_REQUIRES_SUPPLIER_CONFIRMATION","","","","KZT","","","","","","CONFIRM_AND_FILL_COMMERCIAL_DATA"
"public-91d090fa710882f3f94caf40","public-91d090fa710882f3f94caf40-variant-default","Переходники автоклавируемые для слюноотсосов и пылесосов","","","","https://a4d.kz/content/perehodniki-avtoklaviruemye-dlya-slyunootsosov-i-pylesosov","PUBLIC_SOURCE_REQUIRES_SUPPLIER_CONFIRMATION","","","","KZT","","","","","","CONFIRM_AND_FILL_COMMERCIAL_DATA"
"public-b69894f6e1fe2d6ed5dc42f7","public-b69894f6e1fe2d6ed5dc42f7-variant-default","Переходники для слюноотсосов и пылесосов","","","","https://a4d.kz/content/perehodniki-dlya-slyunootsosov-i-pylesosov","PUBLIC_SOURCE_REQUIRES_SUPPLIER_CONFIRMATION","","","","KZT","","","","","","CONFIRM_AND_FILL_COMMERCIAL_DATA"
"public-3fffa43661b771d867bec330","public-3fffa43661b771d867bec330-variant-default","Пескоструйный аппарат Sand Blasting без воды","","","","https://a4d.kz/content/peskostruynyy-apparat-sand-blasting-bez-vody","PUBLIC_SOURCE_REQUIRES_SUPPLIER_CONFIRMATION","","","","KZT","","","","","","CONFIRM_AND_FILL_COMMERCIAL_DATA"
"public-e15350a8532800ce042522de","public-e15350a8532800ce042522de-variant-default","Пескоструйный аппарат Twin pen","","","","https://a4d.kz/content/peskostruynyy-apparat-twin-pen","PUBLIC_SOURCE_REQUIRES_SUPPLIER_CONFIRMATION","","","","KZT","","","","","","CONFIRM_AND_FILL_COMMERCIAL_DATA"
"public-2264553f5be0acfa8e4faa5b","public-2264553f5be0acfa8e4faa5b-variant-default","Пилки для лобзика 12,7 см/9,8 см/6,8 см","","","","https://a4d.kz/content/pilki-dlya-lobzika-127-sm98-sm68-sm","PUBLIC_SOURCE_REQUIRES_SUPPLIER_CONFIRMATION","","","","KZT","","","","","","CONFIRM_AND_FILL_COMMERCIAL_DATA"
"public-372390abdf03e26ead097e80","public-372390abdf03e26ead097e80-variant-default","Пиндекс","","","","https://a4d.kz/content/pindeks","PUBLIC_SOURCE_REQUIRES_SUPPLIER_CONFIRMATION","","","","KZT","","","","","","CONFIRM_AND_FILL_COMMERCIAL_DATA"
"public-e7a0a6e7ac2de91e63ae6b74","public-e7a0a6e7ac2de91e63ae6b74-variant-default","Пинцет","","","","https://a4d.kz/content/pincet","PUBLIC_SOURCE_REQUIRES_SUPPLIER_CONFIRMATION","","","","KZT","","","","","","CONFIRM_AND_FILL_COMMERCIAL_DATA"
"public-3bba0fd157726e0717d7f607","public-3bba0fd157726e0717d7f607-variant-default","Пинцет изогнутый","","","","https://a4d.kz/content/pincet-izognutyy","PUBLIC_SOURCE_REQUIRES_SUPPLIER_CONFIRMATION","","","","KZT","","","","","","CONFIRM_AND_FILL_COMMERCIAL_DATA"
"public-37e577106e2f5440a3ccb164","public-37e577106e2f5440a3ccb164-variant-default","Пинцет хирургический–микро с алмазным покрытием изогнутый 18см Англия","","","","https://a4d.kz/content/pincet-hirurgicheskiy-mikro-s-almaznym-pokrytiem-izognutyy-18sm-angliya","PUBLIC_SOURCE_REQUIRES_SUPPLIER_CONFIRMATION","","","","KZT","","","","","","CONFIRM_AND_FILL_COMMERCIAL_DATA"
"public-b5b53969a1a9ba6fa27aeeda","public-b5b53969a1a9ba6fa27aeeda-variant-default","Пистолет 1:1/2:1 к А-силиконовым слепочным массам, материалам для регистрации прикуса (оригинал)","","","","https://a4d.kz/content/pistolet-1121-k-silikonovym-slepochnym-massam-materialam-dlya-registracii-prikusa-original","PUBLIC_SOURCE_REQUIRES_SUPPLIER_CONFIRMATION","","","","KZT","","","","","","CONFIRM_AND_FILL_COMMERCIAL_DATA"
"public-5c83cf38298d3e9588ca4d22","public-5c83cf38298d3e9588ca4d22-variant-default","Пистолет 10:1/4:1 при смешивании материалов для временных коронок; мостов,виниров (оригинал)","","","","https://a4d.kz/content/pistolet-10141-pri-smeshivanii-materialov-dlya-vremennyh-koronok-mostovvinirov-original","PUBLIC_SOURCE_REQUIRES_SUPPLIER_CONFIRMATION","","","","KZT","","","","","","CONFIRM_AND_FILL_COMMERCIAL_DATA"
"public-b3146b53872bf449dd1b50e8","public-b3146b53872bf449dd1b50e8-variant-default","Пистолет активатор для капсул","","","","https://a4d.kz/content/pistolet-aktivator-dlya-kapsul-0","PUBLIC_SOURCE_REQUIRES_SUPPLIER_CONFIRMATION","","","","KZT","","","","","","CONFIRM_AND_FILL_COMMERCIAL_DATA"
"public-f8bacb77b25c2bcf87dc025e","public-f8bacb77b25c2bcf87dc025e-variant-default","Пистолет Вода -воздух Германия","","","","https://a4d.kz/content/pistolet-voda-vozduh-germaniya","PUBLIC_SOURCE_REQUIRES_SUPPLIER_CONFIRMATION","","","","KZT","","","","","","CONFIRM_AND_FILL_COMMERCIAL_DATA"
"public-385a4b0c87491d607d44dcc6","public-385a4b0c87491d607d44dcc6-variant-default","Пистолет Вода -воздух Китай","","","","https://a4d.kz/content/pistolet-voda-vozduh-kitay","PUBLIC_SOURCE_REQUIRES_SUPPLIER_CONFIRMATION","","","","KZT","","","","","","CONFIRM_AND_FILL_COMMERCIAL_DATA"
"public-328c60e257b5734d07876c59","public-328c60e257b5734d07876c59-variant-default","Пистолет для капсул (оригинал )","","","","https://a4d.kz/content/pistolet-dlya-kapsul-original","PUBLIC_SOURCE_REQUIRES_SUPPLIER_CONFIRMATION","","","","KZT","","","","","","CONFIRM_AND_FILL_COMMERCIAL_DATA"
"public-6aebb2554b4f63b4bfab47ed","public-6aebb2554b4f63b4bfab47ed-variant-default","Пистолет иньекционный","","","","https://a4d.kz/content/pistolet-inekcionnyy","PUBLIC_SOURCE_REQUIRES_SUPPLIER_CONFIRMATION","","","","KZT","","","","","","CONFIRM_AND_FILL_COMMERCIAL_DATA"
"public-abb22fb44bac49eff9394a60","public-abb22fb44bac49eff9394a60-variant-default","Пистолет ортодонтический для установки лигатур ластиков на брекет","","","","https://a4d.kz/content/pistolet-ortodonticheskiy-dlya-ustanovki-ligatur-lastikov-na-breket","PUBLIC_SOURCE_REQUIRES_SUPPLIER_CONFIRMATION","","","","KZT","","","","","","CONFIRM_AND_FILL_COMMERCIAL_DATA"
"public-97a8e61b611d59f40f193f75","public-97a8e61b611d59f40f193f75-variant-default","Пластины","","","","https://a4d.kz/content/plastiny","PUBLIC_SOURCE_REQUIRES_SUPPLIER_CONFIRMATION","","","","KZT","","","","","","CONFIRM_AND_FILL_COMMERCIAL_DATA"
"public-8f22e64d0339438e0cc972ba","public-8f22e64d0339438e0cc972ba-variant-default","Пластины для капп 1,0/1,5/2,0/3,0 мягкие","","","","https://a4d.kz/content/plastiny-dlya-kapp-10152030-myagkie","PUBLIC_SOURCE_REQUIRES_SUPPLIER_CONFIRMATION","","","","KZT","","","","","","CONFIRM_AND_FILL_COMMERCIAL_DATA"
"public-f9b452b2147bca063bcb6e11","public-f9b452b2147bca063bcb6e11-variant-default","Пластины для капп 1,0/1,5/2,0/3,0 твердый","","","","https://a4d.kz/content/plastiny-dlya-kapp-10152030-tverdyy","PUBLIC_SOURCE_REQUIRES_SUPPLIER_CONFIRMATION","","","","KZT","","","","","","CONFIRM_AND_FILL_COMMERCIAL_DATA"
"public-c7d71a0e26ec60633cc6f9b0","public-c7d71a0e26ec60633cc6f9b0-variant-default","Платочки коффердам Medium,Heavy","","","","https://a4d.kz/content/platochki-kofferdam-mediumheavy","PUBLIC_SOURCE_REQUIRES_SUPPLIER_CONFIRMATION","","","","KZT","","","","","","CONFIRM_AND_FILL_COMMERCIAL_DATA"
"public-a504a5acfaaa44dcc39212ef","public-a504a5acfaaa44dcc39212ef-variant-default","Пленка рентгеновская","","","","https://a4d.kz/content/plenka-rentgenovskaya-0","PUBLIC_SOURCE_REQUIRES_SUPPLIER_CONFIRMATION","","","","KZT","","","","","","CONFIRM_AND_FILL_COMMERCIAL_DATA"
"public-4729ee10ae07dba4ebaac9ca","public-4729ee10ae07dba4ebaac9ca-variant-default","Пленка рентгеновская самопроявляющееся","","","","https://a4d.kz/content/plenka-rentgenovskaya-samoproyavlyayushcheesya","PUBLIC_SOURCE_REQUIRES_SUPPLIER_CONFIRMATION","","","","KZT","","","","","","CONFIRM_AND_FILL_COMMERCIAL_DATA"
"public-85d2665b87327355019e85ce","public-85d2665b87327355019e85ce-variant-default","Подбородочная тяга Combination Headgear L/M/S","","","","https://a4d.kz/content/podborodochnaya-tyaga-combination-headgear-lms","PUBLIC_SOURCE_REQUIRES_SUPPLIER_CONFIRMATION","","","","KZT","","","","","","CONFIRM_AND_FILL_COMMERCIAL_DATA"
"public-51b9cd3b36b819bda39c526a","public-51b9cd3b36b819bda39c526a-variant-default","Подбородочная тяга High-Pull Headgear Kit L/M/S","","","","https://a4d.kz/content/podborodochnaya-tyaga-high-pull-headgear-kit-lms","PUBLIC_SOURCE_REQUIRES_SUPPLIER_CONFIRMATION","","","","KZT","","","","","","CONFIRM_AND_FILL_COMMERCIAL_DATA"
"public-aa4305c11f2e137bd2a5f4b9","public-aa4305c11f2e137bd2a5f4b9-variant-default","Подставка для боров ""Лесенка"" 4-х ступенчатая (56 мест)","","","","https://a4d.kz/content/podstavka-dlya-borov-lesenka-4-h-stupenchataya-56-mest","PUBLIC_SOURCE_REQUIRES_SUPPLIER_CONFIRMATION","","","","KZT","","","","","","CONFIRM_AND_FILL_COMMERCIAL_DATA"
"public-4a435c305aef6230295622cc","public-4a435c305aef6230295622cc-variant-default","Подставка для дуг","","","","https://a4d.kz/content/podstavka-dlya-dug","PUBLIC_SOURCE_REQUIRES_SUPPLIER_CONFIRMATION","","","","KZT","","","","","","CONFIRM_AND_FILL_COMMERCIAL_DATA"
"public-b1018146f32c4e236996bd3e","public-b1018146f32c4e236996bd3e-variant-default","Подставка для емкости 5 ячеек","","","","https://a4d.kz/content/podstavka-dlya-emkosti-5-yacheek","PUBLIC_SOURCE_REQUIRES_SUPPLIER_CONFIRMATION","","","","KZT","","","","","","CONFIRM_AND_FILL_COMMERCIAL_DATA"
"public-16abaefaa3de4c6be86cd9b3","public-16abaefaa3de4c6be86cd9b3-variant-default","Подставка для насадок","","","","https://a4d.kz/content/podstavka-dlya-nasadok","PUBLIC_SOURCE_REQUIRES_SUPPLIER_CONFIRMATION","","","","KZT","","","","","","CONFIRM_AND_FILL_COMMERCIAL_DATA"
"public-84ce1e7cd6aeefaa687f86c9","public-84ce1e7cd6aeefaa687f86c9-variant-default","Подставка для стерилизации клампов 3,912(12 мест)","","","","https://a4d.kz/content/podstavka-dlya-sterilizacii-klampov-391212-mest","PUBLIC_SOURCE_REQUIRES_SUPPLIER_CONFIRMATION","","","","KZT","","","","","","CONFIRM_AND_FILL_COMMERCIAL_DATA"
"public-fe17d1088dacf8217d07189f","public-fe17d1088dacf8217d07189f-variant-default","Подставка для файлов для храненния и дезинфекции 16 секций","","","","https://a4d.kz/content/podstavka-dlya-faylov-dlya-hranenniya-i-dezinfekcii-16-sekciy","PUBLIC_SOURCE_REQUIRES_SUPPLIER_CONFIRMATION","","","","KZT","","","","","","CONFIRM_AND_FILL_COMMERCIAL_DATA"
"public-bd5812184793c9745aec456d","public-bd5812184793c9745aec456d-variant-default","Подставка под инсрументы","","","","https://a4d.kz/content/podstavka-pod-insrumenty","PUBLIC_SOURCE_REQUIRES_SUPPLIER_CONFIRMATION","","","","KZT","","","","","","CONFIRM_AND_FILL_COMMERCIAL_DATA"
"public-197220f69e7f806714e1a849","public-197220f69e7f806714e1a849-variant-default","Позиционер","","","","https://a4d.kz/content/pozicioner","PUBLIC_SOURCE_REQUIRES_SUPPLIER_CONFIRMATION","","","","KZT","","","","","","CONFIRM_AND_FILL_COMMERCIAL_DATA"
"public-3b504ced2a604f2498b6234f","public-3b504ced2a604f2498b6234f-variant-default","Позиционер 0,18 /0,22 ортодонтический размеры S,M,L","","","","https://a4d.kz/content/pozicioner-018-022-ortodonticheskiy-razmery-sml","PUBLIC_SOURCE_REQUIRES_SUPPLIER_CONFIRMATION","","","","KZT","","","","","","CONFIRM_AND_FILL_COMMERCIAL_DATA"
"public-cc2f0cedbb0951b2b5473d21","public-cc2f0cedbb0951b2b5473d21-variant-default","Позиционер 0,18 /0,22 ортодонтический размеры S,M,L Premium","","","","https://a4d.kz/content/pozicioner-018-022-ortodonticheskiy-razmery-sml-premium","PUBLIC_SOURCE_REQUIRES_SUPPLIER_CONFIRMATION","","","","KZT","","","","","","CONFIRM_AND_FILL_COMMERCIAL_DATA"
"public-01b713f2ef39b9d37b5d2cbc","public-01b713f2ef39b9d37b5d2cbc-variant-default","Позиционер для визиографа","","","","https://a4d.kz/content/pozicioner-dlya-viziografa","PUBLIC_SOURCE_REQUIRES_SUPPLIER_CONFIRMATION","","","","KZT","","","","","","CONFIRM_AND_FILL_COMMERCIAL_DATA"
"public-443bd84c2879675140b02007","public-443bd84c2879675140b02007-variant-default","Позиционер для установки брекетов с регулируемой рабочей частью Размеры S/L/M","","","","https://a4d.kz/content/pozicioner-dlya-ustanovki-breketov-s-reguliruemoy-rabochey-chastyu-razmery-slm","PUBLIC_SOURCE_REQUIRES_SUPPLIER_CONFIRMATION","","","","KZT","","","","","","CONFIRM_AND_FILL_COMMERCIAL_DATA"
"public-6bed554c336a9de81d4e09ab","public-6bed554c336a9de81d4e09ab-variant-default","Полимеризатор для пластмасс","","","","https://a4d.kz/content/polimerizator-dlya-plastmass","PUBLIC_SOURCE_REQUIRES_SUPPLIER_CONFIRMATION","","","","KZT","","","","","","CONFIRM_AND_FILL_COMMERCIAL_DATA"
"public-e485673b59b13a8d58e84485","public-e485673b59b13a8d58e84485-variant-default","Полировочные щетки","","","","https://a4d.kz/content/polirovochnye-shchetki-0","PUBLIC_SOURCE_REQUIRES_SUPPLIER_CONFIRMATION","","","","KZT","","","","","","CONFIRM_AND_FILL_COMMERCIAL_DATA"
"public-74f9665d96fce701b14db4dd","public-74f9665d96fce701b14db4dd-variant-default","Полировочные щетки металические","","","","https://a4d.kz/content/polirovochnye-shchetki-metalicheskie","PUBLIC_SOURCE_REQUIRES_SUPPLIER_CONFIRMATION","","","","KZT","","","","","","CONFIRM_AND_FILL_COMMERCIAL_DATA"
"public-b54f308d3187933e4945420b","public-b54f308d3187933e4945420b-variant-default","Полировочные щетки на прямой наконечник","","","","https://a4d.kz/content/polirovochnye-shchetki-na-pryamoy-nakonechnik-0","PUBLIC_SOURCE_REQUIRES_SUPPLIER_CONFIRMATION","","","","KZT","","","","","","CONFIRM_AND_FILL_COMMERCIAL_DATA"
"public-a673265a04bc48396f3bbdab","public-a673265a04bc48396f3bbdab-variant-default","Полиры зуботехнические","","","","https://a4d.kz/content/poliry-zubotehnicheskie","PUBLIC_SOURCE_REQUIRES_SUPPLIER_CONFIRMATION","","","","KZT","","","","","","CONFIRM_AND_FILL_COMMERCIAL_DATA"
"public-680ab3a56891d63ac5ba29ca","public-680ab3a56891d63ac5ba29ca-variant-default","Понижающий наконечник 20:1 CX-235C6-19 (B-20-4) двойная система изоляции головки","","","","https://a4d.kz/content/ponizhayushchiy-nakonechnik-201-cx-235c6-19-b-20-4-dvoynaya-sistema-izolyacii-golovki","PUBLIC_SOURCE_REQUIRES_SUPPLIER_CONFIRMATION","","","","KZT","","","","","","CONFIRM_AND_FILL_COMMERCIAL_DATA"
"public-b36fc8bab91497c4cf9febf2","public-b36fc8bab91497c4cf9febf2-variant-default","Понижающий наконечник 20:1 CX-235C6-22кнопочный Свет – фиброоптика Торк-более 75 НСМ.","","","","https://a4d.kz/content/ponizhayushchiy-nakonechnik-201-cx-235c6-22knopochnyy-svet-fibrooptika-tork-bolee-75-nsm","PUBLIC_SOURCE_REQUIRES_SUPPLIER_CONFIRMATION","","","","KZT","","","","","","CONFIRM_AND_FILL_COMMERCIAL_DATA"
"public-8ab807b0ccc7933e24a5d240","public-8ab807b0ccc7933e24a5d240-variant-default","Понижающий наконечник 20:1 CX-235C6-23 (B20-8)","","","","https://a4d.kz/content/ponizhayushchiy-nakonechnik-201-cx-235c6-23-b20-8","PUBLIC_SOURCE_REQUIRES_SUPPLIER_CONFIRMATION","","","","KZT","","","","","","CONFIRM_AND_FILL_COMMERCIAL_DATA"
"public-4ffa6d9004fae09d69bce70f","public-4ffa6d9004fae09d69bce70f-variant-default","Посадочная коробка с раздельной пресс-формой","","","","https://a4d.kz/content/posadochnaya-korobka-s-razdelnoy-press-formoy","PUBLIC_SOURCE_REQUIRES_SUPPLIER_CONFIRMATION","","","","KZT","","","","","","CONFIRM_AND_FILL_COMMERCIAL_DATA"
"public-f0db1d6532798cbc21c8fbc2","public-f0db1d6532798cbc21c8fbc2-variant-default","Прессформы AX-HMP1 для гидродин. протезирования для предварительного прессования зубных фляг для реставрации","","","","https://a4d.kz/content/pressformy-ax-hmp1-dlya-gidrodin-protezirovaniya-dlya-predvaritelnogo-pressovaniya-zubnyh","PUBLIC_SOURCE_REQUIRES_SUPPLIER_CONFIRMATION","","","","KZT","","","","","","CONFIRM_AND_FILL_COMMERCIAL_DATA"
"public-55004492dceeb74ff6f35109","public-55004492dceeb74ff6f35109-variant-default","Прецизионный нож с насадками","","","","https://a4d.kz/content/precizionnyy-nozh-s-nasadkami","PUBLIC_SOURCE_REQUIRES_SUPPLIER_CONFIRMATION","","","","KZT","","","","","","CONFIRM_AND_FILL_COMMERCIAL_DATA"
"public-c91fd609e81725b7becfbeec","public-c91fd609e81725b7becfbeec-variant-default","Прикусные блоки Взрослый, средний детский","","","","https://a4d.kz/content/prikusnye-bloki-vzroslyy-sredniy-detskiy-2","PUBLIC_SOURCE_REQUIRES_SUPPLIER_CONFIRMATION","","","","KZT","","","","","","CONFIRM_AND_FILL_COMMERCIAL_DATA"
"public-ea799c49301e9baedbf44603","public-ea799c49301e9baedbf44603-variant-default","Проволока лигатурная в бобине 0,020/0,025/0,030","","","","https://a4d.kz/content/provoloka-ligaturnaya-v-bobine-002000250030","PUBLIC_SOURCE_REQUIRES_SUPPLIER_CONFIRMATION","","","","KZT","","","","","","CONFIRM_AND_FILL_COMMERCIAL_DATA"
"public-1cc94121082b1c115817ce92","public-1cc94121082b1c115817ce92-variant-default","Пропхы пасте ринг","","","","https://a4d.kz/content/prophy-paste-ring","PUBLIC_SOURCE_REQUIRES_SUPPLIER_CONFIRMATION","","","","KZT","","","","","","CONFIRM_AND_FILL_COMMERCIAL_DATA"
"public-47975797e937a28e74e9f69e","public-47975797e937a28e74e9f69e-variant-default","Протравочный гель ДС Полир","","","","https://a4d.kz/content/protravochnyy-gel-ds-polir","PUBLIC_SOURCE_REQUIRES_SUPPLIER_CONFIRMATION","","","","KZT","","","","","","CONFIRM_AND_FILL_COMMERCIAL_DATA"
"public-5535d14a344fba276c39afa0","public-5535d14a344fba276c39afa0-variant-default","Пульпоэкстрактор","","","","https://a4d.kz/content/pulpoekstraktor","PUBLIC_SOURCE_REQUIRES_SUPPLIER_CONFIRMATION","","","","KZT","","","","","","CONFIRM_AND_FILL_COMMERCIAL_DATA"
"public-6b378ffb39370c6c5e766e00","public-6b378ffb39370c6c5e766e00-variant-default","Пылесосы автоклавируемые 11 mm","","","","https://a4d.kz/content/pylesosy-avtoklaviruemye-11-mm","PUBLIC_SOURCE_REQUIRES_SUPPLIER_CONFIRMATION","","","","KZT","","","","","","CONFIRM_AND_FILL_COMMERCIAL_DATA"
"public-42b73e555e71878cfea37f17","public-42b73e555e71878cfea37f17-variant-default","Пылесосы автоклавируемые 16 mm","","","","https://a4d.kz/content/pylesosy-avtoklaviruemye-16-mm","PUBLIC_SOURCE_REQUIRES_SUPPLIER_CONFIRMATION","","","","KZT","","","","","","CONFIRM_AND_FILL_COMMERCIAL_DATA"
"public-a7cf7381931fed369067e33c","public-a7cf7381931fed369067e33c-variant-default","Пылесосы взрослый","","","","https://a4d.kz/content/pylesosy-vzroslyy","PUBLIC_SOURCE_REQUIRES_SUPPLIER_CONFIRMATION","","","","KZT","","","","","","CONFIRM_AND_FILL_COMMERCIAL_DATA"
"public-ab29c760c5e932cc69699204","public-ab29c760c5e932cc69699204-variant-default","Пылесосы детский","","","","https://a4d.kz/content/pylesosy-detskiy","PUBLIC_SOURCE_REQUIRES_SUPPLIER_CONFIRMATION","","","","KZT","","","","","","CONFIRM_AND_FILL_COMMERCIAL_DATA"
"public-0dba4b0584c5a89f01f510e7","public-0dba4b0584c5a89f01f510e7-variant-default","Пьезо римерс","","","","https://a4d.kz/content/pezo-rimers","PUBLIC_SOURCE_REQUIRES_SUPPLIER_CONFIRMATION","","","","KZT","","","","","","CONFIRM_AND_FILL_COMMERCIAL_DATA"
"public-70d9a2332013655b3fa0359a","public-70d9a2332013655b3fa0359a-variant-default","Рамка для коффердама с фиксаторами нити 110 мм х 100 мм средняя 3,402B","","","","https://a4d.kz/content/ramka-dlya-kofferdama-s-fiksatorami-niti-110-mm-h-100-mm-srednyaya-3402b","PUBLIC_SOURCE_REQUIRES_SUPPLIER_CONFIRMATION","","","","KZT","","","","","","CONFIRM_AND_FILL_COMMERCIAL_DATA"
"public-4e5e0ca9bc7c765d3d5c255d","public-4e5e0ca9bc7c765d3d5c255d-variant-default","Рамка для коффердама с фиксаторами нити 128 мм х 125 мм большая 3,403B","","","","https://a4d.kz/content/ramka-dlya-kofferdama-s-fiksatorami-niti-128-mm-h-125-mm-bolshaya-3403b","PUBLIC_SOURCE_REQUIRES_SUPPLIER_CONFIRMATION","","","","KZT","","","","","","CONFIRM_AND_FILL_COMMERCIAL_DATA"
"public-189fe6b8dfd2aa4f142eeece","public-189fe6b8dfd2aa4f142eeece-variant-default","Рамка для коффердама с фиксаторами нити, 93 мм х 91 мм детская 1,401A","","","","https://a4d.kz/content/ramka-dlya-kofferdama-s-fiksatorami-niti-93-mm-h-91-mm-detskaya-1401a","PUBLIC_SOURCE_REQUIRES_SUPPLIER_CONFIRMATION","","","","KZT","","","","","","CONFIRM_AND_FILL_COMMERCIAL_DATA"
"public-80c4ca43713dd227d7750c53","public-80c4ca43713dd227d7750c53-variant-default","Рамка коффердама","","","","https://a4d.kz/content/ramka-kofferdama","PUBLIC_SOURCE_REQUIRES_SUPPLIER_CONFIRMATION","","","","KZT","","","","","","CONFIRM_AND_FILL_COMMERCIAL_DATA"
"public-3705d41b89c6aaad97510d96","public-3705d41b89c6aaad97510d96-variant-default","Расцветка 3D","","","","https://a4d.kz/content/rascvetka-3d","PUBLIC_SOURCE_REQUIRES_SUPPLIER_CONFIRMATION","","","","KZT","","","","","","CONFIRM_AND_FILL_COMMERCIAL_DATA"
"public-8527a7c2397ce74cba939260","public-8527a7c2397ce74cba939260-variant-default","Расцветка класическая","","","","https://a4d.kz/content/rascvetka-klasicheskaya","PUBLIC_SOURCE_REQUIRES_SUPPLIER_CONFIRMATION","","","","KZT","","","","","","CONFIRM_AND_FILL_COMMERCIAL_DATA"
"public-7319b1f21c6e7a3113293c28","public-7319b1f21c6e7a3113293c28-variant-default","Резинки полировочные Prophy cups","","","","https://a4d.kz/content/rezinki-polirovochnye-prophy-cups-2","PUBLIC_SOURCE_REQUIRES_SUPPLIER_CONFIRMATION","","","","KZT","","","","","","CONFIRM_AND_FILL_COMMERCIAL_DATA"
"public-7437c9bfbfa3792dfd9aeaa8","public-7437c9bfbfa3792dfd9aeaa8-variant-default","Резиновая форма","","","","https://a4d.kz/content/rezinovaya-forma","PUBLIC_SOURCE_REQUIRES_SUPPLIER_CONFIRMATION","","","","KZT","","","","","","CONFIRM_AND_FILL_COMMERCIAL_DATA"
"public-1d13e6f99bdbd7c6b3869534","public-1d13e6f99bdbd7c6b3869534-variant-default","Резиновые тяги 2,5Oz 3,5Oz 4,5Oz 5,0Oz 6,5Oz Лиса 1/4 , Белка 1/8 , Обезьяна 3/8 ,Кролик3/16 , Пигвин 5/16","","","","https://a4d.kz/content/rezinovye-tyagi-25oz-35oz-45oz-50oz-65oz-lisa-14-belka-18-obezyana-38-krolik316-pigvin-516","PUBLIC_SOURCE_REQUIRES_SUPPLIER_CONFIRMATION","","","","KZT","","","","","","CONFIRM_AND_FILL_COMMERCIAL_DATA"
"public-246396b28ec04eaa70b2679a","public-246396b28ec04eaa70b2679a-variant-default","Резиновые тяги Zoo 2,5Oz 3,5Oz 4,5Oz 5,0Oz 6,5Oz Лиса 1/4 , Белка 1/8 , Обезьяна 3/8 ,Кролик3/16 , Пигвин 5/16","","","","https://a4d.kz/content/rezinovye-tyagi-zoo-25oz-35oz-45oz-50oz-65oz-lisa-14-belka-18-obezyana-38-krolik316-pigvin","PUBLIC_SOURCE_REQUIRES_SUPPLIER_CONFIRMATION","","","","KZT","","","","","","CONFIRM_AND_FILL_COMMERCIAL_DATA"
"public-4b5ff0a304536b118230f028","public-4b5ff0a304536b118230f028-variant-default","Рентген аппарат С27","","","","https://a4d.kz/content/rentgen-apparat-s27","PUBLIC_SOURCE_REQUIRES_SUPPLIER_CONFIRMATION","","","","KZT","","","","","","CONFIRM_AND_FILL_COMMERCIAL_DATA"
"public-52043392e2d9c5f051c3d604","public-52043392e2d9c5f051c3d604-variant-default","Рентген аппарат С28P + визиографC62","","","","https://a4d.kz/content/rentgen-apparat-s28p-viziografc62","PUBLIC_SOURCE_REQUIRES_SUPPLIER_CONFIRMATION","","","","KZT","","","","","","CONFIRM_AND_FILL_COMMERCIAL_DATA"
"public-d5de1d584378461cf492e7f0","public-d5de1d584378461cf492e7f0-variant-default","Рентген аппарат С28P + визиографC62B","","","","https://a4d.kz/content/rentgen-apparat-s28p-viziografc62b","PUBLIC_SOURCE_REQUIRES_SUPPLIER_CONFIRMATION","","","","KZT","","","","","","CONFIRM_AND_FILL_COMMERCIAL_DATA"
"public-d6d79578f6679812a9a29b59","public-d6d79578f6679812a9a29b59-variant-default","Рентген аппарат SIGER","","","","https://a4d.kz/content/rentgen-apparat-siger","PUBLIC_SOURCE_REQUIRES_SUPPLIER_CONFIRMATION","","","","KZT","","","","","","CONFIRM_AND_FILL_COMMERCIAL_DATA"
"public-75e0b6a5a0a001fd7003ebde","public-75e0b6a5a0a001fd7003ebde-variant-default","Рентген аппаратC27A","","","","https://a4d.kz/content/rentgen-apparatc27a","PUBLIC_SOURCE_REQUIRES_SUPPLIER_CONFIRMATION","","","","KZT","","","","","","CONFIRM_AND_FILL_COMMERCIAL_DATA"
"public-950560973284832d4dddc3f8","public-950560973284832d4dddc3f8-variant-default","Ретрактор","","","","https://a4d.kz/content/retraktor-1","PUBLIC_SOURCE_REQUIRES_SUPPLIER_CONFIRMATION","","","","KZT","","","","","","CONFIRM_AND_FILL_COMMERCIAL_DATA"
"public-f314615abe8e6408fcd61673","public-f314615abe8e6408fcd61673-variant-default","Ретрактор 3D","","","","https://a4d.kz/content/3d-retraktor","PUBLIC_SOURCE_REQUIRES_SUPPLIER_CONFIRMATION","","","","KZT","","","","","","CONFIRM_AND_FILL_COMMERCIAL_DATA"
"public-16fa24cdc3fe73ccc5509c56","public-16fa24cdc3fe73ccc5509c56-variant-default","Ретрактор двухсторонний","","","","https://a4d.kz/content/retraktor-dvuhstoronniy","PUBLIC_SOURCE_REQUIRES_SUPPLIER_CONFIRMATION","","","","KZT","","","","","","CONFIRM_AND_FILL_COMMERCIAL_DATA"
"public-8b49b800da8c46eab48d6167","public-8b49b800da8c46eab48d6167-variant-default","Ретрактор для губ и языка взрослый, подростковый или детский","","","","https://a4d.kz/content/retraktor-dlya-gub-i-yazyka-vzroslyy-podrostkovyy-ili-detskiy","PUBLIC_SOURCE_REQUIRES_SUPPLIER_CONFIRMATION","","","","KZT","","","","","","CONFIRM_AND_FILL_COMMERCIAL_DATA"
"public-1b746f088ba5c181d3337f8b","public-1b746f088ba5c181d3337f8b-variant-default","Ретрактор для губ и языка с зеркалом","","","","https://a4d.kz/content/retraktor-dlya-gub-i-yazyka-s-zerkalom","PUBLIC_SOURCE_REQUIRES_SUPPLIER_CONFIRMATION","","","","KZT","","","","","","CONFIRM_AND_FILL_COMMERCIAL_DATA"
"public-26d33fa3bfec1c9de383c560","public-26d33fa3bfec1c9de383c560-variant-default","Ретрактор для колец","","","","https://a4d.kz/content/retraktor-dlya-kolec","PUBLIC_SOURCE_REQUIRES_SUPPLIER_CONFIRMATION","","","","KZT","","","","","","CONFIRM_AND_FILL_COMMERCIAL_DATA"
"public-3e758591789c91156c08b2d8","public-3e758591789c91156c08b2d8-variant-default","Ретрактор оттягивающий взрослый","","","","https://a4d.kz/content/retraktor-ottyagivayushchiy-vzroslyy","PUBLIC_SOURCE_REQUIRES_SUPPLIER_CONFIRMATION","","","","KZT","","","","","","CONFIRM_AND_FILL_COMMERCIAL_DATA"
"public-3e87620d0d68d1dd5a7dfeaf","public-3e87620d0d68d1dd5a7dfeaf-variant-default","Ретрактор оттягивающий взрослый или детский","","","","https://a4d.kz/content/retraktor-ottyagivayushchiy-vzroslyy-ili-detskiy-3","PUBLIC_SOURCE_REQUIRES_SUPPLIER_CONFIRMATION","","","","KZT","","","","","","CONFIRM_AND_FILL_COMMERCIAL_DATA"
"public-d962d261f60503fce89049a1","public-d962d261f60503fce89049a1-variant-default","Ретрактор TS","","","","https://a4d.kz/content/retraktor-ts","PUBLIC_SOURCE_REQUIRES_SUPPLIER_CONFIRMATION","","","","KZT","","","","","","CONFIRM_AND_FILL_COMMERCIAL_DATA"
"public-9f4c2437d3b3251caa45df81","public-9f4c2437d3b3251caa45df81-variant-default","Ретракторы половинчатые","","","","https://a4d.kz/content/retraktory-polovinchatye","PUBLIC_SOURCE_REQUIRES_SUPPLIER_CONFIRMATION","","","","KZT","","","","","","CONFIRM_AND_FILL_COMMERCIAL_DATA"
"public-2f508791a66a022cd14f0aa9","public-2f508791a66a022cd14f0aa9-variant-default","Римеры Niti","","","","https://a4d.kz/content/rimery-niti-0","PUBLIC_SOURCE_REQUIRES_SUPPLIER_CONFIRMATION","","","","KZT","","","","","","CONFIRM_AND_FILL_COMMERCIAL_DATA"
"public-cc0c1591203b1a4e6c701d4c","public-cc0c1591203b1a4e6c701d4c-variant-default","Роторасширитель","","","","https://a4d.kz/content/rotorasshiritel","PUBLIC_SOURCE_REQUIRES_SUPPLIER_CONFIRMATION","","","","KZT","","","","","","CONFIRM_AND_FILL_COMMERCIAL_DATA"
"public-f58d4989d653ca8f4e9bd462","public-f58d4989d653ca8f4e9bd462-variant-default","Роторные файлы NIC A","","","","https://a4d.kz/content/rotornye-fayly-nic","PUBLIC_SOURCE_REQUIRES_SUPPLIER_CONFIRMATION","","","","KZT","","","","","","CONFIRM_AND_FILL_COMMERCIAL_DATA"
"public-1f81920b3108af407049c704","public-1f81920b3108af407049c704-variant-default","Ручка 1,109 для держателя (1,369)","","","","https://a4d.kz/content/ruchka-1109-dlya-derzhatelya-1369","PUBLIC_SOURCE_REQUIRES_SUPPLIER_CONFIRMATION","","","","KZT","","","","","","CONFIRM_AND_FILL_COMMERCIAL_DATA"
"public-889a88de5936f9f03c9cedd7","public-889a88de5936f9f03c9cedd7-variant-default","Ручка скалера -со светом","","","","https://a4d.kz/content/ruchka-skalera-so-svetom","PUBLIC_SOURCE_REQUIRES_SUPPLIER_CONFIRMATION","","","","KZT","","","","","","CONFIRM_AND_FILL_COMMERCIAL_DATA"
"public-da44d3586361d78eed648385","public-da44d3586361d78eed648385-variant-default","Ручка скальпеля","","","","https://a4d.kz/content/ruchka-skalpelya","PUBLIC_SOURCE_REQUIRES_SUPPLIER_CONFIRMATION","","","","KZT","","","","","","CONFIRM_AND_FILL_COMMERCIAL_DATA"
"public-1e5173d0103ca55bab19db02","public-1e5173d0103ca55bab19db02-variant-default","Ручка скальпеля 2","","","","https://a4d.kz/content/ruchka-skalpelya-2","PUBLIC_SOURCE_REQUIRES_SUPPLIER_CONFIRMATION","","","","KZT","","","","","","CONFIRM_AND_FILL_COMMERCIAL_DATA"
"public-ec8a2b1db5ed59d9ef6a9da2","public-ec8a2b1db5ed59d9ef6a9da2-variant-default","Ручка скальпеля 3","","","","https://a4d.kz/content/ruchka-skalpelya-3","PUBLIC_SOURCE_REQUIRES_SUPPLIER_CONFIRMATION","","","","KZT","","","","","","CONFIRM_AND_FILL_COMMERCIAL_DATA"
"public-b109ccf5d9aa76f96d9fc65b","public-b109ccf5d9aa76f96d9fc65b-variant-default","Ручной плагер для вертикальной конденсации","","","","https://a4d.kz/content/ruchnoy-plager-dlya-vertikalnoy-kondensacii-0","PUBLIC_SOURCE_REQUIRES_SUPPLIER_CONFIRMATION","","","","KZT","","","","","","CONFIRM_AND_FILL_COMMERCIAL_DATA"
"public-ac07f03ac1fb10bde2dabb09","public-ac07f03ac1fb10bde2dabb09-variant-default","С16 -01 модель","","","","https://a4d.kz/content/s16-01-model","PUBLIC_SOURCE_REQUIRES_SUPPLIER_CONFIRMATION","","","","KZT","","","","","","CONFIRM_AND_FILL_COMMERCIAL_DATA"
"public-87ce620278a43141738a0003","public-87ce620278a43141738a0003-variant-default","С16 модель","","","","https://a4d.kz/content/s16-model","PUBLIC_SOURCE_REQUIRES_SUPPLIER_CONFIRMATION","","","","KZT","","","","","","CONFIRM_AND_FILL_COMMERCIAL_DATA"
"public-c35fc8e90df17fde2b7f545e","public-c35fc8e90df17fde2b7f545e-variant-default","Самолигирующие замки","","","","https://a4d.kz/content/samoligiruyushchie-zamki","PUBLIC_SOURCE_REQUIRES_SUPPLIER_CONFIRMATION","","","","KZT","","","","","","CONFIRM_AND_FILL_COMMERCIAL_DATA"
"public-4c2701a1f3ab22fa4f8f2a4b","public-4c2701a1f3ab22fa4f8f2a4b-variant-default","Светодиодная лампа","","","","https://a4d.kz/content/svetodiodnaya-lampa-0","PUBLIC_SOURCE_REQUIRES_SUPPLIER_CONFIRMATION","","","","KZT","","","","","","CONFIRM_AND_FILL_COMMERCIAL_DATA"
"public-b103812cce9834159d58c722","public-b103812cce9834159d58c722-variant-default","Сепаратор","","","","https://a4d.kz/content/separator","PUBLIC_SOURCE_REQUIRES_SUPPLIER_CONFIRMATION","","","","KZT","","","","","","CONFIRM_AND_FILL_COMMERCIAL_DATA"
"public-6c0d80a9620d6426c7f9d4f1","public-6c0d80a9620d6426c7f9d4f1-variant-default","Силиконовые кисточки с большой головой для реставрации","","","","https://a4d.kz/content/silikonovye-kistochki-s-bolshoy-golovoy-dlya-restavracii","PUBLIC_SOURCE_REQUIRES_SUPPLIER_CONFIRMATION","","","","KZT","","","","","","CONFIRM_AND_FILL_COMMERCIAL_DATA"
"public-a01cacc9ac0fb505d5a4dd8c","public-a01cacc9ac0fb505d5a4dd8c-variant-default","Система для извлечения сломанных инстрментов","","","","https://a4d.kz/content/sistema-dlya-izvlecheniya-slomannyh-instrmentov","PUBLIC_SOURCE_REQUIRES_SUPPLIER_CONFIRMATION","","","","KZT","","","","","","CONFIRM_AND_FILL_COMMERCIAL_DATA"
"public-49b40992357eb20820ed1e25","public-49b40992357eb20820ed1e25-variant-default","Скайсы стразы для зубов ассорти, прозрачные","","","","https://a4d.kz/content/skaysy-strazy-dlya-zubov-assorti-prozrachnye-0","PUBLIC_SOURCE_REQUIRES_SUPPLIER_CONFIRMATION","","","","KZT","","","","","","CONFIRM_AND_FILL_COMMERCIAL_DATA"
"public-dbba818d25554b237a86d429","public-dbba818d25554b237a86d429-variant-default","Скалер встраиваемый в установку без света","","","","https://a4d.kz/content/skaler-vstraivaemyy-v-ustanovku-bez-sveta","PUBLIC_SOURCE_REQUIRES_SUPPLIER_CONFIRMATION","","","","KZT","","","","","","CONFIRM_AND_FILL_COMMERCIAL_DATA"
"public-a88897d84c6c0085bb9c4be8","public-a88897d84c6c0085bb9c4be8-variant-default","Скальпель одноразовый с ручкой №10, №11, №12, №13, №14, №15,№15C","","","","https://a4d.kz/content/skalpel-odnorazovyy-s-ruchkoy-no10-no11-no12-no13-no14-no15no15c","PUBLIC_SOURCE_REQUIRES_SUPPLIER_CONFIRMATION","","","","KZT","","","","","","CONFIRM_AND_FILL_COMMERCIAL_DATA"
"public-477e047697bb204efdf7faf3","public-477e047697bb204efdf7faf3-variant-default","Скальпель одноразовый №10, №11, №12, №13, №14, №15, №15C","","","","https://a4d.kz/content/skalpel-odnorazovyy-no10-no11-no12-no13-no14-no15-no15c","PUBLIC_SOURCE_REQUIRES_SUPPLIER_CONFIRMATION","","","","KZT","","","","","","CONFIRM_AND_FILL_COMMERCIAL_DATA"
"public-67cb9fd74b64c10d333f54d7","public-67cb9fd74b64c10d333f54d7-variant-default","Сканер EQ600 передача изображения на ПК","","","","https://a4d.kz/content/skaner-eq600-peredacha-izobrazheniya-na-pk","PUBLIC_SOURCE_REQUIRES_SUPPLIER_CONFIRMATION","","","","KZT","","","","","","CONFIRM_AND_FILL_COMMERCIAL_DATA"
"public-1033aab81bd7937324cf87c1","public-1033aab81bd7937324cf87c1-variant-default","Скрев пост реамер (спр) 1-6 32 мм","","","","https://a4d.kz/content/screw-post-reamer-spr-1-6-32mm","PUBLIC_SOURCE_REQUIRES_SUPPLIER_CONFIRMATION","","","","KZT","","","","","","CONFIRM_AND_FILL_COMMERCIAL_DATA"
"public-efa5dabb97034b009a4cadab","public-efa5dabb97034b009a4cadab-variant-default","Слепочные ложки для имплантации","","","","https://a4d.kz/content/slepochnye-lozhki-dlya-implantacii","PUBLIC_SOURCE_REQUIRES_SUPPLIER_CONFIRMATION","","","","KZT","","","","","","CONFIRM_AND_FILL_COMMERCIAL_DATA"
"public-64cb3124cfead2837994c36c","public-64cb3124cfead2837994c36c-variant-default","Слепочные ложки оттискные перфорированные пластмассовые ложки","","","","https://a4d.kz/content/slepochnye-lozhki-ottisknye-perforirovannye-plastmassovye-lozhki-5","PUBLIC_SOURCE_REQUIRES_SUPPLIER_CONFIRMATION","","","","KZT","","","","","","CONFIRM_AND_FILL_COMMERCIAL_DATA"
"public-332933aca511e9c33c282283","public-332933aca511e9c33c282283-variant-default","Спиртовка","","","","https://a4d.kz/content/spirtovka","PUBLIC_SOURCE_REQUIRES_SUPPLIER_CONFIRMATION","","","","KZT","","","","","","CONFIRM_AND_FILL_COMMERCIAL_DATA"
"public-6c8e01e653e1a192d0230bd8","public-6c8e01e653e1a192d0230bd8-variant-default","Спредеры Niti","","","","https://a4d.kz/content/spredery-niti","PUBLIC_SOURCE_REQUIRES_SUPPLIER_CONFIRMATION","","","","KZT","","","","","","CONFIRM_AND_FILL_COMMERCIAL_DATA"
"public-70b0ad4a020bd6be8196d606","public-70b0ad4a020bd6be8196d606-variant-default","Стальные штифты набор 120 шт","","","","https://a4d.kz/content/stalnye-shtifty-nabor-120-sht","PUBLIC_SOURCE_REQUIRES_SUPPLIER_CONFIRMATION","","","","KZT","","","","","","CONFIRM_AND_FILL_COMMERCIAL_DATA"
"public-e29afb7ee7cdf3b5b0229013","public-e29afb7ee7cdf3b5b0229013-variant-default","Стальные штифты Размеры L1/L2/L3/M1/M2/M3/ S1/S2/S3","","","","https://a4d.kz/content/stalnye-shtifty-razmery-l1l2l3m1m2m3-s1s2s3","PUBLIC_SOURCE_REQUIRES_SUPPLIER_CONFIRMATION","","","","KZT","","","","","","CONFIRM_AND_FILL_COMMERCIAL_DATA"
"public-60c2c45f041787731a5a36c0","public-60c2c45f041787731a5a36c0-variant-default","Станок лазерный для сверления AX-88 Штифтование разборных моделей;Изготовления протяжённых мостов с максимальной точностью;","","","","https://a4d.kz/content/stanok-lazernyy-dlya-sverleniya-ax-88-shtiftovanie-razbornyh-modeleyizgotovleniya","PUBLIC_SOURCE_REQUIRES_SUPPLIER_CONFIRMATION","","","","KZT","","","","","","CONFIRM_AND_FILL_COMMERCIAL_DATA"
"public-5624e3fb57f594e738f1f103","public-5624e3fb57f594e738f1f103-variant-default","Стекло для замешивания без лунок 2,090-1","","","","https://a4d.kz/content/steklo-dlya-zameshivaniya-bez-lunok-2090-1","PUBLIC_SOURCE_REQUIRES_SUPPLIER_CONFIRMATION","","","","KZT","","","","","","CONFIRM_AND_FILL_COMMERCIAL_DATA"
"public-b7899dc69bb9ed108f7ef225","public-b7899dc69bb9ed108f7ef225-variant-default","Стекловолоконные штифты FiberPost Размеры 1,1/1,3","","","","https://a4d.kz/content/steklovolokonnye-shtifty-fiberpost-razmery-1113","PUBLIC_SOURCE_REQUIRES_SUPPLIER_CONFIRMATION","","","","KZT","","","","","","CONFIRM_AND_FILL_COMMERCIAL_DATA"
"public-1111acd4cb8ba7af5ed5a9ae","public-1111acd4cb8ba7af5ed5a9ae-variant-default","Стерилизационные пакеты в уп 200 шт 57 x 130мм","","","","https://a4d.kz/content/sterilizacionnye-pakety-v-200-sht-57-x-130mm","PUBLIC_SOURCE_REQUIRES_SUPPLIER_CONFIRMATION","","","","KZT","","","","","","CONFIRM_AND_FILL_COMMERCIAL_DATA"
"public-8627180392a2398e94f85630","public-8627180392a2398e94f85630-variant-default","Стул врача SCD05","","","","https://a4d.kz/content/stul-vracha-scd05","PUBLIC_SOURCE_REQUIRES_SUPPLIER_CONFIRMATION","","","","KZT","","","","","","CONFIRM_AND_FILL_COMMERCIAL_DATA"
"public-2ee703918d20fcef7f4bd567","public-2ee703918d20fcef7f4bd567-variant-default","Стул врача SCD06","","","","https://a4d.kz/content/stul-vracha-scd06","PUBLIC_SOURCE_REQUIRES_SUPPLIER_CONFIRMATION","","","","KZT","","","","","","CONFIRM_AND_FILL_COMMERCIAL_DATA"
"public-ff2a2cc041258d0781f191c3","public-ff2a2cc041258d0781f191c3-variant-default","Стул доктора 25-01","","","","https://a4d.kz/content/stul-doktora-25-01","PUBLIC_SOURCE_REQUIRES_SUPPLIER_CONFIRMATION","","","","KZT","","","","","","CONFIRM_AND_FILL_COMMERCIAL_DATA"
"public-3c696cbdbeb61cd1d6ab70b1","public-3c696cbdbeb61cd1d6ab70b1-variant-default","Стул доктора 25-02","","","","https://a4d.kz/content/stul-doktora-25-02","PUBLIC_SOURCE_REQUIRES_SUPPLIER_CONFIRMATION","","","","KZT","","","","","","CONFIRM_AND_FILL_COMMERCIAL_DATA"
"public-6aea9a50da0d53f5fd5c5eb1","public-6aea9a50da0d53f5fd5c5eb1-variant-default","Стул доктора 25-03","","","","https://a4d.kz/content/stul-doktora-25-03","PUBLIC_SOURCE_REQUIRES_SUPPLIER_CONFIRMATION","","","","KZT","","","","","","CONFIRM_AND_FILL_COMMERCIAL_DATA"
"public-08c6b58f68678a5fa53650d9","public-08c6b58f68678a5fa53650d9-variant-default","Стул доктора 25-04","","","","https://a4d.kz/content/stul-doktora-25-04","PUBLIC_SOURCE_REQUIRES_SUPPLIER_CONFIRMATION","","","","KZT","","","","","","CONFIRM_AND_FILL_COMMERCIAL_DATA"
"public-b60213f7cf64448a70fcdc11","public-b60213f7cf64448a70fcdc11-variant-default","Сушилка","","","","https://a4d.kz/content/sushilka","PUBLIC_SOURCE_REQUIRES_SUPPLIER_CONFIRMATION","","","","KZT","","","","","","CONFIRM_AND_FILL_COMMERCIAL_DATA"
"public-2abf62894ad3cec4bdf0585f","public-2abf62894ad3cec4bdf0585f-variant-default","Тигли 30мл","","","","https://a4d.kz/content/tigli-30ml","PUBLIC_SOURCE_REQUIRES_SUPPLIER_CONFIRMATION","","","","KZT","","","","","","CONFIRM_AND_FILL_COMMERCIAL_DATA"
"public-70d75572e4eed5ac6eb6d1a7","public-70d75572e4eed5ac6eb6d1a7-variant-default","Тигли зуботехнические","","","","https://a4d.kz/content/tigli-zubotehnicheskie","PUBLIC_SOURCE_REQUIRES_SUPPLIER_CONFIRMATION","","","","KZT","","","","","","CONFIRM_AND_FILL_COMMERCIAL_DATA"
"public-3dc5588b54872c1e39cb5814","public-3dc5588b54872c1e39cb5814-variant-default","Титановые штифты 120 шт","","","","https://a4d.kz/content/titanovye-shtifty-120-sht","PUBLIC_SOURCE_REQUIRES_SUPPLIER_CONFIRMATION","","","","KZT","","","","","","CONFIRM_AND_FILL_COMMERCIAL_DATA"
"public-1ddd894edc32098e22e652be","public-1ddd894edc32098e22e652be-variant-default","Торсион пад","","","","https://a4d.kz/content/torsion-pad","PUBLIC_SOURCE_REQUIRES_SUPPLIER_CONFIRMATION","","","","KZT","","","","","","CONFIRM_AND_FILL_COMMERCIAL_DATA"
"public-ccd9b2455e9d76a8063c0e83","public-ccd9b2455e9d76a8063c0e83-variant-default","Трейнер","","","","https://a4d.kz/content/treyner","PUBLIC_SOURCE_REQUIRES_SUPPLIER_CONFIRMATION","","","","KZT","","","","","","CONFIRM_AND_FILL_COMMERCIAL_DATA"
"public-7d577c3bd4162f66f48fee91","public-7d577c3bd4162f66f48fee91-variant-default","Трейнер при бруксизме","","","","https://a4d.kz/content/treyner-pri-bruksizme","PUBLIC_SOURCE_REQUIRES_SUPPLIER_CONFIRMATION","","","","KZT","","","","","","CONFIRM_AND_FILL_COMMERCIAL_DATA"
"public-492659e281338a8ae3c882ee","public-492659e281338a8ae3c882ee-variant-default","Трейнер финишный T4F ретенционный","","","","https://a4d.kz/content/treyner-finishnyy-t4f-retencionnyy","PUBLIC_SOURCE_REQUIRES_SUPPLIER_CONFIRMATION","","","","KZT","","","","","","CONFIRM_AND_FILL_COMMERCIAL_DATA"
"public-241ffe63f9a841d63d267dec","public-241ffe63f9a841d63d267dec-variant-default","Трейнер TMJ суставная шина для для устранения болевого синдрома при (ВНЧС)","","","","https://a4d.kz/content/treyner-tmj-sustavnaya-shina-dlya-dlya-ustraneniya-bolevogo-sindroma-pri-vnchs","PUBLIC_SOURCE_REQUIRES_SUPPLIER_CONFIRMATION","","","","KZT","","","","","","CONFIRM_AND_FILL_COMMERCIAL_DATA"
"public-047d5f2074ca9183c3f18c5c","public-047d5f2074ca9183c3f18c5c-variant-default","Трейнеры дестские i-3 от 2 до 8лет","","","","https://a4d.kz/content/treynery-destskie-i-3-ot-2-do-8let","PUBLIC_SOURCE_REQUIRES_SUPPLIER_CONFIRMATION","","","","KZT","","","","","","CONFIRM_AND_FILL_COMMERCIAL_DATA"
"public-7b9580703bbe37fa8e7c0625","public-7b9580703bbe37fa8e7c0625-variant-default","Трейнеры дестские Infant от 2 до 5 лет","","","","https://a4d.kz/content/treynery-destskie-infant-ot-2-do-5-let","PUBLIC_SOURCE_REQUIRES_SUPPLIER_CONFIRMATION","","","","KZT","","","","","","CONFIRM_AND_FILL_COMMERCIAL_DATA"
"public-478dd8845db0c5c9d96a3aaf","public-478dd8845db0c5c9d96a3aaf-variant-default","Трейнеры дестские T4K голубые , розовые от 6 до 12 лет","","","","https://a4d.kz/content/treynery-destskie-t4k-golubye-rozovye-ot-6-do-12-let","PUBLIC_SOURCE_REQUIRES_SUPPLIER_CONFIRMATION","","","","KZT","","","","","","CONFIRM_AND_FILL_COMMERCIAL_DATA"
"public-91c1fbdd4c1097fc8799ab90","public-91c1fbdd4c1097fc8799ab90-variant-default","Трейнеры для брекетов T4B, T4B2 от 12 лет и старше","","","","https://a4d.kz/content/treynery-dlya-breketov-t4b-t4b2-ot-12-let-i-starshe","PUBLIC_SOURCE_REQUIRES_SUPPLIER_CONFIRMATION","","","","KZT","","","","","","CONFIRM_AND_FILL_COMMERCIAL_DATA"
"public-04a6a93f29ef3bf92a7d68e4","public-04a6a93f29ef3bf92a7d68e4-variant-default","Трейнеры ALIGNMENT","","","","https://a4d.kz/content/treynery-alignment","PUBLIC_SOURCE_REQUIRES_SUPPLIER_CONFIRMATION","","","","KZT","","","","","","CONFIRM_AND_FILL_COMMERCIAL_DATA"
"public-c0e886a5fc4a238212387a73","public-c0e886a5fc4a238212387a73-variant-default","Трейнеры T4А голубые , розовые первая и вторая фаза от 12 лет и старше","","","","https://a4d.kz/content/treynery-t4a-golubye-rozovye-pervaya-i-vtoraya-faza-ot-12-let-i-starshe","PUBLIC_SOURCE_REQUIRES_SUPPLIER_CONFIRMATION","","","","KZT","","","","","","CONFIRM_AND_FILL_COMMERCIAL_DATA"
"public-2de29991e157101655ecec84","public-2de29991e157101655ecec84-variant-default","ТрейнерTMD суставная шина для диагностиктики и лечения дисфункции ВНЧС","","","","https://a4d.kz/content/treynertmd-sustavnaya-shina-dlya-diagnostiktiki-i-lecheniya-disfunkcii-vnchs","PUBLIC_SOURCE_REQUIRES_SUPPLIER_CONFIRMATION","","","","KZT","","","","","","CONFIRM_AND_FILL_COMMERCIAL_DATA"
"public-61fde1f5a7be28a024ac6a60","public-61fde1f5a7be28a024ac6a60-variant-default","Триггер","","","","https://a4d.kz/content/trigger","PUBLIC_SOURCE_REQUIRES_SUPPLIER_CONFIRMATION","","","","KZT","","","","","","CONFIRM_AND_FILL_COMMERCIAL_DATA"
"public-54efe2bfd8e3fbc63d46a482","public-54efe2bfd8e3fbc63d46a482-variant-default","Триммер водяной AX-MTC(автоматическая подача воды)","","","","https://a4d.kz/content/trimmer-vodyanoy-ax-mtcavtomaticheskaya-podacha-vody","PUBLIC_SOURCE_REQUIRES_SUPPLIER_CONFIRMATION","","","","KZT","","","","","","CONFIRM_AND_FILL_COMMERCIAL_DATA"
"public-7428865a39c3823cfaba1c82","public-7428865a39c3823cfaba1c82-variant-default","Тунгстен хеад","","","","https://a4d.kz/content/tungsten-head","PUBLIC_SOURCE_REQUIRES_SUPPLIER_CONFIRMATION","","","","KZT","","","","","","CONFIRM_AND_FILL_COMMERCIAL_DATA"
"public-811a63ff7facc66b01be894f","public-811a63ff7facc66b01be894f-variant-default","Турбинный наконечник H17 терапия+ортопедия","","","","https://a4d.kz/content/turbinnyy-nakonechnik-h17-terapiyaortopediya","PUBLIC_SOURCE_REQUIRES_SUPPLIER_CONFIRMATION","","","","KZT","","","","","","CONFIRM_AND_FILL_COMMERCIAL_DATA"
"public-58933916e3875928c403ba7b","public-58933916e3875928c403ba7b-variant-default","Туррета для формирования дуг с торком","","","","https://a4d.kz/content/turreta-dlya-formirovaniya-dug-s-torkom","PUBLIC_SOURCE_REQUIRES_SUPPLIER_CONFIRMATION","","","","KZT","","","","","","CONFIRM_AND_FILL_COMMERCIAL_DATA"
"public-e33fc997637a06ff2c62d4c5","public-e33fc997637a06ff2c62d4c5-variant-default","Туррета для формирования дуг Arch former Aluminium","","","","https://a4d.kz/content/turreta-dlya-formirovaniya-dug-arch-former-aluminium","PUBLIC_SOURCE_REQUIRES_SUPPLIER_CONFIRMATION","","","","KZT","","","","","","CONFIRM_AND_FILL_COMMERCIAL_DATA"
"public-283e5d8fc699acc051d3d58c","public-283e5d8fc699acc051d3d58c-variant-default","У-файлы (U-Files)-для обработки,расширения каналов, удаления омертвевших тканей","","","","https://a4d.kz/content/u-fayly-u-files-dlya-obrabotkirasshireniya-kanalov-udaleniya-omertvevshih-tkaney","PUBLIC_SOURCE_REQUIRES_SUPPLIER_CONFIRMATION","","","","KZT","","","","","","CONFIRM_AND_FILL_COMMERCIAL_DATA"
"public-3c636d53516b58a513e6e0e7","public-3c636d53516b58a513e6e0e7-variant-default","Ультразвуковая мойка 5 л","","","","https://a4d.kz/content/ultrazvukovaya-moyka-5-l","PUBLIC_SOURCE_REQUIRES_SUPPLIER_CONFIRMATION","","","","KZT","","","","","","CONFIRM_AND_FILL_COMMERCIAL_DATA"
"public-32b153b82c1c6178e0302458","public-32b153b82c1c6178e0302458-variant-default","Ультразвуковая мойка для инструментов 2,5 л","","","","https://a4d.kz/content/ultrazvukovaya-moyka-dlya-instrumentov-25-l","PUBLIC_SOURCE_REQUIRES_SUPPLIER_CONFIRMATION","","","","KZT","","","","","","CONFIRM_AND_FILL_COMMERCIAL_DATA"
"public-0d9b3a6b4cccfb83dc24f57e","public-0d9b3a6b4cccfb83dc24f57e-variant-default","Ультразвуковая хирургическая система C-explorer","","","","https://a4d.kz/content/ultrazvukovaya-hirurgicheskaya-sistema-c-explorer","PUBLIC_SOURCE_REQUIRES_SUPPLIER_CONFIRMATION","","","","KZT","","","","","","CONFIRM_AND_FILL_COMMERCIAL_DATA"
"public-317bc07f12633ac61a10b51f","public-317bc07f12633ac61a10b51f-variant-default","Универсальные щипцы №1 (Англия)","","","","https://a4d.kz/content/universalnye-shchipcy-no1-angliya","PUBLIC_SOURCE_REQUIRES_SUPPLIER_CONFIRMATION","","","","KZT","","","","","","CONFIRM_AND_FILL_COMMERCIAL_DATA"
"public-d9589388f468c33910a04ea6","public-d9589388f468c33910a04ea6-variant-default","Универсальные щипцы №2 (Англия)","","","","https://a4d.kz/content/universalnye-shchipcy-no2-angliya","PUBLIC_SOURCE_REQUIRES_SUPPLIER_CONFIRMATION","","","","KZT","","","","","","CONFIRM_AND_FILL_COMMERCIAL_DATA"
"public-5aaea2f793d69bad4d05158d","public-5aaea2f793d69bad4d05158d-variant-default","Универсальные щипцы №3 (Англия)","","","","https://a4d.kz/content/universalnye-shchipcy-no3-angliya","PUBLIC_SOURCE_REQUIRES_SUPPLIER_CONFIRMATION","","","","KZT","","","","","","CONFIRM_AND_FILL_COMMERCIAL_DATA"
"public-4d9d9db6df6de4c161dea00e","public-4d9d9db6df6de4c161dea00e-variant-default","Упаковочная машина для запечатывания инструментов","","","","https://a4d.kz/content/upakovochnaya-mashina-dlya-zapechatyvaniya-instrumentov-0","PUBLIC_SOURCE_REQUIRES_SUPPLIER_CONFIRMATION","","","","KZT","","","","","","CONFIRM_AND_FILL_COMMERCIAL_DATA"
"public-ab8c7258507fe9bdad9eb85b","public-ab8c7258507fe9bdad9eb85b-variant-default","УФ стерилизатор +лотки для инструментов","","","","https://a4d.kz/content/uf-sterilizator-lotki-dlya-instrumentov","PUBLIC_SOURCE_REQUIRES_SUPPLIER_CONFIRMATION","","","","KZT","","","","","","CONFIRM_AND_FILL_COMMERCIAL_DATA"
"public-256a5fa5c8761d56995d5662","public-256a5fa5c8761d56995d5662-variant-default","Файл-держатель","","","","https://a4d.kz/content/fayl-derzhatel","PUBLIC_SOURCE_REQUIRES_SUPPLIER_CONFIRMATION","","","","KZT","","","","","","CONFIRM_AND_FILL_COMMERCIAL_DATA"
"public-24e826fc7951e84c9408dc94","public-24e826fc7951e84c9408dc94-variant-default","Флосы 50 м","","","","https://a4d.kz/content/flosy-50-m","PUBLIC_SOURCE_REQUIRES_SUPPLIER_CONFIRMATION","","","","KZT","","","","","","CONFIRM_AND_FILL_COMMERCIAL_DATA"
"public-9f4e56e2c78f29f12ff9d89d","public-9f4e56e2c78f29f12ff9d89d-variant-default","Флосы с держателем","","","","https://a4d.kz/content/flosy-s-derzhatelem","PUBLIC_SOURCE_REQUIRES_SUPPLIER_CONFIRMATION","","","","KZT","","","","","","CONFIRM_AND_FILL_COMMERCIAL_DATA"
"public-9e2970793be8f029aa99b448","public-9e2970793be8f029aa99b448-variant-default","Формы цоколя","","","","https://a4d.kz/content/formy-cokolya","PUBLIC_SOURCE_REQUIRES_SUPPLIER_CONFIRMATION","","","","KZT","","","","","","CONFIRM_AND_FILL_COMMERCIAL_DATA"
"public-471e4b40d1cc9173d15c4c1c","public-471e4b40d1cc9173d15c4c1c-variant-default","Формы цоколя для подгонки размеров модели.","","","","https://a4d.kz/content/formy-cokolya-dlya-podgonki-razmerov-modeli","PUBLIC_SOURCE_REQUIRES_SUPPLIER_CONFIRMATION","","","","KZT","","","","","","CONFIRM_AND_FILL_COMMERCIAL_DATA"
"public-2c2a4e97b779a86d01960624","public-2c2a4e97b779a86d01960624-variant-default","Фотополимерная лампа COXO DB686 Swift","COXO","","","https://a4d.kz/content/fotopolimernaya-lampa-coxo-db686-swift","PUBLIC_SOURCE_REQUIRES_SUPPLIER_CONFIRMATION","","","","KZT","","","","","","CONFIRM_AND_FILL_COMMERCIAL_DATA"
"public-4cdfce341adbff50ceb0376b","public-4cdfce341adbff50ceb0376b-variant-default","Фрезы Корея","","","","https://a4d.kz/content/frezy-koreya","PUBLIC_SOURCE_REQUIRES_SUPPLIER_CONFIRMATION","","","","KZT","","","","","","CONFIRM_AND_FILL_COMMERCIAL_DATA"
"public-58c35f0902b1b9eb00363b86","public-58c35f0902b1b9eb00363b86-variant-default","Хирург","","","","https://a4d.kz/content/hirurg","PUBLIC_SOURCE_REQUIRES_SUPPLIER_CONFIRMATION","","","","KZT","","","","","","CONFIRM_AND_FILL_COMMERCIAL_DATA"
"public-a93c51c1ad3d987b18c86122","public-a93c51c1ad3d987b18c86122-variant-default","Хирургическая Лампа на установку","","","","https://a4d.kz/content/hirurgicheskaya-lampa-na-ustanovku","PUBLIC_SOURCE_REQUIRES_SUPPLIER_CONFIRMATION","","","","KZT","","","","","","CONFIRM_AND_FILL_COMMERCIAL_DATA"
"public-5818170b362f77825e2eb38d","public-5818170b362f77825e2eb38d-variant-default","Хирургические наконечники H01-DSP","","","","https://a4d.kz/content/hirurgicheskie-nakonechniki-h01-dsp","PUBLIC_SOURCE_REQUIRES_SUPPLIER_CONFIRMATION","","","","KZT","","","","","","CONFIRM_AND_FILL_COMMERCIAL_DATA"
"public-f536294e9928f9afb436c664","public-f536294e9928f9afb436c664-variant-default","Хирургические наконечники H05-DSP со светом","","","","https://a4d.kz/content/hirurgicheskie-nakonechniki-h05-dsp-so-svetom","PUBLIC_SOURCE_REQUIRES_SUPPLIER_CONFIRMATION","","","","KZT","","","","","","CONFIRM_AND_FILL_COMMERCIAL_DATA"
"public-507bdf6a527ffba5615b8d6f","public-507bdf6a527ffba5615b8d6f-variant-default","Хирургические наконечники S-2S (D-29S)","","","","https://a4d.kz/content/hirurgicheskie-nakonechniki-s-2s-d-29s","PUBLIC_SOURCE_REQUIRES_SUPPLIER_CONFIRMATION","","","","KZT","","","","","","CONFIRM_AND_FILL_COMMERCIAL_DATA"
"public-2569977074275446fd075b9e","public-2569977074275446fd075b9e-variant-default","Хирургические наконечники S-2S2 (D29-S2)","","","","https://a4d.kz/content/hirurgicheskie-nakonechniki-s-2s2-d29-s2","PUBLIC_SOURCE_REQUIRES_SUPPLIER_CONFIRMATION","","","","KZT","","","","","","CONFIRM_AND_FILL_COMMERCIAL_DATA"
"public-d161046b82df237e47c4e96d","public-d161046b82df237e47c4e96d-variant-default","Хирургические пылесосы","","","","https://a4d.kz/content/hirurgicheskie-pylesosy-1","PUBLIC_SOURCE_REQUIRES_SUPPLIER_CONFIRMATION","","","","KZT","","","","","","CONFIRM_AND_FILL_COMMERCIAL_DATA"
"public-d24a73a614ce511c10ba590e","public-d24a73a614ce511c10ba590e-variant-default","Хирургические пылесосы автоклавируемые","","","","https://a4d.kz/content/hirurgicheskie-pylesosy-avtoklaviruemye-0","PUBLIC_SOURCE_REQUIRES_SUPPLIER_CONFIRMATION","","","","KZT","","","","","","CONFIRM_AND_FILL_COMMERCIAL_DATA"
"public-aacee35ba93e532e27bb6a03","public-aacee35ba93e532e27bb6a03-variant-default","Хирургические слюноотсосы металические","","","","https://a4d.kz/content/hirurgicheskie-slyunootsosy-metalicheskie","PUBLIC_SOURCE_REQUIRES_SUPPLIER_CONFIRMATION","","","","KZT","","","","","","CONFIRM_AND_FILL_COMMERCIAL_DATA"
"public-742ffd75b81abed14df5d17a","public-742ffd75b81abed14df5d17a-variant-default","Хст-B9","","","","https://a4d.kz/content/hst-b9","PUBLIC_SOURCE_REQUIRES_SUPPLIER_CONFIRMATION","","","","KZT","","","","","","CONFIRM_AND_FILL_COMMERCIAL_DATA"
"public-4979fb5e1006e02b79fd7c12","public-4979fb5e1006e02b79fd7c12-variant-default","Чашка для замешивания акрила гипса слепочной массы и альгината.","","","","https://a4d.kz/content/chashka-dlya-zameshivaniya-akrila-gipsa-slepochnoy-massy-i-alginata","PUBLIC_SOURCE_REQUIRES_SUPPLIER_CONFIRMATION","","","","KZT","","","","","","CONFIRM_AND_FILL_COMMERCIAL_DATA"
"public-10d9086bc9f1c6e808367b32","public-10d9086bc9f1c6e808367b32-variant-default","Чашка для замешивания гипса, слепочной массы , альгината","","","","https://a4d.kz/content/chashka-dlya-zameshivaniya-gipsa-slepochnoy-massy-alginata","PUBLIC_SOURCE_REQUIRES_SUPPLIER_CONFIRMATION","","","","KZT","","","","","","CONFIRM_AND_FILL_COMMERCIAL_DATA"
"public-72d9f194be6fc63a2b2b2dbe","public-72d9f194be6fc63a2b2b2dbe-variant-default","Чашка для замешивания с крышкой","","","","https://a4d.kz/content/chashka-dlya-zameshivaniya-s-kryshkoy","PUBLIC_SOURCE_REQUIRES_SUPPLIER_CONFIRMATION","","","","KZT","","","","","","CONFIRM_AND_FILL_COMMERCIAL_DATA"
"public-b91232f29c43e9787b90717b","public-b91232f29c43e9787b90717b-variant-default","Чашка для замешивания XLгипса слепочной массы , альгината","","","","https://a4d.kz/content/chashka-dlya-zameshivaniya-xlgipsa-slepochnoy-massy-alginata","PUBLIC_SOURCE_REQUIRES_SUPPLIER_CONFIRMATION","","","","KZT","","","","","","CONFIRM_AND_FILL_COMMERCIAL_DATA"
"public-656424a3df1fd5dd7bf9897e","public-656424a3df1fd5dd7bf9897e-variant-default","Чехлы для сканера 3 размера","","","","https://a4d.kz/content/chehly-dlya-skanera-3-razmera","PUBLIC_SOURCE_REQUIRES_SUPPLIER_CONFIRMATION","","","","KZT","","","","","","CONFIRM_AND_FILL_COMMERCIAL_DATA"
"public-9f5175f06972f3e399a9eb08","public-9f5175f06972f3e399a9eb08-variant-default","Чехол для датчика визиографа medium","","","","https://a4d.kz/content/chehol-dlya-datchika-viziografa-medium","PUBLIC_SOURCE_REQUIRES_SUPPLIER_CONFIRMATION","","","","KZT","","","","","","CONFIRM_AND_FILL_COMMERCIAL_DATA"
"public-d0e47d049134786d56b75378","public-d0e47d049134786d56b75378-variant-default","Чехол для датчика визиографа Premium Medium","","","","https://a4d.kz/content/chehol-dlya-datchika-viziografa-premium-medium","PUBLIC_SOURCE_REQUIRES_SUPPLIER_CONFIRMATION","","","","KZT","","","","","","CONFIRM_AND_FILL_COMMERCIAL_DATA"
"public-e5a93bac1cb692ce3dbc970d","public-e5a93bac1cb692ce3dbc970d-variant-default","Чеxлы для надкусочного блока панорамного рентген аппарата","","","","https://a4d.kz/content/chexly-dlya-nadkusochnogo-bloka-panoramnogo-rentgen-apparata","PUBLIC_SOURCE_REQUIRES_SUPPLIER_CONFIRMATION","","","","KZT","","","","","","CONFIRM_AND_FILL_COMMERCIAL_DATA"
"public-11450b1986cb8185ce3fbf51","public-11450b1986cb8185ce3fbf51-variant-default","Шелк -3/0, 4/0 стерильный нерассасывающийся шовный материал с иглой","","","","https://a4d.kz/content/shelk-30-40-sterilnyy-nerassasyvayushchiysya-shovnyy-material-s-igloy","PUBLIC_SOURCE_REQUIRES_SUPPLIER_CONFIRMATION","","","","KZT","","","","","","CONFIRM_AND_FILL_COMMERCIAL_DATA"
"public-b871fde3c62256d2722e1ba7","public-b871fde3c62256d2722e1ba7-variant-default","Шланг 4-х канальный","","","","https://a4d.kz/content/shlang-4-h-kanalnyy","PUBLIC_SOURCE_REQUIRES_SUPPLIER_CONFIRMATION","","","","KZT","","","","","","CONFIRM_AND_FILL_COMMERCIAL_DATA"
"public-78ab55764180f00588f5841b","public-78ab55764180f00588f5841b-variant-default","Шланг 6-х канальный Германия","","","","https://a4d.kz/content/shlang-6-h-kanalnyy-germaniya","PUBLIC_SOURCE_REQUIRES_SUPPLIER_CONFIRMATION","","","","KZT","","","","","","CONFIRM_AND_FILL_COMMERCIAL_DATA"
"public-1695ce43df059c4682c82854","public-1695ce43df059c4682c82854-variant-default","Шлем -очки+ 10 экранов синий,белый, розовый","","","","https://a4d.kz/content/shlem-ochki-10-ekranov-siniybelyy-rozovyy","PUBLIC_SOURCE_REQUIRES_SUPPLIER_CONFIRMATION","","","","KZT","","","","","","CONFIRM_AND_FILL_COMMERCIAL_DATA"
"public-83e431a8777edd97a45ab07f","public-83e431a8777edd97a45ab07f-variant-default","Шлем защитный + 1 экран","","","","https://a4d.kz/content/shlem-zashchitnyy-1-ekran","PUBLIC_SOURCE_REQUIRES_SUPPLIER_CONFIRMATION","","","","KZT","","","","","","CONFIRM_AND_FILL_COMMERCIAL_DATA"
"public-48f11e269270a0f1c508b218","public-48f11e269270a0f1c508b218-variant-default","Шлем защитный + 10 экранов","","","","https://a4d.kz/content/shlem-zashchitnyy-10-ekranov","PUBLIC_SOURCE_REQUIRES_SUPPLIER_CONFIRMATION","","","","KZT","","","","","","CONFIRM_AND_FILL_COMMERCIAL_DATA"
"public-c66dad99f881091044f17f70","public-c66dad99f881091044f17f70-variant-default","Шлем защитный Premium+ 3 плотных экрана","","","","https://a4d.kz/content/shlem-zashchitnyy-premium-3-plotnyh-ekrana","PUBLIC_SOURCE_REQUIRES_SUPPLIER_CONFIRMATION","","","","KZT","","","","","","CONFIRM_AND_FILL_COMMERCIAL_DATA"
"public-f4cceb263830ae95b6e407b9","public-f4cceb263830ae95b6e407b9-variant-default","Шлифмотор AX-J4 с полировальным боксом Предназначен для шлифовки и полировки.","","","","https://a4d.kz/content/shlifmotor-ax-j4-s-polirovalnym-boksom-prednaznachen-dlya-shlifovki-i-polirovki","PUBLIC_SOURCE_REQUIRES_SUPPLIER_CONFIRMATION","","","","KZT","","","","","","CONFIRM_AND_FILL_COMMERCIAL_DATA"
"public-271a36abf66ab171e5651e25","public-271a36abf66ab171e5651e25-variant-default","Шлифовальный станок AX-J1 для полировки отливок","","","","https://a4d.kz/content/shlifovalnyy-stanok-ax-j1-dlya-polirovki-otlivok","PUBLIC_SOURCE_REQUIRES_SUPPLIER_CONFIRMATION","","","","KZT","","","","","","CONFIRM_AND_FILL_COMMERCIAL_DATA"
"public-c87980e4ebb615f7ab454e68","public-c87980e4ebb615f7ab454e68-variant-default","Шпатель для замешивания","","","","https://a4d.kz/content/shpatel-dlya-zameshivaniya","PUBLIC_SOURCE_REQUIRES_SUPPLIER_CONFIRMATION","","","","KZT","","","","","","CONFIRM_AND_FILL_COMMERCIAL_DATA"
"public-98bd9f35ece88f2e0740cdc8","public-98bd9f35ece88f2e0740cdc8-variant-default","Шпатель для цемента","","","","https://a4d.kz/content/shpatel-dlya-cementa","PUBLIC_SOURCE_REQUIRES_SUPPLIER_CONFIRMATION","","","","KZT","","","","","","CONFIRM_AND_FILL_COMMERCIAL_DATA"
"public-727783e098bce8d94fee2149","public-727783e098bce8d94fee2149-variant-default","Шприц для внесения костного материала Bone meal filler (Англия)","","","","https://a4d.kz/content/shpric-dlya-vneseniya-kostnogo-materiala-bone-meal-filler-angliya","PUBLIC_SOURCE_REQUIRES_SUPPLIER_CONFIRMATION","","","","KZT","","","","","","CONFIRM_AND_FILL_COMMERCIAL_DATA"
"public-3858e331f451cae350fd30f0","public-3858e331f451cae350fd30f0-variant-default","Шприц для промывания корневого канала без иглы","","","","https://a4d.kz/content/shpric-dlya-promyvaniya-kornevogo-kanala-bez-igly","PUBLIC_SOURCE_REQUIRES_SUPPLIER_CONFIRMATION","","","","KZT","","","","","","CONFIRM_AND_FILL_COMMERCIAL_DATA"
"public-93f312b77e6193213d2b415c","public-93f312b77e6193213d2b415c-variant-default","Шприц карпульный","","","","https://a4d.kz/content/shpric-karpulnyy","PUBLIC_SOURCE_REQUIRES_SUPPLIER_CONFIRMATION","","","","KZT","","","","","","CONFIRM_AND_FILL_COMMERCIAL_DATA"
"public-2342bd06b71fabcc4027b3e9","public-2342bd06b71fabcc4027b3e9-variant-default","Шприц с носиком","","","","https://a4d.kz/content/shpric-s-nosikom","PUBLIC_SOURCE_REQUIRES_SUPPLIER_CONFIRMATION","","","","KZT","","","","","","CONFIRM_AND_FILL_COMMERCIAL_DATA"
"public-fd6e7fedd0ed5fa5baea1597","public-fd6e7fedd0ed5fa5baea1597-variant-default","Штангенциркуль, цифровой микрометр","","","","https://a4d.kz/content/shtangencirkul-cifrovoy-mikrometr","PUBLIC_SOURCE_REQUIRES_SUPPLIER_CONFIRMATION","","","","KZT","","","","","","CONFIRM_AND_FILL_COMMERCIAL_DATA"
"public-1d8ec2721a1a033e1adc3992","public-1d8ec2721a1a033e1adc3992-variant-default","Штифты стекловолоконные 200 шт","","","","https://a4d.kz/content/shtifty-steklovolokonnye-200-sht","PUBLIC_SOURCE_REQUIRES_SUPPLIER_CONFIRMATION","","","","KZT","","","","","","CONFIRM_AND_FILL_COMMERCIAL_DATA"
"public-26d283377a6d335005832cc4","public-26d283377a6d335005832cc4-variant-default","Штифты стекловолоконные набор","","","","https://a4d.kz/content/shtifty-steklovolokonnye-nabor","PUBLIC_SOURCE_REQUIRES_SUPPLIER_CONFIRMATION","","","","KZT","","","","","","CONFIRM_AND_FILL_COMMERCIAL_DATA"
"public-9caaebf5740f8a3b6cff14b3","public-9caaebf5740f8a3b6cff14b3-variant-default","Штифты стекловолоконные Тип 1 1,0,1,2,1,4,1,6,1,8","","","","https://a4d.kz/content/shtifty-steklovolokonnye-tip-1-1012141618","PUBLIC_SOURCE_REQUIRES_SUPPLIER_CONFIRMATION","","","","KZT","","","","","","CONFIRM_AND_FILL_COMMERCIAL_DATA"
"public-6c223abf78b3a46de81d33ab","public-6c223abf78b3a46de81d33ab-variant-default","Штифты Link Pins внутриканальные, парапульпарные штифты,","","","","https://a4d.kz/content/shtifty-link-pins-vnutrikanalnye-parapulparnye-shtifty-0","PUBLIC_SOURCE_REQUIRES_SUPPLIER_CONFIRMATION","","","","KZT","","","","","","CONFIRM_AND_FILL_COMMERCIAL_DATA"
"public-e629671203f1c5bbe9f77700","public-e629671203f1c5bbe9f77700-variant-default","Штопфер-гладилка №1/№2/№3","","","","https://a4d.kz/content/shtopfer-gladilka-no1no2no3","PUBLIC_SOURCE_REQUIRES_SUPPLIER_CONFIRMATION","","","","KZT","","","","","","CONFIRM_AND_FILL_COMMERCIAL_DATA"
"public-d744a549f8f57c6714619bb7","public-d744a549f8f57c6714619bb7-variant-default","Штрипсы полистироловые Microdont","","","","https://a4d.kz/content/shtripsy-polistirolovye-microdont","PUBLIC_SOURCE_REQUIRES_SUPPLIER_CONFIRMATION","","","","KZT","","","","","","CONFIRM_AND_FILL_COMMERCIAL_DATA"
"public-f109c08026bebda06285f7cb","public-f109c08026bebda06285f7cb-variant-default","Щетка","","","","https://a4d.kz/content/shchetka-2","PUBLIC_SOURCE_REQUIRES_SUPPLIER_CONFIRMATION","","","","KZT","","","","","","CONFIRM_AND_FILL_COMMERCIAL_DATA"
"public-a7e8e65c76f3e9650d93812c","public-a7e8e65c76f3e9650d93812c-variant-default","Щетка козья","","","","https://a4d.kz/content/shchetka-kozya-0","PUBLIC_SOURCE_REQUIRES_SUPPLIER_CONFIRMATION","","","","KZT","","","","","","CONFIRM_AND_FILL_COMMERCIAL_DATA"
"public-729f0e31928936ff29b4cf3f","public-729f0e31928936ff29b4cf3f-variant-default","Щетки","","","","https://a4d.kz/content/shchetki","PUBLIC_SOURCE_REQUIRES_SUPPLIER_CONFIRMATION","","","","KZT","","","","","","CONFIRM_AND_FILL_COMMERCIAL_DATA"
"public-c47e69147a5f2417eb0dbe56","public-c47e69147a5f2417eb0dbe56-variant-default","Щетки для чистки инструментов,","","","","https://a4d.kz/content/shchetki-dlya-chistki-instrumentov","PUBLIC_SOURCE_REQUIRES_SUPPLIER_CONFIRMATION","","","","KZT","","","","","","CONFIRM_AND_FILL_COMMERCIAL_DATA"
"public-4269d534986a5f6e3f0eed18","public-4269d534986a5f6e3f0eed18-variant-default","Щетки для чистки инструментов, боров,фрез","","","","https://a4d.kz/content/shchetki-dlya-chistki-instrumentov-borovfrez","PUBLIC_SOURCE_REQUIRES_SUPPLIER_CONFIRMATION","","","","KZT","","","","","","CONFIRM_AND_FILL_COMMERCIAL_DATA"
"public-886f01a8a64b84f8d2c8fb44","public-886f01a8a64b84f8d2c8fb44-variant-default","Щетки терапевтические ассорти","","","","https://a4d.kz/content/shchetki-terapevticheskie-assorti-3","PUBLIC_SOURCE_REQUIRES_SUPPLIER_CONFIRMATION","","","","KZT","","","","","","CONFIRM_AND_FILL_COMMERCIAL_DATA"
"public-3edad84d614f3cc7a3756291","public-3edad84d614f3cc7a3756291-variant-default","Щеточка для чистки зубных протезов","","","","https://a4d.kz/content/shchetochka-dlya-chistki-zubnyh-protezov","PUBLIC_SOURCE_REQUIRES_SUPPLIER_CONFIRMATION","","","","KZT","","","","","","CONFIRM_AND_FILL_COMMERCIAL_DATA"
"public-35cd31e7d8c3923d9c0e0835","public-35cd31e7d8c3923d9c0e0835-variant-default","Щечный ретрактор (детский)","","","","https://a4d.kz/content/shchechnyy-retraktor-detskiy","PUBLIC_SOURCE_REQUIRES_SUPPLIER_CONFIRMATION","","","","KZT","","","","","","CONFIRM_AND_FILL_COMMERCIAL_DATA"
"public-466befa9bbc7931a40bf1f53","public-466befa9bbc7931a40bf1f53-variant-default","Щечный ретрактор взрослый","","","","https://a4d.kz/content/shchechnyy-retraktor-vzroslyy-0","PUBLIC_SOURCE_REQUIRES_SUPPLIER_CONFIRMATION","","","","KZT","","","","","","CONFIRM_AND_FILL_COMMERCIAL_DATA"
"public-92cad586bc9c2559be90c62f","public-92cad586bc9c2559be90c62f-variant-default","Щечный ретрактор малый","","","","https://a4d.kz/content/shchechnyy-retraktor-malyy","PUBLIC_SOURCE_REQUIRES_SUPPLIER_CONFIRMATION","","","","KZT","","","","","","CONFIRM_AND_FILL_COMMERCIAL_DATA"
"public-910774aedd80ea98c9fd08b3","public-910774aedd80ea98c9fd08b3-variant-default","Щечный ретрактор подростковый","","","","https://a4d.kz/content/shchechnyy-retraktor-podrostkovyy-0","PUBLIC_SOURCE_REQUIRES_SUPPLIER_CONFIRMATION","","","","KZT","","","","","","CONFIRM_AND_FILL_COMMERCIAL_DATA"
"public-2d6f3a7d707f504f7f492dc4","public-2d6f3a7d707f504f7f492dc4-variant-default","Щипцы Адамса для формирования изгибов на дуге","","","","https://a4d.kz/content/shchipcy-adamsa-dlya-formirovaniya-izgibov-na-duge","PUBLIC_SOURCE_REQUIRES_SUPPLIER_CONFIRMATION","","","","KZT","","","","","","CONFIRM_AND_FILL_COMMERCIAL_DATA"
"public-f4ba8d7502ee74464ff7a515","public-f4ba8d7502ee74464ff7a515-variant-default","Щипцы Вайнгард для захвата проволоки при ее введении/ выведении из полости рта (Пакистан)","","","","https://a4d.kz/content/shchipcy-vayngard-dlya-zahvata-provoloki-pri-ee-vvedenii-vyvedenii-iz-polosti-rta-pakistan","PUBLIC_SOURCE_REQUIRES_SUPPLIER_CONFIRMATION","","","","KZT","","","","","","CONFIRM_AND_FILL_COMMERCIAL_DATA"
"public-766fad7be7aa50f09d893227","public-766fad7be7aa50f09d893227-variant-default","Щипцы для изгибания дуг End bending pliers Пакистан","","","","https://a4d.kz/content/shchipcy-dlya-izgibaniya-dug-end-bending-pliers-pakistan","PUBLIC_SOURCE_REQUIRES_SUPPLIER_CONFIRMATION","","","","KZT","","","","","","CONFIRM_AND_FILL_COMMERCIAL_DATA"
"public-4b7216faa375bb9472a9ce22","public-4b7216faa375bb9472a9ce22-variant-default","Щипцы для изгибания проволоки Free hook traction pliers Пакистан","","","","https://a4d.kz/content/shchipcy-dlya-izgibaniya-provoloki-free-hook-traction-pliers-pakistan","PUBLIC_SOURCE_REQUIRES_SUPPLIER_CONFIRMATION","","","","KZT","","","","","","CONFIRM_AND_FILL_COMMERCIAL_DATA"
"public-d8167cb5c7f2998349705612","public-d8167cb5c7f2998349705612-variant-default","Щипцы для раздвигания краёв коронки Crown breaker (Англия)","","","","https://a4d.kz/content/shchipcy-dlya-razdviganiya-krayov-koronki-crown-breaker-angliya-0","PUBLIC_SOURCE_REQUIRES_SUPPLIER_CONFIRMATION","","","","KZT","","","","","","CONFIRM_AND_FILL_COMMERCIAL_DATA"
"public-ba6e690c994458a98d29305d","public-ba6e690c994458a98d29305d-variant-default","Щипцы для снятия брекетов","","","","https://a4d.kz/content/shchipcy-dlya-snyatiya-breketov","PUBLIC_SOURCE_REQUIRES_SUPPLIER_CONFIRMATION","","","","KZT","","","","","","CONFIRM_AND_FILL_COMMERCIAL_DATA"
"public-a2c90a54d0c9bc5f99988786","public-a2c90a54d0c9bc5f99988786-variant-default","Щипцы для снятия клея Пакистан","","","","https://a4d.kz/content/shchipcy-dlya-snyatiya-kleya-pakistan","PUBLIC_SOURCE_REQUIRES_SUPPLIER_CONFIRMATION","","","","KZT","","","","","","CONFIRM_AND_FILL_COMMERCIAL_DATA"
"public-40d1b4d870178353716dc6d9","public-40d1b4d870178353716dc6d9-variant-default","Щипцы для снятия колец (Пакистан)","","","","https://a4d.kz/content/shchipcy-dlya-snyatiya-kolec-pakistan","PUBLIC_SOURCE_REQUIRES_SUPPLIER_CONFIRMATION","","","","KZT","","","","","","CONFIRM_AND_FILL_COMMERCIAL_DATA"
"public-7673c959462e17c03b6f825f","public-7673c959462e17c03b6f825f-variant-default","Щипцы для установки пружинных держателей колец 1,099-1","","","","https://a4d.kz/content/shchipcy-dlya-ustanovki-pruzhinnyh-derzhateley-kolec-1099-1-0","PUBLIC_SOURCE_REQUIRES_SUPPLIER_CONFIRMATION","","","","KZT","","","","","","CONFIRM_AND_FILL_COMMERCIAL_DATA"
"public-00348b039d9454d432952fc2","public-00348b039d9454d432952fc2-variant-default","Щипцы Кима для изгиба проволоки и формирования петель Пакистан","","","","https://a4d.kz/content/shchipcy-kima-dlya-izgiba-provoloki-i-formirovaniya-petel-pakistan","PUBLIC_SOURCE_REQUIRES_SUPPLIER_CONFIRMATION","","","","KZT","","","","","","CONFIRM_AND_FILL_COMMERCIAL_DATA"
"public-ee3ee4943e6ab6a09ec19671","public-ee3ee4943e6ab6a09ec19671-variant-default","Щипцы ортодонтические","","","","https://a4d.kz/content/shchipcy-ortodonticheskie","PUBLIC_SOURCE_REQUIRES_SUPPLIER_CONFIRMATION","","","","KZT","","","","","","CONFIRM_AND_FILL_COMMERCIAL_DATA"
"public-af6f825f874033b4ddc976fb","public-af6f825f874033b4ddc976fb-variant-default","Щипцы с плоским носиком для работы с проволокой","","","","https://a4d.kz/content/shchipcy-s-ploskim-nosikom-dlya-raboty-s-provolokoy","PUBLIC_SOURCE_REQUIRES_SUPPLIER_CONFIRMATION","","","","KZT","","","","","","CONFIRM_AND_FILL_COMMERCIAL_DATA"
"public-1abd60374c9d848a1bdd5160","public-1abd60374c9d848a1bdd5160-variant-default","Щипцы универсальные для работы с дугами и стальными лигатурами в полости рта. (Пакистан)","","","","https://a4d.kz/content/shchipcy-universalnye-dlya-raboty-s-dugami-i-stalnymi-ligaturami-v-polosti-rta-pakistan","PUBLIC_SOURCE_REQUIRES_SUPPLIER_CONFIRMATION","","","","KZT","","","","","","CONFIRM_AND_FILL_COMMERCIAL_DATA"
"public-517f81ae839ddafbcc2cdb46","public-517f81ae839ddafbcc2cdb46-variant-default","Щипцы установочные 3,991","","","","https://a4d.kz/content/shchipcy-ustanovochnye-3991","PUBLIC_SOURCE_REQUIRES_SUPPLIER_CONFIRMATION","","","","KZT","","","","","","CONFIRM_AND_FILL_COMMERCIAL_DATA"
"public-8eed36868d01b71124a93995","public-8eed36868d01b71124a93995-variant-default","Щипцы установочные 3,993","","","","https://a4d.kz/content/shchipcy-ustanovochnye-3993","PUBLIC_SOURCE_REQUIRES_SUPPLIER_CONFIRMATION","","","","KZT","","","","","","CONFIRM_AND_FILL_COMMERCIAL_DATA"
"public-1517c8a45e09b34a02031e83","public-1517c8a45e09b34a02031e83-variant-default","Щипцы хирургические","","","","https://a4d.kz/content/shchipcy-hirurgicheskie","PUBLIC_SOURCE_REQUIRES_SUPPLIER_CONFIRMATION","","","","KZT","","","","","","CONFIRM_AND_FILL_COMMERCIAL_DATA"
"public-da8dc1580cf2bad2346bff6a","public-da8dc1580cf2bad2346bff6a-variant-default","Щипцы Nance для формирования петли (Пакистан)","","","","https://a4d.kz/content/shchipcy-nance-dlya-formirovaniya-petli-pakistan","PUBLIC_SOURCE_REQUIRES_SUPPLIER_CONFIRMATION","","","","KZT","","","","","","CONFIRM_AND_FILL_COMMERCIAL_DATA"
"public-ea81dc08dca8bb36b7e3471c","public-ea81dc08dca8bb36b7e3471c-variant-default","Щипцы Torque для проволоки прямоугольного сечения (Пакистан)","","","","https://a4d.kz/content/shchipcy-torque-dlya-provoloki-pryamougolnogo-secheniya-pakistan","PUBLIC_SOURCE_REQUIRES_SUPPLIER_CONFIRMATION","","","","KZT","","","","","","CONFIRM_AND_FILL_COMMERCIAL_DATA"
"public-1e08f71fc468d3aabd7fdc06","public-1e08f71fc468d3aabd7fdc06-variant-default","Щипцы-кусачки используются для изгибания, откусывания или удержания проволоки (Пакистан)","","","","https://a4d.kz/content/shchipcy-kusachki-ispolzuyutsya-dlya-izgibaniya-otkusyvaniya-ili-uderzhaniya-provoloki-0","PUBLIC_SOURCE_REQUIRES_SUPPLIER_CONFIRMATION","","","","KZT","","","","","","CONFIRM_AND_FILL_COMMERCIAL_DATA"
"public-b413511ea0aa725c8d9c37f7","public-b413511ea0aa725c8d9c37f7-variant-default","Щипцы-пробойник","","","","https://a4d.kz/content/shchipcy-proboynik","PUBLIC_SOURCE_REQUIRES_SUPPLIER_CONFIRMATION","","","","KZT","","","","","","CONFIRM_AND_FILL_COMMERCIAL_DATA"
"public-eee2156593dc66bb6e3490bc","public-eee2156593dc66bb6e3490bc-variant-default","Эвакуаторы слюноотсосыдля бесконтактного удаления жидкостей","","","","https://a4d.kz/content/evakuatory-slyunootsosydlya-beskontaktnogo-udaleniya-zhidkostey","PUBLIC_SOURCE_REQUIRES_SUPPLIER_CONFIRMATION","","","","KZT","","","","","","CONFIRM_AND_FILL_COMMERCIAL_DATA"
"public-16271d462a0c2388cee992fd","public-16271d462a0c2388cee992fd-variant-default","Эйр фло аппарат","","","","https://a4d.kz/content/eyr-flo-apparat","PUBLIC_SOURCE_REQUIRES_SUPPLIER_CONFIRMATION","","","","KZT","","","","","","CONFIRM_AND_FILL_COMMERCIAL_DATA"
"public-abb8adddaf1b77956aec85e4","public-abb8adddaf1b77956aec85e4-variant-default","Эйр фло наконечник Air Jet 1S пескоструйный аппарат","","","","https://a4d.kz/content/eyr-flo-nakonechnik-air-jet-1s-peskostruynyy-apparat","PUBLIC_SOURCE_REQUIRES_SUPPLIER_CONFIRMATION","","","","KZT","","","","","","CONFIRM_AND_FILL_COMMERCIAL_DATA"
"public-c13f94ed1126a94f0eaf9f6a","public-c13f94ed1126a94f0eaf9f6a-variant-default","Эйр фло наконечник Coxo","COXO","","","https://a4d.kz/content/eyr-flo-nakonechnik-coxo","PUBLIC_SOURCE_REQUIRES_SUPPLIER_CONFIRMATION","","","","KZT","","","","","","CONFIRM_AND_FILL_COMMERCIAL_DATA"
"public-7fc56f8aa85067ce5b4ebed6","public-7fc56f8aa85067ce5b4ebed6-variant-default","Эйр фло наконечник COXO New","COXO","","","https://a4d.kz/content/eyr-flo-nakonechnik-coxo-new","PUBLIC_SOURCE_REQUIRES_SUPPLIER_CONFIRMATION","","","","KZT","","","","","","CONFIRM_AND_FILL_COMMERCIAL_DATA"
"public-21dbf1f177092d086aada586","public-21dbf1f177092d086aada586-variant-default","Эйр фло порошок 3 вкуса клубника, ментол, лемон","","","","https://a4d.kz/content/eyr-flo-poroshok-3-vkusa-klubnika-mentol-lemon","PUBLIC_SOURCE_REQUIRES_SUPPLIER_CONFIRMATION","","","","KZT","","","","","","CONFIRM_AND_FILL_COMMERCIAL_DATA"
"public-f08e993cba9cafd7cb53c2ea","public-f08e993cba9cafd7cb53c2ea-variant-default","Экскаватор №1/№2/№3","","","","https://a4d.kz/content/ekskavator-no1no2no3","PUBLIC_SOURCE_REQUIRES_SUPPLIER_CONFIRMATION","","","","KZT","","","","","","CONFIRM_AND_FILL_COMMERCIAL_DATA"
"public-10292ffc23fd8289c638c3f3","public-10292ffc23fd8289c638c3f3-variant-default","Эластичная лигатура ассорти","","","","https://a4d.kz/content/elastichnaya-ligatura-assorti","PUBLIC_SOURCE_REQUIRES_SUPPLIER_CONFIRMATION","","","","KZT","","","","","","CONFIRM_AND_FILL_COMMERCIAL_DATA"
"public-f2283137a31e65e421bdda98","public-f2283137a31e65e421bdda98-variant-default","Эластичная лигатура на выбор 20 цветов или ассорти","","","","https://a4d.kz/content/elastichnaya-ligatura-na-vybor-20-cvetov-ili-assorti","PUBLIC_SOURCE_REQUIRES_SUPPLIER_CONFIRMATION","","","","KZT","","","","","","CONFIRM_AND_FILL_COMMERCIAL_DATA"
"public-493dc4d2afc297a5a098879a","public-493dc4d2afc297a5a098879a-variant-default","Эластичная лигатура на выбор 20 цветов или ассорти большие кольца","","","","https://a4d.kz/content/elastichnaya-ligatura-na-vybor-20-cvetov-ili-assorti-bolshie-kolca","PUBLIC_SOURCE_REQUIRES_SUPPLIER_CONFIRMATION","","","","KZT","","","","","","CONFIRM_AND_FILL_COMMERCIAL_DATA"
"public-73aecda6604187658fb80527","public-73aecda6604187658fb80527-variant-default","Эластичная лигатура прозрачная","","","","https://a4d.kz/content/elastichnaya-ligatura-prozrachnaya","PUBLIC_SOURCE_REQUIRES_SUPPLIER_CONFIRMATION","","","","KZT","","","","","","CONFIRM_AND_FILL_COMMERCIAL_DATA"
"public-c0ca7368e7a2a7f760a2e40f","public-c0ca7368e7a2a7f760a2e40f-variant-default","Эластичная лигатура серая","","","","https://a4d.kz/content/elastichnaya-ligatura-seraya","PUBLIC_SOURCE_REQUIRES_SUPPLIER_CONFIRMATION","","","","KZT","","","","","","CONFIRM_AND_FILL_COMMERCIAL_DATA"
"public-3fb50f4d2d2e91053dc1be47","public-3fb50f4d2d2e91053dc1be47-variant-default","Эластичная трубка Archwire Sleeve","","","","https://a4d.kz/content/elastichnaya-trubka-archwire-sleeve","PUBLIC_SOURCE_REQUIRES_SUPPLIER_CONFIRMATION","","","","KZT","","","","","","CONFIRM_AND_FILL_COMMERCIAL_DATA"
"public-e0b4e7f9c06f1384f745608e","public-e0b4e7f9c06f1384f745608e-variant-default","Эластичные аппликаторы","","","","https://a4d.kz/content/elastichnye-applikatory","PUBLIC_SOURCE_REQUIRES_SUPPLIER_CONFIRMATION","","","","KZT","","","","","","CONFIRM_AND_FILL_COMMERCIAL_DATA"
"public-70ab560046c0ef02c93d4c60","public-70ab560046c0ef02c93d4c60-variant-default","Эластофорс Power Chain прозрачный continue, short,long, closed","","","","https://a4d.kz/content/elastofors-power-chain-prozrachnyy-continue-shortlong-closed","PUBLIC_SOURCE_REQUIRES_SUPPLIER_CONFIRMATION","","","","KZT","","","","","","CONFIRM_AND_FILL_COMMERCIAL_DATA"
"public-7200012f80aea4d7638611b5","public-7200012f80aea4d7638611b5-variant-default","Эластофорс Power Chain разные цвета continue, short,long, closed","","","","https://a4d.kz/content/elastofors-power-chain-raznye-cveta-continue-shortlong-closed","PUBLIC_SOURCE_REQUIRES_SUPPLIER_CONFIRMATION","","","","KZT","","","","","","CONFIRM_AND_FILL_COMMERCIAL_DATA"
"public-f2294666c486be28fa3296b9","public-f2294666c486be28fa3296b9-variant-default","Электрический мотор","","","","https://a4d.kz/content/elektricheskiy-motor","PUBLIC_SOURCE_REQUIRES_SUPPLIER_CONFIRMATION","","","","KZT","","","","","","CONFIRM_AND_FILL_COMMERCIAL_DATA"
"public-9c13dca59ed383369f64fdec","public-9c13dca59ed383369f64fdec-variant-default","Электрический мотор с наконечником 1:5","","","","https://a4d.kz/content/elektricheskiy-motor-s-nakonechnikom-15","PUBLIC_SOURCE_REQUIRES_SUPPLIER_CONFIRMATION","","","","KZT","","","","","","CONFIRM_AND_FILL_COMMERCIAL_DATA"
"public-c48e3d56699eeeaeaec16a5f","public-c48e3d56699eeeaeaec16a5f-variant-default","Электролитический полировщик AX-D2 для полировки деталей из хромированной и нержавеющей стали.","","","","https://a4d.kz/content/elektroliticheskiy-polirovshchik-ax-d2-dlya-polirovki-detaley-iz-hromirovannoy-i","PUBLIC_SOURCE_REQUIRES_SUPPLIER_CONFIRMATION","","","","KZT","","","","","","CONFIRM_AND_FILL_COMMERCIAL_DATA"
"public-80d3b435f6fa057f506c19de","public-80d3b435f6fa057f506c19de-variant-default","Электромотор C-Puma","","","","https://a4d.kz/content/elektromotor-c-puma","PUBLIC_SOURCE_REQUIRES_SUPPLIER_CONFIRMATION","","","","KZT","","","","","","CONFIRM_AND_FILL_COMMERCIAL_DATA"
"public-01d0b30168c0a145c5b16cf8","public-01d0b30168c0a145c5b16cf8-variant-default","Электромотор C-Puma встраиваемый в установку без наконечника","","","","https://a4d.kz/content/elektromotor-c-puma-vstraivaemyy-v-ustanovku-bez-nakonechnika","PUBLIC_SOURCE_REQUIRES_SUPPLIER_CONFIRMATION","","","","KZT","","","","","","CONFIRM_AND_FILL_COMMERCIAL_DATA"
"public-2effd2f67dab4af3165da7ca","public-2effd2f67dab4af3165da7ca-variant-default","Электрошпатель","","","","https://a4d.kz/content/elektroshpatel","PUBLIC_SOURCE_REQUIRES_SUPPLIER_CONFIRMATION","","","","KZT","","","","","","CONFIRM_AND_FILL_COMMERCIAL_DATA"
"public-f9936bc8c953f83afed0c48f","public-f9936bc8c953f83afed0c48f-variant-default","Эндо часы держатель и чистка файлов на руке","","","","https://a4d.kz/content/endo-chasy-derzhatel-i-chistka-faylov-na-ruke","PUBLIC_SOURCE_REQUIRES_SUPPLIER_CONFIRMATION","","","","KZT","","","","","","CONFIRM_AND_FILL_COMMERCIAL_DATA"
"public-40019f358a480dd064f8d8c1","public-40019f358a480dd064f8d8c1-variant-default","Эндо-бор","","","","https://a4d.kz/content/endo-bor-0","PUBLIC_SOURCE_REQUIRES_SUPPLIER_CONFIRMATION","","","","KZT","","","","","","CONFIRM_AND_FILL_COMMERCIAL_DATA"
"public-e4cd715d0dbc7b59aa7ba229","public-e4cd715d0dbc7b59aa7ba229-variant-default","Эндоаспиратор","","","","https://a4d.kz/content/endoaspirator","PUBLIC_SOURCE_REQUIRES_SUPPLIER_CONFIRMATION","","","","KZT","","","","","","CONFIRM_AND_FILL_COMMERCIAL_DATA"
"public-05aebbe28969dae447719367","public-05aebbe28969dae447719367-variant-default","Эндоблок с эндолинейкой","","","","https://a4d.kz/content/endoblok-s-endolineykoy","PUBLIC_SOURCE_REQUIRES_SUPPLIER_CONFIRMATION","","","","KZT","","","","","","CONFIRM_AND_FILL_COMMERCIAL_DATA"
"public-d98c6faf18552d2e552d4d77","public-d98c6faf18552d2e552d4d77-variant-default","Эндоблок с эндолинейкой Premium","","","","https://a4d.kz/content/endoblok-s-endolineykoy-premium","PUBLIC_SOURCE_REQUIRES_SUPPLIER_CONFIRMATION","","","","KZT","","","","","","CONFIRM_AND_FILL_COMMERCIAL_DATA"
"public-0b36c692b24a06b1eaeed860","public-0b36c692b24a06b1eaeed860-variant-default","Эндобокс","","","","https://a4d.kz/content/endoboks-1","PUBLIC_SOURCE_REQUIRES_SUPPLIER_CONFIRMATION","","","","KZT","","","","","","CONFIRM_AND_FILL_COMMERCIAL_DATA"
"public-aa6ae749e2fce92aa97c9546","public-aa6ae749e2fce92aa97c9546-variant-default","Эндобокс 2х-секционный для файлов,штифтов, боров","","","","https://a4d.kz/content/endoboks-2h-sekcionnyy-dlya-faylovshtiftov-borov","PUBLIC_SOURCE_REQUIRES_SUPPLIER_CONFIRMATION","","","","KZT","","","","","","CONFIRM_AND_FILL_COMMERCIAL_DATA"
"public-480df89644aeb3b93e7140f5","public-480df89644aeb3b93e7140f5-variant-default","Эндобокс 2х-секционный для файлов,штифтов, гутаперчи,боров","","","","https://a4d.kz/content/endoboks-2h-sekcionnyy-dlya-faylovshtiftov-gutaperchiborov","PUBLIC_SOURCE_REQUIRES_SUPPLIER_CONFIRMATION","","","","KZT","","","","","","CONFIRM_AND_FILL_COMMERCIAL_DATA"
"public-fb1dd4f91ac384e29fc91b2c","public-fb1dd4f91ac384e29fc91b2c-variant-default","Эндобокс для гутаперчи","","","","https://a4d.kz/content/endoboks-dlya-gutaperchi","PUBLIC_SOURCE_REQUIRES_SUPPLIER_CONFIRMATION","","","","KZT","","","","","","CONFIRM_AND_FILL_COMMERCIAL_DATA"
"public-db0c6f4ef95b237e3f20fec1","public-db0c6f4ef95b237e3f20fec1-variant-default","Эндобокс для гуттаперчи","","","","https://a4d.kz/content/endoboks-dlya-guttaperchi","PUBLIC_SOURCE_REQUIRES_SUPPLIER_CONFIRMATION","","","","KZT","","","","","","CONFIRM_AND_FILL_COMMERCIAL_DATA"
"public-dd3ee60bf21c2338fa6097d9","public-dd3ee60bf21c2338fa6097d9-variant-default","Эндобокс для файлов и гуттаперчи","","","","https://a4d.kz/content/endoboks-dlya-faylov-i-guttaperchi-0","PUBLIC_SOURCE_REQUIRES_SUPPLIER_CONFIRMATION","","","","KZT","","","","","","CONFIRM_AND_FILL_COMMERCIAL_DATA"
"public-657f4d50a296c7b91ff59d91","public-657f4d50a296c7b91ff59d91-variant-default","Эндобокс для файлов со счетчиком","","","","https://a4d.kz/content/endoboks-dlya-faylov-so-schetchikom","PUBLIC_SOURCE_REQUIRES_SUPPLIER_CONFIRMATION","","","","KZT","","","","","","CONFIRM_AND_FILL_COMMERCIAL_DATA"
"public-ef96768a27e2a75c4f61a364","public-ef96768a27e2a75c4f61a364-variant-default","Эндобокс для файлов, боров, гуттаперчи","","","","https://a4d.kz/content/endoboks-dlya-faylov-borov-guttaperchi","PUBLIC_SOURCE_REQUIRES_SUPPLIER_CONFIRMATION","","","","KZT","","","","","","CONFIRM_AND_FILL_COMMERCIAL_DATA"
"public-d12c1cb5444cd8aee03fe4e9","public-d12c1cb5444cd8aee03fe4e9-variant-default","Эндобокс для файлов, боров, гуттаперчи+ cleanstand","","","","https://a4d.kz/content/endoboks-dlya-faylov-borov-guttaperchi-cleanstand","PUBLIC_SOURCE_REQUIRES_SUPPLIER_CONFIRMATION","","","","KZT","","","","","","CONFIRM_AND_FILL_COMMERCIAL_DATA"
"public-6867bfeade1db7de3aa58c73","public-6867bfeade1db7de3aa58c73-variant-default","Эндобокс для файлов,штифтов, боров","","","","https://a4d.kz/content/endoboks-dlya-faylovshtiftov-borov","PUBLIC_SOURCE_REQUIRES_SUPPLIER_CONFIRMATION","","","","KZT","","","","","","CONFIRM_AND_FILL_COMMERCIAL_DATA"
"public-55ac84c1739c87282afb1496","public-55ac84c1739c87282afb1496-variant-default","Эндодонтические аппликаторыдля дозирования паст, кремов и других препаратов.","","","","https://a4d.kz/content/endodonticheskie-applikatorydlya-dozirovaniya-past-kremov-i-drugih-preparatov","PUBLIC_SOURCE_REQUIRES_SUPPLIER_CONFIRMATION","","","","KZT","","","","","","CONFIRM_AND_FILL_COMMERCIAL_DATA"
"public-729bfe3f32b332fd53adc5e2","public-729bfe3f32b332fd53adc5e2-variant-default","Эндоиглы для промыванияканалас одним или двумя отверстиями","","","","https://a4d.kz/content/endoigly-dlya-promyvaniyakanalas-odnim-ili-dvumya-otverstiyami","PUBLIC_SOURCE_REQUIRES_SUPPLIER_CONFIRMATION","","","","KZT","","","","","","CONFIRM_AND_FILL_COMMERCIAL_DATA"
"public-b9314e43bd524463c12467d9","public-b9314e43bd524463c12467d9-variant-default","Эндолинейка","","","","https://a4d.kz/content/endolineyka","PUBLIC_SOURCE_REQUIRES_SUPPLIER_CONFIRMATION","","","","KZT","","","","","","CONFIRM_AND_FILL_COMMERCIAL_DATA"
"public-c8794399b41a79a48d7e7fde","public-c8794399b41a79a48d7e7fde-variant-default","Эндолинейка Алюминиевая","","","","https://a4d.kz/content/endolineyka-alyuminievaya","PUBLIC_SOURCE_REQUIRES_SUPPLIER_CONFIRMATION","","","","KZT","","","","","","CONFIRM_AND_FILL_COMMERCIAL_DATA"
"public-e27d1cb626a17a9ea2954b65","public-e27d1cb626a17a9ea2954b65-variant-default","Эндолинейка Пластиковая","","","","https://a4d.kz/content/endolineyka-plastikovaya","PUBLIC_SOURCE_REQUIRES_SUPPLIER_CONFIRMATION","","","","KZT","","","","","","CONFIRM_AND_FILL_COMMERCIAL_DATA"
"public-a5af70f7e997b78337a3964b","public-a5af70f7e997b78337a3964b-variant-default","Эндомотор C-smart -I Pilot апекслокатором","","","","https://a4d.kz/content/endomotor-c-smart-i-pilot-apekslokatorom","PUBLIC_SOURCE_REQUIRES_SUPPLIER_CONFIRMATION","","","","KZT","","","","","","CONFIRM_AND_FILL_COMMERCIAL_DATA"
"public-db5f7d9d97cbd904c120ca7f","public-db5f7d9d97cbd904c120ca7f-variant-default","Эндонаперсник с линейкой","","","","https://a4d.kz/content/endonapersnik-s-lineykoy-1","PUBLIC_SOURCE_REQUIRES_SUPPLIER_CONFIRMATION","","","","KZT","","","","","","CONFIRM_AND_FILL_COMMERCIAL_DATA"
"public-95031f6c6add29aaaacf22ff","public-95031f6c6add29aaaacf22ff-variant-default","Ячейки для замешивания","","","","https://a4d.kz/content/yacheyki-dlya-zameshivaniya-0","PUBLIC_SOURCE_REQUIRES_SUPPLIER_CONFIRMATION","","","","KZT","","","","","","CONFIRM_AND_FILL_COMMERCIAL_DATA"
"public-caa131ce39fd46d0566f0b53","public-caa131ce39fd46d0566f0b53-variant-default","A-08 ультразвуковой скалер.","","","","https://a4d.kz/content/08-ultrazvukovoy-skaler","PUBLIC_SOURCE_REQUIRES_SUPPLIER_CONFIRMATION","","","","KZT","","","","","","CONFIRM_AND_FILL_COMMERCIAL_DATA"
"public-23d0ea12fa4bd7852a22103f","public-23d0ea12fa4bd7852a22103f-variant-default","Ani-Flex Bite А-силикон для регистрации прикуса 50мл.*2шт","","","","https://a4d.kz/content/ani-flex-bite-silikon-dlya-registracii-prikusa-50ml2sht","PUBLIC_SOURCE_REQUIRES_SUPPLIER_CONFIRMATION","","","","KZT","","","","","","CONFIRM_AND_FILL_COMMERCIAL_DATA"
"public-d2643ab2c2d17948f5cb4587","public-d2643ab2c2d17948f5cb4587-variant-default","Ani-Flex Clear прозрачный А-силикон средней вязкости для создания прозрачных ключей. 50мл.*4 шт.","","","","https://a4d.kz/content/ani-flex-clear-prozrachnyy-silikon-sredney-vyazkosti-dlya-sozdaniya-prozrachnyh-klyuchey","PUBLIC_SOURCE_REQUIRES_SUPPLIER_CONFIRMATION","","","","KZT","","","","","","CONFIRM_AND_FILL_COMMERCIAL_DATA"
"public-e972411727c1cb5aa2bd50f9","public-e972411727c1cb5aa2bd50f9-variant-default","Any-Com 4 гр. шприц","","","","https://a4d.kz/content/any-com-4-gr-shpric","PUBLIC_SOURCE_REQUIRES_SUPPLIER_CONFIRMATION","","","","KZT","","","","","","CONFIRM_AND_FILL_COMMERCIAL_DATA"
"public-4b2f5501ec1b537ad90b8226","public-4b2f5501ec1b537ad90b8226-variant-default","Any-Com Flow Kit жидкотекучий , нано гибридный усиленный наполнителем композит","","","","https://a4d.kz/content/any-com-flow-kit-zhidkotekuchiy-nano-gibridnyy-usilennyy-napolnitelem-kompozit","PUBLIC_SOURCE_REQUIRES_SUPPLIER_CONFIRMATION","","","","KZT","","","","","","CONFIRM_AND_FILL_COMMERCIAL_DATA"
"public-d4b2696d8970cfb2760f3f08","public-d4b2696d8970cfb2760f3f08-variant-default","Any-Core – композит двойного отверждения для фиксации штифтов и формирования культи зуба","","","","https://a4d.kz/content/any-core-kompozit-dvoynogo-otverzhdeniya-dlya-fiksacii-shtiftov-i-formirovaniya-kulti-zuba","PUBLIC_SOURCE_REQUIRES_SUPPLIER_CONFIRMATION","","","","KZT","","","","","","CONFIRM_AND_FILL_COMMERCIAL_DATA"
"public-6f64c440aaf6bcb25ba586ad","public-6f64c440aaf6bcb25ba586ad-variant-default","Any-Etch протравочный гель","","","","https://a4d.kz/content/any-etch-protravochnyy-gel","PUBLIC_SOURCE_REQUIRES_SUPPLIER_CONFIRMATION","","","","KZT","","","","","","CONFIRM_AND_FILL_COMMERCIAL_DATA"
"public-955477c749fb9452cb2aa460","public-955477c749fb9452cb2aa460-variant-default","Any-Temp NE цемент с оксидом цинка для временной фиксации любых ортопедических конструкций 30гр.","","","","https://a4d.kz/content/any-temp-ne-cement-s-oksidom-cinka-dlya-vremennoy-fiksacii-lyubyh-ortopedicheskih","PUBLIC_SOURCE_REQUIRES_SUPPLIER_CONFIRMATION","","","","KZT","","","","","","CONFIRM_AND_FILL_COMMERCIAL_DATA"
"public-8208472563427bf17f35be74","public-8208472563427bf17f35be74-variant-default","AX-4-10A Муфельная печь","","","","https://a4d.kz/content/ax-4-10a-mufelnaya-pech","PUBLIC_SOURCE_REQUIRES_SUPPLIER_CONFIRMATION","","","","KZT","","","","","","CONFIRM_AND_FILL_COMMERCIAL_DATA"
"public-cee26b237d05831ed0922535","public-cee26b237d05831ed0922535-variant-default","AX-ZL3 индукционный литейный аппарат","","","","https://a4d.kz/content/ax-zl3-indukcionnyy-liteynyy-apparat","PUBLIC_SOURCE_REQUIRES_SUPPLIER_CONFIRMATION","","","","KZT","","","","","","CONFIRM_AND_FILL_COMMERCIAL_DATA"
"public-721bf858c5d6598eddee5804","public-721bf858c5d6598eddee5804-variant-default","Bean flap holder (Англия)","","","","https://a4d.kz/content/bean-flap-holder-angliya","PUBLIC_SOURCE_REQUIRES_SUPPLIER_CONFIRMATION","","","","KZT","","","","","","CONFIRM_AND_FILL_COMMERCIAL_DATA"
"public-ec559762ed3e661c03c904f3","public-ec559762ed3e661c03c904f3-variant-default","Bulk-Flo фотополимерный, усиле нный наполнителем композит для реставраций","","","","https://a4d.kz/content/bulk-flo-fotopolimernyy-usile-nnyy-napolnitelem-kompozit-dlya-restavraciy","PUBLIC_SOURCE_REQUIRES_SUPPLIER_CONFIRMATION","","","","KZT","","","","","","CONFIRM_AND_FILL_COMMERCIAL_DATA"
"public-ecb90b0a58708318e04c9328","public-ecb90b0a58708318e04c9328-variant-default","C-филес","","","","https://a4d.kz/content/c-files","PUBLIC_SOURCE_REQUIRES_SUPPLIER_CONFIRMATION","","","","KZT","","","","","","CONFIRM_AND_FILL_COMMERCIAL_DATA"
"public-adffda84dec2216ee1c0ad0e","public-adffda84dec2216ee1c0ad0e-variant-default","C-bright 1-Zoom система для профессионального отбеливания","","","","https://a4d.kz/content/c-bright-1-zoom-sistema-dlya-professionalnogo-otbelivaniya","PUBLIC_SOURCE_REQUIRES_SUPPLIER_CONFIRMATION","","","","KZT","","","","","","CONFIRM_AND_FILL_COMMERCIAL_DATA"
"public-dab81338db02a9a98ed23363","public-dab81338db02a9a98ed23363-variant-default","C-gutta гуаперча для обтурационной системы","","","","https://a4d.kz/content/c-gutta-guapercha-dlya-obturacionnoy-sistemy-0","PUBLIC_SOURCE_REQUIRES_SUPPLIER_CONFIRMATION","","","","KZT","","","","","","CONFIRM_AND_FILL_COMMERCIAL_DATA"
"public-b4f74c931b8d62daecc0fece","public-b4f74c931b8d62daecc0fece-variant-default","C-Sailor Pro-физиодиспенсер c наконечником, с оптикой","","","","https://a4d.kz/content/c-sailor-pro-fiziodispenser-c-nakonechnikom-s-optikoy","PUBLIC_SOURCE_REQUIRES_SUPPLIER_CONFIRMATION","","","","KZT","","","","","","CONFIRM_AND_FILL_COMMERCIAL_DATA"
"public-03f6b67a39df46f5bf813ac5","public-03f6b67a39df46f5bf813ac5-variant-default","C-Smart mini AP Беспроводной эндодонтический аппарат с апекслокатором","","","","https://a4d.kz/content/c-smart-mini-ap-besprovodnoy-endodonticheskiy-apparat-s-apekslokatorom","PUBLIC_SOURCE_REQUIRES_SUPPLIER_CONFIRMATION","","","","KZT","","","","","","CONFIRM_AND_FILL_COMMERCIAL_DATA"
"public-6088d69bb5e45020ca3d4cd6","public-6088d69bb5e45020ca3d4cd6-variant-default","CA-1 пескоструйный аппарат с подачей воды","","","","https://a4d.kz/content/ca-1-peskostruynyy-apparat-s-podachey-vody","PUBLIC_SOURCE_REQUIRES_SUPPLIER_CONFIRMATION","","","","KZT","","","","","","CONFIRM_AND_FILL_COMMERCIAL_DATA"
"public-e229ff5e5b3dd62d4e9bc135","public-e229ff5e5b3dd62d4e9bc135-variant-default","CAD/CAM ВОСК 14MM/16ММ","","","","https://a4d.kz/content/cadcam-vosk-14mm16mm","PUBLIC_SOURCE_REQUIRES_SUPPLIER_CONFIRMATION","","","","KZT","","","","","","CONFIRM_AND_FILL_COMMERCIAL_DATA"
"public-2bffc15f42c0a419402913e6","public-2bffc15f42c0a419402913e6-variant-default","COXO C Root I (VI) апекслокатор с встроенным пульптестером","COXO","","","https://a4d.kz/content/coxo-c-root-i-vi-apekslokator-s-vstroennym-pulptesterom","PUBLIC_SOURCE_REQUIRES_SUPPLIER_CONFIRMATION","","","","KZT","","","","","","CONFIRM_AND_FILL_COMMERCIAL_DATA"
"public-e2f731c56e9bdf1b01f4a312","public-e2f731c56e9bdf1b01f4a312-variant-default","Dentto-Dam фотополимерный","","","","https://a4d.kz/content/dentto-dam-fotopolimernyy","PUBLIC_SOURCE_REQUIRES_SUPPLIER_CONFIRMATION","","","","KZT","","","","","","CONFIRM_AND_FILL_COMMERCIAL_DATA"
"public-9a9ce1b22c1152e144691000","public-9a9ce1b22c1152e144691000-variant-default","Ds7+ ультразвуковой скалер автономная подача светом","","","","https://a4d.kz/content/ds7-ultrazvukovoy-skaler-avtonomnaya-podacha-svetom","PUBLIC_SOURCE_REQUIRES_SUPPLIER_CONFIRMATION","","","","KZT","","","","","","CONFIRM_AND_FILL_COMMERCIAL_DATA"
"public-8771ec08a487663c19a332b9","public-8771ec08a487663c19a332b9-variant-default","Easy Fill обтурационная система","","","","https://a4d.kz/content/easy-fill-obturacionnaya-sistema","PUBLIC_SOURCE_REQUIRES_SUPPLIER_CONFIRMATION","","","","KZT","","","","","","CONFIRM_AND_FILL_COMMERCIAL_DATA"
"public-325a64d8ea101d09e56549de","public-325a64d8ea101d09e56549de-variant-default","Easy Pack обтурационная система","","","","https://a4d.kz/content/easy-pack-obturacionnaya-sistema","PUBLIC_SOURCE_REQUIRES_SUPPLIER_CONFIRMATION","","","","KZT","","","","","","CONFIRM_AND_FILL_COMMERCIAL_DATA"
"public-48b495e7d9118c06f7c3fa36","public-48b495e7d9118c06f7c3fa36-variant-default","Endo sponges Диски поролоновые","","","","https://a4d.kz/content/endo-sponges-diski-porolonovye","PUBLIC_SOURCE_REQUIRES_SUPPLIER_CONFIRMATION","","","","KZT","","","","","","CONFIRM_AND_FILL_COMMERCIAL_DATA"
"public-030868f1a024f3b464507ab4","public-030868f1a024f3b464507ab4-variant-default","Endo sponges Premium Диски","","","","https://a4d.kz/content/endo-sponges-premium-diski","PUBLIC_SOURCE_REQUIRES_SUPPLIER_CONFIRMATION","","","","KZT","","","","","","CONFIRM_AND_FILL_COMMERCIAL_DATA"
"public-2fbecbf76045e51e705a90c2","public-2fbecbf76045e51e705a90c2-variant-default","Endo sponges Premium Диски малые","","","","https://a4d.kz/content/endo-sponges-premium-diski-malye","PUBLIC_SOURCE_REQUIRES_SUPPLIER_CONFIRMATION","","","","KZT","","","","","","CONFIRM_AND_FILL_COMMERCIAL_DATA"
"public-b90f5f0a18856279dd594044","public-b90f5f0a18856279dd594044-variant-default","Endo@Prep GEL EDTA","","","","https://a4d.kz/content/endoprep-gel-edta","PUBLIC_SOURCE_REQUIRES_SUPPLIER_CONFIRMATION","","","","KZT","","","","","","CONFIRM_AND_FILL_COMMERCIAL_DATA"
"public-e7e3ec534531b837cf596f7d","public-e7e3ec534531b837cf596f7d-variant-default","Face Bow-Universal Асимметричные лицевые дуги","","","","https://a4d.kz/content/face-bow-universal-asimmetrichnye-licevye-dugi","PUBLIC_SOURCE_REQUIRES_SUPPLIER_CONFIRMATION","","","","KZT","","","","","","CONFIRM_AND_FILL_COMMERCIAL_DATA"
"public-a859841c96b63cad3e2774ec","public-a859841c96b63cad3e2774ec-variant-default","G3 FILE для подготовки каналов SANI","","","","https://a4d.kz/content/g3-file-dlya-podgotovki-kanalov-sani","PUBLIC_SOURCE_REQUIRES_SUPPLIER_CONFIRMATION","","","","KZT","","","","","","CONFIRM_AND_FILL_COMMERCIAL_DATA"
"public-b569af20fa11c627b7b3bede","public-b569af20fa11c627b7b3bede-variant-default","Gun needle иглы для обтурационной системы","","","","https://a4d.kz/content/gun-needle-igly-dlya-obturacionnoy-sistemy","PUBLIC_SOURCE_REQUIRES_SUPPLIER_CONFIRMATION","","","","KZT","","","","","","CONFIRM_AND_FILL_COMMERCIAL_DATA"
"public-0bce6e747ebf57c0d1c4c680","public-0bce6e747ebf57c0d1c4c680-variant-default","H-файл стальные","","","","https://a4d.kz/content/h-fayl-stalnye","PUBLIC_SOURCE_REQUIRES_SUPPLIER_CONFIRMATION","","","","KZT","","","","","","CONFIRM_AND_FILL_COMMERCIAL_DATA"
"public-29e5f330fe6ef3b1ca2efa3a","public-29e5f330fe6ef3b1ca2efa3a-variant-default","H-файл Niti","","","","https://a4d.kz/content/h-fayl-niti","PUBLIC_SOURCE_REQUIRES_SUPPLIER_CONFIRMATION","","","","KZT","","","","","","CONFIRM_AND_FILL_COMMERCIAL_DATA"
"public-d141884da3cae0caf9f44a76","public-d141884da3cae0caf9f44a76-variant-default","H-файлы Niti","","","","https://a4d.kz/content/h-fayly-niti","PUBLIC_SOURCE_REQUIRES_SUPPLIER_CONFIRMATION","","","","KZT","","","","","","CONFIRM_AND_FILL_COMMERCIAL_DATA"
"public-f7ac03fa3d6bf06156e1bae0","public-f7ac03fa3d6bf06156e1bae0-variant-default","Heat plunger насадки для обтурационной системы","","","","https://a4d.kz/content/heat-plunger-nasadki-dlya-obturacionnoy-sistemy","PUBLIC_SOURCE_REQUIRES_SUPPLIER_CONFIRMATION","","","","KZT","","","","","","CONFIRM_AND_FILL_COMMERCIAL_DATA"
"public-e78c1ae0843170b0cab572d8","public-e78c1ae0843170b0cab572d8-variant-default","HST-A1 Модель тренировочная жесткая","","","","https://a4d.kz/content/hst-a1-model-trenirovochnaya-zhestkaya","PUBLIC_SOURCE_REQUIRES_SUPPLIER_CONFIRMATION","","","","KZT","","","","","","CONFIRM_AND_FILL_COMMERCIAL_DATA"
"public-aa50d24de1d9466665ef9542","public-aa50d24de1d9466665ef9542-variant-default","HST-A15 Модель тренировочная со съемными зубами","","","","https://a4d.kz/content/hst-a15-model-trenirovochnaya-so-semnymi-zubami","PUBLIC_SOURCE_REQUIRES_SUPPLIER_CONFIRMATION","","","","KZT","","","","","","CONFIRM_AND_FILL_COMMERCIAL_DATA"
"public-32efb2a8870687edfed288ad","public-32efb2a8870687edfed288ad-variant-default","HST-A2 Модель тренировочная жесткая","","","","https://a4d.kz/content/hst-a2-model-trenirovochnaya-zhestkaya","PUBLIC_SOURCE_REQUIRES_SUPPLIER_CONFIRMATION","","","","KZT","","","","","","CONFIRM_AND_FILL_COMMERCIAL_DATA"
"public-dc3b0f39ec48561d79c25823","public-dc3b0f39ec48561d79c25823-variant-default","HST-A3 Модель тренировочная детская жесткая","","","","https://a4d.kz/content/hst-a3-model-trenirovochnaya-detskaya-zhestkaya","PUBLIC_SOURCE_REQUIRES_SUPPLIER_CONFIRMATION","","","","KZT","","","","","","CONFIRM_AND_FILL_COMMERCIAL_DATA"
"public-06402ff7f23b05ebc30dfe22","public-06402ff7f23b05ebc30dfe22-variant-default","HST-A4 Модель тренировочная мягкая","","","","https://a4d.kz/content/hst-a4-model-trenirovochnaya-myagkaya","PUBLIC_SOURCE_REQUIRES_SUPPLIER_CONFIRMATION","","","","KZT","","","","","","CONFIRM_AND_FILL_COMMERCIAL_DATA"
"public-fdbf42ef71c5226bdeca859b","public-fdbf42ef71c5226bdeca859b-variant-default","HST-A5 Модель тренировочная","","","","https://a4d.kz/content/hst-a5-model-trenirovochnaya","PUBLIC_SOURCE_REQUIRES_SUPPLIER_CONFIRMATION","","","","KZT","","","","","","CONFIRM_AND_FILL_COMMERCIAL_DATA"
"public-691240e16712db24592177cf","public-691240e16712db24592177cf-variant-default","HST-A7 Модель тренировочная","","","","https://a4d.kz/content/hst-a7-model-trenirovochnaya","PUBLIC_SOURCE_REQUIRES_SUPPLIER_CONFIRMATION","","","","KZT","","","","","","CONFIRM_AND_FILL_COMMERCIAL_DATA"
"public-783866d3bd7db411f4fa8cf6","public-783866d3bd7db411f4fa8cf6-variant-default","HST-A7-01 Модель тренировочная","","","","https://a4d.kz/content/hst-a7-01-model-trenirovochnaya","PUBLIC_SOURCE_REQUIRES_SUPPLIER_CONFIRMATION","","","","KZT","","","","","","CONFIRM_AND_FILL_COMMERCIAL_DATA"
"public-8227cfdfc30f95d2393d5b2b","public-8227cfdfc30f95d2393d5b2b-variant-default","HST-B1 Ортодонтическая модель","","","","https://a4d.kz/content/hst-b1-ortodonticheskaya-model","PUBLIC_SOURCE_REQUIRES_SUPPLIER_CONFIRMATION","","","","KZT","","","","","","CONFIRM_AND_FILL_COMMERCIAL_DATA"
"public-af34ac85a5f4fb7b9b498e20","public-af34ac85a5f4fb7b9b498e20-variant-default","HST-B1-01 Ортодонтическая модель брекеты металические","","","","https://a4d.kz/content/hst-b1-01-ortodonticheskaya-model-brekety-metalicheskie","PUBLIC_SOURCE_REQUIRES_SUPPLIER_CONFIRMATION","","","","KZT","","","","","","CONFIRM_AND_FILL_COMMERCIAL_DATA"
"public-3b1d59afbe55e35e1f635273","public-3b1d59afbe55e35e1f635273-variant-default","HST-B1-02 Ортодонтическая модель брекеты метал./керамические","","","","https://a4d.kz/content/hst-b1-02-ortodonticheskaya-model-brekety-metalkeramicheskie","PUBLIC_SOURCE_REQUIRES_SUPPLIER_CONFIRMATION","","","","KZT","","","","","","CONFIRM_AND_FILL_COMMERCIAL_DATA"
"public-e4c1145d9fc1e461af64bbec","public-e4c1145d9fc1e461af64bbec-variant-default","HST-B1-03 Ортодонтическая модель брекеты керамические","","","","https://a4d.kz/content/hst-b1-03-ortodonticheskaya-model-brekety-keramicheskie","PUBLIC_SOURCE_REQUIRES_SUPPLIER_CONFIRMATION","","","","KZT","","","","","","CONFIRM_AND_FILL_COMMERCIAL_DATA"
"public-20fe8b7fbb14637bcd4e2fcf","public-20fe8b7fbb14637bcd4e2fcf-variant-default","HST-B2 Ортодонтическая модель","","","","https://a4d.kz/content/hst-b2-ortodonticheskaya-model","PUBLIC_SOURCE_REQUIRES_SUPPLIER_CONFIRMATION","","","","KZT","","","","","","CONFIRM_AND_FILL_COMMERCIAL_DATA"
"public-7d6e8420d05efd49f7d2c6a1","public-7d6e8420d05efd49f7d2c6a1-variant-default","HST-B2-01 Ортодонтическая модель брекеты металические","","","","https://a4d.kz/content/hst-b2-01-ortodonticheskaya-model-brekety-metalicheskie","PUBLIC_SOURCE_REQUIRES_SUPPLIER_CONFIRMATION","","","","KZT","","","","","","CONFIRM_AND_FILL_COMMERCIAL_DATA"
"public-0a1ed77390e91c1f439a2c73","public-0a1ed77390e91c1f439a2c73-variant-default","HST-B2-02 Ортодонтическая модель брекеты метал./керамические","","","","https://a4d.kz/content/hst-b2-02-ortodonticheskaya-model-brekety-metalkeramicheskie","PUBLIC_SOURCE_REQUIRES_SUPPLIER_CONFIRMATION","","","","KZT","","","","","","CONFIRM_AND_FILL_COMMERCIAL_DATA"
"public-651a81d3d4c457edec21cf82","public-651a81d3d4c457edec21cf82-variant-default","HST-B2-03 Ортодонтическая модель брекеты керамические","","","","https://a4d.kz/content/hst-b2-03-ortodonticheskaya-model-brekety-keramicheskie","PUBLIC_SOURCE_REQUIRES_SUPPLIER_CONFIRMATION","","","","KZT","","","","","","CONFIRM_AND_FILL_COMMERCIAL_DATA"
"public-6612148b9dafb6afa1598a94","public-6612148b9dafb6afa1598a94-variant-default","HST-B3 Ортодонтическая модель","","","","https://a4d.kz/content/hst-b3-ortodonticheskaya-model","PUBLIC_SOURCE_REQUIRES_SUPPLIER_CONFIRMATION","","","","KZT","","","","","","CONFIRM_AND_FILL_COMMERCIAL_DATA"
"public-09f9e00706313b9547c81f24","public-09f9e00706313b9547c81f24-variant-default","HST-B3-01 Ортодонтическая модель металические брекеты","","","","https://a4d.kz/content/hst-b3-01-ortodonticheskaya-model-metalicheskie-brekety","PUBLIC_SOURCE_REQUIRES_SUPPLIER_CONFIRMATION","","","","KZT","","","","","","CONFIRM_AND_FILL_COMMERCIAL_DATA"
"public-c3a42378900da8f299897ca4","public-c3a42378900da8f299897ca4-variant-default","HST-B3-02 Ортодонтическая модель брекеты метал./керамические","","","","https://a4d.kz/content/hst-b3-02-ortodonticheskaya-model-brekety-metalkeramicheskie","PUBLIC_SOURCE_REQUIRES_SUPPLIER_CONFIRMATION","","","","KZT","","","","","","CONFIRM_AND_FILL_COMMERCIAL_DATA"
"public-9ab09edc12676b5ec64c1c06","public-9ab09edc12676b5ec64c1c06-variant-default","HST-B3-03 Ортодонтическая модель брекеты керамические","","","","https://a4d.kz/content/hst-b3-03-ortodonticheskaya-model-brekety-keramicheskie","PUBLIC_SOURCE_REQUIRES_SUPPLIER_CONFIRMATION","","","","KZT","","","","","","CONFIRM_AND_FILL_COMMERCIAL_DATA"
"public-80f267b36ebe51a8d0be2434","public-80f267b36ebe51a8d0be2434-variant-default","HST-B4 Ортодонтическая модель","","","","https://a4d.kz/content/hst-b4-ortodonticheskaya-model","PUBLIC_SOURCE_REQUIRES_SUPPLIER_CONFIRMATION","","","","KZT","","","","","","CONFIRM_AND_FILL_COMMERCIAL_DATA"
"public-6775fcd776d4cfb8a0620e67","public-6775fcd776d4cfb8a0620e67-variant-default","HST-B4-01 Ортодонтическая модель брекеты металические","","","","https://a4d.kz/content/hst-b4-01-ortodonticheskaya-model-brekety-metalicheskie","PUBLIC_SOURCE_REQUIRES_SUPPLIER_CONFIRMATION","","","","KZT","","","","","","CONFIRM_AND_FILL_COMMERCIAL_DATA"
"public-0414f15e81fee16f66bede83","public-0414f15e81fee16f66bede83-variant-default","HST-B4-02 Ортодонтическая модель брекеты метал./керамические","","","","https://a4d.kz/content/hst-b4-02-ortodonticheskaya-model-brekety-metalkeramicheskie","PUBLIC_SOURCE_REQUIRES_SUPPLIER_CONFIRMATION","","","","KZT","","","","","","CONFIRM_AND_FILL_COMMERCIAL_DATA"
"public-15853bfea94d50340cc63679","public-15853bfea94d50340cc63679-variant-default","HST-B4-03 Ортодонтическая модель брекеты керамические","","","","https://a4d.kz/content/hst-b4-03-ortodonticheskaya-model-brekety-keramicheskie","PUBLIC_SOURCE_REQUIRES_SUPPLIER_CONFIRMATION","","","","KZT","","","","","","CONFIRM_AND_FILL_COMMERCIAL_DATA"
"public-96b3e194f152b9fa2b196dcb","public-96b3e194f152b9fa2b196dcb-variant-default","HST-B5 Ортодонтическая модель","","","","https://a4d.kz/content/hst-b5-ortodonticheskaya-model","PUBLIC_SOURCE_REQUIRES_SUPPLIER_CONFIRMATION","","","","KZT","","","","","","CONFIRM_AND_FILL_COMMERCIAL_DATA"
"public-0fce1c5d45bcdab4aa738076","public-0fce1c5d45bcdab4aa738076-variant-default","HST-B5-01 Ортодонтическая модель металлические брекеты","","","","https://a4d.kz/content/hst-b5-01-ortodonticheskaya-model-metallicheskie-brekety","PUBLIC_SOURCE_REQUIRES_SUPPLIER_CONFIRMATION","","","","KZT","","","","","","CONFIRM_AND_FILL_COMMERCIAL_DATA"
"public-63a6e43654ddd93c9d3427ee","public-63a6e43654ddd93c9d3427ee-variant-default","HST-B5-02 Ортодонтическая модель брекеты метал./керамические","","","","https://a4d.kz/content/hst-b5-02-ortodonticheskaya-model-brekety-metalkeramicheskie","PUBLIC_SOURCE_REQUIRES_SUPPLIER_CONFIRMATION","","","","KZT","","","","","","CONFIRM_AND_FILL_COMMERCIAL_DATA"
"public-d86006299b74fa0d0cffe3c9","public-d86006299b74fa0d0cffe3c9-variant-default","HST-B5-03 Ортодонтическая модель брекеты керамические","","","","https://a4d.kz/content/hst-b5-03-ortodonticheskaya-model-brekety-keramicheskie","PUBLIC_SOURCE_REQUIRES_SUPPLIER_CONFIRMATION","","","","KZT","","","","","","CONFIRM_AND_FILL_COMMERCIAL_DATA"
"public-4d5ca20469d9cf0f0ca93787","public-4d5ca20469d9cf0f0ca93787-variant-default","HST-B6 Ортодонтическая модель","","","","https://a4d.kz/content/hst-b6-ortodonticheskaya-model","PUBLIC_SOURCE_REQUIRES_SUPPLIER_CONFIRMATION","","","","KZT","","","","","","CONFIRM_AND_FILL_COMMERCIAL_DATA"
"public-fa066e4ba806a24bc5494b7f","public-fa066e4ba806a24bc5494b7f-variant-default","HST-B6-01 Ортодонтическая модель металлические брекеты","","","","https://a4d.kz/content/hst-b6-01-ortodonticheskaya-model-metallicheskie-brekety","PUBLIC_SOURCE_REQUIRES_SUPPLIER_CONFIRMATION","","","","KZT","","","","","","CONFIRM_AND_FILL_COMMERCIAL_DATA"
"public-ddd162baa5f15dec91de6716","public-ddd162baa5f15dec91de6716-variant-default","HST-B6-02 Ортодонтическая модель металлические брекеты/керамические","","","","https://a4d.kz/content/hst-b6-02-ortodonticheskaya-model-metallicheskie-breketykeramicheskie","PUBLIC_SOURCE_REQUIRES_SUPPLIER_CONFIRMATION","","","","KZT","","","","","","CONFIRM_AND_FILL_COMMERCIAL_DATA"
"public-bb131b4e9e0c3761fc61e528","public-bb131b4e9e0c3761fc61e528-variant-default","HST-B6-03 Ортодонтическая модель брекеты керамические","","","","https://a4d.kz/content/hst-b6-03-ortodonticheskaya-model-brekety-keramicheskie","PUBLIC_SOURCE_REQUIRES_SUPPLIER_CONFIRMATION","","","","KZT","","","","","","CONFIRM_AND_FILL_COMMERCIAL_DATA"
"public-7f30b81ba7cbd3ef1b08468e","public-7f30b81ba7cbd3ef1b08468e-variant-default","HST-B7 Ортодонтическая модель","","","","https://a4d.kz/content/hst-b7-ortodonticheskaya-model","PUBLIC_SOURCE_REQUIRES_SUPPLIER_CONFIRMATION","","","","KZT","","","","","","CONFIRM_AND_FILL_COMMERCIAL_DATA"
"public-9168218e622a18c6b2185866","public-9168218e622a18c6b2185866-variant-default","HST-B7-01 Ортодонтическая модель металлические брекеты","","","","https://a4d.kz/content/hst-b7-01-ortodonticheskaya-model-metallicheskie-brekety","PUBLIC_SOURCE_REQUIRES_SUPPLIER_CONFIRMATION","","","","KZT","","","","","","CONFIRM_AND_FILL_COMMERCIAL_DATA"
"public-bdf08a1910c5f75b602cc126","public-bdf08a1910c5f75b602cc126-variant-default","HST-B7-02 Ортодонтическая модель металлические брекеты","","","","https://a4d.kz/content/hst-b7-02-ortodonticheskaya-model-metallicheskie-brekety","PUBLIC_SOURCE_REQUIRES_SUPPLIER_CONFIRMATION","","","","KZT","","","","","","CONFIRM_AND_FILL_COMMERCIAL_DATA"
"public-574f84cfa1dacd67969fbcb0","public-574f84cfa1dacd67969fbcb0-variant-default","HST-B7-03 Ортодонтическая модель керамические брекеты","","","","https://a4d.kz/content/hst-b7-03-ortodonticheskaya-model-keramicheskie-brekety","PUBLIC_SOURCE_REQUIRES_SUPPLIER_CONFIRMATION","","","","KZT","","","","","","CONFIRM_AND_FILL_COMMERCIAL_DATA"
"public-c65f805b538da8add1c8aad0","public-c65f805b538da8add1c8aad0-variant-default","HST-B8 Ортодонтическая модель","","","","https://a4d.kz/content/hst-b8-ortodonticheskaya-model","PUBLIC_SOURCE_REQUIRES_SUPPLIER_CONFIRMATION","","","","KZT","","","","","","CONFIRM_AND_FILL_COMMERCIAL_DATA"
"public-252630c4d5d9165968620dfc","public-252630c4d5d9165968620dfc-variant-default","HST-B8-01 Ортодонтическая модель","","","","https://a4d.kz/content/hst-b8-01-ortodonticheskaya-model","PUBLIC_SOURCE_REQUIRES_SUPPLIER_CONFIRMATION","","","","KZT","","","","","","CONFIRM_AND_FILL_COMMERCIAL_DATA"
"public-862130d2a016b50e5a04e81a","public-862130d2a016b50e5a04e81a-variant-default","HST-B8-02 Ортодонтическая модель металлические брекеты","","","","https://a4d.kz/content/hst-b8-02-ortodonticheskaya-model-metallicheskie-brekety","PUBLIC_SOURCE_REQUIRES_SUPPLIER_CONFIRMATION","","","","KZT","","","","","","CONFIRM_AND_FILL_COMMERCIAL_DATA"
"public-cd4e0b223cb9840d70f3b2a6","public-cd4e0b223cb9840d70f3b2a6-variant-default","HST-B8-03 Ортодонтическая модель металлические брекеты","","","","https://a4d.kz/content/hst-b8-03-ortodonticheskaya-model-metallicheskie-brekety","PUBLIC_SOURCE_REQUIRES_SUPPLIER_CONFIRMATION","","","","KZT","","","","","","CONFIRM_AND_FILL_COMMERCIAL_DATA"
"public-68d285de3844055c396e1d7f","public-68d285de3844055c396e1d7f-variant-default","HST-B9-01 Ортодонтическая модель брекеты металические","","","","https://a4d.kz/content/hst-b9-01-ortodonticheskaya-model-brekety-metalicheskie","PUBLIC_SOURCE_REQUIRES_SUPPLIER_CONFIRMATION","","","","KZT","","","","","","CONFIRM_AND_FILL_COMMERCIAL_DATA"
"public-56e24dc1649c5524bc48918c","public-56e24dc1649c5524bc48918c-variant-default","HST-C1 Модель с патологиями, имплантом","","","","https://a4d.kz/content/hst-c1-model-s-patologiyami-implantom","PUBLIC_SOURCE_REQUIRES_SUPPLIER_CONFIRMATION","","","","KZT","","","","","","CONFIRM_AND_FILL_COMMERCIAL_DATA"
"public-5a6e7abdb93a58dbc70b2f1b","public-5a6e7abdb93a58dbc70b2f1b-variant-default","HST-C11 Модель с патологиями","","","","https://a4d.kz/content/hst-c11-model-s-patologiyami","PUBLIC_SOURCE_REQUIRES_SUPPLIER_CONFIRMATION","","","","KZT","","","","","","CONFIRM_AND_FILL_COMMERCIAL_DATA"
"public-0e022007c63b01f900996ae8","public-0e022007c63b01f900996ae8-variant-default","HST-C12 Модель с кариесом","","","","https://a4d.kz/content/hst-c12-model-s-kariesom","PUBLIC_SOURCE_REQUIRES_SUPPLIER_CONFIRMATION","","","","KZT","","","","","","CONFIRM_AND_FILL_COMMERCIAL_DATA"
"public-cefca2483ecbadebd528eccf","public-cefca2483ecbadebd528eccf-variant-default","HST-C13 Модель с патологиями, нерв","","","","https://a4d.kz/content/hst-c13-model-s-patologiyami-nerv","PUBLIC_SOURCE_REQUIRES_SUPPLIER_CONFIRMATION","","","","KZT","","","","","","CONFIRM_AND_FILL_COMMERCIAL_DATA"
"public-79ef117aa4edfc34777f4ff8","public-79ef117aa4edfc34777f4ff8-variant-default","HST-C2 Модель с патологиями, без зуба","","","","https://a4d.kz/content/hst-c2-model-s-patologiyami-bez-zuba","PUBLIC_SOURCE_REQUIRES_SUPPLIER_CONFIRMATION","","","","KZT","","","","","","CONFIRM_AND_FILL_COMMERCIAL_DATA"
"public-5b282b4803fad6257cc17c81","public-5b282b4803fad6257cc17c81-variant-default","HST-C4 Модель с патологиями, имплантом","","","","https://a4d.kz/content/hst-c4-model-s-patologiyami-implantom","PUBLIC_SOURCE_REQUIRES_SUPPLIER_CONFIRMATION","","","","KZT","","","","","","CONFIRM_AND_FILL_COMMERCIAL_DATA"
"public-a3cf8c92ebc840f82f547f2a","public-a3cf8c92ebc840f82f547f2a-variant-default","HST-C6 Модель с патологиями","","","","https://a4d.kz/content/hst-c6-model-s-patologiyami","PUBLIC_SOURCE_REQUIRES_SUPPLIER_CONFIRMATION","","","","KZT","","","","","","CONFIRM_AND_FILL_COMMERCIAL_DATA"
"public-7221ea4feb185e76b1020b31","public-7221ea4feb185e76b1020b31-variant-default","HST-C7 Модель кариес","","","","https://a4d.kz/content/hst-c7-model-karies","PUBLIC_SOURCE_REQUIRES_SUPPLIER_CONFIRMATION","","","","KZT","","","","","","CONFIRM_AND_FILL_COMMERCIAL_DATA"
"public-a96b0b379318736615cfd1bd","public-a96b0b379318736615cfd1bd-variant-default","J-хоок-витх кудпидхоок","","","","https://a4d.kz/content/j-hook-cudpidhook","PUBLIC_SOURCE_REQUIRES_SUPPLIER_CONFIRMATION","","","","KZT","","","","","","CONFIRM_AND_FILL_COMMERCIAL_DATA"
"public-a0c7cc6e0535cf07d0565718","public-a0c7cc6e0535cf07d0565718-variant-default","K-файл Niti","","","","https://a4d.kz/content/k-fayl-niti","PUBLIC_SOURCE_REQUIRES_SUPPLIER_CONFIRMATION","","","","KZT","","","","","","CONFIRM_AND_FILL_COMMERCIAL_DATA"
"public-a0055cf1227c84b51cc889ff","public-a0055cf1227c84b51cc889ff-variant-default","K08A ультразвуковой скалер","","","","https://a4d.kz/content/k08a-ultrazvukovoy-skaler","PUBLIC_SOURCE_REQUIRES_SUPPLIER_CONFIRMATION","","","","KZT","","","","","","CONFIRM_AND_FILL_COMMERCIAL_DATA"
"public-5f437874fa0810c9bf924a3e","public-5f437874fa0810c9bf924a3e-variant-default","K08B ультразвуковой скалер.","","","","https://a4d.kz/content/k08b-ultrazvukovoy-skaler","PUBLIC_SOURCE_REQUIRES_SUPPLIER_CONFIRMATION","","","","KZT","","","","","","CONFIRM_AND_FILL_COMMERCIAL_DATA"
"public-b56d53130991ae803ab8d225","public-b56d53130991ae803ab8d225-variant-default","K08D","","","","https://a4d.kz/content/k08d","PUBLIC_SOURCE_REQUIRES_SUPPLIER_CONFIRMATION","","","","KZT","","","","","","CONFIRM_AND_FILL_COMMERCIAL_DATA"
"public-970e9e819b640bd087641966","public-970e9e819b640bd087641966-variant-default","LATELUX 5 г","","","","https://a4d.kz/content/latelux-5-g","PUBLIC_SOURCE_REQUIRES_SUPPLIER_CONFIRMATION","","","","KZT","","","","","","CONFIRM_AND_FILL_COMMERCIAL_DATA"
"public-bf2a33ef7220c634002c3925","public-bf2a33ef7220c634002c3925-variant-default","Mini Mold – набор силиконовых форм, для изготовления аттачментов в ортодонтии","","","","https://a4d.kz/content/mini-mold-nabor-silikonovyh-form-dlya-izgotovleniya-attachmentov-v-ortodontii","PUBLIC_SOURCE_REQUIRES_SUPPLIER_CONFIRMATION","","","","KZT","","","","","","CONFIRM_AND_FILL_COMMERCIAL_DATA"
"public-280b2214b0b9caa0255ffecd","public-280b2214b0b9caa0255ffecd-variant-default","Niti K-файл","","","","https://a4d.kz/content/niti-k-fayl","PUBLIC_SOURCE_REQUIRES_SUPPLIER_CONFIRMATION","","","","KZT","","","","","","CONFIRM_AND_FILL_COMMERCIAL_DATA"
"public-6e3d3bb1f42fb0e8301de715","public-6e3d3bb1f42fb0e8301de715-variant-default","Pluggers Плагер стальные","","","","https://a4d.kz/content/pluggers-plager-stalnye","PUBLIC_SOURCE_REQUIRES_SUPPLIER_CONFIRMATION","","","","KZT","","","","","","CONFIRM_AND_FILL_COMMERCIAL_DATA"
"public-6acb9c2208855f3c34505b30","public-6acb9c2208855f3c34505b30-variant-default","Pluggers Плагер Niti","","","","https://a4d.kz/content/pluggers-plager-niti","PUBLIC_SOURCE_REQUIRES_SUPPLIER_CONFIRMATION","","","","KZT","","","","","","CONFIRM_AND_FILL_COMMERCIAL_DATA"
"public-562ab9dca790a42b588bf85c","public-562ab9dca790a42b588bf85c-variant-default","Reamers Римеры","","","","https://a4d.kz/content/reamers-rimery","PUBLIC_SOURCE_REQUIRES_SUPPLIER_CONFIRMATION","","","","KZT","","","","","","CONFIRM_AND_FILL_COMMERCIAL_DATA"
"public-1b8534b65b1b7e5b85eb979d","public-1b8534b65b1b7e5b85eb979d-variant-default","S ретрактор- Англия","","","","https://a4d.kz/content/s-retraktor-angliya","PUBLIC_SOURCE_REQUIRES_SUPPLIER_CONFIRMATION","","","","KZT","","","","","","CONFIRM_AND_FILL_COMMERCIAL_DATA"
"public-6e004db43ab66103aed3b998","public-6e004db43ab66103aed3b998-variant-default","SOCO S-One, S-One plus 21/25/31мм машинные файлы с реципкроком","","","","https://a4d.kz/content/soco-s-one-s-one-plus-212531mm-mashinnye-fayly-s-recipkrokom","PUBLIC_SOURCE_REQUIRES_SUPPLIER_CONFIRMATION","","","","KZT","","","","","","CONFIRM_AND_FILL_COMMERCIAL_DATA"
"public-22038614e677df3f29b5da0c","public-22038614e677df3f29b5da0c-variant-default","Spreaders Спредеры","","","","https://a4d.kz/content/spreaders-spredery","PUBLIC_SOURCE_REQUIRES_SUPPLIER_CONFIRMATION","","","","KZT","","","","","","CONFIRM_AND_FILL_COMMERCIAL_DATA"
"public-3a680c4f3e2486953c60504f","public-3a680c4f3e2486953c60504f-variant-default","SS лигатура 010/012","","","","https://a4d.kz/content/ss-ligatura-010012","PUBLIC_SOURCE_REQUIRES_SUPPLIER_CONFIRMATION","","","","KZT","","","","","","CONFIRM_AND_FILL_COMMERCIAL_DATA"
"public-258d7a2863b393507527e85d","public-258d7a2863b393507527e85d-variant-default","Super Path файлы SANI","","","","https://a4d.kz/content/super-path-fayly-sani","PUBLIC_SOURCE_REQUIRES_SUPPLIER_CONFIRMATION","","","","KZT","","","","","","CONFIRM_AND_FILL_COMMERCIAL_DATA"
"public-7c93627348aa274e552e5834","public-7c93627348aa274e552e5834-variant-default","Surgitip стерильные слюноотсосы обеспечивает превосходную аспирацию","","","","https://a4d.kz/content/surgitip-sterilnye-slyunootsosy-obespechivaet-prevoshodnuyu-aspiraciyu","PUBLIC_SOURCE_REQUIRES_SUPPLIER_CONFIRMATION","","","","KZT","","","","","","CONFIRM_AND_FILL_COMMERCIAL_DATA"
"public-bea136aa743908e7f40392a4","public-bea136aa743908e7f40392a4-variant-default","T+филе(патх филе)","","","","https://a4d.kz/content/tfilepath-file","PUBLIC_SOURCE_REQUIRES_SUPPLIER_CONFIRMATION","","","","KZT","","","","","","CONFIRM_AND_FILL_COMMERCIAL_DATA"
"public-0151a8e4eacd420cd422db8b","public-0151a8e4eacd420cd422db8b-variant-default","THE-Block Out Resin (LC RESIN) универсальный фотополимерный материал","","","","https://a4d.kz/content/block-out-resin-lc-resin-universalnyy-fotopolimernyy-material","PUBLIC_SOURCE_REQUIRES_SUPPLIER_CONFIRMATION","","","","KZT","","","","","","CONFIRM_AND_FILL_COMMERCIAL_DATA"
"public-a6dd582dcc8a221deac3a577","public-a6dd582dcc8a221deac3a577-variant-default","U-филе","","","","https://a4d.kz/content/u-file","PUBLIC_SOURCE_REQUIRES_SUPPLIER_CONFIRMATION","","","","KZT","","","","","","CONFIRM_AND_FILL_COMMERCIAL_DATA"
"public-b25cd0c9a4daf4cc6d3c58f7","public-b25cd0c9a4daf4cc6d3c58f7-variant-default","Ultra Smart AI Endo Ultrasonic Activator-эндоактиватор","","","","https://a4d.kz/content/ultra-smart-ai-endo-ultrasonic-activator-endoaktivator","PUBLIC_SOURCE_REQUIRES_SUPPLIER_CONFIRMATION","","","","KZT","","","","","","CONFIRM_AND_FILL_COMMERCIAL_DATA"
"public-f32539e21f56ca35fd855f09","public-f32539e21f56ca35fd855f09-variant-default","Ultra Smart Endo Ultrasonic Activator эндоактиватор","","","","https://a4d.kz/content/ultra-smart-endo-ultrasonic-activator-endoaktivator","PUBLIC_SOURCE_REQUIRES_SUPPLIER_CONFIRMATION","","","","KZT","","","","","","CONFIRM_AND_FILL_COMMERCIAL_DATA"
"public-35ea917ff397d8751641528a","public-35ea917ff397d8751641528a-variant-default","Ultra whale эндоактиватор","","","","https://a4d.kz/content/ultra-whale-endoaktivator","PUBLIC_SOURCE_REQUIRES_SUPPLIER_CONFIRMATION","","","","KZT","","","","","","CONFIRM_AND_FILL_COMMERCIAL_DATA"
"public-fa24389e06d9e3eee0ccca8d","public-fa24389e06d9e3eee0ccca8d-variant-default","VRN-Q6 AIR-MASTER Два аппарата в одном Ультразвуковой скалер +эйр фло.","VRN","","","https://a4d.kz/content/vrn-q6-air-master-dva-apparata-v-odnom-ultrazvukovoy-skaler-eyr-flo","PUBLIC_SOURCE_REQUIRES_SUPPLIER_CONFIRMATION","","","","KZT","","","","","","CONFIRM_AND_FILL_COMMERCIAL_DATA"
"public-f2d073e4a34cd3ac2e314087","public-f2d073e4a34cd3ac2e314087-variant-default","W-филе (ваве оне)","","","","https://a4d.kz/content/w-file-wave-one","PUBLIC_SOURCE_REQUIRES_SUPPLIER_CONFIRMATION","","","","KZT","","","","","","CONFIRM_AND_FILL_COMMERCIAL_DATA"
"public-1b4cd22ce14856da687d3900","public-1b4cd22ce14856da687d3900-variant-default","W-GEL – набор для клинического фото отбеливания зубов. (на 10 пациентов)","","","","https://a4d.kz/content/w-gel-nabor-dlya-klinicheskogo-foto-otbelivaniya-zubov-na-10-pacientov","PUBLIC_SOURCE_REQUIRES_SUPPLIER_CONFIRMATION","","","","KZT","","","","","","CONFIRM_AND_FILL_COMMERCIAL_DATA"
"public-a88d8eb31283ac948d496e79","public-a88d8eb31283ac948d496e79-variant-default","X-file перелечивание корневых каналов","","","","https://a4d.kz/content/x-file-perelechivanie-kornevyh-kanalov","PUBLIC_SOURCE_REQUIRES_SUPPLIER_CONFIRMATION","","","","KZT","","","","","","CONFIRM_AND_FILL_COMMERCIAL_DATA"
