officialProductId,brand,manufacturer,name,manufacturerRef,manufacturerRefs,variantCount,categoryPath,description,sourceImageUrl,imageCount,kzEvidence,status,sourcePageUrl
AVERON-12156,Averon,НПК АВЕРОН,А 2.1 М,12156,12156,1,Паяльное оборудование / Оборудование для SMT-монтажа,Адаптер шприц-картриджа ёмкостью 10 мл.,https://www.averon.ru/upload/iblock/d53/26n5709qyqdo6ez9uo0xbec6b1fji4qw.jpg,1,OFFICIAL_BRAND_SHOP_IN_ALMATY,KZ_SKU_EVIDENCE_REQUIRED,https://www.averon.ru/catalog/smt_mount/a_2_1_m/
AVERON-12157,Averon,НПК АВЕРОН,А 2.3 М,12157,12157,1,Паяльное оборудование / Оборудование для SMT-монтажа,Адаптер шприц-картриджа ёмкостью 30 мл.,https://www.averon.ru/upload/iblock/08a/tn1m2lvvfwypsri6v7rwn82xdyfzj1vo.jpg,1,OFFICIAL_BRAND_SHOP_IN_ALMATY,KZ_SKU_EVIDENCE_REQUIRED,https://www.averon.ru/catalog/smt_mount/a_2_3_m/
AVERON-13368,Averon,НПК АВЕРОН,АВВ 2.0 СТАРТ,13368,13368,1,Оборудование для изготовления протезов / Обработка-полировка,Автономный модуль для вымывания воска из кювет в технологии изготовления съёмных протезов «Ручная» версия аппарата для выварки воска АВВ 6.0,https://www.averon.ru/upload/iblock/027/o7zfo5zgoxm6h1amt7e4wq6mv0f157s8.png,1,OFFICIAL_BRAND_SHOP_IN_ALMATY,KZ_SKU_EVIDENCE_REQUIRED,https://www.averon.ru/catalog/obrabotka-polirovka/avv_2_0_start/
AVERON-12435,Averon,НПК АВЕРОН,АВВ 6.0,12435,12435,1,Оборудование для изготовления протезов,Аппарат для выварки воска для обработки до 6 полукювет КЮВЕТА 1.0,https://www.averon.ru/upload/iblock/60f/iqhb7mnhtnj2lxfb7801xgfzneqsvxwa.jpg,1,OFFICIAL_BRAND_SHOP_IN_ALMATY,KZ_SKU_EVIDENCE_REQUIRED,https://www.averon.ru/catalog/oborudovanie_dlya_izgotovleniya_protezov/avv_6_0/
AVERON-13424,Averon,НПК АВЕРОН,АВВ 6.0 АРТ,13424,13424,1,Оборудование для изготовления протезов / Обработка-полировка,Аппарат для выварки воска для обработки до 6 полукювет КЮВЕТА 1.0,https://www.averon.ru/upload/iblock/e4d/ekns6w30o0kt2aq5jbuvp2lbylie9qa6.jpg,1,OFFICIAL_BRAND_SHOP_IN_ALMATY,KZ_SKU_EVIDENCE_REQUIRED,https://www.averon.ru/catalog/obrabotka-polirovka/avv_6_0_art/
AVERON-13388,Averon,НПК АВЕРОН,АВВ 6.0 Н,13388,13388,1,Уцененное оборудование,Аппарат для выварки воска для обработки до 6 полукювет КЮВЕТА 1.0,https://www.averon.ru/upload/iblock/2a1/dl5kbig1749ykqsv7f3wk9sviurnw8ga.jpg,1,OFFICIAL_BRAND_SHOP_IN_ALMATY,KZ_SKU_EVIDENCE_REQUIRED,https://www.averon.ru/catalog/ucenyonnoe_oborudovanie/avv_6_0_n/
AVERON-1899,Averon,НПК АВЕРОН,АВГЛ 2.0 АРТ,1899,1899,1,"Cтолы, светильники, вытяжки, боксы / Автономные вытяжки для работы с пылью, газами и для CAD-CAM систем. Циклоны, прочие фильтры","Универсальная вытяжка для нейтрализации газов, входной фланец для подключения вытяжной гофры Ø 100 мм. Может применяться как в зуботехнических, так и в монтажно-паяльных работах",https://www.averon.ru/upload/iblock/185/2i05nz296o9i2rl0xe9jain4iu1w1thl.jpg,1,OFFICIAL_BRAND_SHOP_IN_ALMATY,KZ_SKU_EVIDENCE_REQUIRED,https://www.averon.ru/catalog/vtyajki_dlya_rabot_s_pliu_i_s_gazom_vtyajki_so_vstroennm_ciklonom/avgl_2_0_art/
AVERON-12174,Averon,НПК АВЕРОН,АВГЛ 2.0 СТАЙЕР,12174,12174,1,"Cтолы, светильники, вытяжки, боксы / Автономные вытяжки для работы с пылью, газами и для CAD-CAM систем. Циклоны, прочие фильтры / Бесщеточные (бесколлекторные) вытяжные системы для CAD-CAM и для индивидуальных и общих рабочих мест. Серия УПЗ 1.3 СТАЙЕР",Автономная вытяжка для нейтрализации острых запахов в зуботехнических лабораториях Продолжительный режим работы Совместно с АМФ 1.0 НЬЮ АРТ может работать для удаления пыли в составе рабочих мест индивидуального и общего пользования,https://www.averon.ru/upload/iblock/6c7/2xq7w2kae7hsoljborbrg7v86z2axqcy.png,1,OFFICIAL_BRAND_SHOP_IN_ALMATY,KZ_SKU_EVIDENCE_REQUIRED,https://www.averon.ru/catalog/besshaetoch_beskollektor_v_tyaj_sistem_dlya_cad-cam__i_dlya_individual_n_h_i_obshaih_rabochih_mest_seriya_upz_1_3_stayer/avgl_2_0_stayer/
AVERON-1898,Averon,НПК АВЕРОН,АВГЛ 2.0 ЭЛЕМЕНТ,1898,1898,1,"Cтолы, светильники, вытяжки, боксы / Автономные вытяжки для работы с пылью, газами и для CAD-CAM систем. Циклоны, прочие фильтры",Специализированная вытяжка для нейтрализации газов,https://www.averon.ru/upload/iblock/658/vhq0j8xxggeron0aoqxr0q2hqtr6phyr.jpg,1,OFFICIAL_BRAND_SHOP_IN_ALMATY,KZ_SKU_EVIDENCE_REQUIRED,https://www.averon.ru/catalog/vtyajki_dlya_rabot_s_pliu_i_s_gazom_vtyajki_so_vstroennm_ciklonom/avgl_2_0_element/
AVERON-1763,Averon,НПК АВЕРОН,АВЕ 1.0 ТИГЕЛЬ,1763,1763,1,Литейное оборудование,Тигель для центробежных литейных установок АВЕРОН,https://www.averon.ru/upload/iblock/ecf/jbz6xsjy66n0aqu8ytn51rltdn7n64bj.jpg,1,OFFICIAL_BRAND_SHOP_IN_ALMATY,KZ_SKU_EVIDENCE_REQUIRED,https://www.averon.ru/catalog/liteynoe_oborudovanie/ave_1_0_tigel__/
AVERON-14857,Averon,НПК АВЕРОН,АВЕ 1.0 ТИГЕЛЬ М,14857,14857,1,Литейное оборудование,Тигель для центробежных литейных установок АВЕРОНСтарт продаж: 07/2026,https://www.averon.ru/upload/iblock/7d9/w8nt7dand3m3nhdxea10ubl7kg8xi6w5.png,1,OFFICIAL_BRAND_SHOP_IN_ALMATY,KZ_SKU_EVIDENCE_REQUIRED,https://www.averon.ru/catalog/liteynoe_oborudovanie/ave_1_0_tigel__m/
AVERON-9429,Averon,НПК АВЕРОН,АВЕ 1.0 ТИГЕЛЬ Н,9429,9429,1,Уцененное оборудование,Тигель для центробежных литейных установок АВЕРОН,https://www.averon.ru/upload/iblock/823/2cefchvpre25nv0viuw30abqwq10xnav.jpg,1,OFFICIAL_BRAND_SHOP_IN_ALMATY,KZ_SKU_EVIDENCE_REQUIRED,https://www.averon.ru/catalog/ucenyonnoe_oborudovanie/ave_1_0_tigel__n/
AVERON-4443,Averon,НПК АВЕРОН,АВЕПЛЭЙТ 1.0,4443,4443,1,Сувенирная продукция АВЕРОН,Магнитная тарелка для мелочей,https://www.averon.ru/upload/iblock/656/nevuemig3g5t2foykdc7reg2jdlv09f4.jpg,1,OFFICIAL_BRAND_SHOP_IN_ALMATY,KZ_SKU_EVIDENCE_REQUIRED,https://www.averon.ru/catalog/suvenirnaya_produkciya_averon/avepleyt_1_0/
AVERON-2052,Averon,НПК АВЕРОН,АВЕТАЙМ 1.0,2052,2052,1,Сувенирная продукция АВЕРОН,Сувенирные часы,https://www.averon.ru/upload/iblock/a59/ws6u5kvi8jr95lwgqzrcqt5k1jkcs2tv.jpg,1,OFFICIAL_BRAND_SHOP_IN_ALMATY,KZ_SKU_EVIDENCE_REQUIRED,https://www.averon.ru/catalog/suvenirnaya_produkciya_averon/avetaim_1_0/
AVERON-1643,Averon,НПК АВЕРОН,АДАПТЕР 1.0,1643,1643,1,Фрезеры зуботехнические,Сменная головка манипулятора для установки инструментов и наконечников,https://www.averon.ru/upload/iblock/66f/2wypevlqftu9hku3vz5kyopaqkv82b1n.jpg,1,OFFICIAL_BRAND_SHOP_IN_ALMATY,KZ_SKU_EVIDENCE_REQUIRED,https://www.averon.ru/catalog/frezera_zubotehnicheskie/adapter__1_0/
AVERON-5301,Averon,НПК АВЕРОН,АДАПТЕР 1.0 АСОЗ-АФЦ,5301,5301,1,Пескоструйные аппараты / Система АСОЗ ПЛЮС,Принадлежность для сопряжения пескоструек АСОЗ АРТ с циклоном АФЦ НЬЮ,https://www.averon.ru/upload/iblock/009/pbhhq6xcdd33709wenastbv1pwlvypk5.jpg,1,OFFICIAL_BRAND_SHOP_IN_ALMATY,KZ_SKU_EVIDENCE_REQUIRED,https://www.averon.ru/catalog/system_asoz_plus/adapter_1_0_asoz-afc/
AVERON-4367,Averon,НПК АВЕРОН,АДАПТЕР 1.0 КАМ-УПЗ,4367,4367,1,Оборудование для CAD-CAM и 3D-печати,Управляемая розетка для работы вытяжки (УПЗ 1.х СТАЙЕР ПЛЮС) от САМ-установки.,https://www.averon.ru/upload/iblock/254/tuypjzjlqv671ndiegrtpxzqgqkzfdhl.jpg,1,OFFICIAL_BRAND_SHOP_IN_ALMATY,KZ_SKU_EVIDENCE_REQUIRED,https://www.averon.ru/catalog/oborudovanie_dlya_cad-cam/adapter_1_0_kam-upz/
AVERON-14079,Averon,НПК АВЕРОН,АДАПТЕР 1.0 МОНИТОР,14079,14079,1,"Cтолы, светильники, вытяжки, боксы / Полезные мелочи, принадлежности общего применения","Кронштейн для крепления монитора к специализированному мобильному столику СУЛ 6.5 ШТАТИВ СКАНЕР, к столам на платформе СЗТ 4.3 (серии МАСТЕР, ЮНГА), СУЛ 1.1 ЭЛЕМЕНТ, СУЛ 9.3, панелям системы БРИДЖ",https://www.averon.ru/upload/iblock/87b/muasko10sqr0xid8scfe3bpr4r85p4dy.jpg,1,OFFICIAL_BRAND_SHOP_IN_ALMATY,KZ_SKU_EVIDENCE_REQUIRED,https://www.averon.ru/catalog/polezmelochi_dlya_rabochih_mest/adapter_1_0_monitor/
AVERON-1653,Averon,НПК АВЕРОН,АДАПТЕР 2.0 МПВ,1653,1653,1,Пескоструйные аппараты / Система АСОЗ ПЛЮС,Для подключения обдувочного сопла или пневмодолота к пескоструйным аппаратам,https://www.averon.ru/upload/iblock/c1c/2iessvb06qr96d2jchbx5yzg91u3ob7y.jpg,1,OFFICIAL_BRAND_SHOP_IN_ALMATY,KZ_SKU_EVIDENCE_REQUIRED,https://www.averon.ru/catalog/system_asoz_plus/adapter_2_0_mpv/
AVERON-1953,Averon,НПК АВЕРОН,АДАПТЕР 3.0 ВМУ,1953,1953,1,"Cтолы, светильники, вытяжки, боксы / Автономные вытяжки для работы с пылью, газами и для CAD-CAM систем. Циклоны, прочие фильтры",Принадлежность для очистки рабочих мест со встроенными вытяжными системами,https://www.averon.ru/upload/iblock/c5c/f3ory1091c8euw39lo8241ws66wx1s42.jpg,1,OFFICIAL_BRAND_SHOP_IN_ALMATY,KZ_SKU_EVIDENCE_REQUIRED,https://www.averon.ru/catalog/vtyajki_dlya_rabot_s_pliu_i_s_gazom_vtyajki_so_vstroennm_ciklonom/adapter_3_0_vmu/
AVERON-9730,Averon,НПК АВЕРОН,АДАПТЕР 3.1 ШГВ,9730,9730,1,"Cтолы, светильники, вытяжки, боксы / Полезные мелочи, принадлежности общего применения","Гибкий удлинитель встроенных вытяжных каналов столов СЗТ ЮНГА, СЗТ ДРИМ, вытяжных систем ВМУ 3.3 БАЗИС М, ВМУ 1.1 ТЕЙБЛ БАЗИС и других устройств с встроенными вытяжными каналами Обеспечивает комфортную уборку рабочего места, также подключение вытяжных каналов к другим устройствам, требующим вытяжки",https://www.averon.ru/upload/iblock/e00/e75exvxgbvpg9633knoq80b2546k9dgh.jpg,1,OFFICIAL_BRAND_SHOP_IN_ALMATY,KZ_SKU_EVIDENCE_REQUIRED,https://www.averon.ru/catalog/polezmelochi_dlya_rabochih_mest/adapter_3_1_shgv/
AVERON-14005,Averon,НПК АВЕРОН,АДАПТЕР 6.5 ТРУБА,14005,14005,1,"Cтолы, светильники, вытяжки, боксы / Мобильные столы на платформах ДРИМ, ШТАТИВ АРТ, УПЗ 7.2. Подкатные столики СПП / Платформа ШТАТИВ АРТ. Индивидуальные и общие рабочие места","Кронштейн для пристыковки трубы d=25 мм (ЛЮКС 1.1 ЮНГА МИНИ, ТРУБА 80.0) к мобильным рабочим местам на платформе ШТАТИВ АРТ для организации дополнительного верхнего освещения или расширения системы хранения",https://www.averon.ru/upload/iblock/734/to6oxxudusb62w7ws77oidf6v5yo6rrb.png,1,OFFICIAL_BRAND_SHOP_IN_ALMATY,KZ_SKU_EVIDENCE_REQUIRED,https://www.averon.ru/catalog/platforma_shtativ_art_individual__i_obshaie_rabochie_mesta/adapter_6_5_truba/
AVERON-14006,Averon,НПК АВЕРОН,АДАПТЕР 7.2 ТРУБА,14006,14006,1,"Cтолы, светильники, вытяжки, боксы / Автономные вытяжки для работы с пылью, газами и для CAD-CAM систем. Циклоны, прочие фильтры / Специальные принадлежности для серии УПЗ 7.2",Кронштейн для пристыковки трубы d=25 мм к мобильным рабочим местам на платформе УПЗ 7.2 для организации дополнительного верхнего освещения или расширения системы хранения,https://www.averon.ru/upload/iblock/1a3/78mtkk7lkmcyh97mzn304lajfg6toles.png,1,OFFICIAL_BRAND_SHOP_IN_ALMATY,KZ_SKU_EVIDENCE_REQUIRED,https://www.averon.ru/catalog/special__prinadlejnosti_dlya_serii_upz_7_2/adapter_7_2_truba/
AVERON-8930,Averon,НПК АВЕРОН,АДАПТЕР КАМ-УПЗ 1.1 (imes-icore),8930,8930,1,Оборудование для CAD-CAM и 3D-печати,"Управляемая розетка (блок коммутации) для включения/выключения вытяжки (УПЗ 1.2 СТАЙЕР ПЛЮС, УПЗ 5.0 АРТ) от фрезерного станка (САМ-установки) В комплекте интерфейсный кабель для подключения к фрезерному станку фирмы imes-icore",https://www.averon.ru/upload/iblock/a1d/n04g5ci74nya0ashxkcdrl9t6vd9ktv9.jpg,1,OFFICIAL_BRAND_SHOP_IN_ALMATY,KZ_SKU_EVIDENCE_REQUIRED,https://www.averon.ru/catalog/oborudovanie_dlya_cad-cam/adapter_kam-upz_1_1_imes-icore/
AVERON-8931,Averon,НПК АВЕРОН,АДАПТЕР КАМ-УПЗ 1.2 (Roland),8931,8931,1,Оборудование для CAD-CAM и 3D-печати,"Управляемая розетка (блок коммутации) для включения/выключения вытяжки (УПЗ 1.2 СТАЙЕР ПЛЮС, УПЗ 5.0 АРТ) от фрезерного станка (САМ-установки) В комплекте интерфейсный кабель для подключения к фрезерному станку фирмы Roland",https://www.averon.ru/upload/iblock/bec/fqws47rgvl191ok49r6v71udtwghqdch.jpg,1,OFFICIAL_BRAND_SHOP_IN_ALMATY,KZ_SKU_EVIDENCE_REQUIRED,https://www.averon.ru/catalog/oborudovanie_dlya_cad-cam/adapter_kam-upz_1_2_roland/
AVERON-8932,Averon,НПК АВЕРОН,АДАПТЕР КАМ-УПЗ 1.3 (vhf K5),8932,8932,1,Оборудование для CAD-CAM и 3D-печати,"Управляемая розетка (блок коммутации) для включения/выключения вытяжки (УПЗ 1.2 СТАЙЕР ПЛЮС, УПЗ 5.0 АРТ) от фрезерного станка (САМ-установки) В комплекте интерфейсный кабель для подключения к фрезерному станку фирмы vhf, начиная с модели K5",https://www.averon.ru/upload/iblock/40f/czpkrxpv72wvep42ur08glrqwyx4pt10.jpg,1,OFFICIAL_BRAND_SHOP_IN_ALMATY,KZ_SKU_EVIDENCE_REQUIRED,https://www.averon.ru/catalog/oborudovanie_dlya_cad-cam/adapter_kam-upz_1_3_vhf_k5/
AVERON-9187,Averon,НПК АВЕРОН,АДАПТЕР КАМ-УПЗ 1.4 (Bloomden X5),9187,9187,1,Оборудование для CAD-CAM и 3D-печати,"Управляемая розетка (блок коммутации) для включения/выключения вытяжки (УПЗ серий СТАЙЕР, 5.0 АРТ/НЬЮ) от фрезерного станка (САМ-установки) В комплекте интерфейсный кабель для подключения к фрезерным станкам фирмы Bloomden",https://www.averon.ru/upload/iblock/edb/1650emmqnbv09u0wi4nnwfs4ha604mgy.jpg,1,OFFICIAL_BRAND_SHOP_IN_ALMATY,KZ_SKU_EVIDENCE_REQUIRED,https://www.averon.ru/catalog/oborudovanie_dlya_cad-cam/adapter_kam-upz_1_4_bloomden_x5/
AVERON-9287,Averon,НПК АВЕРОН,АДАПТЕР КАМ-УПЗ 1.5 (Dentsply Sirona),9287,9287,1,Оборудование для CAD-CAM и 3D-печати,"Управляемая розетка (блок коммутации) для включения/выключения вытяжки (УПЗ серий СТАЙЕР, 5.0 АРТ/НЬЮ) от фрезерного станка (САМ-установки) В комплекте интерфейсный кабель для подключения к фрезерному станку фирмы Dentsply Sirona",https://www.averon.ru/upload/iblock/9a8/p7cxxugqrlqixsv16qs2xz02pxygs2vq.jpg,1,OFFICIAL_BRAND_SHOP_IN_ALMATY,KZ_SKU_EVIDENCE_REQUIRED,https://www.averon.ru/catalog/oborudovanie_dlya_cad-cam/adapter_kam-upz_1_5_dentsply_sirona/
AVERON-9540,Averon,НПК АВЕРОН,АДАПТЕР КАМ-УПЗ 1.6 (UP3D),9540,9540,1,Оборудование для CAD-CAM и 3D-печати,"Управляемая розетка (блок коммутации) для включения/выключения вытяжки (УПЗ серий СТАЙЕР, 5.0 АРТ/НЬЮ/СТАРТ) от фрезерного станка (САМ-установки) В комплекте интерфейсный кабель для подключения к фрезерному станку фирмы UP3D",https://www.averon.ru/upload/iblock/155/8xfe7fhgxtg4j1dkv2wz3bc476h1nfzt.jpg,1,OFFICIAL_BRAND_SHOP_IN_ALMATY,KZ_SKU_EVIDENCE_REQUIRED,https://www.averon.ru/catalog/oborudovanie_dlya_cad-cam/adapter_kam-upz_1_6_up3d/
AVERON-9553,Averon,НПК АВЕРОН,АДАПТЕР КАМ-УПЗ 1.7 (XTCERA),9553,9553,1,Оборудование для CAD-CAM и 3D-печати,"Управляемая розетка (блок коммутации) для включения/выключения вытяжки (УПЗ серий СТАЙЕР, 5.0 АРТ/НЬЮ/СТАРТ) от фрезерного станка (САМ-установки) В комплекте интерфейсный кабель для подключения к фрезерному станку фирмы XTCERA",https://www.averon.ru/upload/iblock/d43/9yebo1y6r2oz1utbmdcvdp6ymnbdx792.jpg,1,OFFICIAL_BRAND_SHOP_IN_ALMATY,KZ_SKU_EVIDENCE_REQUIRED,https://www.averon.ru/catalog/oborudovanie_dlya_cad-cam/adapter_kam-upz_1_7_xtcera/
AVERON-12158,Averon,НПК АВЕРОН,АДК 1.0,12158,12158,1,Паяльное оборудование / Оборудование для ручной пайки,Держатель катушки припоя,https://www.averon.ru/upload/iblock/27a/nbx7fljvc018026aq7qvc9xceipi7k9n.jpg,1,OFFICIAL_BRAND_SHOP_IN_ALMATY,KZ_SKU_EVIDENCE_REQUIRED,https://www.averon.ru/catalog/manual_soldering/adk_1_0/
AVERON-12159,Averon,НПК АВЕРОН,АИДП 1.0,12159,12159,1,Паяльное оборудование / Оборудование для SMT-монтажа,Комплект игл для дозирования пасты/клея (6 шт.),https://www.averon.ru/upload/iblock/2e9/dpoezpztoj779ye989mim2f7mynjgo59.jpg,1,OFFICIAL_BRAND_SHOP_IN_ALMATY,KZ_SKU_EVIDENCE_REQUIRED,https://www.averon.ru/catalog/smt_mount/aidp_1_0/
AVERON-12160,Averon,НПК АВЕРОН,АИПВ 2.0,12160,12160,1,Паяльное оборудование / Оборудование для SMT-монтажа,Комплект игл и антистатических силиконовых присосок,https://www.averon.ru/upload/iblock/6c5/kai4rpt6gbygsfhji1d8ye567i56xrl6.jpg,1,OFFICIAL_BRAND_SHOP_IN_ALMATY,KZ_SKU_EVIDENCE_REQUIRED,https://www.averon.ru/catalog/smt_mount/aipv_2_0/
AVERON-12164,Averon,НПК АВЕРОН,АКП 1.0,12164,12164,1,Паяльное оборудование / Оборудование для SMT-монтажа,Основание для крепления ленточных питателей,https://www.averon.ru/upload/iblock/01e/2i6xk5m276oow4a5dm7nje0v84v03cks.jpg,1,OFFICIAL_BRAND_SHOP_IN_ALMATY,KZ_SKU_EVIDENCE_REQUIRED,https://www.averon.ru/catalog/smt_mount/akp_1_0/
AVERON-12161,Averon,НПК АВЕРОН,АЛН 1.0,12161,12161,1,Паяльное оборудование / Оборудование для SMT-монтажа,Лампа ИК-нагрева для печей АПИК,https://www.averon.ru/upload/iblock/15b/osotrwagos11zy0p4wbmrvct7jwyqs69.jpg,1,OFFICIAL_BRAND_SHOP_IN_ALMATY,KZ_SKU_EVIDENCE_REQUIRED,https://www.averon.ru/catalog/smt_mount/aln_1_0/
AVERON-12830,Averon,НПК АВЕРОН,АЛН 2.0,12830,12830,1,Паяльное оборудование / Оборудование для SMT-монтажа,Лампа ИК-нагрева для печей АПИК,https://www.averon.ru/upload/iblock/07b/3onsioxdruija8zkhph320lxdwtc354j.jpg,1,OFFICIAL_BRAND_SHOP_IN_ALMATY,KZ_SKU_EVIDENCE_REQUIRED,https://www.averon.ru/catalog/smt_mount/aln_2_0/
AVERON-1673,Averon,НПК АВЕРОН,АМС 1.3 Б,1673,1673,1,Пескоструйные аппараты / Система АСОЗ ПЛЮС,Автономный струйный модуль (сопло ø 1.5 мм),https://www.averon.ru/upload/iblock/ae7/hi9fwhr94ae6at1fkefmkfonh7zh35m9.jpg,1,OFFICIAL_BRAND_SHOP_IN_ALMATY,KZ_SKU_EVIDENCE_REQUIRED,https://www.averon.ru/catalog/system_asoz_plus/ams_1_3_b/
AVERON-13456,Averon,НПК АВЕРОН,АМС 1.3 Б АСОЗ,13456,13456,1,Пескоструйные аппараты / Система АСОЗ ПЛЮС,"Автономный струйный модуль, работающий от пневмосети Диаметр сопла струйного модуля 1,5 мм",https://www.averon.ru/upload/iblock/71a/kitge700cmjoi1480iqaoiaoktnzxpmy.jpg,1,OFFICIAL_BRAND_SHOP_IN_ALMATY,KZ_SKU_EVIDENCE_REQUIRED,https://www.averon.ru/catalog/system_asoz_plus/ams_1_3_b_asoz/
AVERON-1674,Averon,НПК АВЕРОН,АМС 1.3 С,1674,1674,1,Пескоструйные аппараты / Система АСОЗ ПЛЮС,Автономный струйный модуль (сопло ø 1.0 мм),https://www.averon.ru/upload/iblock/690/9unos9a00dhoz3138qx20tbfrajod1bp.jpg,1,OFFICIAL_BRAND_SHOP_IN_ALMATY,KZ_SKU_EVIDENCE_REQUIRED,https://www.averon.ru/catalog/system_asoz_plus/ams_1_3_s/
AVERON-13457,Averon,НПК АВЕРОН,АМС 1.3 С АСОЗ,13457,13457,1,Пескоструйные аппараты / Система АСОЗ ПЛЮС,"Автономный струйный модуль, работающий от пневмосети Диаметр сопла струйного модуля 1,0 мм",https://www.averon.ru/upload/iblock/da0/5iy72cwfhm4k1i7zrty7mdjinbj0fdmn.jpg,1,OFFICIAL_BRAND_SHOP_IN_ALMATY,KZ_SKU_EVIDENCE_REQUIRED,https://www.averon.ru/catalog/system_asoz_plus/ams_1_3_s_asoz/
AVERON-13454,Averon,НПК АВЕРОН,АМС 1.3 СТАРТ,13454,13454,1,Пескоструйные аппараты / Система АСОЗ ПЛЮС,"Элемент системы АСОЗ ПЛЮС Платформа для сборки готового к эксплуатации автономного струйного модуля В комплекте фильтр-регулятор, манометр, ножная пневмопедаль ПВП 1.0, корпус",https://www.averon.ru/upload/iblock/77c/gtedvlp334i5y34bfrt2i3sgo9mybgyj.png,1,OFFICIAL_BRAND_SHOP_IN_ALMATY,KZ_SKU_EVIDENCE_REQUIRED,https://www.averon.ru/catalog/system_asoz_plus/ams_1_3_start/
AVERON-1910,Averon,НПК АВЕРОН,АМФ 1.0 АРТ,1910,1910,1,"Cтолы, светильники, вытяжки, боксы / Автономные вытяжки для работы с пылью, газами и для CAD-CAM систем. Циклоны, прочие фильтры",Автономный модуль предварительной фильтрации. Работает с любыми внешними вытяжками (в том числе бытовыми пылесосами),https://www.averon.ru/upload/iblock/e88/lg6wufqy5nvtftd2q88bjmzryice0rla.jpg,1,OFFICIAL_BRAND_SHOP_IN_ALMATY,KZ_SKU_EVIDENCE_REQUIRED,https://www.averon.ru/catalog/vtyajki_dlya_rabot_s_pliu_i_s_gazom_vtyajki_so_vstroennm_ciklonom/amf_1_0_art/
AVERON-1840,Averon,НПК АВЕРОН,АМФ 1.0 ВОСК,1840,1840,1,"Cтолы, светильники, вытяжки, боксы / Столы серии СУЛ 9.3 для гипсовочной. Лабораторные столы ЭЛЕМЕНТ, СУЛ 1.х ТУМБА. Гипсоотстойники и др. сопутствующее оборудование",Компактный отстойник воска для защиты канализации от засора,https://www.averon.ru/upload/iblock/df5/3raxzbtcr6kqvz2egisd330huu2oymy6.jpg,1,OFFICIAL_BRAND_SHOP_IN_ALMATY,KZ_SKU_EVIDENCE_REQUIRED,https://www.averon.ru/catalog/stol_serii_sul_92_dlya_gipsovochnoy_gipsootstoyniki_i_prochee_soputstvuiushaee_oborudovanie/amf_1_0_vosk/
AVERON-13455,Averon,НПК АВЕРОН,АМФ 1.0 КАМ,13455,13455,1,"Cтолы, светильники, вытяжки, боксы / Автономные вытяжки для работы с пылью, газами и для CAD-CAM систем. Циклоны, прочие фильтры / Циклоны и автономные модули фильтров","Автономная система эффективной фильтрации: циклон, одноразовый мешковый фильтр, многоразовый HEPA фильтр Оптимальное решение для CAD-CAM систем, для работ с большими объемами отходов",https://www.averon.ru/upload/iblock/3d9/qq6eme0x089ie2czz2oejh9ts0l6a82s.png,1,OFFICIAL_BRAND_SHOP_IN_ALMATY,KZ_SKU_EVIDENCE_REQUIRED,https://www.averon.ru/catalog/ciklon_i_avtonom_moduli_fil_trov/amf_1_0_kam/
AVERON-14541,Averon,НПК АВЕРОН,АМФ 1.0 КАМ БИГ,14541,14541,1,"Cтолы, светильники, вытяжки, боксы / Автономные вытяжки для работы с пылью, газами и для CAD-CAM систем. Циклоны, прочие фильтры / Циклоны и автономные модули фильтров","Автономная система эффективной фильтрации: циклон с увеличенным контейнером для отходов, одноразовый мешковый фильтр, многоразовый HEPA фильтр Оптимальное решение для CAD-CAM систем, для работ с большими объемами отходов",https://www.averon.ru/upload/iblock/1b6/jei7xtg20r12crjgo7foz6ii23etclne.png,1,OFFICIAL_BRAND_SHOP_IN_ALMATY,KZ_SKU_EVIDENCE_REQUIRED,https://www.averon.ru/catalog/ciklon_i_avtonom_moduli_fil_trov/amf_1_0_kam_big/
AVERON-13263,Averon,НПК АВЕРОН,АМФ 1.0 НЬЮ,13263,13263,1,"Cтолы, светильники, вытяжки, боксы / Автономные вытяжки для работы с пылью, газами и для CAD-CAM систем. Циклоны, прочие фильтры / Циклоны и автономные модули фильтров",Универсальный автономный модуль с двухуровневой системой фильтрации Построение эффективных систем сбора отходов при совместном использовании с циклонами АВЕРОН,https://www.averon.ru/upload/iblock/cdd/9532w0x17baxiux3ps3rudrukjj9a7c0.png,1,OFFICIAL_BRAND_SHOP_IN_ALMATY,KZ_SKU_EVIDENCE_REQUIRED,https://www.averon.ru/catalog/ciklon_i_avtonom_moduli_fil_trov/amf_1_0_n_iu/
AVERON-14516,Averon,НПК АВЕРОН,АМФ 1.0 НЬЮ АРТ,14516,14516,1,"Cтолы, светильники, вытяжки, боксы / Автономные вытяжки для работы с пылью, газами и для CAD-CAM систем. Циклоны, прочие фильтры / Циклоны и автономные модули фильтров",Универсальный автономный модуль в дизайнерском исполнении Двухуровневая система фильтрации Предподготовка для подключения циклона серии АФЦ 1.0 ХХХХ,https://www.averon.ru/upload/iblock/28c/mv8fd98omxfo5asnw7egk8c49w8i7ca6.png,1,OFFICIAL_BRAND_SHOP_IN_ALMATY,KZ_SKU_EVIDENCE_REQUIRED,https://www.averon.ru/catalog/ciklon_i_avtonom_moduli_fil_trov/amf_1_0_n_iu_art/
AVERON-14763,Averon,НПК АВЕРОН,АМФ 1.1 КАМ БИГ,14763,14763,1,"Cтолы, светильники, вытяжки, боксы / Автономные вытяжки для работы с пылью, газами и для CAD-CAM систем. Циклоны, прочие фильтры / Циклоны и автономные модули фильтров","Автономная система эффективной фильтрации: циклон с увеличенным контейнером для отходов, одноразовый мешковый фильтр, многоразовый HEPA фильтр Оптимальное решение для CAD-CAM систем, для работ с большими объемами отходов",https://www.averon.ru/upload/iblock/4ea/c7lahvq9aebye266z6d0caljesv0o3yr.png,1,OFFICIAL_BRAND_SHOP_IN_ALMATY,KZ_SKU_EVIDENCE_REQUIRED,https://www.averon.ru/catalog/ciklon_i_avtonom_moduli_fil_trov/amf_1_1_kam_big/
AVERON-1639,Averon,НПК АВЕРОН,АНАЛИТИК 1.0,1639,1639,1,Фрезеры зуботехнические,Стержни для измерения поднутрений,https://www.averon.ru/upload/iblock/e69/jr8tl59ztwy2343kwcmlf8s31vrhf8jb.jpg,1,OFFICIAL_BRAND_SHOP_IN_ALMATY,KZ_SKU_EVIDENCE_REQUIRED,https://www.averon.ru/catalog/frezera_zubotehnicheskie/analitik_1_0/
AVERON-12081,Averon,НПК АВЕРОН,АПВ 1.0,12081,12081,1,Паяльное оборудование / Оборудование для SMT-монтажа,Антистатический вакуумный пинцет,https://www.averon.ru/upload/iblock/2b7/jvo4x35uw0i1nwjw8poz03wtxdhg7bqh.jpg,1,OFFICIAL_BRAND_SHOP_IN_ALMATY,KZ_SKU_EVIDENCE_REQUIRED,https://www.averon.ru/catalog/smt_mount/apv_1_0/
AVERON-12388,Averon,НПК АВЕРОН,АПВ 1.0 АРТ,12388,12388,1,Паяльное оборудование / Оборудование для SMT-монтажа,Антистатический вакуумный пинцет для работы с чип-компонентами,https://www.averon.ru/upload/iblock/e8a/ha8xpe8h3z17k6tyg77yxk4s4405rpme.jpg,1,OFFICIAL_BRAND_SHOP_IN_ALMATY,KZ_SKU_EVIDENCE_REQUIRED,https://www.averon.ru/catalog/smt_mount/apv_1_0_art/
AVERON-12079,Averon,НПК АВЕРОН,АПДП 2.0,12079,12079,1,Паяльное оборудование / Оборудование для SMT-монтажа,Цифровой программируемый дозатор паяльной пасты,https://www.averon.ru/upload/iblock/0f0/d6lbqlpq0rnwepmagh0fgv41si4db2fi.jpg,1,OFFICIAL_BRAND_SHOP_IN_ALMATY,KZ_SKU_EVIDENCE_REQUIRED,https://www.averon.ru/catalog/smt_mount/apdp_2_0/
AVERON-12381,Averon,НПК АВЕРОН,АПДП 2.0 АРТ,12381,12381,1,Паяльное оборудование / Оборудование для SMT-монтажа,Цифровой программируемый дозатор паяльной пасты,https://www.averon.ru/upload/iblock/367/71vadz5mabh7pdwj514fsar81zypvb3n.jpg,1,OFFICIAL_BRAND_SHOP_IN_ALMATY,KZ_SKU_EVIDENCE_REQUIRED,https://www.averon.ru/catalog/smt_mount/apdp_2_0_art/
AVERON-12080,Averon,НПК АВЕРОН,АПИК 2.2,12080,12080,1,Паяльное оборудование / Оборудование для SMT-монтажа,ИК-конвекционная паяльная печь для SMT-монтажа,https://www.averon.ru/upload/iblock/285/u77wrldz2ovmx60kl3nfm9wrb0nf8817.jpg,1,OFFICIAL_BRAND_SHOP_IN_ALMATY,KZ_SKU_EVIDENCE_REQUIRED,https://www.averon.ru/catalog/smt_mount/apik_2_2/
AVERON-12389,Averon,НПК АВЕРОН,АПИК 2.2 АРТ,12389,12389,1,Паяльное оборудование / Оборудование для SMT-монтажа,Инфракрасная конвекционная печь для пайки печатных плат по технологии поверхностного монтажа,https://www.averon.ru/upload/iblock/e9e/i95y8tsi2zw1et8mjcjihmevhgxny1tp.jpg,1,OFFICIAL_BRAND_SHOP_IN_ALMATY,KZ_SKU_EVIDENCE_REQUIRED,https://www.averon.ru/catalog/smt_mount/apik_2_2_art/
AVERON-12165,Averon,НПК АВЕРОН,АПЛ 1.0,12165,12165,1,Паяльное оборудование / Оборудование для SMT-монтажа,Ленточный (8 мм) питатель,https://www.averon.ru/upload/iblock/af7/xye2027kj0ftkild4yd8mw8dmc32szcz.jpg,1,OFFICIAL_BRAND_SHOP_IN_ALMATY,KZ_SKU_EVIDENCE_REQUIRED,https://www.averon.ru/catalog/smt_mount/apl_1_0/
AVERON-12162,Averon,НПК АВЕРОН,АПЛ 1.1,12162,12162,1,Паяльное оборудование / Оборудование для SMT-монтажа,Ленточный широкий (12 мм) питатель,https://www.averon.ru/upload/iblock/ff4/9g2c3rqr6f4aga6lz0kb5guru1fpzu6p.jpg,1,OFFICIAL_BRAND_SHOP_IN_ALMATY,KZ_SKU_EVIDENCE_REQUIRED,https://www.averon.ru/catalog/smt_mount/apl_1_1/
AVERON-1650,Averon,НПК АВЕРОН,АСОЗ 1.1 АРТ КАСТ,1650,1650,1,Пескоструйные аппараты / Аппараты серии АСОЗ 1.Х АРТ,"Пескоструйный аппарат для литейных лабораторий Серия АРТ - встроенное сито Струйный модуль (сопло ø 1.5 мм), пневмодолото",https://www.averon.ru/upload/iblock/f1d/i55z9sq16366luqrej03wx6y3gtwfvcs.png,1,OFFICIAL_BRAND_SHOP_IN_ALMATY,KZ_SKU_EVIDENCE_REQUIRED,https://www.averon.ru/catalog/apparat_series_asoz1xart/asoz_1_1_art_kast/
AVERON-2083,Averon,НПК АВЕРОН,АСОЗ 1.1 АРТ ПРЕСС,2083,2083,1,Пескоструйные аппараты / Аппараты серии АСОЗ 1.Х АРТ,Пескоструйный аппарат для распаковки опок с пресс-керамикой. Серия АРТ - встроенное сито. Струйный модуль (сопло ø 1.0 мм),https://www.averon.ru/upload/iblock/0d0/0wipjcrqfap7wqbetpeli6lvaiph407y.png,1,OFFICIAL_BRAND_SHOP_IN_ALMATY,KZ_SKU_EVIDENCE_REQUIRED,https://www.averon.ru/catalog/apparat_series_asoz1xart/asoz_1_1_art_press/
AVERON-2846,Averon,НПК АВЕРОН,АСОЗ 1.1 Б АРТ,2846,2846,1,Пескоструйные аппараты / Аппараты серии АСОЗ 1.Х АРТ,Пескоструйный аппарат для зуботехнических лабораторий. Серия АРТ - встроенное сито. Струйный модуль (сопло ø 1.5 мм),https://www.averon.ru/upload/iblock/5a4/95wmyi58dp9ofsbfrizova000hkml851.jpg,1,OFFICIAL_BRAND_SHOP_IN_ALMATY,KZ_SKU_EVIDENCE_REQUIRED,https://www.averon.ru/catalog/apparat_series_asoz1xart/asoz_1_1_b_art/
AVERON-13603,Averon,НПК АВЕРОН,АСОЗ 1.1 Б АРТ ПЛЮС,13603,13603,1,Пескоструйные аппараты / Аппараты серии АСОЗ 1.Х АРТ,"Пескоструйный аппарат для зуботехнических лабораторий. Серия АРТ - встроенное сито. Струйный модуль (сопло ø 1.5 мм) Состав: Б 1.0 АСОЗ АРТ + МС 4.6 БМ + РАСПРЕДЕЛИТЕЛЬ 4.0 АСОЗ + МПВ 1.0 АСОЗ + ПВП 1.0 + СИТО 0,3",https://www.averon.ru/upload/iblock/bf2/lzmn4mz2q5yql18crw00wku52d9z608r.jpg,1,OFFICIAL_BRAND_SHOP_IN_ALMATY,KZ_SKU_EVIDENCE_REQUIRED,https://www.averon.ru/catalog/apparat_series_asoz1xart/asoz_1_1_b_art_plius/
AVERON-2845,Averon,НПК АВЕРОН,АСОЗ 1.1 С АРТ,2845,2845,1,Пескоструйные аппараты / Аппараты серии АСОЗ 1.Х АРТ,Пескоструйный аппарат для зуботехнических лабораторий. Серия АРТ - встроенное сито. Струйный модуль (сопло ø 1.0 мм),https://www.averon.ru/upload/iblock/b4d/dv3ydabh1i7mhxoohqpoz4enn2ocp6fr.jpg,1,OFFICIAL_BRAND_SHOP_IN_ALMATY,KZ_SKU_EVIDENCE_REQUIRED,https://www.averon.ru/catalog/apparat_series_asoz1xart/asoz_1_1_s_art/
AVERON-13604,Averon,НПК АВЕРОН,АСОЗ 1.1 С АРТ ПЛЮС,13604,13604,1,Пескоструйные аппараты / Аппараты серии АСОЗ 1.Х АРТ,"Пескоструйный аппарат для зуботехнических лабораторий. Серия АРТ - встроенное сито. Струйный модуль (сопло ø 1.0 мм) Состав: Б 1.0 АСОЗ АРТ + МС 4.6 СМ + РАСПРЕДЕЛИТЕЛЬ 4.0 АСОЗ + МПВ 1.0 АСОЗ + ПВП 1.0 + СИТО 0,3",https://www.averon.ru/upload/iblock/10e/2d9oh6smi1e8jk8fz583bgbgngnz9t5t.jpg,1,OFFICIAL_BRAND_SHOP_IN_ALMATY,KZ_SKU_EVIDENCE_REQUIRED,https://www.averon.ru/catalog/apparat_series_asoz1xart/asoz_1_1_s_art_plius/
AVERON-1652,Averon,НПК АВЕРОН,АСОЗ 1.2 АРТ,1652,1652,1,Пескоструйные аппараты / Аппараты серии АСОЗ 1.Х АРТ,Пескоструйный аппарат для зуботехнических лабораторий Серия АРТ - встроенное сито Два струйных модуля (сопла ø 1.0 и 1.5 мм),https://www.averon.ru/upload/iblock/268/gf9k7wdwif96eg5815zcbn94j3rqhfye.png,1,OFFICIAL_BRAND_SHOP_IN_ALMATY,KZ_SKU_EVIDENCE_REQUIRED,https://www.averon.ru/catalog/apparat_series_asoz1xart/asoz_1_2_art/
AVERON-8921,Averon,НПК АВЕРОН,АСОЗ 5.1 Б СТАРТ,8921,8921,1,Пескоструйные аппараты / Аппараты серии АСОЗ 5.Х НЬЮ,"Компактный пескоструйный аппарат для зуботехнических и ювелирных лабораторий Один струйный модуль (ø 1.5 мм), пневмопедаль, встроенное освещение",https://www.averon.ru/upload/iblock/ad5/o0prctfvak1dr75tlb1m6bloocqhvhbb.png,1,OFFICIAL_BRAND_SHOP_IN_ALMATY,KZ_SKU_EVIDENCE_REQUIRED,https://www.averon.ru/catalog/apparat_series_asoz5xniu/asoz_5_1_b_start/
AVERON-8922,Averon,НПК АВЕРОН,АСОЗ 5.1 С СТАРТ,8922,8922,1,Пескоструйные аппараты / Аппараты серии АСОЗ 5.Х НЬЮ,"Компактный пескоструйный аппарат для зуботехнических и ювелирных лабораторий Один струйный модуль (ø 1.0 мм), пневмопедаль, встроенное освещение",https://www.averon.ru/upload/iblock/3ab/7xflabbqjlbr3m413mme3e4ot59d9oig.png,1,OFFICIAL_BRAND_SHOP_IN_ALMATY,KZ_SKU_EVIDENCE_REQUIRED,https://www.averon.ru/catalog/apparat_series_asoz5xniu/asoz_5_1_s_start/
AVERON-5397,Averon,НПК АВЕРОН,АСОЗ 5.2 НЬЮ,5397,5397,1,Пескоструйные аппараты / Аппараты серии АСОЗ 5.Х НЬЮ,"Компактный пескоструйный аппарат для зуботехнических и ювелирных лабораторий Два струйных модуля (Ø 1.0 и 1.5 мм), пневмопедаль, встроенное освещение",https://www.averon.ru/upload/iblock/ca8/o4lq0699ubvo7jb7mkh5sucjfmvck4h8.png,1,OFFICIAL_BRAND_SHOP_IN_ALMATY,KZ_SKU_EVIDENCE_REQUIRED,https://www.averon.ru/catalog/apparat_series_asoz5xniu/asoz_5_2_n__iu/
AVERON-1651,Averon,НПК АВЕРОН,АСОЗ 5.2 У,1651,1651,1,Пескоструйные аппараты / Аппараты серии АСОЗ 5.Х НЬЮ,Пескоструйный аппарат для зуботехнической лаборатории. Включает 2 струйных модуля: МС 4.3 Б (диаметр сопла 1.5 мм) и МС 4.3 С (диаметр сопла 1 мм).,https://www.averon.ru/upload/iblock/5e7/fxhsjn6jggc8i158st2buxzkacoa4kk3.jpg,1,OFFICIAL_BRAND_SHOP_IN_ALMATY,KZ_SKU_EVIDENCE_REQUIRED,https://www.averon.ru/catalog/apparat_series_asoz5xniu/asoz_5_2_u/
AVERON-12082,Averon,НПК АВЕРОН,АСП 2.0,12082,12082,1,Паяльное оборудование / Оборудование для SMT-монтажа,Монтажный столик со скользящим упором,https://www.averon.ru/upload/iblock/04f/9ti91cygea0gqigjwmlh02tu9xjw6iek.jpg,1,OFFICIAL_BRAND_SHOP_IN_ALMATY,KZ_SKU_EVIDENCE_REQUIRED,https://www.averon.ru/catalog/smt_mount/asp_2_0/
AVERON-12393,Averon,НПК АВЕРОН,АСП 2.0 АРТ,12393,12393,1,Паяльное оборудование / Оборудование для SMT-монтажа,Монтажный столик для двустороннего монтажа печатных плат со скользящим локтевым упором,https://www.averon.ru/upload/iblock/1b9/h2t2s7fc7ejzh3crk7kq82ia5n63khmv.jpg,1,OFFICIAL_BRAND_SHOP_IN_ALMATY,KZ_SKU_EVIDENCE_REQUIRED,https://www.averon.ru/catalog/smt_mount/asp_2_0_art/
AVERON-1909,Averon,НПК АВЕРОН,АФЦ 1.0 АРТ,1909,1909,1,"Cтолы, светильники, вытяжки, боксы / Автономные вытяжки для работы с пылью, газами и для CAD-CAM систем. Циклоны, прочие фильтры","Автономный фильтр-циклон с увеличенным объемом контейнера для сбора отходов Настольное, напольное и навесное размещение",https://www.averon.ru/upload/iblock/b69/hjsvvawvyzfuqbt4w7tcgtx2jfzkq5fj.png,1,OFFICIAL_BRAND_SHOP_IN_ALMATY,KZ_SKU_EVIDENCE_REQUIRED,https://www.averon.ru/catalog/vtyajki_dlya_rabot_s_pliu_i_s_gazom_vtyajki_so_vstroennm_ciklonom/afts_1_0_art/
AVERON-13541,Averon,НПК АВЕРОН,АФЦ 1.0 АРТ КОМБИ,13541,13541,1,"Cтолы, светильники, вытяжки, боксы / Автономные вытяжки для работы с пылью, газами и для CAD-CAM систем. Циклоны, прочие фильтры","Наборная система фильтрации при работе с большими объемами отходов (""сухие"" триммеры, CAD-CAM системы, пескоструйная обработка и т.д.) Состав: АФЦ 1.0 АРТ М + АМФ 1.0 НЬЮ",https://www.averon.ru/upload/iblock/5a1/qwwchsrvn7tyku0cb1kht5ffq490hytn.png,1,OFFICIAL_BRAND_SHOP_IN_ALMATY,KZ_SKU_EVIDENCE_REQUIRED,https://www.averon.ru/catalog/vtyajki_dlya_rabot_s_pliu_i_s_gazom_vtyajki_so_vstroennm_ciklonom/afc_1_0_art_kombi/
AVERON-13560,Averon,НПК АВЕРОН,АФЦ 1.0 АРТ М,13560,13560,1,"Cтолы, светильники, вытяжки, боксы / Автономные вытяжки для работы с пылью, газами и для CAD-CAM систем. Циклоны, прочие фильтры / Циклоны и автономные модули фильтров","Автономный фильтр-циклон с увеличенным контейнером для сбора отходов Перенастраиваемое положение входа циклона Настольное, напольное и настенное размещение в зуботехнических лабораториях",https://www.averon.ru/upload/iblock/295/hi0hkew9e2ll4asnqxg14eqq7d07ltgd.png,1,OFFICIAL_BRAND_SHOP_IN_ALMATY,KZ_SKU_EVIDENCE_REQUIRED,https://www.averon.ru/catalog/ciklon_i_avtonom_moduli_fil_trov/afc_1_0_art_m/
AVERON-4442,Averon,НПК АВЕРОН,АФЦ 1.0 КОМБИ,4442,4442,1,"Cтолы, светильники, вытяжки, боксы / Автономные вытяжки для работы с пылью, газами и для CAD-CAM систем. Циклоны, прочие фильтры",Автономный комбинированный фильтр: циклон + мешковый фильтр,https://www.averon.ru/upload/iblock/340/aza19hzzmbepb7770mh2w2argn50ds2o.jpg,1,OFFICIAL_BRAND_SHOP_IN_ALMATY,KZ_SKU_EVIDENCE_REQUIRED,https://www.averon.ru/catalog/vtyajki_dlya_rabot_s_pliu_i_s_gazom_vtyajki_so_vstroennm_ciklonom/afc_1_0_kombi/
AVERON-3606,Averon,НПК АВЕРОН,АФЦ 1.0 НЬЮ,3606,3606,1,"Cтолы, светильники, вытяжки, боксы / Автономные вытяжки для работы с пылью, газами и для CAD-CAM систем. Циклоны, прочие фильтры / Циклоны и автономные модули фильтров",Автономный компактный фильтр-циклон с возможностью встраивания в оборудование,https://www.averon.ru/upload/iblock/7dc/dfbcx3gl03ejmlpw9dm39boww2ngku2q.png,1,OFFICIAL_BRAND_SHOP_IN_ALMATY,KZ_SKU_EVIDENCE_REQUIRED,https://www.averon.ru/catalog/ciklon_i_avtonom_moduli_fil_trov/afc_1_0_n__iu/
AVERON-13542,Averon,НПК АВЕРОН,АФЦ 1.0 НЬЮ КОМБИ,13542,13542,1,"Cтолы, светильники, вытяжки, боксы / Автономные вытяжки для работы с пылью, газами и для CAD-CAM систем. Циклоны, прочие фильтры","Наборная система фильтрации при работе с большими объемами отходов (""сухие"" триммеры, CAD-CAM системы, пескоструйная обработка и т.д.) Состав: АМФ 1.0 НЬЮ + АФЦ 1.0 НЬЮ",https://www.averon.ru/upload/iblock/cfe/tcpve6yrb7qm2e9zwgfwngs2j0ys3f96.png,1,OFFICIAL_BRAND_SHOP_IN_ALMATY,KZ_SKU_EVIDENCE_REQUIRED,https://www.averon.ru/catalog/vtyajki_dlya_rabot_s_pliu_i_s_gazom_vtyajki_so_vstroennm_ciklonom/afc_1_0_n_iu_kombi/
AVERON-9417,Averon,НПК АВЕРОН,АФЦ 1.0 ПЛЮС,9417,9417,1,"Cтолы, светильники, вытяжки, боксы / Автономные вытяжки для работы с пылью, газами и для CAD-CAM систем. Циклоны, прочие фильтры / Циклоны и автономные модули фильтров",Автономный навесной фильтр-циклон с прозрачным контейнером для отходов и регулируемым на 6 направлений входом,https://www.averon.ru/upload/iblock/2ff/lts00jt5l0129gxd89mfk1w29r26g0r0.png,1,OFFICIAL_BRAND_SHOP_IN_ALMATY,KZ_SKU_EVIDENCE_REQUIRED,https://www.averon.ru/catalog/ciklon_i_avtonom_moduli_fil_trov/afc_1_0_plius/
AVERON-14642,Averon,НПК АВЕРОН,АЭП 2.0 ТИТАН,14642,14642,1,Оборудование для изготовления протезов / Обработка-полировка,Аппарат для электрохимического покрытия (анодирования) титана с цифровым управлением Предназначен для нанесения оксидной плёнки на поверхность изделий из титана,https://www.averon.ru/upload/iblock/755/40uer45fhhhmq02nke44q37cfler0ebv.png,1,OFFICIAL_BRAND_SHOP_IN_ALMATY,KZ_SKU_EVIDENCE_REQUIRED,https://www.averon.ru/catalog/obrabotka-polirovka/aep_2_0_titan/
AVERON-1997,Averon,НПК АВЕРОН,АЭП 2.2,1997,1997,1,Оборудование для изготовления протезов,Аппарат для электрохимической полировки,https://www.averon.ru/upload/iblock/bed/1fg3r0onqjbbx0nggig10ug0y69fhz2c.jpg,1,OFFICIAL_BRAND_SHOP_IN_ALMATY,KZ_SKU_EVIDENCE_REQUIRED,https://www.averon.ru/catalog/oborudovanie_dlya_izgotovleniya_protezov/aep_2_2/
AVERON-13398,Averon,НПК АВЕРОН,АЭП 2.2 АРТ,13398,13398,1,Оборудование для изготовления протезов / Обработка-полировка,Предназначен для электрохимического полирования металлических частей зубных протезов и применяется в ортопедической стоматологии,https://www.averon.ru/upload/iblock/c90/q0mrs5n24e6u70i33vl8ws4q2z1jhkxt.jpg,1,OFFICIAL_BRAND_SHOP_IN_ALMATY,KZ_SKU_EVIDENCE_REQUIRED,https://www.averon.ru/catalog/obrabotka-polirovka/aep_2_2_art/
AVERON-8979,Averon,НПК АВЕРОН,Б 1.0 АСОЗ,8979,8979,1,Пескоструйные аппараты / Система АСОЗ ПЛЮС,Специализированный бокс для самостоятельной сборки пескоструйного аппарата необходимой конфигурации,https://www.averon.ru/upload/iblock/4b5/egws8t0jcbkf58eese4raqi2x68ma3s8.png,1,OFFICIAL_BRAND_SHOP_IN_ALMATY,KZ_SKU_EVIDENCE_REQUIRED,https://www.averon.ru/catalog/system_asoz_plus/b_1_0_asoz/
AVERON-12615,Averon,НПК АВЕРОН,Б 1.0 АСОЗ АРТ,12615,12615,1,Пескоструйные аппараты / Система АСОЗ ПЛЮС,Основной элемент системы АСОЗ ПЛЮС Специализированный бокс серии АРТ для самостоятельной сборки пескоструйного аппарата необходимой конфигурации,https://www.averon.ru/upload/iblock/b82/yp097ikn9c3as8nqietcvzguexwb49tq.png,1,OFFICIAL_BRAND_SHOP_IN_ALMATY,KZ_SKU_EVIDENCE_REQUIRED,https://www.averon.ru/catalog/system_asoz_plus/b_1_0_asoz_art/
AVERON-1879,Averon,НПК АВЕРОН,Б 1.0 СТИМ,1879,1879,1,"Cтолы, светильники, вытяжки, боксы / Боксы для лабораторий, для врачебных кабинетов, специализированные боксы",Бокс для работы с пароструйными аппаратами,https://www.averon.ru/upload/iblock/4ff/i5uv0dqy182grh3oyzcs1a1ti7g2vih9.jpg,1,OFFICIAL_BRAND_SHOP_IN_ALMATY,KZ_SKU_EVIDENCE_REQUIRED,https://www.averon.ru/catalog/boks_dlya_laboratoriy_dlya_vrachebnh_kabinetov_specializirovan_boks/b_1_0_stim/
AVERON-9520,Averon,НПК АВЕРОН,Б 1.0 СТИМ ПЛЮС,9520,9520,1,"Cтолы, светильники, вытяжки, боксы / Боксы для лабораторий, для врачебных кабинетов, специализированные боксы",Бокс для комфортной безбрызговой пароструйной обработки,https://www.averon.ru/upload/iblock/1ee/7rzy5h8ijfahze3lr44x1jqf575on8eg.png,1,OFFICIAL_BRAND_SHOP_IN_ALMATY,KZ_SKU_EVIDENCE_REQUIRED,https://www.averon.ru/catalog/boks_dlya_laboratoriy_dlya_vrachebnh_kabinetov_specializirovan_boks/b_1_0_stim_plius/
AVERON-13076,Averon,НПК АВЕРОН,Б 5.0 МАСТЕР БАЗИС,13076,13076,1,"Cтолы, светильники, вытяжки, боксы / Боксы для лабораторий, для врачебных кабинетов, специализированные боксы","Многофункциональный закрытый бокс со встроенной вытяжкой, бестеневым светильником и расширенной системой хранения",https://www.averon.ru/upload/iblock/b45/2u6bwxd7tgte5me9fvwnh1nma8y07tij.png,1,OFFICIAL_BRAND_SHOP_IN_ALMATY,KZ_SKU_EVIDENCE_REQUIRED,https://www.averon.ru/catalog/boks_dlya_laboratoriy_dlya_vrachebnh_kabinetov_specializirovan_boks/b_5_0_master_bazis/
AVERON-9238,Averon,НПК АВЕРОН,Б 5.0 МАСТЕР СТАРТ,9238,9238,1,"Cтолы, светильники, вытяжки, боксы / Боксы для лабораторий, для врачебных кабинетов, специализированные боксы","Облегчённое исполнение бокса Б 5.0 МАСТЕР ЭКО по принципу ""необходимое и достаточное""",https://www.averon.ru/upload/iblock/74f/oi4tvxqc2h2271hag8ah982flwjarx2g.png,1,OFFICIAL_BRAND_SHOP_IN_ALMATY,KZ_SKU_EVIDENCE_REQUIRED,https://www.averon.ru/catalog/boks_dlya_laboratoriy_dlya_vrachebnh_kabinetov_specializirovan_boks/b_5_0_master_start/
AVERON-1885,Averon,НПК АВЕРОН,Б 5.0 МАСТЕР ЭКО,1885,1885,1,"Cтолы, светильники, вытяжки, боксы / Боксы для лабораторий, для врачебных кабинетов, специализированные боксы",Многофункциональный зуботехнический бокс для работ с бормашиной и пластмассами,https://www.averon.ru/upload/iblock/0f8/7sm8mc3gegmzdksszucllcbpl1htc7u3.png,1,OFFICIAL_BRAND_SHOP_IN_ALMATY,KZ_SKU_EVIDENCE_REQUIRED,https://www.averon.ru/catalog/boks_dlya_laboratoriy_dlya_vrachebnh_kabinetov_specializirovan_boks/b_5_0_master_eko/
AVERON-1881,Averon,НПК АВЕРОН,Б 6.0,1881,1881,1,"Cтолы, светильники, вытяжки, боксы / Боксы для лабораторий, для врачебных кабинетов, специализированные боксы / Б 7.1 МОБИЛ АРТ / Б 7.0 МОБИЛ АРТ / Б 7.0 ДРИМ",Специализированный бокс для комфортной работы при полировке и шлифовке стоматологических протезов зуботехническим шлифмотором,https://www.averon.ru/upload/iblock/5d5/6xc34y3t5no29dmpwdx8d9t2vjeoeixs.png,1,OFFICIAL_BRAND_SHOP_IN_ALMATY,KZ_SKU_EVIDENCE_REQUIRED,https://www.averon.ru/catalog/boks_dlya_laboratoriy_dlya_vrachebnh_kabinetov_specializirovan_boks/b_6_0/
AVERON-1883,Averon,НПК АВЕРОН,Б 6.0 БИГ,1883,1883,1,"Cтолы, светильники, вытяжки, боксы / Боксы для лабораторий, для врачебных кабинетов, специализированные боксы / Б 7.1 МОБИЛ АРТ / Б 7.0 МОБИЛ АРТ / Б 7.0 ДРИМ",Специализированный широкий бокс для комфортной работы при полировке и шлифовке стоматологических протезов зуботехническим шлифмотором,https://www.averon.ru/upload/iblock/b06/nh4x4sdxm2it72nr4rqv3usie2e9tjsq.png,1,OFFICIAL_BRAND_SHOP_IN_ALMATY,KZ_SKU_EVIDENCE_REQUIRED,https://www.averon.ru/catalog/boks_dlya_laboratoriy_dlya_vrachebnh_kabinetov_specializirovan_boks/b_6_0_big/
AVERON-14698,Averon,НПК АВЕРОН,Б 6.0 БИГ М,14698,14698,1,"Cтолы, светильники, вытяжки, боксы / Боксы для лабораторий, для врачебных кабинетов, специализированные боксы",Специализированный бокс с увеличенной шириной для зуботехнических шлифмоторов Комфортная работа при полировке и шлифовке стоматологических протезов Предподготовка для подключения внешней вытяжки и внешнего освещения,https://www.averon.ru/upload/iblock/3a6/wmdn6ty4c7jv1r1ecv27wgvsdb5g8vok.png,1,OFFICIAL_BRAND_SHOP_IN_ALMATY,KZ_SKU_EVIDENCE_REQUIRED,https://www.averon.ru/catalog/boks_dlya_laboratoriy_dlya_vrachebnh_kabinetov_specializirovan_boks/b_6_0_big_m/
AVERON-14705,Averon,НПК АВЕРОН,Б 6.0 М,14705,14705,1,"Cтолы, светильники, вытяжки, боксы / Боксы для лабораторий, для врачебных кабинетов, специализированные боксы",Специализированный бокс для зуботехнических шлифмоторов Комфортная работа при полировке и шлифовке стоматологических протезов Предподготовка для подключения внешней вытяжки и внешнего освещения,https://www.averon.ru/upload/iblock/b42/ap7xx8pmer8tl70w9r9tumic03f2e4qw.png,1,OFFICIAL_BRAND_SHOP_IN_ALMATY,KZ_SKU_EVIDENCE_REQUIRED,https://www.averon.ru/catalog/boks_dlya_laboratoriy_dlya_vrachebnh_kabinetov_specializirovan_boks/b_6_0_m/
AVERON-1878,Averon,НПК АВЕРОН,Б 7.0 ДРИМ,1878,1878,1,"Cтолы, светильники, вытяжки, боксы / Боксы для лабораторий, для врачебных кабинетов, специализированные боксы","Мобильный закрытый бокс для локализации отходов и удаления пылевой взвеси при работе с бормашиной Компактное исполнение, гибкие шторки в проемах для рук",https://www.averon.ru/upload/iblock/183/0w9uq6bv4t2oqysnlr4fntn7clmzw1jv.png,1,OFFICIAL_BRAND_SHOP_IN_ALMATY,KZ_SKU_EVIDENCE_REQUIRED,https://www.averon.ru/catalog/boks_dlya_laboratoriy_dlya_vrachebnh_kabinetov_specializirovan_boks/b_7_0_drim/
AVERON-1880,Averon,НПК АВЕРОН,Б 7.0 МОБИЛ АРТ,1880,1880,1,"Cтолы, светильники, вытяжки, боксы / Боксы для лабораторий, для врачебных кабинетов, специализированные боксы","Мобильный закрытый бокс для локализации отходов из под инструмента при работе с бормашиной Компактное исполнение, гибкие шторки в проёмах для рук",https://www.averon.ru/upload/iblock/227/nxk8pn9h2gus25d8m3sbozuuuniw35p5.png,1,OFFICIAL_BRAND_SHOP_IN_ALMATY,KZ_SKU_EVIDENCE_REQUIRED,https://www.averon.ru/catalog/boks_dlya_laboratoriy_dlya_vrachebnh_kabinetov_specializirovan_boks/b_7_0_mobil_art/
AVERON-1882,Averon,НПК АВЕРОН,Б 7.1 МОБИЛ АРТ,1882,1882,1,"Cтолы, светильники, вытяжки, боксы / Боксы для лабораторий, для врачебных кабинетов, специализированные боксы","Мобильный бокс для локализации и удаления отходов при работе с бормашиной Удаление отходов из-под инструмента Компактное исполнение, гибкие шторки в проёмах для рук",https://www.averon.ru/upload/iblock/66e/rl2uc4hopxasxl46kc6gbm5ws2cfprk0.png,1,OFFICIAL_BRAND_SHOP_IN_ALMATY,KZ_SKU_EVIDENCE_REQUIRED,https://www.averon.ru/catalog/boks_dlya_laboratoriy_dlya_vrachebnh_kabinetov_specializirovan_boks/b_7_1_mobil_art/
AVERON-5317,Averon,НПК АВЕРОН,Б 8.0 АРТ,5317,5317,1,"Cтолы, светильники, вытяжки, боксы / Боксы для лабораторий, для врачебных кабинетов, специализированные боксы",Герметичный бокс для грязных работ,https://www.averon.ru/upload/iblock/304/kktembzikad37ar46k73ll9kzhh9b5d6.png,1,OFFICIAL_BRAND_SHOP_IN_ALMATY,KZ_SKU_EVIDENCE_REQUIRED,https://www.averon.ru/catalog/boks_dlya_laboratoriy_dlya_vrachebnh_kabinetov_specializirovan_boks/b_8_0_art/
AVERON-1970,Averon,НПК АВЕРОН,Баллон 5-150У ГОСТ 949-73,1970,1970,1,Литейное оборудование,Баллон для инертного газа аргон. В комплекте с подставкой и гаечным ключом. Для сварочного аппарата МОЛНИЯ 4.х. Внимание! Баллон продается без аргона.,https://www.averon.ru/upload/iblock/e3f/qr23i8l0wr8ip8anzc009xkmhkp9306i.jpeg,1,OFFICIAL_BRAND_SHOP_IN_ALMATY,KZ_SKU_EVIDENCE_REQUIRED,https://www.averon.ru/catalog/liteynoe_oborudovanie/ballon_5_150u_gost_949_73/
AVERON-2021,Averon,НПК АВЕРОН,БЛЕСК 1.0 КЕРАМИКА,2021,2021,1,Инструменты и принадлежности,Вискозная губка для очистки кисточек и прочих инструментов. Размеры: не менее 95×65×20 мм,https://www.averon.ru/upload/iblock/fb1/flt2jqbl3p774lxwt9xvcyqzn3l40hmn.jpg,1,OFFICIAL_BRAND_SHOP_IN_ALMATY,KZ_SKU_EVIDENCE_REQUIRED,https://www.averon.ru/catalog/instrument__i_prinadlejnosti/blesk_1_0_keramika/
AVERON-1960,Averon,НПК АВЕРОН,БЛИК 2.1 СЕНСОР,1960,1960,1,"Cтолы, светильники, вытяжки, боксы / Электроника для рабочих мест",Бесконтактный выключатель для управления вытяжкой,https://www.averon.ru/upload/iblock/109/4inivcxjoh2sec3a6yguz89qrlhhemom.jpg,1,OFFICIAL_BRAND_SHOP_IN_ALMATY,KZ_SKU_EVIDENCE_REQUIRED,https://www.averon.ru/catalog/elektronika_dlya_rabochih_mest/blik_2_1_sensor/
AVERON-3151,Averon,НПК АВЕРОН,БЛИК 2.2 СЕНСОР,3151,3151,1,"Cтолы, светильники, вытяжки, боксы / Электроника для рабочих мест",Бесконтактный двухканальный коммутатор для управления одной вытяжкой с двух рабочих мест,https://www.averon.ru/upload/iblock/188/ncrhwb9gv7bfc1hqg2ly6kslvi75sqwr.jpg,1,OFFICIAL_BRAND_SHOP_IN_ALMATY,KZ_SKU_EVIDENCE_REQUIRED,https://www.averon.ru/catalog/elektronika_dlya_rabochih_mest/blik_2_2_sensor/
AVERON-1964,Averon,НПК АВЕРОН,БМ 2.0 ЭКО ОПТИМУМ,1964,1964,1,Оборудование для изготовления протезов / Обработка-полировка,Многофункциональная зуботехническая бормашина,https://www.averon.ru/upload/iblock/648/zedbc8407jd3rzk4e6x0zt34p0j22gmt.jpg,1,OFFICIAL_BRAND_SHOP_IN_ALMATY,KZ_SKU_EVIDENCE_REQUIRED,https://www.averon.ru/catalog/obrabotka-polirovka/bm_2_0_eko_optimum/
AVERON-1965,Averon,НПК АВЕРОН,БМ 2.0 ЭКО ПРОФИ,1965,1965,1,Оборудование для изготовления протезов / Обработка-полировка,Многофункциональная зуботехническая бормашина со встроенным электрошпателем,https://www.averon.ru/upload/iblock/1f8/ymrkytc095fgqj5ze3q1wu00wd9eft4b.jpg,1,OFFICIAL_BRAND_SHOP_IN_ALMATY,KZ_SKU_EVIDENCE_REQUIRED,https://www.averon.ru/catalog/obrabotka-polirovka/bm_2_0_eko_profi/
AVERON-7221,Averon,НПК АВЕРОН,БРМ 1.0 НЬЮ,7221,7221,1,"Cтолы, светильники, вытяжки, боксы / Электроника для рабочих мест","Блок регулятора мощности для управления вытяжками с коллекторными двигателями Максимальная мощность 1400 Вт Металлическое исполнение, магнитная фиксация",https://www.averon.ru/upload/iblock/044/1q4f0lhxvcyd7rw4tlodk28r3mt8gkyi.png,1,OFFICIAL_BRAND_SHOP_IN_ALMATY,KZ_SKU_EVIDENCE_REQUIRED,https://www.averon.ru/catalog/elektronika_dlya_rabochih_mest/brm_1_0_n__iu/
AVERON-2190,Averon,НПК АВЕРОН,БРОНЯ 100.0 ТИГЕЛЬ,2190,2190,1,Литейное оборудование,Эффективное средство для повышения ресурса тиглей,https://www.averon.ru/upload/iblock/c29/2meofwmipgut264r39nxbbnp5q3ax16l.jpg,1,OFFICIAL_BRAND_SHOP_IN_ALMATY,KZ_SKU_EVIDENCE_REQUIRED,https://www.averon.ru/catalog/liteynoe_oborudovanie/bronya_100_0_tigel__/
AVERON-1743,Averon,НПК АВЕРОН,БУНКЕР 10.0 КЛАССИК,1743,1743,1,"Cтолы, светильники, вытяжки, боксы / Столы серии СУЛ 9.3 для гипсовочной. Лабораторные столы ЭЛЕМЕНТ, СУЛ 1.х ТУМБА. Гипсоотстойники и др. сопутствующее оборудование / Серия 9.3. Столы для гипсовочной лаборатории, гипсоотстойники и сопутствующее оборудование","Бункер для подачи гипса, до 10 кг",https://www.averon.ru/upload/iblock/35f/fg6sq4duj3ar3aq2fuqlap535jvfczv1.jpg,1,OFFICIAL_BRAND_SHOP_IN_ALMATY,KZ_SKU_EVIDENCE_REQUIRED,https://www.averon.ru/catalog/seriya_9_3_stol_dlya_gipsovochnoy_laboratorii_gipsootstoyniki_i_soputstvuiushaee_oborudovanie_/bunker_10_0_klassik/
AVERON-1742,Averon,НПК АВЕРОН,БУНКЕР 5.0 М,1742,1742,1,"Cтолы, светильники, вытяжки, боксы / Столы серии СУЛ 9.3 для гипсовочной. Лабораторные столы ЭЛЕМЕНТ, СУЛ 1.х ТУМБА. Гипсоотстойники и др. сопутствующее оборудование / Серия 9.3. Столы для гипсовочной лаборатории, гипсоотстойники и сопутствующее оборудование","Бункер для дозирования и подачи гипса, до 5 кг",https://www.averon.ru/upload/iblock/43d/w42mhv6hn3z7nb2nv4wsea6xynjhncez.png,1,OFFICIAL_BRAND_SHOP_IN_ALMATY,KZ_SKU_EVIDENCE_REQUIRED,https://www.averon.ru/catalog/seriya_9_3_stol_dlya_gipsovochnoy_laboratorii_gipsootstoyniki_i_soputstvuiushaee_oborudovanie_/bunker_5_0_m/
AVERON-1976,Averon,НПК АВЕРОН,БЮГЕЛЬ 1.0 ПРЕСС,1976,1976,1,Оборудование для изготовления протезов / Полимеризация пластмасс (химическое отверждение),Бюгельная рамка для фиксации одной кюветы,https://www.averon.ru/upload/iblock/d90/g8c2zfeelltcogzxklsqhactg3yb6zny.jpg,1,OFFICIAL_BRAND_SHOP_IN_ALMATY,KZ_SKU_EVIDENCE_REQUIRED,https://www.averon.ru/catalog/polimerizaciya_plastmass_him_otv_/biugel___1_0_press/
AVERON-1977,Averon,НПК АВЕРОН,БЮГЕЛЬ 2.0 ПРЕСС,1977,1977,1,Оборудование для изготовления протезов / Полимеризация пластмасс (химическое отверждение),Бюгельная рамка для фиксации до двух кювет,https://www.averon.ru/upload/iblock/087/98p31dxphk7bx5l82109urnpfbcq1pqa.jpg,1,OFFICIAL_BRAND_SHOP_IN_ALMATY,KZ_SKU_EVIDENCE_REQUIRED,https://www.averon.ru/catalog/polimerizaciya_plastmass_him_otv_/biugel___2_0_press/
AVERON-9102,Averon,НПК АВЕРОН,БЮГЕЛЬ 3.0 ПРЕСС,9102,9102,1,Оборудование для изготовления протезов / Полимеризация пластмасс (химическое отверждение),Бюгельная рамка для фиксации трех кювет,https://www.averon.ru/upload/iblock/4ce/la2hzja05awuz069m36rlavqm5cs1uut.jpg,1,OFFICIAL_BRAND_SHOP_IN_ALMATY,KZ_SKU_EVIDENCE_REQUIRED,https://www.averon.ru/catalog/polimerizaciya_plastmass_him_otv_/biugel_30_press/
AVERON-1762,Averon,НПК АВЕРОН,ВБ 1.1,1762,1762,1,Оборудование для изготовления моделей,"Вибростолик. Две частоты вибрации, регулировка мощности",https://www.averon.ru/upload/iblock/6c1/emb662dj5v6bxlnx7wac5e1idd3w4lvi.png,1,OFFICIAL_BRAND_SHOP_IN_ALMATY,KZ_SKU_EVIDENCE_REQUIRED,https://www.averon.ru/catalog/oborudovanie_dlya_izgotovleniya_modeley/vb_1_1/
AVERON-1892,Averon,НПК АВЕРОН,ВВК 1.0,1892,1892,1,"Cтолы, светильники, вытяжки, боксы / Автономные вытяжки для работы с пылью, газами и для CAD-CAM систем. Циклоны, прочие фильтры / Принадлежности для вытяжных каналов",Выключатель воздушного канала на одно устройство,https://www.averon.ru/upload/iblock/b15/ttzzaca4bb1qzt80wucnmhcoes1l2h9h.png,1,OFFICIAL_BRAND_SHOP_IN_ALMATY,KZ_SKU_EVIDENCE_REQUIRED,https://www.averon.ru/catalog/Prinadlejnosti_dlya_v_tyajn_h_kanalov/vvk_1_0/
AVERON-12092,Averon,НПК АВЕРОН,ВЕРТИКАЛЬ 6.0 ПАНЕЛЬ,12092,12092,1,"Cтолы, светильники, вытяжки, боксы / Системы БРИДЖ и ВЕРТИКАЛЬ для столов МАСТЕР, ЭЛЕМЕНТ, СУЛ 9.3. Произвольные конфигурации рабочих мест / Система хранения ВЕРТИКАЛЬ","Шестиуровневая система хранения ВЕРТИКАЛЬ с креплением на задние стенки столов МАСТЕР, ЮНГА, ЭЛЕМЕНТ, СУЛ 9.х, на панели системы элементов БРИДЖ",https://www.averon.ru/upload/iblock/7e4/uh1et9t18k0le4rdp9cc9v4f7gdqycr5.png,1,OFFICIAL_BRAND_SHOP_IN_ALMATY,KZ_SKU_EVIDENCE_REQUIRED,https://www.averon.ru/catalog/sistema_elementov_vertikal_/vertikal__6_0_panel_/
AVERON-12093,Averon,НПК АВЕРОН,ВЕРТИКАЛЬ 6.0 СТРУБЦИНА,12093,12093,1,"Cтолы, светильники, вытяжки, боксы / Системы БРИДЖ и ВЕРТИКАЛЬ для столов МАСТЕР, ЭЛЕМЕНТ, СУЛ 9.3. Произвольные конфигурации рабочих мест / Система хранения ВЕРТИКАЛЬ",Шестиуровневая система хранения ВЕРТИКАЛЬ с креплением через струбцину на кромку столешницы толщиной до 40 мм,https://www.averon.ru/upload/iblock/e1e/6deomnf77fdiwi8fppk4ap4gv743h427.png,1,OFFICIAL_BRAND_SHOP_IN_ALMATY,KZ_SKU_EVIDENCE_REQUIRED,https://www.averon.ru/catalog/sistema_elementov_vertikal_/vertikal__6_0_strubcina/
AVERON-12094,Averon,НПК АВЕРОН,ВЕРТИКАЛЬ 6.0 ТЕЙБЛ,12094,12094,1,"Cтолы, светильники, вытяжки, боксы / Системы БРИДЖ и ВЕРТИКАЛЬ для столов МАСТЕР, ЭЛЕМЕНТ, СУЛ 9.3. Произвольные конфигурации рабочих мест / Система хранения ВЕРТИКАЛЬ","Шестиуровневая система хранения ВЕРТИКАЛЬ с креплением на верхние полки столов МАСТЕР, ЮНГА, на столешницы произвольных столов",https://www.averon.ru/upload/iblock/cb2/dhomz3yjs3v9d9wu2ml07i1x6nicrwog.png,1,OFFICIAL_BRAND_SHOP_IN_ALMATY,KZ_SKU_EVIDENCE_REQUIRED,https://www.averon.ru/catalog/sistema_elementov_vertikal_/vertikal__6_0_teybl/
AVERON-13335,Averon,НПК АВЕРОН,ВМУ 1.0 АРТ,13335,13335,1,"Cтолы, светильники, вытяжки, боксы / Встраиваемые и мобильные вытяжные системы и устройства",Компактный мобильный вытяжной зонт со струбциной,https://www.averon.ru/upload/iblock/1b9/qxjp53imkjmo3uall3otg2gdx55am7p2.png,1,OFFICIAL_BRAND_SHOP_IN_ALMATY,KZ_SKU_EVIDENCE_REQUIRED,https://www.averon.ru/catalog/vstraivaemei_mobil_vtyaj_sistem_i_moduli/vmu_1_0_art/
AVERON-13075,Averon,НПК АВЕРОН,ВМУ 1.0 АРТ ПЛЮС,13075,13075,1,"Cтолы, светильники, вытяжки, боксы / Встраиваемые и мобильные вытяжные системы и устройства","Мобильный вытяжной зонт с опорами для рук, встроенная струбцина для крепления к столешнице Эффективное решение для работы с бормашинами",https://www.averon.ru/upload/iblock/cb8/tuhzszmg6ktndrs9iib9zvuuyj948zbt.png,1,OFFICIAL_BRAND_SHOP_IN_ALMATY,KZ_SKU_EVIDENCE_REQUIRED,https://www.averon.ru/catalog/vstraivaemei_mobil_vtyaj_sistem_i_moduli/vmu_1_0_art_plius/
AVERON-14595,Averon,НПК АВЕРОН,ВМУ 1.0 ДАСТКЛАУД,14595,14595,1,"Cтолы, светильники, вытяжки, боксы / Встраиваемые и мобильные вытяжные системы и устройства",Мобильная вытяжная приставка для организации верхнего вытяжного канала Совместима со светильником ЛЮКС 5.0 ТЕЙБЛ НЬЮ (АРТ) Удаление пылевого облака при обработке зуботехнической бормашиной моделей или протезов Приставка особо актуальна при обработке циркония Также приставка позволяет при необходимости оперативно собирать и нижний вытяжной канал,https://www.averon.ru/upload/iblock/136/vfdlvoesz7268fworh6qb6drt4pjqlfb.png,1,OFFICIAL_BRAND_SHOP_IN_ALMATY,KZ_SKU_EVIDENCE_REQUIRED,https://www.averon.ru/catalog/vstraivaemei_mobil_vtyaj_sistem_i_moduli/vmu_1_0_dastklaud/
AVERON-3283,Averon,НПК АВЕРОН,ВМУ 1.0 ТЕЙБЛ БАЗИС,3283,3283,1,"Cтолы, светильники, вытяжки, боксы / Встраиваемые и мобильные вытяжные системы и устройства",Оригинальное мобильное рабочее место со встроенной вытяжной системой. Легко превращает обычный стол в специализированный стол зубного техника,https://www.averon.ru/upload/iblock/e31/e4gquygdr3l17cj6vx7d77isoj2kyxqo.jpg,1,OFFICIAL_BRAND_SHOP_IN_ALMATY,KZ_SKU_EVIDENCE_REQUIRED,https://www.averon.ru/catalog/vstraivaemei_mobil_vtyaj_sistem_i_moduli/vmu_1_0_teybl_bazis/
AVERON-13077,Averon,НПК АВЕРОН,ВМУ 1.0 ТЕЙБЛ СТАРТ,13077,13077,1,"Cтолы, светильники, вытяжки, боксы / Встраиваемые и мобильные вытяжные системы и устройства",Оригинальное мобильное рабочее место зубного техника для работы с бормашиной Платформа ВМУ ТЕЙБЛ Предподготовка для подключения внешней вытяжки и верхнего вытяжного канала,https://www.averon.ru/upload/iblock/72e/ux5m0ncp3d5tp3dvkv00slbpnc4nhn5r.png,1,OFFICIAL_BRAND_SHOP_IN_ALMATY,KZ_SKU_EVIDENCE_REQUIRED,https://www.averon.ru/catalog/vstraivaemei_mobil_vtyaj_sistem_i_moduli/vmu_1_0_teybl_start/
AVERON-12206,Averon,НПК АВЕРОН,ВМУ 1.1 ТЕЙБЛ БАЗИС,12206,12206,1,"Cтолы, светильники, вытяжки, боксы / Встраиваемые и мобильные вытяжные системы и устройства",Оригинальное мобильное рабочее место на базе платформы ВМУ ТЕЙБЛ со встроенной вытяжной системой и бестеневым светильником Легко превращает обычный стол в специализированный стол зубного техника,https://www.averon.ru/upload/iblock/22f/2pqo3yi4js0qeoc9tmro8ymem2llmw7f.jpg,1,OFFICIAL_BRAND_SHOP_IN_ALMATY,KZ_SKU_EVIDENCE_REQUIRED,https://www.averon.ru/catalog/vstraivaemei_mobil_vtyaj_sistem_i_moduli/vmu_1_1_teybl_bazis/
AVERON-1852,Averon,НПК АВЕРОН,ВМУ 2.0,1852,1852,1,"Cтолы, светильники, вытяжки, боксы / Встраиваемые и мобильные вытяжные системы и устройства","Выдвижной вытяжной зонт с многоразовым фильтром ПЕНО и защитным экраном с магнитной фиксацией, вытяжной канал для крепления саморезами под столешницу, вытяжное отверстие воздуховода для подключения вытяжки, подвесная ""урна"" (КАРМАН 1.0 ТРЭШ) для отходов.",https://www.averon.ru/upload/iblock/f6d/246tachr6v19n3dtd42aca01gp8zkdhh.png,1,OFFICIAL_BRAND_SHOP_IN_ALMATY,KZ_SKU_EVIDENCE_REQUIRED,https://www.averon.ru/catalog/vstraivaemei_mobil_vtyaj_sistem_i_moduli/vmu_2_0/
AVERON-2978,Averon,НПК АВЕРОН,ВМУ 2.0 АРТ,2978,2978,1,"Cтолы, светильники, вытяжки, боксы / Встраиваемые и мобильные вытяжные системы и устройства",Компактный вытяжной зонт для столов СЗТ 4.3 МАСТЕР/МИНИ,https://www.averon.ru/upload/iblock/240/oq435on98o6n8lqgv2losjpczc7yotqs.png,1,OFFICIAL_BRAND_SHOP_IN_ALMATY,KZ_SKU_EVIDENCE_REQUIRED,https://www.averon.ru/catalog/vstraivaemei_mobil_vtyaj_sistem_i_moduli/vmu_2_0_art/
AVERON-1854,Averon,НПК АВЕРОН,ВМУ 2.0 КОМПЛЕКТ,1854,1854,1,"Cтолы, светильники, вытяжки, боксы / Встраиваемые и мобильные вытяжные системы и устройства",Модуль с двумя ящиками и выдвижной вытяжной платформой.,https://www.averon.ru/upload/iblock/caa/cfpc6x2l3rve6cz8265eb9ek1wq7d9ak.jpg,1,OFFICIAL_BRAND_SHOP_IN_ALMATY,KZ_SKU_EVIDENCE_REQUIRED,https://www.averon.ru/catalog/vstraivaemei_mobil_vtyaj_sistem_i_moduli/vmu_2_0_komplekt/
AVERON-1851,Averon,НПК АВЕРОН,ВМУ 2.0 НЬЮ,1851,1851,1,Уцененное оборудование,Компактный вытяжной модуль. Подходит для построения бюджетной вытяжной системы в столах СЗТ 4.3 МАСТЕР и СЗТ 4.3 МАСТЕР МИНИ. Устанавливается в вытяжной канал столешницы. Старая цена: 4 900,https://www.averon.ru/upload/iblock/e46/p1z9zx62tcoen4w4wj31xqv8d87g0o8w.jpg,1,OFFICIAL_BRAND_SHOP_IN_ALMATY,KZ_SKU_EVIDENCE_REQUIRED,https://www.averon.ru/catalog/ucenyonnoe_oborudovanie/vmu_2_0_nyu/
AVERON-7292,Averon,НПК АВЕРОН,ВМУ 2.2 КОМПЛЕКТ,7292,7292,1,"Cтолы, светильники, вытяжки, боксы / Встраиваемые и мобильные вытяжные системы и устройства",Вытяжной модуль с двумя ящиками и выдвижным зонтом Встраивается под столешницу,https://www.averon.ru/upload/iblock/df6/uov02efjj5g8amkwejuly0ph0kwbnu56.png,1,OFFICIAL_BRAND_SHOP_IN_ALMATY,KZ_SKU_EVIDENCE_REQUIRED,https://www.averon.ru/catalog/vstraivaemei_mobil_vtyaj_sistem_i_moduli/vmu_2_2_komplekt/
AVERON-5230,Averon,НПК АВЕРОН,ВМУ 3.0 НЬЮ,5230,5230,1,"Cтолы, светильники, вытяжки, боксы / Встраиваемые и мобильные вытяжные системы и устройства","Встраиваемая выдвижная столешница с вытяжным каналом Для столов МАСТЕР, а также для неспециализированных столов Основа для создания функционального и одновременно бюджетного рабочего места для работ с бормашиной",https://www.averon.ru/upload/iblock/7a5/d3kv3zl23ug4pfcx24xlkvht83k64vtw.jpg,1,OFFICIAL_BRAND_SHOP_IN_ALMATY,KZ_SKU_EVIDENCE_REQUIRED,https://www.averon.ru/catalog/vstraivaemei_mobil_vtyaj_sistem_i_moduli/vmu_3_0_n__iu/
AVERON-13733,Averon,НПК АВЕРОН,ВМУ 3.0 НЬЮ БАЗИС,13733,13733,1,"Cтолы, светильники, вытяжки, боксы / Встраиваемые и мобильные вытяжные системы и устройства",Встраиваемая вытяжная система с выдвижной столешницей Быстросъёмный модуль фильтров В составе вытяжной агрегат с комфортным уровнем шума и высокой мощностью всасывания,https://www.averon.ru/upload/iblock/291/aaqjc56ansem8iz5x17krq0if2x78d1q.jpg,1,OFFICIAL_BRAND_SHOP_IN_ALMATY,KZ_SKU_EVIDENCE_REQUIRED,https://www.averon.ru/catalog/vstraivaemei_mobil_vtyaj_sistem_i_moduli/vmu_3_0_n_iu_bazis/
AVERON-9421,Averon,НПК АВЕРОН,ВМУ 3.0 НЬЮ ПЛЮС,9421,9421,1,"Cтолы, светильники, вытяжки, боксы / Встраиваемые и мобильные вытяжные системы и устройства","Встраиваемая выдвижная столешница с вытяжным каналом, пылеотстойником, эргономичными подлокотниками",https://www.averon.ru/upload/iblock/f15/4qlwst1cnysqprcnn14o45p01e9ej05y.png,1,OFFICIAL_BRAND_SHOP_IN_ALMATY,KZ_SKU_EVIDENCE_REQUIRED,https://www.averon.ru/catalog/vstraivaemei_mobil_vtyaj_sistem_i_moduli/vmu_3_0_n_iu_plius/
AVERON-13734,Averon,НПК АВЕРОН,ВМУ 3.0 НЬЮ СТАРТ,13734,13734,1,"Cтолы, светильники, вытяжки, боксы / Встраиваемые и мобильные вытяжные системы и устройства",Встраиваемая вытяжная система с выдвижной столешницей Быстросъёмный модуль фильтров Требуется подключение внешней вытяжки,https://www.averon.ru/upload/iblock/cea/w5z1qk7qbxq51vibcitodoontvyz8wm8.png,1,OFFICIAL_BRAND_SHOP_IN_ALMATY,KZ_SKU_EVIDENCE_REQUIRED,https://www.averon.ru/catalog/vstraivaemei_mobil_vtyaj_sistem_i_moduli/vmu_3_0_n_iu_start/
AVERON-3025,Averon,НПК АВЕРОН,ВМУ 3.3 БАЗИС,3025,3025,1,"Cтолы, светильники, вытяжки, боксы / Встраиваемые и мобильные вытяжные системы и устройства","Вытяжная система для столов серии МАСТЕР, а также прочих неспециализированных столов. Встраивается под столешницу, создавая двухуровневое рабочее место. Количество: 1 шт. (№912034) Причина уценки: Витринный образец, снято с производства Цена до уценки: 32 900 руб.Ваша экономия: 6 000 руб.Гарантия: 1 год. ВМУ 3.3 БАЗИС М 2019 года",https://www.averon.ru/upload/iblock/cb3/f8j93r1fvf3z9jazj6ngc3hv380ofvrr.jpg,1,OFFICIAL_BRAND_SHOP_IN_ALMATY,KZ_SKU_EVIDENCE_REQUIRED,https://www.averon.ru/catalog/vstraivaemei_mobil_vtyaj_sistem_i_moduli/vmu_3_3_bazis/
AVERON-13936,Averon,НПК АВЕРОН,ВМУ 3.3 БАЗИС К,13936,13936,1,"Cтолы, светильники, вытяжки, боксы / Встраиваемые и мобильные вытяжные системы и устройства","Встраиваемая вытяжная система с выдвижной столешницей и ящиком для сбора отходов Трехуровневая фильтрация, вытяжной агрегат с комфортным уровнем шума и высокой производительностью",https://www.averon.ru/upload/iblock/9bd/abhnd2vn7k7fwr8k60m5lmrwebv158gq.jpg,1,OFFICIAL_BRAND_SHOP_IN_ALMATY,KZ_SKU_EVIDENCE_REQUIRED,https://www.averon.ru/catalog/vstraivaemei_mobil_vtyaj_sistem_i_moduli/vmu_3_3_bazis_k/
AVERON-1630,Averon,НПК АВЕРОН,ВН 6.2,1630,1630,1,Электровакуумные печи,Вакуумный безмасляный насос для электровакуумных печей АВЕРОН.,https://www.averon.ru/upload/iblock/881/mxma7pytat8jyek90bmxiwhbo6rhjr9w.jpg,1,OFFICIAL_BRAND_SHOP_IN_ALMATY,KZ_SKU_EVIDENCE_REQUIRED,https://www.averon.ru/catalog/elektrovakuum__pechi/vn_6_2/
AVERON-6112,Averon,НПК АВЕРОН,ВН 6.2 АРТ,6112,6112,1,Электровакуумные печи / ВН 6.4,Вакуумный безмасляный насос для печей ЭВП АВЕРОН В комплекте демпфирующая подвижная платформа,https://www.averon.ru/upload/iblock/d74/o3dytnif46gdzgid68v2t009x80gl909.jpg,1,OFFICIAL_BRAND_SHOP_IN_ALMATY,KZ_SKU_EVIDENCE_REQUIRED,https://www.averon.ru/catalog/elektrovakuum__pechi/vn_6_2_art/
AVERON-13066,Averon,НПК АВЕРОН,ВН 6.4,13066,13066,1,Электровакуумные печи,Вакуумный безмасляный насос для печей ЭВП АВЕРОН В комплекте демпфирующая подвижная платформа При покупке ЭВП серии ГРАНД - вакуумный насос ВН 6.4 в подарок,https://www.averon.ru/upload/iblock/747/d9mcchrqcu2ecs3wvwt60it8tt4oi5xd.png,1,OFFICIAL_BRAND_SHOP_IN_ALMATY,KZ_SKU_EVIDENCE_REQUIRED,https://www.averon.ru/catalog/elektrovakuum__pechi/vn_6_4/
AVERON-1969,Averon,НПК АВЕРОН,ВОЛЬФРАМ 0.6,1969,1969,1,Литейное оборудование,"Электроды вольфрамовые ø 0,6 мм (5 шт.) для сварочного аппарата МОЛНИЯ 4.х / 5.х",https://www.averon.ru/upload/iblock/3e9/0fxthsinrqsnhru3iw2lb4j7ojpnuawx.jpg,1,OFFICIAL_BRAND_SHOP_IN_ALMATY,KZ_SKU_EVIDENCE_REQUIRED,https://www.averon.ru/catalog/liteynoe_oborudovanie/vol__fram__0_6/
AVERON-1967,Averon,НПК АВЕРОН,ВОЛЬФРАМ 1.0,1967,1967,1,Литейное оборудование,Электроды вольфрамовые ø 1.0 мм (15 шт.) для сварочного аппарата МОЛНИЯ 4.х / 5.х,https://www.averon.ru/upload/iblock/0d4/efgl0bibbg8o9iufl853flu9ug2ie4f5.jpg,1,OFFICIAL_BRAND_SHOP_IN_ALMATY,KZ_SKU_EVIDENCE_REQUIRED,https://www.averon.ru/catalog/liteynoe_oborudovanie/vol__fram_1_0/
AVERON-13266,Averon,НПК АВЕРОН,ВОРОНКА 1.0 АСОЗ,13266,13266,1,Пескоструйные аппараты / Система АСОЗ ПЛЮС,Специализированная воронка для использования НАДСТРОЙКА 1.0 ТУМБА в качестве подставки для пескоструек АСОЗ 5.х,https://www.averon.ru/upload/iblock/d8d/96wkpiflobh80rkbyjo975j9z15tczf7.png,1,OFFICIAL_BRAND_SHOP_IN_ALMATY,KZ_SKU_EVIDENCE_REQUIRED,https://www.averon.ru/catalog/system_asoz_plus/voronka_1_0_asoz/
AVERON-1696,Averon,НПК АВЕРОН,ВПЗ 1.0,1696,1696,1,Устройства для моделирования восками / Восковые промежуточные звенья,Боковые зубы (14-17) для верхней челюсти справа,https://www.averon.ru/upload/iblock/3f2/b8ygl0hpygzmrgldtesvonz35rjy0aok.jpg,1,OFFICIAL_BRAND_SHOP_IN_ALMATY,KZ_SKU_EVIDENCE_REQUIRED,https://www.averon.ru/catalog/voskov_e_promejutoch__zven__ya/vpz_1_0/
AVERON-1697,Averon,НПК АВЕРОН,ВПЗ 1.1,1697,1697,1,Устройства для моделирования восками / Восковые промежуточные звенья,"Боковые зубы (14-17) для верхней челюсти справа, малые",https://www.averon.ru/upload/iblock/667/cq9q47wltydn34eva00z6b81m8it43nc.jpg,1,OFFICIAL_BRAND_SHOP_IN_ALMATY,KZ_SKU_EVIDENCE_REQUIRED,https://www.averon.ru/catalog/voskov_e_promejutoch__zven__ya/vpz_1_1/
AVERON-1698,Averon,НПК АВЕРОН,ВПЗ 2.0,1698,1698,1,Устройства для моделирования восками / Восковые промежуточные звенья,Боковые зубы (24-27) для верхней челюсти слева,https://www.averon.ru/upload/iblock/3d7/pq4ljy7ghdx7ndutfu9s8uvhvap4e22k.jpg,1,OFFICIAL_BRAND_SHOP_IN_ALMATY,KZ_SKU_EVIDENCE_REQUIRED,https://www.averon.ru/catalog/voskov_e_promejutoch__zven__ya/vpz_2_0/
AVERON-1699,Averon,НПК АВЕРОН,ВПЗ 2.1,1699,1699,1,Устройства для моделирования восками / Восковые промежуточные звенья,"Боковые зубы (24-27) для верхней челюсти слева, малые",https://www.averon.ru/upload/iblock/248/ttpwslytjccyxktnl2krsrl9gv00kb4x.jpg,1,OFFICIAL_BRAND_SHOP_IN_ALMATY,KZ_SKU_EVIDENCE_REQUIRED,https://www.averon.ru/catalog/voskov_e_promejutoch__zven__ya/vpz_2_1/
AVERON-1700,Averon,НПК АВЕРОН,ВПЗ 3.0,1700,1700,1,Устройства для моделирования восками / Восковые промежуточные звенья,Восковые и промежуточные звенья. Боковые зубы (34-37) для нижней челюсти слева,https://www.averon.ru/upload/iblock/4da/7zw03onw1q2valz82v691tldhlj6aj1d.jpg,1,OFFICIAL_BRAND_SHOP_IN_ALMATY,KZ_SKU_EVIDENCE_REQUIRED,https://www.averon.ru/catalog/voskov_e_promejutoch__zven__ya/vpz_3_0/
AVERON-1701,Averon,НПК АВЕРОН,ВПЗ 3.1,1701,1701,1,Устройства для моделирования восками / Восковые промежуточные звенья,"Боковые зубы (34-37) для нижней челюсти слева, малые",https://www.averon.ru/upload/iblock/1d5/i2dvpxa3bqhdj7rrc0cqs51rj2mgh5q6.jpg,1,OFFICIAL_BRAND_SHOP_IN_ALMATY,KZ_SKU_EVIDENCE_REQUIRED,https://www.averon.ru/catalog/voskov_e_promejutoch__zven__ya/vpz_3_1/
AVERON-1702,Averon,НПК АВЕРОН,ВПЗ 4.0,1702,1702,1,Устройства для моделирования восками / Восковые промежуточные звенья,Боковые зубы (44-47) для нижней челюсти справа,https://www.averon.ru/upload/iblock/a19/ijbq331nw7amedjz7qw4zbziirjdciwr.jpg,1,OFFICIAL_BRAND_SHOP_IN_ALMATY,KZ_SKU_EVIDENCE_REQUIRED,https://www.averon.ru/catalog/voskov_e_promejutoch__zven__ya/vpz_4_0/
AVERON-1703,Averon,НПК АВЕРОН,ВПЗ 4.1,1703,1703,1,Устройства для моделирования восками / Восковые промежуточные звенья,"Боковые зубы (44-47) для нижней челюсти справа, малые",https://www.averon.ru/upload/iblock/be3/lh55hhokf310h5mhmhsbocv3qgfre9fu.jpg,1,OFFICIAL_BRAND_SHOP_IN_ALMATY,KZ_SKU_EVIDENCE_REQUIRED,https://www.averon.ru/catalog/voskov_e_promejutoch__zven__ya/vpz_4_1/
AVERON-1704,Averon,НПК АВЕРОН,ВПЗ 5.0,1704,1704,1,Устройства для моделирования восками / Восковые промежуточные звенья,Фронтальные зубы (12-22) для верхней челюсти,https://www.averon.ru/upload/iblock/b33/ltktvv357oqdem5ky9py4b2deg6crtrg.jpg,1,OFFICIAL_BRAND_SHOP_IN_ALMATY,KZ_SKU_EVIDENCE_REQUIRED,https://www.averon.ru/catalog/voskov_e_promejutoch__zven__ya/vpz_5_0/
AVERON-1705,Averon,НПК АВЕРОН,ВПЗ 6.0,1705,1705,1,Устройства для моделирования восками / Восковые промежуточные звенья,Фронтальные зубы (32-42) для нижней челюсти,https://www.averon.ru/upload/iblock/c12/u529hnqqmmtb0vm7u70bm8uvmzlhtwsq.jpg,1,OFFICIAL_BRAND_SHOP_IN_ALMATY,KZ_SKU_EVIDENCE_REQUIRED,https://www.averon.ru/catalog/voskov_e_promejutoch__zven__ya/vpz_6_0/
AVERON-1707,Averon,НПК АВЕРОН,ВПЗ 7.0 ТЕСТ,1707,1707,1,Устройства для моделирования восками / Восковые промежуточные звенья,Восковые и промежуточные звенья,https://www.averon.ru/upload/iblock/0c1/in9djruvv1pts5ypqkhlpl610byqyimp.jpg,1,OFFICIAL_BRAND_SHOP_IN_ALMATY,KZ_SKU_EVIDENCE_REQUIRED,https://www.averon.ru/catalog/voskov_e_promejutoch__zven__ya/vpz_7_0_test/
AVERON-1685,Averon,НПК АВЕРОН,ВТ 1.1 МОДИС,1685,1685,1,Устройства для моделирования восками,Воскотопка для получения воскового колпачка необходимой толщины погружным методом Для зуботехнических лабораторий и стоматологических учреждений,https://www.averon.ru/upload/iblock/deb/d89mvpr05229ytctdfkv34w5xip0hwe8.jpg,1,OFFICIAL_BRAND_SHOP_IN_ALMATY,KZ_SKU_EVIDENCE_REQUIRED,https://www.averon.ru/catalog/ustroistva_modelirovaniya_voskami/wm_1_1_modis/
AVERON-1690,Averon,НПК АВЕРОН,ВТ 2.0 КОМБИ НЬЮ,1690,1690,1,Устройства для моделирования восками,Воскотопка + электрошпатель. Цифровая индикация. Насадка НС 5.0 НЬЮ,https://www.averon.ru/upload/iblock/aca/vgodoo6w4q2b91nlz92hi2g6q8o01ib3.jpg,1,OFFICIAL_BRAND_SHOP_IN_ALMATY,KZ_SKU_EVIDENCE_REQUIRED,https://www.averon.ru/catalog/ustroistva_modelirovaniya_voskami/vt_2_0_kombi_nyu/
AVERON-8887,Averon,НПК АВЕРОН,ВТ 2.1 КОМБИ НЬЮ,8887,8887,1,Устройства для моделирования восками,Комбинированное устройство: воскотопка + электрошпатель Цифровая индикация Насадка НС 5.0 НЬЮ Шпательная ручка из твёрдых пород дерева,https://www.averon.ru/upload/iblock/02a/b4uj3qrwkle422x0s63kd5yvwpca62pv.jpg,1,OFFICIAL_BRAND_SHOP_IN_ALMATY,KZ_SKU_EVIDENCE_REQUIRED,https://www.averon.ru/catalog/ustroistva_modelirovaniya_voskami/vt_2_1_kombi_n__iu/
AVERON-1686,Averon,НПК АВЕРОН,ВТ 2.1 МОДИС,1686,1686,1,Устройства для моделирования восками,Воскотопка с цифровой индикацией,https://www.averon.ru/upload/iblock/207/45gterbbqy3thoa8d89hq7qfqo38j6f1.jpg,1,OFFICIAL_BRAND_SHOP_IN_ALMATY,KZ_SKU_EVIDENCE_REQUIRED,https://www.averon.ru/catalog/ustroistva_modelirovaniya_voskami/wm_2_1_modis/
AVERON-1948,Averon,НПК АВЕРОН,ВТУЛКА 1.0 ШГВ,1948,1948,1,"Cтолы, светильники, вытяжки, боксы / Автономные вытяжки для работы с пылью, газами и для CAD-CAM систем. Циклоны, прочие фильтры / Принадлежности для вытяжных каналов",Для быстрого присоединения вытяжного шланга ШГВ 1.х,https://www.averon.ru/upload/iblock/367/9tuor844z8lmep84feiokyqm6ra3xkru.jpg,1,OFFICIAL_BRAND_SHOP_IN_ALMATY,KZ_SKU_EVIDENCE_REQUIRED,https://www.averon.ru/catalog/Prinadlejnosti_dlya_v_tyajn_h_kanalov/vtulka_1_0_shgv/
AVERON-13876,Averon,НПК АВЕРОН,ВТУЛКА 3.2 ДРИМ,13876,13876,1,"Cтолы, светильники, вытяжки, боксы / Мобильные столы на платформах ДРИМ, ШТАТИВ АРТ, УПЗ 7.2. Подкатные столики СПП / Платформа СЗТ ДРИМ. Индивидуальные рабочие места",Адаптер для подключения внешней вытяжки к столу СЗТ 3.2 ДРИМ,https://www.averon.ru/upload/iblock/77e/o21hqzr7xw6txnn0yovpwh5ut1vxdzq0.png,1,OFFICIAL_BRAND_SHOP_IN_ALMATY,KZ_SKU_EVIDENCE_REQUIRED,https://www.averon.ru/catalog/platforma_szt_drim_individual__rabochie_mesta/vtulka_3_2_drim/
AVERON-3084,Averon,НПК АВЕРОН,ВТУЛКА 6.0 СТУЛ,3084,3084,1,"Cтолы, светильники, вытяжки, боксы / Столы зубного техника на платформе СЗТ 4.3. Стулья. Элементы системы хранения",Втулки для увеличения на 60 мм высоты сидения в стульях ФОЛК.,https://www.averon.ru/upload/iblock/6e1/9hpahli6tb926ln82ntpy08e1liua41w.jpg,1,OFFICIAL_BRAND_SHOP_IN_ALMATY,KZ_SKU_EVIDENCE_REQUIRED,https://www.averon.ru/catalog/stol_serii_master_element_sistem_hraneniya_stulya/vtulka_6_0_stul/
AVERON-14752,Averon,НПК АВЕРОН,ВЫКЛЮЧАТЕЛЬ 1.0 УПЗ,14752,14752,1,"Cтолы, светильники, вытяжки, боксы / Электроника для рабочих мест","Проводной пульт для дистанционного включения / выключения вытяжек серий УПЗ 5.0, УПЗ 7.2, УПЗ 1.3 СТАЙЕР, МВ 3.2 НЬЮ",https://www.averon.ru/upload/iblock/649/06inqp6zbb9u1ij82h1kcj35jhiqhhgv.png,1,OFFICIAL_BRAND_SHOP_IN_ALMATY,KZ_SKU_EVIDENCE_REQUIRED,https://www.averon.ru/catalog/elektronika_dlya_rabochih_mest/v-_kliuchatel__1_0_upz/
AVERON-14899,Averon,НПК АВЕРОН,ВЫКЛЮЧАТЕЛЬ 1.0 ФРИ,14899,14899,1,"Cтолы, светильники, вытяжки, боксы / Электроника для рабочих мест","Интеллектуальный беспроводный выключатель для дистанционного (радиоканал) управления вытяжками, светильниками",https://www.averon.ru/upload/iblock/7b1/gd24h3m8vol45l4e5abughhpv7ix1x49.jpg,1,OFFICIAL_BRAND_SHOP_IN_ALMATY,KZ_SKU_EVIDENCE_REQUIRED,https://www.averon.ru/catalog/elektronika_dlya_rabochih_mest/v-_kliuchatel__1_0_fri/
AVERON-13986,Averon,НПК АВЕРОН,ГАМАК 1.0 КОМФОРТ,13986,13986,1,"Cтолы, светильники, вытяжки, боксы / Столы зубного техника на платформе СЗТ 4.3. Стулья. Элементы системы хранения / Серии МАСТЕР и ЮНГА","Подвесной гамак для ног - полезная принадлежность, совместимая с зуботехническими столами серий МАСТЕР, ЮНГА Гамак обеспечивает быстрое снятие усталости, улучшение кровообращения ног, способствует повышению производительности",https://www.averon.ru/upload/iblock/cb3/oazoyndby01xw7774nrzfuba4j2djasx.jpg,1,OFFICIAL_BRAND_SHOP_IN_ALMATY,KZ_SKU_EVIDENCE_REQUIRED,https://www.averon.ru/catalog/serii_master_i_iunga/gamak_1_0_komfort/
AVERON-8965,Averon,НПК АВЕРОН,Гипсовочная лаборатория ЛАЙТ,8965,8965,1,Готовые решения / Гипсовочная лаборатория,Гипсовочная лаборатория ЛАЙТ Доступно левое и правое расположение раковины СУЛ 9.3 МОЙКА по выбору клиента,https://www.averon.ru/upload/iblock/d38/73i1kj2ibun3hbg13yt63767y5bvpg0a.png,1,OFFICIAL_BRAND_SHOP_IN_ALMATY,KZ_SKU_EVIDENCE_REQUIRED,https://www.averon.ru/catalog/gipsovochnaya_laboratoriya/gipsovochnaya_laboratoriya_layt/
AVERON-8963,Averon,НПК АВЕРОН,Гипсовочная лаборатория МАКСИ,8963,8963,1,Готовые решения / Гипсовочная лаборатория,Гипсовочная лаборатория МАКСИ Доступно левое и правое расположение раковины СУЛ 9.3 МОЙКА по выбору клиента,https://www.averon.ru/upload/iblock/2ae/18b2w7jxlicgpai6rrh2pdzjr684gbul.png,1,OFFICIAL_BRAND_SHOP_IN_ALMATY,KZ_SKU_EVIDENCE_REQUIRED,https://www.averon.ru/catalog/gipsovochnaya_laboratoriya/gipsovochnaya_laboratoriya_maksi/
AVERON-8964,Averon,НПК АВЕРОН,Гипсовочная лаборатория МИДЛ,8964,8964,1,Готовые решения / Гипсовочная лаборатория,Гипсовочная лаборатория МИДЛ Доступно левое и правое расположение раковины СУЛ 9.3 МОЙКА по выбору клиента,https://www.averon.ru/upload/iblock/3f2/8ojyxwaw8kecdmtmbzrend1v0jxd91w7.png,1,OFFICIAL_BRAND_SHOP_IN_ALMATY,KZ_SKU_EVIDENCE_REQUIRED,https://www.averon.ru/catalog/gipsovochnaya_laboratoriya/gipsovochnaya_laboratoriya_midl/
AVERON-6241,Averon,НПК АВЕРОН,Гипсовочная лаборатория с мокрым триммером без мебели,6241,6241,1,Готовые решения / Гипсовочная лаборатория,Гипсовочная лаборатория с мокрым триммером (без мебели).,https://www.averon.ru/upload/iblock/5a6/jr9ue56rd533r9keov0p4uc6jsf9lzxe.jpg,1,OFFICIAL_BRAND_SHOP_IN_ALMATY,KZ_SKU_EVIDENCE_REQUIRED,https://www.averon.ru/catalog/gipsovochnaya_laboratoriya/gipsovochnaya_laboratoriya_s_mokr_m_trimmerom_bez_mebeli/
AVERON-6239,Averon,НПК АВЕРОН,Гипсовочная лаборатория с мокрым триммером и мебелью,6239,6239,1,Готовые решения / Гипсовочная лаборатория,Гипсовочная лаборатория с мебелью.,https://www.averon.ru/upload/iblock/99a/yuiv785k09hlk44dmym5cn67doelj1n6.jpg,1,OFFICIAL_BRAND_SHOP_IN_ALMATY,KZ_SKU_EVIDENCE_REQUIRED,https://www.averon.ru/catalog/gipsovochnaya_laboratoriya/gipsovochnaya_laboratoriya_s_mokr_m_trimmerom_i_mebel__iu/
AVERON-6240,Averon,НПК АВЕРОН,Гипсовочная лаборатория с сухим триммером без мебели,6240,6240,1,Готовые решения / Гипсовочная лаборатория,Гипсовочная лаборатория с сухим триммером (без мебели).,https://www.averon.ru/upload/iblock/29b/bj5swflojsjs3u2tuubt0rh1ougiofrl.jpg,1,OFFICIAL_BRAND_SHOP_IN_ALMATY,KZ_SKU_EVIDENCE_REQUIRED,https://www.averon.ru/catalog/gipsovochnaya_laboratoriya/gipsovochnaya_laboratoriya_s_suhim_trimmerom_bez_mebeli/
AVERON-2832,Averon,НПК АВЕРОН,ГНЕЗДО 6.0,2832,2832,1,"Cтолы, светильники, вытяжки, боксы / Системы БРИДЖ и ВЕРТИКАЛЬ для столов МАСТЕР, ЭЛЕМЕНТ, СУЛ 9.3. Произвольные конфигурации рабочих мест / Система хранения ВЕРТИКАЛЬ",Основной элемент многоуровневой системы хранения ВЕРТИКАЛЬ. Пазы с посадочным шагом 60 мм для навешивания до двух держателей и подставок АВЕРОН. Два магнита для инструментов,https://www.averon.ru/upload/iblock/ad3/51l6ayse6wd1uqsoojzd2xfymwacihvw.jpg,1,OFFICIAL_BRAND_SHOP_IN_ALMATY,KZ_SKU_EVIDENCE_REQUIRED,https://www.averon.ru/catalog/sistema_elementov_vertikal_/gnezdo_6_0/
AVERON-12311,Averon,НПК АВЕРОН,ГНЕЗДО 6.1,12311,12311,1,Уцененное оборудование,"Элемент системы хранения ВЕРТИКАЛЬ, организация гнезд 60 мм для навешивания полезных мелочей (держатели, подставки) на ТРУБА 80.0, а также на стойки-опоры светильников серии ЛЮКС 1.х",https://www.averon.ru/upload/iblock/77b/f765x0b6h3yhessyzn5vf7o58i83fijz.png,1,OFFICIAL_BRAND_SHOP_IN_ALMATY,KZ_SKU_EVIDENCE_REQUIRED,https://www.averon.ru/catalog/ucenyonnoe_oborudovanie/gnezdo_6_1/
AVERON-6226,Averon,НПК АВЕРОН,Горячая полимеризация пластмасс (без мебели),6226,6226,1,Готовые решения / Полимеризация,Горячая полимеризация пластмасс (без мебели).,https://www.averon.ru/upload/iblock/483/fvcl0csfblgp1e283zdez3pjkuoefxu1.jpg,1,OFFICIAL_BRAND_SHOP_IN_ALMATY,KZ_SKU_EVIDENCE_REQUIRED,https://www.averon.ru/catalog/polimerizaciya/goryachaya_polimerizaciya_plastmass_bez_mebeli/
AVERON-6224,Averon,НПК АВЕРОН,Горячая полимеризация пластмасс (с мебелью),6224,6224,1,Готовые решения / Полимеризация,Горячая полимеризация пластмасс (с мебелью).,https://www.averon.ru/upload/iblock/af3/2h5l3fffnyfq31ku21116rn0xf0zkjjm.jpg,1,OFFICIAL_BRAND_SHOP_IN_ALMATY,KZ_SKU_EVIDENCE_REQUIRED,https://www.averon.ru/catalog/polimerizaciya/goryachaya_polimerizaciya_plastmass_s_mebel__iu/
AVERON-1638,Averon,НПК АВЕРОН,ГРИФЕЛЬ 1.0,1638,1638,1,Фрезеры зуботехнические,Грифеледержатель,https://www.averon.ru/upload/iblock/90c/ojeisklhgcach9st6hiy0xlzecm7ovwd.jpg,1,OFFICIAL_BRAND_SHOP_IN_ALMATY,KZ_SKU_EVIDENCE_REQUIRED,https://www.averon.ru/catalog/frezera_zubotehnicheskie/grifel___1_0/
AVERON-1954,Averon,НПК АВЕРОН,ДЕРЖАТЕЛЬ 1.0 ГРИН,1954,1954,1,"Cтолы, светильники, вытяжки, боксы / Полезные мелочи, принадлежности общего применения","Кронштейн для установки цветочных горшков на столы МАСТЕР, ЮНГА, ЭЛЕМЕНТ, СУЛ 9.х",https://www.averon.ru/upload/iblock/9d7/ia5m5vj1eidqm9q9x5baog19nb7tu9eo.jpg,1,OFFICIAL_BRAND_SHOP_IN_ALMATY,KZ_SKU_EVIDENCE_REQUIRED,https://www.averon.ru/catalog/polezmelochi_dlya_rabochih_mest/derjatel___1_0_grin/
AVERON-2007,Averon,НПК АВЕРОН,ДЕРЖАТЕЛЬ 1.0 ИГЛА,2007,2007,1,Оборудование для терапии,Держатель игольчатого электрода ИГЛА 1.0,https://www.averon.ru/upload/iblock/209/2do38h06qcibidreeak8plk5eqpo28co.jpg,1,OFFICIAL_BRAND_SHOP_IN_ALMATY,KZ_SKU_EVIDENCE_REQUIRED,https://www.averon.ru/catalog/terapevticheskoe_oborudovanie/derjatel___1_0_igla/
AVERON-1943,Averon,НПК АВЕРОН,ДЕРЖАТЕЛЬ 1.0 КОРЗИНА,1943,1943,1,Уцененное оборудование,Специализированный держатель корзины ЛОТОК 1.0 КОРЗИНА Посадочные гнезда с шагом 60 мм,https://www.averon.ru/upload/iblock/941/jo0vqle20h1gsqhg58pgi4629zf849vi.jpg,1,OFFICIAL_BRAND_SHOP_IN_ALMATY,KZ_SKU_EVIDENCE_REQUIRED,https://www.averon.ru/catalog/ucenyonnoe_oborudovanie/derzhatel_1_0_korzina/
AVERON-2032,Averon,НПК АВЕРОН,ДЕРЖАТЕЛЬ 1.0 КОРОНКА,2032,2032,1,Инструменты и принадлежности,Инструмент для удержания коронки при работе с керамическими массами,https://www.averon.ru/upload/iblock/6f0/50kbcerc38i20trhg2ghljtne3lcrwco.jpg,1,OFFICIAL_BRAND_SHOP_IN_ALMATY,KZ_SKU_EVIDENCE_REQUIRED,https://www.averon.ru/catalog/instrument__i_prinadlejnosti/derzhatel_1_0_koronka/
AVERON-12286,Averon,НПК АВЕРОН,ДЕРЖАТЕЛЬ 1.0 ПРОВОД,12286,12286,1,"Cтолы, светильники, вытяжки, боксы / Полезные мелочи, принадлежности общего применения",Для укладки избыточной длины сетевого кабеля и прочих проводов Магнитная фиксация,https://www.averon.ru/upload/iblock/168/2gh76sa8urwx0snji6x219f7owac57yy.png,1,OFFICIAL_BRAND_SHOP_IN_ALMATY,KZ_SKU_EVIDENCE_REQUIRED,https://www.averon.ru/catalog/polezmelochi_dlya_rabochih_mest/derjatel__1_0_provod/
AVERON-8816,Averon,НПК АВЕРОН,ДЕРЖАТЕЛЬ 1.0 РУЛОН,8816,8816,1,"Cтолы, светильники, вытяжки, боксы / Полезные мелочи, принадлежности общего применения",Держатель рулонных бумажных полотенец для рабочих мест АВЕРОН Фиксация в унифицированные гнезда с шагом 60 или 140 мм,https://www.averon.ru/upload/iblock/3a3/mzkcryayg192su03hw99y0jjab4lqkgh.png,1,OFFICIAL_BRAND_SHOP_IN_ALMATY,KZ_SKU_EVIDENCE_REQUIRED,https://www.averon.ru/catalog/polezmelochi_dlya_rabochih_mest/derjatel___1_0_rulon/
AVERON-1944,Averon,НПК АВЕРОН,ДЕРЖАТЕЛЬ 1.0 СТАКАН,1944,1944,1,"Cтолы, светильники, вытяжки, боксы / Полезные мелочи, принадлежности общего применения",Навесной держатель для СТАКАН 1.0 или для одноразовых стаканчиков.,https://www.averon.ru/upload/iblock/06d/snjgain80ql1u4n02z97woaubimgzavf.jpg,1,OFFICIAL_BRAND_SHOP_IN_ALMATY,KZ_SKU_EVIDENCE_REQUIRED,https://www.averon.ru/catalog/polezmelochi_dlya_rabochih_mest/derzhatel_1_0_stakan/
AVERON-8841,Averon,НПК АВЕРОН,ДЕРЖАТЕЛЬ 1.0 ТРУБА,8841,8841,1,"Cтолы, светильники, вытяжки, боксы / Системы БРИДЖ и ВЕРТИКАЛЬ для столов МАСТЕР, ЭЛЕМЕНТ, СУЛ 9.3. Произвольные конфигурации рабочих мест / Система хранения ВЕРТИКАЛЬ",Многофункциональный держатель для стационарной установки на горизонтальную поверхность стойку-трубу ТРУБА 80.0 или стойку светильника серии ЛЮКС 1.х Основной элемент системы хранения ВЕРТИКАЛЬ,https://www.averon.ru/upload/iblock/5aa/fgwd1tqpv5yfs04tijz91gmwo9wr05kb.png,1,OFFICIAL_BRAND_SHOP_IN_ALMATY,KZ_SKU_EVIDENCE_REQUIRED,https://www.averon.ru/catalog/sistema_elementov_vertikal_/derjatel___1_0_truba/
AVERON-9486,Averon,НПК АВЕРОН,ДЕРЖАТЕЛЬ 1.0 ТРУБА ВЕРТИКАЛЬ,9486,9486,1,"Cтолы, светильники, вытяжки, боксы / Системы БРИДЖ и ВЕРТИКАЛЬ для столов МАСТЕР, ЭЛЕМЕНТ, СУЛ 9.3. Произвольные конфигурации рабочих мест / Система хранения ВЕРТИКАЛЬ",Держатель для стационарной установки на вертикальную поверхность стойки-трубы ТРУБА 80.0 или стойки светильника серии ЛЮКС 1.х Элемент системы хранения ВЕРТИКАЛЬ,https://www.averon.ru/upload/iblock/f50/picyvw8lnfoivrsbvkfxk9medyvul189.png,1,OFFICIAL_BRAND_SHOP_IN_ALMATY,KZ_SKU_EVIDENCE_REQUIRED,https://www.averon.ru/catalog/sistema_elementov_vertikal_/derjatel__1_0_truba_vertikal_/
AVERON-12686,Averon,НПК АВЕРОН,ДЕРЖАТЕЛЬ 1.0 ШГВ,12686,12686,1,"Cтолы, светильники, вытяжки, боксы / Полезные мелочи, принадлежности общего применения",Приспособление для удержания гофрированных шлангов ШГВ в свёрнутом положении,https://www.averon.ru/upload/iblock/29a/qktocscr5wkffa9aoy5b6ky22yrlq2ut.png,1,OFFICIAL_BRAND_SHOP_IN_ALMATY,KZ_SKU_EVIDENCE_REQUIRED,https://www.averon.ru/catalog/polezmelochi_dlya_rabochih_mest/derjatel__1_0_shgv/
AVERON-12622,Averon,НПК АВЕРОН,ДЕРЖАТЕЛЬ 1.1 РУЛОН,12622,12622,1,"Cтолы, светильники, вытяжки, боксы / Полезные мелочи, принадлежности общего применения",Держатель рулонных бумажных полотенец для рабочих мест АВЕРОН Фиксация в унифицированные гнезда с шагом 60 или 140 мм,https://www.averon.ru/upload/iblock/771/qsaqh2paaqipu0zb15vyl4e2qndw9vju.png,1,OFFICIAL_BRAND_SHOP_IN_ALMATY,KZ_SKU_EVIDENCE_REQUIRED,https://www.averon.ru/catalog/polezmelochi_dlya_rabochih_mest/derjatel__1_1_rulon/
AVERON-9833,Averon,НПК АВЕРОН,ДЕРЖАТЕЛЬ 2.0 КОРЗИНА,9833,9833,1,Уцененное оборудование,Многофункциональный держатель корзины в комплекте с ЛОТОК 1.0 КОРЗИНА Основной элемент системы хранения ВЕРТИКАЛЬ,https://www.averon.ru/upload/iblock/a91/hasd32a92wz2twx6frpwithhyeygeeeq.png,1,OFFICIAL_BRAND_SHOP_IN_ALMATY,KZ_SKU_EVIDENCE_REQUIRED,https://www.averon.ru/catalog/ucenyonnoe_oborudovanie/derjatel__2_0_korzina/
AVERON-8805,Averon,НПК АВЕРОН,ДЕРЖАТЕЛЬ 2.0 КОРОНКА,8805,8805,1,Инструменты и принадлежности,Инструмент для удержания коронки изнутри при облицовке керамическими массами,https://www.averon.ru/upload/iblock/6b3/b4j94sotzgup1ik2ndnsx1h8qf9sp4rd.jpg,1,OFFICIAL_BRAND_SHOP_IN_ALMATY,KZ_SKU_EVIDENCE_REQUIRED,https://www.averon.ru/catalog/instrument__i_prinadlejnosti/derjatel___2_0_koronka/
AVERON-5661,Averon,НПК АВЕРОН,ДЕРЖАТЕЛЬ 2.0 СТАКАН,5661,5661,1,"Cтолы, светильники, вытяжки, боксы / Полезные мелочи, принадлежности общего применения","Навесной держатель стакана В комплекте одноразовые стаканы с логотипом АВЕРОН Серия ""Полезные мелочи""",https://www.averon.ru/upload/iblock/b78/3s2zbbjphwtit13u4zazrgcnsuwbjhx1.jpg,1,OFFICIAL_BRAND_SHOP_IN_ALMATY,KZ_SKU_EVIDENCE_REQUIRED,https://www.averon.ru/catalog/polezmelochi_dlya_rabochih_mest/derjatel___2_0_stakan/
AVERON-12598,Averon,НПК АВЕРОН,ДЕРЖАТЕЛЬ 2.1 КОРЗИНА,12598,12598,1,"Cтолы, светильники, вытяжки, боксы / Системы БРИДЖ и ВЕРТИКАЛЬ для столов МАСТЕР, ЭЛЕМЕНТ, СУЛ 9.3. Произвольные конфигурации рабочих мест / Система хранения ВЕРТИКАЛЬ",Универсальный держатель корзины Корзина в комплекте Элемент системы хранения ВЕРТИКАЛЬ,https://www.averon.ru/upload/iblock/dd2/3cfmksrn5dlcf7s7nz9rh1n14pj55zsg.png,1,OFFICIAL_BRAND_SHOP_IN_ALMATY,KZ_SKU_EVIDENCE_REQUIRED,https://www.averon.ru/catalog/sistema_elementov_vertikal_/derjatel__2_1_korzina/
AVERON-5303,Averon,НПК АВЕРОН,ДЕРЖАТЕЛЬ-РАМКА 1.0 ТРЭШ,5303,5303,1,"Cтолы, светильники, вытяжки, боксы / Полезные мелочи, принадлежности общего применения",Держатель пакетов для отходов,https://www.averon.ru/upload/iblock/d5d/r39k1nie5zf6x1qayajroysbo6c2dgai.jpg,1,OFFICIAL_BRAND_SHOP_IN_ALMATY,KZ_SKU_EVIDENCE_REQUIRED,https://www.averon.ru/catalog/polezmelochi_dlya_rabochih_mest/derjatel__ramka_1_0_tresh/
AVERON-1757,Averon,НПК АВЕРОН,ДИСК 1.0 АЛМАЗ,1757,1757,1,Оборудование для изготовления моделей,Диск с алмазным покрытием для ТРИММЕР 2.х.,https://www.averon.ru/upload/iblock/a93/cet3cvw1u1bszkxd5xm1b1sffub88el0.jpg,1,OFFICIAL_BRAND_SHOP_IN_ALMATY,KZ_SKU_EVIDENCE_REQUIRED,https://www.averon.ru/catalog/oborudovanie_dlya_izgotovleniya_modeley/disk_1_0_almaz/
AVERON-1756,Averon,НПК АВЕРОН,ДИСК 1.0 КАРБОРУНД,1756,1756,1,Оборудование для изготовления моделей,"Диск карборундовый для ТРИММЕР 1.0, ТРИММЕР 1.0 АРТ, ТРИММЕР 1.2 ПЛЮС",https://www.averon.ru/upload/iblock/e23/iumis52xe4hg270928r2pbyto2rle8x0.jpg,1,OFFICIAL_BRAND_SHOP_IN_ALMATY,KZ_SKU_EVIDENCE_REQUIRED,https://www.averon.ru/catalog/oborudovanie_dlya_izgotovleniya_modeley/disk_1_0_karborund/
AVERON-9537,Averon,НПК АВЕРОН,ДИСК 1.0 ФЛЕКС,9537,9537,1,Оборудование для изготовления моделей,"Абразивный диск для ТРИММЕР 1.0 / 1.1 / 1.2 АРТ Состав: опорный алюминиевый диск (диаметр 250 мм, толщина 4 мм), 5 самоклеящихся абразивных накладок (зернистость Р80) Одна накладка уже приклеена к опорному диску",https://www.averon.ru/upload/iblock/72f/wod4cg3uco3kuzkw6x8usacil3nympo3.jpg,1,OFFICIAL_BRAND_SHOP_IN_ALMATY,KZ_SKU_EVIDENCE_REQUIRED,https://www.averon.ru/catalog/oborudovanie_dlya_izgotovleniya_modeley/disk_1_0_fleks/
AVERON-14744,Averon,НПК АВЕРОН,ДИСК 1.0 ФЛЕКС М,14744,14744,1,Оборудование для изготовления моделей,"Абразивный диск для ТРИММЕР 1.2 АРТ М, 1.2 ПЛЮС, Состав: опорный алюминиевый диск (диаметр 250 мм, толщина 6 мм), 5 самоклеящихся абразивных накладок (зернистость Р80) Одна накладка уже приклеена к опорному диску",https://www.averon.ru/upload/iblock/298/45mhgk62hp346sa0euxmk8vrfr9pex7e.png,1,OFFICIAL_BRAND_SHOP_IN_ALMATY,KZ_SKU_EVIDENCE_REQUIRED,https://www.averon.ru/catalog/oborudovanie_dlya_izgotovleniya_modeley/disk_1_0_fleks_m/
AVERON-1740,Averon,НПК АВЕРОН,ДОЗАТОР 0.5,1740,1740,1,Оборудование для изготовления моделей,Для дозирования жидкости при заливке гипса и паковочных масс. Емкость 500 мл.,https://www.averon.ru/upload/iblock/4ce/eo2f1zmv9fj2du9gd4eaqgja7xky4hmr.jpg,1,OFFICIAL_BRAND_SHOP_IN_ALMATY,KZ_SKU_EVIDENCE_REQUIRED,https://www.averon.ru/catalog/oborudovanie_dlya_izgotovleniya_modeley/dozator_0_5/
AVERON-1741,Averon,НПК АВЕРОН,ДОЗАТОР 0.5 ПЛЮС,1741,1741,1,Оборудование для изготовления моделей,Для дозирования жидкости при заливке гипса и паковочных масс. Емкость 500 мл.,https://www.averon.ru/upload/iblock/421/f3bge2m26oblvefqht0ipoi1k767eq2p.jpg,1,OFFICIAL_BRAND_SHOP_IN_ALMATY,KZ_SKU_EVIDENCE_REQUIRED,https://www.averon.ru/catalog/oborudovanie_dlya_izgotovleniya_modeley/dozator_0_5_plius/
AVERON-2025,Averon,НПК АВЕРОН,ДОЗАТОР 1.0 КЕРАМИКА,2025,2025,1,Инструменты и принадлежности,Дозатор для керамических масс,https://www.averon.ru/upload/iblock/f41/aigo03zzn6waklh219492gg0y2pzhxft.jpg,1,OFFICIAL_BRAND_SHOP_IN_ALMATY,KZ_SKU_EVIDENCE_REQUIRED,https://www.averon.ru/catalog/instrument__i_prinadlejnosti/dozator_1_0_keramika/
AVERON-1747,Averon,НПК АВЕРОН,ЕС 0.25,1747,1747,1,Оборудование для изготовления моделей,Емкость для смешивания 0.25 л Механизм сцепления - под шлиц,https://www.averon.ru/upload/iblock/5a4/p3rq3hq47i2eonswgx0zij9t7f9u8um0.jpg,1,OFFICIAL_BRAND_SHOP_IN_ALMATY,KZ_SKU_EVIDENCE_REQUIRED,https://www.averon.ru/catalog/oborudovanie_dlya_izgotovleniya_modeley/es_0_25/
AVERON-1748,Averon,НПК АВЕРОН,ЕС 0.25 М,1748,1748,1,Оборудование для изготовления моделей,"Емкость для смешивания 0,25 л. Механизм сцепления - шестигранник",https://www.averon.ru/upload/iblock/098/3izhrleul04s75zxn2wgncxpi041j7fv.jpg,1,OFFICIAL_BRAND_SHOP_IN_ALMATY,KZ_SKU_EVIDENCE_REQUIRED,https://www.averon.ru/catalog/oborudovanie_dlya_izgotovleniya_modeley/es_0_25_m/
AVERON-1749,Averon,НПК АВЕРОН,ЕС 0.5,1749,1749,1,Оборудование для изготовления моделей,Емкость для смешивания 0.5 л. Механизм сцепления - под шлиц,https://www.averon.ru/upload/iblock/30d/dsp702kjo4q706ynuv7cmp4fezs8uo0v.jpg,1,OFFICIAL_BRAND_SHOP_IN_ALMATY,KZ_SKU_EVIDENCE_REQUIRED,https://www.averon.ru/catalog/oborudovanie_dlya_izgotovleniya_modeley/es_0_5/
AVERON-1750,Averon,НПК АВЕРОН,ЕС 0.5 М,1750,1750,1,Оборудование для изготовления моделей,"Емкость для смешивания 0,5 л. Механизм сцепления - шестигранник",https://www.averon.ru/upload/iblock/7a2/q3g4pd89my11hwh6hv5ei5pc2u3se710.jpg,1,OFFICIAL_BRAND_SHOP_IN_ALMATY,KZ_SKU_EVIDENCE_REQUIRED,https://www.averon.ru/catalog/oborudovanie_dlya_izgotovleniya_modeley/es_0_5_m/
AVERON-12280,Averon,НПК АВЕРОН,ЕС 0.5 МУ,12280,12280,1,Оборудование для изготовления моделей,"Емкость для смешивания 0,5 л Для вакуумных смесителей ВС Х.Х М, ВС 1.0 АВЕМИКС, СВЗ 1.х АРТ, СВЗ 1.х СТАРТ",https://www.averon.ru/upload/iblock/d6b/620hnkohr2vtno1qxjvc3s35j15uzs2e.jpg,1,OFFICIAL_BRAND_SHOP_IN_ALMATY,KZ_SKU_EVIDENCE_REQUIRED,https://www.averon.ru/catalog/oborudovanie_dlya_izgotovleniya_modeley/es_0_5_mu/
AVERON-12291,Averon,НПК АВЕРОН,ЕС 0.5 У,12291,12291,1,Оборудование для изготовления моделей,"Емкость для смешивания 0,5 л Для вакуумных смесителей старого образца ВС Х.Х со шлицевым соединением вала мешалки и приводного вала смесителя",https://www.averon.ru/upload/iblock/069/lbbn6h92mnpcdbvxpm2hkdmun4yibu8q.jpg,1,OFFICIAL_BRAND_SHOP_IN_ALMATY,KZ_SKU_EVIDENCE_REQUIRED,https://www.averon.ru/catalog/oborudovanie_dlya_izgotovleniya_modeley/es_0_5_u/
AVERON-1751,Averon,НПК АВЕРОН,ЕС 0.75,1751,1751,1,Оборудование для изготовления моделей,Емкость для смешивания 0.75 л. Механизм сцепления - под шлиц,https://www.averon.ru/upload/iblock/503/b26nsn1jb1syxqg8mnrdv9eoby6ftcf2.jpg,1,OFFICIAL_BRAND_SHOP_IN_ALMATY,KZ_SKU_EVIDENCE_REQUIRED,https://www.averon.ru/catalog/oborudovanie_dlya_izgotovleniya_modeley/es_0_75/
AVERON-1752,Averon,НПК АВЕРОН,ЕС 0.75 М,1752,1752,1,Оборудование для изготовления моделей,Емкость для смешивания 0.75 л Механизм сцепления - шестигранник,https://www.averon.ru/upload/iblock/399/4ppgtp3gidwomaopkpsq179bgtsyiafl.jpg,1,OFFICIAL_BRAND_SHOP_IN_ALMATY,KZ_SKU_EVIDENCE_REQUIRED,https://www.averon.ru/catalog/oborudovanie_dlya_izgotovleniya_modeley/es_0_75_m/
AVERON-1920,Averon,НПК АВЕРОН,ЗАГЛУШКА 8.0 ПНЕВМО,1920,1920,1,"Cтолы, светильники, вытяжки, боксы / Пневматика для рабочих мест",Заглушка на 8мм,https://www.averon.ru/upload/iblock/ef8/j13vfujny9l1v8ex0k6a2kyyl58u9g22.jpg,1,OFFICIAL_BRAND_SHOP_IN_ALMATY,KZ_SKU_EVIDENCE_REQUIRED,https://www.averon.ru/catalog/elektron_ustroystva_dlya_rabochih_mest/zaglushka_8_0_pnevmo/
AVERON-2006,Averon,НПК АВЕРОН,ЗАГУБНИК 1.0,2006,2006,1,Оборудование для терапии,Загубник для апекслокатора ОВК,https://www.averon.ru/upload/iblock/5cb/k29t11nb6pf0phg2ezuepv1b6tx6dyf9.jpg,1,OFFICIAL_BRAND_SHOP_IN_ALMATY,KZ_SKU_EVIDENCE_REQUIRED,https://www.averon.ru/catalog/terapevticheskoe_oborudovanie/zagubnik_1_0/
AVERON-2010,Averon,НПК АВЕРОН,ЗАГУБНИК 2.0,2010,2010,1,Оборудование для терапии,Электрод-загубник для ЭНДО 1.0 МОДИС,https://www.averon.ru/upload/iblock/cb3/7ujrkbdanu44mb9erj47moan425s526v.jpg,1,OFFICIAL_BRAND_SHOP_IN_ALMATY,KZ_SKU_EVIDENCE_REQUIRED,https://www.averon.ru/catalog/terapevticheskoe_oborudovanie/zagubnik_2_0/
AVERON-2008,Averon,НПК АВЕРОН,ЗАЖИМ 1.0,2008,2008,1,Оборудование для терапии,Электрод-зажим для апекслокатора ОВК,https://www.averon.ru/upload/iblock/0ff/5ghpszn6t0uhtsxfyge2ddt5hs0dtagn.jpg,1,OFFICIAL_BRAND_SHOP_IN_ALMATY,KZ_SKU_EVIDENCE_REQUIRED,https://www.averon.ru/catalog/terapevticheskoe_oborudovanie/zajim_1_0/
AVERON-14125,Averon,НПК АВЕРОН,ЗАСЛОНКА 1.0 КАНАЛ,14125,14125,1,"Cтолы, светильники, вытяжки, боксы / Полезные мелочи, принадлежности общего применения","Регулируемая заслонка верхнего вытяжного канала Для СЗТ 3.2 ДРИМ и Б 5.0 МАСТЕР ЭКО, Б 5.0 МАСТЕР СТАРТ",https://www.averon.ru/upload/iblock/0a8/n6cdrhbv4oyq85rf1gj4zy0fbzbrfdp2.jpg,1,OFFICIAL_BRAND_SHOP_IN_ALMATY,KZ_SKU_EVIDENCE_REQUIRED,https://www.averon.ru/catalog/polezmelochi_dlya_rabochih_mest/zaslonka_1_0_kanal/
AVERON-2005,Averon,НПК АВЕРОН,ЗОНД 1.0,2005,2005,1,Оборудование для терапии,Общий электрод-зонд для АОК/ОСП,https://www.averon.ru/upload/iblock/2a7/lbam73j938a4aeotgjon16p4jo7vm6ry.jpg,1,OFFICIAL_BRAND_SHOP_IN_ALMATY,KZ_SKU_EVIDENCE_REQUIRED,https://www.averon.ru/catalog/terapevticheskoe_oborudovanie/zond_1_0/
AVERON-1773,Averon,НПК АВЕРОН,ЗОНТ 11.1 ЭМП,1773,1773,1,Литейное оборудование,Вытяжной зонт для муфельной печи ЭМП 11.1 НЬЮ,https://www.averon.ru/upload/iblock/163/6a4c0x8nj8silarb4y152j6623wfaard.jpg,1,OFFICIAL_BRAND_SHOP_IN_ALMATY,KZ_SKU_EVIDENCE_REQUIRED,https://www.averon.ru/catalog/liteynoe_oborudovanie/zont_11_1_emp/
AVERON-1775,Averon,НПК АВЕРОН,ЗОНТ 11.6 ЭМП,1775,1775,1,Литейное оборудование,Вытяжной зонт для муфельной печи ЭМП 11.6 НЬЮ,https://www.averon.ru/upload/iblock/78c/m3hj85s9k85tu3k6977ubrxbbem3qsqk.png,1,OFFICIAL_BRAND_SHOP_IN_ALMATY,KZ_SKU_EVIDENCE_REQUIRED,https://www.averon.ru/catalog/liteynoe_oborudovanie/zont_11_6_emp/
AVERON-1774,Averon,НПК АВЕРОН,ЗОНТ 2.1 ЭПС,1774,1774,1,Литейное оборудование,Вытяжной зонт для сушильной печи ЭПС 2.1 М,https://www.averon.ru/upload/iblock/482/aotqkzzvjclfk2jkozr2ika3vvlf4dht.jpg,1,OFFICIAL_BRAND_SHOP_IN_ALMATY,KZ_SKU_EVIDENCE_REQUIRED,https://www.averon.ru/catalog/liteynoe_oborudovanie/zont_2_1_eps/
AVERON-12167,Averon,НПК АВЕРОН,ЗОНТ 2.2 АПИК,12167,12167,1,Паяльное оборудование / Системы очистки воздуха,Вытяжной зонт для печи АПИК 2.2 АРТ,https://www.averon.ru/upload/iblock/ec3/couigm1ieo9kyh175ljwnfqtwoh7ugsy.jpg,1,OFFICIAL_BRAND_SHOP_IN_ALMATY,KZ_SKU_EVIDENCE_REQUIRED,https://www.averon.ru/catalog/air_purification_systems/zont_2_2_apik/
AVERON-13908,Averon,НПК АВЕРОН,ЗОНТ 3.0 ТЕРМОПРЕСС,13908,13908,1,Оборудование для изготовления протезов / Термолитьевое прессование,Вытяжной зонт для аппарата ТЕРМОПРЕСС 3.0 НЬЮ М Локализация и отвод острых запахов при изготовлении пластиночных протезов методом термолитьевого прессования,https://www.averon.ru/upload/iblock/0e0/73pa0zpus9z2rdtdbd45etq1rudjokcx.jpg,1,OFFICIAL_BRAND_SHOP_IN_ALMATY,KZ_SKU_EVIDENCE_REQUIRED,https://www.averon.ru/catalog/termolit_evoe_pressovanie_/zont_3_0_termopress/
AVERON-1654,Averon,НПК АВЕРОН,ЗПП 2.0,1654,1654,1,Пескоструйные аппараты / Система АСОЗ ПЛЮС,Износостойкая защитная пленка для смотрового стекла АСОЗ,https://www.averon.ru/upload/iblock/095/2z4s2bzp214p6buzdjherre4ilfh6cxx.jpg,1,OFFICIAL_BRAND_SHOP_IN_ALMATY,KZ_SKU_EVIDENCE_REQUIRED,https://www.averon.ru/catalog/system_asoz_plus/zpp_2_0/
AVERON-14634,Averon,НПК АВЕРОН,ЗТЛ 12. Однопользовательская версия,14634,14634,1,Программа для зуботехнической лаборатории,Программа предназначена для автоматизации учета и делопроизводства в малых зуботехнических лабораториях до 5 зубных техников,https://www.averon.ru/upload/iblock/60a/qarxouh3uyzodfy0v432ms52jg8aqmt8.png,1,OFFICIAL_BRAND_SHOP_IN_ALMATY,KZ_SKU_EVIDENCE_REQUIRED,https://www.averon.ru/catalog/programma_dlya_zubotehnicheskoy_laboratorii/ztl_12_oneuser_version/
AVERON-14635,Averon,НПК АВЕРОН,ЗТЛ 12. Однопользовательская версия ПЛЮС,14635,14635,1,Программа для зуботехнической лаборатории,Программа предназначена для автоматизации учета и делопроизводства в малых зуботехнических лабораториях до 10 зубных техников,https://www.averon.ru/upload/iblock/55d/c3hf59ao6z440lp48pre7op14cay8o2c.png,1,OFFICIAL_BRAND_SHOP_IN_ALMATY,KZ_SKU_EVIDENCE_REQUIRED,https://www.averon.ru/catalog/programma_dlya_zubotehnicheskoy_laboratorii/ztl_12_oneuser_version_plus/
AVERON-14633,Averon,НПК АВЕРОН,ЗТЛ 12. Сетевая версия,14633,14633,1,Программа для зуботехнической лаборатории,Программа предназначена для автоматизации учета и делопроизводства в зуботехнической лаборатории до 10 зубных техников. Возможность работать в локальной сети,https://www.averon.ru/upload/iblock/735/1md053m7h6o5n60bwk87s57tdm4ssg7t.png,1,OFFICIAL_BRAND_SHOP_IN_ALMATY,KZ_SKU_EVIDENCE_REQUIRED,https://www.averon.ru/catalog/programma_dlya_zubotehnicheskoy_laboratorii/ztl_12_network_version/
AVERON-2617,Averon,НПК АВЕРОН,ЗТЛ. Лицензия ПЛЮС,2617,2617,1,Программа для зуботехнической лаборатории,Лицензионное соглашение об учете дополнительно 10 зубных техников в ЗТЛ любых версий,https://www.averon.ru/upload/iblock/3f3/db704j5r189iyacbm1tr2gdt5efp7rt4.png,1,OFFICIAL_BRAND_SHOP_IN_ALMATY,KZ_SKU_EVIDENCE_REQUIRED,https://www.averon.ru/catalog/programma_dlya_zubotehnicheskoy_laboratorii/po_ztl_litsenziya_plyus/
AVERON-2619,Averon,НПК АВЕРОН,ЗТЛ. Смена версии,2619,2619,1,Программа для зуботехнической лаборатории,"Лицензионное соглашение, позволяющее тем, кто приобрел однопользовательские версии ЗТЛ перейти на использование полной сетевой версии ЗТЛ. При этом добавляется +5 техников",https://www.averon.ru/upload/iblock/af0/m049kghwqxxk1di3u95illkrw1966wpq.png,1,OFFICIAL_BRAND_SHOP_IN_ALMATY,KZ_SKU_EVIDENCE_REQUIRED,https://www.averon.ru/catalog/programma_dlya_zubotehnicheskoy_laboratorii/po_ztl_smena_versii/
AVERON-2003,Averon,НПК АВЕРОН,ИГЛА 1.0,2003,2003,1,Оборудование для терапии,Материал для игольчатого электрода 20 см для ЭНДО,https://www.averon.ru/upload/iblock/6fd/us0507p0wp6nzanua9hk40l07b9ppj6l.jpg,1,OFFICIAL_BRAND_SHOP_IN_ALMATY,KZ_SKU_EVIDENCE_REQUIRED,https://www.averon.ru/catalog/terapevticheskoe_oborudovanie/igla_1_0/
AVERON-2009,Averon,НПК АВЕРОН,КАБЕЛЬ 1.0,2009,2009,1,Оборудование для терапии,"Кабель универсальный для ОВК 2.0 (апекслокатор), АОК 2.0, ОСП 1.1",https://www.averon.ru/upload/iblock/a04/ybzpc57dgbmva7iyb1v8pcdmahu23jas.jpg,1,OFFICIAL_BRAND_SHOP_IN_ALMATY,KZ_SKU_EVIDENCE_REQUIRED,https://www.averon.ru/catalog/terapevticheskoe_oborudovanie/kabel___1_0/
AVERON-2011,Averon,НПК АВЕРОН,КАБЕЛЬ 2.0,2011,2011,1,Оборудование для терапии,Кабель универсальный с разъемом USB,https://www.averon.ru/upload/iblock/4a0/ktx3o91cyuufmgdz5q086sp5xlv8dknx.jpg,1,OFFICIAL_BRAND_SHOP_IN_ALMATY,KZ_SKU_EVIDENCE_REQUIRED,https://www.averon.ru/catalog/terapevticheskoe_oborudovanie/kabel___2_0/
AVERON-13138,Averon,НПК АВЕРОН,КАБЕЛЬ КАМ-УПЗ 1.3 (imes-icore),13138,13138,1,Оборудование для CAD-CAM и 3D-печати,Соединительный кабель для подключения вытяжки УПЗ 1.3 СТАЙЕР ПЛЮС к фрезерному станку фирмы imes-icore,https://www.averon.ru/upload/iblock/5c3/61fokr5wm073ug8drx0vxfvq8k1dqrk6.jpg,1,OFFICIAL_BRAND_SHOP_IN_ALMATY,KZ_SKU_EVIDENCE_REQUIRED,https://www.averon.ru/catalog/oborudovanie_dlya_cad-cam/kabel__kam-upz_1_3_imes-icore/
AVERON-13139,Averon,НПК АВЕРОН,КАБЕЛЬ КАМ-УПЗ 2.3 (Roland),13139,13139,1,Оборудование для CAD-CAM и 3D-печати,Соединительный кабель для подключения вытяжки УПЗ 1.3 СТАЙЕР ПЛЮС к фрезерному станку фирмы Roland,https://www.averon.ru/upload/iblock/751/z1do5m3kxzzpvck5rpzxkz61ovuu0mk5.jpg,1,OFFICIAL_BRAND_SHOP_IN_ALMATY,KZ_SKU_EVIDENCE_REQUIRED,https://www.averon.ru/catalog/oborudovanie_dlya_cad-cam/kabel__kam-upz_2_3_roland/
AVERON-13577,Averon,НПК АВЕРОН,КАБЕЛЬ КАМ-УПЗ 3.0 (vhf K5),13577,13577,1,Оборудование для CAD-CAM и 3D-печати,"Интерфейсный кабель для подключения АДАПТЕР КАМ-УПЗ 1.0 к фрезерным станкам фирмы vhf, начиная с модели К5.",https://www.averon.ru/upload/iblock/8b8/c9tcqd4c4wmlikaxy2n9b1sdhrcwajf0.jpg,1,OFFICIAL_BRAND_SHOP_IN_ALMATY,KZ_SKU_EVIDENCE_REQUIRED,https://www.averon.ru/catalog/oborudovanie_dlya_cad-cam/kabel___kam-upz_3_0_vhf_k5/
AVERON-13140,Averon,НПК АВЕРОН,КАБЕЛЬ КАМ-УПЗ 3.3 (vhf K5),13140,13140,1,Оборудование для CAD-CAM и 3D-печати,"Соединительный кабель для подключения вытяжки УПЗ 1.3 СТАЙЕР ПЛЮС к фрезерному станку фирмы vhf, начиная с модели K5",https://www.averon.ru/upload/iblock/ae5/99ugeiow2e8zmp5hb25h57y94hpbva8j.jpg,1,OFFICIAL_BRAND_SHOP_IN_ALMATY,KZ_SKU_EVIDENCE_REQUIRED,https://www.averon.ru/catalog/oborudovanie_dlya_cad-cam/kabel__kam-upz_3_3_vhf_k5/
AVERON-13578,Averon,НПК АВЕРОН,КАБЕЛЬ КАМ-УПЗ 4.0 (Bloomden X5),13578,13578,1,Оборудование для CAD-CAM и 3D-печати,Интерфейсный кабель для подключения АДАПТЕР КАМ-УПЗ 1.0 к фрезерным станкам Bloomden X5,https://www.averon.ru/upload/iblock/88f/9jhaoodatxsscixvsvif8bekvv03p6x3.jpg,1,OFFICIAL_BRAND_SHOP_IN_ALMATY,KZ_SKU_EVIDENCE_REQUIRED,https://www.averon.ru/catalog/oborudovanie_dlya_cad-cam/kabel__kam-upz_4_0_bloomden_x5/
AVERON-13141,Averon,НПК АВЕРОН,КАБЕЛЬ КАМ-УПЗ 4.3 (Bloomden X5),13141,13141,1,Оборудование для CAD-CAM и 3D-печати,Соединительный кабель для подключения вытяжки УПЗ 1.3 СТАЙЕР ПЛЮС к фрезерному станку фирмы Bloomden,https://www.averon.ru/upload/iblock/4ca/kun09y2pk1srzmsc3ohzuosgy8mla9ls.jpg,1,OFFICIAL_BRAND_SHOP_IN_ALMATY,KZ_SKU_EVIDENCE_REQUIRED,https://www.averon.ru/catalog/oborudovanie_dlya_cad-cam/kabel__kam-upz_4_3_bloomden_x5/
AVERON-13579,Averon,НПК АВЕРОН,КАБЕЛЬ КАМ-УПЗ 5.0 (Dentsply Sirona),13579,13579,1,Оборудование для CAD-CAM и 3D-печати,Интерфейсный кабель для подключения АДАПТЕР КАМ-УПЗ 1.0 к фрезерным станкам Dentsply Sirona,https://www.averon.ru/upload/iblock/a61/nbbwe7uecgofe5e8m64mfe5su9btof8v.jpg,1,OFFICIAL_BRAND_SHOP_IN_ALMATY,KZ_SKU_EVIDENCE_REQUIRED,https://www.averon.ru/catalog/oborudovanie_dlya_cad-cam/kabel__kam-upz_5_0_dentsply_sirona/
AVERON-13142,Averon,НПК АВЕРОН,КАБЕЛЬ КАМ-УПЗ 5.3 (Dentsply Sirona),13142,13142,1,Оборудование для CAD-CAM и 3D-печати,Соединительный кабель для подключения вытяжки УПЗ 1.3 СТАЙЕР ПЛЮС к фрезерному станку фирмы Dentsply Sirona,https://www.averon.ru/upload/iblock/991/ttvu84duaoumuctexbsrsu7lrt7rdeem.jpg,1,OFFICIAL_BRAND_SHOP_IN_ALMATY,KZ_SKU_EVIDENCE_REQUIRED,https://www.averon.ru/catalog/oborudovanie_dlya_cad-cam/kabel__kam-upz_5_3_dentsply_sirona/
AVERON-13580,Averon,НПК АВЕРОН,КАБЕЛЬ КАМ-УПЗ 6.0 (UP3D),13580,13580,1,Оборудование для CAD-CAM и 3D-печати,Интерфейсный кабель для подключения АДАПТЕР КАМ-УПЗ 1.0 к фрезерным станкам фирмы UP3D Разъем типа Aviation 5-контактный,https://www.averon.ru/upload/iblock/6b4/ualbvoox3n7ypwz7t36nrgofuuyyc0s5.jpg,1,OFFICIAL_BRAND_SHOP_IN_ALMATY,KZ_SKU_EVIDENCE_REQUIRED,https://www.averon.ru/catalog/oborudovanie_dlya_cad-cam/kabel__kam-upz_6_0_up3d/
AVERON-13143,Averon,НПК АВЕРОН,КАБЕЛЬ КАМ-УПЗ 6.3 (UP3D),13143,13143,1,Оборудование для CAD-CAM и 3D-печати,Соединительный кабель для подключения вытяжки УПЗ 1.3 СТАЙЕР ПЛЮС к фрезерному станку фирмы UP3D,https://www.averon.ru/upload/iblock/eb0/xoh0jiwzkfqrlvwaf1xrjr9nlygqerjr.jpg,1,OFFICIAL_BRAND_SHOP_IN_ALMATY,KZ_SKU_EVIDENCE_REQUIRED,https://www.averon.ru/catalog/oborudovanie_dlya_cad-cam/kabel__kam-upz_6_3_up3d/
AVERON-13581,Averon,НПК АВЕРОН,КАБЕЛЬ КАМ-УПЗ 7.0 (XTCERA),13581,13581,1,Оборудование для CAD-CAM и 3D-печати,Интерфейсный кабель для подключения АДАПТЕР КАМ-УПЗ 1.0 к фрезерным станкам XTCERA Разъем типа Aviation 4-контактный,https://www.averon.ru/upload/iblock/5d5/wkxvl8s0s0w35oc2gipjaq1m1l2520u6.jpg,1,OFFICIAL_BRAND_SHOP_IN_ALMATY,KZ_SKU_EVIDENCE_REQUIRED,https://www.averon.ru/catalog/oborudovanie_dlya_cad-cam/kabel__kam-upz_7_0_xtcera/
AVERON-13144,Averon,НПК АВЕРОН,КАБЕЛЬ КАМ-УПЗ 7.3 (XTCERA),13144,13144,1,Оборудование для CAD-CAM и 3D-печати,Соединительный кабель для подключения вытяжки УПЗ 1.3 СТАЙЕР ПЛЮС к фрезерному станку фирмы XTCERA,https://www.averon.ru/upload/iblock/531/qibtgv1gzukixcjfw1ao3g9340eszkwi.jpg,1,OFFICIAL_BRAND_SHOP_IN_ALMATY,KZ_SKU_EVIDENCE_REQUIRED,https://www.averon.ru/catalog/oborudovanie_dlya_cad-cam/kabel__kam-upz_7_3_xtcera/
AVERON-13648,Averon,НПК АВЕРОН,КАБЕЛЬ КАМ-УПЗ 8.3 (JINY),13648,13648,1,Оборудование для CAD-CAM и 3D-печати,Интерфейсный кабель для подключения вытяжек УПЗ 1.3 СТАЙЕР КАМ / УПЗ 1.3 СТАЙЕР ПЛЮС к фрезерным станкам фирмы JINY,https://www.averon.ru/upload/iblock/aa7/b34xp8f2q1gz1vwvk00jtf250r8d2k23.jpg,1,OFFICIAL_BRAND_SHOP_IN_ALMATY,KZ_SKU_EVIDENCE_REQUIRED,https://www.averon.ru/catalog/oborudovanie_dlya_cad-cam/kabel__kam-upz_8_3_jiny/
AVERON-14929,Averon,НПК АВЕРОН,КАБЕЛЬ КАМ-УПЗ 9.3 (Upcera А52),14929,14929,1,Оборудование для CAD-CAM и 3D-печати,"Интерфейсный кабель для подключения вытяжек УПЗ 1.3 СТАЙЕР КАМ/УПЗ 1.3 СТАЙЕР ПЛЮС к фрезерным станкам фирмы Upcera, модель А5",https://www.averon.ru/upload/iblock/ff0/yxonbjrb2uto9ughi51lux2w7pa4kby7.png,1,OFFICIAL_BRAND_SHOP_IN_ALMATY,KZ_SKU_EVIDENCE_REQUIRED,https://www.averon.ru/catalog/oborudovanie_dlya_cad-cam/kabel__kam-upz_9_3_upcera_a52/
AVERON-1876,Averon,НПК АВЕРОН,КАРБОН 1.0,1876,1876,1,"Cтолы, светильники, вытяжки, боксы / Автономные вытяжки для работы с пылью, газами и для CAD-CAM систем. Циклоны, прочие фильтры / Общие расходные принадлежности",Активированный уголь,https://www.averon.ru/upload/iblock/9d7/ge4pwavraixyhe7g403r97foejwh3xl8.jpg,1,OFFICIAL_BRAND_SHOP_IN_ALMATY,KZ_SKU_EVIDENCE_REQUIRED,https://www.averon.ru/catalog/obshaie_rashod_prinadlejnosti/karbon_1_0/
AVERON-13550,Averon,НПК АВЕРОН,КАРМАН 1.0 ТРЭШ,13550,13550,1,"Cтолы, светильники, вытяжки, боксы / Полезные мелочи, принадлежности общего применения",Легкосъемный навесной карман-урна для сбора отходов Полезная мелочь для поддержания чистоты на рабочем месте,https://www.averon.ru/upload/iblock/631/s24hapl397csphza2a9fwvmowj76m9wu.png,1,OFFICIAL_BRAND_SHOP_IN_ALMATY,KZ_SKU_EVIDENCE_REQUIRED,https://www.averon.ru/catalog/polezmelochi_dlya_rabochih_mest/karman_1_0_tresh/
AVERON-4501,Averon,НПК АВЕРОН,КАРМАН 1.0 ФОЛК,4501,4501,1,"Cтолы, светильники, вытяжки, боксы / Столы зубного техника на платформе СЗТ 4.3. Стулья. Элементы системы хранения",Навесной боковой карман для стульев ФОЛК,https://www.averon.ru/upload/iblock/5cb/3i0kokuu8xkn98gvc6h9edzsztbkc5pl.jpg,1,OFFICIAL_BRAND_SHOP_IN_ALMATY,KZ_SKU_EVIDENCE_REQUIRED,https://www.averon.ru/catalog/stol_serii_master_element_sistem_hraneniya_stulya/karman_1_0_folk/
AVERON-4615,Averon,НПК АВЕРОН,КАТАЛИЗАТОР 1.0 ЭМП,4615,4615,1,Литейное оборудование,Устройство для нейтрализации токсичных газов. Для работы с ЭМП 11.х НЬЮ и ЭМП 1.1 КОМБИ,https://www.averon.ru/upload/iblock/ecc/q3agx7223rdwfrfqt16kp3xdkfz1sm9a.jpg,1,OFFICIAL_BRAND_SHOP_IN_ALMATY,KZ_SKU_EVIDENCE_REQUIRED,https://www.averon.ru/catalog/liteynoe_oborudovanie/katalizator_1_0_emp/
AVERON-6230,Averon,НПК АВЕРОН,"Керамическая облицовка (без мебели, без гипсовочной)",6230,6230,1,Готовые решения / Керамическая облицовка,"Керамическая облицовка (без мебели, без гипсовочной).",https://www.averon.ru/upload/iblock/d89/042tt7yavr1tig7i1yan1iavjsaora5b.jpg,1,OFFICIAL_BRAND_SHOP_IN_ALMATY,KZ_SKU_EVIDENCE_REQUIRED,https://www.averon.ru/catalog/keramicheskaya_oblicovka/keramicheskaya_oblicovka_bez_mebeli__bez_gipsovochnoy/
AVERON-6229,Averon,НПК АВЕРОН,"Керамическая облицовка (с мебелью, без гипсовочной)",6229,6229,1,Готовые решения / Керамическая облицовка,"Керамическая облицовка (с мебелью, без гипсовочной).",https://www.averon.ru/upload/iblock/e42/lmkttwi2ovv2om4ttue0xaow6h6gshdy.jpg,1,OFFICIAL_BRAND_SHOP_IN_ALMATY,KZ_SKU_EVIDENCE_REQUIRED,https://www.averon.ru/catalog/keramicheskaya_oblicovka/keramicheskaya_oblicovka_s_mebel__iu__bez_gipsovochnoy/
AVERON-2020,Averon,НПК АВЕРОН,КИСТОЧКА 3.0 КЕРАМИКА,2020,2020,1,Инструменты и принадлежности,Кисть №3 с синтетическим ворсом для нанесения керамической массы,https://www.averon.ru/upload/iblock/c65/kt61keob9hz7wravge7oyuly9qo5z0cc.jpg,1,OFFICIAL_BRAND_SHOP_IN_ALMATY,KZ_SKU_EVIDENCE_REQUIRED,https://www.averon.ru/catalog/instrument__i_prinadlejnosti/kistochka_3_0_keramika/
AVERON-2019,Averon,НПК АВЕРОН,КИСТОЧКА 5.0 КЕРАМИКА,2019,2019,1,Инструменты и принадлежности,Кисть №5 с синтетическим ворсом для нанесения керамической массы,https://www.averon.ru/upload/iblock/397/17kbyo2j93bqzhihmv5ianfmc8r6w5xp.jpg,1,OFFICIAL_BRAND_SHOP_IN_ALMATY,KZ_SKU_EVIDENCE_REQUIRED,https://www.averon.ru/catalog/instrument__i_prinadlejnosti/kistochka_5_0_keramika/
AVERON-12759,Averon,НПК АВЕРОН,КИТ 1.0 АВГЛ,12759,12759,1,"Cтолы, светильники, вытяжки, боксы / Автономные вытяжки для работы с пылью, газами и для CAD-CAM систем. Циклоны, прочие фильтры / Общие расходные принадлежности","Ремонтный комплект для обслуживания модуля угольного фильтра к АВГЛ 2.0 СТАЙЕР, УПЗ 1.3 КАРБОН Состав: синтепон (Прокладка 210x210) 4 шт + Фильтр тканевый 195х195мм (2 шт) + Уголь активированный (1800 грамм)",https://www.averon.ru/upload/iblock/cbf/3777k2u0n12r69ln6h543wqwhf9shldl.jpg,1,OFFICIAL_BRAND_SHOP_IN_ALMATY,KZ_SKU_EVIDENCE_REQUIRED,https://www.averon.ru/catalog/obshaie_rashod_prinadlejnosti/kit_1_0_avgl/
AVERON-12760,Averon,НПК АВЕРОН,КИТ 1.0 КАРБОН,12760,12760,1,"Cтолы, светильники, вытяжки, боксы / Автономные вытяжки для работы с пылью, газами и для CAD-CAM систем. Циклоны, прочие фильтры / Общие расходные принадлежности",Ремонтный комплект для обслуживания ФИЛЬТР 1.0 КАРБОН Состав: уголь + 2 тканевые фильтрующие прокладки,https://www.averon.ru/upload/iblock/aff/ku6hvpb5bic2i6q7s29pklnknkv5ovm3.jpg,1,OFFICIAL_BRAND_SHOP_IN_ALMATY,KZ_SKU_EVIDENCE_REQUIRED,https://www.averon.ru/catalog/obshaie_rashod_prinadlejnosti/kit_1_0_karbon/
AVERON-12326,Averon,НПК АВЕРОН,КОЗЫРЕК 1.0 ЛЮКС,12326,12326,1,"Cтолы, светильники, вытяжки, боксы / Светильники для столов МАСТЕР, ЭЛЕМЕНТ, СУЛ 9.Х. Светильники для оборудования / Светильники общего освещения",Козырек с магнитной фиксацией и регулируемым положением на плафоне светильников серии ЛЮКС 1.х,https://www.averon.ru/upload/iblock/876/wm6iwf31vzm1ak0iy4om1emlbdr631wz.png,1,OFFICIAL_BRAND_SHOP_IN_ALMATY,KZ_SKU_EVIDENCE_REQUIRED,https://www.averon.ru/catalog/svetil_niki_obshaego_osveshaeniya/koz-_rek_1_0_liuks/
AVERON-2076,Averon,НПК АВЕРОН,КОЛЬЦО ОПОКА 60.0 ВЕРСИЯ,2076,2076,1,Уцененное оборудование,Кольцо опоковое ø 60 мм,https://www.averon.ru/upload/iblock/19f/jhbm9uf2z6nq2gtx35542qmhi07jmokj.jpg,1,OFFICIAL_BRAND_SHOP_IN_ALMATY,KZ_SKU_EVIDENCE_REQUIRED,https://www.averon.ru/catalog/ucenyonnoe_oborudovanie/kol__co_opoka_60_0_versiya/
AVERON-6168,Averon,НПК АВЕРОН,КОМПЛЕКС 1.0 ДЕЛЬТА ЛОКАЛ,6168,6168,1,"Cтолы, светильники, вытяжки, боксы / Системы БРИДЖ и ВЕРТИКАЛЬ для столов МАСТЕР, ЭЛЕМЕНТ, СУЛ 9.3. Произвольные конфигурации рабочих мест / Рабочие места и системы хранения на базе элементов системы БРИДЖ","Локальная система полок ДЕЛЬТА для столов МАСТЕР, ЮНГА, ЭЛЕМЕНТ, СУЛ 9.х.",https://www.averon.ru/upload/iblock/4ac/7fqw9u6gazle5nt4o4hv62gtxx92ra6j.jpg,1,OFFICIAL_BRAND_SHOP_IN_ALMATY,KZ_SKU_EVIDENCE_REQUIRED,https://www.averon.ru/catalog/rabochie_mesta_i_sistem_hraneniya_na_baze_elementov_sistem_bridj/polka_1_0_del__ta_lokal/
AVERON-6167,Averon,НПК АВЕРОН,КОМПЛЕКС 1.0 ДЕЛЬТА СОЛО,6167,6167,1,"Cтолы, светильники, вытяжки, боксы / Системы БРИДЖ и ВЕРТИКАЛЬ для столов МАСТЕР, ЭЛЕМЕНТ, СУЛ 9.3. Произвольные конфигурации рабочих мест / Рабочие места и системы хранения на базе элементов системы БРИДЖ",Автономная система угловых полок ДЕЛЬТА,https://www.averon.ru/upload/iblock/db6/s64ubt5bxewqr92lllncdpposkv8newq.jpg,1,OFFICIAL_BRAND_SHOP_IN_ALMATY,KZ_SKU_EVIDENCE_REQUIRED,https://www.averon.ru/catalog/rabochie_mesta_i_sistem_hraneniya_na_baze_elementov_sistem_bridj/polka_1_0_del__ta_solo/
AVERON-7389,Averon,НПК АВЕРОН,КОМПЛЕКС 1.2 ДИРЕКТ СОЛО,7389,7389,1,"Cтолы, светильники, вытяжки, боксы / Системы БРИДЖ и ВЕРТИКАЛЬ для столов МАСТЕР, ЭЛЕМЕНТ, СУЛ 9.3. Произвольные конфигурации рабочих мест / Рабочие места и системы хранения на базе элементов системы БРИДЖ",Бюджетный вариант рабочего места общего и индивидуального пользования на базе основных элементов системы БРИДЖ,https://www.averon.ru/upload/iblock/69e/bi185wpjh4sli1bunxzr5lnwnugd0cde.jpg,1,OFFICIAL_BRAND_SHOP_IN_ALMATY,KZ_SKU_EVIDENCE_REQUIRED,https://www.averon.ru/catalog/rabochie_mesta_i_sistem_hraneniya_na_baze_elementov_sistem_bridj/kompleks_1_2_direkt_solo/
AVERON-5581,Averon,НПК АВЕРОН,КОМПЛЕКС 2.1 КОНЕР,5581,5581,1,"Cтолы, светильники, вытяжки, боксы / Системы БРИДЖ и ВЕРТИКАЛЬ для столов МАСТЕР, ЭЛЕМЕНТ, СУЛ 9.3. Произвольные конфигурации рабочих мест / Рабочие места и системы хранения на базе элементов системы БРИДЖ","Система углового хранения КОНЕР для столов серий МАСТЕР, ЮНГА, ЭЛЕМЕНТ, СУЛ 9.х.",https://www.averon.ru/upload/iblock/0f7/ioivdfxuxdm0sraodur7sv460ibonksr.jpg,1,OFFICIAL_BRAND_SHOP_IN_ALMATY,KZ_SKU_EVIDENCE_REQUIRED,https://www.averon.ru/catalog/rabochie_mesta_i_sistem_hraneniya_na_baze_elementov_sistem_bridj/kompleks_2_1_koner/
AVERON-6166,Averon,НПК АВЕРОН,КОМПЛЕКС 2.1 КОНЕР ЛОКАЛ,6166,6166,1,"Cтолы, светильники, вытяжки, боксы / Системы БРИДЖ и ВЕРТИКАЛЬ для столов МАСТЕР, ЭЛЕМЕНТ, СУЛ 9.3. Произвольные конфигурации рабочих мест / Рабочие места и системы хранения на базе элементов системы БРИДЖ","Локальная система углового хранения для столов МАСТЕР, ЮНГА, ЭЛЕМЕНТ, СУЛ 9.х",https://www.averon.ru/upload/iblock/102/324g84egwc8d9bktbocsm5n9nr7xraoo.jpg,1,OFFICIAL_BRAND_SHOP_IN_ALMATY,KZ_SKU_EVIDENCE_REQUIRED,https://www.averon.ru/catalog/rabochie_mesta_i_sistem_hraneniya_na_baze_elementov_sistem_bridj/kompleks_2_1_koner_lokal/
AVERON-6165,Averon,НПК АВЕРОН,КОМПЛЕКС 2.1 КОНЕР СОЛО,6165,6165,1,"Cтолы, светильники, вытяжки, боксы / Системы БРИДЖ и ВЕРТИКАЛЬ для столов МАСТЕР, ЭЛЕМЕНТ, СУЛ 9.3. Произвольные конфигурации рабочих мест / Рабочие места и системы хранения на базе элементов системы БРИДЖ",Автономная система углового хранения,https://www.averon.ru/upload/iblock/8a3/7sosc8s0eueatrp14ootqotdvh9ij0up.jpg,1,OFFICIAL_BRAND_SHOP_IN_ALMATY,KZ_SKU_EVIDENCE_REQUIRED,https://www.averon.ru/catalog/rabochie_mesta_i_sistem_hraneniya_na_baze_elementov_sistem_bridj/kompleks_2_1_koner_solo/
AVERON-1633,Averon,НПК АВЕРОН,КОМПЛЕКТ 0.35 ПРЕСС,1633,1633,1,Электровакуумные печи,Пресс-керамика. Комплект форм для изготовления опок ø 35 мм,https://www.averon.ru/upload/iblock/87a/9qyux4ebz1n8l71rsx6v03vfhft8nbm6.jpg,1,OFFICIAL_BRAND_SHOP_IN_ALMATY,KZ_SKU_EVIDENCE_REQUIRED,https://www.averon.ru/catalog/elektrovakuum__pechi/komplekt_0_35_press/
AVERON-1634,Averon,НПК АВЕРОН,КОМПЛЕКТ 0.50 ПРЕСС,1634,1634,1,Электровакуумные печи,Пресс-керамика. Комплект форм для изготовления опок ø 50 мм,https://www.averon.ru/upload/iblock/bce/pb6jzwoa7pt03aieli6pd9nw3vt2wh3e.jpg,1,OFFICIAL_BRAND_SHOP_IN_ALMATY,KZ_SKU_EVIDENCE_REQUIRED,https://www.averon.ru/catalog/elektrovakuum__pechi/komplekt_0_50_press/
AVERON-8784,Averon,НПК АВЕРОН,КОМПЛЕКТ 2.2,8784,8784,1,"Cтолы, светильники, вытяжки, боксы / Столы зубного техника на платформе СЗТ 4.3. Стулья. Элементы системы хранения / Элементы системы хранения","Универсальный модуль с двумя ящиками Для столов серий МАСТЕР, ЮНГА, ЭЛЕМЕНТ, также модуль может применяться с произвольными столами В составе быстросъемная подставка (ПОДСТАВКА 2.2 КОМПЛЕКТ) для размещения наконечника бормашины или прочего инструмента",https://www.averon.ru/upload/iblock/225/1j78iocdj1tgjvt5aa9bs83bfgv2dwxh.png,1,OFFICIAL_BRAND_SHOP_IN_ALMATY,KZ_SKU_EVIDENCE_REQUIRED,https://www.averon.ru/catalog/element_sistem_hraneniya/komplekt_2_2/
AVERON-5810,Averon,НПК АВЕРОН,КОМПЛЕКТ 4.0 КОРЗИНА,5810,5810,1,"Cтолы, светильники, вытяжки, боксы / Полезные мелочи, принадлежности общего применения",Набор для организации системы хранения в светильнике ЛЮКС 1.1 ЛЕД ПЛЮС В комплекте кронштейны и две корзины (ЛОТОК 1.0 КОРЗИНА),https://www.averon.ru/upload/iblock/746/i5jr1jg332ei70egj3got9d9g67oyhhs.jpg,1,OFFICIAL_BRAND_SHOP_IN_ALMATY,KZ_SKU_EVIDENCE_REQUIRED,https://www.averon.ru/catalog/polezmelochi_dlya_rabochih_mest/komplekt_4_0_korzina/
AVERON-13752,Averon,НПК АВЕРОН,КОНТЕЙНЕР 1.0 КОМФОРТ ПЛЮС,13752,13752,1,"Cтолы, светильники, вытяжки, боксы / Столы серии СУЛ 9.3 для гипсовочной. Лабораторные столы ЭЛЕМЕНТ, СУЛ 1.х ТУМБА. Гипсоотстойники и др. сопутствующее оборудование / Серия 9.3. Столы для гипсовочной лаборатории, гипсоотстойники и сопутствующее оборудование",Сменный контейнер первой ступени для ОГП 1.0 КОМФОРТ,https://www.averon.ru/upload/iblock/3b4/rvos9au17czpvx9tc772k2yd91ecm646.png,1,OFFICIAL_BRAND_SHOP_IN_ALMATY,KZ_SKU_EVIDENCE_REQUIRED,https://www.averon.ru/catalog/seriya_9_3_stol_dlya_gipsovochnoy_laboratorii_gipsootstoyniki_i_soputstvuiushaee_oborudovanie_/konteyner_1_0_komfort_plius/
AVERON-8985,Averon,НПК АВЕРОН,КОНТЕЙНЕР 1.0 СИТО,8985,8985,1,Пескоструйные аппараты / Система АСОЗ ПЛЮС,"Контейнер для сбора отработанного абразива Совместим с калиброванными лабораторными сито: СИТО 0.2 (0.3, 0.4, 0.6)",https://www.averon.ru/upload/iblock/e58/64qc8ln970crnzn59bn2eyz02id6sgyj.png,1,OFFICIAL_BRAND_SHOP_IN_ALMATY,KZ_SKU_EVIDENCE_REQUIRED,https://www.averon.ru/catalog/system_asoz_plus/konteyner_1_0_sito/
AVERON-2034,Averon,НПК АВЕРОН,КОРЗИНА 28.0 КЛИН,2034,2034,1,Инструменты и принадлежности,Принадлежность для удаления воска с пластмассовых зубов,https://www.averon.ru/upload/iblock/a8b/0k2se2epef12ee5xwfhd1i18ibo3l525.jpg,1,OFFICIAL_BRAND_SHOP_IN_ALMATY,KZ_SKU_EVIDENCE_REQUIRED,https://www.averon.ru/catalog/instrument__i_prinadlejnosti/korzina_28_0_klin/
AVERON-1655,Averon,НПК АВЕРОН,КПР 2.0,1655,1655,1,Пескоструйные аппараты / Система АСОЗ ПЛЮС,Перчатки для работы с пескоструйными аппаратами,https://www.averon.ru/upload/iblock/efd/h5b4bmimu2ju1tym4vofqklujobce50h.jpg,1,OFFICIAL_BRAND_SHOP_IN_ALMATY,KZ_SKU_EVIDENCE_REQUIRED,https://www.averon.ru/catalog/system_asoz_plus/kpr_2_0/
AVERON-1656,Averon,НПК АВЕРОН,КПР 2.0 ЛАДЖ,1656,1656,1,Уцененное оборудование,Перчатки для работы с пескоструйными аппаратами. Размер XXL,https://www.averon.ru/upload/iblock/f21/nkw1pg3xgxbps9lrrwqym74bswhhy0rq.jpg,1,OFFICIAL_BRAND_SHOP_IN_ALMATY,KZ_SKU_EVIDENCE_REQUIRED,https://www.averon.ru/catalog/ucenyonnoe_oborudovanie/kpr_2_0_ladzh/
AVERON-1764,Averon,НПК АВЕРОН,КРЕСТИК 9.0 ВЕРСИЯ,1764,1764,1,Литейное оборудование,Форма для крестообразных восковых профилей (9 шт.),https://www.averon.ru/upload/iblock/94e/aw89281y4uedkt5bevk96bf03j7amxqm.jpg,1,OFFICIAL_BRAND_SHOP_IN_ALMATY,KZ_SKU_EVIDENCE_REQUIRED,https://www.averon.ru/catalog/liteynoe_oborudovanie/krestik_9_0_versiya/
AVERON-7340,Averon,НПК АВЕРОН,КРЫШКА 1.1 БРИДЖ,7340,7340,1,"Cтолы, светильники, вытяжки, боксы / Системы БРИДЖ и ВЕРТИКАЛЬ для столов МАСТЕР, ЭЛЕМЕНТ, СУЛ 9.3. Произвольные конфигурации рабочих мест / Локальные элементы системы БРИДЖ",Задняя крышка для ПАНЕЛЬ 1.2 БРИДЖ,https://www.averon.ru/upload/iblock/c3c/78fpqsackfuafykurmhqor5scjti394t.jpg,1,OFFICIAL_BRAND_SHOP_IN_ALMATY,KZ_SKU_EVIDENCE_REQUIRED,https://www.averon.ru/catalog/dopolnitel_element_sistem_bridj/kr-_shka_1_1_bridj/
AVERON-7338,Averon,НПК АВЕРОН,КРЫШКА 2.1 КОНЕР,7338,7338,1,"Cтолы, светильники, вытяжки, боксы / Системы БРИДЖ и ВЕРТИКАЛЬ для столов МАСТЕР, ЭЛЕМЕНТ, СУЛ 9.3. Произвольные конфигурации рабочих мест / Локальные элементы системы БРИДЖ",Комплект задних крышек для ПАНЕЛЬ 2.1 КОНЕР,https://www.averon.ru/upload/iblock/2b2/jntuzu8o86c4xleekd53hz9k5qpcd4hx.jpg,1,OFFICIAL_BRAND_SHOP_IN_ALMATY,KZ_SKU_EVIDENCE_REQUIRED,https://www.averon.ru/catalog/dopolnitel_element_sistem_bridj/kr-_shka_2_1_koner/
AVERON-12711,Averon,НПК АВЕРОН,КРЮЧОК 1.0,12711,12711,1,"Cтолы, светильники, вытяжки, боксы / Системы БРИДЖ и ВЕРТИКАЛЬ для столов МАСТЕР, ЭЛЕМЕНТ, СУЛ 9.3. Произвольные конфигурации рабочих мест / Локальные элементы системы БРИДЖ","Одинарный крючок для навешивания на передний торец СТЕНКА 1.2 БРИДЖ различных предметов (полотенца, сумки, пакеты, кабели от инструментов и т.п.)",https://www.averon.ru/upload/iblock/88e/pdvrq0jesna46x3zurvktei9t9dqlbbs.png,1,OFFICIAL_BRAND_SHOP_IN_ALMATY,KZ_SKU_EVIDENCE_REQUIRED,https://www.averon.ru/catalog/dopolnitel_element_sistem_bridj/kriuchok_1_0/
AVERON-12970,Averon,НПК АВЕРОН,КРЮЧОК 1.0 МАСТЕР,12970,12970,1,"Cтолы, светильники, вытяжки, боксы / Столы зубного техника на платформе СЗТ 4.3. Стулья. Элементы системы хранения / Серии МАСТЕР и ЮНГА","Одинарный крючок для эффективного использования передних поверхностей столов СЗТ 4.3 МАСТЕР и СЗТ 4.3 МАСТЕР МИНИ Навешивание как предметов личного пользования (сумочки, зонтики), так и предметов производственного назначения",https://www.averon.ru/upload/iblock/2a2/suhtz9mtj6t7v474d1fl2uxoou3pvmq5.png,1,OFFICIAL_BRAND_SHOP_IN_ALMATY,KZ_SKU_EVIDENCE_REQUIRED,https://www.averon.ru/catalog/serii_master_i_iunga/kriuchok_1_0_master/
AVERON-13687,Averon,НПК АВЕРОН,КРЮЧОК 2.0,13687,13687,1,"Cтолы, светильники, вытяжки, боксы / Полезные мелочи, принадлежности общего применения","Планка с двумя крючками, унифицированные посадочные гнёзда с шагом 140 мм Для столов и стоек на платформе ШТАТИВ АРТ, совместима со столами серии МАСТЕР, ДРИМ, ЭЛЕМЕНТ, СУЛ 9.х, элементами системы БРИДЖ и вытяжками серии УПЗ 7.2",https://www.averon.ru/upload/iblock/6b6/p6ksqqtmnv2ootu1om2zahyhvy0vjb4q.png,1,OFFICIAL_BRAND_SHOP_IN_ALMATY,KZ_SKU_EVIDENCE_REQUIRED,https://www.averon.ru/catalog/polezmelochi_dlya_rabochih_mest/kriuchok_2_0/
AVERON-5575,Averon,НПК АВЕРОН,КРЮЧОК 3.0,5575,5575,1,"Cтолы, светильники, вытяжки, боксы / Полезные мелочи, принадлежности общего применения",Планка с тремя крючками для встраивания в столы и другие изделия АВЕРОН,https://www.averon.ru/upload/iblock/1fa/qgo8i3ri2kihaduee5c8i2swfdpahu9r.png,1,OFFICIAL_BRAND_SHOP_IN_ALMATY,KZ_SKU_EVIDENCE_REQUIRED,https://www.averon.ru/catalog/polezmelochi_dlya_rabochih_mest/kriuchok_3_0/
AVERON-7232,Averon,НПК АВЕРОН,КУЛЕР 1.0 БМ,7232,7232,1,"Cтолы, светильники, вытяжки, боксы / Пневматика для рабочих мест",Настольное обдувочное сопло для охлаждения и очистки сжатым воздухом зоны механической обработки бормашиной,https://www.averon.ru/upload/iblock/996/8qplojebukt6mrt32w0bik0nrpp6sv19.jpg,1,OFFICIAL_BRAND_SHOP_IN_ALMATY,KZ_SKU_EVIDENCE_REQUIRED,https://www.averon.ru/catalog/elektron_ustroystva_dlya_rabochih_mest/kuler_1_0_bm/
AVERON-1785,Averon,НПК АВЕРОН,КУЛЕР 1.0 ОПОКА,1785,1785,1,Литейное оборудование,Устройство для быстрого охлаждения опок. Вместимость до 15 опок х9,https://www.averon.ru/upload/iblock/169/3anl00n7qp33l03ym1vr9r1tyqgl4chd.jpg,1,OFFICIAL_BRAND_SHOP_IN_ALMATY,KZ_SKU_EVIDENCE_REQUIRED,https://www.averon.ru/catalog/liteynoe_oborudovanie/kuler_1_0_opoka/
AVERON-12258,Averon,НПК АВЕРОН,КУЛЕР 1.0 ОПОКА МИНИ,12258,12258,1,Литейное оборудование,Компактное устройство для быстрого охлаждения опок,https://www.averon.ru/upload/iblock/dd9/82zz2ikfi84hrlq0nu7m24xam0qaakfi.png,1,OFFICIAL_BRAND_SHOP_IN_ALMATY,KZ_SKU_EVIDENCE_REQUIRED,https://www.averon.ru/catalog/liteynoe_oborudovanie/kuler_1_0_opoka_mini/
AVERON-1961,Averon,НПК АВЕРОН,КУЛЕР 2.0 БМ,1961,1961,1,"Cтолы, светильники, вытяжки, боксы / Пневматика для рабочих мест",Настольное обдувочное сопло для охлаждения и очистки сжатым воздухом зоны механической обработки. Оптимизирован для работы с бормашинами серии БМ 2.0 ЭКО ОПТИМУМ и ПРОФИ,https://www.averon.ru/upload/iblock/345/ymbt91ap8dcxh62ipgmm5wnnwsa1r5kb.jpg,1,OFFICIAL_BRAND_SHOP_IN_ALMATY,KZ_SKU_EVIDENCE_REQUIRED,https://www.averon.ru/catalog/elektron_ustroystva_dlya_rabochih_mest/kuler_2_0_bm/
AVERON-1983,Averon,НПК АВЕРОН,КЮВЕТА 1.0,1983,1983,1,Оборудование для изготовления протезов / Термолитьевое прессование,Кювета для термопрессования ø 100 мм,https://www.averon.ru/upload/iblock/61b/4oqzd1ds5lxgfpla8d6pbb4gvxxqptl3.png,1,OFFICIAL_BRAND_SHOP_IN_ALMATY,KZ_SKU_EVIDENCE_REQUIRED,https://www.averon.ru/catalog/termolit_evoe_pressovanie_/kiuveta_1_0/
AVERON-1982,Averon,НПК АВЕРОН,КЮВЕТА 1.0 МИДЛ,1982,1982,1,Оборудование для изготовления протезов / Термолитьевое прессование,Кювета для термопрессования ø 80 мм,https://www.averon.ru/upload/iblock/96a/lanisug3lazaly307acr4ffdoohl8cr7.png,1,OFFICIAL_BRAND_SHOP_IN_ALMATY,KZ_SKU_EVIDENCE_REQUIRED,https://www.averon.ru/catalog/termolit_evoe_pressovanie_/kiuveta_1_0_midl/
AVERON-1981,Averon,НПК АВЕРОН,КЮВЕТА 1.0 МИНИ,1981,1981,1,Оборудование для изготовления протезов / Термолитьевое прессование,Кювета для термопрессования ø 60 мм,https://www.averon.ru/upload/iblock/225/ir1g192e9v7i3e6u11sp7lh5xbh06q4b.png,1,OFFICIAL_BRAND_SHOP_IN_ALMATY,KZ_SKU_EVIDENCE_REQUIRED,https://www.averon.ru/catalog/termolit_evoe_pressovanie_/kiuveta_1_0_mini/
AVERON-1978,Averon,НПК АВЕРОН,КЮВЕТА 1.0 ШАРК,1978,1978,1,Оборудование для изготовления протезов / Полимеризация пластмасс (химическое отверждение),Кювета для полимеризации полных съемных протезов из пластмассы холодного отверждения,https://www.averon.ru/upload/iblock/82d/317c7bu5ndrahp1ptkc0ghqleh07vohi.png,1,OFFICIAL_BRAND_SHOP_IN_ALMATY,KZ_SKU_EVIDENCE_REQUIRED,https://www.averon.ru/catalog/polimerizaciya_plastmass_him_otv_/kiuveta_1_0_shark/
AVERON-1980,Averon,НПК АВЕРОН,КЮВЕТА 2.0 ШАРК,1980,1980,1,Оборудование для изготовления протезов / Полимеризация пластмасс (химическое отверждение),Увеличенная кювета для полимеризации полных съемных протезов из пластмассы холодного отверждения,https://www.averon.ru/upload/iblock/fce/u9eiijzpgrhvbuu59ggfsg1zwcz3zcg5.jpg,1,OFFICIAL_BRAND_SHOP_IN_ALMATY,KZ_SKU_EVIDENCE_REQUIRED,https://www.averon.ru/catalog/polimerizaciya_plastmass_him_otv_/kyuveta_2_0_shark/
AVERON-2819,Averon,НПК АВЕРОН,ЛАМПА 1.0 ЦИРКОН,2819,2819,1,Оборудование для CAD-CAM и 3D-печати,Лампа для сушки окрашенных изделий из диоксида циркония,https://www.averon.ru/upload/iblock/413/weh414cpea3uvij75mk1amgu782ceu2z.jpg,1,OFFICIAL_BRAND_SHOP_IN_ALMATY,KZ_SKU_EVIDENCE_REQUIRED,https://www.averon.ru/catalog/oborudovanie_dlya_cad-cam/lampa_1_0_cirkon/
AVERON-13264,Averon,НПК АВЕРОН,ЛАМПА 1.1 ЦИРКОН,13264,13264,1,Оборудование для CAD-CAM и 3D-печати,Лампа для сушки окрашиваемых изделий из диоксида циркония,https://www.averon.ru/upload/iblock/edf/stacf57hl4dc4n1afvwlfif7wjwxcuaz.png,1,OFFICIAL_BRAND_SHOP_IN_ALMATY,KZ_SKU_EVIDENCE_REQUIRED,https://www.averon.ru/catalog/oborudovanie_dlya_cad-cam/lampa_1_1_cirkon/
AVERON-1958,Averon,НПК АВЕРОН,ЛИНЗА 3.0 АРТ,1958,1958,1,"Cтолы, светильники, вытяжки, боксы / Полезные мелочи, принадлежности общего применения",Линза с трехкратным увеличением и креплением на присосках,https://www.averon.ru/upload/iblock/0ec/r3r2u7aj5fd9af2tctjjje5f15vugj1h.jpg,1,OFFICIAL_BRAND_SHOP_IN_ALMATY,KZ_SKU_EVIDENCE_REQUIRED,https://www.averon.ru/catalog/polezmelochi_dlya_rabochih_mest/linza_3_0_art/
AVERON-6233,Averon,НПК АВЕРОН,"Литейная лаборатория для больших объемов литья с центробежной литейкой (с мебелью, без гипсовочной лаборатории)",6233,6233,1,Готовые решения / Литейная лаборатория,"Литейная лаборатория для больших объемов литья с центробежной литейкой (с мебелью, без гипсовочной).",https://www.averon.ru/upload/iblock/31c/j8kizn42h355cuozjir1s71xaqxt2jtf.jpg,1,OFFICIAL_BRAND_SHOP_IN_ALMATY,KZ_SKU_EVIDENCE_REQUIRED,https://www.averon.ru/catalog/liteinaya_laboratoriya/liteynaya_laboratoriya_dlya_bol__shih_ob__emov_lit__ya_s_centrobejnoy_liteykoy_s_mebel__iu__bez_gipsovochnoy_laboratorii/
AVERON-6238,Averon,НПК АВЕРОН,"Литейная лаборатория для малых объемов литья с вакуумной литейкой (с мебелью, без гипсовочной лаборатории)",6238,6238,1,Готовые решения / Литейная лаборатория,"Литейная лаборатория для малых объемов литья с вакуумной литейкой (с мебелью, без гипсовочной).",https://www.averon.ru/upload/iblock/bc2/fwetowr3cbsunm2yethq84d1rxty8jqw.jpg,1,OFFICIAL_BRAND_SHOP_IN_ALMATY,KZ_SKU_EVIDENCE_REQUIRED,https://www.averon.ru/catalog/liteinaya_laboratoriya/liteynaya_laboratoriya_dlya_mal_h_ob__emov_lit__ya_s_vakuumnoy_liteykoy_s_mebel__iu__bez_gipsovochnoy_laboratorii/
AVERON-6236,Averon,НПК АВЕРОН,"Литейная лаборатория для небольших объемов литья с вакуумной литейкой (с мебелью, без гипсовочной лаборатории)",6236,6236,1,Готовые решения / Литейная лаборатория,"Литейная лаборатория для небольших объемов литья с вакуумной литейкой (с мебелью, без гипсовочной).",https://www.averon.ru/upload/iblock/516/44myvnwfnl6rzympd0rclcyag3mr7far.jpg,1,OFFICIAL_BRAND_SHOP_IN_ALMATY,KZ_SKU_EVIDENCE_REQUIRED,https://www.averon.ru/catalog/liteinaya_laboratoriya/liteynaya_laboratoriya_dlya_nebol__shih_ob__emov_lit__ya_s_vakuumnoy_liteykoy_s_mebel__iu__bez_gipsovochnoy_laboratorii/
AVERON-6235,Averon,НПК АВЕРОН,"Литейная лаборатория для небольших объемов литья с центробежной литейкой (с мебелью, без гипсовочной лаборатории)",6235,6235,1,Готовые решения / Литейная лаборатория,"Литейная лаборатория для небольших объемов литья с центробежной литейкой (с мебелью, без гипсовочной).",https://www.averon.ru/upload/iblock/de0/3g4s9zbv26b1gb7hrler7a5icg6qzug0.jpg,1,OFFICIAL_BRAND_SHOP_IN_ALMATY,KZ_SKU_EVIDENCE_REQUIRED,https://www.averon.ru/catalog/liteinaya_laboratoriya/liteynaya_laboratoriya_dlya_nebol__shih_ob__emov_lit__ya_s_centrobejnoy_liteykoys_mebel__iu__bez_gipsovochnoy_laboratorii/
AVERON-6237,Averon,НПК АВЕРОН,"Литейная лаборатория с вакуумной литейкой (без мебели, без гипсовочной лаборатории)",6237,6237,1,Готовые решения / Литейная лаборатория,"Литейная лаборатория с вакуумной литейкой (без мебели, без гипсовочной).",https://www.averon.ru/upload/iblock/e4c/1cs35vvpsk24xr4k03rpp4266q5f2p7p.jpg,1,OFFICIAL_BRAND_SHOP_IN_ALMATY,KZ_SKU_EVIDENCE_REQUIRED,https://www.averon.ru/catalog/liteinaya_laboratoriya/liteynaya_laboratoriya_s_vakuumnoy_liteykoy_bez_mebeli__bez_gipsovochnoy_laboratorii/
AVERON-6234,Averon,НПК АВЕРОН,"Литейная лаборатория с центробежной литейкой (без мебели, без гипсовочной лаборатории)",6234,6234,1,Готовые решения / Литейная лаборатория,"Литейная лаборатория с центробежной литейкой (без мебели, без гипсовочной).",https://www.averon.ru/upload/iblock/18e/35dkaiam3tzkhh0wr79w54suzgpliyeu.jpg,1,OFFICIAL_BRAND_SHOP_IN_ALMATY,KZ_SKU_EVIDENCE_REQUIRED,https://www.averon.ru/catalog/liteinaya_laboratoriya/liteynaya_laboratoriya_s_centrobejnoy_liteykoy_bez_mebeli__bez_gipsovochnoy_laboratorii/
AVERON-1942,Averon,НПК АВЕРОН,ЛОТОК 1.0 КОРЗИНА,1942,1942,1,"Cтолы, светильники, вытяжки, боксы / Полезные мелочи, принадлежности общего применения","Универсальная пластиковая корзина для хранения, 250 х 150 х 70 мм",https://www.averon.ru/upload/iblock/3e4/gxx9bxu3bgplihehjcdcqjqe5502ae8g.jpg,1,OFFICIAL_BRAND_SHOP_IN_ALMATY,KZ_SKU_EVIDENCE_REQUIRED,https://www.averon.ru/catalog/polezmelochi_dlya_rabochih_mest/lotok_1_0_korzina/
AVERON-1952,Averon,НПК АВЕРОН,ЛОТОК 1.0 МАСТЕР,1952,1952,1,"Cтолы, светильники, вытяжки, боксы / Полезные мелочи, принадлежности общего применения","Навесная полка-лоток для столов МАСТЕР, ЭЛЕМЕНТ, панелей БРИДЖ, КОНЕР.",https://www.averon.ru/upload/iblock/b86/o9jtpgxc06ofnezf7ikeje9twoe9zmfo.jpg,1,OFFICIAL_BRAND_SHOP_IN_ALMATY,KZ_SKU_EVIDENCE_REQUIRED,https://www.averon.ru/catalog/polezmelochi_dlya_rabochih_mest/lotok_1_0_master/
AVERON-2831,Averon,НПК АВЕРОН,ЛОТОК 1.0 МАСТЕР БИГ,2831,2831,1,"Cтолы, светильники, вытяжки, боксы / Полезные мелочи, принадлежности общего применения","Навесная полка-лоток для столов МАСТЕР, ЮНГА, ЭЛЕМЕНТ, панелей БРИДЖ, КОНЕР",https://www.averon.ru/upload/iblock/741/g9flrjqr3px4tb8399rrzfpwqsc0h0dr.png,1,OFFICIAL_BRAND_SHOP_IN_ALMATY,KZ_SKU_EVIDENCE_REQUIRED,https://www.averon.ru/catalog/polezmelochi_dlya_rabochih_mest/lotok_1_0_master_big/
AVERON-1872,Averon,НПК АВЕРОН,ЛЮКС 1.0 ЛЕД ПЛЮС,1872,1872,1,"Cтолы, светильники, вытяжки, боксы / Светильники для столов МАСТЕР, ЭЛЕМЕНТ, СУЛ 9.Х. Светильники для оборудования / Светильники общего освещения",Светильник на пантографе с вертикально перемещаемым плафоном. Общее освещение рабочего места. Ширина плафона 660 мм,https://www.averon.ru/upload/iblock/7b1/aopq6tv1ccd14y4e3shuyac7gdcrzcoz.jpg,1,OFFICIAL_BRAND_SHOP_IN_ALMATY,KZ_SKU_EVIDENCE_REQUIRED,https://www.averon.ru/catalog/svetil_niki_obshaego_osveshaeniya/liuks_1_0_led_plius/
AVERON-7341,Averon,НПК АВЕРОН,ЛЮКС 1.0 ЛЕД ЮНГА,7341,7341,1,"Cтолы, светильники, вытяжки, боксы / Светильники для столов МАСТЕР, ЭЛЕМЕНТ, СУЛ 9.Х. Светильники для оборудования / Светильники общего освещения",Бюджетный светодиодный светильник для общего освещения рабочего места. Плафон шириной 660 мм на неподвижном кронштейне. Элементы системы хранения,https://www.averon.ru/upload/iblock/bf0/3yv8fvbes48ht4e36j43z3p9qv4kqvut.jpg,1,OFFICIAL_BRAND_SHOP_IN_ALMATY,KZ_SKU_EVIDENCE_REQUIRED,https://www.averon.ru/catalog/svetil_niki_obshaego_osveshaeniya/liuks_1_0_led_iunga/
AVERON-1873,Averon,НПК АВЕРОН,ЛЮКС 1.0 МАСТЕР НЬЮ,1873,1873,1,"Cтолы, светильники, вытяжки, боксы / Светильники для столов МАСТЕР, ЭЛЕМЕНТ, СУЛ 9.Х. Светильники для оборудования / Светильники общего освещения",Многофункциональный светильник с горизонтально перемещаемым плафоном и системой хранения. Общее освещение рабочего места. Ширина плафона 1150 мм,https://www.averon.ru/upload/iblock/c6b/dpgn7f8hstgc0xfg5kw07a74ri02squs.jpg,1,OFFICIAL_BRAND_SHOP_IN_ALMATY,KZ_SKU_EVIDENCE_REQUIRED,https://www.averon.ru/catalog/svetil_niki_obshaego_osveshaeniya/lyuks_1_0_master_nyu/
AVERON-1869,Averon,НПК АВЕРОН,ЛЮКС 1.0 МИНИ НЬЮ,1869,1869,1,"Cтолы, светильники, вытяжки, боксы / Светильники для столов МАСТЕР, ЭЛЕМЕНТ, СУЛ 9.Х. Светильники для оборудования / Светильники общего освещения",Многофункциональный светильник с горизонтально перемещаемым плафоном и системой хранения. Общее освещение рабочего места. Ширина плафона 660 мм,https://www.averon.ru/upload/iblock/331/50aphar9w2g2ufz8ar4u5w7r0weykzvj.jpg,1,OFFICIAL_BRAND_SHOP_IN_ALMATY,KZ_SKU_EVIDENCE_REQUIRED,https://www.averon.ru/catalog/svetil_niki_obshaego_osveshaeniya/lyuks_1_0_mini_nyu/
AVERON-13184,Averon,НПК АВЕРОН,ЛЮКС 1.1 КОМПАКТ,13184,13184,1,"Cтолы, светильники, вытяжки, боксы / Светильники для столов МАСТЕР, ЭЛЕМЕНТ, СУЛ 9.Х. Светильники для оборудования / Светильники общего освещения","Компактный светильник для организации общего освещения на столах серий МАСТЕР, ЮНГА, ЭЛЕМЕНТ, СУЛ 9.3, также может устанавливаться на панелях системы БРИДЖ",https://www.averon.ru/upload/iblock/a0c/o9v1ytbtex41mwud9ln8onpf0mum46u4.png,1,OFFICIAL_BRAND_SHOP_IN_ALMATY,KZ_SKU_EVIDENCE_REQUIRED,https://www.averon.ru/catalog/svetil_niki_obshaego_osveshaeniya/liuks_1_1_kompakt/
AVERON-13543,Averon,НПК АВЕРОН,ЛЮКС 1.1 КОМПАКТ АРТ,13543,13543,1,"Cтолы, светильники, вытяжки, боксы / Светильники для столов МАСТЕР, ЭЛЕМЕНТ, СУЛ 9.Х. Светильники для оборудования / Светильники общего освещения","Компактный светильник в дизайнерском исполнении для стола СУЛ 6.5 ШТАТИВ ЛАБ Также используется для организации как основного, так и дополнительного освещения на столах серий МАСТЕР, ЮНГА, ЭЛЕМЕНТ, СУЛ 9.3",https://www.averon.ru/upload/iblock/a8c/y3axdyddb4cuz167cet27og6v4zt8ouh.jpg,1,OFFICIAL_BRAND_SHOP_IN_ALMATY,KZ_SKU_EVIDENCE_REQUIRED,https://www.averon.ru/catalog/svetil_niki_obshaego_osveshaeniya/liuks_1_1_kompakt_art/
AVERON-14535,Averon,НПК АВЕРОН,ЛЮКС 1.1 КОНСОЛЬ,14535,14535,1,"Cтолы, светильники, вытяжки, боксы / Светильники для столов МАСТЕР, ЭЛЕМЕНТ, СУЛ 9.Х. Светильники для оборудования / Светильники общего освещения","Светильник в современном минималистическом дизайне с бюджетной ценой Для организации как основного, так и дополнительного освещения на зуботехнических и врачебных столах серий МАСТЕР, ЮНГА, ЭЛЕМЕНТ, ШТАТИВ, СУЛ 9.3, СПП 1.х М, СПП 2.х, СПП 1.0 ДРИМ, СПП 2.0 ДРИМ Светильник совместим с панелями системы БРИДЖ",https://www.averon.ru/upload/iblock/5aa/74m9x9r3y5hxp392l5jkbncx4j8axlz2.png,1,OFFICIAL_BRAND_SHOP_IN_ALMATY,KZ_SKU_EVIDENCE_REQUIRED,https://www.averon.ru/catalog/svetil_niki_obshaego_osveshaeniya/liuks_1_1_konsol_/
AVERON-12603,Averon,НПК АВЕРОН,ЛЮКС 1.1 ЛЕД ПЛЮС,12603,12603,1,"Cтолы, светильники, вытяжки, боксы / Светильники для столов МАСТЕР, ЭЛЕМЕНТ, СУЛ 9.Х. Светильники для оборудования / Светильники общего освещения",Светильник на пантографе с вертикально перемещаемым плафоном Общее освещение рабочего места. Ширина плафона 660 мм,https://www.averon.ru/upload/iblock/63f/wl89hnevywqi0yornbwwf6oza20kvf4o.png,1,OFFICIAL_BRAND_SHOP_IN_ALMATY,KZ_SKU_EVIDENCE_REQUIRED,https://www.averon.ru/catalog/svetil_niki_obshaego_osveshaeniya/liuks_1_1_led_plius/
AVERON-12325,Averon,НПК АВЕРОН,ЛЮКС 1.1 ЛЕД ЮНГА,12325,12325,1,"Cтолы, светильники, вытяжки, боксы / Светильники для столов МАСТЕР, ЭЛЕМЕНТ, СУЛ 9.Х. Светильники для оборудования / Светильники общего освещения",Светильник для общего освещения рабочего места Плафон шириной 660 мм на неподвижном кронштейне Встроенные элементы системы хранения,https://www.averon.ru/upload/iblock/701/gcc35jn19gygsj2oxnao9atchbs92w9g.png,1,OFFICIAL_BRAND_SHOP_IN_ALMATY,KZ_SKU_EVIDENCE_REQUIRED,https://www.averon.ru/catalog/svetil_niki_obshaego_osveshaeniya/liuks_1_1_led_iunga/
AVERON-12869,Averon,НПК АВЕРОН,ЛЮКС 1.1 МАСТЕР НЬЮ,12869,12869,1,"Cтолы, светильники, вытяжки, боксы / Светильники для столов МАСТЕР, ЭЛЕМЕНТ, СУЛ 9.Х. Светильники для оборудования / Светильники общего освещения",Многофункциональный светильник с горизонтально перемещаемым плафоном и встроенной системой хранения Общее освещение рабочего места. Ширина плафона 1155 мм,https://www.averon.ru/upload/iblock/392/38qk77aws6vm9xwu5jb9kodpevaw3agx.png,1,OFFICIAL_BRAND_SHOP_IN_ALMATY,KZ_SKU_EVIDENCE_REQUIRED,https://www.averon.ru/catalog/svetil_niki_obshaego_osveshaeniya/liuks_1_1_master_n_iu/
AVERON-12980,Averon,НПК АВЕРОН,ЛЮКС 1.1 МИНИ НЬЮ,12980,12980,1,"Cтолы, светильники, вытяжки, боксы / Светильники для столов МАСТЕР, ЭЛЕМЕНТ, СУЛ 9.Х. Светильники для оборудования / Светильники общего освещения",Многофункциональный светильник с горизонтально перемещаемым плафоном и встроенной системой хранения Общее освещение рабочего места. Ширина плафона 665 мм,https://www.averon.ru/upload/iblock/1b7/pitrrf2vse2fyaetebx6rxd96sjze7al.png,1,OFFICIAL_BRAND_SHOP_IN_ALMATY,KZ_SKU_EVIDENCE_REQUIRED,https://www.averon.ru/catalog/svetil_niki_obshaego_osveshaeniya/liuks_1_1_mini_n_iu/
AVERON-13135,Averon,НПК АВЕРОН,ЛЮКС 1.1 ЮНГА,13135,13135,1,"Cтолы, светильники, вытяжки, боксы / Светильники для столов МАСТЕР, ЭЛЕМЕНТ, СУЛ 9.Х. Светильники для оборудования / Светильники общего освещения",Светильник для общего освещения рабочего места Плафон шириной 1155 мм на неподвижном кронштейне Встроенные элементы системы хранения,https://www.averon.ru/upload/iblock/e98/jbnrpnqbvav7gg36jrbevmslgpig2q43.png,1,OFFICIAL_BRAND_SHOP_IN_ALMATY,KZ_SKU_EVIDENCE_REQUIRED,https://www.averon.ru/catalog/svetil_niki_obshaego_osveshaeniya/liuks_1_1_iunga/
AVERON-13223,Averon,НПК АВЕРОН,ЛЮКС 1.1 ЮНГА МИНИ,13223,13223,1,"Cтолы, светильники, вытяжки, боксы / Светильники для столов МАСТЕР, ЭЛЕМЕНТ, СУЛ 9.Х. Светильники для оборудования / Светильники общего освещения",Светильник для общего освещения рабочего места Плафон шириной 665 мм на неподвижном кронштейне Встроенные элементы системы хранения,https://www.averon.ru/upload/iblock/eb4/9bzicstw35zu129pgp1vloddpedmjeic.png,1,OFFICIAL_BRAND_SHOP_IN_ALMATY,KZ_SKU_EVIDENCE_REQUIRED,https://www.averon.ru/catalog/svetil_niki_obshaego_osveshaeniya/liuks_1_1_iunga_mini/
AVERON-12287,Averon,НПК АВЕРОН,ЛЮКС 2.0 НЬЮ,12287,12287,1,"Cтолы, светильники, вытяжки, боксы / Светильники для столов МАСТЕР, ЭЛЕМЕНТ, СУЛ 9.Х. Светильники для оборудования / Локальные светильники",Мобильный локальный светильник с гибким кронштейном и магнитной фиксацией,https://www.averon.ru/upload/iblock/a39/wswduxv9pjyj8l7kzam47lix8wr59x1y.jpg,1,OFFICIAL_BRAND_SHOP_IN_ALMATY,KZ_SKU_EVIDENCE_REQUIRED,https://www.averon.ru/catalog/lokal__svetil_niki/liuks_2_0_n_iu/
AVERON-6207,Averon,НПК АВЕРОН,ЛЮКС 2.0 ТЕЙБЛ,6207,6207,1,"Cтолы, светильники, вытяжки, боксы / Светильники для столов МАСТЕР, ЭЛЕМЕНТ, СУЛ 9.Х. Светильники для оборудования / Локальные светильники",Настольный светильник для локального освещения рабочей зоны. Магнитная фиксация. В комплекте сетевой USB-адаптер,https://www.averon.ru/upload/iblock/5d5/roxg9yh7xh8k3i5vplmtf0w1rrpb1nmv.jpg,1,OFFICIAL_BRAND_SHOP_IN_ALMATY,KZ_SKU_EVIDENCE_REQUIRED,https://www.averon.ru/catalog/lokal__svetil_niki/liuks_2_0_teybl/
AVERON-1867,Averon,НПК АВЕРОН,ЛЮКС 3.0 ЛИНЗА,1867,1867,1,"Cтолы, светильники, вытяжки, боксы / Светильники для столов МАСТЕР, ЭЛЕМЕНТ, СУЛ 9.Х. Светильники для оборудования / Локальные светильники",Кольцевой светильник с линзой Ø 120 мм. Пантограф. Струбцина,https://www.averon.ru/upload/iblock/974/x1p6ckr1uj0fp6m9v1yzueh0l5wtivo8.jpg,1,OFFICIAL_BRAND_SHOP_IN_ALMATY,KZ_SKU_EVIDENCE_REQUIRED,https://www.averon.ru/catalog/lokal__svetil_niki/lyuks_3_0_linza/
AVERON-1866,Averon,НПК АВЕРОН,ЛЮКС 3.0 ЛИНЗА МИНИ,1866,1866,1,"Cтолы, светильники, вытяжки, боксы / Светильники для столов МАСТЕР, ЭЛЕМЕНТ, СУЛ 9.Х. Светильники для оборудования / Локальные светильники","Компактный кольцевой светильник с линзой диаметром 90 мм Гибкий кронштейн ""гусиная шея"" Элементы системы хранения",https://www.averon.ru/upload/iblock/cbf/d9dlasjv2765cssrbfffufvth9pitrxb.png,1,OFFICIAL_BRAND_SHOP_IN_ALMATY,KZ_SKU_EVIDENCE_REQUIRED,https://www.averon.ru/catalog/lokal__svetil_niki/lyuks_3_0_linza_mini/
AVERON-1859,Averon,НПК АВЕРОН,ЛЮКС 5.0 АСОЗ,1859,1859,1,Пескоструйные аппараты / Система АСОЗ ПЛЮС,"Специализированный локальный светильник для встраивания в пескоструйные аппараты, боксы, шлифмоторы Магнитная фиксация",https://www.averon.ru/upload/iblock/92c/ixjmr1xqhp347b7cfg0rpf8j6coqbw02.jpg,1,OFFICIAL_BRAND_SHOP_IN_ALMATY,KZ_SKU_EVIDENCE_REQUIRED,https://www.averon.ru/catalog/system_asoz_plus/lyuks_5_0_asoz/
AVERON-1862,Averon,НПК АВЕРОН,ЛЮКС 5.0 БОКС,1862,1862,1,"Cтолы, светильники, вытяжки, боксы / Светильники для столов МАСТЕР, ЭЛЕМЕНТ, СУЛ 9.Х. Светильники для оборудования / Локальные светильники",Локальный светильник для закрытых боксов Магнитная фиксация,https://www.averon.ru/upload/iblock/7d0/c80zhfkj205dbd5n8fog253lwdpwuosf.jpg,1,OFFICIAL_BRAND_SHOP_IN_ALMATY,KZ_SKU_EVIDENCE_REQUIRED,https://www.averon.ru/catalog/lokal__svetil_niki/lyuks_5_0_boks/
AVERON-13617,Averon,НПК АВЕРОН,ЛЮКС 5.0 БОКС ДУЭТ,13617,13617,1,"Cтолы, светильники, вытяжки, боксы / Светильники для столов МАСТЕР, ЭЛЕМЕНТ, СУЛ 9.Х. Светильники для оборудования / Локальные светильники",Двойной потолочный светильник для закрытых боксов и прочих рабочих мест,https://www.averon.ru/upload/iblock/2ec/1gr1j42d261656u0dicx1ot6rhf6wox6.png,1,OFFICIAL_BRAND_SHOP_IN_ALMATY,KZ_SKU_EVIDENCE_REQUIRED,https://www.averon.ru/catalog/lokal__svetil_niki/liuks_5_0_boks_duet/
AVERON-3427,Averon,НПК АВЕРОН,ЛЮКС 5.0 ОГП,3427,3427,1,"Cтолы, светильники, вытяжки, боксы / Светильники для столов МАСТЕР, ЭЛЕМЕНТ, СУЛ 9.Х. Светильники для оборудования / Локальные светильники",Локальный светильник для ОГП 1.0 КОМФОРТ,https://www.averon.ru/upload/iblock/fae/br4f34oiei3j8pvz8v4dyo2uvq0xrz8g.jpg,1,OFFICIAL_BRAND_SHOP_IN_ALMATY,KZ_SKU_EVIDENCE_REQUIRED,https://www.averon.ru/catalog/lokal__svetil_niki/liuks_5_0_ogp/
AVERON-14825,Averon,НПК АВЕРОН,ЛЮКС 5.0 ПОНИ,14825,14825,1,"Cтолы, светильники, вытяжки, боксы / Светильники для столов МАСТЕР, ЭЛЕМЕНТ, СУЛ 9.Х. Светильники для оборудования / Локальные светильники",Локальный мини-светильник с магнитной фиксацией Для оборудования общего пользования Дополнительная подсветка индивидуальных рабочих местСтарт продаж: 07/2026,https://www.averon.ru/upload/iblock/bb2/ywcacdgahj1xjrsrlg4td7nwh3o7mnhi.jpg,1,OFFICIAL_BRAND_SHOP_IN_ALMATY,KZ_SKU_EVIDENCE_REQUIRED,https://www.averon.ru/catalog/lokal__svetil_niki/liuks_5_0_poni/
AVERON-13107,Averon,НПК АВЕРОН,ЛЮКС 5.0 ТЕЙБЛ АРТ,13107,13107,1,"Cтолы, светильники, вытяжки, боксы / Светильники для столов МАСТЕР, ЭЛЕМЕНТ, СУЛ 9.Х. Светильники для оборудования / Локальные светильники",Настольный универсальный светильник в дизайнерском исполнении Бестеневое немерцающее освещение рабочей зоны Для лабораторных и офисных столов,https://www.averon.ru/upload/iblock/203/bsioav9yav3k4bowrif93je8egxeghc7.jpg,1,OFFICIAL_BRAND_SHOP_IN_ALMATY,KZ_SKU_EVIDENCE_REQUIRED,https://www.averon.ru/catalog/lokal__svetil_niki/liuks_5_0_teybl_art/
AVERON-14647,Averon,НПК АВЕРОН,ЛЮКС 5.0 ТЕЙБЛ НЬЮ,14647,14647,1,"Cтолы, светильники, вытяжки, боксы / Светильники для столов МАСТЕР, ЭЛЕМЕНТ, СУЛ 9.Х. Светильники для оборудования / Локальные светильники",Настольный многофункциональный светильник в дизайнерском исполнении Бестеневое немерцающее освещение рабочей зоны Для лабораторных и офисных столов,https://www.averon.ru/upload/iblock/6b2/d1mgdrguirjlwho5047ppm4e5eorvn60.png,1,OFFICIAL_BRAND_SHOP_IN_ALMATY,KZ_SKU_EVIDENCE_REQUIRED,https://www.averon.ru/catalog/lokal__svetil_niki/liuks_5_0_teybl_n_iu/
AVERON-5187,Averon,НПК АВЕРОН,ЛЮКС 6.1 ЩИТ,5187,5187,1,"Cтолы, светильники, вытяжки, боксы / Светильники для столов МАСТЕР, ЭЛЕМЕНТ, СУЛ 9.Х. Светильники для оборудования / Локальные светильники",Специализированный светильник для боксов серии Б 6.х и Б 7.х,https://www.averon.ru/upload/iblock/4fa/e0z376qmmppy4k13zq72dxcqu3at6pon.jpg,1,OFFICIAL_BRAND_SHOP_IN_ALMATY,KZ_SKU_EVIDENCE_REQUIRED,https://www.averon.ru/catalog/lokal__svetil_niki/liuks_6_1_shait/
AVERON-12934,Averon,НПК АВЕРОН,ЛЮКС 7.1 ПОДСВЕТКА,12934,12934,1,"Cтолы, светильники, вытяжки, боксы / Светильники для столов МАСТЕР, ЭЛЕМЕНТ, СУЛ 9.Х. Светильники для оборудования / Локальные светильники",Набор для организации подсветки декоративного изображения на задней многофункциональной стенке столов СЗТ 3.2 ДРИМ и боксов Б 5.0 МАСТЕР ЭКО / БАЗИС / СТАРТ,https://www.averon.ru/upload/iblock/93b/3etdbk42zx83ifun3hdnss8x00pntts4.jpg,1,OFFICIAL_BRAND_SHOP_IN_ALMATY,KZ_SKU_EVIDENCE_REQUIRED,https://www.averon.ru/catalog/lokal__svetil_niki/liuks_7_1_podsvetka/
AVERON-12863,Averon,НПК АВЕРОН,ЛЮКС 7.2 ПОДСВЕТКА,12863,12863,1,"Cтолы, светильники, вытяжки, боксы / Светильники для столов МАСТЕР, ЭЛЕМЕНТ, СУЛ 9.Х. Светильники для оборудования / Локальные светильники",Набор для организации подсветки декоративных изображений на задней многофункциональной стенке столов СЗТ 4.3 МАСТЕР МИНИ и СЗТ 4.3 ЮНГА МИНИ,https://www.averon.ru/upload/iblock/cc7/6n9j1z94n6xnvyhcn89ht5v06asylgj3.jpg,1,OFFICIAL_BRAND_SHOP_IN_ALMATY,KZ_SKU_EVIDENCE_REQUIRED,https://www.averon.ru/catalog/lokal__svetil_niki/liuks_7_2_podsvetka/
AVERON-12864,Averon,НПК АВЕРОН,ЛЮКС 7.3 ПОДСВЕТКА,12864,12864,1,"Cтолы, светильники, вытяжки, боксы / Светильники для столов МАСТЕР, ЭЛЕМЕНТ, СУЛ 9.Х. Светильники для оборудования / Локальные светильники","Набор для организации подсветки декоративных изображений на задней многофункциональной стенке столов СЗТ 4.3 МАСТЕР, СЗТ 4.3 ЮНГА",https://www.averon.ru/upload/iblock/8cf/x5q9qobngjqc0e1rvmn3n4hpalog20k5.jpg,1,OFFICIAL_BRAND_SHOP_IN_ALMATY,KZ_SKU_EVIDENCE_REQUIRED,https://www.averon.ru/catalog/lokal__svetil_niki/liuks_7_3_podsvetka/
AVERON-14694,Averon,НПК АВЕРОН,МА 1.2 УПС,14694,14694,1,Оборудование для изготовления протезов / Обработка-полировка,Автономный модуль автоматического заполнения водой бака пароструйного аппарата УПС 1.2 АВТО,https://www.averon.ru/upload/iblock/cb3/9b1ar96rgux9r3eg9je9uhg580ni5zmw.png,1,OFFICIAL_BRAND_SHOP_IN_ALMATY,KZ_SKU_EVIDENCE_REQUIRED,https://www.averon.ru/catalog/obrabotka-polirovka/ma_1_2_ups/
AVERON-1950,Averon,НПК АВЕРОН,МАГНИТ 1.0 ДИСК,1950,1950,1,"Cтолы, светильники, вытяжки, боксы / Полезные мелочи, принадлежности общего применения",Комплект из четырех универсальных дисковых сверхсильных магнитов.,https://www.averon.ru/upload/iblock/e20/asqlr43zs8i4nwnnw4xln7oxsyad5oxm.png,1,OFFICIAL_BRAND_SHOP_IN_ALMATY,KZ_SKU_EVIDENCE_REQUIRED,https://www.averon.ru/catalog/polezmelochi_dlya_rabochih_mest/magnit_1_0_disk/
AVERON-9144,Averon,НПК АВЕРОН,МАГНИТ 1.0 ЛОГО,9144,9144,1,Сувенирная продукция АВЕРОН,Сувенирный магнит в виде фишки с логотипом,https://www.averon.ru/upload/iblock/fa0/87kybz6k8giawo13hljtqrrnfdp1ameo.jpg,1,OFFICIAL_BRAND_SHOP_IN_ALMATY,KZ_SKU_EVIDENCE_REQUIRED,https://www.averon.ru/catalog/suvenirnaya_produkciya_averon/magnit_1_0_logo/
AVERON-5940,Averon,НПК АВЕРОН,МАГНИТ 2.0 КОМФОРТ,5940,5940,1,"Cтолы, светильники, вытяжки, боксы / Полезные мелочи, принадлежности общего применения",Комплект из двух сверхсильных магнитов с крючками,https://www.averon.ru/upload/iblock/daa/17l14m8cqrnllvpasw0us20icnzb4ncq.jpg,1,OFFICIAL_BRAND_SHOP_IN_ALMATY,KZ_SKU_EVIDENCE_REQUIRED,https://www.averon.ru/catalog/polezmelochi_dlya_rabochih_mest/magnit_2_0_komfort/
AVERON-13659,Averon,НПК АВЕРОН,МАГНИТ 2.0 ЭФФЕКТ,13659,13659,1,"Cтолы, светильники, вытяжки, боксы / Полезные мелочи, принадлежности общего применения",Комплект из двух сверхсильных магнитов с ручками,https://www.averon.ru/upload/iblock/75b/iexjmq4939tvc1ipr32gvkt3u59210gi.png,1,OFFICIAL_BRAND_SHOP_IN_ALMATY,KZ_SKU_EVIDENCE_REQUIRED,https://www.averon.ru/catalog/polezmelochi_dlya_rabochih_mest/magnit_2_0_effekt/
AVERON-13688,Averon,НПК АВЕРОН,МАГНИТ 4.0 ХОЛДЕР,13688,13688,1,"Cтолы, светильники, вытяжки, боксы / Полезные мелочи, принадлежности общего применения","Комплект из двух прямоугольных сверхсильных магнитов для организации удобного хранения боров, инструментов и прочего",https://www.averon.ru/upload/iblock/25d/fnotiknp4rzioffma07ymkzqg64wdoe0.png,1,OFFICIAL_BRAND_SHOP_IN_ALMATY,KZ_SKU_EVIDENCE_REQUIRED,https://www.averon.ru/catalog/polezmelochi_dlya_rabochih_mest/magnit_4_0_holder/
AVERON-14034,Averon,НПК АВЕРОН,МАЧТА 1.0 ПРОВОД,14034,14034,1,"Cтолы, светильники, вытяжки, боксы / Полезные мелочи, принадлежности общего применения","Спица-мачта для аккуратной прокладки проводов (пневмотрубок) над столами серий МАСТЕР, ЮНГА, ЭЛЕМЕНТ, СУЛ 9.3",https://www.averon.ru/upload/iblock/c2a/u3m9fa81pf4fw1mblmqzldwgwhc5knr1.jpg,1,OFFICIAL_BRAND_SHOP_IN_ALMATY,KZ_SKU_EVIDENCE_REQUIRED,https://www.averon.ru/catalog/polezmelochi_dlya_rabochih_mest/machta_1_0_provod/
AVERON-13849,Averon,НПК АВЕРОН,МВ 3.2 ДРИМ,13849,13849,1,"Cтолы, светильники, вытяжки, боксы / Мобильные столы на платформах ДРИМ, ШТАТИВ АРТ, УПЗ 7.2. Подкатные столики СПП / Платформа СЗТ ДРИМ. Индивидуальные рабочие места",Вытяжной модуль для установки на СЗТ 3.2 ДРИМ,https://www.averon.ru/upload/iblock/84a/ag2q44z873gyl1zgm9x5kkfk3cq0tpvd.png,1,OFFICIAL_BRAND_SHOP_IN_ALMATY,KZ_SKU_EVIDENCE_REQUIRED,https://www.averon.ru/catalog/platforma_szt_drim_individual__rabochie_mesta/mv_3_2_drim/
AVERON-14578,Averon,НПК АВЕРОН,МВ 3.2 НЬЮ,14578,14578,1,"Cтолы, светильники, вытяжки, боксы / Автономные вытяжки для работы с пылью, газами и для CAD-CAM систем. Циклоны, прочие фильтры / Щеточные (коллекторные) вытяжные системы для индивидуальных и общих рабочих мест. Серии УПЗ 5.0 и УПЗ 7.2","Автономный модуль вытяжки для работы с зуботехническим модулем фильтров АМФ 1.0 НЬЮ АРТ, с вытяжной системой ВМУ 3.0 НЬЮ СТАРТ",https://www.averon.ru/upload/iblock/bc5/iicvk4t05i73sz9ozyxu3g1l0k16i216.png,1,OFFICIAL_BRAND_SHOP_IN_ALMATY,KZ_SKU_EVIDENCE_REQUIRED,https://www.averon.ru/catalog/shaetoch_kollektor_v_tyaj_sistem__dlya_individual_n_h_i_obshaih_rabochih_mest_serii_upz_5_0_i_upz_7_2/mv_3_2_n_iu/
AVERON-1725,Averon,НПК АВЕРОН,МОДЕЛЛЕР М 1.1 С,1725,1725,1,Уцененное оборудование,Насадка сенсорная. Форма рабочей части инструмента - скальпель.,https://www.averon.ru/upload/iblock/657/ekkh5gxa9fr6xygvxf49w513gn4es2k3.jpg,1,OFFICIAL_BRAND_SHOP_IN_ALMATY,KZ_SKU_EVIDENCE_REQUIRED,https://www.averon.ru/catalog/ucenyonnoe_oborudovanie/modeller_m_1_1_s/
AVERON-1726,Averon,НПК АВЕРОН,МОДЕЛЛЕР М 2.1 С,1726,1726,1,Уцененное оборудование,"Насадка сенсорная. Форма рабочей части инструмента - игла Д=1,5 мм",https://www.averon.ru/upload/iblock/0ff/de7qazjc36ie5cuiavmfxjfg80hcab07.jpg,1,OFFICIAL_BRAND_SHOP_IN_ALMATY,KZ_SKU_EVIDENCE_REQUIRED,https://www.averon.ru/catalog/ucenyonnoe_oborudovanie/modeller_m_2_1_s/
AVERON-1716,Averon,НПК АВЕРОН,МОДЕЛЛЕР М 3.1,1716,1716,1,Уцененное оборудование,Насадка. Форма рабочей части инструмента - нож.,https://www.averon.ru/upload/iblock/f99/36hs2k0z9sdrlswwgm9d4f4dw5hfc3ho.jpg,1,OFFICIAL_BRAND_SHOP_IN_ALMATY,KZ_SKU_EVIDENCE_REQUIRED,https://www.averon.ru/catalog/ucenyonnoe_oborudovanie/modeller_m_3_1/
AVERON-1727,Averon,НПК АВЕРОН,МОДЕЛЛЕР М 3.1 С,1727,1727,1,Уцененное оборудование,Насадка сенсорная. Форма рабочей части инструмента - нож.,https://www.averon.ru/upload/iblock/5fc/06064x0k1it4s5vb4ua1qx99nvxtxmvq.jpg,1,OFFICIAL_BRAND_SHOP_IN_ALMATY,KZ_SKU_EVIDENCE_REQUIRED,https://www.averon.ru/catalog/ucenyonnoe_oborudovanie/modeller_m_3_1_s/
AVERON-1730,Averon,НПК АВЕРОН,МОДЕЛЛЕР М 8.1 С,1730,1730,1,Уцененное оборудование,"Насадка сенсорная. Форма рабочей части инструмента - игла Д=0,5 мм",https://www.averon.ru/upload/iblock/f26/w5xs9c686ec8p9otms1swtte9n85h3of.jpg,1,OFFICIAL_BRAND_SHOP_IN_ALMATY,KZ_SKU_EVIDENCE_REQUIRED,https://www.averon.ru/catalog/ucenyonnoe_oborudovanie/modeller_m_8_1_s/
AVERON-6388,Averon,НПК АВЕРОН,МОЛНИЯ 5.0,6388,6388,1,Литейное оборудование,Аппарат для микроимпульсной сварки. Дополнительные регулировки сварочного импульса,https://www.averon.ru/upload/iblock/7a9/cdx96ee20ao2y0uqen8qbvv35nvhz4pk.png,1,OFFICIAL_BRAND_SHOP_IN_ALMATY,KZ_SKU_EVIDENCE_REQUIRED,https://www.averon.ru/catalog/liteynoe_oborudovanie/molniya_5_0/
AVERON-1939,Averon,НПК АВЕРОН,МПВ 1.0,1939,1939,1,"Cтолы, светильники, вытяжки, боксы / Пневматика для рабочих мест",Редуктор с манометром и влагомаслоотделителем,https://www.averon.ru/upload/iblock/746/xofendtasfrpxkust306ljbzchb6aotc.png,1,OFFICIAL_BRAND_SHOP_IN_ALMATY,KZ_SKU_EVIDENCE_REQUIRED,https://www.averon.ru/catalog/elektron_ustroystva_dlya_rabochih_mest/mpv_1_0/
AVERON-8991,Averon,НПК АВЕРОН,МПВ 1.0 АСОЗ,8991,8991,1,Пескоструйные аппараты / Система АСОЗ ПЛЮС,"Специализированный модуль подготовки воздуха для системы АСОЗ ПЛЮС Может использоваться совместно с Б 1.0 АСОЗ, АСОЗ 5.1 Б СТАРТ, АСОЗ 5.1 С СТАРТ, АСОЗ 5.2 НЬЮ",https://www.averon.ru/upload/iblock/e63/u43qc1604hpymmvgqyj9q98e38dqt8pw.png,1,OFFICIAL_BRAND_SHOP_IN_ALMATY,KZ_SKU_EVIDENCE_REQUIRED,https://www.averon.ru/catalog/system_asoz_plus/mpv_1_0_asoz/
AVERON-1940,Averon,НПК АВЕРОН,МПВ 1.0 ФИЛЬТР,1940,1940,1,"Cтолы, светильники, вытяжки, боксы / Пневматика для рабочих мест",Фильтр для качественной очистки воздуха из пневмосети,https://www.averon.ru/upload/iblock/4bd/72gekzg7fqrm3rza61iqbm4gf31f4gu9.png,1,OFFICIAL_BRAND_SHOP_IN_ALMATY,KZ_SKU_EVIDENCE_REQUIRED,https://www.averon.ru/catalog/elektron_ustroystva_dlya_rabochih_mest/mpv_1_0_fil__tr/
AVERON-13231,Averon,НПК АВЕРОН,МПВ 1.1 ФИЛЬТР,13231,13231,1,"Cтолы, светильники, вытяжки, боксы / Пневматика для рабочих мест",Фильтр для очистки сжатого воздуха из пневмосети,https://www.averon.ru/upload/iblock/7a1/p8hmt1rbcrnv68ffytkayowxu3zxndep.png,1,OFFICIAL_BRAND_SHOP_IN_ALMATY,KZ_SKU_EVIDENCE_REQUIRED,https://www.averon.ru/catalog/elektron_ustroystva_dlya_rabochih_mest/mpv_1_1_fil_tr/
AVERON-9608,Averon,НПК АВЕРОН,МС 3.0 АСОЗ,9608,9608,1,Пескоструйные аппараты / Система АСОЗ ПЛЮС,"Модуль струйный с эжекционной системой подачи абразива из открытого бункера Сопло ТС 3.0 М (Ø 3 мм), объём бункера 1.5 л Элемент системы АСОЗ ПЛЮС",https://www.averon.ru/upload/iblock/0fb/rjqdua635od6crsyqgxzp15yhixk679g.jpg,1,OFFICIAL_BRAND_SHOP_IN_ALMATY,KZ_SKU_EVIDENCE_REQUIRED,https://www.averon.ru/catalog/system_asoz_plus/msc_3_0_asoz/
AVERON-12701,Averon,НПК АВЕРОН,МС 4.6 Б,12701,12701,1,Пескоструйные аппараты / Система АСОЗ ПЛЮС,Струйный модуль (диаметр сопла 1.5 мм) Элемент системы АСОЗ ПЛЮС,https://www.averon.ru/upload/iblock/2e0/xegd2irwik7pvllryalypi3vn6fa5jju.png,1,OFFICIAL_BRAND_SHOP_IN_ALMATY,KZ_SKU_EVIDENCE_REQUIRED,https://www.averon.ru/catalog/system_asoz_plus/ms_4_6_b/
AVERON-14261,Averon,НПК АВЕРОН,МС 4.6 БМ,14261,14261,1,Пескоструйные аппараты / Система АСОЗ ПЛЮС,Струйный модуль (диаметр сопла 1.5 мм) Элемент системы АСОЗ ПЛЮС,https://www.averon.ru/upload/iblock/bf2/hx98rjk2n13hf0td0a3d92nw7iwwk4mb.png,1,OFFICIAL_BRAND_SHOP_IN_ALMATY,KZ_SKU_EVIDENCE_REQUIRED,https://www.averon.ru/catalog/system_asoz_plus/ms_4_6_bm/
AVERON-12702,Averon,НПК АВЕРОН,МС 4.6 С,12702,12702,1,Пескоструйные аппараты / Система АСОЗ ПЛЮС,Струйный модуль (диаметр сопла 1.0 мм) Элемент системы АСОЗ ПЛЮС,https://www.averon.ru/upload/iblock/9c4/yd5dyvww5yz8b65kml8uupsblz13h28c.png,1,OFFICIAL_BRAND_SHOP_IN_ALMATY,KZ_SKU_EVIDENCE_REQUIRED,https://www.averon.ru/catalog/system_asoz_plus/ms_4_6_s/
AVERON-14262,Averon,НПК АВЕРОН,МС 4.6 СМ,14262,14262,1,Пескоструйные аппараты / Система АСОЗ ПЛЮС,Струйный модуль (диаметр сопла 1.0 мм) Элемент системы АСОЗ ПЛЮС,https://www.averon.ru/upload/iblock/230/5i1ys6vhmlbth0if8flgo6n2ueotcifz.png,1,OFFICIAL_BRAND_SHOP_IN_ALMATY,KZ_SKU_EVIDENCE_REQUIRED,https://www.averon.ru/catalog/system_asoz_plus/ms_4_6_sm/
AVERON-3420,Averon,НПК АВЕРОН,НАБОР 2.0 ПАЙКА,3420,3420,1,"Cтолы, светильники, вытяжки, боксы / Столы серии СУЛ 9.3 для гипсовочной. Лабораторные столы ЭЛЕМЕНТ, СУЛ 1.х ТУМБА. Гипсоотстойники и др. сопутствующее оборудование / Серия Элемент. Лабораторные столы",Набор для создания вытяжного шкафа на базе столов ЭЛЕМЕНТ,https://www.averon.ru/upload/iblock/cb3/odapd4qhlkkpw0n01xeynoz9dy6jjf7n.png,1,OFFICIAL_BRAND_SHOP_IN_ALMATY,KZ_SKU_EVIDENCE_REQUIRED,https://www.averon.ru/catalog/seriya_element_laborator_stol_/nabor_2_0_payka/
AVERON-12928,Averon,НПК АВЕРОН,НАБОР 25.0 ТЕРМОПРЕСС,12928,12928,1,Оборудование для изготовления протезов / Термолитьевое прессование,Набор для прессования сминаемых / несминаемых картриджей ø25 мм для ТЕРМОПРЕССА 3.0 СТАРТ,https://www.averon.ru/upload/iblock/766/hw6n00xlf0d31zncgbio3ok7w5ayt1t6.jpg,1,OFFICIAL_BRAND_SHOP_IN_ALMATY,KZ_SKU_EVIDENCE_REQUIRED,https://www.averon.ru/catalog/termolit_evoe_pressovanie_/nabor_25_0_termopress/
AVERON-6428,Averon,НПК АВЕРОН,НАБОР 6.4 КАСТ,6428,6428,1,Оборудование для изготовления протезов / Обработка-полировка,Набор деталей для установки на вал шлифмоторов серии ПОЛИР 6.4 отрезных дисков Ø 115-125 мм,https://www.averon.ru/upload/iblock/0cd/3mtv91uznvu4e9xwlvojpran3v0wblem.jpg,1,OFFICIAL_BRAND_SHOP_IN_ALMATY,KZ_SKU_EVIDENCE_REQUIRED,https://www.averon.ru/catalog/obrabotka-polirovka/nabor_6_4_kast/
AVERON-6391,Averon,НПК АВЕРОН,НАБОР 6.4 ПОЛИР,6391,6391,1,Оборудование для изготовления протезов,Набор из двух сменных конусных наконечников (левый и правый) для установки на шлифмоторы серии ПОЛИР 6.4. Предназначен для самостоятельной замены изношенных конусных наконечников.,https://www.averon.ru/upload/iblock/9e2/tpsk4glejosj3fxxn4qg73k7noismdn3.jpg,1,OFFICIAL_BRAND_SHOP_IN_ALMATY,KZ_SKU_EVIDENCE_REQUIRED,https://www.averon.ru/catalog/oborudovanie_dlya_izgotovleniya_protezov/nabor_6_4_polir/
AVERON-12361,Averon,НПК АВЕРОН,НАБОР 6.5 ПОЛИР,12361,12361,1,Оборудование для изготовления протезов / Обработка-полировка,Набор из двух сменных конусных наконечников (левый и правый) для установки на шлифмоторы серии ПОЛИР 6.5 Предназначен для самостоятельной замены изношенных конусных наконечников,https://www.averon.ru/upload/iblock/5c1/91j708i5ltlb7fz79j5mm7i9ixz0rk0n.jpg,1,OFFICIAL_BRAND_SHOP_IN_ALMATY,KZ_SKU_EVIDENCE_REQUIRED,https://www.averon.ru/catalog/obrabotka-polirovka/nabor_6_5_polir/
AVERON-1820,Averon,НПК АВЕРОН,НАБОР 7.0 ВЕРСИЯ,1820,1820,1,"Cтолы, светильники, вытяжки, боксы / Столы серии СУЛ 9.3 для гипсовочной. Лабораторные столы ЭЛЕМЕНТ, СУЛ 1.х ТУМБА. Гипсоотстойники и др. сопутствующее оборудование / Серия Элемент. Лабораторные столы",Набор полок на столы ЭЛЕМЕНТ. Размещение литейной мини-лаборатории,https://www.averon.ru/upload/iblock/39c/zvtf0vj19bk1u0jlzidjfzcu20gnk3lm.png,1,OFFICIAL_BRAND_SHOP_IN_ALMATY,KZ_SKU_EVIDENCE_REQUIRED,https://www.averon.ru/catalog/seriya_element_laborator_stol_/nabor_7_0_versiya/
AVERON-12199,Averon,НПК АВЕРОН,Набор КОМФОРТ,12199,12199,1,Паяльное оборудование / Готовые решения SMT,"Базовый набор оборудования, позволяющий производить весь цикл монтажа SMD-компонентов + светильники, набор мебели с расширенной системой хранения и скомплектованная система дымоудаления",https://www.averon.ru/upload/iblock/177/ixocnp59j3xadcqxlhgtzfncw3qdiejc.jpg,1,OFFICIAL_BRAND_SHOP_IN_ALMATY,KZ_SKU_EVIDENCE_REQUIRED,https://www.averon.ru/catalog/ready_made_surface_mounting_solutions/nabor_komfort/
AVERON-1768,Averon,НПК АВЕРОН,НАБОР ОПОКА 1.0 ВЕРСИЯ,1768,1768,1,Литейное оборудование,"Набор форм для опок на 40, 60, 80 мм, опок 60х70 + форма для восковых профилей КРЕСТИК 9.0 ВЕРСИЯ",https://www.averon.ru/upload/iblock/f34/sux4thrt9th5hskz59h0fsvgskn7jzx1.jpg,1,OFFICIAL_BRAND_SHOP_IN_ALMATY,KZ_SKU_EVIDENCE_REQUIRED,https://www.averon.ru/catalog/liteynoe_oborudovanie/nabor_opoka_1_0_versiya/
AVERON-12200,Averon,НПК АВЕРОН,Набор ОПТИМУМ,12200,12200,1,Паяльное оборудование / Готовые решения SMT,"Базовый набор оборудования, позволяющий производить весь цикл монтажа SMD-компонентов с минимальным набором мебели, светильников и системы дымоудаления.",https://www.averon.ru/upload/iblock/ba5/0ft5eog7k5kiiknpfvtzczx3xfh913uq.jpg,1,OFFICIAL_BRAND_SHOP_IN_ALMATY,KZ_SKU_EVIDENCE_REQUIRED,https://www.averon.ru/catalog/ready_made_surface_mounting_solutions/nabor_optimum/
AVERON-12201,Averon,НПК АВЕРОН,Набор СТАРТ,12201,12201,1,Паяльное оборудование / Готовые решения SMT,"Оборудования для SMT-монтажа (без мебели, светильников и системы дымоудаления).",https://www.averon.ru/upload/iblock/96e/xp0oyv6espq8r79o2643tx9n73hajjhd.jpg,1,OFFICIAL_BRAND_SHOP_IN_ALMATY,KZ_SKU_EVIDENCE_REQUIRED,https://www.averon.ru/catalog/ready_made_surface_mounting_solutions/nabor_start/
AVERON-8810,Averon,НПК АВЕРОН,НАДСТРОЙКА 1.0 СПП,8810,8810,1,"Cтолы, светильники, вытяжки, боксы / Мобильные столы на платформах ДРИМ, ШТАТИВ АРТ, УПЗ 7.2. Подкатные столики СПП / Подкатные столики СПП",Надстройка для расширения потребительских свойств мобильных столиков серий СПП 1.х М и СПП 2.х,https://www.averon.ru/upload/iblock/990/12s53b503wlolbsn7kh22pdj9w3ufkcr.png,1,OFFICIAL_BRAND_SHOP_IN_ALMATY,KZ_SKU_EVIDENCE_REQUIRED,https://www.averon.ru/catalog/podkat_stoliki_spp/nadstroyka_1_0_spp/
AVERON-5549,Averon,НПК АВЕРОН,НАДСТРОЙКА 1.0 ТУМБА,5549,5549,1,"Cтолы, светильники, вытяжки, боксы / Столы зубного техника на платформе СЗТ 4.3. Стулья. Элементы системы хранения / Элементы системы хранения","Универсальный модуль для расширения функционала ТУМБА 1.2, построения стеллажных вертикальных систем хранения, использования в качестве подставки для пескоструйных аппаратов",https://www.averon.ru/upload/iblock/cca/ca3d61ehto6skc6trjdw0aw4gazwcp03.png,1,OFFICIAL_BRAND_SHOP_IN_ALMATY,KZ_SKU_EVIDENCE_REQUIRED,https://www.averon.ru/catalog/element_sistem_hraneniya/nadstroyka_1_0_tumba/
AVERON-3555,Averon,НПК АВЕРОН,НАДСТРОЙКА 1.1 БРИДЖ,3555,3555,1,"Cтолы, светильники, вытяжки, боксы / Системы БРИДЖ и ВЕРТИКАЛЬ для столов МАСТЕР, ЭЛЕМЕНТ, СУЛ 9.3. Произвольные конфигурации рабочих мест / Локальные элементы системы БРИДЖ",Дополнительная надстройка на ПОЛКА 1.2 БРИДЖ,https://www.averon.ru/upload/iblock/7ae/j6q01givouchimotc10v45xnkw2p6k1q.png,1,OFFICIAL_BRAND_SHOP_IN_ALMATY,KZ_SKU_EVIDENCE_REQUIRED,https://www.averon.ru/catalog/dopolnitel_element_sistem_bridj/nadstroyka_1_1_bridj/
AVERON-1665,Averon,НПК АВЕРОН,НАРУКАВНИК 1.0,1665,1665,1,Пескоструйные аппараты / Система АСОЗ ПЛЮС,Нарукавники для пескоструйных аппаратов АВЕРОН,https://www.averon.ru/upload/iblock/0b5/vaxean7jzqxqyk7v7t7dxzdz65e39580.jpg,1,OFFICIAL_BRAND_SHOP_IN_ALMATY,KZ_SKU_EVIDENCE_REQUIRED,https://www.averon.ru/catalog/system_asoz_plus/narukavnik_1_0/
AVERON-2012,Averon,НПК АВЕРОН,НАСАДКА 1.0 У НТ,2012,2012,1,Оборудование для терапии,"Насадка сменная угловая для термоножа, узкая",https://www.averon.ru/upload/iblock/b1d/9y2arz3s72dhgoyc4yh075iqcd8sen0o.jpg,1,OFFICIAL_BRAND_SHOP_IN_ALMATY,KZ_SKU_EVIDENCE_REQUIRED,https://www.averon.ru/catalog/terapevticheskoe_oborudovanie/nasadka_1_0u_nt/
AVERON-12691,Averon,НПК АВЕРОН,НАСАДКА 1.0 ШГВ,12691,12691,1,"Cтолы, светильники, вытяжки, боксы / Полезные мелочи, принадлежности общего применения",Щелевая насадка на шланги ШГВ от вытяжек УПЗ АВЕРОН Для эффективной уборки труднодоступных участков рабочих мест,https://www.averon.ru/upload/iblock/1ff/542w00dl39lgk6p0y5fnm12qswu7e6cn.png,1,OFFICIAL_BRAND_SHOP_IN_ALMATY,KZ_SKU_EVIDENCE_REQUIRED,https://www.averon.ru/catalog/polezmelochi_dlya_rabochih_mest/nasadka_1_0_shgv/
AVERON-2605,Averon,НПК АВЕРОН,НС 4.0 НЬЮ,2605,2605,1,Устройства для моделирования восками,"Сменная насадка для электрошпателей серии ""НЬЮ"". Форма рабочей части: ""игла изогнутая, тонкая""",https://www.averon.ru/upload/iblock/5cf/hz13snuqds5yw49xrfq63aoo66jsx3ck.jpg,1,OFFICIAL_BRAND_SHOP_IN_ALMATY,KZ_SKU_EVIDENCE_REQUIRED,https://www.averon.ru/catalog/ustroistva_modelirovaniya_voskami/ns_4_0_n__iu/
AVERON-1711,Averon,НПК АВЕРОН,НС 5.0 НЬЮ,1711,1711,1,Устройства для моделирования восками,"Сменная насадка для электрошпателей серии ""НЬЮ"". Форма рабочей части: ""лопатка прямая""",https://www.averon.ru/upload/iblock/c09/h2ar876rysvbsw5bk9z2qk4pteln3z6q.jpg,1,OFFICIAL_BRAND_SHOP_IN_ALMATY,KZ_SKU_EVIDENCE_REQUIRED,https://www.averon.ru/catalog/ustroistva_modelirovaniya_voskami/ns_5_0_nyu/
AVERON-2607,Averon,НПК АВЕРОН,НС 7.0 НЬЮ,2607,2607,1,Устройства для моделирования восками,"Сменная насадка для элекрошпателей серии ""НЬЮ"". Форма рабочей части: ""игла изогнутая, толстая""",https://www.averon.ru/upload/iblock/9c1/xfbc8wtxrb0scqqrdu6pa5qdsksdygq8.jpg,1,OFFICIAL_BRAND_SHOP_IN_ALMATY,KZ_SKU_EVIDENCE_REQUIRED,https://www.averon.ru/catalog/ustroistva_modelirovaniya_voskami/ns_7_0_n__iu/
AVERON-2608,Averon,НПК АВЕРОН,НС 8.0 НЬЮ,2608,2608,1,Устройства для моделирования восками,"Сменная насадка для элекрошпателей серии ""НЬЮ"". Форма рабочей части: ""игла ø 0.5 мм""",https://www.averon.ru/upload/iblock/9ce/2cmu334rbgritajr0h04ywedew7j34c6.jpg,1,OFFICIAL_BRAND_SHOP_IN_ALMATY,KZ_SKU_EVIDENCE_REQUIRED,https://www.averon.ru/catalog/ustroistva_modelirovaniya_voskami/ns_8_0_n__iu/
AVERON-2609,Averon,НПК АВЕРОН,НС 9.0 НЬЮ,2609,2609,1,Устройства для моделирования восками,"Сменная насадка для элекрошпателей серии ""НЬЮ"". Форма рабочей части: ""игла ø 1 мм""",https://www.averon.ru/upload/iblock/297/lpci01luu8vv0cj3q1erl00auljxlf6j.jpg,1,OFFICIAL_BRAND_SHOP_IN_ALMATY,KZ_SKU_EVIDENCE_REQUIRED,https://www.averon.ru/catalog/ustroistva_modelirovaniya_voskami/ns_9_0_n__iu/
AVERON-5444,Averon,НПК АВЕРОН,НТ 5.1,5444,5444,1,Уцененное оборудование,Термонож для обрезки гуттаперчевых штифтов,https://www.averon.ru/upload/iblock/246/6wopizbk65js6mfglm3kbacohlffc2f2.jpg,1,OFFICIAL_BRAND_SHOP_IN_ALMATY,KZ_SKU_EVIDENCE_REQUIRED,https://www.averon.ru/catalog/ucenyonnoe_oborudovanie/nt_5_1/
AVERON-14128,Averon,НПК АВЕРОН,НТ 5.1 Н,14128,14128,1,Уцененное оборудование,Термонож для обрезки гуттаперчевых штифтов,https://www.averon.ru/upload/iblock/9ce/pinpsl32h4ce0unaiti38svp4yt0p0k4.jpg,1,OFFICIAL_BRAND_SHOP_IN_ALMATY,KZ_SKU_EVIDENCE_REQUIRED,https://www.averon.ru/catalog/ucenyonnoe_oborudovanie/nt_5_1_n/
AVERON-13185,Averon,НПК АВЕРОН,НТ 5.1 НЬЮ,13185,13185,1,Оборудование для терапии,Термонож для обрезки гуттаперчевых штифтов Обновленный дизайн,https://www.averon.ru/upload/iblock/7dc/93pocu2prg3tfuhahl1i678ltm6jyf4g.png,1,OFFICIAL_BRAND_SHOP_IN_ALMATY,KZ_SKU_EVIDENCE_REQUIRED,https://www.averon.ru/catalog/terapevticheskoe_oborudovanie/nt_5_1_n_iu/
AVERON-2000,Averon,НПК АВЕРОН,ОВК 1.0 АВЕКС,2000,2000,1,Оборудование для терапии,Электронный определитель верхушки корня зуба,https://www.averon.ru/upload/iblock/c7c/xv0tq5kciqcoagknuua92g0y91y2h0py.jpg,1,OFFICIAL_BRAND_SHOP_IN_ALMATY,KZ_SKU_EVIDENCE_REQUIRED,https://www.averon.ru/catalog/terapevticheskoe_oborudovanie/ovk_1_0_aveks/
AVERON-2820,Averon,НПК АВЕРОН,ОГП 1.0 КОМФОРТ,2820,2820,1,"Cтолы, светильники, вытяжки, боксы / Столы серии СУЛ 9.3 для гипсовочной. Лабораторные столы ЭЛЕМЕНТ, СУЛ 1.х ТУМБА. Гипсоотстойники и др. сопутствующее оборудование / Серия 9.3. Столы для гипсовочной лаборатории, гипсоотстойники и сопутствующее оборудование","Гипсоотстойник с двухступенчатой фильтрацией, комфортное обслуживание основного контейнера",https://www.averon.ru/upload/iblock/f4f/s1ncw4gp6hcoqvpi8xxdr2h3cidfp7z3.png,1,OFFICIAL_BRAND_SHOP_IN_ALMATY,KZ_SKU_EVIDENCE_REQUIRED,https://www.averon.ru/catalog/seriya_9_3_stol_dlya_gipsovochnoy_laboratorii_gipsootstoyniki_i_soputstvuiushaee_oborudovanie_/ogp_1_0_komfort/
AVERON-1841,Averon,НПК АВЕРОН,ОГП 2.0,1841,1841,1,"Cтолы, светильники, вытяжки, боксы / Столы серии СУЛ 9.3 для гипсовочной. Лабораторные столы ЭЛЕМЕНТ, СУЛ 1.х ТУМБА. Гипсоотстойники и др. сопутствующее оборудование / Серия 9.3. Столы для гипсовочной лаборатории, гипсоотстойники и сопутствующее оборудование","Гипсоотстойник, 18 л",https://www.averon.ru/upload/iblock/a57/rzae9tld88cz2sdyf952j2x4r85j562i.png,1,OFFICIAL_BRAND_SHOP_IN_ALMATY,KZ_SKU_EVIDENCE_REQUIRED,https://www.averon.ru/catalog/seriya_9_3_stol_dlya_gipsovochnoy_laboratorii_gipsootstoyniki_i_soputstvuiushaee_oborudovanie_/ogp_2_0/
AVERON-1839,Averon,НПК АВЕРОН,ОГП 2.0 МИНИ,1839,1839,1,"Cтолы, светильники, вытяжки, боксы / Столы серии СУЛ 9.3 для гипсовочной. Лабораторные столы ЭЛЕМЕНТ, СУЛ 1.х ТУМБА. Гипсоотстойники и др. сопутствующее оборудование / Серия 9.3. Столы для гипсовочной лаборатории, гипсоотстойники и сопутствующее оборудование","Гипсоотстойник, 13 л",https://www.averon.ru/upload/iblock/4eb/p9t5o17rdh46l152mk0qc7vo60oepkoy.png,1,OFFICIAL_BRAND_SHOP_IN_ALMATY,KZ_SKU_EVIDENCE_REQUIRED,https://www.averon.ru/catalog/seriya_9_3_stol_dlya_gipsovochnoy_laboratorii_gipsootstoyniki_i_soputstvuiushaee_oborudovanie_/ogp_2_0_mini/
AVERON-1765,Averon,НПК АВЕРОН,ОПОКА 40.0 ВЕРСИЯ,1765,1765,1,Литейное оборудование,Комплект форм для опоки ø 40 мм,https://www.averon.ru/upload/iblock/76b/h1xe8bvcb13y5gygf8qmw9j2lviu6neg.jpg,1,OFFICIAL_BRAND_SHOP_IN_ALMATY,KZ_SKU_EVIDENCE_REQUIRED,https://www.averon.ru/catalog/liteynoe_oborudovanie/opoka_40_0_versiya/
AVERON-1766,Averon,НПК АВЕРОН,ОПОКА 60.0 ВЕРСИЯ,1766,1766,1,Уцененное оборудование,Комплект форм для опоки ø 60 мм,https://www.averon.ru/upload/iblock/aaa/s1ilqdlbtbx83hdo1045yznq5ntpfvmu.jpg,1,OFFICIAL_BRAND_SHOP_IN_ALMATY,KZ_SKU_EVIDENCE_REQUIRED,https://www.averon.ru/catalog/ucenyonnoe_oborudovanie/opoka_60_0_versiya/
AVERON-2072,Averon,НПК АВЕРОН,ОПОКА 60х70 ВЕРСИЯ,2072,2072,1,Уцененное оборудование,Комплект для опок 60х70 мм в форме челюсти. Отливка протяженных мостовидных протезов,https://www.averon.ru/upload/iblock/64b/46we6ka3dpr9gfer25ftg3haofnfs2ff.jpg,1,OFFICIAL_BRAND_SHOP_IN_ALMATY,KZ_SKU_EVIDENCE_REQUIRED,https://www.averon.ru/catalog/ucenyonnoe_oborudovanie/opoka_60h70_versiya/
AVERON-1767,Averon,НПК АВЕРОН,ОПОКА 80.0 ВЕРСИЯ,1767,1767,1,Уцененное оборудование,Комплект форм для опоки ø 80 мм,https://www.averon.ru/upload/iblock/b51/ygyg5ag0uv22epp1iksdz21g1xky2oz5.jpg,1,OFFICIAL_BRAND_SHOP_IN_ALMATY,KZ_SKU_EVIDENCE_REQUIRED,https://www.averon.ru/catalog/ucenyonnoe_oborudovanie/opoka_80_0_versiya/
AVERON-1769,Averon,НПК АВЕРОН,ОПОКА БЮГЕЛЬ 1.0 ВЕРСИЯ,1769,1769,1,Литейное оборудование,Комплект для опок (Ø 85 мм) бюгельных протезов на огнеупорных моделях,https://www.averon.ru/upload/iblock/d87/5loxrwm42n8sye7tpq3s684y23t3qwoo.jpg,1,OFFICIAL_BRAND_SHOP_IN_ALMATY,KZ_SKU_EVIDENCE_REQUIRED,https://www.averon.ru/catalog/liteynoe_oborudovanie/opoka_byugel_1_0_versiya/
AVERON-13332,Averon,НПК АВЕРОН,ОПОРА 1.0 СТУЛ,13332,13332,1,"Cтолы, светильники, вытяжки, боксы / Столы зубного техника на платформе СЗТ 4.3. Стулья. Элементы системы хранения / Стулья",Опора поясничная на спинку стульев серии ФОЛК Для снятия нагрузки со спины и поясничного отдела.,https://www.averon.ru/upload/iblock/d2a/23z6l37kcrqrz6ozidgkdqe6elhwdin6.png,1,OFFICIAL_BRAND_SHOP_IN_ALMATY,KZ_SKU_EVIDENCE_REQUIRED,https://www.averon.ru/catalog/stul_ya/opora_1_0_stul/
AVERON-4502,Averon,НПК АВЕРОН,ОРГАНАЙЗЕР 1.0 ФОЛК,4502,4502,1,"Cтолы, светильники, вытяжки, боксы / Столы зубного техника на платформе СЗТ 4.3. Стулья. Элементы системы хранения",Карман на спинку стула,https://www.averon.ru/upload/iblock/fd2/3ratwgzhl2i3y56xcj06xblmpgmww4q6.jpg,1,OFFICIAL_BRAND_SHOP_IN_ALMATY,KZ_SKU_EVIDENCE_REQUIRED,https://www.averon.ru/catalog/stol_serii_master_element_sistem_hraneniya_stulya/organayzer_1_0_folk/
AVERON-12187,Averon,НПК АВЕРОН,ОРГАНАЙЗЕР 1.1 СТУЛ,12187,12187,1,"Cтолы, светильники, вытяжки, боксы / Столы зубного техника на платформе СЗТ 4.3. Стулья. Элементы системы хранения / Стулья","Карман-органайзер на спинку стульев серии ФОЛК Хранение как предметов личного пользования, так и полезных мелочей Для стульев серии ФОЛК",https://www.averon.ru/upload/iblock/874/ixjqjx1w3myk28t1jgl604cq0yfl2mo7.jpg,1,OFFICIAL_BRAND_SHOP_IN_ALMATY,KZ_SKU_EVIDENCE_REQUIRED,https://www.averon.ru/catalog/stul_ya/organayzer_1_1_stul/
AVERON-4500,Averon,НПК АВЕРОН,ОРГАНАЙЗЕР 5.0 СТУЛ,4500,4500,1,"Cтолы, светильники, вытяжки, боксы / Столы зубного техника на платформе СЗТ 4.3. Стулья. Элементы системы хранения",Органайзер на крестовину для стульев ФОЛК.,https://www.averon.ru/upload/iblock/4cc/bby0db3qffkjoo8up56lidnxue9nni0x.jpg,1,OFFICIAL_BRAND_SHOP_IN_ALMATY,KZ_SKU_EVIDENCE_REQUIRED,https://www.averon.ru/catalog/stol_serii_master_element_sistem_hraneniya_stulya/organayzer_5_0_stul/
AVERON-12966,Averon,НПК АВЕРОН,ОСНОВАНИЕ 1.0 НАДСТРОЙКА,12966,12966,1,"Cтолы, светильники, вытяжки, боксы / Системы БРИДЖ и ВЕРТИКАЛЬ для столов МАСТЕР, ЭЛЕМЕНТ, СУЛ 9.3. Произвольные конфигурации рабочих мест / Локальные элементы системы БРИДЖ",Стационарное основание для создания вертикальных стеллажей на базе модулей НАДСТРОЙКА 1.0 ТУМБА,https://www.averon.ru/upload/iblock/121/lp58jb1ckwr1comhcj58o0d7d4nwejwc.png,1,OFFICIAL_BRAND_SHOP_IN_ALMATY,KZ_SKU_EVIDENCE_REQUIRED,https://www.averon.ru/catalog/dopolnitel_element_sistem_bridj/osnovanie_1_0_nadstroyka/
AVERON-12967,Averon,НПК АВЕРОН,ОСНОВАНИЕ 1.0 НАДСТРОЙКА МОБИЛ,12967,12967,1,"Cтолы, светильники, вытяжки, боксы / Системы БРИДЖ и ВЕРТИКАЛЬ для столов МАСТЕР, ЭЛЕМЕНТ, СУЛ 9.3. Произвольные конфигурации рабочих мест / Локальные элементы системы БРИДЖ",Мобильное основание для создания вертикальных стеллажей на базе модулей НАДСТРОЙКА 1.0 ТУМБА,https://www.averon.ru/upload/iblock/00a/8zhz8kli9wi9u4ywol2zgn5zvengk0vv.png,1,OFFICIAL_BRAND_SHOP_IN_ALMATY,KZ_SKU_EVIDENCE_REQUIRED,https://www.averon.ru/catalog/dopolnitel_element_sistem_bridj/osnovanie_1_0_nadstroyka_mobil/
AVERON-1632,Averon,НПК АВЕРОН,ОТИ 1.0,1632,1632,1,Электровакуумные печи,Одноразовые термоиндикаторы для тепловой настройки печей АВЕРОН,https://www.averon.ru/upload/iblock/136/i05k88wby41kl55hwxsw27iqhwyjx0y8.jpg,1,OFFICIAL_BRAND_SHOP_IN_ALMATY,KZ_SKU_EVIDENCE_REQUIRED,https://www.averon.ru/catalog/elektrovakuum__pechi/oti_1_0/
AVERON-2026,Averon,НПК АВЕРОН,ПАЛИТРА 4.0 ПЕЙНТ,2026,2026,1,Инструменты и принадлежности,Палитра для разведенных красителей. Для работ с керамикой и композитами,https://www.averon.ru/upload/iblock/fd7/iwi3rr4x61k39wyg9931dlxktjo9htr0.jpg,1,OFFICIAL_BRAND_SHOP_IN_ALMATY,KZ_SKU_EVIDENCE_REQUIRED,https://www.averon.ru/catalog/instrument__i_prinadlejnosti/palitra_4_0_peint/
AVERON-3608,Averon,НПК АВЕРОН,ПАНЕЛЬ 1.0 САЙД АРТ,3608,3608,1,"Cтолы, светильники, вытяжки, боксы / Системы БРИДЖ и ВЕРТИКАЛЬ для столов МАСТЕР, ЭЛЕМЕНТ, СУЛ 9.3. Произвольные конфигурации рабочих мест / Локальные элементы системы БРИДЖ","Боковая многофункциональная панель к столам серий МАСТЕР, ЮНГА, ЭЛЕМЕНТ Разделение рабочих зон и расширение системы хранения столов",https://www.averon.ru/upload/iblock/788/fbc7flwtm8nmh9tsrmz1610he1tn2lv0.png,1,OFFICIAL_BRAND_SHOP_IN_ALMATY,KZ_SKU_EVIDENCE_REQUIRED,https://www.averon.ru/catalog/dopolnitel_element_sistem_bridj/panel_10_sayd_art/
AVERON-5578,Averon,НПК АВЕРОН,ПАНЕЛЬ 1.1 БРИДЖ ПЛЮС,5578,5578,1,"Cтолы, светильники, вытяжки, боксы / Системы БРИДЖ и ВЕРТИКАЛЬ для столов МАСТЕР, ЭЛЕМЕНТ, СУЛ 9.3. Произвольные конфигурации рабочих мест","Многофункциональная панель для соединения между собой столов серий МАСТЕР, ЭЛЕМЕНТ, СУЛ 9.2.",https://www.averon.ru/upload/iblock/8fe/44dlaiiyc140ty9hmye1nbxc4a4uhou8.jpg,1,OFFICIAL_BRAND_SHOP_IN_ALMATY,KZ_SKU_EVIDENCE_REQUIRED,https://www.averon.ru/catalog/soedinitel_polki_paneli_dlya_stolov_seriy_master_element_i_sul_9h_naves_shkaf/panel___1_1_bridj_plius/
AVERON-7329,Averon,НПК АВЕРОН,ПАНЕЛЬ 1.2 БРИДЖ,7329,7329,1,"Cтолы, светильники, вытяжки, боксы / Системы БРИДЖ и ВЕРТИКАЛЬ для столов МАСТЕР, ЭЛЕМЕНТ, СУЛ 9.3. Произвольные конфигурации рабочих мест / Соединительные элементы системы БРИДЖ","Многофункциональная панель с гнездами для навешивания лотков, держателей, подставок Аверон. Бюджетное расширение полезной площади столов МАСТЕР, ЮНГА, ЭЛЕМЕНТ, СУЛ 9.3 и формирование автономных рабочих мест по принципу ""конструктора""",https://www.averon.ru/upload/iblock/dfd/oh1o24f56tfuxmelvasz2b1mgruwyr21.jpg,1,OFFICIAL_BRAND_SHOP_IN_ALMATY,KZ_SKU_EVIDENCE_REQUIRED,https://www.averon.ru/catalog/osnov_element_sistem_bridj/panel___1_2_bridj/
AVERON-1826,Averon,НПК АВЕРОН,ПАНЕЛЬ 2.1 КОНЕР,1826,1826,1,Уцененное оборудование,"Дополнительный комплект панелей для совместного использования с ПОЛКА 2.1 КОНЕР Расширение полезной площади столов МАСТЕР, ЭЛЕМЕНТ, СУЛ 9.2 и организация автономных рабочих мест по принципу ""конструктора""",https://www.averon.ru/upload/iblock/f9d/k1lcb1m84rsuuntw94uxzawnprwwh8ef.jpg,1,OFFICIAL_BRAND_SHOP_IN_ALMATY,KZ_SKU_EVIDENCE_REQUIRED,https://www.averon.ru/catalog/ucenyonnoe_oborudovanie/panel_2_1_koner/
AVERON-12375,Averon,НПК АВЕРОН,ПАНЕЛЬ 2.2 КОНЕР,12375,12375,1,"Cтолы, светильники, вытяжки, боксы / Системы БРИДЖ и ВЕРТИКАЛЬ для столов МАСТЕР, ЭЛЕМЕНТ, СУЛ 9.3. Произвольные конфигурации рабочих мест / Соединительные элементы системы БРИДЖ","Комплект панелей для совместного использования с ПОЛКА 2.2 КОНЕР СТАРТ, ПОЛКА 2.2 КОНЕР Основной элемент системы БРИДЖ Расширение полезной площади столов МАСТЕР, ЮНГА, ЭЛЕМЕНТ, СУЛ 9.х и формирование эффективных систем хранения по принципу ""конструктора""",https://www.averon.ru/upload/iblock/7f7/ph6b8r6n5yjk38mjhnm4y4f2met2nep3.jpg,1,OFFICIAL_BRAND_SHOP_IN_ALMATY,KZ_SKU_EVIDENCE_REQUIRED,https://www.averon.ru/catalog/osnov_element_sistem_bridj/panel__2_2_koner/
AVERON-3546,Averon,НПК АВЕРОН,ПАНЕЛЬ-КРЫШКА 1.0 ЭЛЕМЕНТ,3546,3546,1,"Cтолы, светильники, вытяжки, боксы / Столы серии СУЛ 9.3 для гипсовочной. Лабораторные столы ЭЛЕМЕНТ, СУЛ 1.х ТУМБА. Гипсоотстойники и др. сопутствующее оборудование / Серия Элемент. Лабораторные столы",Крышка для задней стенки столов ЭЛЕМЕНТ,https://www.averon.ru/upload/iblock/700/b92w976k2nh5q56k39ywq9o756myk0p4.png,1,OFFICIAL_BRAND_SHOP_IN_ALMATY,KZ_SKU_EVIDENCE_REQUIRED,https://www.averon.ru/catalog/seriya_element_laborator_stol_/panel__kr-_shka_1_0_element/
AVERON-1791,Averon,НПК АВЕРОН,ПАНЕЛЬ-КРЫШКА 4.2 СЗТ МИНИ,1791,1791,1,"Cтолы, светильники, вытяжки, боксы / Столы зубного техника на платформе СЗТ 4.3. Стулья. Элементы системы хранения","Комплектность Указанная комплектность актуальна только для выпускаемого в данный момент оборудования (с последними изменениями)Основная:Панель-крышка задней стенки, 1 шт.Этикетка ПАНЕЛЬ 4.2 СЗТ МИНИ, 1 шт. Гарантии Содержание1Гарантийный срок, мес.: 24Гарантийный срок – 24 месяца с даты продажи или, если она не указана, то с даты выпуска предприятием-изготовителем.Претензии на гарантию не принимаются при наличии механических повреждений или не санкционированного Изготовителем доступа в конструкцию.Для замены или ремонта продукция предоставляется в упаковке Изготовителя в ЧИСТОМ виде. Устранение повреждений, полученных при доставке, и работы по приведению в надлежащий вид осуществляются за счет владельца оборудования.",https://www.averon.ru/upload/iblock/081/c1esffva0tdx0q9n1w3j1y3p793u2ssj.jpg,1,OFFICIAL_BRAND_SHOP_IN_ALMATY,KZ_SKU_EVIDENCE_REQUIRED,https://www.averon.ru/catalog/stol_serii_master_element_sistem_hraneniya_stulya/panel_krishka_4_2_szt_mini/
AVERON-13099,Averon,НПК АВЕРОН,ПАНЕЛЬ-КРЫШКА 4.3 СЗТ,13099,13099,1,"Cтолы, светильники, вытяжки, боксы / Столы зубного техника на платформе СЗТ 4.3. Стулья. Элементы системы хранения / Серии МАСТЕР и ЮНГА",Многофункциональная крышка для задней стенки столов СЗТ 4.3 МАСТЕР,https://www.averon.ru/upload/iblock/759/fd6ycib7udjq9r0jkyznh99ti6065yze.png,1,OFFICIAL_BRAND_SHOP_IN_ALMATY,KZ_SKU_EVIDENCE_REQUIRED,https://www.averon.ru/catalog/serii_master_i_iunga/panel_kr-_shka_4_3_szt/
AVERON-13100,Averon,НПК АВЕРОН,ПАНЕЛЬ-КРЫШКА 4.3 СЗТ МИНИ,13100,13100,1,"Cтолы, светильники, вытяжки, боксы / Столы зубного техника на платформе СЗТ 4.3. Стулья. Элементы системы хранения / Серии МАСТЕР и ЮНГА",Многофункциональная крышка для задней стенки столов СЗТ 4.3 МАСТЕР МИНИ,https://www.averon.ru/upload/iblock/b1a/loh2wwmpzhigx6vax24q8r8y7cw73i13.png,1,OFFICIAL_BRAND_SHOP_IN_ALMATY,KZ_SKU_EVIDENCE_REQUIRED,https://www.averon.ru/catalog/serii_master_i_iunga/panel_kr-_shka_4_3_szt_mini/
AVERON-14592,Averon,НПК АВЕРОН,ПАУК 9.0 КОРОНКА,14592,14592,1,Инструменты и принадлежности,Подставка для обжига коронок и мостовидных протезов в электровакуумных печах,https://www.averon.ru/upload/iblock/05c/7mvhpa0ddasc6qlpym3dmo2f2ypg0cs2.png,1,OFFICIAL_BRAND_SHOP_IN_ALMATY,KZ_SKU_EVIDENCE_REQUIRED,https://www.averon.ru/catalog/instrument__i_prinadlejnosti/pauk_9_0_koronka/
AVERON-2031,Averon,НПК АВЕРОН,ПАУК 9.0 ТРЕГЕР,2031,2031,1,Инструменты и принадлежности,Подставка для обжига коронок и мостовидных протезов в электровакуумных печах,https://www.averon.ru/upload/iblock/559/e5l7ouk9tpucvdfgepb39gy5tbckd2c0.jpg,1,OFFICIAL_BRAND_SHOP_IN_ALMATY,KZ_SKU_EVIDENCE_REQUIRED,https://www.averon.ru/catalog/instrument__i_prinadlejnosti/pauk_9_0_treger/
AVERON-8945,Averon,НПК АВЕРОН,ПВА 2.0 АРТ,8945,8945,1,Оборудование для изготовления протезов / Полимеризация пластмасс (химическое отверждение),Автоматическая ванна для горячей полимеризации с увеличенной рабочей камерой Вместимость до 9 стандартных кювет,https://www.averon.ru/upload/iblock/0bf/2qonk7oot0l2towvc3rqs03tz0hrmsbv.jpg,1,OFFICIAL_BRAND_SHOP_IN_ALMATY,KZ_SKU_EVIDENCE_REQUIRED,https://www.averon.ru/catalog/polimerizaciya_plastmass_him_otv_/pva_2_0_art/
AVERON-1895,Averon,НПК АВЕРОН,ПВК 1.0,1895,1895,1,"Cтолы, светильники, вытяжки, боксы / Автономные вытяжки для работы с пылью, газами и для CAD-CAM систем. Циклоны, прочие фильтры / Принадлежности для вытяжных каналов",Переключатель воздушных каналов на два устройства,https://www.averon.ru/upload/iblock/f6e/qvkvykysehqdfrwa4j27g52xzq1ddh1g.jpg,1,OFFICIAL_BRAND_SHOP_IN_ALMATY,KZ_SKU_EVIDENCE_REQUIRED,https://www.averon.ru/catalog/Prinadlejnosti_dlya_v_tyajn_h_kanalov/pvk_1_0/
AVERON-1666,Averon,НПК АВЕРОН,ПВП 1.0,1666,1666,1,Пескоструйные аппараты / Система АСОЗ ПЛЮС,Пневматическая ножная педаль управления Для автономных модулей АМС 1.х и пескоструйных аппаратов АСОЗ АВЕРОН,https://www.averon.ru/upload/iblock/22b/lp67f8ohp20okhubnzdax4hrd8yk4e17.png,1,OFFICIAL_BRAND_SHOP_IN_ALMATY,KZ_SKU_EVIDENCE_REQUIRED,https://www.averon.ru/catalog/system_asoz_plus/pvp_1_0/
AVERON-13023,Averon,НПК АВЕРОН,ПД 1.0 ВЕНТИЛЬ,13023,13023,1,Пескоструйные аппараты / Система АСОЗ ПЛЮС,Пневмодолото со встроенным вентилем подачи давления Элемент системы АСОЗ ПЛЮС Быстрая и бережная распаковка литейных опок Магнитная фиксация на рабочем месте,https://www.averon.ru/upload/iblock/17d/vaw580ndmmgageujic9umy17gk7cxzol.png,1,OFFICIAL_BRAND_SHOP_IN_ALMATY,KZ_SKU_EVIDENCE_REQUIRED,https://www.averon.ru/catalog/system_asoz_plus/pd_1_0_ventil_/
AVERON-12288,Averon,НПК АВЕРОН,ПД 1.0 МАГНИТ,12288,12288,1,Пескоструйные аппараты / Система АСОЗ ПЛЮС,Пневмодолото для распаковки литейных опок. Магнитная фиксация на рабочем месте Элемент системы АСОЗ ПЛЮС,https://www.averon.ru/upload/iblock/601/h90xj9p00hnbdse4hezb8bxyeyoqg7d4.png,1,OFFICIAL_BRAND_SHOP_IN_ALMATY,KZ_SKU_EVIDENCE_REQUIRED,https://www.averon.ru/catalog/system_asoz_plus/pd_1_0_magnit/
AVERON-1670,Averon,НПК АВЕРОН,ПД 1.0 ПЕДАЛЬ,1670,1670,1,Пескоструйные аппараты / Система АСОЗ ПЛЮС,Универсальное пневмодолото с ножной педалью,https://www.averon.ru/upload/iblock/05f/brixb6b0i5qcoiw99hajiyxp8uq6weha.png,1,OFFICIAL_BRAND_SHOP_IN_ALMATY,KZ_SKU_EVIDENCE_REQUIRED,https://www.averon.ru/catalog/system_asoz_plus/pd_1_0_pedal/
AVERON-12707,Averon,НПК АВЕРОН,ПЕРЕХОДНИК 140.0 БРИДЖ,12707,12707,1,"Cтолы, светильники, вытяжки, боксы / Полезные мелочи, принадлежности общего применения",Для навешивания циклонов АВЕРОН или прочих полезных мелочей на передний торец СТЕНКА 1.2 БРИДЖ,https://www.averon.ru/upload/iblock/903/1ogko0nkry49agbatfz88nwgp3pqyphn.png,1,OFFICIAL_BRAND_SHOP_IN_ALMATY,KZ_SKU_EVIDENCE_REQUIRED,https://www.averon.ru/catalog/polezmelochi_dlya_rabochih_mest/perehodnik_140_0_bridj/
AVERON-12971,Averon,НПК АВЕРОН,ПЕРЕХОДНИК 140.0 МАСТЕР,12971,12971,1,"Cтолы, светильники, вытяжки, боксы / Полезные мелочи, принадлежности общего применения",Переходник с одного резьбового гнезда на два стандартизованных с шагом 140 мм для эффективного использования передних поверхностей столов СЗТ 4.3 МАСТЕР и СЗТ 4.3 МАСТЕР МИНИ Размещение циклонов АВЕРОН или прочих полезных мелочей,https://www.averon.ru/upload/iblock/940/l5zjrxh33pvrs07dvinczxatjezyv9fj.png,1,OFFICIAL_BRAND_SHOP_IN_ALMATY,KZ_SKU_EVIDENCE_REQUIRED,https://www.averon.ru/catalog/polezmelochi_dlya_rabochih_mest/perehodnik_140_0_master/
AVERON-14648,Averon,НПК АВЕРОН,ПЕРЕХОДНИК 140.0 ТРУБА,14648,14648,1,"Cтолы, светильники, вытяжки, боксы / Полезные мелочи, принадлежности общего применения","Адаптер для расширения применяемости светильников ЛЮКС 1.1 ХХХХ, системы хранения ВЕРТИКАЛЬ, элементов ТРУБА 80.0 и ТРУБА 40.0 ПЛЮС - установка не только на задних стенках и панелях столов, но и в других местах и устройствах, где имеются резьбовые гнезда 140 мм",https://www.averon.ru/upload/iblock/0c2/t7f22p5xf99t6rgf0b7zxppe420txp09.png,1,OFFICIAL_BRAND_SHOP_IN_ALMATY,KZ_SKU_EVIDENCE_REQUIRED,https://www.averon.ru/catalog/polezmelochi_dlya_rabochih_mest/perehodnik_140_0_truba/
AVERON-12692,Averon,НПК АВЕРОН,ПЕРЕХОДНИК 60.0,12692,12692,1,"Cтолы, светильники, вытяжки, боксы / Полезные мелочи, принадлежности общего применения",Переходник с резьбовых гнезд с шагом 140 мм - на гнезда с шагом 60 мм (невыпадающие пазы) для навешивания подставок и держателей АВЕРОН,https://www.averon.ru/upload/iblock/caf/6eopq93ash457b2xrfsy8l3d910tng59.png,1,OFFICIAL_BRAND_SHOP_IN_ALMATY,KZ_SKU_EVIDENCE_REQUIRED,https://www.averon.ru/catalog/polezmelochi_dlya_rabochih_mest/perehodnik_60_0/
AVERON-14007,Averon,НПК АВЕРОН,ПЕРЧАТКИ 1.0 ХОТ,14007,14007,1,Инструменты и принадлежности,"Термостойкие двухслойные перчатки (резиновый и тканевый слои) Универсальный размер Для работы в горячей воде с аппаратами для выварки воска (АВВ 6.0 АРТ, АВВ 2.0 СТАРТ), с аппаратами для холодной/горячей полимеризации (ПМА 1.0 х, ПВА 2.0 АРТ) и др.",https://www.averon.ru/upload/iblock/5c5/vdm9inzb1n90m71coioyzukokgjopy4p.webp,1,OFFICIAL_BRAND_SHOP_IN_ALMATY,KZ_SKU_EVIDENCE_REQUIRED,https://www.averon.ru/catalog/instrument__i_prinadlejnosti/perchatki_1_0_hot/
AVERON-2033,Averon,НПК АВЕРОН,ПИНЦЕТ 1.0 ЛОНГ,2033,2033,1,Инструменты и принадлежности,Удлиненный пинцет. Для работ с керамикой и литьем,https://www.averon.ru/upload/iblock/815/w3vsxlpdldc9tc371mx8i411bhd7t1mx.jpg,1,OFFICIAL_BRAND_SHOP_IN_ALMATY,KZ_SKU_EVIDENCE_REQUIRED,https://www.averon.ru/catalog/instrument__i_prinadlejnosti/pintset_1_0_long/
AVERON-6173,Averon,НПК АВЕРОН,ПЛАТФОРМА 1.0 КАСТ,6173,6173,1,Литейное оборудование,"Приспособление для обрезки литников с использованием аккумуляторных угловых шлифовальных машин (""болгарка"")",https://www.averon.ru/upload/iblock/551/7pa794a85bv30cje081k9wyemdqd6t7s.jpg,1,OFFICIAL_BRAND_SHOP_IN_ALMATY,KZ_SKU_EVIDENCE_REQUIRED,https://www.averon.ru/catalog/liteynoe_oborudovanie/platforma_1_0_kast/
AVERON-5338,Averon,НПК АВЕРОН,ПЛАТФОРМА 6.0 ВН,5338,5338,1,Электровакуумные печи,Подвижная виброгасящая платформа для вакуумного насоса серии ВН 6.х.,https://www.averon.ru/upload/iblock/8c6/arn1eiptm3qkou5pn3s9gnp0h7mwdvb0.jpg,1,OFFICIAL_BRAND_SHOP_IN_ALMATY,KZ_SKU_EVIDENCE_REQUIRED,https://www.averon.ru/catalog/elektrovakuum__pechi/platforma_6_0_vn/
AVERON-1990,Averon,НПК АВЕРОН,ПМА 1.0 АРТ,1990,1990,1,Оборудование для изготовления протезов,Аппарат для горячей и холодной полимеризации пластмасс под давлением. Вместимость до 2 кювет,https://www.averon.ru/upload/iblock/d13/8wu2vztt2j0emm3ophobais81zkd3wxx.jpg,1,OFFICIAL_BRAND_SHOP_IN_ALMATY,KZ_SKU_EVIDENCE_REQUIRED,https://www.averon.ru/catalog/oborudovanie_dlya_izgotovleniya_protezov/pma_1_0_art/
AVERON-8944,Averon,НПК АВЕРОН,ПМА 1.0 АРТ НЬЮ,8944,8944,1,Оборудование для изготовления протезов / Полимеризация пластмасс (химическое отверждение),Аппарат для горячей и холодной полимеризации пластмасс под давлением Автоматическое управление Вместимость две кюветы,https://www.averon.ru/upload/iblock/340/h7kcw9pm3oay4thafvohzhn9sid08qsl.jpg,1,OFFICIAL_BRAND_SHOP_IN_ALMATY,KZ_SKU_EVIDENCE_REQUIRED,https://www.averon.ru/catalog/polimerizaciya_plastmass_him_otv_/pma_1_0_art_n__iu/
AVERON-1991,Averon,НПК АВЕРОН,ПМА 1.0 БИГ,1991,1991,1,Оборудование для изготовления протезов,Аппарат для горячей и холодной полимеризации пластмасс под давлением. Вместимость до 4 кювет,https://www.averon.ru/upload/iblock/dcf/n0wn2xt7mx0waujehp3ipvsx4dlkf4xi.jpg,1,OFFICIAL_BRAND_SHOP_IN_ALMATY,KZ_SKU_EVIDENCE_REQUIRED,https://www.averon.ru/catalog/oborudovanie_dlya_izgotovleniya_protezov/pma_1_0_big/
AVERON-9183,Averon,НПК АВЕРОН,ПМА 1.0 БИГ НЬЮ,9183,9183,1,Оборудование для изготовления протезов / Полимеризация пластмасс (химическое отверждение),Аппарат для горячей и холодной полимеризации пластмасс под давлением Автоматическое управление Вместимость четыре кюветы,https://www.averon.ru/upload/iblock/55e/f60uk809qpcdqc9rwq3qui7ghcgoitas.jpg,1,OFFICIAL_BRAND_SHOP_IN_ALMATY,KZ_SKU_EVIDENCE_REQUIRED,https://www.averon.ru/catalog/polimerizaciya_plastmass_him_otv_/pma_1_0_big_n__iu/
AVERON-13196,Averon,НПК АВЕРОН,ПМА 1.0 БИГ НЬЮ Н,13196,13196,1,Уцененное оборудование,Аппарат для горячей и холодной полимеризации пластмасс под давлением. Автоматическое управление. Вместимость четыре кюветы,https://www.averon.ru/upload/iblock/80b/fqp5cojffhqb2w1dgyyi8tnoze346dsk.jpg,1,OFFICIAL_BRAND_SHOP_IN_ALMATY,KZ_SKU_EVIDENCE_REQUIRED,https://www.averon.ru/catalog/ucenyonnoe_oborudovanie/pma_1_0_big_n_iu_n/
AVERON-9355,Averon,НПК АВЕРОН,ПМА 1.0 СТАРТ,9355,9355,1,Оборудование для изготовления протезов / Полимеризация пластмасс (химическое отверждение),"Аппарат для полимеризации пластмасс как холодного отверждения, так и самотвердеющих, а также для уплотнения опок давлением. Встроенный нагрев до 55°С, ручное управление , вместимость четыре кюветы",https://www.averon.ru/upload/iblock/59a/t075fjozos04tko1w98o43bntw5kmbn3.jpg,1,OFFICIAL_BRAND_SHOP_IN_ALMATY,KZ_SKU_EVIDENCE_REQUIRED,https://www.averon.ru/catalog/polimerizaciya_plastmass_him_otv_/pma_1_0_start/
AVERON-6221,Averon,НПК АВЕРОН,ПМУ 1.0 ЛЕД,6221,6221,1,Оборудование для изготовления протезов,Аппарат для светополимеризации пластмасс (светополимеризатор для индивидуальных ложек). Длина волны светодиодов 390-400 нм,https://www.averon.ru/upload/iblock/214/wlz9d00rtk1485uhqz6ipwy1z5zquypa.jpg,1,OFFICIAL_BRAND_SHOP_IN_ALMATY,KZ_SKU_EVIDENCE_REQUIRED,https://www.averon.ru/catalog/oborudovanie_dlya_izgotovleniya_protezov/pmu_1_0_led/
AVERON-3238,Averon,НПК АВЕРОН,ПМУ 1.0 ПЛЮС,3238,3238,1,Оборудование для изготовления протезов,Светополимеризатор для индивидуальных ложек.,https://www.averon.ru/upload/iblock/8bc/md66byxtflveyb1riww5pf0uvu7dqa0i.jpg,1,OFFICIAL_BRAND_SHOP_IN_ALMATY,KZ_SKU_EVIDENCE_REQUIRED,https://www.averon.ru/catalog/oborudovanie_dlya_izgotovleniya_protezov/pmu_1_0_plius/
AVERON-13108,Averon,НПК АВЕРОН,ПМУ 2.0 ЛЕД,13108,13108,1,Оборудование для изготовления протезов / Светополимеризация,Аппарат для светополимеризации пластмасс (светополимеризатор для индивидуальных ложек) Два диапазона излучающего спектра светодиодов (380-385 и 395-400 нм),https://www.averon.ru/upload/iblock/5e3/c50q1wroobmv7bq3d5j6lumjzjxmi5oz.png,1,OFFICIAL_BRAND_SHOP_IN_ALMATY,KZ_SKU_EVIDENCE_REQUIRED,https://www.averon.ru/catalog/svetopolimerizaciya/pmu_2_0_led/
AVERON-1710,Averon,НПК АВЕРОН,ПН 2.1 БЛЕСК,1710,1710,1,Уцененное оборудование,Металлическая подставка на силиконовых ножках для моделировочного ножа.,https://www.averon.ru/upload/iblock/33e/uhuw2t8137rx6i1xpz9mrrkg9pdsqnvx.jpg,1,OFFICIAL_BRAND_SHOP_IN_ALMATY,KZ_SKU_EVIDENCE_REQUIRED,https://www.averon.ru/catalog/ucenyonnoe_oborudovanie/pn_2_1_blesk/
AVERON-5602,Averon,НПК АВЕРОН,ПНЕВМОТРУБКА 5.3 ТРЕ,5602,5602,1,Пескоструйные аппараты / Система АСОЗ ПЛЮС,Трубка Camozzi TPE-5/3 (наружный диаметр 5 мм) для подсоединения струйного модуля МС к АСОЗ,https://www.averon.ru/upload/iblock/680/fiwmb280xnr6tpakt6efbscfk4szy0o9.jpg,1,OFFICIAL_BRAND_SHOP_IN_ALMATY,KZ_SKU_EVIDENCE_REQUIRED,https://www.averon.ru/catalog/system_asoz_plus/pnevmotrubka-5-3-tpe/
AVERON-12218,Averon,НПК АВЕРОН,ПО ЗТЛ 10. Однопользовательская версия,12218,12218,1,Программа для зуботехнической лаборатории,Программа предназначена для автоматизации учета и делопроизводства в малых зуботехнических лабораториях до 5 зубных техников,https://www.averon.ru/upload/iblock/608/svn19ixhncgs6l2erzxt3smzfqno836f.png,1,OFFICIAL_BRAND_SHOP_IN_ALMATY,KZ_SKU_EVIDENCE_REQUIRED,https://www.averon.ru/catalog/programma_dlya_zubotehnicheskoy_laboratorii/po_ztl_10_odnopol_zovatel_skaya_versiya/
AVERON-12219,Averon,НПК АВЕРОН,ПО ЗТЛ 10. Однопользовательская версия ПЛЮС,12219,12219,1,Программа для зуботехнической лаборатории,Программа предназначена для автоматизации учета и делопроизводства в малых зуботехнических лабораториях до 10 зубных техников,https://www.averon.ru/upload/iblock/ce3/0jovouh6eclpd39thas3q53rxtit8ect.png,1,OFFICIAL_BRAND_SHOP_IN_ALMATY,KZ_SKU_EVIDENCE_REQUIRED,https://www.averon.ru/catalog/programma_dlya_zubotehnicheskoy_laboratorii/po_ztl_10_odnopol_zovatel_skaya_versiya_plius/
AVERON-12220,Averon,НПК АВЕРОН,ПО ЗТЛ 10. Сетевая версия,12220,12220,1,Программа для зуботехнической лаборатории,Программа предназначена для автоматизации учета и делопроизводства в зуботехнической лаборатории до 10 зубных техников. Возможность работать в локальной сети,https://www.averon.ru/upload/iblock/7f6/y8sb2y83pvhhjfan85esqjx8n9eld83g.png,1,OFFICIAL_BRAND_SHOP_IN_ALMATY,KZ_SKU_EVIDENCE_REQUIRED,https://www.averon.ru/catalog/programma_dlya_zubotehnicheskoy_laboratorii/po_ztl_10_setevaya_versiya/
AVERON-13327,Averon,НПК АВЕРОН,ПОДГОЛОВНИК 1.0 СТУЛ,13327,13327,1,"Cтолы, светильники, вытяжки, боксы / Столы зубного техника на платформе СЗТ 4.3. Стулья. Элементы системы хранения",Универсальный подголовник с креплением на спинку стула струбциной Регулировка по высоте Для стульев серии ФОЛК и других стульев зубного техника,https://www.averon.ru/upload/iblock/ef4/5eg1i5e8p3s26ppww2khucnfu15i1j2h.png,1,OFFICIAL_BRAND_SHOP_IN_ALMATY,KZ_SKU_EVIDENCE_REQUIRED,https://www.averon.ru/catalog/stol_serii_master_element_sistem_hraneniya_stulya/podgolovnik_1_0_stul/
AVERON-13531,Averon,НПК АВЕРОН,ПОДГОЛОВНИК 2.0 СТУЛ,13531,13531,1,"Cтолы, светильники, вытяжки, боксы / Столы зубного техника на платформе СЗТ 4.3. Стулья. Элементы системы хранения / Стулья",Универсальный подголовник с креплением на спинку стула струбциной Плавная регулировка по высоте Встроенный ленточный эспандер (фитнес - резинка) Для стульев серии ФОЛК и других стульев зубного техника,https://www.averon.ru/upload/iblock/752/qwrf0s53tehqp9qd9r14zdmx1mixbcvo.png,1,OFFICIAL_BRAND_SHOP_IN_ALMATY,KZ_SKU_EVIDENCE_REQUIRED,https://www.averon.ru/catalog/stul_ya/podgolovnik_2_0_stul/
AVERON-12137,Averon,НПК АВЕРОН,ПОДЛОКОТНИК 1.0 СТУЛ,12137,12137,1,"Cтолы, светильники, вытяжки, боксы / Столы зубного техника на платформе СЗТ 4.3. Стулья. Элементы системы хранения",Комплект подлокотников с крепежными пластинами,https://www.averon.ru/upload/iblock/eab/ejtjmkvnyh3u5onfl4e3kgwv3o279xsi.png,1,OFFICIAL_BRAND_SHOP_IN_ALMATY,KZ_SKU_EVIDENCE_REQUIRED,https://www.averon.ru/catalog/stol_serii_master_element_sistem_hraneniya_stulya/podlokotnik_1_0_stul/
AVERON-9705,Averon,НПК АВЕРОН,ПОДЛОКОТНИК 1.0 ЮНГА,9705,9705,1,"Cтолы, светильники, вытяжки, боксы / Полезные мелочи, принадлежности общего применения","Комплект подлокотников с войлочными магнитными накладками для столов СЗТ 4.3 ЮНГА, СЗТ 4.3 ЮНГА МИНИ, СУЛ 1.1 ЭЛЕМЕНТ и вытяжного зонта ВМУ 1.0 АРТ",https://www.averon.ru/upload/iblock/459/20qye28jwxpmd9kld28v9c2zoum013wr.jpg,1,OFFICIAL_BRAND_SHOP_IN_ALMATY,KZ_SKU_EVIDENCE_REQUIRED,https://www.averon.ru/catalog/polezmelochi_dlya_rabochih_mest/podlokotnik_1_0_iunga/
AVERON-12715,Averon,НПК АВЕРОН,ПОДЛОКОТНИК 2.0 СТУЛ,12715,12715,1,"Cтолы, светильники, вытяжки, боксы / Столы зубного техника на платформе СЗТ 4.3. Стулья. Элементы системы хранения / Стулья",Комплект подлокотников Регулировка положения по высоте и ширине Для стульев модели СТУЛ 2.1 ФОЛК НЬЮ,https://www.averon.ru/upload/iblock/935/vlpfc13d3o5mntt8x0aobsmq5doemcz3.jpg,1,OFFICIAL_BRAND_SHOP_IN_ALMATY,KZ_SKU_EVIDENCE_REQUIRED,https://www.averon.ru/catalog/stul_ya/podlokotnik_2_0_stul/
AVERON-12821,Averon,НПК АВЕРОН,ПОДСВЕТКА 1.1,12821,12821,1,"Cтолы, светильники, вытяжки, боксы / Светильники для столов МАСТЕР, ЭЛЕМЕНТ, СУЛ 9.Х. Светильники для оборудования / Локальные светильники",Набор для организации подсветки декоративного изображения на задней многофункциональной стенке столов СЗТ 3.1 ДРИМ ЭКО и боксов Б 5.0 МАСТЕР ЭКО,https://www.averon.ru/upload/iblock/87c/29hycyft4hwv2y4z8or1kngjmj0e6wbs.jpg,1,OFFICIAL_BRAND_SHOP_IN_ALMATY,KZ_SKU_EVIDENCE_REQUIRED,https://www.averon.ru/catalog/lokal__svetil_niki/podsvetka_1_1/
AVERON-12822,Averon,НПК АВЕРОН,ПОДСВЕТКА 1.2,12822,12822,1,"Cтолы, светильники, вытяжки, боксы / Светильники для столов МАСТЕР, ЭЛЕМЕНТ, СУЛ 9.Х. Светильники для оборудования / Локальные светильники",Набор для организации подсветки декоративных изображений на задней многофункциональной стенке столов СЗТ 4.3 МАСТЕР МИНИ и СЗТ 4.3 МАСТЕР ЮНГА,https://www.averon.ru/upload/iblock/634/timd2ry016dpjbuxnlwrk3lk2vkmvkmw.jpg,1,OFFICIAL_BRAND_SHOP_IN_ALMATY,KZ_SKU_EVIDENCE_REQUIRED,https://www.averon.ru/catalog/lokal__svetil_niki/podsvetka_1_2/
AVERON-12823,Averon,НПК АВЕРОН,ПОДСВЕТКА 1.3,12823,12823,1,"Cтолы, светильники, вытяжки, боксы / Светильники для столов МАСТЕР, ЭЛЕМЕНТ, СУЛ 9.Х. Светильники для оборудования / Локальные светильники",Набор для организации подсветки декоративных изображений на задней многофункциональной стенке столов СЗТ 4.3 МАСТЕР,https://www.averon.ru/upload/iblock/28d/zcanpcbuyjfd36xlaj6xj853kl3nreo4.jpg,1,OFFICIAL_BRAND_SHOP_IN_ALMATY,KZ_SKU_EVIDENCE_REQUIRED,https://www.averon.ru/catalog/lokal__svetil_niki/podsvetka_1_3/
AVERON-8980,Averon,НПК АВЕРОН,ПОДСТАВКА 1.0 АСОЗ,8980,8980,1,Пескоструйные аппараты / Система АСОЗ ПЛЮС,Подставка под пескоструйный аппарат Удобное ссыпание отработанного абразива и отходов из бункера аппарата в выдвижной контейнер,https://www.averon.ru/upload/iblock/d2f/2tpa4de5e1pizcrwd0p12j29zwg0yp4d.png,1,OFFICIAL_BRAND_SHOP_IN_ALMATY,KZ_SKU_EVIDENCE_REQUIRED,https://www.averon.ru/catalog/system_asoz_plus/podstavka_1_0_asoz/
AVERON-2876,Averon,НПК АВЕРОН,ПОДСТАВКА 1.0 МОБАЙЛ,2876,2876,1,Сувенирная продукция АВЕРОН,Подставка для смартфонов,https://www.averon.ru/upload/iblock/7c0/4yk2k16k0lxd894ex5np63buag1bpyn7.jpg,1,OFFICIAL_BRAND_SHOP_IN_ALMATY,KZ_SKU_EVIDENCE_REQUIRED,https://www.averon.ru/catalog/suvenirnaya_produkciya_averon/podstavka_1_0_mobayl/
AVERON-1708,Averon,НПК АВЕРОН,ПОДСТАВКА 2.0 МОДИС,1708,1708,1,Инструменты и принадлежности,Подставка для пульта от ЭШЗ и двух инструментов,https://www.averon.ru/upload/iblock/0fa/bq4pr0o7gm0gz20frqvbz8vw3beab8hu.jpg,1,OFFICIAL_BRAND_SHOP_IN_ALMATY,KZ_SKU_EVIDENCE_REQUIRED,https://www.averon.ru/catalog/instrument__i_prinadlejnosti/podstavka_2_0_modis/
AVERON-1783,Averon,НПК АВЕРОН,ПОДСТАВКА 2.0 ТИГЕЛЬ,1783,1783,1,Литейное оборудование,Подставка для хранения тиглей,https://www.averon.ru/upload/iblock/723/lcdu90zb0ayorlhppdrdqhi3zl05uvol.jpg,1,OFFICIAL_BRAND_SHOP_IN_ALMATY,KZ_SKU_EVIDENCE_REQUIRED,https://www.averon.ru/catalog/liteynoe_oborudovanie/podstavka_2_0_tigel__/
AVERON-14466,Averon,НПК АВЕРОН,ПОДСТАВКА 2.2 КОМПЛЕКТ,14466,14466,1,"Cтолы, светильники, вытяжки, боксы / Полезные мелочи, принадлежности общего применения","Подставка с магнитной фиксацией для наконечника зуботехнической бормашины или других инструментов Эффективное расширение функционала выдвижных ящиков (КОМПЛЕКТ 2.2, ВМУ 2.2 КОМПЛЕКТ, ТУМБА 1.2, СПП 1.1 М, СПП 1.2 М, СПП 2.2, СПП 2.3, СПП 2.4)",https://www.averon.ru/upload/iblock/aa2/ktnil7ubwfvmj16his6j80yop0orw1qe.png,1,OFFICIAL_BRAND_SHOP_IN_ALMATY,KZ_SKU_EVIDENCE_REQUIRED,https://www.averon.ru/catalog/polezmelochi_dlya_rabochih_mest/podstavka_2_2_komplekt/
AVERON-13321,Averon,НПК АВЕРОН,ПОДСТАВКА 5.0 АСОЗ,13321,13321,1,Пескоструйные аппараты / Система АСОЗ ПЛЮС,Подставка под пескоструйный аппарат серии АСОЗ 5.х Обеспечивает быструю очистку бункера аппарата от абразива и отходов,https://www.averon.ru/upload/iblock/7bd/2dgqj5bxh77pd3wod622v686t5mstlbn.png,1,OFFICIAL_BRAND_SHOP_IN_ALMATY,KZ_SKU_EVIDENCE_REQUIRED,https://www.averon.ru/catalog/system_asoz_plus/podstavka_5_0_asoz/
AVERON-2028,Averon,НПК АВЕРОН,ПОДСТАВКА 6.0 БОР,2028,2028,1,Инструменты и принадлежности,Подставка для инструментов и боров (фрез),https://www.averon.ru/upload/iblock/270/4otrioq5858w9cclbmazmjure7l641gx.jpg,1,OFFICIAL_BRAND_SHOP_IN_ALMATY,KZ_SKU_EVIDENCE_REQUIRED,https://www.averon.ru/catalog/instrument__i_prinadlejnosti/podstavka_6_0_bor/
AVERON-2027,Averon,НПК АВЕРОН,ПОДСТАВКА 6.0 КИСТОЧКА,2027,2027,1,Инструменты и принадлежности,Универсальная подставка-держатель для инструментов и кисточек,https://www.averon.ru/upload/iblock/a3e/1edsz0vc192broxqdgjouue0ye4mqk7q.jpg,1,OFFICIAL_BRAND_SHOP_IN_ALMATY,KZ_SKU_EVIDENCE_REQUIRED,https://www.averon.ru/catalog/instrument__i_prinadlejnosti/podstavka_6_0_kistochka/
AVERON-5886,Averon,НПК АВЕРОН,ПОДСТАВКА 6.0 НАСАДКА,5886,5886,1,Инструменты и принадлежности,Подставка для хранения сменных насадок НС х.0 НЬЮ для электрошпателей АВЕРОН серии НЬЮ,https://www.averon.ru/upload/iblock/1ac/fe1otzfoajs6oqsioic4edlfj10gm7h6.jpg,1,OFFICIAL_BRAND_SHOP_IN_ALMATY,KZ_SKU_EVIDENCE_REQUIRED,https://www.averon.ru/catalog/instrument__i_prinadlejnosti/podstavka_6_0_nasadka/
AVERON-2024,Averon,НПК АВЕРОН,ПОДСТАВКА 6.0 ТУЛЗ,2024,2024,1,Инструменты и принадлежности,Подставка для моделировочного ножа и инструментов,https://www.averon.ru/upload/iblock/baf/zeawuydmqn7ldb25ph5tjjm2du207cpg.png,1,OFFICIAL_BRAND_SHOP_IN_ALMATY,KZ_SKU_EVIDENCE_REQUIRED,https://www.averon.ru/catalog/instrument__i_prinadlejnosti/podstavka_6_0_tulz/
AVERON-1996,Averon,НПК АВЕРОН,ПОЛИР 1.0 СТАРТ,1996,1996,1,Оборудование для изготовления протезов,"Шлифмотор, скорость 2950 об/мин.",https://www.averon.ru/upload/iblock/966/i1yzuyp2jgiq1ncpnnnp955qifllgtug.jpg,1,OFFICIAL_BRAND_SHOP_IN_ALMATY,KZ_SKU_EVIDENCE_REQUIRED,https://www.averon.ru/catalog/oborudovanie_dlya_izgotovleniya_protezov/polir_1_0_start/
AVERON-14072,Averon,НПК АВЕРОН,ПОЛИР 3.0 НЬЮ ПЛЮС,14072,14072,1,Оборудование для изготовления протезов / Обработка-полировка,Зуботехнический шлифмотор с плавной регулировкой скорости до 3000 об/мин Для небольших объёмов работы В комплекте два бокса Б 6.0 М Сменные конусные насадки,https://www.averon.ru/upload/iblock/159/u0ygv9uh3hasc2qtdtz01mx7jdkazd7v.jpg,1,OFFICIAL_BRAND_SHOP_IN_ALMATY,KZ_SKU_EVIDENCE_REQUIRED,https://www.averon.ru/catalog/obrabotka-polirovka/polir_3_0_n_iu_plius/
AVERON-1998,Averon,НПК АВЕРОН,ПОЛИР 6.3 МАСТЕР,1998,1998,1,Оборудование для изготовления протезов,Шлифмотор с регулировкой скорости 500-6000 об/мин. Защитные боксы. Освещение.,https://www.averon.ru/upload/iblock/0eb/izapjtuixry1tt6ugh63eht15bvqwqvk.jpg,1,OFFICIAL_BRAND_SHOP_IN_ALMATY,KZ_SKU_EVIDENCE_REQUIRED,https://www.averon.ru/catalog/oborudovanie_dlya_izgotovleniya_protezov/polir_6_3_master/
AVERON-6151,Averon,НПК АВЕРОН,ПОЛИР 6.4 МАСТЕР,6151,6151,1,Оборудование для изготовления протезов,Шлифмотор с регулировкой скорости 500 - 6000 об/мин. Защитные боксы. Освещение. Легкосменные конусные насадки,https://www.averon.ru/upload/iblock/20c/v1e0ynt8izticcvz7zudvqsicwp63z24.jpg,1,OFFICIAL_BRAND_SHOP_IN_ALMATY,KZ_SKU_EVIDENCE_REQUIRED,https://www.averon.ru/catalog/oborudovanie_dlya_izgotovleniya_protezov/polir_6_4_master/
AVERON-6368,Averon,НПК АВЕРОН,ПОЛИР 6.4 ОПТИМУМ,6368,6368,1,Оборудование для изготовления протезов,"Классический шлифмотор с двумя фиксированными скоростями 1500 и 3000 об./мин, с защитными боксами и управляемой розеткой для подключения внешней вытяжки Легкосменные конусные насадки",https://www.averon.ru/upload/iblock/524/b2jv4yb43lkwb7edckylud44uqzvo935.jpg,1,OFFICIAL_BRAND_SHOP_IN_ALMATY,KZ_SKU_EVIDENCE_REQUIRED,https://www.averon.ru/catalog/oborudovanie_dlya_izgotovleniya_protezov/polir_6_4_optimum/
AVERON-6369,Averon,НПК АВЕРОН,ПОЛИР 6.4 СТАРТ,6369,6369,1,Оборудование для изготовления протезов,"Односкоростной шлифмотор на 2650 об./мин, с защитными боксами и управляемой розеткой для подключения внешней вытяжки Легкосменные конусные насадки",https://www.averon.ru/upload/iblock/80b/b50xvlcpz9gz1xhez6px69wjkzgfj9i9.jpg,1,OFFICIAL_BRAND_SHOP_IN_ALMATY,KZ_SKU_EVIDENCE_REQUIRED,https://www.averon.ru/catalog/oborudovanie_dlya_izgotovleniya_protezov/polir_6_4_start/
AVERON-12243,Averon,НПК АВЕРОН,ПОЛИР 6.5 МАСТЕР,12243,12243,1,Оборудование для изготовления протезов / Обработка-полировка,Многофункциональный шлифмотор Плавная регулировка скорости 500 - 6000 об/мин Защитные боксы. Освещение Легкосменные конусные насадки Современный дизайн,https://www.averon.ru/upload/iblock/152/nphubup6g7jpb6dy0zrrp671miiq9udo.jpg,1,OFFICIAL_BRAND_SHOP_IN_ALMATY,KZ_SKU_EVIDENCE_REQUIRED,https://www.averon.ru/catalog/obrabotka-polirovka/polir_6_5_master/
AVERON-12657,Averon,НПК АВЕРОН,ПОЛИР 6.5 СТАРТ,12657,12657,1,Оборудование для изготовления протезов / Обработка-полировка,Многофункциональный шлифмотор с плавной регулировкой скорости 500 - 6000 об/мин со сменными конусными насадками Для комфортной работы дополнительно требуются боксы,https://www.averon.ru/upload/iblock/533/3418auttds3so31jlx7t7ph2ketarfal.jpg,1,OFFICIAL_BRAND_SHOP_IN_ALMATY,KZ_SKU_EVIDENCE_REQUIRED,https://www.averon.ru/catalog/obrabotka-polirovka/polir_6_5_start/
AVERON-1827,Averon,НПК АВЕРОН,ПОЛКА 1.0 ДЕЛЬТА,1827,1827,1,"Cтолы, светильники, вытяжки, боксы / Системы БРИДЖ и ВЕРТИКАЛЬ для столов МАСТЕР, ЭЛЕМЕНТ, СУЛ 9.3. Произвольные конфигурации рабочих мест / Соединительные элементы системы БРИДЖ","Угловая соединительная полка-столешница Основной элемент системы БРИДЖ Расширение полезной площади столов МАСТЕР, ЮНГА, ЭЛЕМЕНТ, СУЛ 9.х и формирование автономных рабочих мест по принципу ""конструктора""",https://www.averon.ru/upload/iblock/b48/d9buzod87i5t8sinf47f330kglrbvzsm.jpg,1,OFFICIAL_BRAND_SHOP_IN_ALMATY,KZ_SKU_EVIDENCE_REQUIRED,https://www.averon.ru/catalog/osnov_element_sistem_bridj/polka_1_0_delta/
AVERON-7234,Averon,НПК АВЕРОН,ПОЛКА 1.0 ЛОКАЛ МИНИ,7234,7234,1,"Cтолы, светильники, вытяжки, боксы / Полезные мелочи, принадлежности общего применения","Компактная комбинированная полка с крючками. Посадочные гнезда с шагом 140 мм. Совместима со столами серии МАСТЕР, ЭЛЕМЕНТ, СУЛ 9.3 и многофункциональными вытяжками УПЗ 7.2 НЬЮ СТАРТ и УПЗ 7.2 СТАРТ",https://www.averon.ru/upload/iblock/530/dp4q7aq39xizg9i3nc5d3j6zoas81vgg.jpg,1,OFFICIAL_BRAND_SHOP_IN_ALMATY,KZ_SKU_EVIDENCE_REQUIRED,https://www.averon.ru/catalog/polezmelochi_dlya_rabochih_mest/polka_1_0_lokal_mini/
AVERON-4503,Averon,НПК АВЕРОН,ПОЛКА 1.0 СТУЛ,4503,4503,1,"Cтолы, светильники, вытяжки, боксы / Столы зубного техника на платформе СЗТ 4.3. Стулья. Элементы системы хранения",Встраиваемая в стулья ФОЛК полка для обуви.,https://www.averon.ru/upload/iblock/098/gh06wp3rlbkkdpalbn3ia2z7jj7d8xwj.jpg,1,OFFICIAL_BRAND_SHOP_IN_ALMATY,KZ_SKU_EVIDENCE_REQUIRED,https://www.averon.ru/catalog/stol_serii_master_element_sistem_hraneniya_stulya/polka_1_0_stul/
AVERON-1635,Averon,НПК АВЕРОН,ПОЛКА 1.0 ЭВП,1635,1635,1,"Cтолы, светильники, вытяжки, боксы / Системы БРИДЖ и ВЕРТИКАЛЬ для столов МАСТЕР, ЭЛЕМЕНТ, СУЛ 9.3. Произвольные конфигурации рабочих мест / Локальные элементы системы БРИДЖ",Локальная многофункциональная полка для оборудования Повышенная нагрузочная способность Дополнительный элемент системы БРИДЖ,https://www.averon.ru/upload/iblock/959/u3y6yprgtxa7079befspwhnxfr265a5h.png,1,OFFICIAL_BRAND_SHOP_IN_ALMATY,KZ_SKU_EVIDENCE_REQUIRED,https://www.averon.ru/catalog/dopolnitel_element_sistem_bridj/polka_1_0_evp/
AVERON-13842,Averon,НПК АВЕРОН,ПОЛКА 1.0 ЭВП ПЛЮС,13842,13842,1,"Cтолы, светильники, вытяжки, боксы / Системы БРИДЖ и ВЕРТИКАЛЬ для столов МАСТЕР, ЭЛЕМЕНТ, СУЛ 9.3. Произвольные конфигурации рабочих мест / Локальные элементы системы БРИДЖ","Двухуровневая многофункциональная полка с повышенной нагрузочной способностью Устанавливается на боковые стенки столов на платформе СЗТ 4.3 (серии МАСТЕР, ЮНГА), ЭЛЕМЕНТ, СУЛ 9.х, на СТЕНКА 1.2 БРИДЖ",https://www.averon.ru/upload/iblock/0dd/60if0y9nlu1pqqge2qxlj5uufgcmvsmj.jpg,1,OFFICIAL_BRAND_SHOP_IN_ALMATY,KZ_SKU_EVIDENCE_REQUIRED,https://www.averon.ru/catalog/dopolnitel_element_sistem_bridj/polka_1_0_evp_plius/
AVERON-1832,Averon,НПК АВЕРОН,ПОЛКА 1.1 БРИДЖ,1832,1832,1,"Cтолы, светильники, вытяжки, боксы / Системы БРИДЖ и ВЕРТИКАЛЬ для столов МАСТЕР, ЭЛЕМЕНТ, СУЛ 9.3. Произвольные конфигурации рабочих мест / Соединительные элементы системы БРИДЖ",Соединительная полка для столов. Ширина 400 мм.,https://www.averon.ru/upload/iblock/276/tx6ghyou3f31jf1vudl7w9q2k4qumi11.jpg,1,OFFICIAL_BRAND_SHOP_IN_ALMATY,KZ_SKU_EVIDENCE_REQUIRED,https://www.averon.ru/catalog/osnov_element_sistem_bridj/polka_1_1_bridzh/
AVERON-13610,Averon,НПК АВЕРОН,ПОЛКА 1.1 ЛОКАЛ МИНИ,13610,13610,1,"Cтолы, светильники, вытяжки, боксы / Системы БРИДЖ и ВЕРТИКАЛЬ для столов МАСТЕР, ЭЛЕМЕНТ, СУЛ 9.3. Произвольные конфигурации рабочих мест / Локальные элементы системы БРИДЖ","Компактная полка, унифицированные посадочные гнёзда с шагом 140 мм Для столов и стоек на платформе ШТАТИВ АРТ, совместима со столами серии МАСТЕР, ДРИМ, ЭЛЕМЕНТ, СУЛ 9.х , элементами системы БРИДЖ и вытяжками серии УПЗ 7.2",https://www.averon.ru/upload/iblock/a32/odh8wl1tov80f8bzav3os6501jihlzur.png,1,OFFICIAL_BRAND_SHOP_IN_ALMATY,KZ_SKU_EVIDENCE_REQUIRED,https://www.averon.ru/catalog/dopolnitel_element_sistem_bridj/polka_1_1_lokal_mini/
AVERON-3569,Averon,НПК АВЕРОН,ПОЛКА 1.1 ШКАФ,3569,3569,1,"Cтолы, светильники, вытяжки, боксы / Системы БРИДЖ и ВЕРТИКАЛЬ для столов МАСТЕР, ЭЛЕМЕНТ, СУЛ 9.3. Произвольные конфигурации рабочих мест / Локальные элементы системы БРИДЖ",Соединительная полка для навесных шкафов. Ширина 400 мм,https://www.averon.ru/upload/iblock/358/styirku0km10ghrna1i5gv61lunlvtnc.jpg,1,OFFICIAL_BRAND_SHOP_IN_ALMATY,KZ_SKU_EVIDENCE_REQUIRED,https://www.averon.ru/catalog/dopolnitel_element_sistem_bridj/polka_1_1_shkaf/
AVERON-7333,Averon,НПК АВЕРОН,ПОЛКА 1.2 БРИДЖ,7333,7333,1,"Cтолы, светильники, вытяжки, боксы / Системы БРИДЖ и ВЕРТИКАЛЬ для столов МАСТЕР, ЭЛЕМЕНТ, СУЛ 9.3. Произвольные конфигурации рабочих мест / Соединительные элементы системы БРИДЖ","Прямая соединительная полка-столешница Основной элемент системы БРИДЖ Расширение полезной площади столов МАСТЕР, ЮНГА, ЭЛЕМЕНТ, СУЛ 9.х и формирование автономных рабочих мест по принципу ""конструктора""",https://www.averon.ru/upload/iblock/0ec/m72g6buwrzpow46u6wkhpol1x60vv711.png,1,OFFICIAL_BRAND_SHOP_IN_ALMATY,KZ_SKU_EVIDENCE_REQUIRED,https://www.averon.ru/catalog/osnov_element_sistem_bridj/polka_1_2_bridj/
AVERON-12696,Averon,НПК АВЕРОН,ПОЛКА 1.2 БРИДЖ БЛЕСК,12696,12696,1,"Cтолы, светильники, вытяжки, боксы / Системы БРИДЖ и ВЕРТИКАЛЬ для столов МАСТЕР, ЭЛЕМЕНТ, СУЛ 9.3. Произвольные конфигурации рабочих мест / Соединительные элементы системы БРИДЖ","Прямая соединительная полка-столешница из нержавейки Основной элемент системы БРИДЖ Расширение полезной площади столов МАСТЕР, ЮНГА, ЭЛЕМЕНТ, СУЛ 9.х и формирование автономных рабочих мест по принципу ""конструктора""",https://www.averon.ru/upload/iblock/928/2b934b38chdluuqxb4bxc2iczsi0x6tt.png,1,OFFICIAL_BRAND_SHOP_IN_ALMATY,KZ_SKU_EVIDENCE_REQUIRED,https://www.averon.ru/catalog/osnov_element_sistem_bridj/polka_1_2_bridj_blesk/
AVERON-7334,Averon,НПК АВЕРОН,ПОЛКА 1.2 БРИДЖ ПАНЕЛЬ,7334,7334,1,"Cтолы, светильники, вытяжки, боксы / Системы БРИДЖ и ВЕРТИКАЛЬ для столов МАСТЕР, ЭЛЕМЕНТ, СУЛ 9.3. Произвольные конфигурации рабочих мест / Локальные элементы системы БРИДЖ",Полка для установки на ПАНЕЛЬ 1.2 БРИДЖ,https://www.averon.ru/upload/iblock/667/nrs1mpx8gpz2hfyan0x0q45bq3wowb0k.jpg,1,OFFICIAL_BRAND_SHOP_IN_ALMATY,KZ_SKU_EVIDENCE_REQUIRED,https://www.averon.ru/catalog/dopolnitel_element_sistem_bridj/polka_1_2_bridj_panel__/
AVERON-13843,Averon,НПК АВЕРОН,ПОЛКА 1.2 ЛОКАЛ МИНИ,13843,13843,1,"Cтолы, светильники, вытяжки, боксы / Полезные мелочи, принадлежности общего применения","Компактная полка с высокими бортиками, унифицированные посадочные гнёзда с шагом 140 мм Совместима со столами серий МАСТЕР, ЮНГА, ДРИМ, ЭЛЕМЕНТ, СУЛ 9.х, СУЛ ШТАТИВ АРТ, элементами системы БРИДЖ и вытяжками серии УПЗ 7.2",https://www.averon.ru/upload/iblock/394/etx499nqoom8ni7ma5kx6kks2se86260.jpg,1,OFFICIAL_BRAND_SHOP_IN_ALMATY,KZ_SKU_EVIDENCE_REQUIRED,https://www.averon.ru/catalog/polezmelochi_dlya_rabochih_mest/polka_1_2_lokal_mini/
AVERON-12138,Averon,НПК АВЕРОН,ПОЛКА 1.2 СТУЛ,12138,12138,1,"Cтолы, светильники, вытяжки, боксы / Столы зубного техника на платформе СЗТ 4.3. Стулья. Элементы системы хранения / Стулья",Встраиваемая под сидение полка для обуви или других предметов Для стульев модели СТУЛ 2.1 ФОЛК НЬЮ,https://www.averon.ru/upload/iblock/eba/q4njv1sgv1cj22d3hc0dzc7y3r39of5i.png,1,OFFICIAL_BRAND_SHOP_IN_ALMATY,KZ_SKU_EVIDENCE_REQUIRED,https://www.averon.ru/catalog/stul_ya/polka_1_2_stul/
AVERON-13834,Averon,НПК АВЕРОН,ПОЛКА 1.2 ТУМБА,13834,13834,1,"Cтолы, светильники, вытяжки, боксы / Столы зубного техника на платформе СЗТ 4.3. Стулья. Элементы системы хранения / Элементы системы хранения",Многофункциональная полка на боковую и заднюю стенку ТУМБА 1.2 Расширение полезной площади рабочего места Полка особо эффективна для размещения вакуумного насоса ВН 6.4 при использовании ТУМБА 1.2 в качестве стола для электровакуумной печи,https://www.averon.ru/upload/iblock/5cd/2lcv15ry06zgebjsdlgmbqsuobx2al2g.png,1,OFFICIAL_BRAND_SHOP_IN_ALMATY,KZ_SKU_EVIDENCE_REQUIRED,https://www.averon.ru/catalog/element_sistem_hraneniya/polka_1_2_tumba/
AVERON-14690,Averon,НПК АВЕРОН,ПОЛКА 1.2 УПС,14690,14690,1,"Cтолы, светильники, вытяжки, боксы / Системы БРИДЖ и ВЕРТИКАЛЬ для столов МАСТЕР, ЭЛЕМЕНТ, СУЛ 9.3. Произвольные конфигурации рабочих мест / Локальные элементы системы БРИДЖ","Универсальная настенная полка для размещения зуботехнического оборудования общего пользования, например: УПС 1.2 СТАРТ / ГЕЙЗЕР, ЭВП 1.0 ГРАНД / СТАРТ, ТРИММЕР 1.2 / 2.2 ПЛЮС, и т.п.",https://www.averon.ru/upload/iblock/6ca/u245j0qhhyqbwcq9wpm81d9vtwfqa1rh.png,1,OFFICIAL_BRAND_SHOP_IN_ALMATY,KZ_SKU_EVIDENCE_REQUIRED,https://www.averon.ru/catalog/dopolnitel_element_sistem_bridj/polka_1_2_ups/
AVERON-4181,Averon,НПК АВЕРОН,ПОЛКА 1.3 ЛОКАЛ АРТ,4181,4181,1,"Cтолы, светильники, вытяжки, боксы / Системы БРИДЖ и ВЕРТИКАЛЬ для столов МАСТЕР, ЭЛЕМЕНТ, СУЛ 9.3. Произвольные конфигурации рабочих мест / Локальные элементы системы БРИДЖ","Многофункциональная полка для установки на боковые стенки столов МАСТЕР, ЭЛЕМЕНТ, СУЛ 9.3 и боковые стенки системы БРИДЖ",https://www.averon.ru/upload/iblock/5e5/6xwrk0094c1fnvg8kskzgw8ly5un4b3c.png,1,OFFICIAL_BRAND_SHOP_IN_ALMATY,KZ_SKU_EVIDENCE_REQUIRED,https://www.averon.ru/catalog/dopolnitel_element_sistem_bridj/polka_1_3_lokal_art/
AVERON-9848,Averon,НПК АВЕРОН,ПОЛКА 1.3 ЛОКАЛ АРТ Н,9848,9848,1,Уцененное оборудование,"Боковая комбинированная полка для столов МАСТЕР, ЭЛЕМЕНТ",https://www.averon.ru/upload/iblock/1a7/k38kr2ku6l22gkdjbmwnmba614z94mq8.jpg,1,OFFICIAL_BRAND_SHOP_IN_ALMATY,KZ_SKU_EVIDENCE_REQUIRED,https://www.averon.ru/catalog/ucenyonnoe_oborudovanie/polka_1_3_lokal_art_n/
AVERON-12301,Averon,НПК АВЕРОН,ПОЛКА 1.3 СТЕНА,12301,12301,1,"Cтолы, светильники, вытяжки, боксы / Столы зубного техника на платформе СЗТ 4.3. Стулья. Элементы системы хранения / Элементы системы хранения",Многофункциональная настенная полка с тремя ярусами и гнездами для навешивания полезных мелочей,https://www.averon.ru/upload/iblock/948/ot1qqwfx5t541p5eic680dx97o7zf2l5.png,1,OFFICIAL_BRAND_SHOP_IN_ALMATY,KZ_SKU_EVIDENCE_REQUIRED,https://www.averon.ru/catalog/element_sistem_hraneniya/polka_1_3_stena/
AVERON-5191,Averon,НПК АВЕРОН,ПОЛКА 2.1 КОНЕР МИНИ,5191,5191,1,"Cтолы, светильники, вытяжки, боксы / Системы БРИДЖ и ВЕРТИКАЛЬ для столов МАСТЕР, ЭЛЕМЕНТ, СУЛ 9.3. Произвольные конфигурации рабочих мест / Соединительные элементы системы БРИДЖ","Дополнительная угловая полка для организации хранения под полками-столешницами ПОЛКА 2.2 КОНЕР СТАРТ, ПОЛКА 2.2 КОНЕР Расширение полезной площади столов МАСТЕР, ЮНГА, ЭЛЕМЕНТ, СУЛ 9.х и организация автономных рабочих мест по принципу ""конструктора""",https://www.averon.ru/upload/iblock/608/ryxkcwq4uoczv41fr9vp7g9iiwu252qi.png,1,OFFICIAL_BRAND_SHOP_IN_ALMATY,KZ_SKU_EVIDENCE_REQUIRED,https://www.averon.ru/catalog/osnov_element_sistem_bridj/polka_2_1_koner_mini/
AVERON-9794,Averon,НПК АВЕРОН,ПОЛКА 2.2 КОНЕР,9794,9794,1,"Cтолы, светильники, вытяжки, боксы / Системы БРИДЖ и ВЕРТИКАЛЬ для столов МАСТЕР, ЭЛЕМЕНТ, СУЛ 9.3. Произвольные конфигурации рабочих мест / Соединительные элементы системы БРИДЖ",Угловая полка-столешница в комплекте с панелями ПАНЕЛЬ 2.2 КОНЕР и угловой опорой Основной элемент системы БРИДЖ,https://www.averon.ru/upload/iblock/cd2/8hdgk1ga9tre32tioknyitnetjxqjyaa.png,1,OFFICIAL_BRAND_SHOP_IN_ALMATY,KZ_SKU_EVIDENCE_REQUIRED,https://www.averon.ru/catalog/osnov_element_sistem_bridj/polka_2_2_koner/
AVERON-14049,Averon,НПК АВЕРОН,ПОЛКА 2.2 КОНЕР СТАРТ,14049,14049,1,"Cтолы, светильники, вытяжки, боксы / Системы БРИДЖ и ВЕРТИКАЛЬ для столов МАСТЕР, ЭЛЕМЕНТ, СУЛ 9.3. Произвольные конфигурации рабочих мест / Соединительные элементы системы БРИДЖ","Угловая соединительная полка-столешница Основной элемент системы БРИДЖ Эффективное использование углового пространства в лаборатории Расширение полезной площади столов серий МАСТЕР, ЮНГА, ЭЛЕМЕНТ, СУЛ 9.х и формирование автономных рабочих мест по принципу ""конструктора""",https://www.averon.ru/upload/iblock/c4f/4jz3cj2l2jgrqzn9z4tf3mdnwll2gtsq.png,1,OFFICIAL_BRAND_SHOP_IN_ALMATY,KZ_SKU_EVIDENCE_REQUIRED,https://www.averon.ru/catalog/osnov_element_sistem_bridj/polka_2_2_koner_start/
AVERON-13781,Averon,НПК АВЕРОН,ПОЛКА 3.2 ДРИМ,13781,13781,1,"Cтолы, светильники, вытяжки, боксы / Мобильные столы на платформах ДРИМ, ШТАТИВ АРТ, УПЗ 7.2. Подкатные столики СПП / Платформа СЗТ ДРИМ. Индивидуальные рабочие места",Многофункциональная полка на заднюю сторону стола СЗТ 3.2 ДРИМ Расширение полезной площади рабочего места Объединение стола с внешней вытяжкой УПЗ 5.0 АРТ (или другими) в единую подвижную конструкцию,https://www.averon.ru/upload/iblock/227/qejbjon9y1ulb86x616lvjfua8cmjvex.png,1,OFFICIAL_BRAND_SHOP_IN_ALMATY,KZ_SKU_EVIDENCE_REQUIRED,https://www.averon.ru/catalog/platforma_szt_drim_individual__rabochie_mesta/polka_3_2_drim/
AVERON-9835,Averon,НПК АВЕРОН,ПОЛКА 6.5 ВМУ,9835,9835,1,"Cтолы, светильники, вытяжки, боксы / Мобильные столы на платформах ДРИМ, ШТАТИВ АРТ, УПЗ 7.2. Подкатные столики СПП",Специализированная полка для размещения на мобильной стойке СУЛ 6.5 ШТАТИВ настольной вытяжной системы ВМУ 1.1 (1.0) ТЕЙБЛ БАЗИС,https://www.averon.ru/upload/iblock/276/7fwsi7os7cexd9tckuf6qq7yfokxhs4g.png,1,OFFICIAL_BRAND_SHOP_IN_ALMATY,KZ_SKU_EVIDENCE_REQUIRED,https://www.averon.ru/catalog/universalnaya_metallicheskaya_mebel_dlya_laboratoriy_i_stomat_kabinetov/polka_6_5_vmu/
AVERON-13712,Averon,НПК АВЕРОН,ПОЛКА 6.5 СКАНЕР,13712,13712,1,"Cтолы, светильники, вытяжки, боксы / Мобильные столы на платформах ДРИМ, ШТАТИВ АРТ, УПЗ 7.2. Подкатные столики СПП / Платформа ШТАТИВ АРТ. Индивидуальные и общие рабочие места",Специализированная полка для столиков на платформе ШТАТИВ АРТ,https://www.averon.ru/upload/iblock/1d7/7qccklqljfijm6i21q1ph5vpohq3bbk1.png,1,OFFICIAL_BRAND_SHOP_IN_ALMATY,KZ_SKU_EVIDENCE_REQUIRED,https://www.averon.ru/catalog/platforma_shtativ_art_individual__i_obshaie_rabochie_mesta/polka_6_5_skaner/
AVERON-12641,Averon,НПК АВЕРОН,ПОЛКА 6.5 УПЗ,12641,12641,1,"Cтолы, светильники, вытяжки, боксы / Мобильные столы на платформах ДРИМ, ШТАТИВ АРТ, УПЗ 7.2. Подкатные столики СПП","Дополнительная площадка на основание стойки СУЛ 6.5 ДРАЙВ для размещения вытяжек серии УПЗ 5.0 АРТ СТАРТ/НЬЮ СТАРТ, УПЗ 1.3 СТАЙЕР ПЛЮС или других",https://www.averon.ru/upload/iblock/e47/3e1mtqylv1p5rsekmdydju5nawt9j3fv.png,1,OFFICIAL_BRAND_SHOP_IN_ALMATY,KZ_SKU_EVIDENCE_REQUIRED,https://www.averon.ru/catalog/universalnaya_metallicheskaya_mebel_dlya_laboratoriy_i_stomat_kabinetov/polka_6_5_upz/
AVERON-9834,Averon,НПК АВЕРОН,ПОЛКА 6.5 ШТАТИВ,9834,9834,1,"Cтолы, светильники, вытяжки, боксы / Мобильные столы на платформах ДРИМ, ШТАТИВ АРТ, УПЗ 7.2. Подкатные столики СПП",Полка для организации на стойке СУЛ 6.5 ШТАТИВ многофункционального мобильного столика,https://www.averon.ru/upload/iblock/da7/4w3tqp99ctwthtsl9pyxwg2ztlsugu1o.png,1,OFFICIAL_BRAND_SHOP_IN_ALMATY,KZ_SKU_EVIDENCE_REQUIRED,https://www.averon.ru/catalog/universalnaya_metallicheskaya_mebel_dlya_laboratoriy_i_stomat_kabinetov/polka_6_5_shtativ/
AVERON-13840,Averon,НПК АВЕРОН,ПОЛКА 7.2 НАДСТРОЙКА,13840,13840,1,"Cтолы, светильники, вытяжки, боксы / Автономные вытяжки для работы с пылью, газами и для CAD-CAM систем. Циклоны, прочие фильтры / Специальные принадлежности для серии УПЗ 7.2",Специализированная полка-столешница для размещения ПОДСТАВКА 5.0 АСОЗ или НАДСТРОЙКА 1.0 ТУМБА на столиках с платформами ШТАТИВ АРТ и УПЗ 7.2 Организация рабочего места для пескоструек АСОЗ 5.х,https://www.averon.ru/upload/iblock/51f/5ffis18no50xvy2e85e117zov6jg36w3.png,1,OFFICIAL_BRAND_SHOP_IN_ALMATY,KZ_SKU_EVIDENCE_REQUIRED,https://www.averon.ru/catalog/special__prinadlejnosti_dlya_serii_upz_7_2/polka_7_2_nadstroyka/
AVERON-4616,Averon,НПК АВЕРОН,ПОЛКА 7.2 НЬЮ,4616,4616,1,"Cтолы, светильники, вытяжки, боксы / Автономные вытяжки для работы с пылью, газами и для CAD-CAM систем. Циклоны, прочие фильтры / Специальные принадлежности для серии УПЗ 7.2",Расширенная рабочая столешница для серии УПЗ 7.2 хххх,https://www.averon.ru/upload/iblock/184/haxt05ytxpjprjdcry2j1rtk2bc7fxas.png,1,OFFICIAL_BRAND_SHOP_IN_ALMATY,KZ_SKU_EVIDENCE_REQUIRED,https://www.averon.ru/catalog/special__prinadlejnosti_dlya_serii_upz_7_2/polka_7_2_n__iu/
AVERON-12150,Averon,НПК АВЕРОН,ПОЛКА 7.2 ПОЛИР,12150,12150,1,"Cтолы, светильники, вытяжки, боксы / Автономные вытяжки для работы с пылью, газами и для CAD-CAM систем. Циклоны, прочие фильтры / Специальные принадлежности для серии УПЗ 7.2","Компактная специализированная полка-седло для установки шлифмоторов ПОЛИР 6.5 МАСТЕР (ПОЛИР 6.4 СТАРТ, ПОЛИР 6.4 ОПТИМУМ) на вытяжные системы серии УПЗ 7.2",https://www.averon.ru/upload/iblock/7b2/ksdy15pzb3w53osbbwgbfn4lh1ejcion.png,1,OFFICIAL_BRAND_SHOP_IN_ALMATY,KZ_SKU_EVIDENCE_REQUIRED,https://www.averon.ru/catalog/special__prinadlejnosti_dlya_serii_upz_7_2/polka_7_2_polir/
AVERON-1838,Averon,НПК АВЕРОН,ПОЛКА 9.1,1838,1838,1,"Cтолы, светильники, вытяжки, боксы / Столы серии СУЛ 9.3 для гипсовочной. Лабораторные столы ЭЛЕМЕНТ, СУЛ 1.х ТУМБА. Гипсоотстойники и др. сопутствующее оборудование",Верхняя полка на заднюю стенку столов СУЛ 9.х.,https://www.averon.ru/upload/iblock/dc5/pde2dfjbxi3ndai8p8k5ke15fb4hv772.jpg,1,OFFICIAL_BRAND_SHOP_IN_ALMATY,KZ_SKU_EVIDENCE_REQUIRED,https://www.averon.ru/catalog/stol_serii_sul_92_dlya_gipsovochnoy_gipsootstoyniki_i_prochee_soputstvuiushaee_oborudovanie/polka_9_1/
AVERON-2626,Averon,НПК АВЕРОН,ПРЕСС 3.0 ОПОКА НЬЮ,2626,2626,1,Литейное оборудование,Аппарат для уплотнения опок под давлением. Вместимость - до 3 опок x9,https://www.averon.ru/upload/iblock/a4b/9mlyjaph2hehtx00ie40h8vr5dn25lri.png,1,OFFICIAL_BRAND_SHOP_IN_ALMATY,KZ_SKU_EVIDENCE_REQUIRED,https://www.averon.ru/catalog/liteynoe_oborudovanie/press_3_0_opoka_n__iu/
AVERON-6232,Averon,НПК АВЕРОН,"Пресскерамика и облицовка (без мебели, без гипсовочной)",6232,6232,1,Готовые решения / Пресскерамика и облицовка,"Пресскерамика и облицовка (без мебели, без гипсовочной).",https://www.averon.ru/upload/iblock/e6f/xx1sjtzq3uacqf2rfelon5gwbg0izfq4.jpg,1,OFFICIAL_BRAND_SHOP_IN_ALMATY,KZ_SKU_EVIDENCE_REQUIRED,https://www.averon.ru/catalog/presskeramika_i_oblicovka/presskeramika_i_oblicovka_bez_mebeli__bez_gipsovochnoy/
AVERON-6231,Averon,НПК АВЕРОН,"Пресскерамика и облицовка (с мебелью, без гипсовочной)",6231,6231,1,Готовые решения / Пресскерамика и облицовка,"Пресскерамика и облицовка (с мебелью, без гипсовочной).",https://www.averon.ru/upload/iblock/308/pgzaimef9jz920veaju73vv6vota4d2l.jpg,1,OFFICIAL_BRAND_SHOP_IN_ALMATY,KZ_SKU_EVIDENCE_REQUIRED,https://www.averon.ru/catalog/presskeramika_i_oblicovka/presskeramika_i_oblicovka_s_mebel__iu__bez_gipsovochnoy/
AVERON-3284,Averon,НПК АВЕРОН,ПРИСТАВКА 1.0 СТРУБЦИНА,3284,3284,1,"Cтолы, светильники, вытяжки, боксы / Системы БРИДЖ и ВЕРТИКАЛЬ для столов МАСТЕР, ЭЛЕМЕНТ, СУЛ 9.3. Произвольные конфигурации рабочих мест / Система хранения ВЕРТИКАЛЬ","Основной элемент системы хранения ВЕРТИКАЛЬ. Для установки СТРУБЦИНА 2.0 на столы МАСТЕР, ЮНГА, ЭЛЕМЕНТ, СУЛ 9.х, ДРИМ",https://www.averon.ru/upload/iblock/031/z8k2za2t3gerk62v87l1ah5q1axhoxaf.jpg,1,OFFICIAL_BRAND_SHOP_IN_ALMATY,KZ_SKU_EVIDENCE_REQUIRED,https://www.averon.ru/catalog/sistema_elementov_vertikal_/pristavka_1_0_strubcina/
AVERON-14890,Averon,НПК АВЕРОН,ПРИСТАВКА 1.2 УПС,14890,14890,1,"Cтолы, светильники, вытяжки, боксы / Системы БРИДЖ и ВЕРТИКАЛЬ для столов МАСТЕР, ЭЛЕМЕНТ, СУЛ 9.3. Произвольные конфигурации рабочих мест / Локальные элементы системы БРИДЖ","Нижний ""этаж"" для полки ПОЛКА 1.2 УПС Экономия рабочего пространства в лаборатории",https://www.averon.ru/upload/iblock/8e2/axnhayr7vqbgw7ge5bynicvpaq1ns9zz.png,1,OFFICIAL_BRAND_SHOP_IN_ALMATY,KZ_SKU_EVIDENCE_REQUIRED,https://www.averon.ru/catalog/dopolnitel_element_sistem_bridj/pristavka_1_2_ups/
AVERON-5548,Averon,НПК АВЕРОН,ПРИСТРОЙ 1.0 СТОЛ,5548,5548,1,"Cтолы, светильники, вытяжки, боксы / Столы зубного техника на платформе СЗТ 4.3. Стулья. Элементы системы хранения",Дополнительный модульный пристрой к столам СЗТ МАСТЕР для расширения полезной площади в горизонтальной и вертикальной плоскостях.,https://www.averon.ru/upload/iblock/7bf/jd8cogmmd4uh22k3f0i98vzxb9d9wik8.jpg,1,OFFICIAL_BRAND_SHOP_IN_ALMATY,KZ_SKU_EVIDENCE_REQUIRED,https://www.averon.ru/catalog/stol_serii_master_element_sistem_hraneniya_stulya/pristroy_1_0_stol/
AVERON-7335,Averon,НПК АВЕРОН,ПРИСТРОЙ 1.2 СТОЛ,7335,7335,1,"Cтолы, светильники, вытяжки, боксы / Системы БРИДЖ и ВЕРТИКАЛЬ для столов МАСТЕР, ЭЛЕМЕНТ, СУЛ 9.3. Произвольные конфигурации рабочих мест / Рабочие места и системы хранения на базе элементов системы БРИДЖ","Пристрой к столам МАСТЕР, ЮНГА, ЭЛЕМЕНТ Расширение полезной площади столов",https://www.averon.ru/upload/iblock/ab5/g0yfa920kj9yhg5qb4y9d4wvrxxsxlwp.png,1,OFFICIAL_BRAND_SHOP_IN_ALMATY,KZ_SKU_EVIDENCE_REQUIRED,https://www.averon.ru/catalog/rabochie_mesta_i_sistem_hraneniya_na_baze_elementov_sistem_bridj/pristroy_1_2_stol/
AVERON-9056,Averon,НПК АВЕРОН,ПРИСТРОЙ 9.2,9056,9056,1,"Cтолы, светильники, вытяжки, боксы / Столы серии СУЛ 9.3 для гипсовочной. Лабораторные столы ЭЛЕМЕНТ, СУЛ 1.х ТУМБА. Гипсоотстойники и др. сопутствующее оборудование / Серия 9.3. Столы для гипсовочной лаборатории, гипсоотстойники и сопутствующее оборудование","Пристрой к столам серии СУЛ 9.3, расширяющий их полезную площадь по горизонтали и вертикали",https://www.averon.ru/upload/iblock/cf6/l6eabazp1i9esj1abn47adlirpcbq4bv.png,1,OFFICIAL_BRAND_SHOP_IN_ALMATY,KZ_SKU_EVIDENCE_REQUIRED,https://www.averon.ru/catalog/seriya_9_3_stol_dlya_gipsovochnoy_laboratorii_gipsootstoyniki_i_soputstvuiushaee_oborudovanie_/pristroy_9_2/
AVERON-4216,Averon,НПК АВЕРОН,ПСР 2.1,4216,4216,1,"Cтолы, светильники, вытяжки, боксы / Электроника для рабочих мест",Переключатель сетевых розеток для управления вытяжкой с двух рабочих мест,https://www.averon.ru/upload/iblock/afc/5yrev01ay2j0cyb3e4lfns0qha8kbnw9.jpg,1,OFFICIAL_BRAND_SHOP_IN_ALMATY,KZ_SKU_EVIDENCE_REQUIRED,https://www.averon.ru/catalog/elektronika_dlya_rabochih_mest/psr_2_1/
AVERON-1641,Averon,НПК АВЕРОН,ПЦ 1.0 ЦОКОЛЬ,1641,1641,1,Фрезеры зуботехнические,Подставка для ЦОКОЛЬ 0.хх.,https://www.averon.ru/upload/iblock/058/ewh54ayqddz83sddwxzj5hfnggw02mmb.jpg,1,OFFICIAL_BRAND_SHOP_IN_ALMATY,KZ_SKU_EVIDENCE_REQUIRED,https://www.averon.ru/catalog/frezera_zubotehnicheskie/pc_1_0_cokol__/
AVERON-14548,Averon,НПК АВЕРОН,ПЭК 2.0,14548,14548,1,Пескоструйные аппараты / Система АСОЗ ПЛЮС,Универсальный пневмоэлектрический коммутатор Дополнительная опция для синхронизации подачи абразива и включения внешней вытяжки Обеспечивает комфортную работу и сбережение ресурса вытяжки,https://www.averon.ru/upload/iblock/62e/qwiowhq90p81vu2na9o9pc0bwnz74ini.png,1,OFFICIAL_BRAND_SHOP_IN_ALMATY,KZ_SKU_EVIDENCE_REQUIRED,https://www.averon.ru/catalog/system_asoz_plus/pek_2_0/
AVERON-1979,Averon,НПК АВЕРОН,РАМКА 1.0 ПМА,1979,1979,1,Оборудование для изготовления протезов / Полимеризация пластмасс (химическое отверждение),Рамка для перебазировки протезов,https://www.averon.ru/upload/iblock/c34/unc7sa93dory5cjfgtktw0aizctkit2u.png,1,OFFICIAL_BRAND_SHOP_IN_ALMATY,KZ_SKU_EVIDENCE_REQUIRED,https://www.averon.ru/catalog/polimerizaciya_plastmass_him_otv_/ramka_1_0_pma/
AVERON-7217,Averon,НПК АВЕРОН,РАМКА 1.0 ТРЭШ,7217,7217,1,"Cтолы, светильники, вытяжки, боксы / Полезные мелочи, принадлежности общего применения",Специализированный держатель пакетов для отходов,https://www.averon.ru/upload/iblock/614/pwdbvgo4kq4az0lcg9s16rfog586gdrm.jpg,1,OFFICIAL_BRAND_SHOP_IN_ALMATY,KZ_SKU_EVIDENCE_REQUIRED,https://www.averon.ru/catalog/polezmelochi_dlya_rabochih_mest/ramka_1_0_tresh/
AVERON-12179,Averon,НПК АВЕРОН,РАМКА 1.1 ТРЭШ,12179,12179,1,"Cтолы, светильники, вытяжки, боксы / Полезные мелочи, принадлежности общего применения","Навесной универсальный держатель пакетов для отходов, совместимый с рабочими местами МАСТЕР, ЮНГА, ЭЛЕМЕНТ, ДРИМ, СУЛ 9.х, СУЛ ШТАТИВ, СУЛ ТУМБА, УПЗ 7.2 и элементами системы БРИДЖ",https://www.averon.ru/upload/iblock/b4c/aj3vlruoskmrt8kquuff01hv71rgxjox.png,1,OFFICIAL_BRAND_SHOP_IN_ALMATY,KZ_SKU_EVIDENCE_REQUIRED,https://www.averon.ru/catalog/polezmelochi_dlya_rabochih_mest/ramka_1_1_tresh/
AVERON-12703,Averon,НПК АВЕРОН,РАСПРЕДЕЛИТЕЛЬ 4.0 АСОЗ,12703,12703,1,Пескоструйные аппараты / Система АСОЗ ПЛЮС,"Пневмопереключатель на 4 канала Для подключения МС 4.х, МС 3.0 АСОЗ Элемент системы АСОЗ ПЛЮС",https://www.averon.ru/upload/iblock/1bc/y3n8sn8rn2zszg1okorwtt58lxth0iu5.jpg,1,OFFICIAL_BRAND_SHOP_IN_ALMATY,KZ_SKU_EVIDENCE_REQUIRED,https://www.averon.ru/catalog/system_asoz_plus/raspredelitel__4_0_asoz/
AVERON-1889,Averon,НПК АВЕРОН,РВК 2.0,1889,1889,1,"Cтолы, светильники, вытяжки, боксы / Автономные вытяжки для работы с пылью, газами и для CAD-CAM систем. Циклоны, прочие фильтры",Разветвитель воздушных каналов на два устройства,https://www.averon.ru/upload/iblock/1d8/4x51r7qj3uxkgsmnv2ggod3dtjdfafv3.jpg,1,OFFICIAL_BRAND_SHOP_IN_ALMATY,KZ_SKU_EVIDENCE_REQUIRED,https://www.averon.ru/catalog/vtyajki_dlya_rabot_s_pliu_i_s_gazom_vtyajki_so_vstroennm_ciklonom/rvk_2_0/
AVERON-1890,Averon,НПК АВЕРОН,РВК 3.0,1890,1890,1,"Cтолы, светильники, вытяжки, боксы / Автономные вытяжки для работы с пылью, газами и для CAD-CAM систем. Циклоны, прочие фильтры / Принадлежности для вытяжных каналов",Разветвитель воздушных каналов на три устройства,https://www.averon.ru/upload/iblock/c7a/gik1ireih29ylwnihigyzmz09mjhk3n0.jpg,1,OFFICIAL_BRAND_SHOP_IN_ALMATY,KZ_SKU_EVIDENCE_REQUIRED,https://www.averon.ru/catalog/Prinadlejnosti_dlya_v_tyajn_h_kanalov/rvk_3_0/
AVERON-14536,Averon,НПК АВЕРОН,РВК 4.0,14536,14536,1,"Cтолы, светильники, вытяжки, боксы / Автономные вытяжки для работы с пылью, газами и для CAD-CAM систем. Циклоны, прочие фильтры / Принадлежности для вытяжных каналов",Разветвитель воздушных каналов для подключения к одной вытяжке до четырёх устройств,https://www.averon.ru/upload/iblock/a8e/wcdnzv0hngmz2obphuq4y5ejuidrftwe.png,1,OFFICIAL_BRAND_SHOP_IN_ALMATY,KZ_SKU_EVIDENCE_REQUIRED,https://www.averon.ru/catalog/Prinadlejnosti_dlya_v_tyajn_h_kanalov/rvk_4_0/
AVERON-1951,Averon,НПК АВЕРОН,РЕЙЛИНГ 1.0,1951,1951,1,"Cтолы, светильники, вытяжки, боксы / Полезные мелочи, принадлежности общего применения",Элемент системы хранения для навешиваниея лотков и держателей АВЕРОН,https://www.averon.ru/upload/iblock/410/ni1jybgnj5c93w2pvx1crwcbw5jbs7vp.jpg,1,OFFICIAL_BRAND_SHOP_IN_ALMATY,KZ_SKU_EVIDENCE_REQUIRED,https://www.averon.ru/catalog/polezmelochi_dlya_rabochih_mest/reiling_1_0/
AVERON-4609,Averon,НПК АВЕРОН,РШ 1.0 НЬЮ МДН,4609,4609,1,Устройства для моделирования восками,"Ручка электрошпателя со штыревым нагревателем и разъемом ""MDN"" на кабеле. Для насадок НС Х.0 НЬЮ",https://www.averon.ru/upload/iblock/885/9oe5whnc2rujg4s4s1l6w2q776847hpi.jpg,1,OFFICIAL_BRAND_SHOP_IN_ALMATY,KZ_SKU_EVIDENCE_REQUIRED,https://www.averon.ru/catalog/ustroistva_modelirovaniya_voskami/rsh_1_0_n__iu_mdn/
AVERON-4608,Averon,НПК АВЕРОН,РШ 1.0 НЬЮ ТЮЛЬПАН,4608,4608,1,Устройства для моделирования восками,"Ручка электрошпателя со штыревым нагревателем и разъемом ""тюльпан"" на кабеле. Для насадок НС Х.0 НЬЮ",https://www.averon.ru/upload/iblock/423/j29u1zgakz3grvwcvalnisvmi7y2ax5z.jpg,1,OFFICIAL_BRAND_SHOP_IN_ALMATY,KZ_SKU_EVIDENCE_REQUIRED,https://www.averon.ru/catalog/ustroistva_modelirovaniya_voskami/rsh_1_0_n__iu_tiul__pan/
AVERON-8897,Averon,НПК АВЕРОН,РШ 1.1 НЬЮ МДН,8897,8897,1,Устройства для моделирования восками,"Ручка электрошпателя из твёрдых пород дерева со встроенным штыревым нагревателем для насадок НС Х.0 НЬЮ с разъемом ""MDN"" на конце кабеля Совместима с УНИ 2.0 КОМБИ, а также может использоваться с ЭШЗ МОДИС ранних выпусков для сопряжения с насадками НС х.0 НЬЮ",https://www.averon.ru/upload/iblock/d70/ksj45r70noeqv2ln798komt2cibkf166.jpg,1,OFFICIAL_BRAND_SHOP_IN_ALMATY,KZ_SKU_EVIDENCE_REQUIRED,https://www.averon.ru/catalog/ustroistva_modelirovaniya_voskami/rsh_1_1_n__iu_mdn/
AVERON-8898,Averon,НПК АВЕРОН,РШ 1.1 НЬЮ ТЮЛЬПАН,8898,8898,1,Устройства для моделирования восками,"Ручка электрошпателя из твёрдых пород дерева со встроенным штыревым нагревателем для насадок НС Х.0 НЬЮ с разъемом ""тюльпан"" на конце кабеля Совместима с БМ 2.0 ЭКО ПРОФИ, УСМФ 1.0 МАСТЕР, ЭШЗ 1.4, ЭШЗ 1.5 - как с ранее выпущенными моделями, так и вновь выпускаемыми",https://www.averon.ru/upload/iblock/3fc/uhwn9xk604smjj33iedhnmzjwdxzhzyy.jpg,1,OFFICIAL_BRAND_SHOP_IN_ALMATY,KZ_SKU_EVIDENCE_REQUIRED,https://www.averon.ru/catalog/ustroistva_modelirovaniya_voskami/rsh_1_1_n__iu_tiul__pan/
AVERON-14313,Averon,НПК АВЕРОН,РШ 3.0 ОЛД ТЮЛЬПАН,14313,14313,1,Устройства для моделирования восками,"Ручка электрошпателя из твёрдых пород дерева, несъёмная насадка «нож» со встроенным нагревателем, кабель с разъёмом «тюльпан» Совместима с БМ 2.0 ЭКО ПРОФИ, УСМФ 1.0 МАСТЕР, ЭШЗ 1.2 М, ЭШЗ 1.3, ЭШЗ 1.4, ЭШЗ 1.5",https://www.averon.ru/upload/iblock/50f/mpmybi2br1p1xh9cke7wmqs0vxwg8csv.png,1,OFFICIAL_BRAND_SHOP_IN_ALMATY,KZ_SKU_EVIDENCE_REQUIRED,https://www.averon.ru/catalog/ustroistva_modelirovaniya_voskami/rsh_3_0_old_tiul_pan/
AVERON-14315,Averon,НПК АВЕРОН,РШ 4.0 ОЛД ТЮЛЬПАН,14315,14315,1,Устройства для моделирования восками,"Ручка электрошпателя из твёрдых пород дерева, несъёмная насадка «игла изогнутая, тонкая» со встроенным нагревателем, кабель с разъёмом «тюльпан» Совместима с БМ 2.0 ЭКО ПРОФИ, УСМФ 1.0 МАСТЕР, ЭШЗ 1.2 М, ЭШЗ 1.3, ЭШЗ 1.4, ЭШЗ 1.5",https://www.averon.ru/upload/iblock/4ba/nwhtinolpo7gkkbh6pmdv7hnyokyk2od.png,1,OFFICIAL_BRAND_SHOP_IN_ALMATY,KZ_SKU_EVIDENCE_REQUIRED,https://www.averon.ru/catalog/ustroistva_modelirovaniya_voskami/rsh_4_0_old_tiul_pan/
AVERON-1738,Averon,НПК АВЕРОН,РШ 4.1,1738,1738,1,Устройства для моделирования восками,"Ручка электрошпателя с несъемной насадкой ""игла изогнутая тонкая"" и разъемом ""тюльпан"" на кабеле.",https://www.averon.ru/upload/iblock/3f3/eb6g8exb0nzfqg885umk4txx5flc7o64.jpg,1,OFFICIAL_BRAND_SHOP_IN_ALMATY,KZ_SKU_EVIDENCE_REQUIRED,https://www.averon.ru/catalog/ustroistva_modelirovaniya_voskami/rsh4_1/
AVERON-14317,Averon,НПК АВЕРОН,РШ 5.0 ОЛД ТЮЛЬПАН,14317,14317,1,Устройства для моделирования восками,"Ручка электрошпателя из твёрдых пород дерева, несъёмная насадка «лопатка прямая» со встроенным нагревателем, кабель с разъёмом «тюльпан» Совместима с БМ 2.0 ЭКО ПРОФИ, УСМФ 1.0 МАСТЕР, ЭШЗ 1.2 М, ЭШЗ 1.3, ЭШЗ 1.4, ЭШЗ 1.5",https://www.averon.ru/upload/iblock/331/crx1o4zv8wuocywdnxcgpn1ncq0p21sg.png,1,OFFICIAL_BRAND_SHOP_IN_ALMATY,KZ_SKU_EVIDENCE_REQUIRED,https://www.averon.ru/catalog/ustroistva_modelirovaniya_voskami/rsh_5_0_old_tiul_pan/
AVERON-1739,Averon,НПК АВЕРОН,РШ 5.1,1739,1739,1,Устройства для моделирования восками,"Ручка электрошпателя с несъемной насадкой ""лопатка прямая"" и разъемом ""тюльпан"" на кабеле.",https://www.averon.ru/upload/iblock/7d8/03x8m9rl4fqczcci916jtj9dp7kzjlxl.jpg,1,OFFICIAL_BRAND_SHOP_IN_ALMATY,KZ_SKU_EVIDENCE_REQUIRED,https://www.averon.ru/catalog/ustroistva_modelirovaniya_voskami/rsh5_1/
AVERON-14319,Averon,НПК АВЕРОН,РШ 7.0 ОЛД ТЮЛЬПАН,14319,14319,1,Устройства для моделирования восками,"Ручка электрошпателя из твёрдых пород дерева, несъёмная насадка «игла изогнутая, толстая» со встроенным нагревателем, кабель с разъёмом «тюльпан» Совместима с БМ 2.0 ЭКО ПРОФИ, УСМФ 1.0 МАСТЕР, ЭШЗ 1.2 М, ЭШЗ 1.3, ЭШЗ 1.4, ЭШЗ 1.5",https://www.averon.ru/upload/iblock/790/jrbk640q7rc1zidzhqzq0wkpp6mxodss.png,1,OFFICIAL_BRAND_SHOP_IN_ALMATY,KZ_SKU_EVIDENCE_REQUIRED,https://www.averon.ru/catalog/ustroistva_modelirovaniya_voskami/rsh_7_0_old_tiul_pan/
AVERON-14321,Averon,НПК АВЕРОН,РШ 9.0 ОЛД ТЮЛЬПАН,14321,14321,1,Устройства для моделирования восками,"Ручка электрошпателя из твёрдых пород дерева, несъёмная насадка «игла, D=1,0 мм» со встроенным нагревателем, кабель с разъёмом «тюльпан» Совместима с БМ 2.0 ЭКО ПРОФИ, УСМФ 1.0 МАСТЕР, ЭШЗ 1.2 М, ЭШЗ 1.3, ЭШЗ 1.4, ЭШЗ 1.5",https://www.averon.ru/upload/iblock/0ec/fsn1xxxy7uv7nysl37dl2cvf1vmujsqn.png,1,OFFICIAL_BRAND_SHOP_IN_ALMATY,KZ_SKU_EVIDENCE_REQUIRED,https://www.averon.ru/catalog/ustroistva_modelirovaniya_voskami/rsh_9_0_old_tiul_pan/
AVERON-9058,Averon,НПК АВЕРОН,СВЕРЛО 2_3.2 ПИН,9058,9058,1,Оборудование для изготовления моделей,"Сверло для УЗС 3.х ПИН Рабочая часть ø 2,0 мм, хвостовик ø 3,2 мм Для установки в УЗС, выпущенных до июня 2022 г. требуется цанга ЦАНГА 3.2 ПИН на ø 3,2 мм",https://www.averon.ru/upload/iblock/caf/vrd2he34m7p91g2638pbsw4f5egqdtny.jpg,1,OFFICIAL_BRAND_SHOP_IN_ALMATY,KZ_SKU_EVIDENCE_REQUIRED,https://www.averon.ru/catalog/oborudovanie_dlya_izgotovleniya_modeley/sverlo_2_3_2_pin/
AVERON-1753,Averon,НПК АВЕРОН,СВЗ 1.0 АРТ,1753,1753,1,Оборудование для изготовления моделей / СВЗ 1.1 АРТ,Смеситель со встроенным вакуумным насосом и автоматическим управлением Настольное и настенное крепление,https://www.averon.ru/upload/iblock/102/udu8egkphutmha0mxs59yfcah631gkzd.png,1,OFFICIAL_BRAND_SHOP_IN_ALMATY,KZ_SKU_EVIDENCE_REQUIRED,https://www.averon.ru/catalog/oborudovanie_dlya_izgotovleniya_modeley/svz_1_0_art/
AVERON-9090,Averon,НПК АВЕРОН,СВЗ 1.0 СТАРТ,9090,9090,1,Оборудование для изготовления моделей,"Смеситель со встроенным вакуумным насосом, обладающий необходимым и достаточным функционалом для качественного замешивания гипса и паковочных масс",https://www.averon.ru/upload/iblock/e5e/kn8ka8101uq7qithind36wlpvcpucbu4.jpg,1,OFFICIAL_BRAND_SHOP_IN_ALMATY,KZ_SKU_EVIDENCE_REQUIRED,https://www.averon.ru/catalog/oborudovanie_dlya_izgotovleniya_modeley/svz_1_0_start/
AVERON-13863,Averon,НПК АВЕРОН,СВЗ 1.1 АРТ,13863,13863,1,Оборудование для изготовления моделей,"Вакуумный смеситель зуботехнический с современным обновленным дизайном Смешивает паковочные массы, гипсы и силиконы Встроенный вакуумный насос и мощный миксер обеспечивают удаление пузырьков воздуха и равномерное смешивание",https://www.averon.ru/upload/iblock/4e2/i5pin2ug2ld5s2ss40zowb1yh0goxzdo.png,1,OFFICIAL_BRAND_SHOP_IN_ALMATY,KZ_SKU_EVIDENCE_REQUIRED,https://www.averon.ru/catalog/oborudovanie_dlya_izgotovleniya_modeley/svz_1_1_art/
AVERON-12716,Averon,НПК АВЕРОН,СВЗ 1.1 СТАРТ,12716,12716,1,Оборудование для изготовления моделей,Смеситель со встроенным вакуумным насосом Современный дизайн Необходимый и достаточный функционал для качественного замешивания гипса и паковочных масс,https://www.averon.ru/upload/iblock/447/7oa5hiszxqtcu864x8zyir0g8gahfffu.png,1,OFFICIAL_BRAND_SHOP_IN_ALMATY,KZ_SKU_EVIDENCE_REQUIRED,https://www.averon.ru/catalog/oborudovanie_dlya_izgotovleniya_modeley/svz_1_1_start/
AVERON-14740,Averon,НПК АВЕРОН,СВК 2.0 КОНЕР,14740,14740,1,"Cтолы, светильники, вытяжки, боксы / Автономные вытяжки для работы с пылью, газами и для CAD-CAM систем. Циклоны, прочие фильтры / Принадлежности для вытяжных каналов",Приспособление для соединения двух отрезков шлангов ШГВ под прямым углом и одного под углом 45 градусов,https://www.averon.ru/upload/iblock/77e/qxa6gf2joguc1egszumvyi9u0tfqqfm3.png,1,OFFICIAL_BRAND_SHOP_IN_ALMATY,KZ_SKU_EVIDENCE_REQUIRED,https://www.averon.ru/catalog/Prinadlejnosti_dlya_v_tyajn_h_kanalov/svk_2_0_koner/
AVERON-14591,Averon,НПК АВЕРОН,СВК 2.0 ШГВ,14591,14591,1,"Cтолы, светильники, вытяжки, боксы / Автономные вытяжки для работы с пылью, газами и для CAD-CAM систем. Циклоны, прочие фильтры / Принадлежности для вытяжных каналов",Приспособление для соединения двух отрезков шлангов ШГВ,https://www.averon.ru/upload/iblock/f03/rzu5wziads3cskw3uvkxuy5ii6pkpvy9.png,1,OFFICIAL_BRAND_SHOP_IN_ALMATY,KZ_SKU_EVIDENCE_REQUIRED,https://www.averon.ru/catalog/Prinadlejnosti_dlya_v_tyajn_h_kanalov/svk_2_0_shgv/
AVERON-1744,Averon,НПК АВЕРОН,СЕ 0.25,1744,1744,1,Оборудование для изготовления моделей,"Стакан для смешивания, объем 0,25 л. Для ЕС 0.25 и ЕС 0.25 М",https://www.averon.ru/upload/iblock/0be/miw6m1o6opgs1etf7cyvaevy1e7rfy3e.jpg,1,OFFICIAL_BRAND_SHOP_IN_ALMATY,KZ_SKU_EVIDENCE_REQUIRED,https://www.averon.ru/catalog/oborudovanie_dlya_izgotovleniya_modeley/se_0_25/
AVERON-12310,Averon,НПК АВЕРОН,СЕ 0.5 У,12310,12310,1,Оборудование для изготовления моделей,"Стакан для смешивания, объем 0,5 л Предназначен для емкостей ЕС 0.5, ЕС 0.5 М, ЕС 0.5 У, ЕС 0.5 МУ вакуумных смесителей АВЕРОН",https://www.averon.ru/upload/iblock/452/he61mjgmisn5k2soacoatnjrjal42fzr.jpg,1,OFFICIAL_BRAND_SHOP_IN_ALMATY,KZ_SKU_EVIDENCE_REQUIRED,https://www.averon.ru/catalog/oborudovanie_dlya_izgotovleniya_modeley/se_0_5_u/
AVERON-1746,Averon,НПК АВЕРОН,СЕ 0.75,1746,1746,1,Оборудование для изготовления моделей,"Стакан для смешивания, объем 0,75 л. Для ЕС 0.75 М и ЕС 0.75 выпуска 2009 года и позднее",https://www.averon.ru/upload/iblock/dc3/mmrraid6rwunfpxv90llzlbozusakti6.jpg,1,OFFICIAL_BRAND_SHOP_IN_ALMATY,KZ_SKU_EVIDENCE_REQUIRED,https://www.averon.ru/catalog/oborudovanie_dlya_izgotovleniya_modeley/se_0_75/
AVERON-3200,Averon,НПК АВЕРОН,СЗТ 3.1 ДРИМ,3200,3200,1,Уцененное оборудование,Мобильный стол со встроенной вытяжкой и частично закрытой рабочей зоной,https://www.averon.ru/upload/iblock/6c5/26ejwglv0aq82yrjcelkwqz5wf8dz47e.jpg,1,OFFICIAL_BRAND_SHOP_IN_ALMATY,KZ_SKU_EVIDENCE_REQUIRED,https://www.averon.ru/catalog/ucenyonnoe_oborudovanie/szt_3_1_drim/
AVERON-12983,Averon,НПК АВЕРОН,СЗТ 3.1 ДРИМ СТАРТ,12983,12983,1,"Cтолы, светильники, вытяжки, боксы / Мобильные столы на платформах ДРИМ, ШТАТИВ АРТ, УПЗ 7.2. Подкатные столики СПП / Платформа СЗТ ДРИМ. Индивидуальные рабочие места","Мобильный стол зубного техника со встроенными вытяжкой и освещением Полностью закрытая рабочая зона ""Облегченная"" версия популярного СЗТ 3.1 ДРИМ ЭКО Для лабораторий и врачебных кабинетов",https://www.averon.ru/upload/iblock/50f/l2v8zuiwzouthtuyc1bd2hx24g3h2awb.png,1,OFFICIAL_BRAND_SHOP_IN_ALMATY,KZ_SKU_EVIDENCE_REQUIRED,https://www.averon.ru/catalog/platforma_szt_drim_individual__rabochie_mesta/szt_3_1_drim_start/
AVERON-3096,Averon,НПК АВЕРОН,СЗТ 3.1 ДРИМ ЭКО,3096,3096,1,"Cтолы, светильники, вытяжки, боксы / Мобильные столы на платформах ДРИМ, ШТАТИВ АРТ, УПЗ 7.2. Подкатные столики СПП / Платформа СЗТ ДРИМ. Индивидуальные рабочие места",Мобильный стол зубного техника со встроенной вытяжкой и полностью закрытой рабочей зоной. Для лабораторий и врачебных кабинетов,https://www.averon.ru/upload/iblock/6dd/v8je83izxtisf7mfqmg7fkwx7evi35o9.png,1,OFFICIAL_BRAND_SHOP_IN_ALMATY,KZ_SKU_EVIDENCE_REQUIRED,https://www.averon.ru/catalog/platforma_szt_drim_individual__rabochie_mesta/szt_3_1_drim_eko/
AVERON-13732,Averon,НПК АВЕРОН,СЗТ 3.2 ДРИМ,13732,13732,1,"Cтолы, светильники, вытяжки, боксы / Мобильные столы на платформах ДРИМ, ШТАТИВ АРТ, УПЗ 7.2. Подкатные столики СПП / Платформа СЗТ ДРИМ. Индивидуальные рабочие места",Многофункциональный стол зубного техника Полностью закрытая рабочая зона Предподготовка для встраивания вытяжки и установки угольного фильтра Для лабораторий и врачебных кабинетов,https://www.averon.ru/upload/iblock/efc/s5i4qn5hrempwgav9iyuj3yd6ohz4npj.jpg,1,OFFICIAL_BRAND_SHOP_IN_ALMATY,KZ_SKU_EVIDENCE_REQUIRED,https://www.averon.ru/catalog/platforma_szt_drim_individual__rabochie_mesta/szt_3_2_drim/
AVERON-13916,Averon,НПК АВЕРОН,СЗТ 3.2 ДРИМ ПЛЮС,13916,13916,1,"Cтолы, светильники, вытяжки, боксы / Мобильные столы на платформах ДРИМ, ШТАТИВ АРТ, УПЗ 7.2. Подкатные столики СПП / Платформа СЗТ ДРИМ. Индивидуальные рабочие места","Премиум комплектация стола СЗТ 3.2 ДРИМ: бормашина, модуль вытяжки, угольный фильтр, двойной потолочный светильник для бокса, электроблок с магнитной фиксацией на пять розеток, гибкий удлинитель вытяжного канала, сопло обдувочное с пневмораспределителем на три выхода",https://www.averon.ru/upload/iblock/2cd/pmzt15x9q6qcfd0akxsqy2t6ps1e1dnc.jpg,1,OFFICIAL_BRAND_SHOP_IN_ALMATY,KZ_SKU_EVIDENCE_REQUIRED,https://www.averon.ru/catalog/platforma_szt_drim_individual__rabochie_mesta/szt_3_2_drim_plius/
AVERON-13917,Averon,НПК АВЕРОН,СЗТ 3.2 ДРИМ СТАРТ,13917,13917,1,"Cтолы, светильники, вытяжки, боксы / Мобильные столы на платформах ДРИМ, ШТАТИВ АРТ, УПЗ 7.2. Подкатные столики СПП / Платформа СЗТ ДРИМ. Индивидуальные рабочие места","Начальная комплектация стола СЗТ 3.2 ДРИМ: двойной потолочный светильник для бокса, адаптер для подключения внешней вытяжки, многофункциональная полка на заднюю сторону стола для размещения внешней вытяжки, электроблок с магнитной фиксацией на пять розеток",https://www.averon.ru/upload/iblock/5f2/an2568b8j0o9p4k0ykq2buvo223lmcty.png,1,OFFICIAL_BRAND_SHOP_IN_ALMATY,KZ_SKU_EVIDENCE_REQUIRED,https://www.averon.ru/catalog/platforma_szt_drim_individual__rabochie_mesta/szt_3_2_drim_start/
AVERON-13915,Averon,НПК АВЕРОН,СЗТ 3.2 ДРИМ ЭКО,13915,13915,1,"Cтолы, светильники, вытяжки, боксы / Мобильные столы на платформах ДРИМ, ШТАТИВ АРТ, УПЗ 7.2. Подкатные столики СПП / Платформа СЗТ ДРИМ. Индивидуальные рабочие места","Популярная комплектация стола СЗТ 3.2 ДРИМ: модуль вытяжки, блок регулятора мощности, угольный фильтр, двойной потолочный светильник для бокса, электроблок с магнитной фиксацией на пять розеток, гибкий удлинитель вытяжного канала",https://www.averon.ru/upload/iblock/f56/0ntrouicirzn26como377swdjiihntjm.jpg,1,OFFICIAL_BRAND_SHOP_IN_ALMATY,KZ_SKU_EVIDENCE_REQUIRED,https://www.averon.ru/catalog/platforma_szt_drim_individual__rabochie_mesta/szt_3_2_drim_eko/
AVERON-9017,Averon,НПК АВЕРОН,СЗТ 4.3 КОНЕР ЛОКАЛ,9017,9017,1,"Cтолы, светильники, вытяжки, боксы / Индивидуальные рабочие места зубного техника",Индивидуальное рабочее место зубного техника с угловой системой хранения,https://www.averon.ru/upload/iblock/f27/ua3z8hdoepiu6yx4tk8jo21yyepns6us.png,1,OFFICIAL_BRAND_SHOP_IN_ALMATY,KZ_SKU_EVIDENCE_REQUIRED,https://www.averon.ru/catalog/gotov_e_resheniya_dlya_stolov_serii_master/szt_4_3_koner_lokal/
AVERON-1803,Averon,НПК АВЕРОН,СЗТ 4.3 МАСТЕР,1803,1803,1,"Cтолы, светильники, вытяжки, боксы / Столы зубного техника на платформе СЗТ 4.3. Стулья. Элементы системы хранения / Серии МАСТЕР и ЮНГА","Профессиональный стол зубного техника серии МАСТЕР, выполненный на платформе СЗТ 4.3 Столешница 1150х600 мм Комплексная система хранения",https://www.averon.ru/upload/iblock/bb6/6cdti75m87k9ic67vyn773zsuo3kzudc.png,1,OFFICIAL_BRAND_SHOP_IN_ALMATY,KZ_SKU_EVIDENCE_REQUIRED,https://www.averon.ru/catalog/serii_master_i_iunga/szt_4_3_master/
AVERON-1810,Averon,НПК АВЕРОН,СЗТ 4.3 МАСТЕР АККОРД,1810,1810,1,"Cтолы, светильники, вытяжки, боксы / Индивидуальные рабочие места зубного техника",Полная комплектация стола зубного техника СЗТ 4.3 МАСТЕР МИНИ. Включает светильник ЛЮКС 1.0 МИНИ НЬЮ и бормашину БМ 2.0 ЭКО ПРОФИ.,https://www.averon.ru/upload/iblock/010/v8q3g65tl2z4ffubfa41t8j0pwzndsb1.jpg,1,OFFICIAL_BRAND_SHOP_IN_ALMATY,KZ_SKU_EVIDENCE_REQUIRED,https://www.averon.ru/catalog/gotov_e_resheniya_dlya_stolov_serii_master/szt_4_3_master_akkord/
AVERON-5579,Averon,НПК АВЕРОН,СЗТ 4.3 МАСТЕР БИГ,5579,5579,1,"Cтолы, светильники, вытяжки, боксы / Индивидуальные рабочие места зубного техника",Состав: СЗТ 4.3 МАСТЕР + СТЕНКА 1.2 БРИДЖ + ПАНЕЛЬ 1.2 БРИДЖ + ПОЛКА 1.2 БРИДЖ + ЛОТОК 1.0 МАСТЕР БИГ + ПОЛКА 1.2 БРИДЖ ПАНЕЛЬ,https://www.averon.ru/upload/iblock/48b/86fjo56yn02z44yj67t9mo15w2g171dy.png,1,OFFICIAL_BRAND_SHOP_IN_ALMATY,KZ_SKU_EVIDENCE_REQUIRED,https://www.averon.ru/catalog/gotov_e_resheniya_dlya_stolov_serii_master/szt_4_3_master_big/
AVERON-1804,Averon,НПК АВЕРОН,СЗТ 4.3 МАСТЕР ДУЭТ,1804,1804,1,"Cтолы, светильники, вытяжки, боксы / Индивидуальные рабочие места зубного техника","Стол на базе СЗТ 4.3 МАСТЕР МИНИ для двух техников Состав: два стола СЗТ 4.3 МАСТЕР МИНИ, соединенные основными элементами системы БРИДЖ: ПОЛКА 1.2 БРИДЖ, ПАНЕЛЬ 1.2 БРИДЖ и ПОЛКА 1.2 БРИДЖ ПАНЕЛЬ",https://www.averon.ru/upload/iblock/8a6/o9c8c0106t1e3bah2zjqiujtvzzbbi2v.png,1,OFFICIAL_BRAND_SHOP_IN_ALMATY,KZ_SKU_EVIDENCE_REQUIRED,https://www.averon.ru/catalog/gotov_e_resheniya_dlya_stolov_serii_master/szt_4_3_master_duet/
AVERON-1808,Averon,НПК АВЕРОН,СЗТ 4.3 МАСТЕР КОМФОРТ,1808,1808,1,"Cтолы, светильники, вытяжки, боксы / Индивидуальные рабочие места зубного техника",Полная комплектация стола зубного техника СЗТ 4.3 МАСТЕР МИНИ.,https://www.averon.ru/upload/iblock/079/7ydw2xwr8ukz60vs6d7niv0iq6pkzpfh.jpg,1,OFFICIAL_BRAND_SHOP_IN_ALMATY,KZ_SKU_EVIDENCE_REQUIRED,https://www.averon.ru/catalog/gotov_e_resheniya_dlya_stolov_serii_master/szt_4_3_master_komfort/
AVERON-1805,Averon,НПК АВЕРОН,СЗТ 4.3 МАСТЕР КОНЕР,1805,1805,1,"Cтолы, светильники, вытяжки, боксы / Индивидуальные рабочие места зубного техника / Универсальные рабочие места на платформе СЗТ 4.3","Угловое расширенное рабочее место зубного техника: два зуботехнических стола СЗТ 4.3 МАСТЕР МИНИ, встраиваемая вытяжная система (ВМУ 3.0 НЬЮ БАЗИС), выносной регулятор мощности (БРМ 1.0 НЬЮ), гибкий удлинитель вытяжного канала (ШГВ 1.2 КЛИНИНГ), основной светильник с горизонтальным перемещением плафона (ЛЮКС 1.1 МИНИ НЬЮ), основной светильник на неподвижном кронштейне (ЛЮКС 1.1 ЮНГА МИНИ), дополнительный светильник для локального освещения (ЛЮКС 5.0 ТЕЙБЛ АРТ), угловой модуль (ПОЛКА 2.2 КОНЕР, ПАНЕЛЬ 2.2 КОНЕР, ПОЛКА 1.0 ДЕЛЬТА, ПОЛКА 2.1 КОНЕР МИНИ) основные элементы системы хранения (КОМПЛЕКТ 2.2, ПОЛКА 1.3 СТЕНА, ПОЛКА 1.0 ЭВП ПЛЮС).",https://www.averon.ru/upload/iblock/723/3oxvhgsqwts86yn9nx4ennp8el0ly4ya.png,1,OFFICIAL_BRAND_SHOP_IN_ALMATY,KZ_SKU_EVIDENCE_REQUIRED,https://www.averon.ru/catalog/universal__rabochie_mesta_na_platforme_szt_4_3/szt_4_3_master_koner/
AVERON-1802,Averon,НПК АВЕРОН,СЗТ 4.3 МАСТЕР МИНИ,1802,1802,1,"Cтолы, светильники, вытяжки, боксы / Столы зубного техника на платформе СЗТ 4.3. Стулья. Элементы системы хранения / Серии МАСТЕР и ЮНГА","Профессиональный стол зубного техника серии МАСТЕР, выполненный на платформе СЗТ 4.3 Столешница 700х600 мм",https://www.averon.ru/upload/iblock/6ef/rkz2777bxxo9ytwjyya0n2kn32aqsgce.png,1,OFFICIAL_BRAND_SHOP_IN_ALMATY,KZ_SKU_EVIDENCE_REQUIRED,https://www.averon.ru/catalog/serii_master_i_iunga/szt_4_3_master_mini/
AVERON-9591,Averon,НПК АВЕРОН,СЗТ 4.3 МАСТЕР ОПТИМУМ,9591,9591,1,"Cтолы, светильники, вытяжки, боксы / Индивидуальные рабочие места зубного техника / Универсальные рабочие места на платформе СЗТ 4.3","Расширенная комплектация стола СЗТ 4.3 МАСТЕР Встраиваемая вытяжная система, блок регулятора мощности, светильник на пантографе",https://www.averon.ru/upload/iblock/a3c/tx2yvbugp2w2ab7hrtszd64j3vakpqmf.png,1,OFFICIAL_BRAND_SHOP_IN_ALMATY,KZ_SKU_EVIDENCE_REQUIRED,https://www.averon.ru/catalog/universal__rabochie_mesta_na_platforme_szt_4_3/szt_4_3_master_optimum/
AVERON-7366,Averon,НПК АВЕРОН,СЗТ 4.3 МАСТЕР СТАРТ,7366,7366,1,"Cтолы, светильники, вытяжки, боксы / Индивидуальные рабочие места зубного техника","Полноразмерный зуботехнический стол СЗТ 4.3 ЮНГА, мобильная вытяжная система (УПЗ 5.0 АРТ СТАРТ), выносной регулятор мощности (БРМ 1.0 НЬЮ), гибкий удлинитель вытяжного канала (ШГВ 1.2 КЛИНИНГ), основной светильник на неподвижном кронштейне (ЛЮКС 1.1 ЮНГА МИНИ), основные элементы системы хранения (КОМПЛЕКТ 2.2, ПОЛКА 1.0 ЭВП ПЛЮС, ПОЛКА 1.3 ЛОКАЛ АРТ, ПАНЕЛЬ 1.0 САЙД АРТ, ВЕРТИКАЛЬ 6.0 ПАНЕЛЬ)",https://www.averon.ru/upload/iblock/ed5/j0oxr3ltwazlg70j23dwymarx4o7cy0s.png,1,OFFICIAL_BRAND_SHOP_IN_ALMATY,KZ_SKU_EVIDENCE_REQUIRED,https://www.averon.ru/catalog/gotov_e_resheniya_dlya_stolov_serii_master/szt_4_3_master_start/
AVERON-1809,Averon,НПК АВЕРОН,СЗТ 4.3 МАСТЕР ТЕХНО,1809,1809,1,"Cтолы, светильники, вытяжки, боксы / Индивидуальные рабочие места зубного техника / Универсальные рабочие места на платформе СЗТ 4.3","Полноразмерный зуботехнический стол СЗТ 4.3 МАСТЕР, встраиваемая вытяжная система (ВМУ 3.0 НЬЮ БАЗИС), выносной регулятор мощности (БРМ 1.0 НЬЮ), гибкий удлинитель вытяжного канала ШГВ 1.2 КЛИНИНГ, основной светильник с плафоном на всю ширину стола и с горизонтальным перемещением (ЛЮКС 1.1 МАСТЕР НЬЮ), дополнительный светильник для локального освещения (ЛЮКС 1.1 КОМПАКТ АРТ), основные элементы системы хранения (КОМПЛЕКТ 2.2, ТУМБА 1.2, ПОЛКА 1.3 ЛОКАЛ АРТ, ПАНЕЛЬ 1.0 САЙД АРТ).",https://www.averon.ru/upload/iblock/511/i2dd4mq21ztjqbkpzg8njxb82feo42tc.png,1,OFFICIAL_BRAND_SHOP_IN_ALMATY,KZ_SKU_EVIDENCE_REQUIRED,https://www.averon.ru/catalog/universal__rabochie_mesta_na_platforme_szt_4_3/szt_4_3_master_tehno/
AVERON-1811,Averon,НПК АВЕРОН,СЗТ 4.3 МАСТЕР ТЕХНО 2,1811,1811,1,"Cтолы, светильники, вытяжки, боксы / Индивидуальные рабочие места зубного техника","Полноразмерный стол со встроенной премиум вытяжной системой, светильником на пантографе ЛЮКС 1.1 МАСТЕР НЬЮ с выдвижным плафоном на всю ширину столешницы и дополнительными элементами системы хранения",https://www.averon.ru/upload/iblock/0d4/ha7ivm8hjlng0g80fv3cvpr99rnusd7i.png,1,OFFICIAL_BRAND_SHOP_IN_ALMATY,KZ_SKU_EVIDENCE_REQUIRED,https://www.averon.ru/catalog/gotov_e_resheniya_dlya_stolov_serii_master/szt_4_3_master_tehno_2/
AVERON-1788,Averon,НПК АВЕРОН,СЗТ 4.3 МАСТЕР ТЕХНО 3,1788,1788,1,"Cтолы, светильники, вытяжки, боксы / Индивидуальные рабочие места зубного техника","Полноразмерный стол со встроенной премиум вытяжной системой, светильником на пантографе ЛЮКС 1.1 МИНИ НЬЮ с выдвижным плафоном на рабочую зону столешницы и дополнительными элементами системы хранения",https://www.averon.ru/upload/iblock/39c/s8a52cm5neppp2etoo21dft01uwpk2ev.jpg,1,OFFICIAL_BRAND_SHOP_IN_ALMATY,KZ_SKU_EVIDENCE_REQUIRED,https://www.averon.ru/catalog/gotov_e_resheniya_dlya_stolov_serii_master/szt_4_3_master_tehno_3/
AVERON-6136,Averon,НПК АВЕРОН,СЗТ 4.3 МАСТЕР ЮНГА,6136,6136,1,"Cтолы, светильники, вытяжки, боксы / Столы зубного техника на платформе СЗТ 4.3. Стулья. Элементы системы хранения",Бюджетный вариант СЗТ 4.3 МАСТЕР МИНИ,https://www.averon.ru/upload/iblock/cfa/ighe9qdfsxp7ra33jlv6rvtzu25q7vmv.jpg,1,OFFICIAL_BRAND_SHOP_IN_ALMATY,KZ_SKU_EVIDENCE_REQUIRED,https://www.averon.ru/catalog/stol_serii_master_element_sistem_hraneniya_stulya/szt_4_3_master_iunga/
AVERON-9592,Averon,НПК АВЕРОН,СЗТ 4.3 МИНИ ОПТИМУМ,9592,9592,1,"Cтолы, светильники, вытяжки, боксы / Индивидуальные рабочие места зубного техника","Расширенная комплектация стола СЗТ 4.3 МАСТЕР МИНИ Бюджетная вытяжная система, светильник на пантографе",https://www.averon.ru/upload/iblock/4fc/qp375qcnkpl12jl0o9cwzvv8r9b3b9m2.png,1,OFFICIAL_BRAND_SHOP_IN_ALMATY,KZ_SKU_EVIDENCE_REQUIRED,https://www.averon.ru/catalog/gotov_e_resheniya_dlya_stolov_serii_master/szt_4_3_mini_optimum/
AVERON-1806,Averon,НПК АВЕРОН,СЗТ 4.3 МИНИ СТАРТ,1806,1806,1,"Cтолы, светильники, вытяжки, боксы / Индивидуальные рабочие места зубного техника","Стол на базе СЗТ 4.3 МАСТЕР МИНИ с бюджетной вытяжной системой, светильником на пантографе и дополнительными элементами системы хранения",https://www.averon.ru/upload/iblock/701/21vmetl9rn1ir00ov2ac33f31ls55y7l.png,1,OFFICIAL_BRAND_SHOP_IN_ALMATY,KZ_SKU_EVIDENCE_REQUIRED,https://www.averon.ru/catalog/gotov_e_resheniya_dlya_stolov_serii_master/szt_4_3_mini_start/
AVERON-5246,Averon,НПК АВЕРОН,СЗТ 4.3 МИНИ ТЕХНО,5246,5246,1,"Cтолы, светильники, вытяжки, боксы / Индивидуальные рабочие места зубного техника / Универсальные рабочие места на платформе СЗТ 4.3","Зуботехнический стол СЗТ 4.3 МАСТЕР МИНИ, встраиваемая вытяжная система (ВМУ 3.0 НЬЮ БАЗИС), выносной регулятор мощности (БРМ 1.0 НЬЮ), гибкий удлинитель вытяжного канала (ШГВ 1.2 КЛИНИНГ), основной светильник с плафоном на всю ширину стола и с горизонтальным перемещением (ЛЮКС 1.1 МИНИ НЬЮ), дополнительный светильник для локального освещения (ЛЮКС 5.0 ТЕЙБЛ АРТ), основные элементы системы хранения (ТУМБА 1.2, НАДСТРОЙКА 1.0 ТУМБА, ПОЛКА 1.2 ТУМБА, ПОЛКА 1.3 ЛОКАЛ АРТ, ПАНЕЛЬ 1.0 САЙД АРТ, ВЕРТИКАЛЬ 6.0 ПАНЕЛЬ).",https://www.averon.ru/upload/iblock/235/gofyb3x46j7p8y1ga5br1z2bhd6ddevv.png,1,OFFICIAL_BRAND_SHOP_IN_ALMATY,KZ_SKU_EVIDENCE_REQUIRED,https://www.averon.ru/catalog/universal__rabochie_mesta_na_platforme_szt_4_3/szt_4_3_mini_tehno/
AVERON-13128,Averon,НПК АВЕРОН,СЗТ 4.3 ЮНГА,13128,13128,1,"Cтолы, светильники, вытяжки, боксы / Столы зубного техника на платформе СЗТ 4.3. Стулья. Элементы системы хранения / Серии МАСТЕР и ЮНГА","Профессиональный стол зубного техника серии ЮНГА, выполненный на платформе СЗТ 4.3 Облегченная версия популярного зуботехнического стола МАСТЕР",https://www.averon.ru/upload/iblock/188/a1jb1rwhmocgo3d7l5s7b87xxkog9ylc.jpg,1,OFFICIAL_BRAND_SHOP_IN_ALMATY,KZ_SKU_EVIDENCE_REQUIRED,https://www.averon.ru/catalog/serii_master_i_iunga/szt_4_3_iunga/
AVERON-7383,Averon,НПК АВЕРОН,СЗТ 4.3 ЮНГА КОМФОРТ,7383,7383,1,"Cтолы, светильники, вытяжки, боксы / Индивидуальные рабочие места зубного техника","Расширенная комплектация стола СЗТ 4.3 ЮНГА МИНИ: встроенная бюджетная вытяжная система, циклон, светильник ЛЮКС 1.1 ЮНГА МИНИ + светильник-линза и дополнительные элементы системы хранения. Частично закрытая рабочая зона",https://www.averon.ru/upload/iblock/59a/afg7hvi13ycdv5mut5zce1wnxaq4mzlg.png,1,OFFICIAL_BRAND_SHOP_IN_ALMATY,KZ_SKU_EVIDENCE_REQUIRED,https://www.averon.ru/catalog/gotov_e_resheniya_dlya_stolov_serii_master/szt_4_3_iunga_komfort/
AVERON-13552,Averon,НПК АВЕРОН,СЗТ 4.3 ЮНГА МИНИ,13552,13552,1,"Cтолы, светильники, вытяжки, боксы / Столы зубного техника на платформе СЗТ 4.3. Стулья. Элементы системы хранения / Серии МАСТЕР и ЮНГА","Профессиональный стол зубного техника, мастера ювелира Облегченная версия популярного стола СЗТ 4.3 МАСТЕР МИНИ",https://www.averon.ru/upload/iblock/5fc/y5ms555p7m5fg5h70st6v0ixyn8leqqb.png,1,OFFICIAL_BRAND_SHOP_IN_ALMATY,KZ_SKU_EVIDENCE_REQUIRED,https://www.averon.ru/catalog/serii_master_i_iunga/szt_4_3_iunga_mini/
AVERON-7377,Averon,НПК АВЕРОН,СЗТ 4.3 ЮНГА СТАНДАРТ,7377,7377,1,"Cтолы, светильники, вытяжки, боксы / Индивидуальные рабочие места зубного техника","Расширенная комплектация стола СЗТ 4.3 ЮНГА МИНИ: встроенная бюджетная вытяжная система, циклон, светильник ЛЮКС 1.1 ЮНГА МИНИ и дополнительные элементы системы хранения",https://www.averon.ru/upload/iblock/78c/5sjha30laijsynmj6h83nw9kvr08d2a5.png,1,OFFICIAL_BRAND_SHOP_IN_ALMATY,KZ_SKU_EVIDENCE_REQUIRED,https://www.averon.ru/catalog/gotov_e_resheniya_dlya_stolov_serii_master/szt_4_3_iunga_standart/
AVERON-7208,Averon,НПК АВЕРОН,СЗТ 4.3 ЮНГА СТАРТ,7208,7208,1,"Cтолы, светильники, вытяжки, боксы / Индивидуальные рабочие места зубного техника / Универсальные рабочие места на платформе СЗТ 4.3","Полноразмерный зуботехнический стол СЗТ 4.3 ЮНГА, автономная вытяжка (УПЗ 5.0 АРТ СТАРТ), выносной регулятор мощности (БРМ 1.0 НЬЮ), гибкий удлинитель вытяжного канала (ШГВ 1.2 КЛИНИНГ), основной светильник на неподвижном кронштейне (ЛЮКС 1.1 ЮНГА МИНИ), элементы системы хранения (КОМПЛЕКТ 2.2, ПОЛКА 1.0 ЭВП ПЛЮС, ПОЛКА 1.3 ЛОКАЛ АРТ, ПАНЕЛЬ 1.0 САЙД АРТ, ВЕРТИКАЛЬ 6.0 ПАНЕЛЬ).",https://www.averon.ru/upload/iblock/fe5/04hzdufb0enjzhh6vqgtpck9pv4ktlbt.png,1,OFFICIAL_BRAND_SHOP_IN_ALMATY,KZ_SKU_EVIDENCE_REQUIRED,https://www.averon.ru/catalog/universal__rabochie_mesta_na_platforme_szt_4_3/szt_4_3_iunga_start/
AVERON-7207,Averon,НПК АВЕРОН,СЗТ 4.3 ЮНГА ТЕХНО,7207,7207,1,"Cтолы, светильники, вытяжки, боксы / Индивидуальные рабочие места зубного техника","Расширенная комплектация стола ЮНГА: частично закрытая рабочая зона, автономная вытяжка, циклон, полноразмерный светильник, настольное обдувочное сопло, элементы системы хранения",https://www.averon.ru/upload/iblock/270/9ysievnkmluz1cd04q3erji7xzuw22km.jpg,1,OFFICIAL_BRAND_SHOP_IN_ALMATY,KZ_SKU_EVIDENCE_REQUIRED,https://www.averon.ru/catalog/gotov_e_resheniya_dlya_stolov_serii_master/szt_4_3_iunga_tehno/
AVERON-13901,Averon,НПК АВЕРОН,СЗТ 6.5 БАЗИС,13901,13901,1,"Cтолы, светильники, вытяжки, боксы / Индивидуальные рабочие места зубного техника / Мобильные рабочие места на платформе ШТАТИВ АРТ","Мобильный зуботехнический стол на платформе ШТАТИВ АРТ: столик СУЛ 6.5 ШТАТИВ АРТ, столешница с закрытой рабочей зоной на базе многофункционального бокса со встроенными вытяжной системой и светильником (Б 5.0 МАСТЕР БАЗИС), встроенные элементы системы хранения и полезные мелочи. Дополнительный элемент системы хранения (СТЕЛЛАЖ 3.0 ШТАТИВ М). Для работы с бормашиной в зуботехнических лабораториях и врачебных кабинетах.",https://www.averon.ru/upload/iblock/1b1/2ad7mc1s886elr5ci65aze0jcz5nvczw.png,1,OFFICIAL_BRAND_SHOP_IN_ALMATY,KZ_SKU_EVIDENCE_REQUIRED,https://www.averon.ru/catalog/mobil__rabochie_mesta_na_platforme_shtativ_art/szt_6_5_bazis/
AVERON-13902,Averon,НПК АВЕРОН,СЗТ 6.5 ПЛЮС,13902,13902,1,"Cтолы, светильники, вытяжки, боксы / Индивидуальные рабочие места зубного техника / Мобильные рабочие места на платформе ШТАТИВ АРТ","Мобильный зуботехнический стол на платформе ШТАТИВ АРТ: столик СУЛ 6.5 ШТАТИВ АРТ, столешница на базе ВМУ 1.1 ТЕЙБЛ БАЗИС со встроенными вытяжной системой и светильником, встроенные элементы системы хранения и полезные мелочи. Дополнительный элемент системы хранения (СТЕЛЛАЖ 3.0 ШТАТИВ М). Для работы с бормашиной в зуботехнических лабораториях и врачебных кабинетах.",https://www.averon.ru/upload/iblock/27e/uz5nfs0rk59cog6leikr7o1029t5pmkp.png,1,OFFICIAL_BRAND_SHOP_IN_ALMATY,KZ_SKU_EVIDENCE_REQUIRED,https://www.averon.ru/catalog/mobil__rabochie_mesta_na_platforme_shtativ_art/szt_6_5_plius/
AVERON-13903,Averon,НПК АВЕРОН,СЗТ 6.5 СТАРТ,13903,13903,1,"Cтолы, светильники, вытяжки, боксы / Индивидуальные рабочие места зубного техника / Мобильные рабочие места на платформе ШТАТИВ АРТ","Мобильный зуботехнический стол на платформе ШТАТИВ АРТ: столик СУЛ 6.5 ШТАТИВ АРТ, столешница на базе ВМУ 1.0 ТЕЙБЛ СТАРТ со встроенным вытяжным каналом, светильник для локального освещения (ЛЮКС 5.0 ТЕЙБЛ АРТ), встроенные элементы системы хранения и полезные мелочи. Для работы с бормашиной в зуботехнических лабораториях и врачебных кабинетах.",https://www.averon.ru/upload/iblock/a31/4tbh9d4atie8inbwjsq3bv4vz2hy1rjr.png,1,OFFICIAL_BRAND_SHOP_IN_ALMATY,KZ_SKU_EVIDENCE_REQUIRED,https://www.averon.ru/catalog/mobil__rabochie_mesta_na_platforme_shtativ_art/szt_6_5_start/
AVERON-7269,Averon,НПК АВЕРОН,СЗТ 7.2 СТАРТ,7269,7269,1,"Cтолы, светильники, вытяжки, боксы / Индивидуальные рабочие места зубного техника / Компактные рабочие места на платформе УПЗ 7.2","Мобильный зуботехнический стол на платформе УПЗ 7.2: многофункциональная вытяжка УПЗ 7.2 НЬЮ СТАРТ, столешница на базе ВМУ 1.0 ТЕЙБЛ СТАРТ со встроенным вытяжным каналом, выносной регулятор мощности (БРМ 1.0 НЬЮ), светильник для локального освещения (ЛЮКС 5.0 ТЕЙБЛ АРТ), встроенные элементы системы хранения и полезные мелочи. Для работы с бормашиной в зуботехнических лабораториях и врачебных кабинетах.",https://www.averon.ru/upload/iblock/796/c39o3mxtuvoqbqttdrgrr1v9j4j9wg52.png,1,OFFICIAL_BRAND_SHOP_IN_ALMATY,KZ_SKU_EVIDENCE_REQUIRED,https://www.averon.ru/catalog/kompakt_rabochie_mesta_na_platforme_upz_7_2/szt_7_2_start/
AVERON-7268,Averon,НПК АВЕРОН,СЗТ 7.2 ЭКО,7268,7268,1,"Cтолы, светильники, вытяжки, боксы / Индивидуальные рабочие места зубного техника / Компактные рабочие места на платформе УПЗ 7.2","Мобильный зуботехнический стол на платформе УПЗ 7.2: многофункциональная вытяжка УПЗ 7.2 НЬЮ СТАРТ, столешница с закрытой рабочей зоной на базе многофункционального бокса со встроенными вытяжным каналом и светильником. (Б 5.0 МАСТЕР ЭКО), выносной регулятор мощности (БРМ 1.0 НЬЮ), встроенные элементы системы хранения и полезные мелочи. Работа с бормашиной и с материалами, выделяющими острые запахи. Для зуботехнических лабораторий и врачебных кабинетов.",https://www.averon.ru/upload/iblock/206/faw8l9cezxf4mms0w1z8cbfkj6winyei.png,1,OFFICIAL_BRAND_SHOP_IN_ALMATY,KZ_SKU_EVIDENCE_REQUIRED,https://www.averon.ru/catalog/kompakt_rabochie_mesta_na_platforme_upz_7_2/szt_7_2_eko/
AVERON-8981,Averon,НПК АВЕРОН,СИТО 0.2,8981,8981,1,Пескоструйные аппараты / Система АСОЗ ПЛЮС,"Сито калиброванное лабораторное ø 200×50 мм из нержавеющей стали с размером ячейки 0,2 мм Может использоваться в АСОЗ 1.х АРТ, ПОДСТАВКА 5.0 АСОЗ, КОНТЕЙНЕР 1.0 АСОЗ для просеивания отработанного абразива фракцией до 125 мкм",https://www.averon.ru/upload/iblock/65f/kzfqmp6n0thasjpr25442dwoext2p64d.jpg,1,OFFICIAL_BRAND_SHOP_IN_ALMATY,KZ_SKU_EVIDENCE_REQUIRED,https://www.averon.ru/catalog/system_asoz_plus/sito_0_2/
AVERON-8982,Averon,НПК АВЕРОН,СИТО 0.3,8982,8982,1,Пескоструйные аппараты / Система АСОЗ ПЛЮС,"Cито калиброванное лабораторное ø 200×50 мм из нержавеющей стали с размером ячейки 0,315 мм Может использоваться в АСОЗ 1.х АРТ, ПОДСТАВКА 5.0 АСОЗ, КОНТЕЙНЕР 1.0 АСОЗ для просеивания отработанного абразива фракцией до 150...200 мкм",https://www.averon.ru/upload/iblock/812/mjnadcxq1k54y8vf2i948o9yrpou72no.jpg,1,OFFICIAL_BRAND_SHOP_IN_ALMATY,KZ_SKU_EVIDENCE_REQUIRED,https://www.averon.ru/catalog/system_asoz_plus/sito_0_3/
AVERON-8983,Averon,НПК АВЕРОН,СИТО 0.4,8983,8983,1,Пескоструйные аппараты / Система АСОЗ ПЛЮС,"Cито калиброванное лабораторное ø 200×50 мм из нержавеющей стали с размером ячейки 0,4 мм Может использоваться в АСОЗ 1.х АРТ, ПОДСТАВКА 5.0 АСОЗ, КОНТЕЙНЕР 1.0 АСОЗ для просеивания отработанного абразива фракцией до 250...300 мкм",https://www.averon.ru/upload/iblock/5f1/n50eywnxmeyw4f403m6y3opiv48pdz9r.jpg,1,OFFICIAL_BRAND_SHOP_IN_ALMATY,KZ_SKU_EVIDENCE_REQUIRED,https://www.averon.ru/catalog/system_asoz_plus/sito_0_4/
AVERON-8984,Averon,НПК АВЕРОН,СИТО 0.6,8984,8984,1,Пескоструйные аппараты / Система АСОЗ ПЛЮС,"Cито калиброванное лабораторное ø 200×50 мм из нержавеющей стали с размером ячейки 0,63 мм Может использоваться в АСОЗ 1.х АРТ, ПОДСТАВКА 5.0 АСОЗ, КОНТЕЙНЕР 1.0 АСОЗ для просеивания отработанного абразива фракцией до 400...450 мкм",https://www.averon.ru/upload/iblock/262/9fx0z3uryxomovyeftvbk9rg1mvrthqi.jpg,1,OFFICIAL_BRAND_SHOP_IN_ALMATY,KZ_SKU_EVIDENCE_REQUIRED,https://www.averon.ru/catalog/system_asoz_plus/sito_0_6/
AVERON-1669,Averon,НПК АВЕРОН,СИТО 1.0 АСОЗ,1669,1669,1,Пескоструйные аппараты / Система АСОЗ ПЛЮС,Сито для очистки абразива при пескоструйной обработке,https://www.averon.ru/upload/iblock/d36/0v4nktpessl8mmmthfc1zgy86j8uv78d.jpg,1,OFFICIAL_BRAND_SHOP_IN_ALMATY,KZ_SKU_EVIDENCE_REQUIRED,https://www.averon.ru/catalog/system_asoz_plus/sito_1_0_asoz/
AVERON-1975,Averon,НПК АВЕРОН,СМАЗКА 1.0 ТЕРМОПРЕСС,1975,1975,1,Оборудование для изготовления протезов / Термолитьевое прессование,Силиконовая смазка для работы с термопрессом,https://www.averon.ru/upload/iblock/a9d/dbjzcseufgaas1bvxc4sb7ls8do5xo4k.jpg,1,OFFICIAL_BRAND_SHOP_IN_ALMATY,KZ_SKU_EVIDENCE_REQUIRED,https://www.averon.ru/catalog/termolit_evoe_pressovanie_/smazka_1_0_termopress/
AVERON-1959,Averon,НПК АВЕРОН,СО 1.0 МАГНИТ,1959,1959,1,Пескоструйные аппараты / Система АСОЗ ПЛЮС,Обдувочное сопло с магнитной фиксацией,https://www.averon.ru/upload/iblock/def/bq22dvfz895yrob9np64rm8clikucsbc.jpg,1,OFFICIAL_BRAND_SHOP_IN_ALMATY,KZ_SKU_EVIDENCE_REQUIRED,https://www.averon.ru/catalog/system_asoz_plus/so_1_0_magnit/
AVERON-9682,Averon,НПК АВЕРОН,СО 2.1 РЕВЕРС,9682,9682,1,"Cтолы, светильники, вытяжки, боксы / Пневматика для рабочих мест",Обдувочное сопло с возвратным механизмом (противовес) и пневморазветвителем на 3 выхода,https://www.averon.ru/upload/iblock/ea5/ci3hu0ntny4g5dicb9srue7tf6klnh58.jpg,1,OFFICIAL_BRAND_SHOP_IN_ALMATY,KZ_SKU_EVIDENCE_REQUIRED,https://www.averon.ru/catalog/elektron_ustroystva_dlya_rabochih_mest/so_2_1_revers/
AVERON-1938,Averon,НПК АВЕРОН,СО 2.1 СТАРТ,1938,1938,1,"Cтолы, светильники, вытяжки, боксы / Пневматика для рабочих мест",Обдувочное сопло с пневморазветвителем на 3 выхода Магнитная фиксация,https://www.averon.ru/upload/iblock/191/63x0blz3evw792a7am5vbc71r3mz2lk3.jpg,1,OFFICIAL_BRAND_SHOP_IN_ALMATY,KZ_SKU_EVIDENCE_REQUIRED,https://www.averon.ru/catalog/elektron_ustroystva_dlya_rabochih_mest/so_2_1_start/
AVERON-13415,Averon,НПК АВЕРОН,СПП 1.0 ДРИМ,13415,13415,1,"Cтолы, светильники, вытяжки, боксы / Мобильные столы на платформах ДРИМ, ШТАТИВ АРТ, УПЗ 7.2. Подкатные столики СПП / Подкатные столики СПП","Универсальный подкатной столик в дизайнерском исполнении Для гостевых зон, врачебных кабинетов, лабораторий",https://www.averon.ru/upload/iblock/7dd/4yvwz4yv18x8zq7x12rtedp3hhy390eb.jpg,1,OFFICIAL_BRAND_SHOP_IN_ALMATY,KZ_SKU_EVIDENCE_REQUIRED,https://www.averon.ru/catalog/podkat_stoliki_spp/spp_1_0_drim/
AVERON-5629,Averon,НПК АВЕРОН,СПП 1.0 М,5629,5629,1,"Cтолы, светильники, вытяжки, боксы / Мобильные столы на платформах ДРИМ, ШТАТИВ АРТ, УПЗ 7.2. Подкатные столики СПП / Подкатные столики СПП",Столик приборный на колесных опорах для лабораторий и врачебных кабинетов Четыре полки,https://www.averon.ru/upload/iblock/b1f/bw41n6dp1b0s6mcokncw7ivg71fimftw.png,1,OFFICIAL_BRAND_SHOP_IN_ALMATY,KZ_SKU_EVIDENCE_REQUIRED,https://www.averon.ru/catalog/podkat_stoliki_spp/spp_1_0_m/
AVERON-1847,Averon,НПК АВЕРОН,СПП 1.1,1847,1847,1,"Cтолы, светильники, вытяжки, боксы / Мобильные столы на платформах ДРИМ, ШТАТИВ АРТ, УПЗ 7.2. Подкатные столики СПП",Столик приборный на колесных опорах для врачебных кабинетов и лабораторий.,https://www.averon.ru/upload/iblock/d9a/2udfu45vnohnm5b5isd7izkpsq1uer0q.jpg,1,OFFICIAL_BRAND_SHOP_IN_ALMATY,KZ_SKU_EVIDENCE_REQUIRED,https://www.averon.ru/catalog/universalnaya_metallicheskaya_mebel_dlya_laboratoriy_i_stomat_kabinetov/spp_1_1/
AVERON-5627,Averon,НПК АВЕРОН,СПП 1.1 М,5627,5627,1,"Cтолы, светильники, вытяжки, боксы / Мобильные столы на платформах ДРИМ, ШТАТИВ АРТ, УПЗ 7.2. Подкатные столики СПП / Подкатные столики СПП",Столик приборный на колесных опорах для лабораторий и врачебных кабинетов Три полки и один ящик с замком,https://www.averon.ru/upload/iblock/249/ryffiasedey190fptiwwlilh8aye2xmr.png,1,OFFICIAL_BRAND_SHOP_IN_ALMATY,KZ_SKU_EVIDENCE_REQUIRED,https://www.averon.ru/catalog/podkat_stoliki_spp/spp_1_1_m/
AVERON-9016,Averon,НПК АВЕРОН,СПП 1.2 М,9016,9016,1,"Cтолы, светильники, вытяжки, боксы / Мобильные столы на платформах ДРИМ, ШТАТИВ АРТ, УПЗ 7.2. Подкатные столики СПП / Подкатные столики СПП",Столик приборный на колесных опорах для лабораторий и врачебных кабинетов Две полки и два ящика с замками,https://www.averon.ru/upload/iblock/e9f/4a421xskmvf9s215p5iiwr1p977sgtsc.png,1,OFFICIAL_BRAND_SHOP_IN_ALMATY,KZ_SKU_EVIDENCE_REQUIRED,https://www.averon.ru/catalog/podkat_stoliki_spp/spp_1_2_m/
AVERON-5626,Averon,НПК АВЕРОН,СПП 1.3 М,5626,5626,1,"Cтолы, светильники, вытяжки, боксы / Мобильные столы на платформах ДРИМ, ШТАТИВ АРТ, УПЗ 7.2. Подкатные столики СПП",Столик приборный на поворотных колесных опорах для лабораторий и врачебных кабинетов,https://www.averon.ru/upload/iblock/79b/5f27yzwjge2a2lfffdp8ulmcwxr6l51u.jpg,1,OFFICIAL_BRAND_SHOP_IN_ALMATY,KZ_SKU_EVIDENCE_REQUIRED,https://www.averon.ru/catalog/universalnaya_metallicheskaya_mebel_dlya_laboratoriy_i_stomat_kabinetov/spp_1_3_m/
AVERON-1845,Averon,НПК АВЕРОН,СПП 1.4,1845,1845,1,"Cтолы, светильники, вытяжки, боксы / Мобильные столы на платформах ДРИМ, ШТАТИВ АРТ, УПЗ 7.2. Подкатные столики СПП",Столик приборный на колесных опорах для врачебных кабинетов и лабораторий.,https://www.averon.ru/upload/iblock/431/1azcwn08ly9udemnxnr6iagmp2p2lwl2.jpg,1,OFFICIAL_BRAND_SHOP_IN_ALMATY,KZ_SKU_EVIDENCE_REQUIRED,https://www.averon.ru/catalog/universalnaya_metallicheskaya_mebel_dlya_laboratoriy_i_stomat_kabinetov/spp_1_4/
AVERON-5628,Averon,НПК АВЕРОН,СПП 1.4 М,5628,5628,1,"Cтолы, светильники, вытяжки, боксы / Мобильные столы на платформах ДРИМ, ШТАТИВ АРТ, УПЗ 7.2. Подкатные столики СПП",Столик приборный на поворотных колесных опорах для лабораторий и врачебных кабинетов,https://www.averon.ru/upload/iblock/46c/d6rb79gdm201ufelu8nxixgqmf2ugv4m.jpg,1,OFFICIAL_BRAND_SHOP_IN_ALMATY,KZ_SKU_EVIDENCE_REQUIRED,https://www.averon.ru/catalog/universalnaya_metallicheskaya_mebel_dlya_laboratoriy_i_stomat_kabinetov/spp_1_4_m/
AVERON-13670,Averon,НПК АВЕРОН,СПП 2.0 ДРИМ,13670,13670,1,"Cтолы, светильники, вытяжки, боксы / Мобильные столы на платформах ДРИМ, ШТАТИВ АРТ, УПЗ 7.2. Подкатные столики СПП / Подкатные столики СПП","Универсальный приставной ""журнальный"" столик в дизайнерском исполнении Для врачебных кабинетов, гостевых зон, лабораторий",https://www.averon.ru/upload/iblock/c78/bs2n31quzn3nzqatkfiinl1ivxln86cf.jpg,1,OFFICIAL_BRAND_SHOP_IN_ALMATY,KZ_SKU_EVIDENCE_REQUIRED,https://www.averon.ru/catalog/podkat_stoliki_spp/spp_2_0_drim/
AVERON-7285,Averon,НПК АВЕРОН,СПП 2.2,7285,7285,1,"Cтолы, светильники, вытяжки, боксы / Мобильные столы на платформах ДРИМ, ШТАТИВ АРТ, УПЗ 7.2. Подкатные столики СПП / Подкатные столики СПП",Столик приборный на колесных опорах серии СПП 2.х Для лабораторий и врачебных кабинетов В комплекте два выдвижных ящика и две полки,https://www.averon.ru/upload/iblock/b5d/9mcmllha7p62b39ofuzg7jpkoes2mcvj.png,1,OFFICIAL_BRAND_SHOP_IN_ALMATY,KZ_SKU_EVIDENCE_REQUIRED,https://www.averon.ru/catalog/podkat_stoliki_spp/spp_2_2/
AVERON-7284,Averon,НПК АВЕРОН,СПП 2.3,7284,7284,1,"Cтолы, светильники, вытяжки, боксы / Мобильные столы на платформах ДРИМ, ШТАТИВ АРТ, УПЗ 7.2. Подкатные столики СПП / Подкатные столики СПП",Столик приборный на колесных опорах серии СПП 2.х Для лабораторий и врачебных кабинетов В комплекте три выдвижных ящика и две полки,https://www.averon.ru/upload/iblock/70b/4misz4gykg1kva6hjzn4fbxk3nvs2a7f.png,1,OFFICIAL_BRAND_SHOP_IN_ALMATY,KZ_SKU_EVIDENCE_REQUIRED,https://www.averon.ru/catalog/podkat_stoliki_spp/spp_2_3/
AVERON-6137,Averon,НПК АВЕРОН,СПП 2.4,6137,6137,1,"Cтолы, светильники, вытяжки, боксы / Мобильные столы на платформах ДРИМ, ШТАТИВ АРТ, УПЗ 7.2. Подкатные столики СПП / Подкатные столики СПП",Столик приборный на колесных опорах серии СПП 2.х Для лабораторий и врачебных кабинетов В комплекте четыре выдвижных ящика и две полки,https://www.averon.ru/upload/iblock/582/os9mnptq5ohzl0yygb5xpcfp24gzk1bz.png,1,OFFICIAL_BRAND_SHOP_IN_ALMATY,KZ_SKU_EVIDENCE_REQUIRED,https://www.averon.ru/catalog/podkat_stoliki_spp/spp_2_4/
AVERON-1797,Averon,НПК АВЕРОН,СТЕЛЛАЖ 1.0 МАСТЕР,1797,1797,1,"Cтолы, светильники, вытяжки, боксы / Столы зубного техника на платформе СЗТ 4.3. Стулья. Элементы системы хранения","Пристрой к столам МАСТЕР, ЭЛЕМЕНТ. Расширяет столешницу на 400 мм.",https://www.averon.ru/upload/iblock/f1b/ngvg8tzacrgq4lw4966n03cr9xonph8h.jpg,1,OFFICIAL_BRAND_SHOP_IN_ALMATY,KZ_SKU_EVIDENCE_REQUIRED,https://www.averon.ru/catalog/stol_serii_master_element_sistem_hraneniya_stulya/stellaj_1_0_master/
AVERON-8829,Averon,НПК АВЕРОН,СТЕЛЛАЖ 1.1 ДИРЕКТ,8829,8829,1,"Cтолы, светильники, вытяжки, боксы / Системы БРИДЖ и ВЕРТИКАЛЬ для столов МАСТЕР, ЭЛЕМЕНТ, СУЛ 9.3. Произвольные конфигурации рабочих мест / Рабочие места и системы хранения на базе элементов системы БРИДЖ","Мобильный прямой стеллаж на колесных опорах с тремя глубокими полками, используется как в системах хранения КОНЕР, так и автономно",https://www.averon.ru/upload/iblock/229/00zdhmhy22fvop8ajoqqcr5sykzb0dl3.jpg,1,OFFICIAL_BRAND_SHOP_IN_ALMATY,KZ_SKU_EVIDENCE_REQUIRED,https://www.averon.ru/catalog/rabochie_mesta_i_sistem_hraneniya_na_baze_elementov_sistem_bridj/stellaj_1_1_direkt/
AVERON-8830,Averon,НПК АВЕРОН,СТЕЛЛАЖ 1.1 КОНЕР,8830,8830,1,"Cтолы, светильники, вытяжки, боксы / Системы БРИДЖ и ВЕРТИКАЛЬ для столов МАСТЕР, ЭЛЕМЕНТ, СУЛ 9.3. Произвольные конфигурации рабочих мест / Рабочие места и системы хранения на базе элементов системы БРИДЖ","Мобильный угловой стеллаж с тремя глубокими полками, используется как в системах хранения КОНЕР, так и автономно",https://www.averon.ru/upload/iblock/f4c/cxvuhy0j1in3qm2t62mpfpss46ibjb0f.png,1,OFFICIAL_BRAND_SHOP_IN_ALMATY,KZ_SKU_EVIDENCE_REQUIRED,https://www.averon.ru/catalog/rabochie_mesta_i_sistem_hraneniya_na_baze_elementov_sistem_bridj/stellaj_1_1_koner/
AVERON-13547,Averon,НПК АВЕРОН,СТЕЛЛАЖ 3.0 ШТАТИВ,13547,13547,1,"Cтолы, светильники, вытяжки, боксы / Мобильные столы на платформах ДРИМ, ШТАТИВ АРТ, УПЗ 7.2. Подкатные столики СПП / Платформа ШТАТИВ АРТ. Индивидуальные и общие рабочие места","Компактный стеллаж на 3 полки - эффективное дополнение в качестве системы хранения для столов и стоек на платформе ШТАТИВ АРТ Для лабораторий, врачебных кабинетов, гостевых зон",https://www.averon.ru/upload/iblock/17e/2gvsutzuoyaqmegirwvgr80gr1mqzfc7.png,1,OFFICIAL_BRAND_SHOP_IN_ALMATY,KZ_SKU_EVIDENCE_REQUIRED,https://www.averon.ru/catalog/platforma_shtativ_art_individual__i_obshaie_rabochie_mesta/stellaj_3_0_shtativ/
AVERON-14018,Averon,НПК АВЕРОН,СТЕЛЛАЖ 3.0 ШТАТИВ М,14018,14018,1,"Cтолы, светильники, вытяжки, боксы / Мобильные столы на платформах ДРИМ, ШТАТИВ АРТ, УПЗ 7.2. Подкатные столики СПП / Платформа ШТАТИВ АРТ. Индивидуальные и общие рабочие места","Компактный металлический столик для хранения инструментов, моделей, протезов и других приборов Две полки и выдвижной ящик с замком Столик эффективно дополнит систему хранения в лаборатории или кабинете",https://www.averon.ru/upload/iblock/c29/k8g9579prkjwrjpd2yl2x2hz02w8r7vf.jpg,1,OFFICIAL_BRAND_SHOP_IN_ALMATY,KZ_SKU_EVIDENCE_REQUIRED,https://www.averon.ru/catalog/platforma_shtativ_art_individual__i_obshaie_rabochie_mesta/stellaj_3_0_shtativ_m/
AVERON-14559,Averon,НПК АВЕРОН,СТЕЛЛАЖ 4.3 СЗТ,14559,14559,1,"Cтолы, светильники, вытяжки, боксы / Столы зубного техника на платформе СЗТ 4.3. Стулья. Элементы системы хранения / Серии МАСТЕР и ЮНГА","Локальный двухуровневый стеллаж для размещения на углу верхней полки Для всех моделей зуботехнических столов на платформе СЗТ 4.3 (серии МАСТЕР, ЮНГА) Эффективное использование надстольного пространства",https://www.averon.ru/upload/iblock/501/xt6n267vf8y2vh4l0mazvb3ck11bgqwe.png,1,OFFICIAL_BRAND_SHOP_IN_ALMATY,KZ_SKU_EVIDENCE_REQUIRED,https://www.averon.ru/catalog/serii_master_i_iunga/stellaj_4_3_szt/
AVERON-4454,Averon,НПК АВЕРОН,СТЕЛЛАЖ 5.0 ТЕЙБЛ,4454,4454,1,"Cтолы, светильники, вытяжки, боксы / Системы БРИДЖ и ВЕРТИКАЛЬ для столов МАСТЕР, ЭЛЕМЕНТ, СУЛ 9.3. Произвольные конфигурации рабочих мест / Система хранения ВЕРТИКАЛЬ",Пятиуровневая вертикальная система хранения на основе СТРУБЦИНА 2.0,https://www.averon.ru/upload/iblock/6bc/c1ybogi1mjnvwlrb5lm6pt1ig77qnc5h.jpg,1,OFFICIAL_BRAND_SHOP_IN_ALMATY,KZ_SKU_EVIDENCE_REQUIRED,https://www.averon.ru/catalog/sistema_elementov_vertikal_/stellaj_5_0_teybl/
AVERON-5229,Averon,НПК АВЕРОН,СТЕЛЛАЖ 5.0 ТЕЙБЛ МАСТЕР,5229,5229,1,"Cтолы, светильники, вытяжки, боксы / Системы БРИДЖ и ВЕРТИКАЛЬ для столов МАСТЕР, ЭЛЕМЕНТ, СУЛ 9.3. Произвольные конфигурации рабочих мест / Система хранения ВЕРТИКАЛЬ","Пятиуровневая ""этажерка"" для расширения системы хранения в столах МАСТЕР. Занимаемая на столе полезная площадь увеличивается более чем в 70 раз. В комплекте 8 корзин (ЛОТОК 1.0 КОРЗИНА) и встроенный держатель на 6 инструментов",https://www.averon.ru/upload/iblock/f80/46mtpwi6hisxq4wumbxjfby4ci6u774u.jpg,1,OFFICIAL_BRAND_SHOP_IN_ALMATY,KZ_SKU_EVIDENCE_REQUIRED,https://www.averon.ru/catalog/sistema_elementov_vertikal_/stellaj_5_0_teybl_master/
AVERON-3091,Averon,НПК АВЕРОН,СТЕЛЛАЖ 9.2,3091,3091,1,"Cтолы, светильники, вытяжки, боксы / Столы серии СУЛ 9.3 для гипсовочной. Лабораторные столы ЭЛЕМЕНТ, СУЛ 1.х ТУМБА. Гипсоотстойники и др. сопутствующее оборудование",Боковой пристрой для столов СУЛ 9.2. Расширяет столешницу на 450 мм.,https://www.averon.ru/upload/iblock/024/7j083ozk6e7jdloyjjpum1bpq135tcq9.jpg,1,OFFICIAL_BRAND_SHOP_IN_ALMATY,KZ_SKU_EVIDENCE_REQUIRED,https://www.averon.ru/catalog/stol_serii_sul_92_dlya_gipsovochnoy_gipsootstoyniki_i_prochee_soputstvuiushaee_oborudovanie/stellaj_9_2/
AVERON-7328,Averon,НПК АВЕРОН,СТЕНКА 1.2 БРИДЖ,7328,7328,1,"Cтолы, светильники, вытяжки, боксы / Системы БРИДЖ и ВЕРТИКАЛЬ для столов МАСТЕР, ЭЛЕМЕНТ, СУЛ 9.3. Произвольные конфигурации рабочих мест / Соединительные элементы системы БРИДЖ","Опорная боковая стенка Основной элемент системы БРИДЖ Расширение полезной площади столов серий МАСТЕР, ЮНГА, ЭЛЕМЕНТ, СУЛ 9.х и организация автономных рабочих мест по принципу ""конструктора""",https://www.averon.ru/upload/iblock/247/z4hmpzw7t7wcu7cxejjthoiugsmyhe13.png,1,OFFICIAL_BRAND_SHOP_IN_ALMATY,KZ_SKU_EVIDENCE_REQUIRED,https://www.averon.ru/catalog/osnov_element_sistem_bridj/stenka_1_2_bridj/
AVERON-5994,Averon,НПК АВЕРОН,СТЕНКА 2.1 КОНЕР,5994,5994,1,"Cтолы, светильники, вытяжки, боксы / Столы зубного техника на платформе СЗТ 4.3. Стулья. Элементы системы хранения","Опорная стенка для организации автономных систем хранения, а также для расширения функциональных возможностей столов АВЕРОН.",https://www.averon.ru/upload/iblock/5de/942klbx1j6vr1u463peebtditwo3kl30.jpg,1,OFFICIAL_BRAND_SHOP_IN_ALMATY,KZ_SKU_EVIDENCE_REQUIRED,https://www.averon.ru/catalog/stol_serii_master_element_sistem_hraneniya_stulya/stenka_2_1_koner/
AVERON-2822,Averon,НПК АВЕРОН,СТРУБЦИНА 2.0,2822,2822,1,"Cтолы, светильники, вытяжки, боксы / Системы БРИДЖ и ВЕРТИКАЛЬ для столов МАСТЕР, ЭЛЕМЕНТ, СУЛ 9.3. Произвольные конфигурации рабочих мест / Система хранения ВЕРТИКАЛЬ",Многофункциональная струбцина для крепления на кромку столешницы светильников серии ЛЮКС 1.х и элементов системы хранения ВЕРТИКАЛЬ Основной элемент многоуровневой системы хранения ВЕРТИКАЛЬ,https://www.averon.ru/upload/iblock/e13/zqv17rva60g92plciw066x387cix0cbv.png,1,OFFICIAL_BRAND_SHOP_IN_ALMATY,KZ_SKU_EVIDENCE_REQUIRED,https://www.averon.ru/catalog/sistema_elementov_vertikal_/strubcina_2_0/
AVERON-5650,Averon,НПК АВЕРОН,СТУЛ 1.1 МАСТЕР,5650,5650,1,"Cтолы, светильники, вытяжки, боксы / Столы зубного техника на платформе СЗТ 4.3. Стулья. Элементы системы хранения",Многофункциональный стул зубного техника с элементами системы хранения и встроенным тренажером-эспандером.,https://www.averon.ru/upload/iblock/c3d/dko3lr2omagdo572o0p8jr6d7rp49lkc.jpg,1,OFFICIAL_BRAND_SHOP_IN_ALMATY,KZ_SKU_EVIDENCE_REQUIRED,https://www.averon.ru/catalog/stol_serii_master_element_sistem_hraneniya_stulya/stul_1_1_master/
AVERON-4434,Averon,НПК АВЕРОН,СТУЛ 2.0 ФОЛК,4434,4434,1,"Cтолы, светильники, вытяжки, боксы / Столы зубного техника на платформе СЗТ 4.3. Стулья. Элементы системы хранения",Стул зубного техника с эргономичным сиденьем. Встроенные гнезда 60 мм для системы хранения.,https://www.averon.ru/upload/iblock/f19/iqunga1u5zcylm9gh8dh56zk13rydyy5.jpg,1,OFFICIAL_BRAND_SHOP_IN_ALMATY,KZ_SKU_EVIDENCE_REQUIRED,https://www.averon.ru/catalog/stol_serii_master_element_sistem_hraneniya_stulya/stul_2_0_folk/
AVERON-6066,Averon,НПК АВЕРОН,СТУЛ 2.0 ФОЛК КОМФОРТ,6066,6066,1,"Cтолы, светильники, вытяжки, боксы / Столы зубного техника на платформе СЗТ 4.3. Стулья. Элементы системы хранения","Стул зубного техника с эргономичным сиденьем. Расширенная комплектация: полка для обуви, органайзер для личных вещей, подлокотники",https://www.averon.ru/upload/iblock/cbb/2x2n31d5onbwb8hy0ao8zroyhotg41f3.jpg,1,OFFICIAL_BRAND_SHOP_IN_ALMATY,KZ_SKU_EVIDENCE_REQUIRED,https://www.averon.ru/catalog/stol_serii_master_element_sistem_hraneniya_stulya/stul_2_0_folk_komfort/
AVERON-5574,Averon,НПК АВЕРОН,СТУЛ 2.0 ФОЛК НЬЮ,5574,5574,1,"Cтолы, светильники, вытяжки, боксы / Столы зубного техника на платформе СЗТ 4.3. Стулья. Элементы системы хранения",Классический стул зубного техника с эргономичным сиденьем Возможность дооснащения элементами системы хранения,https://www.averon.ru/upload/iblock/2fe/mdzy8u26046ib14zd3oth36hdl96expo.jpg,1,OFFICIAL_BRAND_SHOP_IN_ALMATY,KZ_SKU_EVIDENCE_REQUIRED,https://www.averon.ru/catalog/stol_serii_master_element_sistem_hraneniya_stulya/stul_2_0_folk_n__iu/
AVERON-5998,Averon,НПК АВЕРОН,СТУЛ 2.0 ФОЛК ПЛЮС,5998,5998,1,"Cтолы, светильники, вытяжки, боксы / Столы зубного техника на платформе СЗТ 4.3. Стулья. Элементы системы хранения","Стул зубного техника с эргономичным сиденьем Расширенная комплектация: полка для обуви, органайзер для личных вещей",https://www.averon.ru/upload/iblock/034/z3krv4scq1eg1e7fsjagvm4afgczciwa.jpg,1,OFFICIAL_BRAND_SHOP_IN_ALMATY,KZ_SKU_EVIDENCE_REQUIRED,https://www.averon.ru/catalog/stol_serii_master_element_sistem_hraneniya_stulya/stul_2_0_folk_plius/
AVERON-12180,Averon,НПК АВЕРОН,СТУЛ 2.1 ФОЛК КОМФОРТ,12180,12180,1,"Cтолы, светильники, вытяжки, боксы / Столы зубного техника на платформе СЗТ 4.3. Стулья. Элементы системы хранения / Стулья / СТУЛ 2.1 ФОЛК ПЛЮС / СТУЛ 2.1 ФОЛК НЬЮ",Многофункциональный стул зубного техника Максимальная комплектация: СТУЛ 2.1 ФОЛК НЬЮ + ПОЛКА 1.2 СТУЛ + ОРГАНАЙЗЕР 1.1 СТУЛ + ПОДЛОКОТНИК 2.0 СТУЛ + ПОДГОЛОВНИК 2.0 СТУЛ + ОПОРА 1.0 СТУЛ.,https://www.averon.ru/upload/iblock/cdf/7zpb4nkqekmkx69wsd3ckeubupgyivdk.png,1,OFFICIAL_BRAND_SHOP_IN_ALMATY,KZ_SKU_EVIDENCE_REQUIRED,https://www.averon.ru/catalog/stul_ya/stul_2_1_folk_komfort/
AVERON-12136,Averon,НПК АВЕРОН,СТУЛ 2.1 ФОЛК НЬЮ,12136,12136,1,"Cтолы, светильники, вытяжки, боксы / Столы зубного техника на платформе СЗТ 4.3. Стулья. Элементы системы хранения / Стулья",Многофункциональный стул зубного техника Эргономичное сидение Стартовая комплектация Предподготовка для встраивания элементов повышенного комфорта и элементов системы хранения,https://www.averon.ru/upload/iblock/64c/lk4p2g92ko8ry4udp243pls3q4uebi8p.jpg,1,OFFICIAL_BRAND_SHOP_IN_ALMATY,KZ_SKU_EVIDENCE_REQUIRED,https://www.averon.ru/catalog/stul_ya/stul_2_1_folk_n_iu/
AVERON-12202,Averon,НПК АВЕРОН,СТУЛ 2.1 ФОЛК ПЛЮС,12202,12202,1,"Cтолы, светильники, вытяжки, боксы / Столы зубного техника на платформе СЗТ 4.3. Стулья. Элементы системы хранения / Стулья",Многофункциональный стул зубного техника Расширенная комплектация: СТУЛ 2.1 ФОЛК НЬЮ + ПОЛКА 1.2 СТУЛ + ОРГАНАЙЗЕР 1.1 СТУЛ + ОПОРА 1.0 СТУЛ,https://www.averon.ru/upload/iblock/c55/rwmjg6y3v1abdbdefi7sg6gracryxqy4.png,1,OFFICIAL_BRAND_SHOP_IN_ALMATY,KZ_SKU_EVIDENCE_REQUIRED,https://www.averon.ru/catalog/stul_ya/stul_2_1_folk_plius/
AVERON-1824,Averon,НПК АВЕРОН,СУЛ 1.0 ЭЛЕМЕНТ,1824,1824,1,"Cтолы, светильники, вытяжки, боксы / Столы серии СУЛ 9.3 для гипсовочной. Лабораторные столы ЭЛЕМЕНТ, СУЛ 1.х ТУМБА. Гипсоотстойники и др. сопутствующее оборудование","Универсальный лабораторный стол для организации как общих рабочих мест, так и индивидуальных: пескоструйная обработка, полировка, полимеризация, пайка, разогрев опок, пр.Стол для оборудования весом до 100 кгВысота столешницы 830 мм",https://www.averon.ru/upload/iblock/1b5/a900zg8veg8fxbtv5zqqwp0lexax5ovg.jpg,1,OFFICIAL_BRAND_SHOP_IN_ALMATY,KZ_SKU_EVIDENCE_REQUIRED,https://www.averon.ru/catalog/stol_serii_sul_92_dlya_gipsovochnoy_gipsootstoyniki_i_prochee_soputstvuiushaee_oborudovanie/sul_1_0_element/
AVERON-9720,Averon,НПК АВЕРОН,СУЛ 1.1 ОПТИМУМ,9720,9720,1,"Cтолы, светильники, вытяжки, боксы / Индивидуальные рабочие места зубного техника","Стол зубного техника на базе СУЛ 1.1 ЭЛЕМЕНТ с вытяжкой, светильником и расширенной системой хранения",https://www.averon.ru/upload/iblock/333/j8m2lzqe2dbnum0q37b93699cvzkx50g.png,1,OFFICIAL_BRAND_SHOP_IN_ALMATY,KZ_SKU_EVIDENCE_REQUIRED,https://www.averon.ru/catalog/gotov_e_resheniya_dlya_stolov_serii_master/sul_1_1_optimum/
AVERON-9721,Averon,НПК АВЕРОН,СУЛ 1.1 ПРОФИ,9721,9721,1,"Cтолы, светильники, вытяжки, боксы / Индивидуальные рабочие места зубного техника","Стол зубного техника на базе СУЛ 1.1 ЭЛЕМЕНТ с вытяжкой, светильником, расширенной системой хранения и дополнительным функционалом",https://www.averon.ru/upload/iblock/769/witvwg7j51n36626qqu33akwg72mv41g.png,1,OFFICIAL_BRAND_SHOP_IN_ALMATY,KZ_SKU_EVIDENCE_REQUIRED,https://www.averon.ru/catalog/gotov_e_resheniya_dlya_stolov_serii_master/sul_1_1_profi/
AVERON-9722,Averon,НПК АВЕРОН,СУЛ 1.1 СТАРТ,9722,9722,1,"Cтолы, светильники, вытяжки, боксы / Индивидуальные рабочие места зубного техника",Стол зубного техника на базе СУЛ 1.1 ЭЛЕМЕНТ с вытяжкой и светильником,https://www.averon.ru/upload/iblock/ccd/irvci7j1szln5jon2md23fhewq1h0xz5.png,1,OFFICIAL_BRAND_SHOP_IN_ALMATY,KZ_SKU_EVIDENCE_REQUIRED,https://www.averon.ru/catalog/gotov_e_resheniya_dlya_stolov_serii_master/sul_1_1_start/
AVERON-8797,Averon,НПК АВЕРОН,СУЛ 1.1 ТУМБА,8797,8797,1,"Cтолы, светильники, вытяжки, боксы / Столы серии СУЛ 9.3 для гипсовочной. Лабораторные столы ЭЛЕМЕНТ, СУЛ 1.х ТУМБА. Гипсоотстойники и др. сопутствующее оборудование / Серия СУЛ 1.х ТУМБА. Столы на базе ТУМБА 1.2",Передвижной стол-тумба для размещения оборудования общего пользования Расширенная система горизонтального и вертикального хранения Дискретная регулировка высоты столешницы с шагом 145 мм Высота столешницы 735 мм,https://www.averon.ru/upload/iblock/056/3mkku43r6iu2hixfbqh0x3m003liwx8g.png,1,OFFICIAL_BRAND_SHOP_IN_ALMATY,KZ_SKU_EVIDENCE_REQUIRED,https://www.averon.ru/catalog/seriya_sul_1_h_tumba_stol_na_baze_tumba_1_2/sul_1_1_tumba/
AVERON-9723,Averon,НПК АВЕРОН,СУЛ 1.1 ЭЛЕМЕНТ,9723,9723,1,"Cтолы, светильники, вытяжки, боксы / Столы серии СУЛ 9.3 для гипсовочной. Лабораторные столы ЭЛЕМЕНТ, СУЛ 1.х ТУМБА. Гипсоотстойники и др. сопутствующее оборудование / Серия Элемент. Лабораторные столы","Универсальный зуботехнический стол для организации как общих рабочих мест (обработка моделей и протезов, литье, разогрев опок, пайка, сварка, полимеризация, пескоструйная обработка, полировка и пр.), так и индивидуальных рабочих мест зубного техника",https://www.averon.ru/upload/iblock/1db/1590z438lo7wwu1io4fzj4mpqzn38lre.png,1,OFFICIAL_BRAND_SHOP_IN_ALMATY,KZ_SKU_EVIDENCE_REQUIRED,https://www.averon.ru/catalog/seriya_element_laborator_stol_/sul_1_1_element/
AVERON-14063,Averon,НПК АВЕРОН,СУЛ 1.1 ЭЛЕМЕНТ ПАЙКА,14063,14063,1,"Cтолы, светильники, вытяжки, боксы / Столы серии СУЛ 9.3 для гипсовочной. Лабораторные столы ЭЛЕМЕНТ, СУЛ 1.х ТУМБА. Гипсоотстойники и др. сопутствующее оборудование / Серия Элемент. Лабораторные столы","Зуботехнический стол с закрытой рабочей камерой (облегченный вытяжной шкаф) для паяльных работ и для других технологий, выделяющих токсичные газы (термопрессование, термоформование, разогрев опок, полимеризация и т.д).",https://www.averon.ru/upload/iblock/f34/uydxq8l6vkei5jbx13osq3kfeqoau93u.png,1,OFFICIAL_BRAND_SHOP_IN_ALMATY,KZ_SKU_EVIDENCE_REQUIRED,https://www.averon.ru/catalog/seriya_element_laborator_stol_/sul_1_1_element_payka/
AVERON-8796,Averon,НПК АВЕРОН,СУЛ 1.2 ТУМБА,8796,8796,1,"Cтолы, светильники, вытяжки, боксы / Столы серии СУЛ 9.3 для гипсовочной. Лабораторные столы ЭЛЕМЕНТ, СУЛ 1.х ТУМБА. Гипсоотстойники и др. сопутствующее оборудование",Передвижной стол-тумба для размещения оборудования общего пользования Расширенная система горизонтального и вертикального хранения Дискретная регулировка высоты столешницы с шагом 145 мм Высота столешницы 880 мм,https://www.averon.ru/upload/iblock/32b/kpry9jpotmxustnbfr4avcjecs5a29uo.png,1,OFFICIAL_BRAND_SHOP_IN_ALMATY,KZ_SKU_EVIDENCE_REQUIRED,https://www.averon.ru/catalog/stol_serii_sul_92_dlya_gipsovochnoy_gipsootstoyniki_i_prochee_soputstvuiushaee_oborudovanie/sul_1_2_tumba/
AVERON-13891,Averon,НПК АВЕРОН,СУЛ 1.2 ТУМБА ЭВП,13891,13891,1,"Cтолы, светильники, вытяжки, боксы / Столы серии СУЛ 9.3 для гипсовочной. Лабораторные столы ЭЛЕМЕНТ, СУЛ 1.х ТУМБА. Гипсоотстойники и др. сопутствующее оборудование / Серия СУЛ 1.х ТУМБА. Столы на базе ТУМБА 1.2",Специализированный стол для электровакуумной печи и вакуумного насоса Расширенная система хранения,https://www.averon.ru/upload/iblock/5e8/qs649wa5q0t4sctj9w4weigjc3v0suef.png,1,OFFICIAL_BRAND_SHOP_IN_ALMATY,KZ_SKU_EVIDENCE_REQUIRED,https://www.averon.ru/catalog/seriya_sul_1_h_tumba_stol_na_baze_tumba_1_2/sul_1_2_tumba_evp/
AVERON-8795,Averon,НПК АВЕРОН,СУЛ 1.3 ТУМБА,8795,8795,1,"Cтолы, светильники, вытяжки, боксы / Столы серии СУЛ 9.3 для гипсовочной. Лабораторные столы ЭЛЕМЕНТ, СУЛ 1.х ТУМБА. Гипсоотстойники и др. сопутствующее оборудование / Серия Элемент. Лабораторные столы",Передвижной стол-тумба для размещения оборудования общего пользования Расширенная система горизонтального и вертикального хранения Дискретная регулировка высоты столешницы с шагом 145 мм Высота столешницы 1025 мм,https://www.averon.ru/upload/iblock/21d/uzcgjyd1x7wykxi3wszwqpxigd5o58ya.png,1,OFFICIAL_BRAND_SHOP_IN_ALMATY,KZ_SKU_EVIDENCE_REQUIRED,https://www.averon.ru/catalog/seriya_element_laborator_stol_/sul_1_3_tumba/
AVERON-13892,Averon,НПК АВЕРОН,СУЛ 1.3 ТУМБА АСОЗ,13892,13892,1,"Cтолы, светильники, вытяжки, боксы / Столы серии СУЛ 9.3 для гипсовочной. Лабораторные столы ЭЛЕМЕНТ, СУЛ 1.х ТУМБА. Гипсоотстойники и др. сопутствующее оборудование / Серия СУЛ 1.х ТУМБА. Столы на базе ТУМБА 1.2",Специализированный стол для пескоструйных аппаратов серии АСОЗ 5.х Расширенная система хранения,https://www.averon.ru/upload/iblock/6a7/9t5auw41mzw1i634zlvm6pxp37cmsmrt.png,1,OFFICIAL_BRAND_SHOP_IN_ALMATY,KZ_SKU_EVIDENCE_REQUIRED,https://www.averon.ru/catalog/seriya_sul_1_h_tumba_stol_na_baze_tumba_1_2/sul_1_3_tumba_asoz/
AVERON-13893,Averon,НПК АВЕРОН,СУЛ 1.3 ТУМБА ГИПС,13893,13893,1,"Cтолы, светильники, вытяжки, боксы / Столы серии СУЛ 9.3 для гипсовочной. Лабораторные столы ЭЛЕМЕНТ, СУЛ 1.х ТУМБА. Гипсоотстойники и др. сопутствующее оборудование / Серия СУЛ 1.х ТУМБА. Столы на базе ТУМБА 1.2","Специализированный стол для изготовления моделей: на панели устанавливатся смеситель (СВЗ 1.1 АРТ, СВЗ 1.1 СТАРТ), на столешнице вибростолик (ВБ 1.1) Отверстие для ссыпания отходов гипса в КОНТЕЙНЕР 1.0 СИТО Расширенная система хранения",https://www.averon.ru/upload/iblock/547/xxkocxps33xv2skxh1r3kxgxac109qt4.png,1,OFFICIAL_BRAND_SHOP_IN_ALMATY,KZ_SKU_EVIDENCE_REQUIRED,https://www.averon.ru/catalog/seriya_sul_1_h_tumba_stol_na_baze_tumba_1_2/sul_1_3_tumba_gips/
AVERON-13894,Averon,НПК АВЕРОН,СУЛ 1.3 ТУМБА МУЛЬТИ,13894,13894,1,"Cтолы, светильники, вытяжки, боксы / Столы серии СУЛ 9.3 для гипсовочной. Лабораторные столы ЭЛЕМЕНТ, СУЛ 1.х ТУМБА. Гипсоотстойники и др. сопутствующее оборудование / Серия СУЛ 1.х ТУМБА. Столы на базе ТУМБА 1.2","Специализированный стол для различного оборудования общего пользования: ЭМП 2.0 ЦИРКОН, ЭМП 11.1 НЬЮ, ЭМП 11.6 НЬЮ, ЭМП 1.0 ПРЕСС АРТ, ТЕРМОПРЕСС 1.2 ТУРБО Расширенная система хранения",https://www.averon.ru/upload/iblock/eb5/cgro9yud2bfwae2joxib9ticjzmeit0u.png,1,OFFICIAL_BRAND_SHOP_IN_ALMATY,KZ_SKU_EVIDENCE_REQUIRED,https://www.averon.ru/catalog/seriya_sul_1_h_tumba_stol_na_baze_tumba_1_2/sul_1_3_tumba_mul_ti/
AVERON-12153,Averon,НПК АВЕРОН,СУЛ 6.5 ВМУ,12153,12153,1,"Cтолы, светильники, вытяжки, боксы / Мобильные столы на платформах ДРИМ, ШТАТИВ АРТ, УПЗ 7.2. Подкатные столики СПП / Платформа ШТАТИВ АРТ. Индивидуальные и общие рабочие места",Готовое рабочее место на базе СУЛ 6.5 ШТАТИВ АРТ и ВМУ БАЗИС,https://www.averon.ru/upload/iblock/283/m1v1cx30detc60fubgi2pnkvnqdzcs9y.png,1,OFFICIAL_BRAND_SHOP_IN_ALMATY,KZ_SKU_EVIDENCE_REQUIRED,https://www.averon.ru/catalog/platforma_shtativ_art_individual__i_obshaie_rabochie_mesta/sul_6_5_vmu/
AVERON-12302,Averon,НПК АВЕРОН,СУЛ 6.5 ДРАЙВ,12302,12302,1,"Cтолы, светильники, вытяжки, боксы / Мобильные столы на платформах ДРИМ, ШТАТИВ АРТ, УПЗ 7.2. Подкатные столики СПП / Платформа ШТАТИВ АРТ. Индивидуальные и общие рабочие места","Универсальный мобильный столик в конструктиве ""штатив"" с электромеханической регулировкой высоты рабочего столика от 80 до 100 см Для организации общих рабочих мест",https://www.averon.ru/upload/iblock/bc8/l4v2c7qldjw31nag5lmebcfgm3u8wf5k.jpg,1,OFFICIAL_BRAND_SHOP_IN_ALMATY,KZ_SKU_EVIDENCE_REQUIRED,https://www.averon.ru/catalog/platforma_shtativ_art_individual__i_obshaie_rabochie_mesta/sul_6_5_drayv/
AVERON-14346,Averon,НПК АВЕРОН,СУЛ 6.5 ДРАЙВ АРТ,14346,14346,1,"Cтолы, светильники, вытяжки, боксы / Мобильные столы на платформах ДРИМ, ШТАТИВ АРТ, УПЗ 7.2. Подкатные столики СПП / Платформа ШТАТИВ АРТ. Индивидуальные и общие рабочие места",Универсальный мобильный столик на платформе ШТАТИВ АРТ Электромеханический привод для управления высотой рабочего столика Для организации общих и индивидуальных рабочих мест в зуботехнических лабораториях и врачебных кабинетах,https://www.averon.ru/upload/iblock/51b/7lqnvkmp4nqm8ct5ekedfp3qzh3k4rza.jpg,1,OFFICIAL_BRAND_SHOP_IN_ALMATY,KZ_SKU_EVIDENCE_REQUIRED,https://www.averon.ru/catalog/platforma_shtativ_art_individual__i_obshaie_rabochie_mesta/sul_6_5_drayv_art/
AVERON-12152,Averon,НПК АВЕРОН,СУЛ 6.5 ПОЛИР,12152,12152,1,"Cтолы, светильники, вытяжки, боксы / Мобильные столы на платформах ДРИМ, ШТАТИВ АРТ, УПЗ 7.2. Подкатные столики СПП / Платформа ШТАТИВ АРТ. Индивидуальные и общие рабочие места",Готовое рабочее место на базе СУЛ 6.5 ШТАТИВ АРТ и ПОЛИР 6.5 МАСТЕР,https://www.averon.ru/upload/iblock/7eb/fxfrrhy1t7wu85zqdsfgkko2c79uv0fd.jpg,1,OFFICIAL_BRAND_SHOP_IN_ALMATY,KZ_SKU_EVIDENCE_REQUIRED,https://www.averon.ru/catalog/platforma_shtativ_art_individual__i_obshaie_rabochie_mesta/sul_6_5_polir/
AVERON-9836,Averon,НПК АВЕРОН,СУЛ 6.5 ШТАТИВ,9836,9836,1,"Cтолы, светильники, вытяжки, боксы / Мобильные столы на платформах ДРИМ, ШТАТИВ АРТ, УПЗ 7.2. Подкатные столики СПП","Универсальная мобильная стойка-штатив для создания рабочих мест как общего, так и индивидуального пользования",https://www.averon.ru/upload/iblock/ef0/uglb7hwzar1uvkk9cjinf6ivhvjqii5g.jpg,1,OFFICIAL_BRAND_SHOP_IN_ALMATY,KZ_SKU_EVIDENCE_REQUIRED,https://www.averon.ru/catalog/universalnaya_metallicheskaya_mebel_dlya_laboratoriy_i_stomat_kabinetov/sul_6_5_shtativ/
AVERON-12802,Averon,НПК АВЕРОН,СУЛ 6.5 ШТАТИВ АРТ,12802,12802,1,"Cтолы, светильники, вытяжки, боксы / Мобильные столы на платформах ДРИМ, ШТАТИВ АРТ, УПЗ 7.2. Подкатные столики СПП / Платформа ШТАТИВ АРТ. Индивидуальные и общие рабочие места",Универсальный мобильный столик на платформе ШТАТИВ АРТ для организации общих и индивидуальных рабочих мест в зуботехнических лабораториях и врачебных кабинетах,https://www.averon.ru/upload/iblock/4d8/ip9sxpgujb5pzsj5otdg9c7apmjfnof0.png,1,OFFICIAL_BRAND_SHOP_IN_ALMATY,KZ_SKU_EVIDENCE_REQUIRED,https://www.averon.ru/catalog/platforma_shtativ_art_individual__i_obshaie_rabochie_mesta/sul_6_5_shtativ_art/
AVERON-13519,Averon,НПК АВЕРОН,СУЛ 6.5 ШТАТИВ ЛАБ,13519,13519,1,"Cтолы, светильники, вытяжки, боксы / Мобильные столы на платформах ДРИМ, ШТАТИВ АРТ, УПЗ 7.2. Подкатные столики СПП / Платформа ШТАТИВ АРТ. Индивидуальные и общие рабочие места",Мобильный компактный стол зубного техника на платформе ШТАТИВ АРТ Предподготовка для подключения внешней вытяжки и светильника серии ЛЮКС 1.1 ХХХХ,https://www.averon.ru/upload/iblock/733/boyccuoc9xx5ekr9j9jc3nxvgarptaua.png,1,OFFICIAL_BRAND_SHOP_IN_ALMATY,KZ_SKU_EVIDENCE_REQUIRED,https://www.averon.ru/catalog/platforma_shtativ_art_individual__i_obshaie_rabochie_mesta/sul_6_5_shtativ_lab/
AVERON-12995,Averon,НПК АВЕРОН,СУЛ 6.5 ШТАТИВ СКАНЕР,12995,12995,1,"Cтолы, светильники, вытяжки, боксы / Мобильные столы на платформах ДРИМ, ШТАТИВ АРТ, УПЗ 7.2. Подкатные столики СПП / Платформа ШТАТИВ АРТ. Индивидуальные и общие рабочие места",Специализированный мобильный столик на платформе ШТАТИВ АРТ для работы с интраоральным сканером,https://www.averon.ru/upload/iblock/47d/j3pn02ngqbtb4o4srifzday5xb1p4u12.png,1,OFFICIAL_BRAND_SHOP_IN_ALMATY,KZ_SKU_EVIDENCE_REQUIRED,https://www.averon.ru/catalog/platforma_shtativ_art_individual__i_obshaie_rabochie_mesta/sul_6_5_shtativ_skaner/
AVERON-1823,Averon,НПК АВЕРОН,СУЛ 7.0 ЭЛЕМЕНТ,1823,1823,1,"Cтолы, светильники, вытяжки, боксы / Столы серии СУЛ 9.3 для гипсовочной. Лабораторные столы ЭЛЕМЕНТ, СУЛ 1.х ТУМБА. Гипсоотстойники и др. сопутствующее оборудование",Универсальный лабораторный стол для размещения крупного оборудования Адаптирован для литейных установок АВЕРОН Стол для оборудования весом до 100 кг Высота столешницы 655 мм,https://www.averon.ru/upload/iblock/f91/39rryajoj853yys69xs3z3p6m19x6qiu.jpg,1,OFFICIAL_BRAND_SHOP_IN_ALMATY,KZ_SKU_EVIDENCE_REQUIRED,https://www.averon.ru/catalog/stol_serii_sul_92_dlya_gipsovochnoy_gipsootstoyniki_i_prochee_soputstvuiushaee_oborudovanie/sul_7_0_element/
AVERON-12682,Averon,НПК АВЕРОН,СУЛ 7.1 ЭЛЕМЕНТ,12682,12682,1,"Cтолы, светильники, вытяжки, боксы / Столы серии СУЛ 9.3 для гипсовочной. Лабораторные столы ЭЛЕМЕНТ, СУЛ 1.х ТУМБА. Гипсоотстойники и др. сопутствующее оборудование / Серия Элемент. Лабораторные столы","Стол универсальный лабораторный Для размещения литейных установок УЛП 1.0 ВУЛКАН АРТ, УЛК 1.0 ВЕРСИЯ АРТ или организации рабочих мест общего назначения: термопрессование, термоформование, полимеризация, пайка и пр.",https://www.averon.ru/upload/iblock/e77/q0nwk54b1y2ka915oqct8lj3jryqenfv.png,1,OFFICIAL_BRAND_SHOP_IN_ALMATY,KZ_SKU_EVIDENCE_REQUIRED,https://www.averon.ru/catalog/seriya_element_laborator_stol_/sul_7_1_element/
AVERON-2824,Averon,НПК АВЕРОН,СУЛ 9.2 ГИПС,2824,2824,1,Уцененное оборудование,Специализированный (гипсовочный) стол с расширенной системой хранения. Организация комплексного рабочего места для изготовления гипсовых моделей. Отверстие для сбора отходов слева,https://www.averon.ru/upload/iblock/499/ipwr8nsyec9fmc6ax95g0jp151quw1rn.jpg,1,OFFICIAL_BRAND_SHOP_IN_ALMATY,KZ_SKU_EVIDENCE_REQUIRED,https://www.averon.ru/catalog/ucenyonnoe_oborudovanie/sul_9_2_gips/
AVERON-3201,Averon,НПК АВЕРОН,СУЛ 9.2 ГИПС РАЙТ,3201,3201,1,"Cтолы, светильники, вытяжки, боксы / Столы серии СУЛ 9.3 для гипсовочной. Лабораторные столы ЭЛЕМЕНТ, СУЛ 1.х ТУМБА. Гипсоотстойники и др. сопутствующее оборудование",Специализированный (гипсовочный) стол с расширенной системой хранения. Организация комплексного рабочего места для изготовления гипсовых моделей. Отверстие для сбора отходов справа,https://www.averon.ru/upload/iblock/1d5/dp09wtq85dmc03tm6t4cs673n0kxl5op.jpg,1,OFFICIAL_BRAND_SHOP_IN_ALMATY,KZ_SKU_EVIDENCE_REQUIRED,https://www.averon.ru/catalog/stol_serii_sul_92_dlya_gipsovochnoy_gipsootstoyniki_i_prochee_soputstvuiushaee_oborudovanie/sul_9_2_gips_rayt/
AVERON-3028,Averon,НПК АВЕРОН,СУЛ 9.2 МОЙКА,3028,3028,1,Уцененное оборудование,Специализированный стол-мойка с расширенной системой хранения. Организация комплексного рабочего места для изготовления гипсовых моделей. Мойка справа,https://www.averon.ru/upload/iblock/46b/0r4515fvu4dv67ovh1mivhrt6x505hwd.jpg,1,OFFICIAL_BRAND_SHOP_IN_ALMATY,KZ_SKU_EVIDENCE_REQUIRED,https://www.averon.ru/catalog/ucenyonnoe_oborudovanie/sul_9_2_moyka/
AVERON-3202,Averon,НПК АВЕРОН,СУЛ 9.2 МОЙКА ЛЕФТ,3202,3202,1,Уцененное оборудование,Специализированный стол-мойка с расширенной системой хранения. Организация комплексного рабочего места для изготовления гипсовых моделей. Мойка слева,https://www.averon.ru/upload/iblock/bf8/g3ivpw4bpbdnxdl6s72hi4p5v3hcafbb.jpg,1,OFFICIAL_BRAND_SHOP_IN_ALMATY,KZ_SKU_EVIDENCE_REQUIRED,https://www.averon.ru/catalog/ucenyonnoe_oborudovanie/sul_9_2_moyka_left/
AVERON-12678,Averon,НПК АВЕРОН,СУЛ 9.3 ГИПС,12678,12678,1,"Cтолы, светильники, вытяжки, боксы / Столы серии СУЛ 9.3 для гипсовочной. Лабораторные столы ЭЛЕМЕНТ, СУЛ 1.х ТУМБА. Гипсоотстойники и др. сопутствующее оборудование / Серия 9.3. Столы для гипсовочной лаборатории, гипсоотстойники и сопутствующее оборудование","Специализированный гипсовочный стол, столешница с отверстием для сбора отходов Организация комплексного рабочего места для работы с гипсами и паковочными массами Расширенная система хранения",https://www.averon.ru/upload/iblock/ac2/2rd0yowt216iiv723bjbl2w1m5krt4ic.png,1,OFFICIAL_BRAND_SHOP_IN_ALMATY,KZ_SKU_EVIDENCE_REQUIRED,https://www.averon.ru/catalog/seriya_9_3_stol_dlya_gipsovochnoy_laboratorii_gipsootstoyniki_i_soputstvuiushaee_oborudovanie_/sul_9_3_gips/
AVERON-12599,Averon,НПК АВЕРОН,СУЛ 9.3 МОЙКА,12599,12599,1,"Cтолы, светильники, вытяжки, боксы / Столы серии СУЛ 9.3 для гипсовочной. Лабораторные столы ЭЛЕМЕНТ, СУЛ 1.х ТУМБА. Гипсоотстойники и др. сопутствующее оборудование / Серия 9.3. Столы для гипсовочной лаборатории, гипсоотстойники и сопутствующее оборудование","Специализированный стол-мойка, раковина справа Организация комплексного рабочего места для работы с гипсами и паковочными массами Расширенная система хранения",https://www.averon.ru/upload/iblock/fa1/vuwj158liebk3totfnbj2n6r0kamd8nw.png,1,OFFICIAL_BRAND_SHOP_IN_ALMATY,KZ_SKU_EVIDENCE_REQUIRED,https://www.averon.ru/catalog/seriya_9_3_stol_dlya_gipsovochnoy_laboratorii_gipsootstoyniki_i_soputstvuiushaee_oborudovanie_/sul_9_3_moyka/
AVERON-12600,Averon,НПК АВЕРОН,СУЛ 9.3 МОЙКА ЛЕФТ,12600,12600,1,"Cтолы, светильники, вытяжки, боксы / Столы серии СУЛ 9.3 для гипсовочной. Лабораторные столы ЭЛЕМЕНТ, СУЛ 1.х ТУМБА. Гипсоотстойники и др. сопутствующее оборудование / Серия 9.3. Столы для гипсовочной лаборатории, гипсоотстойники и сопутствующее оборудование","Специализированный стол-мойка, раковина слева Организация комплексного рабочего места для работы с гипсами и паковочными массами Расширенная система хранения",https://www.averon.ru/upload/iblock/f47/lifsv10t0ufn4dolwkkeleurob4gobn1.png,1,OFFICIAL_BRAND_SHOP_IN_ALMATY,KZ_SKU_EVIDENCE_REQUIRED,https://www.averon.ru/catalog/seriya_9_3_stol_dlya_gipsovochnoy_laboratorii_gipsootstoyniki_i_soputstvuiushaee_oborudovanie_/sul_9_3_moyka_left/
AVERON-14707,Averon,НПК АВЕРОН,ТАБУРЕТ 1.0 СПП,14707,14707,1,"Cтолы, светильники, вытяжки, боксы / Мобильные столы на платформах ДРИМ, ШТАТИВ АРТ, УПЗ 7.2. Подкатные столики СПП / Подкатные столики СПП","Табурет-мини стеллаж, эффектное дополнение к интерьерным столикам СПП 1.0 ДРИМ / 2.0 ДРИМ Для врачебных кабинетов, гостевых зон, лабораторий",https://www.averon.ru/upload/iblock/b0a/6v3ittimhdngy42ik3euembz1nl927mu.png,1,OFFICIAL_BRAND_SHOP_IN_ALMATY,KZ_SKU_EVIDENCE_REQUIRED,https://www.averon.ru/catalog/podkat_stoliki_spp/taburet_1_0_spp/
AVERON-9221,Averon,НПК АВЕРОН,ТАЙМЕР 1.0,9221,9221,1,"Cтолы, светильники, вытяжки, боксы / Электроника для рабочих мест","Четырехразрядный таймер с отсчетом времени до 99 минут 59 секунд. Звуковой сигнал окончания отсчета. Для визуального контроля длительности технологических операций. Удобное управление, магнитная фиксация. Дополнительная опция для СВЗ 1.1 СТАРТ, ПРЕСС 3.0 ОПОКА НЬЮ, ПМА 1.0 СТАРТ",https://www.averon.ru/upload/iblock/4c2/rmnpri8as0ki25g2lkhq4l909jmwnfsl.png,1,OFFICIAL_BRAND_SHOP_IN_ALMATY,KZ_SKU_EVIDENCE_REQUIRED,https://www.averon.ru/catalog/elektronika_dlya_rabochih_mest/taymer_1_0/
AVERON-2022,Averon,НПК АВЕРОН,ТЕРМОВАТА 1.0 КЕРАМИКА,2022,2022,1,Инструменты и принадлежности,Огнеупорная вата для обжига безметалловых керамических реставраций,https://www.averon.ru/upload/iblock/ee6/xme8bkv38kg9t6ovhbxk9q5dw7xo8g44.jpg,1,OFFICIAL_BRAND_SHOP_IN_ALMATY,KZ_SKU_EVIDENCE_REQUIRED,https://www.averon.ru/catalog/instrument__i_prinadlejnosti/termovata_1_0_keramika/
AVERON-1984,Averon,НПК АВЕРОН,ТЕРМОНОЖ 1.0 ПЛАСТИК,1984,1984,1,Оборудование для изготовления протезов,Термонож для обрезки кап по контуру,https://www.averon.ru/upload/iblock/1e6/nid9vnuec01vp1mnv03mskgte1burjpv.jpg,1,OFFICIAL_BRAND_SHOP_IN_ALMATY,KZ_SKU_EVIDENCE_REQUIRED,https://www.averon.ru/catalog/oborudovanie_dlya_izgotovleniya_protezov/termonozh_1_0_plastik/
AVERON-5625,Averon,НПК АВЕРОН,ТЕРМОНОЖ 2.0 ПЛАСТИК,5625,5625,1,Оборудование для изготовления протезов / Термоформование,Термонож для обрезки кап с поддержанием температуры насадки для более быстрой и удобной работы Дополнительная принадлежность для ТЕРМОФОРМЕРов,https://www.averon.ru/upload/iblock/4fd/7d8924l8ouz8ut17jkiudfzivqiz8aee.jpg,1,OFFICIAL_BRAND_SHOP_IN_ALMATY,KZ_SKU_EVIDENCE_REQUIRED,https://www.averon.ru/catalog/termoformovanie_/termonoj_2_0_plastik/
AVERON-12675,Averon,НПК АВЕРОН,ТЕРМОПРЕСС 3.0 НЬЮ,12675,12675,1,Оборудование для изготовления протезов / Термолитьевое прессование,Аппарат для изготовления пластиночных протезов методом термолитьевого прессования,https://www.averon.ru/upload/iblock/453/n49d6p3g1gtd2tc5mln0vaws0o7i1h30.png,1,OFFICIAL_BRAND_SHOP_IN_ALMATY,KZ_SKU_EVIDENCE_REQUIRED,https://www.averon.ru/catalog/termolit_evoe_pressovanie_/termopress_3_0_n_iu/
AVERON-13804,Averon,НПК АВЕРОН,ТЕРМОПРЕСС 3.0 НЬЮ М,13804,13804,1,Оборудование для изготовления протезов / Термолитьевое прессование,Аппарат для изготовления пластиночных протезов методом термолитьевого прессования,https://www.averon.ru/upload/iblock/4fe/v6a29mzy245yb0x3d5hrvna3aqifk3m2.png,1,OFFICIAL_BRAND_SHOP_IN_ALMATY,KZ_SKU_EVIDENCE_REQUIRED,https://www.averon.ru/catalog/termolit_evoe_pressovanie_/termopress_3_0_n_iu_m/
AVERON-12625,Averon,НПК АВЕРОН,ТЕРМОПРЕСС 3.0 СТАРТ,12625,12625,1,Уцененное оборудование,Бюджетный аппарат для изготовления пластиночных протезов методом термолитьевого прессования,https://www.averon.ru/upload/iblock/2f3/1w69qkzp1svfjci4sfl0fv9pudjm5j92.png,1,OFFICIAL_BRAND_SHOP_IN_ALMATY,KZ_SKU_EVIDENCE_REQUIRED,https://www.averon.ru/catalog/ucenyonnoe_oborudovanie/termopress_3_0_start/
AVERON-13265,Averon,НПК АВЕРОН,ТЕРМОПРЕСС 3.0 СТАРТ М,13265,13265,1,Оборудование для изготовления протезов / Термолитьевое прессование,Бюджетный аппарат для изготовления пластиночных протезов методом термолитьевого прессования,https://www.averon.ru/upload/iblock/6c3/v96ruhh8ghjpapdtql81p1h1fgcgi6am.jpg,1,OFFICIAL_BRAND_SHOP_IN_ALMATY,KZ_SKU_EVIDENCE_REQUIRED,https://www.averon.ru/catalog/termolit_evoe_pressovanie_/termopress_3_0_start_m/
AVERON-6228,Averon,НПК АВЕРОН,Термопрессование (без мебели),6228,6228,1,Готовые решения / Термопрессование,Термопрессование (без мебели).,https://www.averon.ru/upload/iblock/bd9/9ec0jwhbt9kjk7r9yjncc2vuax47vl7v.jpg,1,OFFICIAL_BRAND_SHOP_IN_ALMATY,KZ_SKU_EVIDENCE_REQUIRED,https://www.averon.ru/catalog/termopressovanie/termopressovanie_bez_mebeli/
AVERON-6227,Averon,НПК АВЕРОН,Термопрессование (с мебелью),6227,6227,1,Готовые решения / Термопрессование,Термопрессование (с мебелью).,https://www.averon.ru/upload/iblock/326/lce7z3302f4omq9m6xjmu21jbsl0tp59.jpg,1,OFFICIAL_BRAND_SHOP_IN_ALMATY,KZ_SKU_EVIDENCE_REQUIRED,https://www.averon.ru/catalog/termopressovanie/termopressovanie_s_mebel__iu/
AVERON-1986,Averon,НПК АВЕРОН,ТЕРМОФОРМЕР 1.0 ВАК,1986,1986,1,Оборудование для изготовления протезов,Формовка кап вакуумом (вакуумформер).,https://www.averon.ru/upload/iblock/b7e/c7azmovnak2biivowptkni2lcu1780gu.jpg,1,OFFICIAL_BRAND_SHOP_IN_ALMATY,KZ_SKU_EVIDENCE_REQUIRED,https://www.averon.ru/catalog/oborudovanie_dlya_izgotovleniya_protezov/termoformer_1_0_vak/
AVERON-6135,Averon,НПК АВЕРОН,ТЕРМОФОРМЕР 1.1 ВАК,6135,6135,1,Оборудование для изготовления протезов,Термоформование однослойных кап вакуумом,https://www.averon.ru/upload/iblock/fce/c9bgcc4c554b05u22e8d3lpiqm3geljr.jpg,1,OFFICIAL_BRAND_SHOP_IN_ALMATY,KZ_SKU_EVIDENCE_REQUIRED,https://www.averon.ru/catalog/oborudovanie_dlya_izgotovleniya_protezov/TERMOFORMER_1_1_VAK/
AVERON-3289,Averon,НПК АВЕРОН,ТЕРМОФОРМЕР 1.1 ПНЕВМО,3289,3289,1,Оборудование для изготовления протезов,Термоформование кап давлением. Толщина рабочей пластины до 5 мм,https://www.averon.ru/upload/iblock/6d7/5x24aikhrqn21hnltgjvllzw13921v0c.jpg,1,OFFICIAL_BRAND_SHOP_IN_ALMATY,KZ_SKU_EVIDENCE_REQUIRED,https://www.averon.ru/catalog/oborudovanie_dlya_izgotovleniya_protezov/termoformer_1_1_pnevmo/
AVERON-12060,Averon,НПК АВЕРОН,ТЕРМОФОРМЕР 1.1 СТАРТ,12060,12060,1,Оборудование для изготовления протезов,Аппарат для термоформования кап давлением с ручным управлением режимами Толщина формуемых пластин до 5 мм,https://www.averon.ru/upload/iblock/ac6/ium1dbmxqozy4gww6a2zqzng6nltq8ij.png,1,OFFICIAL_BRAND_SHOP_IN_ALMATY,KZ_SKU_EVIDENCE_REQUIRED,https://www.averon.ru/catalog/oborudovanie_dlya_izgotovleniya_protezov/termoformer_1_1_start/
AVERON-12910,Averon,НПК АВЕРОН,ТЕРМОФОРМЕР 1.2 ПНЕВМО,12910,12910,1,Оборудование для изготовления протезов / Термоформование,Аппарат для термоформования кап давлением с программным управлением режимами Толщина формуемых пластин до 5 мм,https://www.averon.ru/upload/iblock/2dc/tnx2e1bx4ykcj2voofoz5i9kgme3izoz.jpg,1,OFFICIAL_BRAND_SHOP_IN_ALMATY,KZ_SKU_EVIDENCE_REQUIRED,https://www.averon.ru/catalog/termoformovanie_/termoformer_1_2_pnevmo/
AVERON-12717,Averon,НПК АВЕРОН,ТЕРМОФОРМЕР 1.2 СТАРТ,12717,12717,1,Оборудование для изготовления протезов / Термоформование,Аппарат для термоформования кап давлением с ручным управлением режимами Толщина формуемых пластин до 5 мм,https://www.averon.ru/upload/iblock/637/fw8by5no3z0qzpah0l84o35u0ybvq8s6.png,1,OFFICIAL_BRAND_SHOP_IN_ALMATY,KZ_SKU_EVIDENCE_REQUIRED,https://www.averon.ru/catalog/termoformovanie_/termoformer_1_2_start/
AVERON-13651,Averon,НПК АВЕРОН,ТЕРМОФОРМЕР 1.2 ТУРБО,13651,13651,1,Оборудование для изготовления протезов / Термоформование,Аппарат для термоформования кап давлением с программным управлением режимами Высокоэффективный нагреватель увеличенной мощности в разы уменьшает время разогрева пластин Толщина формуемых пластин до 5 мм,https://www.averon.ru/upload/iblock/5a6/pwri17ed0k6edgrc0jnc3qbd0wahj98h.jpg,1,OFFICIAL_BRAND_SHOP_IN_ALMATY,KZ_SKU_EVIDENCE_REQUIRED,https://www.averon.ru/catalog/termoformovanie_/termoformer_1_2_turbo/
AVERON-13169,Averon,НПК АВЕРОН,ТИГЕЛЬ 2.0 ЦИРКОН,13169,13169,1,Оборудование для CAD-CAM и 3D-печати,Огнеупорный тигель-чаша без крышки для синтеризации изделий в ЭМП 2.0 ЦИРКОН Размеры: 90 (ширина)×90 (глубина)×30 (высота) мм,https://www.averon.ru/upload/iblock/67a/m7ub9u5syzj28cswz6v7ry1gyieq9sa5.png,1,OFFICIAL_BRAND_SHOP_IN_ALMATY,KZ_SKU_EVIDENCE_REQUIRED,https://www.averon.ru/catalog/oborudovanie_dlya_cad-cam/tigel__2_0_cirkon/
AVERON-2030,Averon,НПК АВЕРОН,ТРЕГЕР 2.0 СОТА,2030,2030,1,Инструменты и принадлежности,Трегер сотовый 60 х 60 мм для электровакуумных печей. Проволока для опорных штифтов.,https://www.averon.ru/upload/iblock/689/1c11mg3dijqdx4x8mhrl7tunhu040bkr.jpg,1,OFFICIAL_BRAND_SHOP_IN_ALMATY,KZ_SKU_EVIDENCE_REQUIRED,https://www.averon.ru/catalog/instrument__i_prinadlejnosti/treger_2_0_sota/
AVERON-2029,Averon,НПК АВЕРОН,ТРЕГЕР 2.1 СОТА,2029,2029,1,Инструменты и принадлежности,Трегер сотовый 60 х 45 мм для электровакуумных печей. Проволока для опорных штифтов.,https://www.averon.ru/upload/iblock/85b/y502rcgkli6afrzoxvkiwfwcx46000th.jpg,1,OFFICIAL_BRAND_SHOP_IN_ALMATY,KZ_SKU_EVIDENCE_REQUIRED,https://www.averon.ru/catalog/instrument__i_prinadlejnosti/treger_2_1_sota/
AVERON-5443,Averon,НПК АВЕРОН,ТРЕГЕР 8.0 ДИСК,5443,5443,1,Инструменты и принадлежности,"Трегер сотовый круглый для ЭВП, диаметр 80 мм. Проволока для опорных штифтов",https://www.averon.ru/upload/iblock/cf0/fd8sbmjl5ncnvti0njtu7ceukq0nkr2r.jpg,1,OFFICIAL_BRAND_SHOP_IN_ALMATY,KZ_SKU_EVIDENCE_REQUIRED,https://www.averon.ru/catalog/instrument__i_prinadlejnosti/treger_8_0_disk/
AVERON-1760,Averon,НПК АВЕРОН,ТРИММЕР 1.0,1760,1760,1,Оборудование для изготовления моделей,"Триммер для ""мокрой"" обработки гипсовых моделей.",https://www.averon.ru/upload/iblock/80e/gae23a1zgbekbmix0vy7wtc0maajp47q.jpg,1,OFFICIAL_BRAND_SHOP_IN_ALMATY,KZ_SKU_EVIDENCE_REQUIRED,https://www.averon.ru/catalog/oborudovanie_dlya_izgotovleniya_modeley/trimmer_1_0/
AVERON-5858,Averon,НПК АВЕРОН,ТРИММЕР 1.0 АРТ,5858,5858,1,Оборудование для изготовления моделей,"Триммер для ""мокрой"" обработки гипсовых моделей. Современный дизайн. В комплекте карборундовый диск",https://www.averon.ru/upload/iblock/a62/dcje5v91unibj09q22tkk52av2bbe7ei.jpg,1,OFFICIAL_BRAND_SHOP_IN_ALMATY,KZ_SKU_EVIDENCE_REQUIRED,https://www.averon.ru/catalog/oborudovanie_dlya_izgotovleniya_modeley/trimmer_1_0_art/
AVERON-9471,Averon,НПК АВЕРОН,ТРИММЕР 1.1 АРТ,9471,9471,1,Оборудование для изготовления моделей,"Триммер для ""мокрой"" обработки гипсовых моделей Двигатель на 2800 об./мин В комплекте опорный диск и 5 абразивных накладок, одна из них установлена на диск",https://www.averon.ru/upload/iblock/2bc/zv5yupqovkgpt2oi6w1l9f0lpn7x7ete.jpg,1,OFFICIAL_BRAND_SHOP_IN_ALMATY,KZ_SKU_EVIDENCE_REQUIRED,https://www.averon.ru/catalog/oborudovanie_dlya_izgotovleniya_modeley/trimmer_1_1_art/
AVERON-12244,Averon,НПК АВЕРОН,ТРИММЕР 1.2 АРТ,12244,12244,1,Оборудование для изготовления моделей,"Триммер для ""мокрой"" обработки гипсовых моделей Двигатель на 2800 об./мин В комплекте опорный диск и 5 абразивных накладок, одна из них установлена на диск",https://www.averon.ru/upload/iblock/798/bpcp0km0yvi6xdgl1xzbwvgxyuicuw27.jpg,1,OFFICIAL_BRAND_SHOP_IN_ALMATY,KZ_SKU_EVIDENCE_REQUIRED,https://www.averon.ru/catalog/oborudovanie_dlya_izgotovleniya_modeley/trimmer_1_2_art/
AVERON-14114,Averon,НПК АВЕРОН,ТРИММЕР 1.2 ПЛЮС,14114,14114,1,Оборудование для изготовления моделей,"Зуботехнический триммер для ""мокрой"" обработки гипсовых моделей Мощность 550 Вт, скорость 2 800 об/мин Встроенное освещение рабочего столика",https://www.averon.ru/upload/iblock/5b1/hvorz3qkdc8pk0xlhetidtmr6yaf1c70.jpg,1,OFFICIAL_BRAND_SHOP_IN_ALMATY,KZ_SKU_EVIDENCE_REQUIRED,https://www.averon.ru/catalog/oborudovanie_dlya_izgotovleniya_modeley/trimmer_1_2_plius/
AVERON-5791,Averon,НПК АВЕРОН,ТРИММЕР 2.0 АРТ,5791,5791,1,Оборудование для изготовления моделей,"Триммер для ""сухой"" обработки гипсовых моделей. Современный дизайн. В комплекте алмазный диск и щетка для очистки диска. Обязательная работа с вытяжкой",https://www.averon.ru/upload/iblock/e02/3vu18ycbvbksoc6tn18v2x4lq0600wll.jpg,1,OFFICIAL_BRAND_SHOP_IN_ALMATY,KZ_SKU_EVIDENCE_REQUIRED,https://www.averon.ru/catalog/oborudovanie_dlya_izgotovleniya_modeley/trimmer_2_0_art/
AVERON-4239,Averon,НПК АВЕРОН,ТРИММЕР 2.1,4239,4239,1,Оборудование для изготовления моделей,"Триммер для ""сухой"" обработки гипсовых моделей. Алмазный диск.",https://www.averon.ru/upload/iblock/401/y717jyw8lr9ywqn8em902q4optpt6y88.jpg,1,OFFICIAL_BRAND_SHOP_IN_ALMATY,KZ_SKU_EVIDENCE_REQUIRED,https://www.averon.ru/catalog/oborudovanie_dlya_izgotovleniya_modeley/trimmer_2_1/
AVERON-9825,Averon,НПК АВЕРОН,ТРИММЕР 2.1 АРТ,9825,9825,1,Оборудование для изготовления моделей,"Триммер для ""сухой"" обработки гипсовых моделей Скорость 2800 об.\мин В комплекте алмазный диск",https://www.averon.ru/upload/iblock/884/hu58kwo19xuxoexd8zd5zeezxkx64jtd.jpg,1,OFFICIAL_BRAND_SHOP_IN_ALMATY,KZ_SKU_EVIDENCE_REQUIRED,https://www.averon.ru/catalog/oborudovanie_dlya_izgotovleniya_modeley/trimmer_2_1_art/
AVERON-12245,Averon,НПК АВЕРОН,ТРИММЕР 2.2 АРТ,12245,12245,1,Оборудование для изготовления моделей,"Триммер для сухой обработки гипсовых моделей Скорость 2800 об\мин, в комплекте алмазный диск",https://www.averon.ru/upload/iblock/5ad/ln7c9o6xhr9qw1pgi19gnvcp8hrx81vo.jpg,1,OFFICIAL_BRAND_SHOP_IN_ALMATY,KZ_SKU_EVIDENCE_REQUIRED,https://www.averon.ru/catalog/oborudovanie_dlya_izgotovleniya_modeley/trimmer_2_2_art/
AVERON-14378,Averon,НПК АВЕРОН,ТРИММЕР 2.2 ПЛЮС,14378,14378,1,Оборудование для изготовления моделей,"Зуботехнический триммер для ""сухой"" обработки гипсовых моделей Мощность 550 Вт, скорость 2 800 об/мин Встроенное освещение рабочего столика В комплекте алмазный диск",https://www.averon.ru/upload/iblock/f6e/ujxon8lfdv0ynwe5o3b28y1yogf0nr2u.jpg,1,OFFICIAL_BRAND_SHOP_IN_ALMATY,KZ_SKU_EVIDENCE_REQUIRED,https://www.averon.ru/catalog/oborudovanie_dlya_izgotovleniya_modeley/trimmer_2_2_plius/
AVERON-1932,Averon,НПК АВЕРОН,ТРОЙНИК 6.0 ГАЙКА,1932,1932,1,"Cтолы, светильники, вытяжки, боксы / Пневматика для рабочих мест",Фитинг-тройник с накидными гайками для трубки Ø 6/4 мм,https://www.averon.ru/upload/iblock/cfb/grm7qiy52soipn2mpcse6jzu431jqc3g.jpg,1,OFFICIAL_BRAND_SHOP_IN_ALMATY,KZ_SKU_EVIDENCE_REQUIRED,https://www.averon.ru/catalog/elektron_ustroystva_dlya_rabochih_mest/troinik_6_0_gaika/
AVERON-1933,Averon,НПК АВЕРОН,ТРОЙНИК 6.0 ЦАНГА,1933,1933,1,"Cтолы, светильники, вытяжки, боксы / Пневматика для рабочих мест","Фитинг-тройник, цанговые зажимы под трубку Ø 6 мм",https://www.averon.ru/upload/iblock/3ed/02cfbx8xoei9su3h0kgk2yhu8kwfwy9l.jpg,1,OFFICIAL_BRAND_SHOP_IN_ALMATY,KZ_SKU_EVIDENCE_REQUIRED,https://www.averon.ru/catalog/elektron_ustroystva_dlya_rabochih_mest/troinik_6_0_tsanga/
AVERON-1930,Averon,НПК АВЕРОН,ТРОЙНИК 8.0 ГАЙКА,1930,1930,1,"Cтолы, светильники, вытяжки, боксы / Пневматика для рабочих мест",Фитинг-тройник с накидными гайками для трубки d 8/6 мм.,https://www.averon.ru/upload/iblock/394/s715kqej4717ak84pgap7sy5xhcn42zt.jpg,1,OFFICIAL_BRAND_SHOP_IN_ALMATY,KZ_SKU_EVIDENCE_REQUIRED,https://www.averon.ru/catalog/elektron_ustroystva_dlya_rabochih_mest/troinik_8_0_gaika/
AVERON-1931,Averon,НПК АВЕРОН,ТРОЙНИК 8.0 ЦАНГА,1931,1931,1,"Cтолы, светильники, вытяжки, боксы / Пневматика для рабочих мест",Фитинг-тройник с цангами под трубку d 8 мм.,https://www.averon.ru/upload/iblock/6fb/t31oyjet32jqdag9py4jxjmw3a2kebel.jpg,1,OFFICIAL_BRAND_SHOP_IN_ALMATY,KZ_SKU_EVIDENCE_REQUIRED,https://www.averon.ru/catalog/elektron_ustroystva_dlya_rabochih_mest/troinik_8_0_tsanga/
AVERON-14549,Averon,НПК АВЕРОН,ТРУБА 40.0 ПЛЮС,14549,14549,1,"Cтолы, светильники, вытяжки, боксы / Системы БРИДЖ и ВЕРТИКАЛЬ для столов МАСТЕР, ЭЛЕМЕНТ, СУЛ 9.3. Произвольные конфигурации рабочих мест / Система хранения ВЕРТИКАЛЬ",Удлинитель на 40 см стойки-трубы светильников серии ЛЮКС 1.1 ХХХХ Позволяет комфортно регулировать в широком диапазоне положение высоты плафона светильника,https://www.averon.ru/upload/iblock/1a8/xuk33wv4r4ge21xa78arvt984oc8vgtz.png,1,OFFICIAL_BRAND_SHOP_IN_ALMATY,KZ_SKU_EVIDENCE_REQUIRED,https://www.averon.ru/catalog/sistema_elementov_vertikal_/truba_40_0_plius/
AVERON-2848,Averon,НПК АВЕРОН,ТРУБА 80.0,2848,2848,1,"Cтолы, светильники, вытяжки, боксы / Системы БРИДЖ и ВЕРТИКАЛЬ для столов МАСТЕР, ЭЛЕМЕНТ, СУЛ 9.3. Произвольные конфигурации рабочих мест / Система хранения ВЕРТИКАЛЬ",Основной элемент многоуровневой системы хранения ВЕРТИКАЛЬ Стойка-труба Ø 25 мм и общей длиной 800 мм,https://www.averon.ru/upload/iblock/137/ujmuh4tk8j264ih48vnsob5xc9n6px1o.png,1,OFFICIAL_BRAND_SHOP_IN_ALMATY,KZ_SKU_EVIDENCE_REQUIRED,https://www.averon.ru/catalog/sistema_elementov_vertikal_/truba_80_0/
AVERON-13166,Averon,НПК АВЕРОН,ТРУБКА 6.м ПНЕВМО,13166,13166,1,"Cтолы, светильники, вытяжки, боксы / Пневматика для рабочих мест",Полиуретановая трубка для подключения пневматических устройств,https://www.averon.ru/upload/iblock/f39/fu8olm5c0mssys3ww094d997gddu3djv.png,1,OFFICIAL_BRAND_SHOP_IN_ALMATY,KZ_SKU_EVIDENCE_REQUIRED,https://www.averon.ru/catalog/elektron_ustroystva_dlya_rabochih_mest/trubka_6_m_pnevmo/
AVERON-1927,Averon,НПК АВЕРОН,ТРУБКА 8.м ПНЕВМО,1927,1927,1,"Cтолы, светильники, вытяжки, боксы / Пневматика для рабочих мест",Полиуретановая трубка для подключения пневматических устройств,https://www.averon.ru/upload/iblock/3f6/1x4b6n1xnunnw19dflbwzxnitcmp2dg5.jpg,1,OFFICIAL_BRAND_SHOP_IN_ALMATY,KZ_SKU_EVIDENCE_REQUIRED,https://www.averon.ru/catalog/elektron_ustroystva_dlya_rabochih_mest/trubka_8_0_pnevmo/
AVERON-1660,Averon,НПК АВЕРОН,ТС 1.0,1660,1660,1,Пескоструйные аппараты / Система АСОЗ ПЛЮС,Сопло твердосплавное ø 1 мм,https://www.averon.ru/upload/iblock/1c2/niupt10p9lil8e2j1t0ek98mz3yugcn5.png,1,OFFICIAL_BRAND_SHOP_IN_ALMATY,KZ_SKU_EVIDENCE_REQUIRED,https://www.averon.ru/catalog/system_asoz_plus/ts_1_0/
AVERON-1661,Averon,НПК АВЕРОН,ТС 1.5,1661,1661,1,Пескоструйные аппараты / Система АСОЗ ПЛЮС,Сопло твердосплавное ø 1.5 мм,https://www.averon.ru/upload/iblock/63f/nk6vti47jknk9tx32enu2ckehij5mg8s.png,1,OFFICIAL_BRAND_SHOP_IN_ALMATY,KZ_SKU_EVIDENCE_REQUIRED,https://www.averon.ru/catalog/system_asoz_plus/ts_1_5/
AVERON-1659,Averon,НПК АВЕРОН,ТС 2.0 М,1659,1659,1,Пескоструйные аппараты / Система АСОЗ ПЛЮС,Сопло твердосплавное ø 2 мм,https://www.averon.ru/upload/iblock/418/w2ly27tqrug8c1ty8z3kt0hueggtkrts.jpg,1,OFFICIAL_BRAND_SHOP_IN_ALMATY,KZ_SKU_EVIDENCE_REQUIRED,https://www.averon.ru/catalog/system_asoz_plus/ts_2_0_m/
AVERON-1662,Averon,НПК АВЕРОН,ТС 3.0 М,1662,1662,1,Пескоструйные аппараты / Система АСОЗ ПЛЮС,Сопло твердосплавное ø 3 мм,https://www.averon.ru/upload/iblock/2f2/5rdc7a88sjid4djj1kze84becuvd6i8m.jpg,1,OFFICIAL_BRAND_SHOP_IN_ALMATY,KZ_SKU_EVIDENCE_REQUIRED,https://www.averon.ru/catalog/system_asoz_plus/ts_3_0_m/
AVERON-1801,Averon,НПК АВЕРОН,ТУМБА 1.1 М,1801,1801,1,"Cтолы, светильники, вытяжки, боксы / Столы зубного техника на платформе СЗТ 4.3. Стулья. Элементы системы хранения","Мобильная тумба в металлическом исполнении для организации хранения инструментов, материалов.",https://www.averon.ru/upload/iblock/76c/hvyz08zj5rnbr29gvjnv3tofuoe8c3ld.jpg,1,OFFICIAL_BRAND_SHOP_IN_ALMATY,KZ_SKU_EVIDENCE_REQUIRED,https://www.averon.ru/catalog/stol_serii_master_element_sistem_hraneniya_stulya/tumba_1_1_m/
AVERON-5547,Averon,НПК АВЕРОН,ТУМБА 1.2,5547,5547,1,"Cтолы, светильники, вытяжки, боксы / Столы зубного техника на платформе СЗТ 4.3. Стулья. Элементы системы хранения / Элементы системы хранения",Многофункциональная мобильная тумба - платформа для организации систем хранения и рабочих мест оборудования общего пользования,https://www.averon.ru/upload/iblock/6a0/leote5qc6090t82rwomqhxvwie4wa6gw.png,1,OFFICIAL_BRAND_SHOP_IN_ALMATY,KZ_SKU_EVIDENCE_REQUIRED,https://www.averon.ru/catalog/element_sistem_hraneniya/tumba_1_2/
AVERON-5349,Averon,НПК АВЕРОН,УЗР 3.0 М КАСТ Н,5349,5349,1,Уцененное оборудование,Отрезной станок с диском.,https://www.averon.ru/upload/iblock/630/ycr7l1u0tv9qtmj3jhs02d3h98i845yi.jpg,1,OFFICIAL_BRAND_SHOP_IN_ALMATY,KZ_SKU_EVIDENCE_REQUIRED,https://www.averon.ru/catalog/ucenyonnoe_oborudovanie/uzr_3_0_m_kast_n/
AVERON-5310,Averon,НПК АВЕРОН,УЗР 3.1 КАСТ,5310,5310,1,Литейное оборудование,Станок для механической обрезки и обработки литников.,https://www.averon.ru/upload/iblock/776/mtvw8nnx278qgffq2jpx4tbhriaeje06.jpg,1,OFFICIAL_BRAND_SHOP_IN_ALMATY,KZ_SKU_EVIDENCE_REQUIRED,https://www.averon.ru/catalog/liteynoe_oborudovanie/uzr_3_1_kast/
AVERON-5474,Averon,НПК АВЕРОН,УЗР 3.1 КАСТ Н,5474,5474,1,Уцененное оборудование,Станок для механической обрезки и обработки литников.,https://www.averon.ru/upload/iblock/3d7/72uwpy9xs8ji1f06xkh2gxq5k347ejwg.jpg,1,OFFICIAL_BRAND_SHOP_IN_ALMATY,KZ_SKU_EVIDENCE_REQUIRED,https://www.averon.ru/catalog/ucenyonnoe_oborudovanie/uzr_3_1_kast_n/
AVERON-1759,Averon,НПК АВЕРОН,УЗС 3.1 ПИН АРТ,1759,1759,1,Оборудование для изготовления моделей,Станок для сверления отверстий под пины,https://www.averon.ru/upload/iblock/a07/gtdc0dhi74p8w23ebldgiuq8vm8oqpdl.jpg,1,OFFICIAL_BRAND_SHOP_IN_ALMATY,KZ_SKU_EVIDENCE_REQUIRED,https://www.averon.ru/catalog/oborudovanie_dlya_izgotovleniya_modeley/uzs_3_1_pin_art/
AVERON-13197,Averon,НПК АВЕРОН,УЗС 3.2 ПИН АРТ Н,13197,13197,1,Уцененное оборудование,Станок для сверления отверстий под пины для изготовления разборных моделей,https://www.averon.ru/upload/iblock/e89/s1hlsate06154hu4m6028hpcjj8371xd.jpg,1,OFFICIAL_BRAND_SHOP_IN_ALMATY,KZ_SKU_EVIDENCE_REQUIRED,https://www.averon.ru/catalog/ucenyonnoe_oborudovanie/uzs_3_2_pin_art_n/
AVERON-14550,Averon,НПК АВЕРОН,УЗС 3.2 ПИН М,14550,14550,1,Новинки / Оборудование для изготовления моделей,Станок для сверления отверстий под пины для изготовления разборных моделей Современный обновлённый дизайн,https://www.averon.ru/upload/iblock/cbc/7tb06aohqbalzka5eus4d80oakrdma82.jpg,1,OFFICIAL_BRAND_SHOP_IN_ALMATY,KZ_SKU_EVIDENCE_REQUIRED,https://www.averon.ru/catalog/equipment-for-making-models/uzs_3_2_pin_m/
AVERON-1770,Averon,НПК АВЕРОН,УЛК 1.0 ВЕРСИЯ АРТ,1770,1770,1,Литейное оборудование,"Компрессионная литейная установка. Плавка металла в вакууме, литье под давлением",https://www.averon.ru/upload/iblock/cfa/ijloh2ukczjrl8ulttjoddvog29yft5m.jpg,1,OFFICIAL_BRAND_SHOP_IN_ALMATY,KZ_SKU_EVIDENCE_REQUIRED,https://www.averon.ru/catalog/liteynoe_oborudovanie/ulk_1_0_versiya_art/
AVERON-13377,Averon,НПК АВЕРОН,УЛК 1.1 ВЕРСИЯ АРТ,13377,13377,1,Литейное оборудование,Компрессионная литейная установка для плавки металла в вакууме и литья под давлением,https://www.averon.ru/upload/iblock/785/qwepnp3pn9rk4t6uy4yhteg03a22ixay.png,1,OFFICIAL_BRAND_SHOP_IN_ALMATY,KZ_SKU_EVIDENCE_REQUIRED,https://www.averon.ru/catalog/liteynoe_oborudovanie/ulk_1_1_versiya_art/
AVERON-1771,Averon,НПК АВЕРОН,УЛП 1.0 ВУЛКАН АРТ,1771,1771,1,Литейное оборудование,Индукционная центробежная литейная установка. Литье от 10 до 100 г,https://www.averon.ru/upload/iblock/975/6njsg3abpw99b18h45nb4hsosrn3fkjj.jpg,1,OFFICIAL_BRAND_SHOP_IN_ALMATY,KZ_SKU_EVIDENCE_REQUIRED,https://www.averon.ru/catalog/liteynoe_oborudovanie/ulp_1_0_vulkan_art/
AVERON-14104,Averon,НПК АВЕРОН,УЛП 1.0 ВУЛКАН АРТ Н,14104,14104,1,Уцененное оборудование,Индукционная центробежная литейная установка. Литье от 10 до 100 г,https://www.averon.ru/upload/iblock/059/c1v9nei4rlzi1u3in10ymb43u5991tox.jpg,1,OFFICIAL_BRAND_SHOP_IN_ALMATY,KZ_SKU_EVIDENCE_REQUIRED,https://www.averon.ru/catalog/ucenyonnoe_oborudovanie/ulp_1_0_vulkan_art_n/
AVERON-1692,Averon,НПК АВЕРОН,УНИ 2.0 КОМБИ,1692,1692,1,Устройства для моделирования восками,Индукционный нагреватель инструмента + электрошпатель с цифровой индикацией (ЭШЗ 2.0 НЬЮ).,https://www.averon.ru/upload/iblock/977/lak7i6lbmz61evm495i1wawqs3lyz1p8.jpg,1,OFFICIAL_BRAND_SHOP_IN_ALMATY,KZ_SKU_EVIDENCE_REQUIRED,https://www.averon.ru/catalog/ustroistva_modelirovaniya_voskami/uni_2_0_kombi/
AVERON-1695,Averon,НПК АВЕРОН,УНИ 2.0 МОДИС,1695,1695,1,Устройства для моделирования восками,Индукционный нагреватель инструмента. Эффективная альтернатива газовым горелкам и спиртовкам,https://www.averon.ru/upload/iblock/589/j14fihxppxq1y69hcme45ai9arbrx0xx.jpg,1,OFFICIAL_BRAND_SHOP_IN_ALMATY,KZ_SKU_EVIDENCE_REQUIRED,https://www.averon.ru/catalog/ustroistva_modelirovaniya_voskami/uni_2_0_modis/
AVERON-1646,Averon,НПК АВЕРОН,УП 2.0,1646,1646,1,Фрезеры зуботехнические,Устройство для переноса коронок с модели на фрезерный цоколь.,https://www.averon.ru/upload/iblock/77a/o5je34jfvvmre16b4cjzjrazit3g1i23.jpg,1,OFFICIAL_BRAND_SHOP_IN_ALMATY,KZ_SKU_EVIDENCE_REQUIRED,https://www.averon.ru/catalog/frezera_zubotehnicheskie/up_2_0/
AVERON-9499,Averon,НПК АВЕРОН,УПЗ 1.2 СТАЙЕР НЬЮ,9499,9499,1,"Cтолы, светильники, вытяжки, боксы / Автономные вытяжки для работы с пылью, газами и для CAD-CAM систем. Циклоны, прочие фильтры","Мобильная вытяжка с бесщеточным агрегатом для рабочих мест индивидуального и общего пользования, в том числе для CAD-CAM систем Современный дизайн в вертикальном моноблочном корпусе",https://www.averon.ru/upload/iblock/51c/bwqob0c3g4qqz6m0rm25uqpknk4no4zl.png,1,OFFICIAL_BRAND_SHOP_IN_ALMATY,KZ_SKU_EVIDENCE_REQUIRED,https://www.averon.ru/catalog/vtyajki_dlya_rabot_s_pliu_i_s_gazom_vtyajki_so_vstroennm_ciklonom/upz_1_2_stayer_n_iu/
AVERON-8869,Averon,НПК АВЕРОН,УПЗ 1.2 СТАЙЕР ПЛЮС,8869,8869,1,"Cтолы, светильники, вытяжки, боксы / Автономные вытяжки для работы с пылью, газами и для CAD-CAM систем. Циклоны, прочие фильтры",Мобильная вытяжка с бесщеточным агрегатом для рабочих мест индивидуального и общего пользованияНепрерывный режим работыОптимален для CАD-CAM систем,https://www.averon.ru/upload/iblock/289/i8m47qhdhe1alk7ztct4xco98wpla5ml.jpg,1,OFFICIAL_BRAND_SHOP_IN_ALMATY,KZ_SKU_EVIDENCE_REQUIRED,https://www.averon.ru/catalog/vtyajki_dlya_rabot_s_pliu_i_s_gazom_vtyajki_so_vstroennm_ciklonom/upz_1_2_stayer_plius/
AVERON-14637,Averon,НПК АВЕРОН,УПЗ 1.3 КАМ АРТ,14637,14637,1,"Cтолы, светильники, вытяжки, боксы / Автономные вытяжки для работы с пылью, газами и для CAD-CAM систем. Циклоны, прочие фильтры / Бесщеточные (бесколлекторные) вытяжные системы для CAD-CAM и для индивидуальных и общих рабочих мест. Серия УПЗ 1.3 СТАЙЕР","Многофункциональная зуботехническая вытяжка для САМ систем Вертикальное исполнение Встроенный циклон, мешковый и предмоторный фильтры, бесщеточный агрегат Продолжительный режим работы, комфортный уровень шума Управление от встроенного пульта или мобильного приложения Для лабораторий и врачебных кабинетов",https://www.averon.ru/upload/iblock/210/0fh1pwvqxdf99t5nuh8f8qyghlmrzzs5.png,1,OFFICIAL_BRAND_SHOP_IN_ALMATY,KZ_SKU_EVIDENCE_REQUIRED,https://www.averon.ru/catalog/besshaetoch_beskollektor_v_tyaj_sistem_dlya_cad-cam__i_dlya_individual_n_h_i_obshaih_rabochih_mest_seriya_upz_1_3_stayer/upz_1_3_kam_art/
AVERON-14638,Averon,НПК АВЕРОН,УПЗ 1.3 КАРБОН,14638,14638,1,"Cтолы, светильники, вытяжки, боксы / Автономные вытяжки для работы с пылью, газами и для CAD-CAM систем. Циклоны, прочие фильтры / Бесщеточные (бесколлекторные) вытяжные системы для CAD-CAM и для индивидуальных и общих рабочих мест. Серия УПЗ 1.3 СТАЙЕР",Автономная вытяжка для нейтрализации острых запахов в зуботехнических лабораториях Продолжительный режим работы Совместно с АМФ 1.0 НЬЮ АРТ может работать для удаления пыли в составе рабочих мест индивидуального и общего пользования,https://www.averon.ru/upload/iblock/a07/rg0p8fm2z6pucwpoet6p12qpzfft6pdy.png,1,OFFICIAL_BRAND_SHOP_IN_ALMATY,KZ_SKU_EVIDENCE_REQUIRED,https://www.averon.ru/catalog/besshaetoch_beskollektor_v_tyaj_sistem_dlya_cad-cam__i_dlya_individual_n_h_i_obshaih_rabochih_mest_seriya_upz_1_3_stayer/upz_1_3_karbon/
AVERON-13442,Averon,НПК АВЕРОН,УПЗ 1.3 СТАЙЕР КАМ,13442,13442,1,"Cтолы, светильники, вытяжки, боксы / Автономные вытяжки для работы с пылью, газами и для CAD-CAM систем. Циклоны, прочие фильтры / Бесщеточные (бесколлекторные) вытяжные системы для CAD-CAM и для индивидуальных и общих рабочих мест. Серия УПЗ 1.3 СТАЙЕР",Специализированная двухмодульная вытяжная система для CAD-CAM оборудования Продолжительный режим работы при комфортном уровне шума,https://www.averon.ru/upload/iblock/eea/41bdno8itb51fdp61c7z1rzb0qdeb5qm.png,1,OFFICIAL_BRAND_SHOP_IN_ALMATY,KZ_SKU_EVIDENCE_REQUIRED,https://www.averon.ru/catalog/besshaetoch_beskollektor_v_tyaj_sistem_dlya_cad-cam__i_dlya_individual_n_h_i_obshaih_rabochih_mest_seriya_upz_1_3_stayer/upz_1_3_stayer_kam/
AVERON-13097,Averon,НПК АВЕРОН,УПЗ 1.3 СТАЙЕР ПЛЮС,13097,13097,1,"Cтолы, светильники, вытяжки, боксы / Автономные вытяжки для работы с пылью, газами и для CAD-CAM систем. Циклоны, прочие фильтры / Бесщеточные (бесколлекторные) вытяжные системы для CAD-CAM и для индивидуальных и общих рабочих мест. Серия УПЗ 1.3 СТАЙЕР","Мобильная бесщёточная вытяжка для CAD-CAM систем, для рабочих мест индивидуального и общего пользования",https://www.averon.ru/upload/iblock/504/4td8ueltkodlfy6l1cyj9ya20g1ubmcf.png,1,OFFICIAL_BRAND_SHOP_IN_ALMATY,KZ_SKU_EVIDENCE_REQUIRED,https://www.averon.ru/catalog/besshaetoch_beskollektor_v_tyaj_sistem_dlya_cad-cam__i_dlya_individual_n_h_i_obshaih_rabochih_mest_seriya_upz_1_3_stayer/upz_1_3_stayer_plius/
AVERON-9496,Averon,НПК АВЕРОН,УПЗ 5.0 АРТ СТАРТ,9496,9496,1,"Cтолы, светильники, вытяжки, боксы / Автономные вытяжки для работы с пылью, газами и для CAD-CAM систем. Циклоны, прочие фильтры / Щеточные (коллекторные) вытяжные системы для индивидуальных и общих рабочих мест. Серии УПЗ 5.0 и УПЗ 7.2",Мобильная вытяжка для рабочих мест индивидуального и общего пользования Без выносного регулятора мощности Горизонтальное исполнение,https://www.averon.ru/upload/iblock/c72/5sf93pofgebb5yd9umbbzfw0btr6qq3m.png,1,OFFICIAL_BRAND_SHOP_IN_ALMATY,KZ_SKU_EVIDENCE_REQUIRED,https://www.averon.ru/catalog/shaetoch_kollektor_v_tyaj_sistem__dlya_individual_n_h_i_obshaih_rabochih_mest_serii_upz_5_0_i_upz_7_2/upz_5_0_art_start/
AVERON-4429,Averon,НПК АВЕРОН,УПЗ 5.0 НЬЮ,4429,4429,1,"Cтолы, светильники, вытяжки, боксы / Автономные вытяжки для работы с пылью, газами и для CAD-CAM систем. Циклоны, прочие фильтры",Мобильная вытяжка для рабочих мест индивидуального и общего пользования,https://www.averon.ru/upload/iblock/fd3/4ac6voyuver7zqmpg8hjwded9hkqr2rk.jpg,1,OFFICIAL_BRAND_SHOP_IN_ALMATY,KZ_SKU_EVIDENCE_REQUIRED,https://www.averon.ru/catalog/vtyajki_dlya_rabot_s_pliu_i_s_gazom_vtyajki_so_vstroennm_ciklonom/upz_5_0_n__iu/
AVERON-14565,Averon,НПК АВЕРОН,УПЗ 5.0 НЬЮ АРТ,14565,14565,1,"Cтолы, светильники, вытяжки, боксы / Автономные вытяжки для работы с пылью, газами и для CAD-CAM систем. Циклоны, прочие фильтры / Щеточные (коллекторные) вытяжные системы для индивидуальных и общих рабочих мест. Серии УПЗ 5.0 и УПЗ 7.2",Мобильная автономная вытяжка для рабочих мест индивидуального и общего пользования в зуботехнических лабораториях Вертикальное исполнение Требуется внешний регулятор мощности,https://www.averon.ru/upload/iblock/606/a8m35r6b9rmgx3gmzbt0vsn2r72lvq10.jpg,1,OFFICIAL_BRAND_SHOP_IN_ALMATY,KZ_SKU_EVIDENCE_REQUIRED,https://www.averon.ru/catalog/shaetoch_kollektor_v_tyaj_sistem__dlya_individual_n_h_i_obshaih_rabochih_mest_serii_upz_5_0_i_upz_7_2/upz_5_0_n_iu_art/
AVERON-9490,Averon,НПК АВЕРОН,УПЗ 5.0 НЬЮ СТАРТ,9490,9490,1,"Cтолы, светильники, вытяжки, боксы / Автономные вытяжки для работы с пылью, газами и для CAD-CAM систем. Циклоны, прочие фильтры / Щеточные (коллекторные) вытяжные системы для индивидуальных и общих рабочих мест. Серии УПЗ 5.0 и УПЗ 7.2 / УПЗ 1.3 КАМ АРТ / УПЗ 1.3 СТАЙЕР КАМ / УПЗ 1.3 СТАЙЕР ПЛЮС / УПЗ 7.2 НЬЮ СТАРТ / УПЗ 7.2 СТАРТ / УПЗ 5.0 АРТ СТАРТ",Мобильная вытяжка для рабочих мест индивидуального и общего пользования Без выносного регулятора мощности Вертикальное исполнение,https://www.averon.ru/upload/iblock/12c/9a9gf4wngupxnqi4q229wtina7h1weev.png,1,OFFICIAL_BRAND_SHOP_IN_ALMATY,KZ_SKU_EVIDENCE_REQUIRED,https://www.averon.ru/catalog/shaetoch_kollektor_v_tyaj_sistem__dlya_individual_n_h_i_obshaih_rabochih_mest_serii_upz_5_0_i_upz_7_2/upz_5_0_n_iu_start/
AVERON-2099,Averon,НПК АВЕРОН,УПЗ 7.2 ДЕСК МАСТЕР,2099,2099,1,"Cтолы, светильники, вытяжки, боксы / Мобильные столы на платформах ДРИМ, ШТАТИВ АРТ, УПЗ 7.2. Подкатные столики СПП / Платформа УПЗ 7.2. Рабочие места общего назначения",Закрытое рабочее место для работ с бормашиной и пластмассами.,https://www.averon.ru/upload/iblock/4e7/5dde6fxo8662c3j7okgwu0zzebs2nl3s.jpg,1,OFFICIAL_BRAND_SHOP_IN_ALMATY,KZ_SKU_EVIDENCE_REQUIRED,https://www.averon.ru/catalog/platforma_upz_7_2_individual__i_obshaie_rabochie_mesta/upz_72_desk_master/
AVERON-2098,Averon,НПК АВЕРОН,УПЗ 7.2 ДЕСК СТАРТ,2098,2098,1,"Cтолы, светильники, вытяжки, боксы / Мобильные столы на платформах ДРИМ, ШТАТИВ АРТ, УПЗ 7.2. Подкатные столики СПП / Платформа УПЗ 7.2. Рабочие места общего назначения",Открытое рабочее место для работы с бормашиной.,https://www.averon.ru/upload/iblock/d94/d8rhqd0ceyzl2ij4h93ku4q71uhflrvp.jpg,1,OFFICIAL_BRAND_SHOP_IN_ALMATY,KZ_SKU_EVIDENCE_REQUIRED,https://www.averon.ru/catalog/platforma_upz_7_2_individual__i_obshaie_rabochie_mesta/upz_72_desk_start/
AVERON-7270,Averon,НПК АВЕРОН,УПЗ 7.2 КАСТ,7270,7270,1,"Cтолы, светильники, вытяжки, боксы / Мобильные столы на платформах ДРИМ, ШТАТИВ АРТ, УПЗ 7.2. Подкатные столики СПП / Платформа УПЗ 7.2. Рабочие места общего назначения",Мобильное рабочее место. Для пескоструйной обработки в литейных лабораториях Состав: УПЗ 7.2 НЬЮ СТАРТ + БРМ 1.0 НЬЮ + АСОЗ 1.1 АРТ КАСТ,https://www.averon.ru/upload/iblock/4f5/7iiqviwsdf0ujmb3s52woo9lrynxrna6.png,1,OFFICIAL_BRAND_SHOP_IN_ALMATY,KZ_SKU_EVIDENCE_REQUIRED,https://www.averon.ru/catalog/platforma_upz_7_2_individual__i_obshaie_rabochie_mesta/upz_7_2_kast/
AVERON-9465,Averon,НПК АВЕРОН,УПЗ 7.2 НЬЮ СТАРТ,9465,9465,1,"Cтолы, светильники, вытяжки, боксы / Автономные вытяжки для работы с пылью, газами и для CAD-CAM систем. Циклоны, прочие фильтры / Щеточные (коллекторные) вытяжные системы для индивидуальных и общих рабочих мест. Серии УПЗ 5.0 и УПЗ 7.2","Многофункциональная зуботехническая вытяжка со встроенным циклоном и мини-столешницей Эффективное рабочее место как индивидуального, так и общего пользования Для лабораторий и врачебных кабинетов",https://www.averon.ru/upload/iblock/00a/67vz2scrami7jkua2qpqse3wdbe2j4dt.png,1,OFFICIAL_BRAND_SHOP_IN_ALMATY,KZ_SKU_EVIDENCE_REQUIRED,https://www.averon.ru/catalog/shaetoch_kollektor_v_tyaj_sistem__dlya_individual_n_h_i_obshaih_rabochih_mest_serii_upz_5_0_i_upz_7_2/upz_7_2_n_iu_start/
AVERON-5307,Averon,НПК АВЕРОН,УПЗ 7.2 ПОЛИР,5307,5307,1,"Cтолы, светильники, вытяжки, боксы / Мобильные столы на платформах ДРИМ, ШТАТИВ АРТ, УПЗ 7.2. Подкатные столики СПП / Платформа УПЗ 7.2. Рабочие места общего назначения","Мобильное рабочее место для обработки любых (металл, акрил, нейлон) зуботехнических протезов",https://www.averon.ru/upload/iblock/867/28y7edie3bcbrgltq6eqomekr8spj406.png,1,OFFICIAL_BRAND_SHOP_IN_ALMATY,KZ_SKU_EVIDENCE_REQUIRED,https://www.averon.ru/catalog/platforma_upz_7_2_individual__i_obshaie_rabochie_mesta/upz_7_2_polir/
AVERON-3673,Averon,НПК АВЕРОН,УПЗ 7.2 СИМПЛ,3673,3673,1,"Cтолы, светильники, вытяжки, боксы / Автономные вытяжки для работы с пылью, газами и для CAD-CAM систем. Циклоны, прочие фильтры",Вытяжка УПЗ 5.0 НЬЮ + циклон АФЦ 1.0 НЬЮ.,https://www.averon.ru/upload/iblock/c96/rm1o3peufdgwbrstmjxi0t681xkuaszw.jpg,1,OFFICIAL_BRAND_SHOP_IN_ALMATY,KZ_SKU_EVIDENCE_REQUIRED,https://www.averon.ru/catalog/vtyajki_dlya_rabot_s_pliu_i_s_gazom_vtyajki_so_vstroennm_ciklonom/upz_7_2_simpl/
AVERON-9295,Averon,НПК АВЕРОН,УПЗ 7.2 СТАРТ,9295,9295,1,"Cтолы, светильники, вытяжки, боксы / Автономные вытяжки для работы с пылью, газами и для CAD-CAM систем. Циклоны, прочие фильтры / Щеточные (коллекторные) вытяжные системы для индивидуальных и общих рабочих мест. Серии УПЗ 5.0 и УПЗ 7.2","Облегченная версия популярного УПЗ 7.2 НЬЮ СТАРТ Многофункциональная зуботехническая вытяжка с мини-столешницей, вместо встроенного циклона отсек для хранения",https://www.averon.ru/upload/iblock/0da/e6buozydq4pqaure0zhhc5334vort1zp.png,1,OFFICIAL_BRAND_SHOP_IN_ALMATY,KZ_SKU_EVIDENCE_REQUIRED,https://www.averon.ru/catalog/shaetoch_kollektor_v_tyaj_sistem__dlya_individual_n_h_i_obshaih_rabochih_mest_serii_upz_5_0_i_upz_7_2/upz_7_2_start/
AVERON-2100,Averon,НПК АВЕРОН,УПЗ 7.2 СЭНД,2100,2100,1,"Cтолы, светильники, вытяжки, боксы / Мобильные столы на платформах ДРИМ, ШТАТИВ АРТ, УПЗ 7.2. Подкатные столики СПП / Платформа УПЗ 7.2. Рабочие места общего назначения",Мобильное рабочее место для пескоструйной обработки Состав: УПЗ 7.2 НЬЮ СТАРТ + БРМ 1.0 НЬЮ + АСОЗ 5.2 НЬЮ + ПОЛКА 7.2 НАДСТРОЙКА + НАДСТРОЙКА 1.0 ТУМБА + ВОРОНКА 1.0 АСОЗ + КОНТЕЙНЕР 1.0 СИТО,https://www.averon.ru/upload/iblock/46d/qn3s4xqzx832iq18zflri1edl82xf2tx.png,1,OFFICIAL_BRAND_SHOP_IN_ALMATY,KZ_SKU_EVIDENCE_REQUIRED,https://www.averon.ru/catalog/platforma_upz_7_2_individual__i_obshaie_rabochie_mesta/upz_72_send/
AVERON-2919,Averon,НПК АВЕРОН,УПЗ 7.2 ТРИММЕР,2919,2919,1,"Cтолы, светильники, вытяжки, боксы / Мобильные столы на платформах ДРИМ, ШТАТИВ АРТ, УПЗ 7.2. Подкатные столики СПП / Платформа УПЗ 7.2. Рабочие места общего назначения",Комплексное рабочее место для сухой обработки гипсовых моделей Состав: ТРИММЕР 2.2 ПЛЮС + УПЗ 7.2 НЬЮ СТАРТ,https://www.averon.ru/upload/iblock/420/z5vc8kpoyua9f97fcvxsrd97bjs6nki1.png,1,OFFICIAL_BRAND_SHOP_IN_ALMATY,KZ_SKU_EVIDENCE_REQUIRED,https://www.averon.ru/catalog/platforma_upz_7_2_individual__i_obshaie_rabochie_mesta/upz_7_2_trimmer/
AVERON-7271,Averon,НПК АВЕРОН,УПЗ 7.2 ФРМ,7271,7271,1,"Cтолы, светильники, вытяжки, боксы / Мобильные столы на платформах ДРИМ, ШТАТИВ АРТ, УПЗ 7.2. Подкатные столики СПП / Платформа УПЗ 7.2. Рабочие места общего назначения",Мобильное рабочее место для обработки гипсовых моделей коническими и цилиндрическими фрезами Состав: УПЗ 7.2 НЬЮ СТАРТ + ФРМ 3.0 АРТ,https://www.averon.ru/upload/iblock/532/fyx6xs51f2kt4uqlfcet0dj9j2e0wwb5.png,1,OFFICIAL_BRAND_SHOP_IN_ALMATY,KZ_SKU_EVIDENCE_REQUIRED,https://www.averon.ru/catalog/platforma_upz_7_2_individual__i_obshaie_rabochie_mesta/upz_7_2_frm/
AVERON-1893,Averon,НПК АВЕРОН,УПОР 7.2 АРТ,1893,1893,1,"Cтолы, светильники, вытяжки, боксы / Автономные вытяжки для работы с пылью, газами и для CAD-CAM систем. Циклоны, прочие фильтры",Комплект подлокотников для серии УПЗ 7.2 хххх,https://www.averon.ru/upload/iblock/fd1/3mrp4ixm0ghrqpolk5ci3oykclrvs5wb.jpg,1,OFFICIAL_BRAND_SHOP_IN_ALMATY,KZ_SKU_EVIDENCE_REQUIRED,https://www.averon.ru/catalog/vtyajki_dlya_rabot_s_pliu_i_s_gazom_vtyajki_so_vstroennm_ciklonom/upor_7_2_art/
AVERON-12932,Averon,НПК АВЕРОН,УПС 1.1 СТАРТ,12932,12932,1,Оборудование для изготовления протезов,Система для пароструйной обработки с ручным управлением Парогенератор объёмом 4 л и давлением до 4 бар Интегрированный в конструкцию брызгозащитный бокс Мобильный и стационарный режимы пароструйной обработки,https://www.averon.ru/upload/iblock/cc4/zfh2x4gf4nyne6d0z9krz6bn9pfdns8g.png,1,OFFICIAL_BRAND_SHOP_IN_ALMATY,KZ_SKU_EVIDENCE_REQUIRED,https://www.averon.ru/catalog/oborudovanie_dlya_izgotovleniya_protezov/ups_1_1_start/
AVERON-14665,Averon,НПК АВЕРОН,УПС 1.2 АВТО,14665,14665,1,Оборудование для изготовления протезов / Обработка-полировка,"Система пароструйной обработки для зуботехнических лабораторий: парогенератор с «сухим» нагревом (объем 3,8 л, давление до 4 бар) и интегрированный в конструкцию брызгозащитный бокс беспрерывная эксплуатация благодаря автоматической заправке парогенератора при подключении МА 1.2 УПС* (объем до 7 л) или при подключении к водопроводной магистрали через модуль МА 1.2 УПС АКВА* мобильный и стационарный режимы пароструйной обработки Старт продаж: 07/2026",https://www.averon.ru/upload/iblock/198/z7tv1b1k2s7w95jgpoo51xeir3pu1ein.png,1,OFFICIAL_BRAND_SHOP_IN_ALMATY,KZ_SKU_EVIDENCE_REQUIRED,https://www.averon.ru/catalog/obrabotka-polirovka/ups_1_2_avto/
AVERON-14107,Averon,НПК АВЕРОН,УПС 1.2 ГЕЙЗЕР,14107,14107,1,Оборудование для изготовления протезов / Обработка-полировка,"Система пароструйной обработки для зуботехнических лабораторий Состав системы: парогенератор (объем 3,8 л, давление до 4 бар) и интегрированный в конструкцию брызгозащитный бокс со сменными грязевпитывающими салфетками",https://www.averon.ru/upload/iblock/c06/m4li2b9wywi16uljyhxzgk689vrvvkze.jpg,1,OFFICIAL_BRAND_SHOP_IN_ALMATY,KZ_SKU_EVIDENCE_REQUIRED,https://www.averon.ru/catalog/obrabotka-polirovka/ups_1_2_geyzer/
AVERON-13646,Averon,НПК АВЕРОН,УПС 1.2 СТАРТ,13646,13646,1,Оборудование для изготовления протезов / Обработка-полировка,"Система пароструйной обработки с ручным управлением для зуботехнических лабораторий Состав системы: парогенератор (объем 3,8 л, давление до 4 бар) и интегрированный в конструкцию брызгозащитный бокс со сменными грязевпитывающими салфетками",https://www.averon.ru/upload/iblock/3b5/px1mbgfnm160hl4odo9sr2y28whls1pm.png,1,OFFICIAL_BRAND_SHOP_IN_ALMATY,KZ_SKU_EVIDENCE_REQUIRED,https://www.averon.ru/catalog/obrabotka-polirovka/ups_1_2_start/
AVERON-9625,Averon,НПК АВЕРОН,УПС 4.3 ГЕЙЗЕР НЬЮ,9625,9625,1,Оборудование для изготовления протезов / Обработка-полировка,Система для пароструйной обработки с электронным управлением Парогенератор объемом 4 л и давлением до 4 бар Интегрированный в конструкцию брызгозащитный бокс Мобильный и стационарный режимы пароструйной обработки,https://www.averon.ru/upload/iblock/389/ejxvjo0gfk2iwexw9265mtb15rlk54k3.png,1,OFFICIAL_BRAND_SHOP_IN_ALMATY,KZ_SKU_EVIDENCE_REQUIRED,https://www.averon.ru/catalog/obrabotka-polirovka/ups_4_3_geyzer_n_iu/
AVERON-1647,Averon,НПК АВЕРОН,УС 1.2,1647,1647,1,Фрезеры зуботехнические,Универсальный столик для фиксации и работы с моделями,https://www.averon.ru/upload/iblock/a7b/m6u5x8rbeercfsy52b9e60fq0xih4fx9.jpg,1,OFFICIAL_BRAND_SHOP_IN_ALMATY,KZ_SKU_EVIDENCE_REQUIRED,https://www.averon.ru/catalog/frezera_zubotehnicheskie/us_1_2/
AVERON-1637,Averon,НПК АВЕРОН,УСМФ 1.0 МАСТЕР,1637,1637,1,Фрезеры зуботехнические,Универсальное фрезерно-параллелометрическое устройство в комплекте с бормашиной и электрошпателем,https://www.averon.ru/upload/iblock/faa/h8o8prawlh4xmbl4bl7f57amphwi0ayc.jpg,1,OFFICIAL_BRAND_SHOP_IN_ALMATY,KZ_SKU_EVIDENCE_REQUIRED,https://www.averon.ru/catalog/frezera_zubotehnicheskie/usmf_1_0_master/
AVERON-9235,Averon,НПК АВЕРОН,УСМФ 1.0 МАСТЕР АРТ,9235,9235,1,Фрезеры зуботехнические,Универсальное фрезерно-параллелометрическое устройство в комплекте с бормашиной и электрошпателем,https://www.averon.ru/upload/iblock/9b1/l92k4pqrmwldt1vkirk10w5fcn0y0r2s.jpg,1,OFFICIAL_BRAND_SHOP_IN_ALMATY,KZ_SKU_EVIDENCE_REQUIRED,https://www.averon.ru/catalog/frezera_zubotehnicheskie/usmf_1_0_master_art/
AVERON-12227,Averon,НПК АВЕРОН,УСМФ 1.0 СТАРТ АРТ,12227,12227,1,Фрезеры зуботехнические,Универсальное фрезерно-параллелометрическое устройство,https://www.averon.ru/upload/iblock/b07/0nr04g2kr0v05yjwqbz8taowjzguoq8c.jpg,1,OFFICIAL_BRAND_SHOP_IN_ALMATY,KZ_SKU_EVIDENCE_REQUIRED,https://www.averon.ru/catalog/frezera_zubotehnicheskie/usmf_1_0_start_art/
AVERON-9741,Averon,НПК АВЕРОН,ФАРТУК 1.0 ТЕХНИК,9741,9741,1,Инструменты и принадлежности,Универсальный рабочий фартук для зубного техника. Размер 42 - 58,https://www.averon.ru/upload/iblock/86f/h2piv15loo80mjnoh8piybezo1gr1af5.jpg,1,OFFICIAL_BRAND_SHOP_IN_ALMATY,KZ_SKU_EVIDENCE_REQUIRED,https://www.averon.ru/catalog/instrument__i_prinadlejnosti/fartuk_1_0_tehnik/
AVERON-2023,Averon,НПК АВЕРОН,ФИКСАТОР 1.0 КОРОНКА,2023,2023,1,Инструменты и принадлежности,Беззольный гель-шприц на 3 мл для фиксации коронки на штампике во время нанесения керамики или глазури,https://www.averon.ru/upload/iblock/165/0aemhma1qojdp6ygaa7lqbpc65d2j1ms.jpg,1,OFFICIAL_BRAND_SHOP_IN_ALMATY,KZ_SKU_EVIDENCE_REQUIRED,https://www.averon.ru/catalog/instrument__i_prinadlejnosti/fiksator_1_0_koronka/
AVERON-1907,Averon,НПК АВЕРОН,ФИЛЬТР 1.0 КАРБОН,1907,1907,1,"Cтолы, светильники, вытяжки, боксы / Автономные вытяжки для работы с пылью, газами и для CAD-CAM систем. Циклоны, прочие фильтры / Общие расходные принадлежности",Специализированный обслуживаемый угольный фильтр для работы с пластмассами Нейтрализация острых запахов,https://www.averon.ru/upload/iblock/bc5/6awup9nkx0nnpni3hj0hnnudqy8kiv3d.png,1,OFFICIAL_BRAND_SHOP_IN_ALMATY,KZ_SKU_EVIDENCE_REQUIRED,https://www.averon.ru/catalog/obshaie_rashod_prinadlejnosti/filtr_1_0_karbon/
AVERON-13935,Averon,НПК АВЕРОН,ФИЛЬТР 1.0 СИТО,13935,13935,1,"Cтолы, светильники, вытяжки, боксы / Полезные мелочи, принадлежности общего применения",Сито для установки на входе вытяжного зонта в оборудовании АВЕРОН вместо ФИЛЬТР 1.1 ПЕНО,https://www.averon.ru/upload/iblock/cf4/hj3xfmw4u39puwmjggsknyi5ttt1ezez.png,1,OFFICIAL_BRAND_SHOP_IN_ALMATY,KZ_SKU_EVIDENCE_REQUIRED,https://www.averon.ru/catalog/polezmelochi_dlya_rabochih_mest/fil_tr_1_0_sito/
AVERON-13682,Averon,НПК АВЕРОН,ФИЛЬТР 1.0 ХЕПА,13682,13682,1,"Cтолы, светильники, вытяжки, боксы / Автономные вытяжки для работы с пылью, газами и для CAD-CAM систем. Циклоны, прочие фильтры / Общие расходные принадлежности",Сменный многоразовый моющийся фильтр тонкой очистки,https://www.averon.ru/upload/iblock/4db/7u8uf0hhg7l1e7b4lkhz6uscni5ulqyn.png,1,OFFICIAL_BRAND_SHOP_IN_ALMATY,KZ_SKU_EVIDENCE_REQUIRED,https://www.averon.ru/catalog/obshaie_rashod_prinadlejnosti/fil_tr_1_0_hepa/
AVERON-13281,Averon,НПК АВЕРОН,ФИЛЬТР 1.1 ПЕНО,13281,13281,1,"Cтолы, светильники, вытяжки, боксы / Полезные мелочи, принадлежности общего применения",Многоразовый фильтр из ретикулированного пенополиуретана размером 70×70 мм Устанавливается на входе вытяжного канала или зонта в оборудовании АВЕРОН,https://www.averon.ru/upload/iblock/d10/roomt9hyakfhd7n36irravch8gitye33.jpg,1,OFFICIAL_BRAND_SHOP_IN_ALMATY,KZ_SKU_EVIDENCE_REQUIRED,https://www.averon.ru/catalog/polezmelochi_dlya_rabochih_mest/fil_tr_1_1_peno/
AVERON-1903,Averon,НПК АВЕРОН,ФИЛЬТР 3.0 МОТОР,1903,1903,1,"Cтолы, светильники, вытяжки, боксы / Автономные вытяжки для работы с пылью, газами и для CAD-CAM систем. Циклоны, прочие фильтры / Общие расходные принадлежности","Предмоторный одноразовый фильтр для вытяжных устройств серий УПЗ 5.0 ХХХХ, УПЗ 7.2 ХХХХ, УПЗ 1.х СТАЙЕР, ВМУ 3.3 БАЗИС К, МВ 3.2 ДРИМ, МВ 3.2 НЬЮ.",https://www.averon.ru/upload/iblock/811/k7tqw8nwn3yk1xg2xoqykj19z3kqt2hl.jpg,1,OFFICIAL_BRAND_SHOP_IN_ALMATY,KZ_SKU_EVIDENCE_REQUIRED,https://www.averon.ru/catalog/obshaie_rashod_prinadlejnosti/fil__tr_3_0_motor/
AVERON-3570,Averon,НПК АВЕРОН,ФИЛЬТР 7.0 М,3570,3570,1,"Cтолы, светильники, вытяжки, боксы / Автономные вытяжки для работы с пылью, газами и для CAD-CAM систем. Циклоны, прочие фильтры / Общие расходные принадлежности",Комплект (5 шт.) одноразовых мешковых фильтров,https://www.averon.ru/upload/iblock/e73/kvrhe9nk3fyfgb5m7xagwklbfplmazli.jpg,1,OFFICIAL_BRAND_SHOP_IN_ALMATY,KZ_SKU_EVIDENCE_REQUIRED,https://www.averon.ru/catalog/obshaie_rashod_prinadlejnosti/fil__tr_7_0_m/
AVERON-9704,Averon,НПК АВЕРОН,ФИНАГЕЛЬ 1.0 ЮНГА,9704,9704,1,"Cтолы, светильники, вытяжки, боксы / Полезные мелочи, принадлежности общего применения","Полипропиленовый финагель на металлическом кронштейне для столов СЗТ 4.3 ЮНГА, ЮНГА МИНИ и СУЛ 1.1 ЭЛЕМЕНТ В комплекте держатель для экрана ЩИТ 1.1 МАГНИТ",https://www.averon.ru/upload/iblock/cfc/0vwteujwemnbgmwtrsie7pptuk0jgb5w.jpg,1,OFFICIAL_BRAND_SHOP_IN_ALMATY,KZ_SKU_EVIDENCE_REQUIRED,https://www.averon.ru/catalog/polezmelochi_dlya_rabochih_mest/finagel__1_0_iunga/
AVERON-1937,Averon,НПК АВЕРОН,ФИТИНГ 4.0 ПЛОЩАДКА,1937,1937,1,"Cтолы, светильники, вытяжки, боксы / Пневматика для рабочих мест",Фитинг-площадка на 4 входа,https://www.averon.ru/upload/iblock/1ff/bu0k41t1idvc34est1qklzd6m4d4divi.jpg,1,OFFICIAL_BRAND_SHOP_IN_ALMATY,KZ_SKU_EVIDENCE_REQUIRED,https://www.averon.ru/catalog/elektron_ustroystva_dlya_rabochih_mest/fiting_4_0_ploshaadka/
AVERON-12787,Averon,НПК АВЕРОН,ФИТИНГ 5.0 ЦАНГА УГЛОВОЙ,12787,12787,1,Пескоструйные аппараты / Система АСОЗ ПЛЮС,"Угловой фитинг с цангой под трубку с наружным диаметром 5 мм, S6520-5-1/8 (Camozzi). С резьбой G1/8""",https://www.averon.ru/upload/iblock/82b/dntg612mw79wrwhtrkfx6og37pe0ujz7.png,1,OFFICIAL_BRAND_SHOP_IN_ALMATY,KZ_SKU_EVIDENCE_REQUIRED,https://www.averon.ru/catalog/system_asoz_plus/fiting_5_0_canga_uglovoy/
AVERON-1925,Averon,НПК АВЕРОН,ФИТИНГ 6.0 ГАЙКА,1925,1925,1,"Cтолы, светильники, вытяжки, боксы / Пневматика для рабочих мест","Фитинг прямой с накидной гайкой для трубки d 6/4 мм. Резьба G1/8"".",https://www.averon.ru/upload/iblock/506/mugzya7d770xnb68sec0sx72hff9zvtu.png,1,OFFICIAL_BRAND_SHOP_IN_ALMATY,KZ_SKU_EVIDENCE_REQUIRED,https://www.averon.ru/catalog/elektron_ustroystva_dlya_rabochih_mest/fiting_6_0_gaika/
AVERON-1928,Averon,НПК АВЕРОН,ФИТИНГ 6.0 ГАЙКА УГЛОВОЙ,1928,1928,1,"Cтолы, светильники, вытяжки, боксы / Пневматика для рабочих мест","Угловой фитинг с накидной гайкой под трубку d 6/4. Резьба G1/8"".",https://www.averon.ru/upload/iblock/378/fzwrcv9bhjbjg76g1k6iec01noqxvtud.jpg,1,OFFICIAL_BRAND_SHOP_IN_ALMATY,KZ_SKU_EVIDENCE_REQUIRED,https://www.averon.ru/catalog/elektron_ustroystva_dlya_rabochih_mest/fiting_6_0_gaika_uglovoi/
AVERON-1926,Averon,НПК АВЕРОН,ФИТИНГ 6.0 ЦАНГА,1926,1926,1,"Cтолы, светильники, вытяжки, боксы / Пневматика для рабочих мест","Фитинг с цангой под трубку с d 6 мм. Резьба G1/8"".",https://www.averon.ru/upload/iblock/626/uu50g2uoj98s7vx0p3qx7p5f2oe9isef.jpg,1,OFFICIAL_BRAND_SHOP_IN_ALMATY,KZ_SKU_EVIDENCE_REQUIRED,https://www.averon.ru/catalog/elektron_ustroystva_dlya_rabochih_mest/fiting_6_0_tsanga/
AVERON-1929,Averon,НПК АВЕРОН,ФИТИНГ 6.0 ЦАНГА УГЛОВОЙ,1929,1929,1,Пескоструйные аппараты / Система АСОЗ ПЛЮС,"Угловой фитинг с цангой под трубку Ø 6 мм. Резьба G1/8""",https://www.averon.ru/upload/iblock/176/0nnaj0qfx291vc544ln4mwv00a8nytrd.jpg,1,OFFICIAL_BRAND_SHOP_IN_ALMATY,KZ_SKU_EVIDENCE_REQUIRED,https://www.averon.ru/catalog/system_asoz_plus/fiting_6_0_tsanga_uglovoi/
AVERON-1921,Averon,НПК АВЕРОН,ФИТИНГ 7.0 ЕЛОЧКА,1921,1921,1,"Cтолы, светильники, вытяжки, боксы / Пневматика для рабочих мест",Фитинг-елочка d 7 мм для подключения к пневмосети через фитинг-площадку.,https://www.averon.ru/upload/iblock/02e/jutm4lpm05nttc7689u1pi0flysrhgyl.jpg,1,OFFICIAL_BRAND_SHOP_IN_ALMATY,KZ_SKU_EVIDENCE_REQUIRED,https://www.averon.ru/catalog/elektron_ustroystva_dlya_rabochih_mest/fiting_7_0_elochka/
AVERON-1924,Averon,НПК АВЕРОН,ФИТИНГ 8.0 ГАЙКА,1924,1924,1,"Cтолы, светильники, вытяжки, боксы / Пневматика для рабочих мест",Фитинг с накидной гайкой на трубку d 8мм.,https://www.averon.ru/upload/iblock/d9f/1v8i65vgrwofb911cxya5jvaz0wca7xy.jpg,1,OFFICIAL_BRAND_SHOP_IN_ALMATY,KZ_SKU_EVIDENCE_REQUIRED,https://www.averon.ru/catalog/elektron_ustroystva_dlya_rabochih_mest/fiting_8_0_gaika/
AVERON-1935,Averon,НПК АВЕРОН,ФИТИНГ 8.0 ГАЙКА УГЛОВОЙ,1935,1935,1,"Cтолы, светильники, вытяжки, боксы / Пневматика для рабочих мест","Фитинг-гайка угловой для трубки d 8/6 мм. Резьба G1/8"".",https://www.averon.ru/upload/iblock/cf1/uxaq7v7h4cjdp892x2z3wk7mf37510eu.jpg,1,OFFICIAL_BRAND_SHOP_IN_ALMATY,KZ_SKU_EVIDENCE_REQUIRED,https://www.averon.ru/catalog/elektron_ustroystva_dlya_rabochih_mest/fiting_8_0_gaika_uglovoi/
AVERON-1923,Averon,НПК АВЕРОН,ФИТИНГ 8.0 ЦАНГА,1923,1923,1,"Cтолы, светильники, вытяжки, боксы / Пневматика для рабочих мест",Фитинг-цанга на трубку d 8 мм для подключения к пневмосети через фитинг-площадку.,https://www.averon.ru/upload/iblock/25f/0f1bz29jgibmhddh5iwhm0bg9wxyjp1y.jpg,1,OFFICIAL_BRAND_SHOP_IN_ALMATY,KZ_SKU_EVIDENCE_REQUIRED,https://www.averon.ru/catalog/elektron_ustroystva_dlya_rabochih_mest/fiting_8_0_canga/
AVERON-1934,Averon,НПК АВЕРОН,ФИТИНГ 8.0 ЦАНГА УГЛОВОЙ,1934,1934,1,"Cтолы, светильники, вытяжки, боксы / Пневматика для рабочих мест","Фитинг-цанга угловой для трубки d 8 мм. Резьба G1/8"".",https://www.averon.ru/upload/iblock/2db/7ahqb27o2lpezuje4eowh2poey8040w9.jpg,1,OFFICIAL_BRAND_SHOP_IN_ALMATY,KZ_SKU_EVIDENCE_REQUIRED,https://www.averon.ru/catalog/elektron_ustroystva_dlya_rabochih_mest/fiting_8_0_tsanga_uglovoi/
AVERON-1922,Averon,НПК АВЕРОН,ФИТИНГ 9.0 ЕЛОЧКА,1922,1922,1,"Cтолы, светильники, вытяжки, боксы / Пневматика для рабочих мест",Фитинг-елочка d 9 мм для подключения к пневмосети через фитинг-площадку.,https://www.averon.ru/upload/iblock/572/w1j94u7mkl8m4ylc05lyynxyjiboakmc.jpg,1,OFFICIAL_BRAND_SHOP_IN_ALMATY,KZ_SKU_EVIDENCE_REQUIRED,https://www.averon.ru/catalog/elektron_ustroystva_dlya_rabochih_mest/fiting_9_0_elochka/
AVERON-1631,Averon,НПК АВЕРОН,ФОРМА 1.0 ПЛУНЖЕР,1631,1631,1,Электровакуумные печи,Пресс-керамика. Форма для изготовления одноразовых плунжеров,https://www.averon.ru/upload/iblock/a80/rdihs7ioxvay2uw6jfb0fjh6lyxjhsnu.jpg,1,OFFICIAL_BRAND_SHOP_IN_ALMATY,KZ_SKU_EVIDENCE_REQUIRED,https://www.averon.ru/catalog/elektrovakuum__pechi/forma_1_0_plunzher/
AVERON-12088,Averon,НПК АВЕРОН,ФОРМА 4.0 КРУГ,12088,12088,1,Литейное оборудование,"Комплект многоразовых форм для изготовления круглых опок Состав: ЦОКОЛЬ 4.0 КРУГ + КОЛЬЦО 4.0 КРУГ Размеры получающейся опоки для литья: диаметр 44 мм, высота 55 мм",https://www.averon.ru/upload/iblock/9d5/oobupnu1e0sv76akskeaksvsjl358a04.jpg,1,OFFICIAL_BRAND_SHOP_IN_ALMATY,KZ_SKU_EVIDENCE_REQUIRED,https://www.averon.ru/catalog/liteynoe_oborudovanie/forma_4_0_krug/
AVERON-12089,Averon,НПК АВЕРОН,ФОРМА 6.0 КРУГ,12089,12089,1,Литейное оборудование,"Комплект многоразовых форм для изготовления круглых опок Состав: ЦОКОЛЬ 6.0 КРУГ + КОЛЬЦО 6.0 КРУГ Размеры получающейся опоки для литья: диаметр 62 мм, высота 60 мм",https://www.averon.ru/upload/iblock/038/gby0uw3iekprh5kii0cvokx2hmm2i7f3.jpg,1,OFFICIAL_BRAND_SHOP_IN_ALMATY,KZ_SKU_EVIDENCE_REQUIRED,https://www.averon.ru/catalog/liteynoe_oborudovanie/forma_6_0_krug/
AVERON-12123,Averon,НПК АВЕРОН,ФОРМА 8.0 МОДЕЛЬ,12123,12123,1,Литейное оборудование,"Комплект многоразовых форм для изготовления опок в форме челюсти Состав: ЦОКОЛЬ 8.0 МОДЕЛЬ + КОЛЬЦО 8.0 МОДЕЛЬ Размеры получающейся опоки для литья: 76 мм ×64 мм (ширина × глубина), высота 75 мм",https://www.averon.ru/upload/iblock/3d1/n92cfalm6uzwo9v70mvlgpp4ergvvgrm.jpg,1,OFFICIAL_BRAND_SHOP_IN_ALMATY,KZ_SKU_EVIDENCE_REQUIRED,https://www.averon.ru/catalog/liteynoe_oborudovanie/forma_8_0_model_/
AVERON-12090,Averon,НПК АВЕРОН,ФОРМА 9.0 КРУГ,12090,12090,1,Литейное оборудование,"Комплект многоразовых форм для изготовления круглых опок Состав: ЦОКОЛЬ 9.0 КРУГ + КОЛЬЦО 9.0 КРУГ Размеры получающейся опоки для литья: диаметр 89 мм, высота 70 мм",https://www.averon.ru/upload/iblock/8ef/wbrwo4yamaffy7b1qfv5d6txndsc3bqc.jpg,1,OFFICIAL_BRAND_SHOP_IN_ALMATY,KZ_SKU_EVIDENCE_REQUIRED,https://www.averon.ru/catalog/liteynoe_oborudovanie/forma_9_0_krug/
AVERON-8907,Averon,НПК АВЕРОН,ФОТОПРЕСС 1.0 БИГ,8907,8907,1,Оборудование для CAD-CAM и 3D-печати,"Камера для отверждения изделий после фотополимерной 3D-печати, а также для эффективной светополимеризации любых стоматологических композитов",https://www.averon.ru/upload/iblock/233/uwq27n1rn29t5q1ng0h8chh53hm8r7ey.jpg,1,OFFICIAL_BRAND_SHOP_IN_ALMATY,KZ_SKU_EVIDENCE_REQUIRED,https://www.averon.ru/catalog/oborudovanie_dlya_cad-cam/fotopress_1_0_big/
AVERON-12404,Averon,НПК АВЕРОН,ФОТОПРЕСС 1.0 БИГ АРТ,12404,12404,1,Оборудование для CAD-CAM и 3D-печати,"Камера для отверждения изделий после фотополимерной 3D-печати, а также для эффективной светополимеризации любых стоматологических композитов",https://www.averon.ru/upload/iblock/be3/w6l1lan0n23q1ryzstazln3tio8qvdk6.png,1,OFFICIAL_BRAND_SHOP_IN_ALMATY,KZ_SKU_EVIDENCE_REQUIRED,https://www.averon.ru/catalog/oborudovanie_dlya_cad-cam/fotopress_1_0_big_art/
AVERON-14568,Averon,НПК АВЕРОН,ФОТОПРЕСС 1.1 БИГ АРТ,14568,14568,1,Оборудование для CAD-CAM и 3D-печати,"Камера для отверждения изделий после фотополимерной 3D-печати, а также для эффективной светополимеризации любых стоматологических композитов",https://www.averon.ru/upload/iblock/a30/bphouyqasfc3cyhsaw76y005rmf3ol3h.png,1,OFFICIAL_BRAND_SHOP_IN_ALMATY,KZ_SKU_EVIDENCE_REQUIRED,https://www.averon.ru/catalog/oborudovanie_dlya_cad-cam/fotopress_1_1_big_art/
AVERON-1989,Averon,НПК АВЕРОН,ФОТОПРЕСС 2.0 АРТ,1989,1989,1,Оборудование для изготовления протезов / Светополимеризация,Светополимеризатор для композитов 2 диапазона длин волн светодиодов: 390-400 и 460-470 нм,https://www.averon.ru/upload/iblock/e1d/68voqx4um2y9wr0nddnze6p1n0of8n5c.jpg,1,OFFICIAL_BRAND_SHOP_IN_ALMATY,KZ_SKU_EVIDENCE_REQUIRED,https://www.averon.ru/catalog/svetopolimerizaciya/fotopress_2_0_art/
AVERON-1755,Averon,НПК АВЕРОН,ФРЕЗА 1.0 КОНУС,1755,1755,1,Оборудование для изготовления моделей,"Фреза твердосплавная конусная для ФРМ, общая длина 60мм.",https://www.averon.ru/upload/iblock/bc8/df5pwaqpra9kmt3nsi1osznk3wthjm0y.jpg,1,OFFICIAL_BRAND_SHOP_IN_ALMATY,KZ_SKU_EVIDENCE_REQUIRED,https://www.averon.ru/catalog/oborudovanie_dlya_izgotovleniya_modeley/freza_1_0_konus/
AVERON-5660,Averon,НПК АВЕРОН,ФРМ 3.0,5660,5660,1,Оборудование для изготовления моделей,Фрезер для обработки моделей коническими и цилиндрическими фрезами.,https://www.averon.ru/upload/iblock/159/2tjyfrbe04bsqf2loflzus6zu26alxpb.jpg,1,OFFICIAL_BRAND_SHOP_IN_ALMATY,KZ_SKU_EVIDENCE_REQUIRED,https://www.averon.ru/catalog/oborudovanie_dlya_izgotovleniya_modeley/frm_3_0/
AVERON-5885,Averon,НПК АВЕРОН,ФРМ 3.0 АРТ,5885,5885,1,Оборудование для изготовления моделей,Фрезер для обработки гипсовых моделей коническими и цилиндрическими фрезами,https://www.averon.ru/upload/iblock/958/zgq3dqpool05acg71rs29m930xbfs5h0.png,1,OFFICIAL_BRAND_SHOP_IN_ALMATY,KZ_SKU_EVIDENCE_REQUIRED,https://www.averon.ru/catalog/oborudovanie_dlya_izgotovleniya_modeley/frm_3_0_art/
AVERON-13705,Averon,НПК АВЕРОН,ФРМ 4.0 АРТ,13705,13705,1,Оборудование для изготовления моделей / БМ 2.0 ЭКО ОПТИМУМ,Фрезер для обработки гипсовых моделей коническими и цилиндрическими фрезами,https://www.averon.ru/upload/iblock/8aa/jpq30910fb1unumwwbpjtbt1b3koflkf.jpg,1,OFFICIAL_BRAND_SHOP_IN_ALMATY,KZ_SKU_EVIDENCE_REQUIRED,https://www.averon.ru/catalog/oborudovanie_dlya_izgotovleniya_modeley/frm_4_0_art/
AVERON-13278,Averon,НПК АВЕРОН,ФРМ 4.0 НЬЮ,13278,13278,1,Оборудование для изготовления моделей,Фрезер для обработки гипсовых моделей коническими и цилиндрическими фрезами,https://www.averon.ru/upload/iblock/92e/t3bu7il1t77beadccdi5uk5fcb7toscw.png,1,OFFICIAL_BRAND_SHOP_IN_ALMATY,KZ_SKU_EVIDENCE_REQUIRED,https://www.averon.ru/catalog/oborudovanie_dlya_izgotovleniya_modeley/frm_4_0_n_iu/
AVERON-9493,Averon,НПК АВЕРОН,ХОЛДЕР 1.0 АЛЬМАНАХ,9493,9493,1,Сувенирная продукция АВЕРОН,Настенный держатель фирменного квартального календаря,https://www.averon.ru/upload/iblock/1ab/a9yskdmchlz84ij48mz2jq51kuiw9w8p.png,1,OFFICIAL_BRAND_SHOP_IN_ALMATY,KZ_SKU_EVIDENCE_REQUIRED,https://www.averon.ru/catalog/suvenirnaya_produkciya_averon/holder_1_0_al_manah/
AVERON-14048,Averon,НПК АВЕРОН,ХОЛДЕР 2.0 ТУЛЗ,14048,14048,1,Инструменты и принадлежности,"Универсальный мобильный держатель кисточек, инструментов для моделировки, шпателей Магнитная фиксация держателя в удобном месте",https://www.averon.ru/upload/iblock/6be/kukrhzw5nfkdoqeqyiloetj48ui8yp1h.png,1,OFFICIAL_BRAND_SHOP_IN_ALMATY,KZ_SKU_EVIDENCE_REQUIRED,https://www.averon.ru/catalog/instrument__i_prinadlejnosti/holder_2_0_tulz/
AVERON-6225,Averon,НПК АВЕРОН,Холодная полимеризация пластмасс (без мебели),6225,6225,1,Готовые решения / Полимеризация,Холодная полимеризация пластмасс (без мебели).,https://www.averon.ru/upload/iblock/a45/ylhq0x9riv0906aj0p4nnz61s5i2ea22.jpg,1,OFFICIAL_BRAND_SHOP_IN_ALMATY,KZ_SKU_EVIDENCE_REQUIRED,https://www.averon.ru/catalog/polimerizaciya/holodnaya_polimerizaciya_plastmass_bez_mebeli/
AVERON-6223,Averon,НПК АВЕРОН,Холодная полимеризация пластмасс (с мебелью),6223,6223,1,Готовые решения / Полимеризация,Холодная полимеризация пластмасс (с мебелью).,https://www.averon.ru/upload/iblock/4c8/vsxfuiy88psbc7sld5lql1ccxyetdzrn.jpg,1,OFFICIAL_BRAND_SHOP_IN_ALMATY,KZ_SKU_EVIDENCE_REQUIRED,https://www.averon.ru/catalog/polimerizaciya/holodnaya_polimerizaciya_plastmass_s_mebel__iu/
AVERON-9059,Averon,НПК АВЕРОН,ЦАНГА 3.2 ПИН,9059,9059,1,Оборудование для изготовления моделей,"Цанга для установки сверла СВЕРЛО 2_3.2 ПИН в УЗС 3.х ПИН, выпущенных до июля 2022 г. В комплекте гайка для совместимости с ранее выпущенными УЗС",https://www.averon.ru/upload/iblock/a23/p37x6jd2to5uutbx623s6twf330xvj3x.jpg,1,OFFICIAL_BRAND_SHOP_IN_ALMATY,KZ_SKU_EVIDENCE_REQUIRED,https://www.averon.ru/catalog/oborudovanie_dlya_izgotovleniya_modeley/canga_3_2_pin/
AVERON-1640,Averon,НПК АВЕРОН,ЦОКОЛЬ 0.75,1640,1640,1,Фрезеры зуботехнические,"Фрезерный цоколь: основание, кольцо-оправа d 75 мм.",https://www.averon.ru/upload/iblock/50d/kx177afctl3xch10rgjd739sqkufvbth.jpg,1,OFFICIAL_BRAND_SHOP_IN_ALMATY,KZ_SKU_EVIDENCE_REQUIRED,https://www.averon.ru/catalog/frezera_zubotehnicheskie/cokol___0_75/
AVERON-1645,Averon,НПК АВЕРОН,ШАБЕР 1.0,1645,1645,1,Фрезеры зуботехнические,"Шаберы для воска, 4 шт. (0°, 2°, 4°, 6°)",https://www.averon.ru/upload/iblock/775/l9w7dfhni3hgupecsrcb8bri13k6s1i4.jpg,1,OFFICIAL_BRAND_SHOP_IN_ALMATY,KZ_SKU_EVIDENCE_REQUIRED,https://www.averon.ru/catalog/frezera_zubotehnicheskie/shaber_1_0/
AVERON-1974,Averon,НПК АВЕРОН,ШАЙБА 1.0 ТЕРМОПРЕСС,1974,1974,1,Оборудование для изготовления протезов / Термолитьевое прессование,Комплект из 5 шайб,https://www.averon.ru/upload/iblock/4e3/rlq0x02w971f8it31gtipdqiuka13s3a.jpg,1,OFFICIAL_BRAND_SHOP_IN_ALMATY,KZ_SKU_EVIDENCE_REQUIRED,https://www.averon.ru/catalog/termolit_evoe_pressovanie_/shaiba_1_0_thermopress/
AVERON-1919,Averon,НПК АВЕРОН,ШАЙБА 8.0 ПНЕВМО,1919,1919,1,"Cтолы, светильники, вытяжки, боксы / Пневматика для рабочих мест",Алюминиевая уплотнительная шайба на 1/8 дюйма,https://www.averon.ru/upload/iblock/4ff/phe9z9lw0nltpevf0cur06iwcu4xoyct.jpg,1,OFFICIAL_BRAND_SHOP_IN_ALMATY,KZ_SKU_EVIDENCE_REQUIRED,https://www.averon.ru/catalog/elektron_ustroystva_dlya_rabochih_mest/shaiba_8_0_pnevmo/
AVERON-9368,Averon,НПК АВЕРОН,ШГВ 1.2 КЛИНИНГ,9368,9368,1,"Cтолы, светильники, вытяжки, боксы / Полезные мелочи, принадлежности общего применения","Гибкий удлинитель для встроенных вытяжных каналов столов СЗТ ЮНГА, СЗТ ДРИМ, вытяжных систем ВМУ 3.3 БАЗИС К, ВМУ 3.0 НЬЮ БАЗИС, ВМУ 1.1 ТЕЙБЛ БАЗИС Для комфортной уборки рабочего места, для соединения встроенных вытяжных каналов с другими устройствами, требующими вытяжки",https://www.averon.ru/upload/iblock/b76/iok8f6ey28u44dent5x1qspl0lo6chrr.png,1,OFFICIAL_BRAND_SHOP_IN_ALMATY,KZ_SKU_EVIDENCE_REQUIRED,https://www.averon.ru/catalog/polezmelochi_dlya_rabochih_mest/shgv_1_2_klining/
AVERON-1947,Averon,НПК АВЕРОН,ШГВ 1.м,1947,1947,1,"Cтолы, светильники, вытяжки, боксы / Автономные вытяжки для работы с пылью, газами и для CAD-CAM систем. Циклоны, прочие фильтры / Принадлежности для вытяжных каналов",Гибкий шланг для организации вытяжных каналов,https://www.averon.ru/upload/iblock/387/qozu7hz4mve0wonkv168m9l4xfpjtuxt.jpg,1,OFFICIAL_BRAND_SHOP_IN_ALMATY,KZ_SKU_EVIDENCE_REQUIRED,https://www.averon.ru/catalog/Prinadlejnosti_dlya_v_tyajn_h_kanalov/shgv_1_m/
AVERON-3558,Averon,НПК АВЕРОН,ШКАФ 4.3 МАСТЕР,3558,3558,1,"Cтолы, светильники, вытяжки, боксы / Столы зубного техника на платформе СЗТ 4.3. Стулья. Элементы системы хранения / Элементы системы хранения",Навесной шкаф в ширину стола СЗТ 4.3 МАСТЕР,https://www.averon.ru/upload/iblock/585/dty26iswnbjx5t02jlzvjbocjp77vhnw.png,1,OFFICIAL_BRAND_SHOP_IN_ALMATY,KZ_SKU_EVIDENCE_REQUIRED,https://www.averon.ru/catalog/element_sistem_hraneniya/shkaf_4_3_master/
AVERON-3556,Averon,НПК АВЕРОН,ШКАФ 4.3 МИНИ,3556,3556,1,"Cтолы, светильники, вытяжки, боксы / Столы зубного техника на платформе СЗТ 4.3. Стулья. Элементы системы хранения / Элементы системы хранения",Навесной шкаф в ширину стола СЗТ 4.3 МАСТЕР МИНИ,https://www.averon.ru/upload/iblock/a56/bohrbk0uxyi33fgnnzoul54qwth50exg.png,1,OFFICIAL_BRAND_SHOP_IN_ALMATY,KZ_SKU_EVIDENCE_REQUIRED,https://www.averon.ru/catalog/element_sistem_hraneniya/shkaf_4_3_mini/
AVERON-3557,Averon,НПК АВЕРОН,ШКАФ 9.2,3557,3557,1,"Cтолы, светильники, вытяжки, боксы / Столы серии СУЛ 9.3 для гипсовочной. Лабораторные столы ЭЛЕМЕНТ, СУЛ 1.х ТУМБА. Гипсоотстойники и др. сопутствующее оборудование / Серия 9.3. Столы для гипсовочной лаборатории, гипсоотстойники и сопутствующее оборудование",Навесной шкаф в ширину стола СУЛ 9.Х,https://www.averon.ru/upload/iblock/29a/u8ifmp9n4357gbwt1f6j4lgwobepl3p2.png,1,OFFICIAL_BRAND_SHOP_IN_ALMATY,KZ_SKU_EVIDENCE_REQUIRED,https://www.averon.ru/catalog/seriya_9_3_stol_dlya_gipsovochnoy_laboratorii_gipsootstoyniki_i_soputstvuiushaee_oborudovanie_/shkaf_9_2/
AVERON-9538,Averon,НПК АВЕРОН,ШЛИФДИСК 1.0 ФЛЕКС,9538,9538,1,Оборудование для изготовления моделей,"Абразивный диск для ТРИММЕР 1.х В комплекте 5 абразивных накладок, зернистость Р80",https://www.averon.ru/upload/iblock/efa/3d03m3i0nnjockuywglis5vr881o4i4n.jpg,1,OFFICIAL_BRAND_SHOP_IN_ALMATY,KZ_SKU_EVIDENCE_REQUIRED,https://www.averon.ru/catalog/oborudovanie_dlya_izgotovleniya_modeley/shlifdisk_1_0_fleks/
AVERON-2018,Averon,НПК АВЕРОН,ШПАТЕЛЬ 1.0 УНИ,2018,2018,1,Инструменты и принадлежности,Шпатель зуботехнический,https://www.averon.ru/upload/iblock/254/hu2hl37tri6q5nosq7dxz1pm2zsnjs36.jpg,1,OFFICIAL_BRAND_SHOP_IN_ALMATY,KZ_SKU_EVIDENCE_REQUIRED,https://www.averon.ru/catalog/instrument__i_prinadlejnosti/shpatel___1_0_uni/
AVERON-3559,Averon,НПК АВЕРОН,ШТОРКА 5.0 БОКС,3559,3559,1,"Cтолы, светильники, вытяжки, боксы / Боксы для лабораторий, для врачебных кабинетов, специализированные боксы","Защитная гибкая шторка на всю ширину смотрового экрана Для боксов серии Б 5.0 МАСТЕР ХХХ и столов СЗТ 3.1 ДРИМ ХХХ, СЗТ 3.2 ДРИМ ХХХ",https://www.averon.ru/upload/iblock/d7c/nwxg7wgfjaxrnej2m5bx38ophsb8y03u.jpg,1,OFFICIAL_BRAND_SHOP_IN_ALMATY,KZ_SKU_EVIDENCE_REQUIRED,https://www.averon.ru/catalog/boks_dlya_laboratoriy_dlya_vrachebnh_kabinetov_specializirovan_boks/shtorka_5_0_boks/
AVERON-13683,Averon,НПК АВЕРОН,ЩЕТКА 1.0 ХЕПА,13683,13683,1,"Cтолы, светильники, вытяжки, боксы / Автономные вытяжки для работы с пылью, газами и для CAD-CAM систем. Циклоны, прочие фильтры / Общие расходные принадлежности",Щетка для очистки ФИЛЬТР 1.0 ХЕПА,https://www.averon.ru/upload/iblock/56c/z6wiklll25cdj3h79teea8ttr0hwhhwv.png,1,OFFICIAL_BRAND_SHOP_IN_ALMATY,KZ_SKU_EVIDENCE_REQUIRED,https://www.averon.ru/catalog/obshaie_rashod_prinadlejnosti/shaetka_1_0_hepa/
AVERON-2890,Averon,НПК АВЕРОН,ЩЕТКА 2.0 ТРИММЕР,2890,2890,1,Оборудование для изготовления моделей,"Карандаш-щетка для очистки алмазного диска в ""сухих"" триммерах ТРИММЕР 2.X.",https://www.averon.ru/upload/iblock/044/m2kwvujgqk5vat3kxhyemt3tywafimvq.jpg,1,OFFICIAL_BRAND_SHOP_IN_ALMATY,KZ_SKU_EVIDENCE_REQUIRED,https://www.averon.ru/catalog/oborudovanie_dlya_izgotovleniya_modeley/shaetka_2_0_trimmer/
AVERON-1784,Averon,НПК АВЕРОН,ЩИПЦЫ 1.0 ОПОКА,1784,1784,1,Литейное оборудование,Универсальные литейные щипцы для опок. Длина 43 см,https://www.averon.ru/upload/iblock/c8f/jfpvt4rbccxxwoc5zptkq5y2ea61thyh.jpg,1,OFFICIAL_BRAND_SHOP_IN_ALMATY,KZ_SKU_EVIDENCE_REQUIRED,https://www.averon.ru/catalog/liteynoe_oborudovanie/schiptsi_1_0_opoka/
AVERON-1848,Averon,НПК АВЕРОН,ЩИТ 1.0 У,1848,1848,1,"Cтолы, светильники, вытяжки, боксы / Боксы для лабораторий, для врачебных кабинетов, специализированные боксы","Защитный экран для боксов Б 6.0 М, Б 6.0 БИГ М",https://www.averon.ru/upload/iblock/5f3/ybxaseqt1boc43fico9zvnqr1rrvmvmn.jpg,1,OFFICIAL_BRAND_SHOP_IN_ALMATY,KZ_SKU_EVIDENCE_REQUIRED,https://www.averon.ru/catalog/boks_dlya_laboratoriy_dlya_vrachebnh_kabinetov_specializirovan_boks/schit_1_0_u/
AVERON-5237,Averon,НПК АВЕРОН,ЩИТ 1.1 АРТ,5237,5237,1,"Cтолы, светильники, вытяжки, боксы / Встраиваемые и мобильные вытяжные системы и устройства",Универсальный защитный экран для вытяжных зонтов и платформ,https://www.averon.ru/upload/iblock/2d7/ftc0m63uqy0immjy9gykg7qnuumbtb6u.jpg,1,OFFICIAL_BRAND_SHOP_IN_ALMATY,KZ_SKU_EVIDENCE_REQUIRED,https://www.averon.ru/catalog/vstraivaemei_mobil_vtyaj_sistem_i_moduli/shait_1_1_art/
AVERON-5344,Averon,НПК АВЕРОН,ЩИТ 1.1 МАГНИТ,5344,5344,1,"Cтолы, светильники, вытяжки, боксы / Встраиваемые и мобильные вытяжные системы и устройства",Универсальный защитный экран с магнитами для вытяжных зонтов и платформ,https://www.averon.ru/upload/iblock/18b/70ywxs7rd58w6uty7waqii4s3faef7uf.jpg,1,OFFICIAL_BRAND_SHOP_IN_ALMATY,KZ_SKU_EVIDENCE_REQUIRED,https://www.averon.ru/catalog/vstraivaemei_mobil_vtyaj_sistem_i_moduli/shait_1_1_magnit/
AVERON-1849,Averon,НПК АВЕРОН,ЩИТ 3.0 ФЛЕКС,1849,1849,1,"Cтолы, светильники, вытяжки, боксы / Встраиваемые и мобильные вытяжные системы и устройства",Гибкий защитный экран для вытяжных платформ,https://www.averon.ru/upload/iblock/0af/me47c7yumz61kjk9v4tghxo9bdotia9h.jpg,1,OFFICIAL_BRAND_SHOP_IN_ALMATY,KZ_SKU_EVIDENCE_REQUIRED,https://www.averon.ru/catalog/vstraivaemei_mobil_vtyaj_sistem_i_moduli/shait_3_0_fleks/
AVERON-1877,Averon,НПК АВЕРОН,ЩИТ 7.0 ФЛЕКС АРТ,1877,1877,1,"Cтолы, светильники, вытяжки, боксы / Боксы для лабораторий, для врачебных кабинетов, специализированные боксы","Гибкий защитный экран для боксов Б 7.0 МОБИЛ АРТ и Б 7.1 МОБИЛ АРТ, Б 7.0 ДРИМ",https://www.averon.ru/upload/iblock/f33/3g6x5pnyca58o46blr88t0gh1jjhqlzc.jpg,1,OFFICIAL_BRAND_SHOP_IN_ALMATY,KZ_SKU_EVIDENCE_REQUIRED,https://www.averon.ru/catalog/boks_dlya_laboratoriy_dlya_vrachebnh_kabinetov_specializirovan_boks/schit_7_0_fleks_art/
AVERON-2004,Averon,НПК АВЕРОН,ЩУП 1.0,2004,2004,1,Оборудование для терапии,Электрод-щуп вилочный для апекслокатора ОВК,https://www.averon.ru/upload/iblock/87c/btsdj1mfkvmsi2yr7297gzdbl4cc0tfu.jpg,1,OFFICIAL_BRAND_SHOP_IN_ALMATY,KZ_SKU_EVIDENCE_REQUIRED,https://www.averon.ru/catalog/terapevticheskoe_oborudovanie/shaup_1_0/
AVERON-1628,Averon,НПК АВЕРОН,ЭВП 1.0 АРТ,1628,1628,1,Электровакуумные печи / ЭВП 1.0 ГРАНД,Выпуск с 2020г. по 2025г.,https://www.averon.ru/upload/iblock/41e/ry070xts2z4zn0j01h8duuckss4s8vh6.jpg,1,OFFICIAL_BRAND_SHOP_IN_ALMATY,KZ_SKU_EVIDENCE_REQUIRED,https://www.averon.ru/catalog/elektrovakuum__pechi/evp_1_0_art/
AVERON-13105,Averon,НПК АВЕРОН,ЭВП 1.0 ГРАНД,13105,13105,1,Электровакуумные печи,Современная электровакуумная печь для обжига керамики Воплощение концептуального дизайна в реальность При покупке ЭВП серии ГРАНД - вакуумный насос ВН 6.4 в подарок,https://www.averon.ru/upload/iblock/315/7uwvjzewy0p4bxhrr27j93vfph30p5yu.png,1,OFFICIAL_BRAND_SHOP_IN_ALMATY,KZ_SKU_EVIDENCE_REQUIRED,https://www.averon.ru/catalog/elektrovakuum__pechi/evp_1_0_grand/
AVERON-13826,Averon,НПК АВЕРОН,ЭВП 1.0 ГРАНД Н,13826,13826,1,Уцененное оборудование,Современная электровакуумная печь для прессования и обжига керамики Воплощение концептуального дизайна в реальность,https://www.averon.ru/upload/iblock/9cd/xo6trs1pi5jrsd68mci91x2cy7pio8dj.png,1,OFFICIAL_BRAND_SHOP_IN_ALMATY,KZ_SKU_EVIDENCE_REQUIRED,https://www.averon.ru/catalog/ucenyonnoe_oborudovanie/evp_1_0_grand_n/
AVERON-13341,Averon,НПК АВЕРОН,ЭВП 1.0 ГРАНД ПРЕСС,13341,13341,1,Электровакуумные печи,Современная электровакуумная печь для прессования и обжига керамики Пресс-блок с электромеханическим приводом Воплощение концептуального дизайна в реальность При покупке ЭВП серии ГРАНД - вакуумный насос ВН 6.4 в подарок,https://www.averon.ru/upload/iblock/3a8/v1p1rhmzzin9o8ryetlhd3vxmdmx0n1d.png,1,OFFICIAL_BRAND_SHOP_IN_ALMATY,KZ_SKU_EVIDENCE_REQUIRED,https://www.averon.ru/catalog/elektrovakuum__pechi/evp_1_0_grand_press/
AVERON-14044,Averon,НПК АВЕРОН,ЭВП 1.0 ГРАНД ПРЕСС Н,14044,14044,1,Уцененное оборудование,Современная электровакуумная печь для прессования и обжига керамики Пресс-блок с электромеханическим приводом,https://www.averon.ru/upload/iblock/4d9/sprq8y2tw4endi44ox17kek6ricu273x.png,1,OFFICIAL_BRAND_SHOP_IN_ALMATY,KZ_SKU_EVIDENCE_REQUIRED,https://www.averon.ru/catalog/ucenyonnoe_oborudovanie/evp_1_0_grand_press_n/
AVERON-13025,Averon,НПК АВЕРОН,ЭВП 1.1 СТАРТ,13025,13025,1,Электровакуумные печи,Электровакуумная печь для обжига керамики Необходимый и достаточный функционал,https://www.averon.ru/upload/iblock/9a5/tve6fkrxkeb6s64da1zqqj0p18ykzikm.png,1,OFFICIAL_BRAND_SHOP_IN_ALMATY,KZ_SKU_EVIDENCE_REQUIRED,https://www.averon.ru/catalog/elektrovakuum__pechi/evp_1_1_start/
AVERON-3150,Averon,НПК АВЕРОН,ЭВП ПРЕСС 2.0,3150,3150,1,Электровакуумные печи,Выпуск с 2020г. по 2024г.,https://www.averon.ru/upload/iblock/4cb/n60xy8wyrn4xepaqwbyll6nuo9yuzzv2.jpg,1,OFFICIAL_BRAND_SHOP_IN_ALMATY,KZ_SKU_EVIDENCE_REQUIRED,https://www.averon.ru/catalog/elektrovakuum__pechi/evp_press_2_0/
AVERON-8882,Averon,НПК АВЕРОН,ЭВП ПРЕСС 2.0 Н,8882,8882,1,Уцененное оборудование,Электровакуумная печь для прессования и обжига керамики,https://www.averon.ru/upload/iblock/776/164s172bapq265bqlvycpfrolqj8opt2.jpg,1,OFFICIAL_BRAND_SHOP_IN_ALMATY,KZ_SKU_EVIDENCE_REQUIRED,https://www.averon.ru/catalog/ucenyonnoe_oborudovanie/evp_press_2_0_n/
AVERON-1875,Averon,НПК АВЕРОН,ЭКРАН 5.0 ФЛЕКС,1875,1875,1,"Cтолы, светильники, вытяжки, боксы / Боксы для лабораторий, для врачебных кабинетов, специализированные боксы",Дополнительный гибкий экран для бокса Б 5.0 МАСТЕР ЭКО,https://www.averon.ru/upload/iblock/f78/8pqfwjurk5d5c37tejxies3hsoqs80xg.jpg,1,OFFICIAL_BRAND_SHOP_IN_ALMATY,KZ_SKU_EVIDENCE_REQUIRED,https://www.averon.ru/catalog/boks_dlya_laboratoriy_dlya_vrachebnh_kabinetov_specializirovan_boks/ekran_5_0_fleks/
AVERON-9827,Averon,НПК АВЕРОН,ЭЛЕКТРОБЛОК 2.0,9827,9827,1,"Cтолы, светильники, вытяжки, боксы / Электроника для рабочих мест",Электроблок с магнитной фиксацией на две розетки,https://www.averon.ru/upload/iblock/1c3/9xvfkm48cti33a8sgzxom9osjeh69smd.jpg,1,OFFICIAL_BRAND_SHOP_IN_ALMATY,KZ_SKU_EVIDENCE_REQUIRED,https://www.averon.ru/catalog/elektronika_dlya_rabochih_mest/elektroblok_2_0/
AVERON-1955,Averon,НПК АВЕРОН,ЭЛЕКТРОБЛОК 5.0,1955,1955,1,"Cтолы, светильники, вытяжки, боксы / Электроника для рабочих мест",Электроблок с магнитной фиксацией на пять розеток,https://www.averon.ru/upload/iblock/b31/4ye8x0qji3ocx5c7cx1xtdqnnmqin9kh.jpg,1,OFFICIAL_BRAND_SHOP_IN_ALMATY,KZ_SKU_EVIDENCE_REQUIRED,https://www.averon.ru/catalog/elektronika_dlya_rabochih_mest/elektroblok_5_0/
AVERON-1778,Averon,НПК АВЕРОН,ЭМП 1.0 КОМБИ,1778,1778,1,Уцененное оборудование,Муфельная печь для разогрева опок в технологиях литья и пресс-керамики. Режим глазурования коронок из диоксида циркония,https://www.averon.ru/upload/iblock/340/bvfpmxh19fpr9p0h6h0htoxw7x7rtfk3.jpg,1,OFFICIAL_BRAND_SHOP_IN_ALMATY,KZ_SKU_EVIDENCE_REQUIRED,https://www.averon.ru/catalog/ucenyonnoe_oborudovanie/emp_1_0_kombi/
AVERON-13907,Averon,НПК АВЕРОН,ЭМП 1.0 ПРЕСС АРТ,13907,13907,1,Литейное оборудование,Многофункциональная муфельная электропечь с современным обновленным дизайном Для разогрева опок в технологии литья и пресс-керамики Глазурование изделий из диоксида циркония Вертикальная загрузка камеры,https://www.averon.ru/upload/iblock/e5a/d6iddk6y632km04yyfawmw2u08w6ezc9.jpg,1,OFFICIAL_BRAND_SHOP_IN_ALMATY,KZ_SKU_EVIDENCE_REQUIRED,https://www.averon.ru/catalog/liteynoe_oborudovanie/emp_1_0_press_art/
AVERON-4186,Averon,НПК АВЕРОН,ЭМП 1.0 ЦИРКОН,4186,4186,1,Оборудование для CAD-CAM и 3D-печати / ЭМП 2.0 ЦИРКОН,Печь для синтеризации диоксида циркония,https://www.averon.ru/upload/iblock/d62/kizgmwzdoj3juwoffx5mpw2dj0dnrrel.jpg,1,OFFICIAL_BRAND_SHOP_IN_ALMATY,KZ_SKU_EVIDENCE_REQUIRED,https://www.averon.ru/catalog/oborudovanie_dlya_cad-cam/emp_1_0_cirkon/
AVERON-9324,Averon,НПК АВЕРОН,ЭМП 1.0 ЦИРКОН Н,9324,9324,1,Уцененное оборудование,Печь для синтеризации диоксида циркония,https://www.averon.ru/upload/iblock/dbb/fx0pc1tp5d3jar53hsdy5cmj6wdmqwm6.jpg,1,OFFICIAL_BRAND_SHOP_IN_ALMATY,KZ_SKU_EVIDENCE_REQUIRED,https://www.averon.ru/catalog/ucenyonnoe_oborudovanie/emp_1_0_cirkon_n/
AVERON-12372,Averon,НПК АВЕРОН,ЭМП 1.1 КОМБИ,12372,12372,1,Литейное оборудование,Многофункциональная муфельная электропечь для разогрева опок в технологиях литья и пресс-керамики Режим глазурования коронок из диоксида циркония Вертикальная загрузка камеры,https://www.averon.ru/upload/iblock/5a0/i26l8o8g0fc48wz51lpis12eo2pp8y61.jpg,1,OFFICIAL_BRAND_SHOP_IN_ALMATY,KZ_SKU_EVIDENCE_REQUIRED,https://www.averon.ru/catalog/liteynoe_oborudovanie/emp_1_1_kombi/
AVERON-1777,Averon,НПК АВЕРОН,ЭМП 11.1,1777,1777,1,Литейное оборудование,Компактная электромуфельная печь с горизонтальной загрузкой. Максимальная температура нагрева - 1 050°С. Вместимость - одна опока Х9.,https://www.averon.ru/upload/iblock/04d/oqztodzm9asjplrlvs9133zojp7bkl0q.jpg,1,OFFICIAL_BRAND_SHOP_IN_ALMATY,KZ_SKU_EVIDENCE_REQUIRED,https://www.averon.ru/catalog/liteynoe_oborudovanie/emp_11_1/
AVERON-5259,Averon,НПК АВЕРОН,ЭМП 11.1 НЬЮ,5259,5259,1,Литейное оборудование / ЭМП 1.0 ПРЕСС АРТ,Компактная муфельная печь с горизонтальной загрузкой. Вместимость - 1 опока х9,https://www.averon.ru/upload/iblock/a75/i63akncq3pbwdg4mh7knh4426h8sazjp.png,1,OFFICIAL_BRAND_SHOP_IN_ALMATY,KZ_SKU_EVIDENCE_REQUIRED,https://www.averon.ru/catalog/liteynoe_oborudovanie/emp_11_1_new/
AVERON-7367,Averon,НПК АВЕРОН,ЭМП 11.1 НЬЮ Н,7367,7367,1,Уцененное оборудование,Компактная муфельная печь с горизонтальной загрузкой. Вместимость - 1 опока х9.,https://www.averon.ru/upload/iblock/1ba/b49ensb87m8vhh92fqchv5h2n869rgud.png,1,OFFICIAL_BRAND_SHOP_IN_ALMATY,KZ_SKU_EVIDENCE_REQUIRED,https://www.averon.ru/catalog/ucenyonnoe_oborudovanie/emp_11_1_n__iu_n/
AVERON-1779,Averon,НПК АВЕРОН,ЭМП 11.6 НЬЮ,1779,1779,1,Литейное оборудование,Муфельная печь с горизонтальной загрузкой. Вместимость - до 6 опок Х9,https://www.averon.ru/upload/iblock/94e/j1gcbwoylacszvx74dxbumm6vsddox5k.png,1,OFFICIAL_BRAND_SHOP_IN_ALMATY,KZ_SKU_EVIDENCE_REQUIRED,https://www.averon.ru/catalog/liteynoe_oborudovanie/emp_11_6_nyu/
AVERON-12714,Averon,НПК АВЕРОН,ЭМП 2.0 ЦИРКОН,12714,12714,1,Оборудование для CAD-CAM и 3D-печати,Высокотемпературная печь для обжига (синтеризации) диоксида циркония Печь для CAD-CAM систем Горизонтальная загрузка,https://www.averon.ru/upload/iblock/7c8/6lf5bp09nqrvc3hwx8lme5aak4y4ibdw.png,1,OFFICIAL_BRAND_SHOP_IN_ALMATY,KZ_SKU_EVIDENCE_REQUIRED,https://www.averon.ru/catalog/oborudovanie_dlya_cad-cam/emp_2_0_cirkon/
AVERON-2002,Averon,НПК АВЕРОН,ЭНДО 1.0,2002,2002,1,Оборудование для терапии,"Аппарат для депо-, электро-, ионофореза, фторирования эмали и пр.",https://www.averon.ru/upload/iblock/da3/20w5qy5v1s3ah0yscq32dl5cvhb2idwx.jpg,1,OFFICIAL_BRAND_SHOP_IN_ALMATY,KZ_SKU_EVIDENCE_REQUIRED,https://www.averon.ru/catalog/terapevticheskoe_oborudovanie/endo_1_0/
AVERON-13958,Averon,НПК АВЕРОН,ЭНДО 1.1,13958,13958,1,Оборудование для терапии,"Аппарат для депо-, электро-, ионофореза, фторирования эмали и пр.",https://www.averon.ru/upload/iblock/6b9/xm9yxqjznyoi9xnbqg9du0716bse13xb.jpg,1,OFFICIAL_BRAND_SHOP_IN_ALMATY,KZ_SKU_EVIDENCE_REQUIRED,https://www.averon.ru/catalog/terapevticheskoe_oborudovanie/endo_1_1/
AVERON-2001,Averon,НПК АВЕРОН,ЭОТ 1.1,2001,2001,1,Оборудование для терапии,Определитель состояния пульпы зуба (электроодонтотестер),https://www.averon.ru/upload/iblock/bdd/yblo2shm0lkl50n0w8l3msekmjtls6az.jpg,1,OFFICIAL_BRAND_SHOP_IN_ALMATY,KZ_SKU_EVIDENCE_REQUIRED,https://www.averon.ru/catalog/terapevticheskoe_oborudovanie/eot_1_1/
AVERON-14191,Averon,НПК АВЕРОН,ЭОТ 1.2,14191,14191,1,Оборудование для терапии,Определитель состояния пульпы зуба (электроодонтотестер),https://www.averon.ru/upload/iblock/b96/gvqhj08svcb05a1ht4j82koeb0kn3fp4.jpg,1,OFFICIAL_BRAND_SHOP_IN_ALMATY,KZ_SKU_EVIDENCE_REQUIRED,https://www.averon.ru/catalog/terapevticheskoe_oborudovanie/eot_1_2/
AVERON-1776,Averon,НПК АВЕРОН,ЭПС 2.1 М,1776,1776,1,Литейное оборудование,Печь для выплавления воска из литейных форм и сушки огнеупорных моделей. Вместимость - 8 опок х9. Применяется в электронной и ювелирной промышленности.,https://www.averon.ru/upload/iblock/5ab/8j4idryneeyrmq0jqzeaxgbzr1r5wqyn.png,1,OFFICIAL_BRAND_SHOP_IN_ALMATY,KZ_SKU_EVIDENCE_REQUIRED,https://www.averon.ru/catalog/liteynoe_oborudovanie/eps_2_1_m/
AVERON-4258,Averon,НПК АВЕРОН,ЭПС 2.1 М Н,4258,4258,1,Уцененное оборудование,Электрическая сушильная печь для выплавления воска из литейных форм и сушки огнеупорных моделей,https://www.averon.ru/upload/iblock/d44/rinh6ycfzlqmhjqnmxly4uwfui0630sc.png,1,OFFICIAL_BRAND_SHOP_IN_ALMATY,KZ_SKU_EVIDENCE_REQUIRED,https://www.averon.ru/catalog/ucenyonnoe_oborudovanie/eps_2_1_m_n/
AVERON-1681,Averon,НПК АВЕРОН,ЭШЗ 1.0 ДУЭТ НЬЮ,1681,1681,1,Устройства для моделирования восками,Двухканальный электрошпатель. Управление по визуальной шкале. Нагреватели с датчиками температуры. Насадки НС 4.0 НЬЮ и НС 5.0 НЬЮ.,https://www.averon.ru/upload/iblock/3a1/qv98qda5p3mi8y4a3vp39efx78564zw2.jpg,1,OFFICIAL_BRAND_SHOP_IN_ALMATY,KZ_SKU_EVIDENCE_REQUIRED,https://www.averon.ru/catalog/ustroistva_modelirovaniya_voskami/eshz_1_0_duet_n__iu/
AVERON-1678,Averon,НПК АВЕРОН,ЭШЗ 1.0 НЬЮ,1678,1678,1,Устройства для моделирования восками,Электрошпатель с управлением по визуальной шкале. Нагреватель с датчиком температуры. Насадка НС 5.0 НЬЮ,https://www.averon.ru/upload/iblock/205/9no3fey0j85qg4sam9xitm8cu3j8f1uy.jpg,1,OFFICIAL_BRAND_SHOP_IN_ALMATY,KZ_SKU_EVIDENCE_REQUIRED,https://www.averon.ru/catalog/ustroistva_modelirovaniya_voskami/eshz_1_0_nyu/
AVERON-13561,Averon,НПК АВЕРОН,ЭШЗ 1.0 ОЛД,13561,13561,1,Устройства для моделирования восками,"Зуботехнический электрошпатель с управлением по визуальной шкале, блок управления совмещён с подставкой для ручки, без контроля по датчику температуры В комплекте две шпательные ручки с несъёмными насадками (номер 4 и 5) разъёмом ""тюльпан""",https://www.averon.ru/upload/iblock/8d4/3l9uip4oojan19sv3djmvrmg2mwi2ul5.png,1,OFFICIAL_BRAND_SHOP_IN_ALMATY,KZ_SKU_EVIDENCE_REQUIRED,https://www.averon.ru/catalog/ustroistva_modelirovaniya_voskami/eshz_1_0_old/
AVERON-9680,Averon,НПК АВЕРОН,ЭШЗ 1.1 СТАРТ,9680,9680,1,Устройства для моделирования восками / ВТ 2.1 КОМБИ НЬЮ / ЭШЗ 1.0 ОЛД,"Бюджетный зуботехнический электрошпатель с управлением температурой по визуальной шкале Ручка из твёрдых пород дерева со съемной насадкой ""лопатка прямая""",https://www.averon.ru/upload/iblock/a33/cv0550vaoqvuqdfvx2f2diwlncfai9ii.jpg,1,OFFICIAL_BRAND_SHOP_IN_ALMATY,KZ_SKU_EVIDENCE_REQUIRED,https://www.averon.ru/catalog/ustroistva_modelirovaniya_voskami/eshz_1_1_start/
AVERON-14662,Averon,НПК АВЕРОН,ЭШЗ 1.2 СТАРТ,14662,14662,1,Устройства для моделирования восками,"Бюджетный зуботехнический электрошпатель с управлением температурой по визуальной шкале, без контроля по датчику температуры Ручка из твёрдых пород дерева с несъемной насадкой ""лопатка прямая"" РШ 5.2 ТАЙПСИ, разъем type-c для подключения к пульту управления",https://www.averon.ru/upload/iblock/452/jqo3mwt857rr6mzbkd80kh1e0opt4253.png,1,OFFICIAL_BRAND_SHOP_IN_ALMATY,KZ_SKU_EVIDENCE_REQUIRED,https://www.averon.ru/catalog/ustroistva_modelirovaniya_voskami/eshz_1_2_start/
AVERON-1675,Averon,НПК АВЕРОН,ЭШЗ 1.4,1675,1675,1,Устройства для моделирования восками,"Электрошпатель с управлением по визуальной шкале. Ручка шпателя РШ 4.1 с несъемной насадкой ""игла изогнутая тонкая"".",https://www.averon.ru/upload/iblock/cb8/eoan1u3o5okwh60qon2205rma3bvvtqx.jpg,1,OFFICIAL_BRAND_SHOP_IN_ALMATY,KZ_SKU_EVIDENCE_REQUIRED,https://www.averon.ru/catalog/ustroistva_modelirovaniya_voskami/eshz_1_4/
AVERON-1676,Averon,НПК АВЕРОН,ЭШЗ 1.5,1676,1676,1,Устройства для моделирования восками,"Электрошпатель с управлением по визуальной шкале. Ручка шпателя РШ 5.1 с несъемной насадкой ""лопатка прямая"".",https://www.averon.ru/upload/iblock/d90/8w1d0rep84cva80m5538j12zdd0lnggl.jpg,1,OFFICIAL_BRAND_SHOP_IN_ALMATY,KZ_SKU_EVIDENCE_REQUIRED,https://www.averon.ru/catalog/ustroistva_modelirovaniya_voskami/eshz_1_5/
AVERON-1684,Averon,НПК АВЕРОН,ЭШЗ 2.0 ДУЭТ НЬЮ,1684,1684,1,Устройства для моделирования восками,Двухканальный электрошпатель. Цифровая индикация. Нагреватели с датчиками температуры. Насадки НС 4.0 НЬЮ и НС 5.0 НЬЮ,https://www.averon.ru/upload/iblock/bfd/ala74jj54dt2bn4f8zt7f7ljvvx9idcc.jpg,1,OFFICIAL_BRAND_SHOP_IN_ALMATY,KZ_SKU_EVIDENCE_REQUIRED,https://www.averon.ru/catalog/ustroistva_modelirovaniya_voskami/eshz_2_0_duet_n__iu/
AVERON-8895,Averon,НПК АВЕРОН,ЭШЗ 2.1 ДУЭТ НЬЮ,8895,8895,1,Устройства для моделирования восками / ВТ 2.1 КОМБИ НЬЮ,"Зуботехнический двухканальный электрошпатель с цифровой индикацией и датчиками температуры на рабочих насадках Раздельное управление каналами Ручки из твёрдых пород дерева со съемными насадками ""лопатка прямая"", ""игла изогнутая, тонкая""",https://www.averon.ru/upload/iblock/97b/8uavbjya465u6d5eq6oz2s6p65058i9c.jpg,1,OFFICIAL_BRAND_SHOP_IN_ALMATY,KZ_SKU_EVIDENCE_REQUIRED,https://www.averon.ru/catalog/ustroistva_modelirovaniya_voskami/eshz_2_1_duet_n__iu/
AVERON-8799,Averon,НПК АВЕРОН,ЭШЗ 2.1 НЬЮ,8799,8799,1,Устройства для моделирования восками / ЭШЗ 1.0 ОЛД,Электрошпатель с цифровой индикацией и шпательной ручкой из твёрдых пород дерева Насадка НС 5.0 НЬЮ,https://www.averon.ru/upload/iblock/a70/f5gcg46dnc631sftgzq5eo334qbc6n9p.png,1,OFFICIAL_BRAND_SHOP_IN_ALMATY,KZ_SKU_EVIDENCE_REQUIRED,https://www.averon.ru/catalog/ustroistva_modelirovaniya_voskami/eshz_2_1_n__iu/
AVERON-14853,Averon,НПК АВЕРОН,ЭШЗ 2.2 ДУЭТ НЬЮ,14853,14853,1,Устройства для моделирования восками,"Зуботехнический двухканальный электрошпатель с цифровой индикацией и раздельным управлением каналами, с функцией измерения и поддержания температуры Ручки из твёрдых пород дерева с несъемными насадками РШ 4.2 ТАЙПСИ ""игла изогнутая, тонкая"", РШ 5.2 ТАЙПСИ ""лопатка прямая""",https://www.averon.ru/upload/iblock/b8b/j6pv0z3fekmusbofwkga0y9eedr36pqy.jpg,1,OFFICIAL_BRAND_SHOP_IN_ALMATY,KZ_SKU_EVIDENCE_REQUIRED,https://www.averon.ru/catalog/ustroistva_modelirovaniya_voskami/eshz_2_2_duet_n_iu/
AVERON-14911,Averon,НПК АВЕРОН,ЭШЗ 2.2 НЬЮ,14911,14911,1,Устройства для моделирования восками,"Зуботехнический электрошпатель с цифровой индикацией и функцией измерения и поддержания температуры Ручка из твёрдых пород дерева с несъемной насадкой ""лопатка прямая"" РШ 5.2 ТАЙПСИ, разъем type-c для подключения к пульту управления",https://www.averon.ru/upload/iblock/f59/sz8naoyzbqd7kmj9o9qgjowbpqvkyd69.png,1,OFFICIAL_BRAND_SHOP_IN_ALMATY,KZ_SKU_EVIDENCE_REQUIRED,https://www.averon.ru/catalog/ustroistva_modelirovaniya_voskami/eshz_2_2_n_iu/
