canonicalProductId,brand,name,decision,reasons,warnings,photoStatus,manufacturerRefs,sourcePageUrl
CANON-ВЛАДМИВА-00000018862,ВладМиВа,836.204.001.000.016,MODERATION,,PHOTO_REVIEW_REQUIRED | EXACT_KZ_SKU_EVIDENCE_REQUIRED,SHARED_IMAGE_REVIEW_REQUIRED,00000018862,https://www.vladmiva.ru/products/sfericheskie-uglovye/806-204-001-504-016_1/
CANON-ВЛАДМИВА-00000025837,ВладМиВа,836.204.001.000.018,MODERATION,,PHOTO_REVIEW_REQUIRED | EXACT_KZ_SKU_EVIDENCE_REQUIRED,SHARED_IMAGE_REVIEW_REQUIRED,00000025837,https://www.vladmiva.ru/products/sfericheskie-uglovye/806-204-001-504-018_1/
CANON-ВЛАДМИВА-00000018863,ВладМиВа,836.204.001.000.023,MODERATION,,PHOTO_REVIEW_REQUIRED | EXACT_KZ_SKU_EVIDENCE_REQUIRED,SHARED_IMAGE_REVIEW_REQUIRED,00000018863,https://www.vladmiva.ru/products/sfericheskie-uglovye/806-204-001-504-023/
CANON-ВЛАДМИВА-00000024058,ВладМиВа,836.204.001.000.025,MODERATION,,PHOTO_REVIEW_REQUIRED | EXACT_KZ_SKU_EVIDENCE_REQUIRED,SHARED_IMAGE_REVIEW_REQUIRED,00000024058,https://www.vladmiva.ru/products/sfericheskie-uglovye/806-204-001-504-025/
CANON-ВЛАДМИВА-00000022971,ВладМиВа,836.204.164.100.012,MODERATION,,PHOTO_REVIEW_REQUIRED | EXACT_KZ_SKU_EVIDENCE_REQUIRED,SHARED_IMAGE_REVIEW_REQUIRED,00000022971,https://www.vladmiva.ru/products/konusnye-uglovye/806-204-166-504-012/
CANON-ВЛАДМИВА-00000013442,ВладМиВа,836.204.164.100.014,MODERATION,,PHOTO_REVIEW_REQUIRED | EXACT_KZ_SKU_EVIDENCE_REQUIRED,SHARED_IMAGE_REVIEW_REQUIRED,00000013442,https://www.vladmiva.ru/products/konusnye-uglovye/806-204-166-504-014/
CANON-ВЛАДМИВА-00000016002,ВладМиВа,836.314.001.000.009,MODERATION,,PHOTO_REVIEW_REQUIRED | EXACT_KZ_SKU_EVIDENCE_REQUIRED,SHARED_IMAGE_REVIEW_REQUIRED,00000016002,https://www.vladmiva.ru/products/sfericheskie-trubinnye/806-314-001-504-009/
CANON-ВЛАДМИВА-00000019808,ВладМиВа,836.314.001.000.010,MODERATION,,PHOTO_REVIEW_REQUIRED | EXACT_KZ_SKU_EVIDENCE_REQUIRED,SHARED_IMAGE_REVIEW_REQUIRED,00000019808,https://www.vladmiva.ru/products/sfericheskie-trubinnye/806-314-001-504-010/
CANON-ВЛАДМИВА-00000014412,ВладМиВа,836.314.001.000.012,MODERATION,,PHOTO_REVIEW_REQUIRED | EXACT_KZ_SKU_EVIDENCE_REQUIRED,SHARED_IMAGE_REVIEW_REQUIRED,00000014412,https://www.vladmiva.ru/products/sfericheskie-trubinnye/806-314-001-504-012/
CANON-ВЛАДМИВА-00000014929,ВладМиВа,836.314.001.000.014,MODERATION,,PHOTO_REVIEW_REQUIRED | EXACT_KZ_SKU_EVIDENCE_REQUIRED,SHARED_IMAGE_REVIEW_REQUIRED,00000014929,https://www.vladmiva.ru/products/sfericheskie-trubinnye/806-314-001-504-014/
CANON-ВЛАДМИВА-00000015126,ВладМиВа,836.314.001.000.016,MODERATION,,PHOTO_REVIEW_REQUIRED | EXACT_KZ_SKU_EVIDENCE_REQUIRED,SHARED_IMAGE_REVIEW_REQUIRED,00000015126,https://www.vladmiva.ru/products/sfericheskie-trubinnye/806-314-001-504-016/
CANON-ВЛАДМИВА-00000018909,ВладМиВа,836.314.001.000.018,MODERATION,,PHOTO_REVIEW_REQUIRED | EXACT_KZ_SKU_EVIDENCE_REQUIRED,SHARED_IMAGE_REVIEW_REQUIRED,00000018909,https://www.vladmiva.ru/products/sfericheskie-trubinnye/806-314-001-504-018/
CANON-ВЛАДМИВА-00000017610,ВладМиВа,836.314.001.000.021,MODERATION,,PHOTO_REVIEW_REQUIRED | EXACT_KZ_SKU_EVIDENCE_REQUIRED,SHARED_IMAGE_REVIEW_REQUIRED,00000017610,https://www.vladmiva.ru/products/sfericheskie-trubinnye/806-314-001-504-021/
CANON-ВЛАДМИВА-00000009045,ВладМиВа,836.314.001.000.023,MODERATION,,PHOTO_REVIEW_REQUIRED | EXACT_KZ_SKU_EVIDENCE_REQUIRED,SHARED_IMAGE_REVIEW_REQUIRED,00000009045,https://www.vladmiva.ru/products/sfericheskie-trubinnye/806-314-001-504-023/
CANON-ВЛАДМИВА-00000014878,ВладМиВа,836.314.001.000.025,MODERATION,,PHOTO_REVIEW_REQUIRED | EXACT_KZ_SKU_EVIDENCE_REQUIRED,SHARED_IMAGE_REVIEW_REQUIRED,00000014878,https://www.vladmiva.ru/products/sfericheskie-trubinnye/806-314-001-504-025/
CANON-ВЛАДМИВА-00000015186,ВладМиВа,836.314.010.016.010,MODERATION,,PHOTO_REVIEW_REQUIRED | EXACT_KZ_SKU_EVIDENCE_REQUIRED,SHARED_IMAGE_REVIEW_REQUIRED,00000015186,https://www.vladmiva.ru/products/konusnye-trubinnye/806-314-010-504-010/
CANON-ВЛАДМИВА-00000015187,ВладМиВа,836.314.010.016.012,MODERATION,,PHOTO_REVIEW_REQUIRED | EXACT_KZ_SKU_EVIDENCE_REQUIRED,SHARED_IMAGE_REVIEW_REQUIRED,00000015187,https://www.vladmiva.ru/products/konusnye-trubinnye/806-314-010-504-012/
CANON-ВЛАДМИВА-00000015188,ВладМиВа,836.314.010.016.014,MODERATION,,PHOTO_REVIEW_REQUIRED | EXACT_KZ_SKU_EVIDENCE_REQUIRED,SHARED_IMAGE_REVIEW_REQUIRED,00000015188,https://www.vladmiva.ru/products/konusnye-trubinnye/806-314-010-504-014/
CANON-ВЛАДМИВА-00000017609,ВладМиВа,836.314.010.016.016,MODERATION,,PHOTO_REVIEW_REQUIRED | EXACT_KZ_SKU_EVIDENCE_REQUIRED,SHARED_IMAGE_REVIEW_REQUIRED,00000017609,https://www.vladmiva.ru/products/konusnye-trubinnye/806-314-010-504-016/
CANON-ВЛАДМИВА-00000014283,ВладМиВа,836.314.010.023.021,MODERATION,,PHOTO_REVIEW_REQUIRED | EXACT_KZ_SKU_EVIDENCE_REQUIRED,SHARED_IMAGE_REVIEW_REQUIRED,00000014283,https://www.vladmiva.ru/products/konusnye-trubinnye/806-314-010-504-021/
CANON-ВЛАДМИВА-00000022313,ВладМиВа,836.314.107.060.010,MODERATION,,PHOTO_REVIEW_REQUIRED | EXACT_KZ_SKU_EVIDENCE_REQUIRED,SHARED_IMAGE_REVIEW_REQUIRED,00000022313,https://www.vladmiva.ru/products/tsilindricheskie-trubinnye/806-314-110-504-010/
CANON-ВЛАДМИВА-00000014931,ВладМиВа,836.314.107.060.012,MODERATION,,PHOTO_REVIEW_REQUIRED | EXACT_KZ_SKU_EVIDENCE_REQUIRED,SHARED_IMAGE_REVIEW_REQUIRED,00000014931,https://www.vladmiva.ru/products/tsilindricheskie-trubinnye/806-314-110-504-012/
CANON-ВЛАДМИВА-00000018205,ВладМиВа,836.314.107.080.009,MODERATION,,PHOTO_REVIEW_REQUIRED | EXACT_KZ_SKU_EVIDENCE_REQUIRED,SHARED_IMAGE_REVIEW_REQUIRED,00000018205,https://www.vladmiva.ru/products/tsilindricheskie-trubinnye/806-314-111-504-009/
CANON-ВЛАДМИВА-00000018600,ВладМиВа,836.314.107.080.010,MODERATION,,PHOTO_REVIEW_REQUIRED | EXACT_KZ_SKU_EVIDENCE_REQUIRED,SHARED_IMAGE_REVIEW_REQUIRED,00000018600,https://www.vladmiva.ru/products/tsilindricheskie-trubinnye/806-314-111-504-010/
CANON-ВЛАДМИВА-00000018051,ВладМиВа,836.314.107.080.012,MODERATION,,PHOTO_REVIEW_REQUIRED | EXACT_KZ_SKU_EVIDENCE_REQUIRED,SHARED_IMAGE_REVIEW_REQUIRED,00000018051,https://www.vladmiva.ru/products/tsilindricheskie-trubinnye/806-314-111-504-012/
CANON-ВЛАДМИВА-00000014932,ВладМиВа,836.314.107.080.014,MODERATION,,PHOTO_REVIEW_REQUIRED | EXACT_KZ_SKU_EVIDENCE_REQUIRED,SHARED_IMAGE_REVIEW_REQUIRED,00000014932,https://www.vladmiva.ru/products/tsilindricheskie-trubinnye/806-314-111-504-014/
CANON-ВЛАДМИВА-00000074510,ВладМиВа,836.314.126.060.012,MODERATION,,PHOTO_REVIEW_REQUIRED | EXACT_KZ_SKU_EVIDENCE_REQUIRED,SHARED_IMAGE_REVIEW_REQUIRED,00000074510,https://www.vladmiva.ru/products/tsilindricheskie-trubinnye/806-314-129-504-012/
CANON-ВЛАДМИВА-00000016000,ВладМиВа,836.314.126.080.010,MODERATION,,PHOTO_REVIEW_REQUIRED | EXACT_KZ_SKU_EVIDENCE_REQUIRED,SHARED_IMAGE_REVIEW_REQUIRED,00000016000,https://www.vladmiva.ru/products/tsilindricheskie-trubinnye/806-314-130-504-010/
CANON-ВЛАДМИВА-00000014934,ВладМиВа,836.314.126.080.012,MODERATION,,PHOTO_REVIEW_REQUIRED | EXACT_KZ_SKU_EVIDENCE_REQUIRED,SHARED_IMAGE_REVIEW_REQUIRED,00000014934,https://www.vladmiva.ru/products/tsilindricheskie-trubinnye/806-314-130-504-012/
CANON-ВЛАДМИВА-00000014457,ВладМиВа,836.314.126.100.010,MODERATION,,PHOTO_REVIEW_REQUIRED | EXACT_KZ_SKU_EVIDENCE_REQUIRED,SHARED_IMAGE_REVIEW_REQUIRED,00000014457,https://www.vladmiva.ru/products/tsilindricheskie-trubinnye/806-314-131-504-010/
CANON-ВЛАДМИВА-00000020041,ВладМиВа,836.314.126.100.012,MODERATION,,PHOTO_REVIEW_REQUIRED | EXACT_KZ_SKU_EVIDENCE_REQUIRED,SHARED_IMAGE_REVIEW_REQUIRED,00000020041,https://www.vladmiva.ru/products/tsilindricheskie-trubinnye/806-314-131-504-012/
CANON-ВЛАДМИВА-00000018053,ВладМиВа,836.314.126.100.014,MODERATION,,PHOTO_REVIEW_REQUIRED | EXACT_KZ_SKU_EVIDENCE_REQUIRED,SHARED_IMAGE_REVIEW_REQUIRED,00000018053,https://www.vladmiva.ru/products/tsilindricheskie-trubinnye/806-314-131-504-014/
CANON-ВЛАДМИВА-00000018808,ВладМиВа,836.314.137.100.010,MODERATION,,PHOTO_REVIEW_REQUIRED | EXACT_KZ_SKU_EVIDENCE_REQUIRED,SHARED_IMAGE_REVIEW_REQUIRED,00000018808,https://www.vladmiva.ru/products/tsilindricheskie-trubinnye/806-314-142-504-010/
CANON-ВЛАДМИВА-00000018204,ВладМиВа,836.314.164.100.025,MODERATION,,PHOTO_REVIEW_REQUIRED | EXACT_KZ_SKU_EVIDENCE_REQUIRED,SHARED_IMAGE_REVIEW_REQUIRED,00000018204,https://www.vladmiva.ru/products/konusnye-trubinnye/806-314-166-504-025/
CANON-ВЛАДМИВА-00000008156,ВладМиВа,836.314.168.100.021,MODERATION,,PHOTO_REVIEW_REQUIRED | EXACT_KZ_SKU_EVIDENCE_REQUIRED,SHARED_IMAGE_REVIEW_REQUIRED,00000008156,https://www.vladmiva.ru/products/konusnye-trubinnye/806-314-173-504-021/
CANON-ВЛАДМИВА-00000026714,ВладМиВа,836.314.237.040.014,MODERATION,,PHOTO_REVIEW_REQUIRED | EXACT_KZ_SKU_EVIDENCE_REQUIRED,SHARED_IMAGE_REVIEW_REQUIRED,00000026714,https://www.vladmiva.ru/products/prochie-formy-trubinnye/806-314-238-504-014/
CANON-ВЛАДМИВА-00000014420,ВладМиВа,836.314.237.070.021,MODERATION,,PHOTO_REVIEW_REQUIRED | EXACT_KZ_SKU_EVIDENCE_REQUIRED,SHARED_IMAGE_REVIEW_REQUIRED,00000014420,https://www.vladmiva.ru/products/prochie-formy-trubinnye/806-314-239-504-021/
CANON-ВЛАДМИВА-00-00066386,ВладМиВа,836.314.243.080.010,MODERATION,,PHOTO_REVIEW_REQUIRED | EXACT_KZ_SKU_EVIDENCE_REQUIRED,SHARED_IMAGE_REVIEW_REQUIRED,00-00066386,https://www.vladmiva.ru/products/plamevidnye-trubinnye/806-314-243-504-010/
CANON-ВЛАДМИВА-00000018052,ВладМиВа,836.314.245.100.010,MODERATION,,PHOTO_REVIEW_REQUIRED | EXACT_KZ_SKU_EVIDENCE_REQUIRED,SHARED_IMAGE_REVIEW_REQUIRED,00000018052,https://www.vladmiva.ru/products/tsilindricheskie-trubinnye/806-314-250-504-010/
CANON-ВЛАДМИВА-00000024283,ВладМиВа,836.314.254.030.012,MODERATION,,PHOTO_REVIEW_REQUIRED | EXACT_KZ_SKU_EVIDENCE_REQUIRED,SHARED_IMAGE_REVIEW_REQUIRED,00000024283,https://www.vladmiva.ru/products/prochie-formy-trubinnye/806-314-257-504-012/
CANON-ВЛАДМИВА-00000014937,ВладМиВа,836.314.254.030.014,MODERATION,,PHOTO_REVIEW_REQUIRED | EXACT_KZ_SKU_EVIDENCE_REQUIRED,SHARED_IMAGE_REVIEW_REQUIRED,00000014937,https://www.vladmiva.ru/products/prochie-formy-trubinnye/806-314-257-504-014/
CANON-ВЛАДМИВА-00000014938,ВладМиВа,836.314.254.045.016,MODERATION,,PHOTO_REVIEW_REQUIRED | EXACT_KZ_SKU_EVIDENCE_REQUIRED,SHARED_IMAGE_REVIEW_REQUIRED,00000014938,https://www.vladmiva.ru/products/prochie-formy-trubinnye/806-314-257-504-016/
CANON-ВЛАДМИВА-00000045905,ВладМиВа,836.314.254.050.018,MODERATION,,PHOTO_REVIEW_REQUIRED | EXACT_KZ_SKU_EVIDENCE_REQUIRED,SHARED_IMAGE_REVIEW_REQUIRED,00000045905,https://www.vladmiva.ru/products/prochie-formy-trubinnye/806-314-257-504-018/
CANON-ВЛАДМИВА-00000015124,ВладМиВа,836.314.254.050.021,MODERATION,,PHOTO_REVIEW_REQUIRED | EXACT_KZ_SKU_EVIDENCE_REQUIRED,SHARED_IMAGE_REVIEW_REQUIRED,00000015124,https://www.vladmiva.ru/products/prochie-formy-trubinnye/806-314-257-504-021/
CANON-ВЛАДМИВА-00000019878,ВладМиВа,836.314.254.050.025,MODERATION,,PHOTO_REVIEW_REQUIRED | EXACT_KZ_SKU_EVIDENCE_REQUIRED,SHARED_IMAGE_REVIEW_REQUIRED,00000019878,https://www.vladmiva.ru/products/prochie-formy-trubinnye/806-314-257-504-025/
CANON-ВЛАДМИВА-00000036457,ВладМиВа,836.314.272.100.010,MODERATION,,PHOTO_REVIEW_REQUIRED | EXACT_KZ_SKU_EVIDENCE_REQUIRED,SHARED_IMAGE_REVIEW_REQUIRED,00000036457,https://www.vladmiva.ru/products/prochie-formy-trubinnye/806-314-274-504-010/
CANON-ВЛАДМИВА-00000018911,ВладМиВа,836.314.272.100.012,MODERATION,,PHOTO_REVIEW_REQUIRED | EXACT_KZ_SKU_EVIDENCE_REQUIRED,SHARED_IMAGE_REVIEW_REQUIRED,00000018911,https://www.vladmiva.ru/products/prochie-formy-trubinnye/806-314-274-504-012/
CANON-ВЛАДМИВА-00000019804,ВладМиВа,836.314.272.100.014,MODERATION,,PHOTO_REVIEW_REQUIRED | EXACT_KZ_SKU_EVIDENCE_REQUIRED,SHARED_IMAGE_REVIEW_REQUIRED,00000019804,https://www.vladmiva.ru/products/prochie-formy-trubinnye/806-314-274-504-014/
CANON-ВЛАДМИВА-00000021204,ВладМиВа,836.314.277.028.012,MODERATION,,PHOTO_REVIEW_REQUIRED | EXACT_KZ_SKU_EVIDENCE_REQUIRED,SHARED_IMAGE_REVIEW_REQUIRED,00000021204,https://www.vladmiva.ru/products/prochie-formy-trubinnye/806-314-277-504-012/
CANON-ВЛАДМИВА-00000041891,ВладМиВа,836.314.277.034.014,MODERATION,,PHOTO_REVIEW_REQUIRED | EXACT_KZ_SKU_EVIDENCE_REQUIRED,SHARED_IMAGE_REVIEW_REQUIRED,00000041891,https://www.vladmiva.ru/products/prochie-formy-trubinnye/806-314-277-504-014/
CANON-ВЛАДМИВА-00000014939,ВладМиВа,836.314.277.036.016,MODERATION,,PHOTO_REVIEW_REQUIRED | EXACT_KZ_SKU_EVIDENCE_REQUIRED,SHARED_IMAGE_REVIEW_REQUIRED,00000014939,https://www.vladmiva.ru/products/prochie-formy-trubinnye/806-314-277-504-016/
CANON-ВЛАДМИВА-00000014940,ВладМиВа,836.314.277.042.021,MODERATION,,PHOTO_REVIEW_REQUIRED | EXACT_KZ_SKU_EVIDENCE_REQUIRED,SHARED_IMAGE_REVIEW_REQUIRED,00000014940,https://www.vladmiva.ru/products/prochie-formy-trubinnye/806-314-277-504-021/
CANON-ВЛАДМИВА-00000014943,ВладМиВа,836.314.539.040.010,MODERATION,,PHOTO_REVIEW_REQUIRED | EXACT_KZ_SKU_EVIDENCE_REQUIRED,SHARED_IMAGE_REVIEW_REQUIRED,00000014943,https://www.vladmiva.ru/products/prochie-formy-trubinnye/806-314-540-504-010/
CANON-ВЛАДМИВА-00000032482,ВладМиВа,836.314.697.000.010,MODERATION,,PHOTO_REVIEW_REQUIRED | EXACT_KZ_SKU_EVIDENCE_REQUIRED,SHARED_IMAGE_REVIEW_REQUIRED,00000032482,https://www.vladmiva.ru/products/sfericheskie-trubinnye/806-314-697-504-010/
CANON-ВЛАДМИВА-00000024195,ВладМиВа,836.314.697.000.012,MODERATION,,PHOTO_REVIEW_REQUIRED | EXACT_KZ_SKU_EVIDENCE_REQUIRED,SHARED_IMAGE_REVIEW_REQUIRED,00000024195,https://www.vladmiva.ru/products/sfericheskie-trubinnye/806-314-697-504-012/
CANON-ВЛАДМИВА-00000013107,ВладМиВа,836.315.001.000.010,MODERATION,,PHOTO_REVIEW_REQUIRED | EXACT_KZ_SKU_EVIDENCE_REQUIRED,SHARED_IMAGE_REVIEW_REQUIRED,00000013107,https://www.vladmiva.ru/products/sfericheskie-trubinnye/806-315-001-504-010/
CANON-ВЛАДМИВА-00000010961,ВладМиВа,836.315.001.000.012,MODERATION,,PHOTO_REVIEW_REQUIRED | EXACT_KZ_SKU_EVIDENCE_REQUIRED,SHARED_IMAGE_REVIEW_REQUIRED,00000010961,https://www.vladmiva.ru/products/sfericheskie-trubinnye/806-315-001-504-012/
CANON-ВЛАДМИВА-00000009773,ВладМиВа,836.315.001.000.014,MODERATION,,PHOTO_REVIEW_REQUIRED | EXACT_KZ_SKU_EVIDENCE_REQUIRED,SHARED_IMAGE_REVIEW_REQUIRED,00000009773,https://www.vladmiva.ru/products/sfericheskie-trubinnye/806-315-001-504-014/
CANON-ВЛАДМИВА-00000012893,ВладМиВа,836.315.001.000.016,MODERATION,,PHOTO_REVIEW_REQUIRED | EXACT_KZ_SKU_EVIDENCE_REQUIRED,SHARED_IMAGE_REVIEW_REQUIRED,00000012893,https://www.vladmiva.ru/products/sfericheskie-trubinnye/806-315-001-504-016/
CANON-ВЛАДМИВА-00000021565,ВладМиВа,836.315.001.000.018,MODERATION,,PHOTO_REVIEW_REQUIRED | EXACT_KZ_SKU_EVIDENCE_REQUIRED,SHARED_IMAGE_REVIEW_REQUIRED,00000021565,https://www.vladmiva.ru/products/sfericheskie-trubinnye/806-315-001-504-018/
CANON-ВЛАДМИВА-00000023233,ВладМиВа,836.315.001.000.021,MODERATION,,PHOTO_REVIEW_REQUIRED | EXACT_KZ_SKU_EVIDENCE_REQUIRED,SHARED_IMAGE_REVIEW_REQUIRED,00000023233,https://www.vladmiva.ru/products/sfericheskie-trubinnye/806-315-001-504-021/
CANON-ВЛАДМИВА-00000022597,ВладМиВа,836.315.001.000.023,MODERATION,,PHOTO_REVIEW_REQUIRED | EXACT_KZ_SKU_EVIDENCE_REQUIRED,SHARED_IMAGE_REVIEW_REQUIRED,00000022597,https://www.vladmiva.ru/products/sfericheskie-trubinnye/806-315-001-504-023/
CANON-ВЛАДМИВА-00000022876,ВладМиВа,836.315.001.000.025,MODERATION,,PHOTO_REVIEW_REQUIRED | EXACT_KZ_SKU_EVIDENCE_REQUIRED,SHARED_IMAGE_REVIEW_REQUIRED,00000022876,https://www.vladmiva.ru/products/sfericheskie-trubinnye/806-315-001-504-025/
CANON-ВЛАДМИВА-00000021472,ВладМиВа,836.315.010.016.010,MODERATION,,PHOTO_REVIEW_REQUIRED | EXACT_KZ_SKU_EVIDENCE_REQUIRED,SHARED_IMAGE_REVIEW_REQUIRED,00000021472,https://www.vladmiva.ru/products/konusnye-trubinnye/806-315-010-504-010/
CANON-ВЛАДМИВА-00000022080,ВладМиВа,836.315.010.016.012,MODERATION,,PHOTO_REVIEW_REQUIRED | EXACT_KZ_SKU_EVIDENCE_REQUIRED,SHARED_IMAGE_REVIEW_REQUIRED,00000022080,https://www.vladmiva.ru/products/konusnye-trubinnye/806-315-010-504-012/
CANON-ВЛАДМИВА-00000020383,ВладМиВа,836.315.010.016.014,MODERATION,,PHOTO_REVIEW_REQUIRED | EXACT_KZ_SKU_EVIDENCE_REQUIRED,SHARED_IMAGE_REVIEW_REQUIRED,00000020383,https://www.vladmiva.ru/products/konusnye-trubinnye/806-315-010-504-014/
CANON-ВЛАДМИВА-00000021505,ВладМиВа,836.315.010.016.016,MODERATION,,PHOTO_REVIEW_REQUIRED | EXACT_KZ_SKU_EVIDENCE_REQUIRED,SHARED_IMAGE_REVIEW_REQUIRED,00000021505,https://www.vladmiva.ru/products/konusnye-trubinnye/806-315-010-504-016/
CANON-ВЛАДМИВА-00000034590,ВладМиВа,836.315.010.023.021,MODERATION,,PHOTO_REVIEW_REQUIRED | EXACT_KZ_SKU_EVIDENCE_REQUIRED,SHARED_IMAGE_REVIEW_REQUIRED,00000034590,https://www.vladmiva.ru/products/konusnye-trubinnye/806-315-010-504-021/
CANON-ВЛАДМИВА-00000036602,ВладМиВа,836.315.107.060.010,MODERATION,,PHOTO_REVIEW_REQUIRED | EXACT_KZ_SKU_EVIDENCE_REQUIRED,SHARED_IMAGE_REVIEW_REQUIRED,00000036602,https://www.vladmiva.ru/products/tsilindricheskie-trubinnye/806-315-110-504-010/
CANON-ВЛАДМИВА-00000034622,ВладМиВа,836.315.107.060.012,MODERATION,,PHOTO_REVIEW_REQUIRED | EXACT_KZ_SKU_EVIDENCE_REQUIRED,SHARED_IMAGE_REVIEW_REQUIRED,00000034622,https://www.vladmiva.ru/products/tsilindricheskie-trubinnye/806-315-110-504-012/
CANON-ВЛАДМИВА-00000013019,ВладМиВа,836.315.107.080.009,MODERATION,,PHOTO_REVIEW_REQUIRED | EXACT_KZ_SKU_EVIDENCE_REQUIRED,SHARED_IMAGE_REVIEW_REQUIRED,00000013019,https://www.vladmiva.ru/products/tsilindricheskie-trubinnye/806-315-111-504-009/
CANON-ВЛАДМИВА-00000022077,ВладМиВа,836.315.107.080.010,MODERATION,,PHOTO_REVIEW_REQUIRED | EXACT_KZ_SKU_EVIDENCE_REQUIRED,SHARED_IMAGE_REVIEW_REQUIRED,00000022077,https://www.vladmiva.ru/products/tsilindricheskie-trubinnye/806-315-111-504-010/
CANON-ВЛАДМИВА-00000020115,ВладМиВа,836.315.107.080.012,MODERATION,,PHOTO_REVIEW_REQUIRED | EXACT_KZ_SKU_EVIDENCE_REQUIRED,SHARED_IMAGE_REVIEW_REQUIRED,00000020115,https://www.vladmiva.ru/products/tsilindricheskie-trubinnye/806-315-111-504-012/
CANON-ВЛАДМИВА-00000022426,ВладМиВа,836.315.107.080.014,MODERATION,,PHOTO_REVIEW_REQUIRED | EXACT_KZ_SKU_EVIDENCE_REQUIRED,SHARED_IMAGE_REVIEW_REQUIRED,00000022426,https://www.vladmiva.ru/products/tsilindricheskie-trubinnye/806-315-111-504-014/
CANON-ВЛАДМИВА-00000022209,ВладМиВа,836.315.126.080.010,MODERATION,,PHOTO_REVIEW_REQUIRED | EXACT_KZ_SKU_EVIDENCE_REQUIRED,SHARED_IMAGE_REVIEW_REQUIRED,00000022209,https://www.vladmiva.ru/products/tsilindricheskie-trubinnye/806-315-130-504-010/
CANON-ВЛАДМИВА-00000022320,ВладМиВа,836.315.126.080.012,MODERATION,,PHOTO_REVIEW_REQUIRED | EXACT_KZ_SKU_EVIDENCE_REQUIRED,SHARED_IMAGE_REVIEW_REQUIRED,00000022320,https://www.vladmiva.ru/products/tsilindricheskie-trubinnye/806-315-130-504-012/
CANON-ВЛАДМИВА-00000021376,ВладМиВа,836.315.126.100.010,MODERATION,,PHOTO_REVIEW_REQUIRED | EXACT_KZ_SKU_EVIDENCE_REQUIRED,SHARED_IMAGE_REVIEW_REQUIRED,00000021376,https://www.vladmiva.ru/products/tsilindricheskie-trubinnye/806-315-131-504-010/
CANON-ВЛАДМИВА-00000021564,ВладМиВа,836.315.126.100.012,MODERATION,,PHOTO_REVIEW_REQUIRED | EXACT_KZ_SKU_EVIDENCE_REQUIRED,SHARED_IMAGE_REVIEW_REQUIRED,00000021564,https://www.vladmiva.ru/products/tsilindricheskie-trubinnye/806-315-131-504-012/
CANON-ВЛАДМИВА-00000021468,ВладМиВа,836.315.126.100.014,MODERATION,,PHOTO_REVIEW_REQUIRED | EXACT_KZ_SKU_EVIDENCE_REQUIRED,SHARED_IMAGE_REVIEW_REQUIRED,00000021468,https://www.vladmiva.ru/products/tsilindricheskie-trubinnye/806-315-131-504-014/
CANON-ВЛАДМИВА-00000037644,ВладМиВа,836.315.137.100.010,MODERATION,,PHOTO_REVIEW_REQUIRED | EXACT_KZ_SKU_EVIDENCE_REQUIRED,SHARED_IMAGE_REVIEW_REQUIRED,00000037644,https://www.vladmiva.ru/products/tsilindricheskie-trubinnye/806-315-142-504-010/
CANON-ВЛАДМИВА-00000022976,ВладМиВа,836.315.164.100.025,MODERATION,,PHOTO_REVIEW_REQUIRED | EXACT_KZ_SKU_EVIDENCE_REQUIRED,SHARED_IMAGE_REVIEW_REQUIRED,00000022976,https://www.vladmiva.ru/products/konusnye-trubinnye/806-315-166-504-025/
CANON-ВЛАДМИВА-00000034605,ВладМиВа,836.315.168.100.021,MODERATION,,PHOTO_REVIEW_REQUIRED | EXACT_KZ_SKU_EVIDENCE_REQUIRED,SHARED_IMAGE_REVIEW_REQUIRED,00000034605,https://www.vladmiva.ru/products/konusnye-trubinnye/806-315-173-504-021/
CANON-ВЛАДМИВА-00000076040,ВладМиВа,836.315.194.080.012,MODERATION,,PHOTO_REVIEW_REQUIRED | EXACT_KZ_SKU_EVIDENCE_REQUIRED,SHARED_IMAGE_REVIEW_REQUIRED,00000076040,https://www.vladmiva.ru/products/konusnye-trubinnye/806-315-198-504-012/
CANON-ВЛАДМИВА-00000040302,ВладМиВа,836.315.254.030.012,MODERATION,,PHOTO_REVIEW_REQUIRED | EXACT_KZ_SKU_EVIDENCE_REQUIRED,SHARED_IMAGE_REVIEW_REQUIRED,00000040302,https://www.vladmiva.ru/products/prochie-formy-trubinnye/806-315-257-504-012/
CANON-ВЛАДМИВА-00000040324,ВладМиВа,836.315.254.030.014,MODERATION,,PHOTO_REVIEW_REQUIRED | EXACT_KZ_SKU_EVIDENCE_REQUIRED,SHARED_IMAGE_REVIEW_REQUIRED,00000040324,https://www.vladmiva.ru/products/prochie-formy-trubinnye/806-315-257-504-014/
CANON-ВЛАДМИВА-00000040303,ВладМиВа,836.315.254.045.016,MODERATION,,PHOTO_REVIEW_REQUIRED | EXACT_KZ_SKU_EVIDENCE_REQUIRED,SHARED_IMAGE_REVIEW_REQUIRED,00000040303,https://www.vladmiva.ru/products/prochie-formy-trubinnye/806-315-257-504-016/
CANON-ВЛАДМИВА-00000036245,ВладМиВа,836.315.254.050.018,MODERATION,,PHOTO_REVIEW_REQUIRED | EXACT_KZ_SKU_EVIDENCE_REQUIRED,SHARED_IMAGE_REVIEW_REQUIRED,00000036245,https://www.vladmiva.ru/products/prochie-formy-trubinnye/806-315-257-504-018/
CANON-ВЛАДМИВА-00000022310,ВладМиВа,836.315.254.050.021,MODERATION,,PHOTO_REVIEW_REQUIRED | EXACT_KZ_SKU_EVIDENCE_REQUIRED,SHARED_IMAGE_REVIEW_REQUIRED,00000022310,https://www.vladmiva.ru/products/prochie-formy-trubinnye/806-315-257-504-021/
CANON-ВЛАДМИВА-00000037744,ВладМиВа,836.315.254.050.025,MODERATION,,PHOTO_REVIEW_REQUIRED | EXACT_KZ_SKU_EVIDENCE_REQUIRED,SHARED_IMAGE_REVIEW_REQUIRED,00000037744,https://www.vladmiva.ru/products/prochie-formy-trubinnye/806-315-257-504-025/
CANON-ВЛАДМИВА-00000013112,ВладМиВа,836.315.277.036.016,MODERATION,,PHOTO_REVIEW_REQUIRED | EXACT_KZ_SKU_EVIDENCE_REQUIRED,SHARED_IMAGE_REVIEW_REQUIRED,00000013112,https://www.vladmiva.ru/products/prochie-formy-trubinnye/806-315-277-504-016/
CANON-ВЛАДМИВА-00000017801,ВладМиВа,836.315.277.042.021,MODERATION,,PHOTO_REVIEW_REQUIRED | EXACT_KZ_SKU_EVIDENCE_REQUIRED,SHARED_IMAGE_REVIEW_REQUIRED,00000017801,https://www.vladmiva.ru/products/prochie-formy-trubinnye/806-315-277-504-021/
CANON-ВЛАДМИВА-00000041518,ВладМиВа,836.315.539.040.010,MODERATION,,PHOTO_REVIEW_REQUIRED | EXACT_KZ_SKU_EVIDENCE_REQUIRED,SHARED_IMAGE_REVIEW_REQUIRED,00000041518,https://www.vladmiva.ru/products/prochie-formy-trubinnye/806-315-540-504-010/
CANON-ВЛАДМИВА-00000043735,ВладМиВа,836.315.697.000.010,MODERATION,,PHOTO_REVIEW_REQUIRED | EXACT_KZ_SKU_EVIDENCE_REQUIRED,SHARED_IMAGE_REVIEW_REQUIRED,00000043735,https://www.vladmiva.ru/products/sfericheskie-trubinnye/806-315-697-504-010/
CANON-ВЛАДМИВА-00000043736,ВладМиВа,836.315.697.000.012,MODERATION,,PHOTO_REVIEW_REQUIRED | EXACT_KZ_SKU_EVIDENCE_REQUIRED,SHARED_IMAGE_REVIEW_REQUIRED,00000043736,https://www.vladmiva.ru/products/sfericheskie-trubinnye/806-315-697-504-012/
CANON-ВЛАДМИВА-00000056175,ВладМиВа,836.316.001.000.009,MODERATION,,PHOTO_REVIEW_REQUIRED | EXACT_KZ_SKU_EVIDENCE_REQUIRED,SHARED_IMAGE_REVIEW_REQUIRED,00000056175,https://www.vladmiva.ru/products/sfericheskie-trubinnye/806-316-001-504-009/
CANON-ВЛАДМИВА-00000026641,ВладМиВа,836.316.001.000.010,MODERATION,,PHOTO_REVIEW_REQUIRED | EXACT_KZ_SKU_EVIDENCE_REQUIRED,SHARED_IMAGE_REVIEW_REQUIRED,00000026641,https://www.vladmiva.ru/products/sfericheskie-trubinnye/806-316-001-504-010/
CANON-ВЛАДМИВА-00000020336,ВладМиВа,836.316.001.000.012,MODERATION,,PHOTO_REVIEW_REQUIRED | EXACT_KZ_SKU_EVIDENCE_REQUIRED,SHARED_IMAGE_REVIEW_REQUIRED,00000020336,https://www.vladmiva.ru/products/sfericheskie-trubinnye/806-316-001-504-012/
CANON-ВЛАДМИВА-00000022422,ВладМиВа,836.316.001.000.014,MODERATION,,PHOTO_REVIEW_REQUIRED | EXACT_KZ_SKU_EVIDENCE_REQUIRED,SHARED_IMAGE_REVIEW_REQUIRED,00000022422,https://www.vladmiva.ru/products/sfericheskie-trubinnye/806-316-001-504-014/
CANON-ВЛАДМИВА-00000023933,ВладМиВа,836.316.001.000.018,MODERATION,,PHOTO_REVIEW_REQUIRED | EXACT_KZ_SKU_EVIDENCE_REQUIRED,SHARED_IMAGE_REVIEW_REQUIRED,00000023933,https://www.vladmiva.ru/products/sfericheskie-trubinnye/806-316-001-504-018/
CANON-ВЛАДМИВА-00000023934,ВладМиВа,836.316.001.000.021,MODERATION,,PHOTO_REVIEW_REQUIRED | EXACT_KZ_SKU_EVIDENCE_REQUIRED,SHARED_IMAGE_REVIEW_REQUIRED,00000023934,https://www.vladmiva.ru/products/sfericheskie-trubinnye/806-316-001-504-021/
CANON-ВЛАДМИВА-00000036242,ВладМиВа,836.316.001.000.023,MODERATION,,PHOTO_REVIEW_REQUIRED | EXACT_KZ_SKU_EVIDENCE_REQUIRED,SHARED_IMAGE_REVIEW_REQUIRED,00000036242,https://www.vladmiva.ru/products/sfericheskie-trubinnye/806-316-001-504-023/
CANON-ВЛАДМИВА-00000020339,ВладМиВа,856.204.001.000.010,MODERATION,,PHOTO_REVIEW_REQUIRED | EXACT_KZ_SKU_EVIDENCE_REQUIRED,SHARED_IMAGE_REVIEW_REQUIRED,00000020339,https://www.vladmiva.ru/products/sfericheskie-uglovye/806-204-001-514-010/
CANON-ВЛАДМИВА-00000021584,ВладМиВа,856.204.001.000.012,MODERATION,,PHOTO_REVIEW_REQUIRED | EXACT_KZ_SKU_EVIDENCE_REQUIRED,SHARED_IMAGE_REVIEW_REQUIRED,00000021584,https://www.vladmiva.ru/products/sfericheskie-uglovye/806-204-001-514-012/
CANON-ВЛАДМИВА-00000024863,ВладМиВа,856.204.001.000.014,MODERATION,,PHOTO_REVIEW_REQUIRED | EXACT_KZ_SKU_EVIDENCE_REQUIRED,SHARED_IMAGE_REVIEW_REQUIRED,00000024863,https://www.vladmiva.ru/products/sfericheskie-uglovye/806-204-001-514-014/
CANON-ВЛАДМИВА-00000021184,ВладМиВа,856.204.001.000.016,MODERATION,,PHOTO_REVIEW_REQUIRED | EXACT_KZ_SKU_EVIDENCE_REQUIRED,SHARED_IMAGE_REVIEW_REQUIRED,00000021184,https://www.vladmiva.ru/products/sfericheskie-uglovye/806-204-001-514-016/
CANON-ВЛАДМИВА-00000005944,ВладМиВа,856.204.001.000.018,MODERATION,,PHOTO_REVIEW_REQUIRED | EXACT_KZ_SKU_EVIDENCE_REQUIRED,SHARED_IMAGE_REVIEW_REQUIRED,00000005944,https://www.vladmiva.ru/products/sfericheskie-uglovye/806-204-001-514-018/
CANON-ВЛАДМИВА-00000021519,ВладМиВа,856.204.001.000.021,MODERATION,,PHOTO_REVIEW_REQUIRED | EXACT_KZ_SKU_EVIDENCE_REQUIRED,SHARED_IMAGE_REVIEW_REQUIRED,00000021519,https://www.vladmiva.ru/products/sfericheskie-uglovye/806-204-001-514-021/
CANON-ВЛАДМИВА-00000017590,ВладМиВа,856.204.010.016.014,MODERATION,,PHOTO_REVIEW_REQUIRED | EXACT_KZ_SKU_EVIDENCE_REQUIRED,SHARED_IMAGE_REVIEW_REQUIRED,00000017590,https://www.vladmiva.ru/products/konusnye-uglovye/806-204-010-514-014/
CANON-ВЛАДМИВА-00000017595,ВладМиВа,856.204.010.016.016,MODERATION,,PHOTO_REVIEW_REQUIRED | EXACT_KZ_SKU_EVIDENCE_REQUIRED,SHARED_IMAGE_REVIEW_REQUIRED,00000017595,https://www.vladmiva.ru/products/konusnye-uglovye/806-204-010-514-016_1/
CANON-ВЛАДМИВА-00000023919,ВладМиВа,856.204.137.080.010,MODERATION,,PHOTO_REVIEW_REQUIRED | EXACT_KZ_SKU_EVIDENCE_REQUIRED,SHARED_IMAGE_REVIEW_REQUIRED,00000023919,https://www.vladmiva.ru/products/tsilindricheskie-uglovye/806-204-141-514-010/
CANON-ВЛАДМИВА-00000021073,ВладМиВа,856.204.137.080.012,MODERATION,,PHOTO_REVIEW_REQUIRED | EXACT_KZ_SKU_EVIDENCE_REQUIRED,SHARED_IMAGE_REVIEW_REQUIRED,00000021073,https://www.vladmiva.ru/products/tsilindricheskie-uglovye/806-204-141-514-012/
CANON-ВЛАДМИВА-00000020302,ВладМиВа,856.204.164.080.012,MODERATION,,PHOTO_REVIEW_REQUIRED | EXACT_KZ_SKU_EVIDENCE_REQUIRED,SHARED_IMAGE_REVIEW_REQUIRED,00000020302,https://www.vladmiva.ru/products/konusnye-uglovye/806-204-165-514-012/
CANON-ВЛАДМИВА-00000017588,ВладМиВа,856.204.164.080.014,MODERATION,,PHOTO_REVIEW_REQUIRED | EXACT_KZ_SKU_EVIDENCE_REQUIRED,SHARED_IMAGE_REVIEW_REQUIRED,00000017588,https://www.vladmiva.ru/products/konusnye-uglovye/806-204-165-514-014/
CANON-ВЛАДМИВА-00000015316,ВладМиВа,856.204.164.100.014,MODERATION,,PHOTO_REVIEW_REQUIRED | EXACT_KZ_SKU_EVIDENCE_REQUIRED,SHARED_IMAGE_REVIEW_REQUIRED,00000015316,https://www.vladmiva.ru/products/konusnye-uglovye/806-204-166-514-014/
CANON-ВЛАДМИВА-00000017589,ВладМиВа,856.204.164.100.016,MODERATION,,PHOTO_REVIEW_REQUIRED | EXACT_KZ_SKU_EVIDENCE_REQUIRED,SHARED_IMAGE_REVIEW_REQUIRED,00000017589,https://www.vladmiva.ru/products/konusnye-uglovye/806-204-166-514-016/
CANON-ВЛАДМИВА-00000022923,ВладМиВа,856.204.164.115.012,MODERATION,,PHOTO_REVIEW_REQUIRED | EXACT_KZ_SKU_EVIDENCE_REQUIRED,SHARED_IMAGE_REVIEW_REQUIRED,00000022923,https://www.vladmiva.ru/products/konusnye-uglovye/806-204-167-514-012/
CANON-ВЛАДМИВА-00000021097,ВладМиВа,856.204.164.115.014,MODERATION,,PHOTO_REVIEW_REQUIRED | EXACT_KZ_SKU_EVIDENCE_REQUIRED,SHARED_IMAGE_REVIEW_REQUIRED,00000021097,https://www.vladmiva.ru/products/konusnye-uglovye/806-204-167-514-014/
CANON-ВЛАДМИВА-00000022943,ВладМиВа,856.204.243.080.014,MODERATION,,PHOTO_REVIEW_REQUIRED | EXACT_KZ_SKU_EVIDENCE_REQUIRED,SHARED_IMAGE_REVIEW_REQUIRED,00000022943,https://www.vladmiva.ru/products/plamevidnye-uglovye/806-204-243-514-014/
CANON-ВЛАДМИВА-00000049482,ВладМиВа,856.204.243.080.016,MODERATION,,PHOTO_REVIEW_REQUIRED | EXACT_KZ_SKU_EVIDENCE_REQUIRED,SHARED_IMAGE_REVIEW_REQUIRED,00000049482,https://www.vladmiva.ru/products/plamevidnye-uglovye/806-204-243-514-016/
CANON-ВЛАДМИВА-00000020392,ВладМиВа,856.204.245.080.014,MODERATION,,PHOTO_REVIEW_REQUIRED | EXACT_KZ_SKU_EVIDENCE_REQUIRED,SHARED_IMAGE_REVIEW_REQUIRED,00000020392,https://www.vladmiva.ru/products/tsilindricheskie-uglovye/806-204-249-514-014/
CANON-ВЛАДМИВА-00000013265,ВладМиВа,856.204.245.100.010,MODERATION,,PHOTO_REVIEW_REQUIRED | EXACT_KZ_SKU_EVIDENCE_REQUIRED,SHARED_IMAGE_REVIEW_REQUIRED,00000013265,https://www.vladmiva.ru/products/tsilindricheskie-uglovye/806-204-250-514-010/
CANON-ВЛАДМИВА-00000043069,ВладМиВа,856.204.245.100.012,MODERATION,,PHOTO_REVIEW_REQUIRED | EXACT_KZ_SKU_EVIDENCE_REQUIRED,SHARED_IMAGE_REVIEW_REQUIRED,00000043069,https://www.vladmiva.ru/products/tsilindricheskie-uglovye/806-204-250-514-012/
CANON-ВЛАДМИВА-00000056299,ВладМиВа,856.204.245.100.014,MODERATION,,PHOTO_REVIEW_REQUIRED | EXACT_KZ_SKU_EVIDENCE_REQUIRED,SHARED_IMAGE_REVIEW_REQUIRED,00000056299,https://www.vladmiva.ru/products/tsilindricheskie-uglovye/806-204-250-514-014/
CANON-ВЛАДМИВА-00000023108,ВладМиВа,856.205.001.000.010,MODERATION,,PHOTO_REVIEW_REQUIRED | EXACT_KZ_SKU_EVIDENCE_REQUIRED,SHARED_IMAGE_REVIEW_REQUIRED,00000023108,https://www.vladmiva.ru/products/sfericheskie-uglovye/806-205-001-514-010/
CANON-ВЛАДМИВА-00000042107,ВладМиВа,856.205.001.000.012,MODERATION,,PHOTO_REVIEW_REQUIRED | EXACT_KZ_SKU_EVIDENCE_REQUIRED,SHARED_IMAGE_REVIEW_REQUIRED,00000042107,https://www.vladmiva.ru/products/sfericheskie-uglovye/806-205-001-514-012/
CANON-ВЛАДМИВА-00000014756,ВладМиВа,856.314.001.000.009,MODERATION,,PHOTO_REVIEW_REQUIRED | EXACT_KZ_SKU_EVIDENCE_REQUIRED,SHARED_IMAGE_REVIEW_REQUIRED,00000014756,https://www.vladmiva.ru/products/sfericheskie-trubinnye/806-314-001-514-009/
CANON-ВЛАДМИВА-00000014495,ВладМиВа,856.314.001.000.010,MODERATION,,PHOTO_REVIEW_REQUIRED | EXACT_KZ_SKU_EVIDENCE_REQUIRED,SHARED_IMAGE_REVIEW_REQUIRED,00000014495,https://www.vladmiva.ru/products/sfericheskie-trubinnye/806-314-001-514-010/
CANON-ВЛАДМИВА-00000014347,ВладМиВа,856.314.001.000.012,MODERATION,,PHOTO_REVIEW_REQUIRED | EXACT_KZ_SKU_EVIDENCE_REQUIRED,SHARED_IMAGE_REVIEW_REQUIRED,00000014347,https://www.vladmiva.ru/products/sfericheskie-trubinnye/806-314-001-514-012/
CANON-ВЛАДМИВА-00000014348,ВладМиВа,856.314.001.000.014,MODERATION,,PHOTO_REVIEW_REQUIRED | EXACT_KZ_SKU_EVIDENCE_REQUIRED,SHARED_IMAGE_REVIEW_REQUIRED,00000014348,https://www.vladmiva.ru/products/sfericheskie-trubinnye/806-314-001-514-014/
CANON-ВЛАДМИВА-00000014471,ВладМиВа,856.314.001.000.016,MODERATION,,PHOTO_REVIEW_REQUIRED | EXACT_KZ_SKU_EVIDENCE_REQUIRED,SHARED_IMAGE_REVIEW_REQUIRED,00000014471,https://www.vladmiva.ru/products/sfericheskie-trubinnye/806-314-001-514-016/
CANON-ВЛАДМИВА-00000014492,ВладМиВа,856.314.001.000.018,MODERATION,,PHOTO_REVIEW_REQUIRED | EXACT_KZ_SKU_EVIDENCE_REQUIRED,SHARED_IMAGE_REVIEW_REQUIRED,00000014492,https://www.vladmiva.ru/products/sfericheskie-trubinnye/806-314-001-514-018/
CANON-ВЛАДМИВА-00000014927,ВладМиВа,856.314.001.000.021,MODERATION,,PHOTO_REVIEW_REQUIRED | EXACT_KZ_SKU_EVIDENCE_REQUIRED,SHARED_IMAGE_REVIEW_REQUIRED,00000014927,https://www.vladmiva.ru/products/sfericheskie-trubinnye/806-314-001-514-021/
CANON-ВЛАДМИВА-00000014624,ВладМиВа,856.314.001.000.023,MODERATION,,PHOTO_REVIEW_REQUIRED | EXACT_KZ_SKU_EVIDENCE_REQUIRED,SHARED_IMAGE_REVIEW_REQUIRED,00000014624,https://www.vladmiva.ru/products/sfericheskie-trubinnye/806-314-001-514-023/
CANON-ВЛАДМИВА-00000014759,ВладМиВа,856.314.010.016.010,MODERATION,,PHOTO_REVIEW_REQUIRED | EXACT_KZ_SKU_EVIDENCE_REQUIRED,SHARED_IMAGE_REVIEW_REQUIRED,00000014759,https://www.vladmiva.ru/products/konusnye-trubinnye/806-314-010-514-010/
CANON-ВЛАДМИВА-00000014757,ВладМиВа,856.314.010.016.012,MODERATION,,PHOTO_REVIEW_REQUIRED | EXACT_KZ_SKU_EVIDENCE_REQUIRED,SHARED_IMAGE_REVIEW_REQUIRED,00000014757,https://www.vladmiva.ru/products/konusnye-trubinnye/806-314-010-514-012/
CANON-ВЛАДМИВА-00000015127,ВладМиВа,856.314.010.016.014,MODERATION,,PHOTO_REVIEW_REQUIRED | EXACT_KZ_SKU_EVIDENCE_REQUIRED,SHARED_IMAGE_REVIEW_REQUIRED,00000015127,https://www.vladmiva.ru/products/konusnye-trubinnye/806-314-010-514-014/
CANON-ВЛАДМИВА-00000017433,ВладМиВа,856.314.010.016.016,MODERATION,,PHOTO_REVIEW_REQUIRED | EXACT_KZ_SKU_EVIDENCE_REQUIRED,SHARED_IMAGE_REVIEW_REQUIRED,00000017433,https://www.vladmiva.ru/products/konusnye-trubinnye/806-314-010-514-016/
CANON-ВЛАДМИВА-00000014948,ВладМиВа,856.314.010.023.021,MODERATION,,PHOTO_REVIEW_REQUIRED | EXACT_KZ_SKU_EVIDENCE_REQUIRED,SHARED_IMAGE_REVIEW_REQUIRED,00000014948,https://www.vladmiva.ru/products/konusnye-trubinnye/806-314-010-514-021/
CANON-ВЛАДМИВА-00000019875,ВладМиВа,856.314.019.022.014,MODERATION,,PHOTO_REVIEW_REQUIRED | EXACT_KZ_SKU_EVIDENCE_REQUIRED,SHARED_IMAGE_REVIEW_REQUIRED,00000019875,https://www.vladmiva.ru/products/konusnye-trubinnye/806-314-019-514-014/
CANON-ВЛАДМИВА-00000023428,ВладМиВа,856.314.032.016.010,MODERATION,,PHOTO_REVIEW_REQUIRED | EXACT_KZ_SKU_EVIDENCE_REQUIRED,SHARED_IMAGE_REVIEW_REQUIRED,00000023428,https://www.vladmiva.ru/products/prochie-formy-trubinnye/806-314-032-514-010_1/
CANON-ВЛАДМИВА-00000071198,ВладМиВа,856.314.037.040.031,MODERATION,,PHOTO_REVIEW_REQUIRED | EXACT_KZ_SKU_EVIDENCE_REQUIRED,SHARED_IMAGE_REVIEW_REQUIRED,00000071198,https://www.vladmiva.ru/products/prochie-formy-trubinnye/806-314-038-514-031/
CANON-ВЛАДМИВА-00000014825,ВладМиВа,856.314.107.040.009,MODERATION,,PHOTO_REVIEW_REQUIRED | EXACT_KZ_SKU_EVIDENCE_REQUIRED,SHARED_IMAGE_REVIEW_REQUIRED,00000014825,https://www.vladmiva.ru/products/tsilindricheskie-trubinnye/806-314-109-514-009/
CANON-ВЛАДМИВА-00000014547,ВладМиВа,856.314.107.040.012,MODERATION,,PHOTO_REVIEW_REQUIRED | EXACT_KZ_SKU_EVIDENCE_REQUIRED,SHARED_IMAGE_REVIEW_REQUIRED,00000014547,https://www.vladmiva.ru/products/tsilindricheskie-trubinnye/806-314-109-514-012/
CANON-ВЛАДМИВА-00000021905,ВладМиВа,856.314.107.040.014,MODERATION,,PHOTO_REVIEW_REQUIRED | EXACT_KZ_SKU_EVIDENCE_REQUIRED,SHARED_IMAGE_REVIEW_REQUIRED,00000021905,https://www.vladmiva.ru/products/tsilindricheskie-trubinnye/806-314-109-514-014/
CANON-ВЛАДМИВА-00000022331,ВладМиВа,856.314.107.040.016,MODERATION,,PHOTO_REVIEW_REQUIRED | EXACT_KZ_SKU_EVIDENCE_REQUIRED,SHARED_IMAGE_REVIEW_REQUIRED,00000022331,https://www.vladmiva.ru/products/tsilindricheskie-trubinnye/806-314-109-514-016/
CANON-ВЛАДМИВА-00000014755,ВладМиВа,856.314.107.060.009,MODERATION,,PHOTO_REVIEW_REQUIRED | EXACT_KZ_SKU_EVIDENCE_REQUIRED,SHARED_IMAGE_REVIEW_REQUIRED,00000014755,https://www.vladmiva.ru/products/tsilindricheskie-trubinnye/806-314-110-514-009/
CANON-ВЛАДМИВА-00000009047,ВладМиВа,856.314.107.060.010,MODERATION,,PHOTO_REVIEW_REQUIRED | EXACT_KZ_SKU_EVIDENCE_REQUIRED,SHARED_IMAGE_REVIEW_REQUIRED,00000009047,https://www.vladmiva.ru/products/tsilindricheskie-trubinnye/806-314-110-514-010/
CANON-ВЛАДМИВА-00000014333,ВладМиВа,856.314.107.060.012,MODERATION,,PHOTO_REVIEW_REQUIRED | EXACT_KZ_SKU_EVIDENCE_REQUIRED,SHARED_IMAGE_REVIEW_REQUIRED,00000014333,https://www.vladmiva.ru/products/tsilindricheskie-trubinnye/806-314-110-514-012/
CANON-ВЛАДМИВА-00000014490,ВладМиВа,856.314.107.080.009,MODERATION,,PHOTO_REVIEW_REQUIRED | EXACT_KZ_SKU_EVIDENCE_REQUIRED,SHARED_IMAGE_REVIEW_REQUIRED,00000014490,https://www.vladmiva.ru/products/tsilindricheskie-trubinnye/806-314-111-514-009/
CANON-ВЛАДМИВА-00000018601,ВладМиВа,856.314.107.080.010,MODERATION,,PHOTO_REVIEW_REQUIRED | EXACT_KZ_SKU_EVIDENCE_REQUIRED,SHARED_IMAGE_REVIEW_REQUIRED,00000018601,https://www.vladmiva.ru/products/tsilindricheskie-trubinnye/806-314-111-514-010/
CANON-ВЛАДМИВА-00000014807,ВладМиВа,856.314.107.080.012,MODERATION,,PHOTO_REVIEW_REQUIRED | EXACT_KZ_SKU_EVIDENCE_REQUIRED,SHARED_IMAGE_REVIEW_REQUIRED,00000014807,https://www.vladmiva.ru/products/tsilindricheskie-trubinnye/806-314-111-514-012/
CANON-ВЛАДМИВА-00000014806,ВладМиВа,856.314.107.080.014,MODERATION,,PHOTO_REVIEW_REQUIRED | EXACT_KZ_SKU_EVIDENCE_REQUIRED,SHARED_IMAGE_REVIEW_REQUIRED,00000014806,https://www.vladmiva.ru/products/tsilindricheskie-trubinnye/806-314-111-514-014/
CANON-ВЛАДМИВА-00000017501,ВладМиВа,856.314.107.080.016,MODERATION,,PHOTO_REVIEW_REQUIRED | EXACT_KZ_SKU_EVIDENCE_REQUIRED,SHARED_IMAGE_REVIEW_REQUIRED,00000017501,https://www.vladmiva.ru/products/tsilindricheskie-trubinnye/806-314-111-514-016/
CANON-ВЛАДМИВА-00000008320,ВладМиВа,856.314.107.100.009,MODERATION,,PHOTO_REVIEW_REQUIRED | EXACT_KZ_SKU_EVIDENCE_REQUIRED,SHARED_IMAGE_REVIEW_REQUIRED,00000008320,https://www.vladmiva.ru/products/tsilindricheskie-trubinnye/806-314-112-514-009/
CANON-ВЛАДМИВА-00000026176,ВладМиВа,856.314.107.100.010,MODERATION,,PHOTO_REVIEW_REQUIRED | EXACT_KZ_SKU_EVIDENCE_REQUIRED,SHARED_IMAGE_REVIEW_REQUIRED,00000026176,https://www.vladmiva.ru/products/tsilindricheskie-trubinnye/806-314-112-514-010/
CANON-ВЛАДМИВА-00000034337,ВладМиВа,856.314.107.120.009,MODERATION,,PHOTO_REVIEW_REQUIRED | EXACT_KZ_SKU_EVIDENCE_REQUIRED,SHARED_IMAGE_REVIEW_REQUIRED,00000034337,https://www.vladmiva.ru/products/tsilindricheskie-trubinnye/806-314-113-514-009/
CANON-ВЛАДМИВА-00000033087,ВладМиВа,856.314.107.120.010,MODERATION,,PHOTO_REVIEW_REQUIRED | EXACT_KZ_SKU_EVIDENCE_REQUIRED,SHARED_IMAGE_REVIEW_REQUIRED,00000033087,https://www.vladmiva.ru/products/tsilindricheskie-trubinnye/806-314-113-514-010/
CANON-ВЛАДМИВА-00000014554,ВладМиВа,856.314.126.080.010,MODERATION,,PHOTO_REVIEW_REQUIRED | EXACT_KZ_SKU_EVIDENCE_REQUIRED,SHARED_IMAGE_REVIEW_REQUIRED,00000014554,https://www.vladmiva.ru/products/tsilindricheskie-trubinnye/806-314-130-514-010/
CANON-ВЛАДМИВА-00000014500,ВладМиВа,856.314.126.080.012,MODERATION,,PHOTO_REVIEW_REQUIRED | EXACT_KZ_SKU_EVIDENCE_REQUIRED,SHARED_IMAGE_REVIEW_REQUIRED,00000014500,https://www.vladmiva.ru/products/tsilindricheskie-trubinnye/806-314-130-514-012/
CANON-ВЛАДМИВА-00000017900,ВладМиВа,856.314.126.100.010,MODERATION,,PHOTO_REVIEW_REQUIRED | EXACT_KZ_SKU_EVIDENCE_REQUIRED,SHARED_IMAGE_REVIEW_REQUIRED,00000017900,https://www.vladmiva.ru/products/tsilindricheskie-trubinnye/806-314-131-514-010/
CANON-ВЛАДМИВА-00000014607,ВладМиВа,856.314.126.100.012,MODERATION,,PHOTO_REVIEW_REQUIRED | EXACT_KZ_SKU_EVIDENCE_REQUIRED,SHARED_IMAGE_REVIEW_REQUIRED,00000014607,https://www.vladmiva.ru/products/tsilindricheskie-trubinnye/806-314-131-514-012/
CANON-ВЛАДМИВА-00000014509,ВладМиВа,856.314.126.100.014,MODERATION,,PHOTO_REVIEW_REQUIRED | EXACT_KZ_SKU_EVIDENCE_REQUIRED,SHARED_IMAGE_REVIEW_REQUIRED,00000014509,https://www.vladmiva.ru/products/tsilindricheskie-trubinnye/806-314-131-514-014/
CANON-ВЛАДМИВА-00000014803,ВладМиВа,856.314.137.100.010,MODERATION,,PHOTO_REVIEW_REQUIRED | EXACT_KZ_SKU_EVIDENCE_REQUIRED,SHARED_IMAGE_REVIEW_REQUIRED,00000014803,https://www.vladmiva.ru/products/tsilindricheskie-trubinnye/806-314-142-514-010/
CANON-ВЛАДМИВА-00000014337,ВладМиВа,856.314.137.100.012,MODERATION,,PHOTO_REVIEW_REQUIRED | EXACT_KZ_SKU_EVIDENCE_REQUIRED,SHARED_IMAGE_REVIEW_REQUIRED,00000014337,https://www.vladmiva.ru/products/tsilindricheskie-trubinnye/806-314-142-514-012/
CANON-ВЛАДМИВА-00000018025,ВладМиВа,856.314.137.100.014,MODERATION,,PHOTO_REVIEW_REQUIRED | EXACT_KZ_SKU_EVIDENCE_REQUIRED,SHARED_IMAGE_REVIEW_REQUIRED,00000018025,https://www.vladmiva.ru/products/tsilindricheskie-trubinnye/806-314-142-514-014/
CANON-ВЛАДМИВА-00000010173,ВладМиВа,856.314.164.100.025,MODERATION,,PHOTO_REVIEW_REQUIRED | EXACT_KZ_SKU_EVIDENCE_REQUIRED,SHARED_IMAGE_REVIEW_REQUIRED,00000010173,https://www.vladmiva.ru/products/konusnye-trubinnye/806-314-166-514-025/
CANON-ВЛАДМИВА-00000025320,ВладМиВа,856.314.168.100.021,MODERATION,,PHOTO_REVIEW_REQUIRED | EXACT_KZ_SKU_EVIDENCE_REQUIRED,SHARED_IMAGE_REVIEW_REQUIRED,00000025320,https://www.vladmiva.ru/products/konusnye-trubinnye/806-314-173-514-021/
CANON-ВЛАДМИВА-00000019555,ВладМиВа,856.314.194.100.014,MODERATION,,PHOTO_REVIEW_REQUIRED | EXACT_KZ_SKU_EVIDENCE_REQUIRED,SHARED_IMAGE_REVIEW_REQUIRED,00000019555,https://www.vladmiva.ru/products/konusnye-trubinnye/806-314-199-514-014/
CANON-ВЛАДМИВА-00000014760,ВладМиВа,856.314.194.100.016,MODERATION,,PHOTO_REVIEW_REQUIRED | EXACT_KZ_SKU_EVIDENCE_REQUIRED,SHARED_IMAGE_REVIEW_REQUIRED,00000014760,https://www.vladmiva.ru/products/konusnye-trubinnye/806-314-199-514-016/
CANON-ВЛАДМИВА-00000017901,ВладМиВа,856.314.225.035.014,MODERATION,,PHOTO_REVIEW_REQUIRED | EXACT_KZ_SKU_EVIDENCE_REQUIRED,SHARED_IMAGE_REVIEW_REQUIRED,00000017901,https://www.vladmiva.ru/products/konusnye-trubinnye/806-314-225-514-014/
CANON-ВЛАДМИВА-00000019874,ВладМиВа,856.314.225.060.021,MODERATION,,PHOTO_REVIEW_REQUIRED | EXACT_KZ_SKU_EVIDENCE_REQUIRED,SHARED_IMAGE_REVIEW_REQUIRED,00000019874,https://www.vladmiva.ru/products/konusnye-trubinnye/806-314-225-514-021/
CANON-ВЛАДМИВА-00000014346,ВладМиВа,856.314.237.030.010,MODERATION,,PHOTO_REVIEW_REQUIRED | EXACT_KZ_SKU_EVIDENCE_REQUIRED,SHARED_IMAGE_REVIEW_REQUIRED,00000014346,https://www.vladmiva.ru/products/prochie-formy-trubinnye/806-314-233-514-010/
CANON-ВЛАДМИВА-00000014804,ВладМиВа,856.314.237.040.012,MODERATION,,PHOTO_REVIEW_REQUIRED | EXACT_KZ_SKU_EVIDENCE_REQUIRED,SHARED_IMAGE_REVIEW_REQUIRED,00000014804,https://www.vladmiva.ru/products/prochie-formy-trubinnye/806-314-238-514-012/
CANON-ВЛАДМИВА-00000026640,ВладМиВа,856.314.243.080.010,MODERATION,,PHOTO_REVIEW_REQUIRED | EXACT_KZ_SKU_EVIDENCE_REQUIRED,SHARED_IMAGE_REVIEW_REQUIRED,00000026640,https://www.vladmiva.ru/products/plamevidnye-trubinnye/806-314-243-514-010/
CANON-ВЛАДМИВА-00000020380,ВладМиВа,856.314.243.080.012,MODERATION,,PHOTO_REVIEW_REQUIRED | EXACT_KZ_SKU_EVIDENCE_REQUIRED,SHARED_IMAGE_REVIEW_REQUIRED,00000020380,https://www.vladmiva.ru/products/plamevidnye-trubinnye/806-314-243-514-012/
CANON-ВЛАДМИВА-00000014508,ВладМиВа,856.314.243.080.014,MODERATION,,PHOTO_REVIEW_REQUIRED | EXACT_KZ_SKU_EVIDENCE_REQUIRED,SHARED_IMAGE_REVIEW_REQUIRED,00000014508,https://www.vladmiva.ru/products/plamevidnye-trubinnye/806-314-243-514-014/
CANON-ВЛАДМИВА-00000024293,ВладМиВа,856.314.243.080.016,MODERATION,,PHOTO_REVIEW_REQUIRED | EXACT_KZ_SKU_EVIDENCE_REQUIRED,SHARED_IMAGE_REVIEW_REQUIRED,00000024293,https://www.vladmiva.ru/products/plamevidnye-trubinnye/806-314-243-514-016/
CANON-ВЛАДМИВА-00000019807,ВладМиВа,856.314.245.080.009,MODERATION,,PHOTO_REVIEW_REQUIRED | EXACT_KZ_SKU_EVIDENCE_REQUIRED,SHARED_IMAGE_REVIEW_REQUIRED,00000019807,https://www.vladmiva.ru/products/tsilindricheskie-trubinnye/806-314-249-514-009/
CANON-ВЛАДМИВА-00000014473,ВладМиВа,856.314.245.100.010,MODERATION,,PHOTO_REVIEW_REQUIRED | EXACT_KZ_SKU_EVIDENCE_REQUIRED,SHARED_IMAGE_REVIEW_REQUIRED,00000014473,https://www.vladmiva.ru/products/tsilindricheskie-trubinnye/806-314-250-514-010/
CANON-ВЛАДМИВА-00000018444,ВладМиВа,856.314.254.030.010,MODERATION,,PHOTO_REVIEW_REQUIRED | EXACT_KZ_SKU_EVIDENCE_REQUIRED,SHARED_IMAGE_REVIEW_REQUIRED,00000018444,https://www.vladmiva.ru/products/prochie-formy-trubinnye/806-314-257-514-010/
CANON-ВЛАДМИВА-00000023236,ВладМиВа,856.314.254.030.012,MODERATION,,PHOTO_REVIEW_REQUIRED | EXACT_KZ_SKU_EVIDENCE_REQUIRED,SHARED_IMAGE_REVIEW_REQUIRED,00000023236,https://www.vladmiva.ru/products/prochie-formy-trubinnye/806-314-257-514-012/
CANON-ВЛАДМИВА-00000014800,ВладМиВа,856.314.254.030.014,MODERATION,,PHOTO_REVIEW_REQUIRED | EXACT_KZ_SKU_EVIDENCE_REQUIRED,SHARED_IMAGE_REVIEW_REQUIRED,00000014800,https://www.vladmiva.ru/products/prochie-formy-trubinnye/806-314-257-514-014/
CANON-ВЛАДМИВА-00000014343,ВладМиВа,856.314.254.045.016,MODERATION,,PHOTO_REVIEW_REQUIRED | EXACT_KZ_SKU_EVIDENCE_REQUIRED,SHARED_IMAGE_REVIEW_REQUIRED,00000014343,https://www.vladmiva.ru/products/prochie-formy-trubinnye/806-314-257-514-016/
CANON-ВЛАДМИВА-00000036349,ВладМиВа,856.314.254.050.018,MODERATION,,PHOTO_REVIEW_REQUIRED | EXACT_KZ_SKU_EVIDENCE_REQUIRED,SHARED_IMAGE_REVIEW_REQUIRED,00000036349,https://www.vladmiva.ru/products/prochie-formy-trubinnye/806-314-257-514-018/
CANON-ВЛАДМИВА-00000014504,ВладМиВа,856.314.254.050.021,MODERATION,,PHOTO_REVIEW_REQUIRED | EXACT_KZ_SKU_EVIDENCE_REQUIRED,SHARED_IMAGE_REVIEW_REQUIRED,00000014504,https://www.vladmiva.ru/products/prochie-formy-trubinnye/806-314-257-514-021/
CANON-ВЛАДМИВА-00000014522,ВладМиВа,856.314.254.050.025,MODERATION,,PHOTO_REVIEW_REQUIRED | EXACT_KZ_SKU_EVIDENCE_REQUIRED,SHARED_IMAGE_REVIEW_REQUIRED,00000014522,https://www.vladmiva.ru/products/prochie-formy-trubinnye/806-314-257-514-025/
CANON-ВЛАДМИВА-00000034602,ВладМиВа,856.314.272.100.010,MODERATION,,PHOTO_REVIEW_REQUIRED | EXACT_KZ_SKU_EVIDENCE_REQUIRED,SHARED_IMAGE_REVIEW_REQUIRED,00000034602,https://www.vladmiva.ru/products/prochie-formy-trubinnye/806-314-274-514-010/
CANON-ВЛАДМИВА-00000012945,ВладМиВа,856.314.272.100.012,MODERATION,,PHOTO_REVIEW_REQUIRED | EXACT_KZ_SKU_EVIDENCE_REQUIRED,SHARED_IMAGE_REVIEW_REQUIRED,00000012945,https://www.vladmiva.ru/products/prochie-formy-trubinnye/806-314-274-514-012/
CANON-ВЛАДМИВА-00000018582,ВладМиВа,856.314.272.100.014,MODERATION,,PHOTO_REVIEW_REQUIRED | EXACT_KZ_SKU_EVIDENCE_REQUIRED,SHARED_IMAGE_REVIEW_REQUIRED,00000018582,https://www.vladmiva.ru/products/prochie-formy-trubinnye/806-314-274-514-014/
CANON-ВЛАДМИВА-00000023013,ВладМиВа,856.314.272.100.016,MODERATION,,PHOTO_REVIEW_REQUIRED | EXACT_KZ_SKU_EVIDENCE_REQUIRED,SHARED_IMAGE_REVIEW_REQUIRED,00000023013,https://www.vladmiva.ru/products/prochie-formy-trubinnye/806-314-274-514-016/
CANON-ВЛАДМИВА-00000021185,ВладМиВа,856.314.277.028.012,MODERATION,,PHOTO_REVIEW_REQUIRED | EXACT_KZ_SKU_EVIDENCE_REQUIRED,SHARED_IMAGE_REVIEW_REQUIRED,00000021185,https://www.vladmiva.ru/products/prochie-formy-trubinnye/806-314-277-514-012/
CANON-ВЛАДМИВА-00000006227,ВладМиВа,856.314.277.034.014,MODERATION,,PHOTO_REVIEW_REQUIRED | EXACT_KZ_SKU_EVIDENCE_REQUIRED,SHARED_IMAGE_REVIEW_REQUIRED,00000006227,https://www.vladmiva.ru/products/prochie-formy-trubinnye/806-314-277-514-014/
CANON-ВЛАДМИВА-00000014489,ВладМиВа,856.314.277.036.016,MODERATION,,PHOTO_REVIEW_REQUIRED | EXACT_KZ_SKU_EVIDENCE_REQUIRED,SHARED_IMAGE_REVIEW_REQUIRED,00000014489,https://www.vladmiva.ru/products/prochie-formy-trubinnye/806-314-277-514-016/
CANON-ВЛАДМИВА-00000014603,ВладМиВа,856.314.277.041.018,MODERATION,,PHOTO_REVIEW_REQUIRED | EXACT_KZ_SKU_EVIDENCE_REQUIRED,SHARED_IMAGE_REVIEW_REQUIRED,00000014603,https://www.vladmiva.ru/products/prochie-formy-trubinnye/806-314-277-514-018/
CANON-ВЛАДМИВА-00000014341,ВладМиВа,856.314.277.042.021,MODERATION,,PHOTO_REVIEW_REQUIRED | EXACT_KZ_SKU_EVIDENCE_REQUIRED,SHARED_IMAGE_REVIEW_REQUIRED,00000014341,https://www.vladmiva.ru/products/prochie-formy-trubinnye/806-314-277-514-021/
CANON-ВЛАДМИВА-00000018579,ВладМиВа,856.314.294.080.010,MODERATION,,PHOTO_REVIEW_REQUIRED | EXACT_KZ_SKU_EVIDENCE_REQUIRED,SHARED_IMAGE_REVIEW_REQUIRED,00000018579,https://www.vladmiva.ru/products/konusnye-trubinnye/806-314-298-514-010/
CANON-ВЛАДМИВА-00000018578,ВладМиВа,856.314.294.080.012,MODERATION,,PHOTO_REVIEW_REQUIRED | EXACT_KZ_SKU_EVIDENCE_REQUIRED,SHARED_IMAGE_REVIEW_REQUIRED,00000018578,https://www.vladmiva.ru/products/konusnye-trubinnye/806-314-298-514-012/
CANON-ВЛАДМИВА-00000017931,ВладМиВа,856.314.294.080.014,MODERATION,,PHOTO_REVIEW_REQUIRED | EXACT_KZ_SKU_EVIDENCE_REQUIRED,SHARED_IMAGE_REVIEW_REQUIRED,00000017931,https://www.vladmiva.ru/products/konusnye-trubinnye/806-314-298-514-014/
CANON-ВЛАДМИВА-00000017905,ВладМиВа,856.314.294.100.010,MODERATION,,PHOTO_REVIEW_REQUIRED | EXACT_KZ_SKU_EVIDENCE_REQUIRED,SHARED_IMAGE_REVIEW_REQUIRED,00000017905,https://www.vladmiva.ru/products/konusnye-trubinnye/806-314-299-514-010/
CANON-ВЛАДМИВА-00000018155,ВладМиВа,856.314.294.100.012,MODERATION,,PHOTO_REVIEW_REQUIRED | EXACT_KZ_SKU_EVIDENCE_REQUIRED,SHARED_IMAGE_REVIEW_REQUIRED,00000018155,https://www.vladmiva.ru/products/konusnye-trubinnye/806-314-299-514-012/
CANON-ВЛАДМИВА-00000014717,ВладМиВа,856.314.303.007.021,MODERATION,,PHOTO_REVIEW_REQUIRED | EXACT_KZ_SKU_EVIDENCE_REQUIRED,SHARED_IMAGE_REVIEW_REQUIRED,00000014717,https://www.vladmiva.ru/products/prochie-formy-trubinnye/806-314-304-514-021/
CANON-ВЛАДМИВА-00000007625,ВладМиВа,856.314.303.011.040,MODERATION,,PHOTO_REVIEW_REQUIRED | EXACT_KZ_SKU_EVIDENCE_REQUIRED,SHARED_IMAGE_REVIEW_REQUIRED,00000007625,https://www.vladmiva.ru/products/prochie-formy-trubinnye/806-314-304-514-040/
CANON-ВЛАДМИВА-00000041251,ВладМиВа,856.314.539.040.009,MODERATION,,PHOTO_REVIEW_REQUIRED | EXACT_KZ_SKU_EVIDENCE_REQUIRED,SHARED_IMAGE_REVIEW_REQUIRED,00000041251,https://www.vladmiva.ru/products/prochie-formy-trubinnye/806-314-540-514-009/
CANON-ВЛАДМИВА-00000014949,ВладМиВа,856.314.697.000.010,MODERATION,,PHOTO_REVIEW_REQUIRED | EXACT_KZ_SKU_EVIDENCE_REQUIRED,SHARED_IMAGE_REVIEW_REQUIRED,00000014949,https://www.vladmiva.ru/products/sfericheskie-trubinnye/806-314-697-514-010/
CANON-ВЛАДМИВА-00000014600,ВладМиВа,856.314.697.000.012,MODERATION,,PHOTO_REVIEW_REQUIRED | EXACT_KZ_SKU_EVIDENCE_REQUIRED,SHARED_IMAGE_REVIEW_REQUIRED,00000014600,https://www.vladmiva.ru/products/sfericheskie-trubinnye/806-314-697-514-012/
CANON-ВЛАДМИВА-00000014491,ВладМиВа,856.314.697.000.014,MODERATION,,PHOTO_REVIEW_REQUIRED | EXACT_KZ_SKU_EVIDENCE_REQUIRED,SHARED_IMAGE_REVIEW_REQUIRED,00000014491,https://www.vladmiva.ru/products/sfericheskie-trubinnye/806-314-697-514-014/
CANON-ВЛАДМИВА-00000014506,ВладМиВа,856.314.697.000.016,MODERATION,,PHOTO_REVIEW_REQUIRED | EXACT_KZ_SKU_EVIDENCE_REQUIRED,SHARED_IMAGE_REVIEW_REQUIRED,00000014506,https://www.vladmiva.ru/products/sfericheskie-trubinnye/806-314-697-514-016/
CANON-ВЛАДМИВА-00000017755,ВладМиВа,856.315.001.000.009,MODERATION,,PHOTO_REVIEW_REQUIRED | EXACT_KZ_SKU_EVIDENCE_REQUIRED,SHARED_IMAGE_REVIEW_REQUIRED,00000017755,https://www.vladmiva.ru/products/sfericheskie-trubinnye/806-315-001-514-009/
CANON-ВЛАДМИВА-00000010631,ВладМиВа,856.315.001.000.010,MODERATION,,PHOTO_REVIEW_REQUIRED | EXACT_KZ_SKU_EVIDENCE_REQUIRED,SHARED_IMAGE_REVIEW_REQUIRED,00000010631,https://www.vladmiva.ru/products/sfericheskie-trubinnye/806-315-001-514-010/
CANON-ВЛАДМИВА-00000010620,ВладМиВа,856.315.001.000.012,MODERATION,,PHOTO_REVIEW_REQUIRED | EXACT_KZ_SKU_EVIDENCE_REQUIRED,SHARED_IMAGE_REVIEW_REQUIRED,00000010620,https://www.vladmiva.ru/products/sfericheskie-trubinnye/806-315-001-514-012/
CANON-ВЛАДМИВА-00000014340,ВладМиВа,856.315.001.000.014,MODERATION,,PHOTO_REVIEW_REQUIRED | EXACT_KZ_SKU_EVIDENCE_REQUIRED,SHARED_IMAGE_REVIEW_REQUIRED,00000014340,https://www.vladmiva.ru/products/sfericheskie-trubinnye/806-315-001-514-014/
CANON-ВЛАДМИВА-00000014502,ВладМиВа,856.315.001.000.016,MODERATION,,PHOTO_REVIEW_REQUIRED | EXACT_KZ_SKU_EVIDENCE_REQUIRED,SHARED_IMAGE_REVIEW_REQUIRED,00000014502,https://www.vladmiva.ru/products/sfericheskie-trubinnye/806-315-001-514-016/
CANON-ВЛАДМИВА-00000014501,ВладМиВа,856.315.001.000.018,MODERATION,,PHOTO_REVIEW_REQUIRED | EXACT_KZ_SKU_EVIDENCE_REQUIRED,SHARED_IMAGE_REVIEW_REQUIRED,00000014501,https://www.vladmiva.ru/products/sfericheskie-trubinnye/806-315-001-514-018/
CANON-ВЛАДМИВА-00000014339,ВладМиВа,856.315.001.000.021,MODERATION,,PHOTO_REVIEW_REQUIRED | EXACT_KZ_SKU_EVIDENCE_REQUIRED,SHARED_IMAGE_REVIEW_REQUIRED,00000014339,https://www.vladmiva.ru/products/sfericheskie-trubinnye/806-315-001-514-021/
CANON-ВЛАДМИВА-00000021568,ВладМиВа,856.315.001.000.023,MODERATION,,PHOTO_REVIEW_REQUIRED | EXACT_KZ_SKU_EVIDENCE_REQUIRED,SHARED_IMAGE_REVIEW_REQUIRED,00000021568,https://www.vladmiva.ru/products/sfericheskie-trubinnye/806-315-001-514-023/
CANON-ВЛАДМИВА-00000020368,ВладМиВа,856.315.010.016.010,MODERATION,,PHOTO_REVIEW_REQUIRED | EXACT_KZ_SKU_EVIDENCE_REQUIRED,SHARED_IMAGE_REVIEW_REQUIRED,00000020368,https://www.vladmiva.ru/products/konusnye-trubinnye/806-315-010-514-010/
CANON-ВЛАДМИВА-00000020305,ВладМиВа,856.315.010.016.012,MODERATION,,PHOTO_REVIEW_REQUIRED | EXACT_KZ_SKU_EVIDENCE_REQUIRED,SHARED_IMAGE_REVIEW_REQUIRED,00000020305,https://www.vladmiva.ru/products/konusnye-trubinnye/806-315-010-514-012/
CANON-ВЛАДМИВА-00000011604,ВладМиВа,856.315.010.016.014,MODERATION,,PHOTO_REVIEW_REQUIRED | EXACT_KZ_SKU_EVIDENCE_REQUIRED,SHARED_IMAGE_REVIEW_REQUIRED,00000011604,https://www.vladmiva.ru/products/konusnye-trubinnye/806-315-010-514-014/
CANON-ВЛАДМИВА-00000015374,ВладМиВа,856.315.010.016.016,MODERATION,,PHOTO_REVIEW_REQUIRED | EXACT_KZ_SKU_EVIDENCE_REQUIRED,SHARED_IMAGE_REVIEW_REQUIRED,00000015374,https://www.vladmiva.ru/products/konusnye-trubinnye/806-315-010-514-016/
CANON-ВЛАДМИВА-00000074245,ВладМиВа,856.315.010.020.018,MODERATION,,PHOTO_REVIEW_REQUIRED | EXACT_KZ_SKU_EVIDENCE_REQUIRED,SHARED_IMAGE_REVIEW_REQUIRED,00000074245,https://www.vladmiva.ru/products/konusnye-trubinnye/806-315-010-514-018/
CANON-ВЛАДМИВА-00000017756,ВладМиВа,856.315.010.023.021,MODERATION,,PHOTO_REVIEW_REQUIRED | EXACT_KZ_SKU_EVIDENCE_REQUIRED,SHARED_IMAGE_REVIEW_REQUIRED,00000017756,https://www.vladmiva.ru/products/konusnye-trubinnye/806-315-010-514-021/
CANON-ВЛАДМИВА-00000021940,ВладМиВа,856.315.107.040.009,MODERATION,,PHOTO_REVIEW_REQUIRED | EXACT_KZ_SKU_EVIDENCE_REQUIRED,SHARED_IMAGE_REVIEW_REQUIRED,00000021940,https://www.vladmiva.ru/products/tsilindricheskie-trubinnye/806-315-109-514-009/
CANON-ВЛАДМИВА-00000056174,ВладМиВа,856.315.107.040.012,MODERATION,,PHOTO_REVIEW_REQUIRED | EXACT_KZ_SKU_EVIDENCE_REQUIRED,SHARED_IMAGE_REVIEW_REQUIRED,00000056174,https://www.vladmiva.ru/products/tsilindricheskie-trubinnye/806-315-109-514-012/
CANON-ВЛАДМИВА-00000021941,ВладМиВа,856.315.107.040.014,MODERATION,,PHOTO_REVIEW_REQUIRED | EXACT_KZ_SKU_EVIDENCE_REQUIRED,SHARED_IMAGE_REVIEW_REQUIRED,00000021941,https://www.vladmiva.ru/products/tsilindricheskie-trubinnye/806-315-109-514-014/
CANON-ВЛАДМИВА-00000022084,ВладМиВа,856.315.107.040.016,MODERATION,,PHOTO_REVIEW_REQUIRED | EXACT_KZ_SKU_EVIDENCE_REQUIRED,SHARED_IMAGE_REVIEW_REQUIRED,00000022084,https://www.vladmiva.ru/products/tsilindricheskie-trubinnye/806-315-109-514-016/
CANON-ВЛАДМИВА-00000024750,ВладМиВа,856.315.107.060.009,MODERATION,,PHOTO_REVIEW_REQUIRED | EXACT_KZ_SKU_EVIDENCE_REQUIRED,SHARED_IMAGE_REVIEW_REQUIRED,00000024750,https://www.vladmiva.ru/products/tsilindricheskie-trubinnye/806-315-110-514-009/
CANON-ВЛАДМИВА-00000038852,ВладМиВа,856.315.107.060.010,MODERATION,,PHOTO_REVIEW_REQUIRED | EXACT_KZ_SKU_EVIDENCE_REQUIRED,SHARED_IMAGE_REVIEW_REQUIRED,00000038852,https://www.vladmiva.ru/products/tsilindricheskie-trubinnye/806-315-110-514-010/
CANON-ВЛАДМИВА-00000033975,ВладМиВа,856.315.107.060.012,MODERATION,,PHOTO_REVIEW_REQUIRED | EXACT_KZ_SKU_EVIDENCE_REQUIRED,SHARED_IMAGE_REVIEW_REQUIRED,00000033975,https://www.vladmiva.ru/products/tsilindricheskie-trubinnye/806-315-110-514-012/
CANON-ВЛАДМИВА-00000013104,ВладМиВа,856.315.107.080.009,MODERATION,,PHOTO_REVIEW_REQUIRED | EXACT_KZ_SKU_EVIDENCE_REQUIRED,SHARED_IMAGE_REVIEW_REQUIRED,00000013104,https://www.vladmiva.ru/products/tsilindricheskie-trubinnye/806-315-111-514-009/
CANON-ВЛАДМИВА-00000013894,ВладМиВа,856.315.107.080.010,MODERATION,,PHOTO_REVIEW_REQUIRED | EXACT_KZ_SKU_EVIDENCE_REQUIRED,SHARED_IMAGE_REVIEW_REQUIRED,00000013894,https://www.vladmiva.ru/products/tsilindricheskie-trubinnye/806-315-111-514-010/
CANON-ВЛАДМИВА-00000015318,ВладМиВа,856.315.107.080.012,MODERATION,,PHOTO_REVIEW_REQUIRED | EXACT_KZ_SKU_EVIDENCE_REQUIRED,SHARED_IMAGE_REVIEW_REQUIRED,00000015318,https://www.vladmiva.ru/products/tsilindricheskie-trubinnye/806-315-111-514-012/
CANON-ВЛАДМИВА-00000015361,ВладМиВа,856.315.107.080.014,MODERATION,,PHOTO_REVIEW_REQUIRED | EXACT_KZ_SKU_EVIDENCE_REQUIRED,SHARED_IMAGE_REVIEW_REQUIRED,00000015361,https://www.vladmiva.ru/products/tsilindricheskie-trubinnye/806-315-111-514-014/
CANON-ВЛАДМИВА-00000015378,ВладМиВа,856.315.107.080.016,MODERATION,,PHOTO_REVIEW_REQUIRED | EXACT_KZ_SKU_EVIDENCE_REQUIRED,SHARED_IMAGE_REVIEW_REQUIRED,00000015378,https://www.vladmiva.ru/products/tsilindricheskie-trubinnye/806-315-111-514-016/
CANON-ВЛАДМИВА-00000022087,ВладМиВа,856.315.126.080.010,MODERATION,,PHOTO_REVIEW_REQUIRED | EXACT_KZ_SKU_EVIDENCE_REQUIRED,SHARED_IMAGE_REVIEW_REQUIRED,00000022087,https://www.vladmiva.ru/products/tsilindricheskie-trubinnye/806-315-130-514-010/
CANON-ВЛАДМИВА-00000022205,ВладМиВа,856.315.126.080.012,MODERATION,,PHOTO_REVIEW_REQUIRED | EXACT_KZ_SKU_EVIDENCE_REQUIRED,SHARED_IMAGE_REVIEW_REQUIRED,00000022205,https://www.vladmiva.ru/products/tsilindricheskie-trubinnye/806-315-130-514-012/
CANON-ВЛАДМИВА-00000021443,ВладМиВа,856.315.126.100.010,MODERATION,,PHOTO_REVIEW_REQUIRED | EXACT_KZ_SKU_EVIDENCE_REQUIRED,SHARED_IMAGE_REVIEW_REQUIRED,00000021443,https://www.vladmiva.ru/products/tsilindricheskie-trubinnye/806-315-131-514-010/
CANON-ВЛАДМИВА-00000021789,ВладМиВа,856.315.126.100.012,MODERATION,,PHOTO_REVIEW_REQUIRED | EXACT_KZ_SKU_EVIDENCE_REQUIRED,SHARED_IMAGE_REVIEW_REQUIRED,00000021789,https://www.vladmiva.ru/products/tsilindricheskie-trubinnye/806-315-131-514-012/
CANON-ВЛАДМИВА-00000021507,ВладМиВа,856.315.126.100.014,MODERATION,,PHOTO_REVIEW_REQUIRED | EXACT_KZ_SKU_EVIDENCE_REQUIRED,SHARED_IMAGE_REVIEW_REQUIRED,00000021507,https://www.vladmiva.ru/products/tsilindricheskie-trubinnye/806-315-131-514-014/
CANON-ВЛАДМИВА-00000021839,ВладМиВа,856.315.137.100.010,MODERATION,,PHOTO_REVIEW_REQUIRED | EXACT_KZ_SKU_EVIDENCE_REQUIRED,SHARED_IMAGE_REVIEW_REQUIRED,00000021839,https://www.vladmiva.ru/products/tsilindricheskie-trubinnye/806-315-142-514-010/
CANON-ВЛАДМИВА-00000021840,ВладМиВа,856.315.137.100.012,MODERATION,,PHOTO_REVIEW_REQUIRED | EXACT_KZ_SKU_EVIDENCE_REQUIRED,SHARED_IMAGE_REVIEW_REQUIRED,00000021840,https://www.vladmiva.ru/products/tsilindricheskie-trubinnye/806-315-142-514-012/
CANON-ВЛАДМИВА-00000021937,ВладМиВа,856.315.137.100.014,MODERATION,,PHOTO_REVIEW_REQUIRED | EXACT_KZ_SKU_EVIDENCE_REQUIRED,SHARED_IMAGE_REVIEW_REQUIRED,00000021937,https://www.vladmiva.ru/products/tsilindricheskie-trubinnye/806-315-142-514-014/
CANON-ВЛАДМИВА-00000034609,ВладМиВа,856.315.164.100.025,MODERATION,,PHOTO_REVIEW_REQUIRED | EXACT_KZ_SKU_EVIDENCE_REQUIRED,SHARED_IMAGE_REVIEW_REQUIRED,00000034609,https://www.vladmiva.ru/products/konusnye-trubinnye/806-315-166-514-025/
CANON-ВЛАДМИВА-00000014521,ВладМиВа,856.315.168.100.021,MODERATION,,PHOTO_REVIEW_REQUIRED | EXACT_KZ_SKU_EVIDENCE_REQUIRED,SHARED_IMAGE_REVIEW_REQUIRED,00000014521,https://www.vladmiva.ru/products/konusnye-trubinnye/806-315-173-514-021/
CANON-ВЛАДМИВА-00000008863,ВладМиВа,856.315.194.100.014,MODERATION,,PHOTO_REVIEW_REQUIRED | EXACT_KZ_SKU_EVIDENCE_REQUIRED,SHARED_IMAGE_REVIEW_REQUIRED,00000008863,https://www.vladmiva.ru/products/konusnye-trubinnye/806-315-199-514-014_1/
CANON-ВЛАДМИВА-00000021972,ВладМиВа,856.315.194.100.016,MODERATION,,PHOTO_REVIEW_REQUIRED | EXACT_KZ_SKU_EVIDENCE_REQUIRED,SHARED_IMAGE_REVIEW_REQUIRED,00000021972,https://www.vladmiva.ru/products/konusnye-trubinnye/806-315-199-514-016/
CANON-ВЛАДМИВА-00000034214,ВладМиВа,856.315.225.060.021,MODERATION,,PHOTO_REVIEW_REQUIRED | EXACT_KZ_SKU_EVIDENCE_REQUIRED,SHARED_IMAGE_REVIEW_REQUIRED,00000034214,https://www.vladmiva.ru/products/konusnye-trubinnye/806-315-225-514-021/
CANON-ВЛАДМИВА-00000022460,ВладМиВа,856.315.243.080.012,MODERATION,,PHOTO_REVIEW_REQUIRED | EXACT_KZ_SKU_EVIDENCE_REQUIRED,SHARED_IMAGE_REVIEW_REQUIRED,00000022460,https://www.vladmiva.ru/products/plamevidnye-trubinnye/806-315-243-514-012/
CANON-ВЛАДМИВА-00000012849,ВладМиВа,856.315.243.080.014,MODERATION,,PHOTO_REVIEW_REQUIRED | EXACT_KZ_SKU_EVIDENCE_REQUIRED,SHARED_IMAGE_REVIEW_REQUIRED,00000012849,https://www.vladmiva.ru/products/plamevidnye-trubinnye/806-315-243-514-014/
CANON-ВЛАДМИВА-00000033660,ВладМиВа,856.315.243.080.016,MODERATION,,PHOTO_REVIEW_REQUIRED | EXACT_KZ_SKU_EVIDENCE_REQUIRED,SHARED_IMAGE_REVIEW_REQUIRED,00000033660,https://www.vladmiva.ru/products/plamevidnye-trubinnye/806-315-243-514-016/
CANON-ВЛАДМИВА-00000006503,ВладМиВа,856.315.254.030.010,MODERATION,,PHOTO_REVIEW_REQUIRED | EXACT_KZ_SKU_EVIDENCE_REQUIRED,SHARED_IMAGE_REVIEW_REQUIRED,00000006503,https://www.vladmiva.ru/products/prochie-formy-trubinnye/806-315-257-514-010/
CANON-ВЛАДМИВА-00000040271,ВладМиВа,856.315.254.030.012,MODERATION,,PHOTO_REVIEW_REQUIRED | EXACT_KZ_SKU_EVIDENCE_REQUIRED,SHARED_IMAGE_REVIEW_REQUIRED,00000040271,https://www.vladmiva.ru/products/prochie-formy-trubinnye/806-315-257-514-012/
CANON-ВЛАДМИВА-00000012623,ВладМиВа,856.315.254.030.014,MODERATION,,PHOTO_REVIEW_REQUIRED | EXACT_KZ_SKU_EVIDENCE_REQUIRED,SHARED_IMAGE_REVIEW_REQUIRED,00000012623,https://www.vladmiva.ru/products/prochie-formy-trubinnye/806-315-257-514-014/
CANON-ВЛАДМИВА-00000012527,ВладМиВа,856.315.254.045.016,MODERATION,,PHOTO_REVIEW_REQUIRED | EXACT_KZ_SKU_EVIDENCE_REQUIRED,SHARED_IMAGE_REVIEW_REQUIRED,00000012527,https://www.vladmiva.ru/products/prochie-formy-trubinnye/806-315-257-514-016/
CANON-ВЛАДМИВА-00000012526,ВладМиВа,856.315.254.050.018,MODERATION,,PHOTO_REVIEW_REQUIRED | EXACT_KZ_SKU_EVIDENCE_REQUIRED,SHARED_IMAGE_REVIEW_REQUIRED,00000012526,https://www.vladmiva.ru/products/prochie-formy-trubinnye/806-315-257-514-018/
CANON-ВЛАДМИВА-00000021973,ВладМиВа,856.315.254.050.021,MODERATION,,PHOTO_REVIEW_REQUIRED | EXACT_KZ_SKU_EVIDENCE_REQUIRED,SHARED_IMAGE_REVIEW_REQUIRED,00000021973,https://www.vladmiva.ru/products/prochie-formy-trubinnye/806-315-257-514-021/
CANON-ВЛАДМИВА-00000008425,ВладМиВа,856.315.254.050.025,MODERATION,,PHOTO_REVIEW_REQUIRED | EXACT_KZ_SKU_EVIDENCE_REQUIRED,SHARED_IMAGE_REVIEW_REQUIRED,00000008425,https://www.vladmiva.ru/products/prochie-formy-trubinnye/806-315-257-514-025/
CANON-ВЛАДМИВА-00000040323,ВладМиВа,856.315.277.028.012,MODERATION,,PHOTO_REVIEW_REQUIRED | EXACT_KZ_SKU_EVIDENCE_REQUIRED,SHARED_IMAGE_REVIEW_REQUIRED,00000040323,https://www.vladmiva.ru/products/prochie-formy-trubinnye/806-315-277-514-012/
CANON-ВЛАДМИВА-00000054341,ВладМиВа,856.315.277.034.014,MODERATION,,PHOTO_REVIEW_REQUIRED | EXACT_KZ_SKU_EVIDENCE_REQUIRED,SHARED_IMAGE_REVIEW_REQUIRED,00000054341,https://www.vladmiva.ru/products/prochie-formy-trubinnye/806-315-277-514-014/
CANON-ВЛАДМИВА-00000017531,ВладМиВа,856.315.277.036.016,MODERATION,,PHOTO_REVIEW_REQUIRED | EXACT_KZ_SKU_EVIDENCE_REQUIRED,SHARED_IMAGE_REVIEW_REQUIRED,00000017531,https://www.vladmiva.ru/products/prochie-formy-trubinnye/806-315-277-514-016/
CANON-ВЛАДМИВА-00000034610,ВладМиВа,856.315.277.041.018,MODERATION,,PHOTO_REVIEW_REQUIRED | EXACT_KZ_SKU_EVIDENCE_REQUIRED,SHARED_IMAGE_REVIEW_REQUIRED,00000034610,https://www.vladmiva.ru/products/prochie-formy-trubinnye/806-315-277-514-018/
CANON-ВЛАДМИВА-00000017526,ВладМиВа,856.315.277.042.021,MODERATION,,PHOTO_REVIEW_REQUIRED | EXACT_KZ_SKU_EVIDENCE_REQUIRED,SHARED_IMAGE_REVIEW_REQUIRED,00000017526,https://www.vladmiva.ru/products/prochie-formy-trubinnye/806-315-277-514-021/
CANON-ВЛАДМИВА-00000022960,ВладМиВа,856.315.294.080.010,MODERATION,,PHOTO_REVIEW_REQUIRED | EXACT_KZ_SKU_EVIDENCE_REQUIRED,SHARED_IMAGE_REVIEW_REQUIRED,00000022960,https://www.vladmiva.ru/products/konusnye-trubinnye/806-315-298-514-010/
CANON-ВЛАДМИВА-00000021445,ВладМиВа,856.315.294.080.012,MODERATION,,PHOTO_REVIEW_REQUIRED | EXACT_KZ_SKU_EVIDENCE_REQUIRED,SHARED_IMAGE_REVIEW_REQUIRED,00000021445,https://www.vladmiva.ru/products/konusnye-trubinnye/806-315-298-514-012/
CANON-ВЛАДМИВА-00000022942,ВладМиВа,856.315.294.080.014,MODERATION,,PHOTO_REVIEW_REQUIRED | EXACT_KZ_SKU_EVIDENCE_REQUIRED,SHARED_IMAGE_REVIEW_REQUIRED,00000022942,https://www.vladmiva.ru/products/konusnye-trubinnye/806-315-298-514-014/
CANON-ВЛАДМИВА-00000021909,ВладМиВа,856.315.294.100.010,MODERATION,,PHOTO_REVIEW_REQUIRED | EXACT_KZ_SKU_EVIDENCE_REQUIRED,SHARED_IMAGE_REVIEW_REQUIRED,00000021909,https://www.vladmiva.ru/products/konusnye-trubinnye/806-315-299-514-010/
CANON-ВЛАДМИВА-00000044571,ВладМиВа,856.315.294.100.012,MODERATION,,PHOTO_REVIEW_REQUIRED | EXACT_KZ_SKU_EVIDENCE_REQUIRED,SHARED_IMAGE_REVIEW_REQUIRED,00000044571,https://www.vladmiva.ru/products/konusnye-trubinnye/806-315-299-514-012/
CANON-ВЛАДМИВА-00000014523,ВладМиВа,856.315.303.007.021,MODERATION,,PHOTO_REVIEW_REQUIRED | EXACT_KZ_SKU_EVIDENCE_REQUIRED,SHARED_IMAGE_REVIEW_REQUIRED,00000014523,https://www.vladmiva.ru/products/prochie-formy-trubinnye/806-315-304-514-021/
CANON-ВЛАДМИВА-00000078933,ВладМиВа,856.315.697.000.009,MODERATION,,PHOTO_REVIEW_REQUIRED | EXACT_KZ_SKU_EVIDENCE_REQUIRED,SHARED_IMAGE_REVIEW_REQUIRED,00000078933,https://www.vladmiva.ru/products/sfericheskie-trubinnye/806-315-697-514-009/
CANON-ВЛАДМИВА-00000043737,ВладМиВа,856.315.697.000.010,MODERATION,,PHOTO_REVIEW_REQUIRED | EXACT_KZ_SKU_EVIDENCE_REQUIRED,SHARED_IMAGE_REVIEW_REQUIRED,00000043737,https://www.vladmiva.ru/products/sfericheskie-trubinnye/806-315-697-514-010/
CANON-ВЛАДМИВА-00000043738,ВладМиВа,856.315.697.000.012,MODERATION,,PHOTO_REVIEW_REQUIRED | EXACT_KZ_SKU_EVIDENCE_REQUIRED,SHARED_IMAGE_REVIEW_REQUIRED,00000043738,https://www.vladmiva.ru/products/sfericheskie-trubinnye/806-315-697-514-012/
CANON-ВЛАДМИВА-00000045311,ВладМиВа,856.315.697.000.014,MODERATION,,PHOTO_REVIEW_REQUIRED | EXACT_KZ_SKU_EVIDENCE_REQUIRED,SHARED_IMAGE_REVIEW_REQUIRED,00000045311,https://www.vladmiva.ru/products/sfericheskie-trubinnye/806-315-697-514-014/
CANON-ВЛАДМИВА-00000045293,ВладМиВа,856.315.697.000.016,MODERATION,,PHOTO_REVIEW_REQUIRED | EXACT_KZ_SKU_EVIDENCE_REQUIRED,SHARED_IMAGE_REVIEW_REQUIRED,00000045293,https://www.vladmiva.ru/products/sfericheskie-trubinnye/806-315-697-514-016/
CANON-ВЛАДМИВА-00000021118,ВладМиВа,856.316.001.000.009,MODERATION,,PHOTO_REVIEW_REQUIRED | EXACT_KZ_SKU_EVIDENCE_REQUIRED,SHARED_IMAGE_REVIEW_REQUIRED,00000021118,https://www.vladmiva.ru/products/sfericheskie-trubinnye/806-316-001-514-009/
CANON-ВЛАДМИВА-00000012941,ВладМиВа,856.316.001.000.010,MODERATION,,PHOTO_REVIEW_REQUIRED | EXACT_KZ_SKU_EVIDENCE_REQUIRED,SHARED_IMAGE_REVIEW_REQUIRED,00000012941,https://www.vladmiva.ru/products/sfericheskie-trubinnye/806-316-001-514-010/
CANON-ВЛАДМИВА-00000013108,ВладМиВа,856.316.001.000.012,MODERATION,,PHOTO_REVIEW_REQUIRED | EXACT_KZ_SKU_EVIDENCE_REQUIRED,SHARED_IMAGE_REVIEW_REQUIRED,00000013108,https://www.vladmiva.ru/products/sfericheskie-trubinnye/806-316-001-514-012/
CANON-ВЛАДМИВА-00000009137,ВладМиВа,856.316.001.000.014,MODERATION,,PHOTO_REVIEW_REQUIRED | EXACT_KZ_SKU_EVIDENCE_REQUIRED,SHARED_IMAGE_REVIEW_REQUIRED,00000009137,https://www.vladmiva.ru/products/sfericheskie-trubinnye/806-316-001-514-014/
CANON-ВЛАДМИВА-00000012961,ВладМиВа,856.316.001.000.016,MODERATION,,PHOTO_REVIEW_REQUIRED | EXACT_KZ_SKU_EVIDENCE_REQUIRED,SHARED_IMAGE_REVIEW_REQUIRED,00000012961,https://www.vladmiva.ru/products/sfericheskie-trubinnye/806-316-001-514-016/
CANON-ВЛАДМИВА-00000023937,ВладМиВа,856.316.001.000.018,MODERATION,,PHOTO_REVIEW_REQUIRED | EXACT_KZ_SKU_EVIDENCE_REQUIRED,SHARED_IMAGE_REVIEW_REQUIRED,00000023937,https://www.vladmiva.ru/products/sfericheskie-trubinnye/806-316-001-514-018/
CANON-ВЛАДМИВА-00000023948,ВладМиВа,856.316.001.000.021,MODERATION,,PHOTO_REVIEW_REQUIRED | EXACT_KZ_SKU_EVIDENCE_REQUIRED,SHARED_IMAGE_REVIEW_REQUIRED,00000023948,https://www.vladmiva.ru/products/sfericheskie-trubinnye/806-316-001-514-021/
CANON-ВЛАДМИВА-00000036207,ВладМиВа,856.316.001.000.023,MODERATION,,PHOTO_REVIEW_REQUIRED | EXACT_KZ_SKU_EVIDENCE_REQUIRED,SHARED_IMAGE_REVIEW_REQUIRED,00000036207,https://www.vladmiva.ru/products/sfericheskie-trubinnye/806-316-001-514-023/
CANON-ВЛАДМИВА-00000014407,ВладМиВа,866.204.001.000.012,MODERATION,,PHOTO_REVIEW_REQUIRED | EXACT_KZ_SKU_EVIDENCE_REQUIRED,SHARED_IMAGE_REVIEW_REQUIRED,00000014407,https://www.vladmiva.ru/products/sfericheskie-uglovye/806-204-001-524-012/
CANON-ВЛАДМИВА-00000014406,ВладМиВа,866.204.001.000.014,MODERATION,,PHOTO_REVIEW_REQUIRED | EXACT_KZ_SKU_EVIDENCE_REQUIRED,SHARED_IMAGE_REVIEW_REQUIRED,00000014406,https://www.vladmiva.ru/products/sfericheskie-uglovye/806-204-001-524-014/
CANON-ВЛАДМИВА-00000014404,ВладМиВа,866.204.001.000.016,MODERATION,,PHOTO_REVIEW_REQUIRED | EXACT_KZ_SKU_EVIDENCE_REQUIRED,SHARED_IMAGE_REVIEW_REQUIRED,00000014404,https://www.vladmiva.ru/products/sfericheskie-uglovye/806-204-001-524-016/
CANON-ВЛАДМИВА-00000014405,ВладМиВа,866.204.001.000.018,MODERATION,,PHOTO_REVIEW_REQUIRED | EXACT_KZ_SKU_EVIDENCE_REQUIRED,SHARED_IMAGE_REVIEW_REQUIRED,00000014405,https://www.vladmiva.ru/products/sfericheskie-uglovye/806-204-001-524-018/
CANON-ВЛАДМИВА-00000014403,ВладМиВа,866.204.001.000.021,MODERATION,,PHOTO_REVIEW_REQUIRED | EXACT_KZ_SKU_EVIDENCE_REQUIRED,SHARED_IMAGE_REVIEW_REQUIRED,00000014403,https://www.vladmiva.ru/products/sfericheskie-uglovye/806-204-001-524-021/
CANON-ВЛАДМИВА-00000014425,ВладМиВа,866.204.001.000.023,MODERATION,,PHOTO_REVIEW_REQUIRED | EXACT_KZ_SKU_EVIDENCE_REQUIRED,SHARED_IMAGE_REVIEW_REQUIRED,00000014425,https://www.vladmiva.ru/products/sfericheskie-uglovye/806-204-001-524-023/
CANON-ВЛАДМИВА-00000031460,ВладМиВа,866.204.001.000.027,MODERATION,,PHOTO_REVIEW_REQUIRED | EXACT_KZ_SKU_EVIDENCE_REQUIRED,SHARED_IMAGE_REVIEW_REQUIRED,00000031460,https://www.vladmiva.ru/products/sfericheskie-uglovye/806-204-001-524-027_1/
CANON-ВЛАДМИВА-00000023114,ВладМиВа,866.204.001.000.029,MODERATION,,PHOTO_REVIEW_REQUIRED | EXACT_KZ_SKU_EVIDENCE_REQUIRED,SHARED_IMAGE_REVIEW_REQUIRED,00000023114,https://www.vladmiva.ru/products/sfericheskie-uglovye/806-204-001-524-029/
CANON-ВЛАДМИВА-00000022479,ВладМиВа,866.204.002.030.012,MODERATION,,PHOTO_REVIEW_REQUIRED | EXACT_KZ_SKU_EVIDENCE_REQUIRED,SHARED_IMAGE_REVIEW_REQUIRED,00000022479,https://www.vladmiva.ru/products/sfericheskie-uglovye/806-204-002-524-012/
CANON-ВЛАДМИВА-00000023133,ВладМиВа,866.204.002.030.014,MODERATION,,PHOTO_REVIEW_REQUIRED | EXACT_KZ_SKU_EVIDENCE_REQUIRED,SHARED_IMAGE_REVIEW_REQUIRED,00000023133,https://www.vladmiva.ru/products/sfericheskie-uglovye/806-204-002-524-014/
CANON-ВЛАДМИВА-00000021788,ВладМиВа,866.204.002.030.016,MODERATION,,PHOTO_REVIEW_REQUIRED | EXACT_KZ_SKU_EVIDENCE_REQUIRED,SHARED_IMAGE_REVIEW_REQUIRED,00000021788,https://www.vladmiva.ru/products/sfericheskie-uglovye/806-204-002-524-016/
CANON-ВЛАДМИВА-00000038128,ВладМиВа,866.204.002.035.018,MODERATION,,PHOTO_REVIEW_REQUIRED | EXACT_KZ_SKU_EVIDENCE_REQUIRED,SHARED_IMAGE_REVIEW_REQUIRED,00000038128,https://www.vladmiva.ru/products/sfericheskie-uglovye/806-204-002-524-018/
CANON-ВЛАДМИВА-00000014701,ВладМиВа,866.204.010.016.012,MODERATION,,PHOTO_REVIEW_REQUIRED | EXACT_KZ_SKU_EVIDENCE_REQUIRED,SHARED_IMAGE_REVIEW_REQUIRED,00000014701,https://www.vladmiva.ru/products/konusnye-uglovye/806-204-010-524-012/
CANON-ВЛАДМИВА-00000014408,ВладМиВа,866.204.010.016.014,MODERATION,,PHOTO_REVIEW_REQUIRED | EXACT_KZ_SKU_EVIDENCE_REQUIRED,SHARED_IMAGE_REVIEW_REQUIRED,00000014408,https://www.vladmiva.ru/products/konusnye-uglovye/806-204-010-524-014/
CANON-ВЛАДМИВА-00000014472,ВладМиВа,866.204.010.016.016,MODERATION,,PHOTO_REVIEW_REQUIRED | EXACT_KZ_SKU_EVIDENCE_REQUIRED,SHARED_IMAGE_REVIEW_REQUIRED,00000014472,https://www.vladmiva.ru/products/konusnye-uglovye/806-204-010-524-016/
CANON-ВЛАДМИВА-00000014944,ВладМиВа,866.204.010.016.018,MODERATION,,PHOTO_REVIEW_REQUIRED | EXACT_KZ_SKU_EVIDENCE_REQUIRED,SHARED_IMAGE_REVIEW_REQUIRED,00000014944,https://www.vladmiva.ru/products/konusnye-uglovye/806-204-010-524-018/
CANON-ВЛАДМИВА-00000017803,ВладМиВа,866.204.010.020.021,MODERATION,,PHOTO_REVIEW_REQUIRED | EXACT_KZ_SKU_EVIDENCE_REQUIRED,SHARED_IMAGE_REVIEW_REQUIRED,00000017803,https://www.vladmiva.ru/products/konusnye-uglovye/806-204-010-524-021/
CANON-ВЛАДМИВА-00000020354,ВладМиВа,866.204.010.023.023,MODERATION,,PHOTO_REVIEW_REQUIRED | EXACT_KZ_SKU_EVIDENCE_REQUIRED,SHARED_IMAGE_REVIEW_REQUIRED,00000020354,https://www.vladmiva.ru/products/konusnye-uglovye/806-204-010-524-023/
CANON-ВЛАДМИВА-00000020396,ВладМиВа,866.204.010.025.027,MODERATION,,PHOTO_REVIEW_REQUIRED | EXACT_KZ_SKU_EVIDENCE_REQUIRED,SHARED_IMAGE_REVIEW_REQUIRED,00000020396,https://www.vladmiva.ru/products/konusnye-uglovye/806-204-010-524-027/
CANON-ВЛАДМИВА-00000009125,ВладМиВа,866.204.040.008.050,MODERATION,,PHOTO_REVIEW_REQUIRED | EXACT_KZ_SKU_EVIDENCE_REQUIRED,SHARED_IMAGE_REVIEW_REQUIRED,00000009125,https://www.vladmiva.ru/products/prochie-formy-uglovye/806-204-041-524-050/
CANON-ВЛАДМИВА-00000020057,ВладМиВа,866.204.067.018.050,MODERATION,,PHOTO_REVIEW_REQUIRED | EXACT_KZ_SKU_EVIDENCE_REQUIRED,SHARED_IMAGE_REVIEW_REQUIRED,00000020057,https://www.vladmiva.ru/products/prochie-formy-uglovye/806-204-068-524-050/
CANON-ВЛАДМИВА-00000018586,ВладМиВа,866.204.107.040.010,MODERATION,,PHOTO_REVIEW_REQUIRED | EXACT_KZ_SKU_EVIDENCE_REQUIRED,SHARED_IMAGE_REVIEW_REQUIRED,00000018586,https://www.vladmiva.ru/products/tsilindricheskie-uglovye/806-204-109-524-010/
CANON-ВЛАДМИВА-00000014952,ВладМиВа,866.204.107.040.012,MODERATION,,PHOTO_REVIEW_REQUIRED | EXACT_KZ_SKU_EVIDENCE_REQUIRED,SHARED_IMAGE_REVIEW_REQUIRED,00000014952,https://www.vladmiva.ru/products/tsilindricheskie-uglovye/806-204-109-524-012/
CANON-ВЛАДМИВА-00000014955,ВладМиВа,866.204.107.060.012,MODERATION,,PHOTO_REVIEW_REQUIRED | EXACT_KZ_SKU_EVIDENCE_REQUIRED,SHARED_IMAGE_REVIEW_REQUIRED,00000014955,https://www.vladmiva.ru/products/tsilindricheskie-uglovye/806-204-110-524-012/
CANON-ВЛАДМИВА-00000014464,ВладМиВа,866.204.107.060.014,MODERATION,,PHOTO_REVIEW_REQUIRED | EXACT_KZ_SKU_EVIDENCE_REQUIRED,SHARED_IMAGE_REVIEW_REQUIRED,00000014464,https://www.vladmiva.ru/products/tsilindricheskie-uglovye/806-204-110-524-014/
CANON-ВЛАДМИВА-00000014456,ВладМиВа,866.204.107.060.016,MODERATION,,PHOTO_REVIEW_REQUIRED | EXACT_KZ_SKU_EVIDENCE_REQUIRED,SHARED_IMAGE_REVIEW_REQUIRED,00000014456,https://www.vladmiva.ru/products/tsilindricheskie-uglovye/806-204-110-524-016/
CANON-ВЛАДМИВА-00000026605,ВладМиВа,866.204.107.080.016,MODERATION,,PHOTO_REVIEW_REQUIRED | EXACT_KZ_SKU_EVIDENCE_REQUIRED,SHARED_IMAGE_REVIEW_REQUIRED,00000026605,https://www.vladmiva.ru/products/tsilindricheskie-uglovye/806-204-111-524-016/
CANON-ВЛАДМИВА-00000014919,ВладМиВа,866.204.137.060.012,MODERATION,,PHOTO_REVIEW_REQUIRED | EXACT_KZ_SKU_EVIDENCE_REQUIRED,SHARED_IMAGE_REVIEW_REQUIRED,00000014919,https://www.vladmiva.ru/products/tsilindricheskie-uglovye/806-204-140-524-012/
CANON-ВЛАДМИВА-00000017606,ВладМиВа,866.204.137.060.014,MODERATION,,PHOTO_REVIEW_REQUIRED | EXACT_KZ_SKU_EVIDENCE_REQUIRED,SHARED_IMAGE_REVIEW_REQUIRED,00000017606,https://www.vladmiva.ru/products/tsilindricheskie-uglovye/806-204-140-524-014/
CANON-ВЛАДМИВА-00000014917,ВладМиВа,866.204.137.080.012,MODERATION,,PHOTO_REVIEW_REQUIRED | EXACT_KZ_SKU_EVIDENCE_REQUIRED,SHARED_IMAGE_REVIEW_REQUIRED,00000014917,https://www.vladmiva.ru/products/tsilindricheskie-uglovye/806-204-141-524-012/
CANON-ВЛАДМИВА-00000017757,ВладМиВа,866.204.137.080.014,MODERATION,,PHOTO_REVIEW_REQUIRED | EXACT_KZ_SKU_EVIDENCE_REQUIRED,SHARED_IMAGE_REVIEW_REQUIRED,00000017757,https://www.vladmiva.ru/products/tsilindricheskie-uglovye/806-204-141-524-014/
CANON-ВЛАДМИВА-00000014910,ВладМиВа,866.204.164.080.012,MODERATION,,PHOTO_REVIEW_REQUIRED | EXACT_KZ_SKU_EVIDENCE_REQUIRED,SHARED_IMAGE_REVIEW_REQUIRED,00000014910,https://www.vladmiva.ru/products/konusnye-uglovye/806-204-165-524-012/
CANON-ВЛАДМИВА-00000014911,ВладМиВа,866.204.164.080.014,MODERATION,,PHOTO_REVIEW_REQUIRED | EXACT_KZ_SKU_EVIDENCE_REQUIRED,SHARED_IMAGE_REVIEW_REQUIRED,00000014911,https://www.vladmiva.ru/products/konusnye-uglovye/806-204-165-524-014/
CANON-ВЛАДМИВА-00000017860,ВладМиВа,866.204.164.080.016,MODERATION,,PHOTO_REVIEW_REQUIRED | EXACT_KZ_SKU_EVIDENCE_REQUIRED,SHARED_IMAGE_REVIEW_REQUIRED,00000017860,https://www.vladmiva.ru/products/konusnye-uglovye/806-204-165-524-016/
CANON-ВЛАДМИВА-00-00067450,ВладМиВа,866.204.164.080.018,MODERATION,,PHOTO_REVIEW_REQUIRED | EXACT_KZ_SKU_EVIDENCE_REQUIRED,SHARED_IMAGE_REVIEW_REQUIRED,00-00067450,https://www.vladmiva.ru/products/konusnye-uglovye/806-204-165-524-018/
CANON-ВЛАДМИВА-00000014912,ВладМиВа,866.204.164.100.010,MODERATION,,PHOTO_REVIEW_REQUIRED | EXACT_KZ_SKU_EVIDENCE_REQUIRED,SHARED_IMAGE_REVIEW_REQUIRED,00000014912,https://www.vladmiva.ru/products/konusnye-uglovye/806-204-166-524-010/
CANON-ВЛАДМИВА-00000014913,ВладМиВа,866.204.164.100.012,MODERATION,,PHOTO_REVIEW_REQUIRED | EXACT_KZ_SKU_EVIDENCE_REQUIRED,SHARED_IMAGE_REVIEW_REQUIRED,00000014913,https://www.vladmiva.ru/products/konusnye-uglovye/806-204-166-524-012/
CANON-ВЛАДМИВА-00000014914,ВладМиВа,866.204.164.100.014,MODERATION,,PHOTO_REVIEW_REQUIRED | EXACT_KZ_SKU_EVIDENCE_REQUIRED,SHARED_IMAGE_REVIEW_REQUIRED,00000014914,https://www.vladmiva.ru/products/konusnye-uglovye/806-204-166-524-014/
CANON-ВЛАДМИВА-00000020061,ВладМиВа,866.204.194.100.010,MODERATION,,PHOTO_REVIEW_REQUIRED | EXACT_KZ_SKU_EVIDENCE_REQUIRED,SHARED_IMAGE_REVIEW_REQUIRED,00000020061,https://www.vladmiva.ru/products/konusnye-uglovye/806-204-199-524-010/
CANON-ВЛАДМИВА-00000031462,ВладМиВа,866.204.194.100.012,MODERATION,,PHOTO_REVIEW_REQUIRED | EXACT_KZ_SKU_EVIDENCE_REQUIRED,SHARED_IMAGE_REVIEW_REQUIRED,00000031462,https://www.vladmiva.ru/products/konusnye-uglovye/806-204-199-524-012_1/
CANON-ВЛАДМИВА-00000014605,ВладМиВа,866.204.243.080.014,MODERATION,,PHOTO_REVIEW_REQUIRED | EXACT_KZ_SKU_EVIDENCE_REQUIRED,SHARED_IMAGE_REVIEW_REQUIRED,00000014605,https://www.vladmiva.ru/products/plamevidnye-uglovye/806-204-243-524-014/
CANON-ВЛАДМИВА-00000014608,ВладМиВа,866.204.243.080.016,MODERATION,,PHOTO_REVIEW_REQUIRED | EXACT_KZ_SKU_EVIDENCE_REQUIRED,SHARED_IMAGE_REVIEW_REQUIRED,00000014608,https://www.vladmiva.ru/products/plamevidnye-uglovye/806-204-243-524-016/
CANON-ВЛАДМИВА-00000014418,ВладМиВа,866.204.243.080.018,MODERATION,,PHOTO_REVIEW_REQUIRED | EXACT_KZ_SKU_EVIDENCE_REQUIRED,SHARED_IMAGE_REVIEW_REQUIRED,00000014418,https://www.vladmiva.ru/products/plamevidnye-uglovye/806-204-243-524-018/
CANON-ВЛАДМИВА-00000063670,ВладМиВа,866.204.245.080.016,MODERATION,,PHOTO_REVIEW_REQUIRED | EXACT_KZ_SKU_EVIDENCE_REQUIRED,SHARED_IMAGE_REVIEW_REQUIRED,00000063670,https://www.vladmiva.ru/products/konusnye-uglovye/806-204-249-524-016-udalit/
CANON-ВЛАДМИВА-00000018003,ВладМиВа,866.204.277.041.018,MODERATION,,PHOTO_REVIEW_REQUIRED | EXACT_KZ_SKU_EVIDENCE_REQUIRED,SHARED_IMAGE_REVIEW_REQUIRED,00000018003,https://www.vladmiva.ru/products/prochie-formy-uglovye/806-204-277-524-018/
CANON-ВЛАДМИВА-00000014424,ВладМиВа,866.205.001.000.014,MODERATION,,PHOTO_REVIEW_REQUIRED | EXACT_KZ_SKU_EVIDENCE_REQUIRED,SHARED_IMAGE_REVIEW_REQUIRED,00000014424,https://www.vladmiva.ru/products/sfericheskie-uglovye/806-205-001-524-014/
CANON-ВЛАДМИВА-00000014458,ВладМиВа,866.205.001.000.016,MODERATION,,PHOTO_REVIEW_REQUIRED | EXACT_KZ_SKU_EVIDENCE_REQUIRED,SHARED_IMAGE_REVIEW_REQUIRED,00000014458,https://www.vladmiva.ru/products/sfericheskie-uglovye/806-205-001-524-016/
CANON-ВЛАДМИВА-00000014465,ВладМиВа,866.205.001.000.018,MODERATION,,PHOTO_REVIEW_REQUIRED | EXACT_KZ_SKU_EVIDENCE_REQUIRED,SHARED_IMAGE_REVIEW_REQUIRED,00000014465,https://www.vladmiva.ru/products/sfericheskie-uglovye/806-205-001-524-018/
CANON-ВЛАДМИВА-00000032863,ВладМиВа,866.205.002.030.012,MODERATION,,PHOTO_REVIEW_REQUIRED | EXACT_KZ_SKU_EVIDENCE_REQUIRED,SHARED_IMAGE_REVIEW_REQUIRED,00000032863,https://www.vladmiva.ru/products/sfericheskie-uglovye/806-205-002-524-012/
CANON-ВЛАДМИВА-00000056063,ВладМиВа,866.205.002.030.014,MODERATION,,PHOTO_REVIEW_REQUIRED | EXACT_KZ_SKU_EVIDENCE_REQUIRED,SHARED_IMAGE_REVIEW_REQUIRED,00000056063,https://www.vladmiva.ru/products/sfericheskie-uglovye/806-205-002-524-014/
CANON-ВЛАДМИВА-00000021790,ВладМиВа,866.205.002.030.016,MODERATION,,PHOTO_REVIEW_REQUIRED | EXACT_KZ_SKU_EVIDENCE_REQUIRED,SHARED_IMAGE_REVIEW_REQUIRED,00000021790,https://www.vladmiva.ru/products/sfericheskie-uglovye/806-205-002-524-016/
CANON-ВЛАДМИВА-00000014202,ВладМиВа,866.205.010.016.012,MODERATION,,PHOTO_REVIEW_REQUIRED | EXACT_KZ_SKU_EVIDENCE_REQUIRED,SHARED_IMAGE_REVIEW_REQUIRED,00000014202,https://www.vladmiva.ru/products/konusnye-uglovye/806-205-010-524-012/
CANON-ВЛАДМИВА-00000014922,ВладМиВа,866.205.010.016.014,MODERATION,,PHOTO_REVIEW_REQUIRED | EXACT_KZ_SKU_EVIDENCE_REQUIRED,SHARED_IMAGE_REVIEW_REQUIRED,00000014922,https://www.vladmiva.ru/products/konusnye-uglovye/806-205-010-524-014/
CANON-ВЛАДМИВА-00000014201,ВладМиВа,866.205.010.016.016,MODERATION,,PHOTO_REVIEW_REQUIRED | EXACT_KZ_SKU_EVIDENCE_REQUIRED,SHARED_IMAGE_REVIEW_REQUIRED,00000014201,https://www.vladmiva.ru/products/konusnye-uglovye/806-205-010-524-016/
CANON-ВЛАДМИВА-00000014520,ВладМиВа,866.205.010.016.018,MODERATION,,PHOTO_REVIEW_REQUIRED | EXACT_KZ_SKU_EVIDENCE_REQUIRED,SHARED_IMAGE_REVIEW_REQUIRED,00000014520,https://www.vladmiva.ru/products/konusnye-uglovye/806-205-010-524-018/
CANON-ВЛАДМИВА-00000021563,ВладМиВа,866.205.010.020.021,MODERATION,,PHOTO_REVIEW_REQUIRED | EXACT_KZ_SKU_EVIDENCE_REQUIRED,SHARED_IMAGE_REVIEW_REQUIRED,00000021563,https://www.vladmiva.ru/products/konusnye-uglovye/806-205-010-524-021/
CANON-ВЛАДМИВА-00000017604,ВладМиВа,866.205.010.023.023,MODERATION,,PHOTO_REVIEW_REQUIRED | EXACT_KZ_SKU_EVIDENCE_REQUIRED,SHARED_IMAGE_REVIEW_REQUIRED,00000017604,https://www.vladmiva.ru/products/konusnye-uglovye/806-205-010-524-023/
CANON-ВЛАДМИВА-00000013206,ВладМиВа,866.205.010.025.027,MODERATION,,PHOTO_REVIEW_REQUIRED | EXACT_KZ_SKU_EVIDENCE_REQUIRED,SHARED_IMAGE_REVIEW_REQUIRED,00000013206,https://www.vladmiva.ru/products/konusnye-uglovye/806-205-010-524-027/
CANON-ВЛАДМИВА-00000021040,ВладМиВа,866.205.014.012.027,MODERATION,,PHOTO_REVIEW_REQUIRED | EXACT_KZ_SKU_EVIDENCE_REQUIRED,SHARED_IMAGE_REVIEW_REQUIRED,00000021040,https://www.vladmiva.ru/products/konusnye-uglovye/806-205-014-524-027/
CANON-ВЛАДМИВА-00000014555,ВладМиВа,866.205.107.040.010,MODERATION,,PHOTO_REVIEW_REQUIRED | EXACT_KZ_SKU_EVIDENCE_REQUIRED,SHARED_IMAGE_REVIEW_REQUIRED,00000014555,https://www.vladmiva.ru/products/tsilindricheskie-uglovye/806-205-109-524-010/
CANON-ВЛАДМИВА-00000014950,ВладМиВа,866.205.107.060.016,MODERATION,,PHOTO_REVIEW_REQUIRED | EXACT_KZ_SKU_EVIDENCE_REQUIRED,SHARED_IMAGE_REVIEW_REQUIRED,00000014950,https://www.vladmiva.ru/products/tsilindricheskie-uglovye/806-205-110-524-016/
CANON-ВЛАДМИВА-00000017525,ВладМиВа,866.205.137.060.012,MODERATION,,PHOTO_REVIEW_REQUIRED | EXACT_KZ_SKU_EVIDENCE_REQUIRED,SHARED_IMAGE_REVIEW_REQUIRED,00000017525,https://www.vladmiva.ru/products/tsilindricheskie-uglovye/806-205-140-524-012/
CANON-ВЛАДМИВА-00000013263,ВладМиВа,866.205.243.080.014,MODERATION,,PHOTO_REVIEW_REQUIRED | EXACT_KZ_SKU_EVIDENCE_REQUIRED,SHARED_IMAGE_REVIEW_REQUIRED,00000013263,https://www.vladmiva.ru/products/plamevidnye-uglovye/806-205-243-524-014/
CANON-ВЛАДМИВА-00000010035,ВладМиВа,866.205.243.080.016,MODERATION,,PHOTO_REVIEW_REQUIRED | EXACT_KZ_SKU_EVIDENCE_REQUIRED,SHARED_IMAGE_REVIEW_REQUIRED,00000010035,https://www.vladmiva.ru/products/plamevidnye-uglovye/806-205-243-524-016/
CANON-ВЛАДМИВА-00000010075,ВладМиВа,866.205.243.080.018,MODERATION,,PHOTO_REVIEW_REQUIRED | EXACT_KZ_SKU_EVIDENCE_REQUIRED,SHARED_IMAGE_REVIEW_REQUIRED,00000010075,https://www.vladmiva.ru/products/plamevidnye-uglovye/806-205-243-524-018/
CANON-ВЛАДМИВА-00000003825,ВладМиВа,866.314.001.000.010,MODERATION,,PHOTO_REVIEW_REQUIRED | EXACT_KZ_SKU_EVIDENCE_REQUIRED,SHARED_IMAGE_REVIEW_REQUIRED,00000003825,https://www.vladmiva.ru/products/sfericheskie-trubinnye/806-314-001-524-010/
CANON-ВЛАДМИВА-00000002727,ВладМиВа,866.314.001.000.012,MODERATION,,PHOTO_REVIEW_REQUIRED | EXACT_KZ_SKU_EVIDENCE_REQUIRED,SHARED_IMAGE_REVIEW_REQUIRED,00000002727,https://www.vladmiva.ru/products/sfericheskie-trubinnye/806-314-001-524-012/
CANON-ВЛАДМИВА-00000002728,ВладМиВа,866.314.001.000.014,MODERATION,,PHOTO_REVIEW_REQUIRED | EXACT_KZ_SKU_EVIDENCE_REQUIRED,SHARED_IMAGE_REVIEW_REQUIRED,00000002728,https://www.vladmiva.ru/products/sfericheskie-trubinnye/806-314-001-524-014/
CANON-ВЛАДМИВА-00000002729,ВладМиВа,866.314.001.000.016,MODERATION,,PHOTO_REVIEW_REQUIRED | EXACT_KZ_SKU_EVIDENCE_REQUIRED,SHARED_IMAGE_REVIEW_REQUIRED,00000002729,https://www.vladmiva.ru/products/sfericheskie-trubinnye/806-314-001-524-016/
CANON-ВЛАДМИВА-00000002730,ВладМиВа,866.314.001.000.018,MODERATION,,PHOTO_REVIEW_REQUIRED | EXACT_KZ_SKU_EVIDENCE_REQUIRED,SHARED_IMAGE_REVIEW_REQUIRED,00000002730,https://www.vladmiva.ru/products/sfericheskie-trubinnye/806-314-001-524-018/
CANON-ВЛАДМИВА-00000002731,ВладМиВа,866.314.001.000.021,MODERATION,,PHOTO_REVIEW_REQUIRED | EXACT_KZ_SKU_EVIDENCE_REQUIRED,SHARED_IMAGE_REVIEW_REQUIRED,00000002731,https://www.vladmiva.ru/products/sfericheskie-trubinnye/806-314-001-524-021/
CANON-ВЛАДМИВА-00000002732,ВладМиВа,866.314.001.000.023,MODERATION,,PHOTO_REVIEW_REQUIRED | EXACT_KZ_SKU_EVIDENCE_REQUIRED,SHARED_IMAGE_REVIEW_REQUIRED,00000002732,https://www.vladmiva.ru/products/sfericheskie-trubinnye/806-314-001-524-023/
CANON-ВЛАДМИВА-00000002733,ВладМиВа,866.314.001.000.027,MODERATION,,PHOTO_REVIEW_REQUIRED | EXACT_KZ_SKU_EVIDENCE_REQUIRED,SHARED_IMAGE_REVIEW_REQUIRED,00000002733,https://www.vladmiva.ru/products/sfericheskie-trubinnye/806-314-001-524-027/
CANON-ВЛАДМИВА-00000021874,ВладМиВа,866.314.001.000.029,MODERATION,,PHOTO_REVIEW_REQUIRED | EXACT_KZ_SKU_EVIDENCE_REQUIRED,SHARED_IMAGE_REVIEW_REQUIRED,00000021874,https://www.vladmiva.ru/products/sfericheskie-trubinnye/806-314-001-524-029/
CANON-ВЛАДМИВА-00000042013,ВладМиВа,866.314.001.000.033,MODERATION,,PHOTO_REVIEW_REQUIRED | EXACT_KZ_SKU_EVIDENCE_REQUIRED,SHARED_IMAGE_REVIEW_REQUIRED,00000042013,https://www.vladmiva.ru/products/sfericheskie-trubinnye/806-314-001-524-033/
CANON-ВЛАДМИВА-00000014548,ВладМиВа,866.314.002.020.010,MODERATION,,PHOTO_REVIEW_REQUIRED | EXACT_KZ_SKU_EVIDENCE_REQUIRED,SHARED_IMAGE_REVIEW_REQUIRED,00000014548,https://www.vladmiva.ru/products/sfericheskie-trubinnye/806-314-002-524-010/
CANON-ВЛАДМИВА-00000002752,ВладМиВа,866.314.002.030.012,MODERATION,,PHOTO_REVIEW_REQUIRED | EXACT_KZ_SKU_EVIDENCE_REQUIRED,SHARED_IMAGE_REVIEW_REQUIRED,00000002752,https://www.vladmiva.ru/products/sfericheskie-trubinnye/806-314-002-524-012/
CANON-ВЛАДМИВА-00000002753,ВладМиВа,866.314.002.030.014,MODERATION,,PHOTO_REVIEW_REQUIRED | EXACT_KZ_SKU_EVIDENCE_REQUIRED,SHARED_IMAGE_REVIEW_REQUIRED,00000002753,https://www.vladmiva.ru/products/sfericheskie-trubinnye/806-314-002-524-014/
CANON-ВЛАДМИВА-00000002754,ВладМиВа,866.314.002.030.016,MODERATION,,PHOTO_REVIEW_REQUIRED | EXACT_KZ_SKU_EVIDENCE_REQUIRED,SHARED_IMAGE_REVIEW_REQUIRED,00000002754,https://www.vladmiva.ru/products/sfericheskie-trubinnye/806-314-002-524-016/
CANON-ВЛАДМИВА-00000002755,ВладМиВа,866.314.002.035.018,MODERATION,,PHOTO_REVIEW_REQUIRED | EXACT_KZ_SKU_EVIDENCE_REQUIRED,SHARED_IMAGE_REVIEW_REQUIRED,00000002755,https://www.vladmiva.ru/products/sfericheskie-trubinnye/806-314-002-524-018/
CANON-ВЛАДМИВА-00000002756,ВладМиВа,866.314.002.040.021,MODERATION,,PHOTO_REVIEW_REQUIRED | EXACT_KZ_SKU_EVIDENCE_REQUIRED,SHARED_IMAGE_REVIEW_REQUIRED,00000002756,https://www.vladmiva.ru/products/sfericheskie-trubinnye/806-314-002-524-021/
CANON-ВЛАДМИВА-00000002757,ВладМиВа,866.314.002.045.023,MODERATION,,PHOTO_REVIEW_REQUIRED | EXACT_KZ_SKU_EVIDENCE_REQUIRED,SHARED_IMAGE_REVIEW_REQUIRED,00000002757,https://www.vladmiva.ru/products/sfericheskie-trubinnye/806-314-002-524-023/
CANON-ВЛАДМИВА-00000011799,ВладМиВа,866.314.002.050.025,MODERATION,,PHOTO_REVIEW_REQUIRED | EXACT_KZ_SKU_EVIDENCE_REQUIRED,SHARED_IMAGE_REVIEW_REQUIRED,00000011799,https://www.vladmiva.ru/products/sfericheskie-trubinnye/806-314-002-524-025/
CANON-ВЛАДМИВА-00000002758,ВладМиВа,866.314.002.055.027,MODERATION,,PHOTO_REVIEW_REQUIRED | EXACT_KZ_SKU_EVIDENCE_REQUIRED,SHARED_IMAGE_REVIEW_REQUIRED,00000002758,https://www.vladmiva.ru/products/sfericheskie-trubinnye/806-314-002-524-027/
CANON-ВЛАДМИВА-00000036074,ВладМиВа,866.314.010.016.010,MODERATION,,PHOTO_REVIEW_REQUIRED | EXACT_KZ_SKU_EVIDENCE_REQUIRED,SHARED_IMAGE_REVIEW_REQUIRED,00000036074,https://www.vladmiva.ru/products/konusnye-trubinnye/806-314-010-524-010/
CANON-ВЛАДМИВА-00000002772,ВладМиВа,866.314.010.016.012,MODERATION,,PHOTO_REVIEW_REQUIRED | EXACT_KZ_SKU_EVIDENCE_REQUIRED,SHARED_IMAGE_REVIEW_REQUIRED,00000002772,https://www.vladmiva.ru/products/konusnye-trubinnye/806-314-010-524-012/
CANON-ВЛАДМИВА-00000002773,ВладМиВа,866.314.010.016.014,MODERATION,,PHOTO_REVIEW_REQUIRED | EXACT_KZ_SKU_EVIDENCE_REQUIRED,SHARED_IMAGE_REVIEW_REQUIRED,00000002773,https://www.vladmiva.ru/products/konusnye-trubinnye/806-314-010-524-014/
CANON-ВЛАДМИВА-00000002774,ВладМиВа,866.314.010.016.016,MODERATION,,PHOTO_REVIEW_REQUIRED | EXACT_KZ_SKU_EVIDENCE_REQUIRED,SHARED_IMAGE_REVIEW_REQUIRED,00000002774,https://www.vladmiva.ru/products/konusnye-trubinnye/806-314-010-524-016/
CANON-ВЛАДМИВА-00000002775,ВладМиВа,866.314.010.016.018,MODERATION,,PHOTO_REVIEW_REQUIRED | EXACT_KZ_SKU_EVIDENCE_REQUIRED,SHARED_IMAGE_REVIEW_REQUIRED,00000002775,https://www.vladmiva.ru/products/konusnye-trubinnye/806-314-010-524-018/
CANON-ВЛАДМИВА-00000014330,ВладМиВа,866.314.010.020.021,MODERATION,,PHOTO_REVIEW_REQUIRED | EXACT_KZ_SKU_EVIDENCE_REQUIRED,SHARED_IMAGE_REVIEW_REQUIRED,00000014330,https://www.vladmiva.ru/products/konusnye-trubinnye/806-314-010-524-021/
CANON-ВЛАДМИВА-00000002776,ВладМиВа,866.314.010.023.023,MODERATION,,PHOTO_REVIEW_REQUIRED | EXACT_KZ_SKU_EVIDENCE_REQUIRED,SHARED_IMAGE_REVIEW_REQUIRED,00000002776,https://www.vladmiva.ru/products/konusnye-trubinnye/806-314-010-524-023/
CANON-ВЛАДМИВА-00000002786,ВладМиВа,866.314.019.022.012,MODERATION,,PHOTO_REVIEW_REQUIRED | EXACT_KZ_SKU_EVIDENCE_REQUIRED,SHARED_IMAGE_REVIEW_REQUIRED,00000002786,https://www.vladmiva.ru/products/konusnye-trubinnye/806-314-019-524-012/
CANON-ВЛАДМИВА-00000002787,ВладМиВа,866.314.019.022.014,MODERATION,,PHOTO_REVIEW_REQUIRED | EXACT_KZ_SKU_EVIDENCE_REQUIRED,SHARED_IMAGE_REVIEW_REQUIRED,00000002787,https://www.vladmiva.ru/products/konusnye-trubinnye/806-314-019-524-014/
CANON-ВЛАДМИВА-00000002788,ВладМиВа,866.314.019.022.016,MODERATION,,PHOTO_REVIEW_REQUIRED | EXACT_KZ_SKU_EVIDENCE_REQUIRED,SHARED_IMAGE_REVIEW_REQUIRED,00000002788,https://www.vladmiva.ru/products/konusnye-trubinnye/806-314-019-524-016/
CANON-ВЛАДМИВА-00000002789,ВладМиВа,866.314.019.022.018,MODERATION,,PHOTO_REVIEW_REQUIRED | EXACT_KZ_SKU_EVIDENCE_REQUIRED,SHARED_IMAGE_REVIEW_REQUIRED,00000002789,https://www.vladmiva.ru/products/konusnye-trubinnye/806-314-019-524-018/
CANON-ВЛАДМИВА-00000002793,ВладМиВа,866.314.032.016.014,MODERATION,,PHOTO_REVIEW_REQUIRED | EXACT_KZ_SKU_EVIDENCE_REQUIRED,SHARED_IMAGE_REVIEW_REQUIRED,00000002793,https://www.vladmiva.ru/products/prochie-formy-trubinnye/806-314-032-524-014/
CANON-ВЛАДМИВА-00000002794,ВладМиВа,866.314.032.018.016,MODERATION,,PHOTO_REVIEW_REQUIRED | EXACT_KZ_SKU_EVIDENCE_REQUIRED,SHARED_IMAGE_REVIEW_REQUIRED,00000002794,https://www.vladmiva.ru/products/prochie-formy-trubinnye/806-314-032-524-016/
CANON-ВЛАДМИВА-00000002795,ВладМиВа,866.314.032.020.018,MODERATION,,PHOTO_REVIEW_REQUIRED | EXACT_KZ_SKU_EVIDENCE_REQUIRED,SHARED_IMAGE_REVIEW_REQUIRED,00000002795,https://www.vladmiva.ru/products/prochie-formy-trubinnye/806-314-032-524-018/
CANON-ВЛАДМИВА-00000002799,ВладМиВа,866.314.037.040.033,MODERATION,,PHOTO_REVIEW_REQUIRED | EXACT_KZ_SKU_EVIDENCE_REQUIRED,SHARED_IMAGE_REVIEW_REQUIRED,00000002799,https://www.vladmiva.ru/products/prochie-formy-trubinnye/806-314-038-524-033/
CANON-ВЛАДМИВА-00000002816,ВладМиВа,866.314.107.040.010,MODERATION,,PHOTO_REVIEW_REQUIRED | EXACT_KZ_SKU_EVIDENCE_REQUIRED,SHARED_IMAGE_REVIEW_REQUIRED,00000002816,https://www.vladmiva.ru/products/tsilindricheskie-trubinnye/806-314-109-524-010/
CANON-ВЛАДМИВА-00000002817,ВладМиВа,866.314.107.040.012,MODERATION,,PHOTO_REVIEW_REQUIRED | EXACT_KZ_SKU_EVIDENCE_REQUIRED,SHARED_IMAGE_REVIEW_REQUIRED,00000002817,https://www.vladmiva.ru/products/tsilindricheskie-trubinnye/806-314-109-524-012/
CANON-ВЛАДМИВА-00000002818,ВладМиВа,866.314.107.040.014,MODERATION,,PHOTO_REVIEW_REQUIRED | EXACT_KZ_SKU_EVIDENCE_REQUIRED,SHARED_IMAGE_REVIEW_REQUIRED,00000002818,https://www.vladmiva.ru/products/tsilindricheskie-trubinnye/806-314-109-524-014/
CANON-ВЛАДМИВА-00000021908,ВладМиВа,866.314.107.040.016,MODERATION,,PHOTO_REVIEW_REQUIRED | EXACT_KZ_SKU_EVIDENCE_REQUIRED,SHARED_IMAGE_REVIEW_REQUIRED,00000021908,https://www.vladmiva.ru/products/tsilindricheskie-trubinnye/806-314-109-524-016/
CANON-ВЛАДМИВА-00000022325,ВладМиВа,866.314.107.040.018,MODERATION,,PHOTO_REVIEW_REQUIRED | EXACT_KZ_SKU_EVIDENCE_REQUIRED,SHARED_IMAGE_REVIEW_REQUIRED,00000022325,https://www.vladmiva.ru/products/tsilindricheskie-trubinnye/806-314-109-524-018/
CANON-ВЛАДМИВА-00000002821,ВладМиВа,866.314.107.060.010,MODERATION,,PHOTO_REVIEW_REQUIRED | EXACT_KZ_SKU_EVIDENCE_REQUIRED,SHARED_IMAGE_REVIEW_REQUIRED,00000002821,https://www.vladmiva.ru/products/tsilindricheskie-trubinnye/806-314-110-524-010/
CANON-ВЛАДМИВА-00000002822,ВладМиВа,866.314.107.060.012,MODERATION,,PHOTO_REVIEW_REQUIRED | EXACT_KZ_SKU_EVIDENCE_REQUIRED,SHARED_IMAGE_REVIEW_REQUIRED,00000002822,https://www.vladmiva.ru/products/tsilindricheskie-trubinnye/806-314-110-524-012/
CANON-ВЛАДМИВА-00000002823,ВладМиВа,866.314.107.060.014,MODERATION,,PHOTO_REVIEW_REQUIRED | EXACT_KZ_SKU_EVIDENCE_REQUIRED,SHARED_IMAGE_REVIEW_REQUIRED,00000002823,https://www.vladmiva.ru/products/tsilindricheskie-trubinnye/806-314-110-524-014/
CANON-ВЛАДМИВА-00000002824,ВладМиВа,866.314.107.060.016,MODERATION,,PHOTO_REVIEW_REQUIRED | EXACT_KZ_SKU_EVIDENCE_REQUIRED,SHARED_IMAGE_REVIEW_REQUIRED,00000002824,https://www.vladmiva.ru/products/tsilindricheskie-trubinnye/806-314-110-524-016/
CANON-ВЛАДМИВА-00000002825,ВладМиВа,866.314.107.060.018,MODERATION,,PHOTO_REVIEW_REQUIRED | EXACT_KZ_SKU_EVIDENCE_REQUIRED,SHARED_IMAGE_REVIEW_REQUIRED,00000002825,https://www.vladmiva.ru/products/tsilindricheskie-trubinnye/806-314-110-524-018/
CANON-ВЛАДМИВА-00000002826,ВладМиВа,866.314.107.060.023,MODERATION,,PHOTO_REVIEW_REQUIRED | EXACT_KZ_SKU_EVIDENCE_REQUIRED,SHARED_IMAGE_REVIEW_REQUIRED,00000002826,https://www.vladmiva.ru/products/tsilindricheskie-trubinnye/806-314-110-524-023/
CANON-ВЛАДМИВА-00000002827,ВладМиВа,866.314.107.060.027,MODERATION,,PHOTO_REVIEW_REQUIRED | EXACT_KZ_SKU_EVIDENCE_REQUIRED,SHARED_IMAGE_REVIEW_REQUIRED,00000002827,https://www.vladmiva.ru/products/tsilindricheskie-trubinnye/806-314-110-524-027/
CANON-ВЛАДМИВА-00000002837,ВладМиВа,866.314.107.080.010,MODERATION,,PHOTO_REVIEW_REQUIRED | EXACT_KZ_SKU_EVIDENCE_REQUIRED,SHARED_IMAGE_REVIEW_REQUIRED,00000002837,https://www.vladmiva.ru/products/tsilindricheskie-trubinnye/806-314-111-524-010/
CANON-ВЛАДМИВА-00000002838,ВладМиВа,866.314.107.080.012,MODERATION,,PHOTO_REVIEW_REQUIRED | EXACT_KZ_SKU_EVIDENCE_REQUIRED,SHARED_IMAGE_REVIEW_REQUIRED,00000002838,https://www.vladmiva.ru/products/tsilindricheskie-trubinnye/806-314-111-524-012/
CANON-ВЛАДМИВА-00000002839,ВладМиВа,866.314.107.080.014,MODERATION,,PHOTO_REVIEW_REQUIRED | EXACT_KZ_SKU_EVIDENCE_REQUIRED,SHARED_IMAGE_REVIEW_REQUIRED,00000002839,https://www.vladmiva.ru/products/tsilindricheskie-trubinnye/806-314-111-524-014/
CANON-ВЛАДМИВА-00000002840,ВладМиВа,866.314.107.080.016,MODERATION,,PHOTO_REVIEW_REQUIRED | EXACT_KZ_SKU_EVIDENCE_REQUIRED,SHARED_IMAGE_REVIEW_REQUIRED,00000002840,https://www.vladmiva.ru/products/tsilindricheskie-trubinnye/806-314-111-524-016/
CANON-ВЛАДМИВА-00000002841,ВладМиВа,866.314.107.080.018,MODERATION,,PHOTO_REVIEW_REQUIRED | EXACT_KZ_SKU_EVIDENCE_REQUIRED,SHARED_IMAGE_REVIEW_REQUIRED,00000002841,https://www.vladmiva.ru/products/tsilindricheskie-trubinnye/806-314-111-524-018/
CANON-ВЛАДМИВА-00000033089,ВладМиВа,866.314.107.120.012,MODERATION,,PHOTO_REVIEW_REQUIRED | EXACT_KZ_SKU_EVIDENCE_REQUIRED,SHARED_IMAGE_REVIEW_REQUIRED,00000033089,https://www.vladmiva.ru/products/tsilindricheskie-trubinnye/806-314-113-524-012/
CANON-ВЛАДМИВА-00000034618,ВладМиВа,866.314.107.120.018,MODERATION,,PHOTO_REVIEW_REQUIRED | EXACT_KZ_SKU_EVIDENCE_REQUIRED,SHARED_IMAGE_REVIEW_REQUIRED,00000034618,https://www.vladmiva.ru/products/tsilindricheskie-trubinnye/806-314-113-524-018/
CANON-ВЛАДМИВА-00000002847,ВладМиВа,866.314.126.060.012,MODERATION,,PHOTO_REVIEW_REQUIRED | EXACT_KZ_SKU_EVIDENCE_REQUIRED,SHARED_IMAGE_REVIEW_REQUIRED,00000002847,https://www.vladmiva.ru/products/tsilindricheskie-trubinnye/806-314-129-524-012/
CANON-ВЛАДМИВА-00000002848,ВладМиВа,866.314.126.080.012,MODERATION,,PHOTO_REVIEW_REQUIRED | EXACT_KZ_SKU_EVIDENCE_REQUIRED,SHARED_IMAGE_REVIEW_REQUIRED,00000002848,https://www.vladmiva.ru/products/tsilindricheskie-trubinnye/806-314-130-524-012/
CANON-ВЛАДМИВА-00000002849,ВладМиВа,866.314.126.080.014,MODERATION,,PHOTO_REVIEW_REQUIRED | EXACT_KZ_SKU_EVIDENCE_REQUIRED,SHARED_IMAGE_REVIEW_REQUIRED,00000002849,https://www.vladmiva.ru/products/tsilindricheskie-trubinnye/806-314-130-524-014/
CANON-ВЛАДМИВА-00000022279,ВладМиВа,866.314.126.080.016,MODERATION,,PHOTO_REVIEW_REQUIRED | EXACT_KZ_SKU_EVIDENCE_REQUIRED,SHARED_IMAGE_REVIEW_REQUIRED,00000022279,https://www.vladmiva.ru/products/tsilindricheskie-trubinnye/806-314-130-524-016/
CANON-ВЛАДМИВА-00000036243,ВладМиВа,866.314.126.080.023,MODERATION,,PHOTO_REVIEW_REQUIRED | EXACT_KZ_SKU_EVIDENCE_REQUIRED,SHARED_IMAGE_REVIEW_REQUIRED,00000036243,https://www.vladmiva.ru/products/tsilindricheskie-trubinnye/806-314-130-524-023/
CANON-ВЛАДМИВА-00000002852,ВладМиВа,866.314.126.100.012,MODERATION,,PHOTO_REVIEW_REQUIRED | EXACT_KZ_SKU_EVIDENCE_REQUIRED,SHARED_IMAGE_REVIEW_REQUIRED,00000002852,https://www.vladmiva.ru/products/tsilindricheskie-trubinnye/806-314-131-524-012/
CANON-ВЛАДМИВА-00000002853,ВладМиВа,866.314.126.100.014,MODERATION,,PHOTO_REVIEW_REQUIRED | EXACT_KZ_SKU_EVIDENCE_REQUIRED,SHARED_IMAGE_REVIEW_REQUIRED,00000002853,https://www.vladmiva.ru/products/tsilindricheskie-trubinnye/806-314-131-524-014/
CANON-ВЛАДМИВА-00000002854,ВладМиВа,866.314.126.100.016,MODERATION,,PHOTO_REVIEW_REQUIRED | EXACT_KZ_SKU_EVIDENCE_REQUIRED,SHARED_IMAGE_REVIEW_REQUIRED,00000002854,https://www.vladmiva.ru/products/tsilindricheskie-trubinnye/806-314-131-524-016/
CANON-ВЛАДМИВА-00000006504,ВладМиВа,866.314.126.100.023,MODERATION,,PHOTO_REVIEW_REQUIRED | EXACT_KZ_SKU_EVIDENCE_REQUIRED,SHARED_IMAGE_REVIEW_REQUIRED,00000006504,https://www.vladmiva.ru/products/tsilindricheskie-trubinnye/806-314-131-524-023/
CANON-ВЛАДМИВА-00000002858,ВладМиВа,866.314.137.040.012,MODERATION,,PHOTO_REVIEW_REQUIRED | EXACT_KZ_SKU_EVIDENCE_REQUIRED,SHARED_IMAGE_REVIEW_REQUIRED,00000002858,https://www.vladmiva.ru/products/tsilindricheskie-trubinnye/806-314-139-524-012/
CANON-ВЛАДМИВА-00000002859,ВладМиВа,866.314.137.060.012,MODERATION,,PHOTO_REVIEW_REQUIRED | EXACT_KZ_SKU_EVIDENCE_REQUIRED,SHARED_IMAGE_REVIEW_REQUIRED,00000002859,https://www.vladmiva.ru/products/tsilindricheskie-trubinnye/806-314-140-524-012/
CANON-ВЛАДМИВА-00000002860,ВладМиВа,866.314.137.060.014,MODERATION,,PHOTO_REVIEW_REQUIRED | EXACT_KZ_SKU_EVIDENCE_REQUIRED,SHARED_IMAGE_REVIEW_REQUIRED,00000002860,https://www.vladmiva.ru/products/tsilindricheskie-trubinnye/806-314-140-524-014/
CANON-ВЛАДМИВА-00000002863,ВладМиВа,866.314.137.080.012,MODERATION,,PHOTO_REVIEW_REQUIRED | EXACT_KZ_SKU_EVIDENCE_REQUIRED,SHARED_IMAGE_REVIEW_REQUIRED,00000002863,https://www.vladmiva.ru/products/tsilindricheskie-trubinnye/806-314-141-524-012/
CANON-ВЛАДМИВА-00000002864,ВладМиВа,866.314.137.080.014,MODERATION,,PHOTO_REVIEW_REQUIRED | EXACT_KZ_SKU_EVIDENCE_REQUIRED,SHARED_IMAGE_REVIEW_REQUIRED,00000002864,https://www.vladmiva.ru/products/tsilindricheskie-trubinnye/806-314-141-524-014/
CANON-ВЛАДМИВА-00000002865,ВладМиВа,866.314.137.080.016,MODERATION,,PHOTO_REVIEW_REQUIRED | EXACT_KZ_SKU_EVIDENCE_REQUIRED,SHARED_IMAGE_REVIEW_REQUIRED,00000002865,https://www.vladmiva.ru/products/tsilindricheskie-trubinnye/806-314-141-524-016/
CANON-ВЛАДМИВА-00000002869,ВладМиВа,866.314.137.100.012,MODERATION,,PHOTO_REVIEW_REQUIRED | EXACT_KZ_SKU_EVIDENCE_REQUIRED,SHARED_IMAGE_REVIEW_REQUIRED,00000002869,https://www.vladmiva.ru/products/tsilindricheskie-trubinnye/806-314-142-524-012/
CANON-ВЛАДМИВА-00000002870,ВладМиВа,866.314.137.100.014,MODERATION,,PHOTO_REVIEW_REQUIRED | EXACT_KZ_SKU_EVIDENCE_REQUIRED,SHARED_IMAGE_REVIEW_REQUIRED,00000002870,https://www.vladmiva.ru/products/tsilindricheskie-trubinnye/806-314-142-524-014/
CANON-ВЛАДМИВА-00000002871,ВладМиВа,866.314.137.100.016,MODERATION,,PHOTO_REVIEW_REQUIRED | EXACT_KZ_SKU_EVIDENCE_REQUIRED,SHARED_IMAGE_REVIEW_REQUIRED,00000002871,https://www.vladmiva.ru/products/tsilindricheskie-trubinnye/806-314-142-524-016/
CANON-ВЛАДМИВА-00000081873,ВладМиВа,866.314.164.080.009,MODERATION,,PHOTO_REVIEW_REQUIRED | EXACT_KZ_SKU_EVIDENCE_REQUIRED,SHARED_IMAGE_REVIEW_REQUIRED,00000081873,https://www.vladmiva.ru/products/konusnye-trubinnye/806-314-165-524-009/
CANON-ВЛАДМИВА-00000002889,ВладМиВа,866.314.164.100.027,MODERATION,,PHOTO_REVIEW_REQUIRED | EXACT_KZ_SKU_EVIDENCE_REQUIRED,SHARED_IMAGE_REVIEW_REQUIRED,00000002889,https://www.vladmiva.ru/products/konusnye-trubinnye/806-314-166-524-027/
CANON-ВЛАДМИВА-00000032480,ВладМиВа,866.314.164.100.029,MODERATION,,PHOTO_REVIEW_REQUIRED | EXACT_KZ_SKU_EVIDENCE_REQUIRED,SHARED_IMAGE_REVIEW_REQUIRED,00000032480,https://www.vladmiva.ru/products/konusnye-trubinnye/806-314-166-524-029/
CANON-ВЛАДМИВА-00000002900,ВладМиВа,866.314.168.060.012,MODERATION,,PHOTO_REVIEW_REQUIRED | EXACT_KZ_SKU_EVIDENCE_REQUIRED,SHARED_IMAGE_REVIEW_REQUIRED,00000002900,https://www.vladmiva.ru/products/konusnye-trubinnye/806-314-171-524-012/
CANON-ВЛАДМИВА-00000002901,ВладМиВа,866.314.168.060.014,MODERATION,,PHOTO_REVIEW_REQUIRED | EXACT_KZ_SKU_EVIDENCE_REQUIRED,SHARED_IMAGE_REVIEW_REQUIRED,00000002901,https://www.vladmiva.ru/products/konusnye-trubinnye/806-314-171-524-014/
CANON-ВЛАДМИВА-00000002906,ВладМиВа,866.314.168.080.014,MODERATION,,PHOTO_REVIEW_REQUIRED | EXACT_KZ_SKU_EVIDENCE_REQUIRED,SHARED_IMAGE_REVIEW_REQUIRED,00000002906,https://www.vladmiva.ru/products/konusnye-trubinnye/806-314-172-524-014/
CANON-ВЛАДМИВА-00000002907,ВладМиВа,866.314.168.080.016,MODERATION,,PHOTO_REVIEW_REQUIRED | EXACT_KZ_SKU_EVIDENCE_REQUIRED,SHARED_IMAGE_REVIEW_REQUIRED,00000002907,https://www.vladmiva.ru/products/konusnye-trubinnye/806-314-172-524-016/
CANON-ВЛАДМИВА-00000002915,ВладМиВа,866.314.168.100.018,MODERATION,,PHOTO_REVIEW_REQUIRED | EXACT_KZ_SKU_EVIDENCE_REQUIRED,SHARED_IMAGE_REVIEW_REQUIRED,00000002915,https://www.vladmiva.ru/products/konusnye-trubinnye/806-314-173-524-018/
CANON-ВЛАДМИВА-00000002916,ВладМиВа,866.314.168.100.023,MODERATION,,PHOTO_REVIEW_REQUIRED | EXACT_KZ_SKU_EVIDENCE_REQUIRED,SHARED_IMAGE_REVIEW_REQUIRED,00000002916,https://www.vladmiva.ru/products/konusnye-trubinnye/806-314-173-524-023/
CANON-ВЛАДМИВА-00000002935,ВладМиВа,866.314.194.100.016,MODERATION,,PHOTO_REVIEW_REQUIRED | EXACT_KZ_SKU_EVIDENCE_REQUIRED,SHARED_IMAGE_REVIEW_REQUIRED,00000002935,https://www.vladmiva.ru/products/konusnye-trubinnye/806-314-199-524-016/
CANON-ВЛАДМИВА-00000043210,ВладМиВа,866.314.219.100.012,MODERATION,,PHOTO_REVIEW_REQUIRED | EXACT_KZ_SKU_EVIDENCE_REQUIRED,SHARED_IMAGE_REVIEW_REQUIRED,00000043210,https://www.vladmiva.ru/products/prochie-formy-trubinnye/806-314-219-524-012/
CANON-ВЛАДМИВА-00000002811,ВладМиВа,866.314.225.035.016,MODERATION,,PHOTO_REVIEW_REQUIRED | EXACT_KZ_SKU_EVIDENCE_REQUIRED,SHARED_IMAGE_REVIEW_REQUIRED,00000002811,https://www.vladmiva.ru/products/konusnye-trubinnye/806-314-225-524-016/
CANON-ВЛАДМИВА-00000002812,ВладМиВа,866.314.225.040.018,MODERATION,,PHOTO_REVIEW_REQUIRED | EXACT_KZ_SKU_EVIDENCE_REQUIRED,SHARED_IMAGE_REVIEW_REQUIRED,00000002812,https://www.vladmiva.ru/products/konusnye-trubinnye/806-314-225-524-018/
CANON-ВЛАДМИВА-00000002942,ВладМиВа,866.314.237.030.012,MODERATION,,PHOTO_REVIEW_REQUIRED | EXACT_KZ_SKU_EVIDENCE_REQUIRED,SHARED_IMAGE_REVIEW_REQUIRED,00000002942,https://www.vladmiva.ru/products/prochie-formy-trubinnye/806-314-233-524-012/
CANON-ВЛАДМИВА-00000002943,ВладМиВа,866.314.237.030.014,MODERATION,,PHOTO_REVIEW_REQUIRED | EXACT_KZ_SKU_EVIDENCE_REQUIRED,SHARED_IMAGE_REVIEW_REQUIRED,00000002943,https://www.vladmiva.ru/products/prochie-formy-trubinnye/806-314-233-524-014/
CANON-ВЛАДМИВА-00000071197,ВладМиВа,866.314.237.030.016,MODERATION,,PHOTO_REVIEW_REQUIRED | EXACT_KZ_SKU_EVIDENCE_REQUIRED,SHARED_IMAGE_REVIEW_REQUIRED,00000071197,https://www.vladmiva.ru/products/prochie-formy-trubinnye/806-314-233-524-016/
CANON-ВЛАДМИВА-00000002944,ВладМиВа,866.314.237.040.012,MODERATION,,PHOTO_REVIEW_REQUIRED | EXACT_KZ_SKU_EVIDENCE_REQUIRED,SHARED_IMAGE_REVIEW_REQUIRED,00000002944,https://www.vladmiva.ru/products/prochie-formy-trubinnye/806-314-238-524-012/
CANON-ВЛАДМИВА-00000002945,ВладМиВа,866.314.237.040.014,MODERATION,,PHOTO_REVIEW_REQUIRED | EXACT_KZ_SKU_EVIDENCE_REQUIRED,SHARED_IMAGE_REVIEW_REQUIRED,00000002945,https://www.vladmiva.ru/products/prochie-formy-trubinnye/806-314-238-524-014/
CANON-ВЛАДМИВА-00000042581,ВладМиВа,866.314.237.040.018,MODERATION,,PHOTO_REVIEW_REQUIRED | EXACT_KZ_SKU_EVIDENCE_REQUIRED,SHARED_IMAGE_REVIEW_REQUIRED,00000042581,https://www.vladmiva.ru/products/prochie-formy-trubinnye/806-314-238-524-018/
CANON-ВЛАДМИВА-00000044089,ВладМиВа,866.314.237.050.023,MODERATION,,PHOTO_REVIEW_REQUIRED | EXACT_KZ_SKU_EVIDENCE_REQUIRED,SHARED_IMAGE_REVIEW_REQUIRED,00000044089,https://www.vladmiva.ru/products/prochie-formy-trubinnye/806-314-237-524-023/
CANON-ВЛАДМИВА-00000002947,ВладМиВа,866.314.237.070.023,MODERATION,,PHOTO_REVIEW_REQUIRED | EXACT_KZ_SKU_EVIDENCE_REQUIRED,SHARED_IMAGE_REVIEW_REQUIRED,00000002947,https://www.vladmiva.ru/products/prochie-formy-trubinnye/806-314-239-524-023/
CANON-ВЛАДМИВА-00-00066911,ВладМиВа,866.314.243.080.010,MODERATION,,PHOTO_REVIEW_REQUIRED | EXACT_KZ_SKU_EVIDENCE_REQUIRED,SHARED_IMAGE_REVIEW_REQUIRED,00-00066911,https://www.vladmiva.ru/products/plamevidnye-trubinnye/806-314-243-524-010/
CANON-ВЛАДМИВА-00000002949,ВладМиВа,866.314.243.080.014,MODERATION,,PHOTO_REVIEW_REQUIRED | EXACT_KZ_SKU_EVIDENCE_REQUIRED,SHARED_IMAGE_REVIEW_REQUIRED,00000002949,https://www.vladmiva.ru/products/plamevidnye-trubinnye/806-314-243-524-014/
CANON-ВЛАДМИВА-00000002950,ВладМиВа,866.314.243.080.016,MODERATION,,PHOTO_REVIEW_REQUIRED | EXACT_KZ_SKU_EVIDENCE_REQUIRED,SHARED_IMAGE_REVIEW_REQUIRED,00000002950,https://www.vladmiva.ru/products/plamevidnye-trubinnye/806-314-243-524-016/
CANON-ВЛАДМИВА-00000002951,ВладМиВа,866.314.243.080.018,MODERATION,,PHOTO_REVIEW_REQUIRED | EXACT_KZ_SKU_EVIDENCE_REQUIRED,SHARED_IMAGE_REVIEW_REQUIRED,00000002951,https://www.vladmiva.ru/products/plamevidnye-trubinnye/806-314-243-524-018/
CANON-ВЛАДМИВА-00000002967,ВладМиВа,866.314.245.100.016,MODERATION,,PHOTO_REVIEW_REQUIRED | EXACT_KZ_SKU_EVIDENCE_REQUIRED,SHARED_IMAGE_REVIEW_REQUIRED,00000002967,https://www.vladmiva.ru/products/tsilindricheskie-trubinnye/806-314-250-524-016/
CANON-ВЛАДМИВА-00000002968,ВладМиВа,866.314.245.100.018,MODERATION,,PHOTO_REVIEW_REQUIRED | EXACT_KZ_SKU_EVIDENCE_REQUIRED,SHARED_IMAGE_REVIEW_REQUIRED,00000002968,https://www.vladmiva.ru/products/tsilindricheskie-trubinnye/806-314-250-524-018/
CANON-ВЛАДМИВА-00000014823,ВладМиВа,866.314.254.030.012,MODERATION,,PHOTO_REVIEW_REQUIRED | EXACT_KZ_SKU_EVIDENCE_REQUIRED,SHARED_IMAGE_REVIEW_REQUIRED,00000014823,https://www.vladmiva.ru/products/prochie-formy-trubinnye/806-314-257-524-012/
CANON-ВЛАДМИВА-00000023940,ВладМиВа,866.314.254.030.014,MODERATION,,PHOTO_REVIEW_REQUIRED | EXACT_KZ_SKU_EVIDENCE_REQUIRED,SHARED_IMAGE_REVIEW_REQUIRED,00000023940,https://www.vladmiva.ru/products/prochie-formy-trubinnye/806-314-257-524-014/
CANON-ВЛАДМИВА-00000002978,ВладМиВа,866.314.254.030.016,MODERATION,,PHOTO_REVIEW_REQUIRED | EXACT_KZ_SKU_EVIDENCE_REQUIRED,SHARED_IMAGE_REVIEW_REQUIRED,00000002978,https://www.vladmiva.ru/products/prochie-formy-trubinnye/806-314-257-524-016/
CANON-ВЛАДМИВА-00000002979,ВладМиВа,866.314.254.045.018,MODERATION,,PHOTO_REVIEW_REQUIRED | EXACT_KZ_SKU_EVIDENCE_REQUIRED,SHARED_IMAGE_REVIEW_REQUIRED,00000002979,https://www.vladmiva.ru/products/prochie-formy-trubinnye/806-314-257-524-018/
CANON-ВЛАДМИВА-00000036348,ВладМиВа,866.314.254.050.021,MODERATION,,PHOTO_REVIEW_REQUIRED | EXACT_KZ_SKU_EVIDENCE_REQUIRED,SHARED_IMAGE_REVIEW_REQUIRED,00000036348,https://www.vladmiva.ru/products/prochie-formy-trubinnye/806-314-257-524-021/
CANON-ВЛАДМИВА-00000002980,ВладМиВа,866.314.254.050.023,MODERATION,,PHOTO_REVIEW_REQUIRED | EXACT_KZ_SKU_EVIDENCE_REQUIRED,SHARED_IMAGE_REVIEW_REQUIRED,00000002980,https://www.vladmiva.ru/products/prochie-formy-trubinnye/806-314-257-524-023/
CANON-ВЛАДМИВА-00000002981,ВладМиВа,866.314.254.050.027,MODERATION,,PHOTO_REVIEW_REQUIRED | EXACT_KZ_SKU_EVIDENCE_REQUIRED,SHARED_IMAGE_REVIEW_REQUIRED,00000002981,https://www.vladmiva.ru/products/prochie-formy-trubinnye/806-314-257-524-027/
CANON-ВЛАДМИВА-00000034603,ВладМиВа,866.314.272.100.012,MODERATION,,PHOTO_REVIEW_REQUIRED | EXACT_KZ_SKU_EVIDENCE_REQUIRED,SHARED_IMAGE_REVIEW_REQUIRED,00000034603,https://www.vladmiva.ru/products/prochie-formy-trubinnye/806-314-274-524-012/
CANON-ВЛАДМИВА-00000003019,ВладМиВа,866.314.272.100.014,MODERATION,,PHOTO_REVIEW_REQUIRED | EXACT_KZ_SKU_EVIDENCE_REQUIRED,SHARED_IMAGE_REVIEW_REQUIRED,00000003019,https://www.vladmiva.ru/products/prochie-formy-trubinnye/806-314-274-524-014/
CANON-ВЛАДМИВА-00000003020,ВладМиВа,866.314.272.100.016,MODERATION,,PHOTO_REVIEW_REQUIRED | EXACT_KZ_SKU_EVIDENCE_REQUIRED,SHARED_IMAGE_REVIEW_REQUIRED,00000003020,https://www.vladmiva.ru/products/prochie-formy-trubinnye/806-314-274-524-016/
CANON-ВЛАДМИВА-00000023067,ВладМиВа,866.314.272.100.018,MODERATION,,PHOTO_REVIEW_REQUIRED | EXACT_KZ_SKU_EVIDENCE_REQUIRED,SHARED_IMAGE_REVIEW_REQUIRED,00000023067,https://www.vladmiva.ru/products/prochie-formy-trubinnye/806-314-274-524-018/
CANON-ВЛАДМИВА-00000021441,ВладМиВа,866.314.277.028.014,MODERATION,,PHOTO_REVIEW_REQUIRED | EXACT_KZ_SKU_EVIDENCE_REQUIRED,SHARED_IMAGE_REVIEW_REQUIRED,00000021441,https://www.vladmiva.ru/products/prochie-formy-trubinnye/806-314-277-524-014/
CANON-ВЛАДМИВА-00000005784,ВладМиВа,866.314.277.034.016,MODERATION,,PHOTO_REVIEW_REQUIRED | EXACT_KZ_SKU_EVIDENCE_REQUIRED,SHARED_IMAGE_REVIEW_REQUIRED,00000005784,https://www.vladmiva.ru/products/prochie-formy-trubinnye/806-314-277-524-016/
CANON-ВЛАДМИВА-00000002988,ВладМиВа,866.314.277.036.018,MODERATION,,PHOTO_REVIEW_REQUIRED | EXACT_KZ_SKU_EVIDENCE_REQUIRED,SHARED_IMAGE_REVIEW_REQUIRED,00000002988,https://www.vladmiva.ru/products/prochie-formy-trubinnye/806-314-277-524-018/
CANON-ВЛАДМИВА-00000034608,ВладМиВа,866.314.277.041.021,MODERATION,,PHOTO_REVIEW_REQUIRED | EXACT_KZ_SKU_EVIDENCE_REQUIRED,SHARED_IMAGE_REVIEW_REQUIRED,00000034608,https://www.vladmiva.ru/products/prochie-formy-trubinnye/806-314-277-524-021/
CANON-ВЛАДМИВА-00000002989,ВладМиВа,866.314.277.042.023,MODERATION,,PHOTO_REVIEW_REQUIRED | EXACT_KZ_SKU_EVIDENCE_REQUIRED,SHARED_IMAGE_REVIEW_REQUIRED,00000002989,https://www.vladmiva.ru/products/prochie-formy-trubinnye/806-314-277-524-023/
CANON-ВЛАДМИВА-00000002997,ВладМиВа,866.314.294.080.012,MODERATION,,PHOTO_REVIEW_REQUIRED | EXACT_KZ_SKU_EVIDENCE_REQUIRED,SHARED_IMAGE_REVIEW_REQUIRED,00000002997,https://www.vladmiva.ru/products/konusnye-trubinnye/806-314-298-524-012/
CANON-ВЛАДМИВА-00000002998,ВладМиВа,866.314.294.080.014,MODERATION,,PHOTO_REVIEW_REQUIRED | EXACT_KZ_SKU_EVIDENCE_REQUIRED,SHARED_IMAGE_REVIEW_REQUIRED,00000002998,https://www.vladmiva.ru/products/konusnye-trubinnye/806-314-298-524-014/
CANON-ВЛАДМИВА-00000002999,ВладМиВа,866.314.294.080.016,MODERATION,,PHOTO_REVIEW_REQUIRED | EXACT_KZ_SKU_EVIDENCE_REQUIRED,SHARED_IMAGE_REVIEW_REQUIRED,00000002999,https://www.vladmiva.ru/products/konusnye-trubinnye/806-314-298-524-016/
CANON-ВЛАДМИВА-00000003000,ВладМиВа,866.314.294.080.018,MODERATION,,PHOTO_REVIEW_REQUIRED | EXACT_KZ_SKU_EVIDENCE_REQUIRED,SHARED_IMAGE_REVIEW_REQUIRED,00000003000,https://www.vladmiva.ru/products/konusnye-trubinnye/806-314-298-524-018/
CANON-ВЛАДМИВА-00000003007,ВладМиВа,866.314.294.100.014,MODERATION,,PHOTO_REVIEW_REQUIRED | EXACT_KZ_SKU_EVIDENCE_REQUIRED,SHARED_IMAGE_REVIEW_REQUIRED,00000003007,https://www.vladmiva.ru/products/konusnye-trubinnye/806-314-299-524-014/
CANON-ВЛАДМИВА-00000003008,ВладМиВа,866.314.294.100.016,MODERATION,,PHOTO_REVIEW_REQUIRED | EXACT_KZ_SKU_EVIDENCE_REQUIRED,SHARED_IMAGE_REVIEW_REQUIRED,00000003008,https://www.vladmiva.ru/products/konusnye-trubinnye/806-314-299-524-016/
CANON-ВЛАДМИВА-00000003009,ВладМиВа,866.314.294.100.018,MODERATION,,PHOTO_REVIEW_REQUIRED | EXACT_KZ_SKU_EVIDENCE_REQUIRED,SHARED_IMAGE_REVIEW_REQUIRED,00000003009,https://www.vladmiva.ru/products/konusnye-trubinnye/806-314-299-524-018/
CANON-ВЛАДМИВА-00000003017,ВладМиВа,866.314.303.007.023,MODERATION,,PHOTO_REVIEW_REQUIRED | EXACT_KZ_SKU_EVIDENCE_REQUIRED,SHARED_IMAGE_REVIEW_REQUIRED,00000003017,https://www.vladmiva.ru/products/prochie-formy-trubinnye/806-314-304-524-023/
CANON-ВЛАДМИВА-00000003016,ВладМиВа,866.314.303.011.040,MODERATION,,PHOTO_REVIEW_REQUIRED | EXACT_KZ_SKU_EVIDENCE_REQUIRED,SHARED_IMAGE_REVIEW_REQUIRED,00000003016,https://www.vladmiva.ru/products/prochie-formy-trubinnye/806-314-304-524-040/
CANON-ВЛАДМИВА-00000024292,ВладМиВа,866.314.552.075.018,MODERATION,,PHOTO_REVIEW_REQUIRED | EXACT_KZ_SKU_EVIDENCE_REQUIRED,SHARED_IMAGE_REVIEW_REQUIRED,00000024292,https://www.vladmiva.ru/products/tsilindricheskie-trubinnye/806-314-552-524-018/
CANON-ВЛАДМИВА-00000002768,ВладМиВа,866.314.697.000.012,MODERATION,,PHOTO_REVIEW_REQUIRED | EXACT_KZ_SKU_EVIDENCE_REQUIRED,SHARED_IMAGE_REVIEW_REQUIRED,00000002768,https://www.vladmiva.ru/products/sfericheskie-trubinnye/806-314-697-524-012/
CANON-ВЛАДМИВА-00000002769,ВладМиВа,866.314.697.000.014,MODERATION,,PHOTO_REVIEW_REQUIRED | EXACT_KZ_SKU_EVIDENCE_REQUIRED,SHARED_IMAGE_REVIEW_REQUIRED,00000002769,https://www.vladmiva.ru/products/sfericheskie-trubinnye/806-314-697-524-014/
CANON-ВЛАДМИВА-00000002770,ВладМиВа,866.314.697.000.016,MODERATION,,PHOTO_REVIEW_REQUIRED | EXACT_KZ_SKU_EVIDENCE_REQUIRED,SHARED_IMAGE_REVIEW_REQUIRED,00000002770,https://www.vladmiva.ru/products/sfericheskie-trubinnye/806-314-697-524-016/
CANON-ВЛАДМИВА-00000002771,ВладМиВа,866.314.697.000.018,MODERATION,,PHOTO_REVIEW_REQUIRED | EXACT_KZ_SKU_EVIDENCE_REQUIRED,SHARED_IMAGE_REVIEW_REQUIRED,00000002771,https://www.vladmiva.ru/products/sfericheskie-trubinnye/806-314-697-524-018/
CANON-ВЛАДМИВА-00000048289,ВладМиВа,866.314.697.000.021,MODERATION,,PHOTO_REVIEW_REQUIRED | EXACT_KZ_SKU_EVIDENCE_REQUIRED,SHARED_IMAGE_REVIEW_REQUIRED,00000048289,https://www.vladmiva.ru/products/sfericheskie-trubinnye/806-314-697-524-021/
CANON-ВЛАДМИВА-00000004422,ВладМиВа,866.315.001.000.010,MODERATION,,PHOTO_REVIEW_REQUIRED | EXACT_KZ_SKU_EVIDENCE_REQUIRED,SHARED_IMAGE_REVIEW_REQUIRED,00000004422,https://www.vladmiva.ru/products/sfericheskie-trubinnye/806-315-001-524-010/
CANON-ВЛАДМИВА-00000002740,ВладМиВа,866.315.001.000.012,MODERATION,,PHOTO_REVIEW_REQUIRED | EXACT_KZ_SKU_EVIDENCE_REQUIRED,SHARED_IMAGE_REVIEW_REQUIRED,00000002740,https://www.vladmiva.ru/products/sfericheskie-trubinnye/806-315-001-524-012/
CANON-ВЛАДМИВА-00000002741,ВладМиВа,866.315.001.000.014,MODERATION,,PHOTO_REVIEW_REQUIRED | EXACT_KZ_SKU_EVIDENCE_REQUIRED,SHARED_IMAGE_REVIEW_REQUIRED,00000002741,https://www.vladmiva.ru/products/sfericheskie-trubinnye/806-315-001-524-014/
CANON-ВЛАДМИВА-00000002742,ВладМиВа,866.315.001.000.016,MODERATION,,PHOTO_REVIEW_REQUIRED | EXACT_KZ_SKU_EVIDENCE_REQUIRED,SHARED_IMAGE_REVIEW_REQUIRED,00000002742,https://www.vladmiva.ru/products/sfericheskie-trubinnye/806-315-001-524-016/
CANON-ВЛАДМИВА-00000002743,ВладМиВа,866.315.001.000.018,MODERATION,,PHOTO_REVIEW_REQUIRED | EXACT_KZ_SKU_EVIDENCE_REQUIRED,SHARED_IMAGE_REVIEW_REQUIRED,00000002743,https://www.vladmiva.ru/products/sfericheskie-trubinnye/806-315-001-524-018/
CANON-ВЛАДМИВА-00000002749,ВладМиВа,866.315.001.000.021,MODERATION,,PHOTO_REVIEW_REQUIRED | EXACT_KZ_SKU_EVIDENCE_REQUIRED,SHARED_IMAGE_REVIEW_REQUIRED,00000002749,https://www.vladmiva.ru/products/sfericheskie-trubinnye/806-315-001-524-021/
CANON-ВЛАДМИВА-00000014625,ВладМиВа,866.315.001.000.023,MODERATION,,PHOTO_REVIEW_REQUIRED | EXACT_KZ_SKU_EVIDENCE_REQUIRED,SHARED_IMAGE_REVIEW_REQUIRED,00000014625,https://www.vladmiva.ru/products/sfericheskie-trubinnye/806-315-001-524-023/
CANON-ВЛАДМИВА-00000002750,ВладМиВа,866.315.001.000.025,MODERATION,,PHOTO_REVIEW_REQUIRED | EXACT_KZ_SKU_EVIDENCE_REQUIRED,SHARED_IMAGE_REVIEW_REQUIRED,00000002750,https://www.vladmiva.ru/products/sfericheskie-trubinnye/806-315-001-524-025/
CANON-ВЛАДМИВА-00000002751,ВладМиВа,866.315.001.000.027,MODERATION,,PHOTO_REVIEW_REQUIRED | EXACT_KZ_SKU_EVIDENCE_REQUIRED,SHARED_IMAGE_REVIEW_REQUIRED,00000002751,https://www.vladmiva.ru/products/sfericheskie-trubinnye/806-315-001-524-027/
CANON-ВЛАДМИВА-00000022282,ВладМиВа,866.315.001.000.029,MODERATION,,PHOTO_REVIEW_REQUIRED | EXACT_KZ_SKU_EVIDENCE_REQUIRED,SHARED_IMAGE_REVIEW_REQUIRED,00000022282,https://www.vladmiva.ru/products/sfericheskie-trubinnye/806-315-001-524-029/
CANON-ВЛАДМИВА-00000021294,ВладМиВа,866.315.001.000.033,MODERATION,,PHOTO_REVIEW_REQUIRED | EXACT_KZ_SKU_EVIDENCE_REQUIRED,SHARED_IMAGE_REVIEW_REQUIRED,00000021294,https://www.vladmiva.ru/products/sfericheskie-trubinnye/806-315-001-524-033/
CANON-ВЛАДМИВА-00000014507,ВладМиВа,866.315.002.020.010,MODERATION,,PHOTO_REVIEW_REQUIRED | EXACT_KZ_SKU_EVIDENCE_REQUIRED,SHARED_IMAGE_REVIEW_REQUIRED,00000014507,https://www.vladmiva.ru/products/sfericheskie-trubinnye/806-315-002-524-010/
CANON-ВЛАДМИВА-00000002762,ВладМиВа,866.315.002.030.012,MODERATION,,PHOTO_REVIEW_REQUIRED | EXACT_KZ_SKU_EVIDENCE_REQUIRED,SHARED_IMAGE_REVIEW_REQUIRED,00000002762,https://www.vladmiva.ru/products/sfericheskie-trubinnye/806-315-002-524-012/
CANON-ВЛАДМИВА-00000002763,ВладМиВа,866.315.002.030.014,MODERATION,,PHOTO_REVIEW_REQUIRED | EXACT_KZ_SKU_EVIDENCE_REQUIRED,SHARED_IMAGE_REVIEW_REQUIRED,00000002763,https://www.vladmiva.ru/products/sfericheskie-trubinnye/806-315-002-524-014/
CANON-ВЛАДМИВА-00000002764,ВладМиВа,866.315.002.030.016,MODERATION,,PHOTO_REVIEW_REQUIRED | EXACT_KZ_SKU_EVIDENCE_REQUIRED,SHARED_IMAGE_REVIEW_REQUIRED,00000002764,https://www.vladmiva.ru/products/sfericheskie-trubinnye/806-315-002-524-016/
CANON-ВЛАДМИВА-00000002765,ВладМиВа,866.315.002.035.018,MODERATION,,PHOTO_REVIEW_REQUIRED | EXACT_KZ_SKU_EVIDENCE_REQUIRED,SHARED_IMAGE_REVIEW_REQUIRED,00000002765,https://www.vladmiva.ru/products/sfericheskie-trubinnye/806-315-002-524-018/
CANON-ВЛАДМИВА-00000002766,ВладМиВа,866.315.002.040.021,MODERATION,,PHOTO_REVIEW_REQUIRED | EXACT_KZ_SKU_EVIDENCE_REQUIRED,SHARED_IMAGE_REVIEW_REQUIRED,00000002766,https://www.vladmiva.ru/products/sfericheskie-trubinnye/806-315-002-524-021/
CANON-ВЛАДМИВА-00000002767,ВладМиВа,866.315.002.045.023,MODERATION,,PHOTO_REVIEW_REQUIRED | EXACT_KZ_SKU_EVIDENCE_REQUIRED,SHARED_IMAGE_REVIEW_REQUIRED,00000002767,https://www.vladmiva.ru/products/sfericheskie-trubinnye/806-315-002-524-023/
CANON-ВЛАДМИВА-00000042579,ВладМиВа,866.315.002.050.025,MODERATION,,PHOTO_REVIEW_REQUIRED | EXACT_KZ_SKU_EVIDENCE_REQUIRED,SHARED_IMAGE_REVIEW_REQUIRED,00000042579,https://www.vladmiva.ru/products/sfericheskie-trubinnye/806-315-002-524-025/
CANON-ВЛАДМИВА-00000018567,ВладМиВа,866.315.002.055.027,MODERATION,,PHOTO_REVIEW_REQUIRED | EXACT_KZ_SKU_EVIDENCE_REQUIRED,SHARED_IMAGE_REVIEW_REQUIRED,00000018567,https://www.vladmiva.ru/products/sfericheskie-trubinnye/806-315-002-524-027/
CANON-ВЛАДМИВА-00000012177,ВладМиВа,866.315.010.016.010,MODERATION,,PHOTO_REVIEW_REQUIRED | EXACT_KZ_SKU_EVIDENCE_REQUIRED,SHARED_IMAGE_REVIEW_REQUIRED,00000012177,https://www.vladmiva.ru/products/konusnye-trubinnye/806-315-010-524-010/
CANON-ВЛАДМИВА-00000002781,ВладМиВа,866.315.010.016.012,MODERATION,,PHOTO_REVIEW_REQUIRED | EXACT_KZ_SKU_EVIDENCE_REQUIRED,SHARED_IMAGE_REVIEW_REQUIRED,00000002781,https://www.vladmiva.ru/products/konusnye-trubinnye/806-315-010-524-012/
CANON-ВЛАДМИВА-00000002782,ВладМиВа,866.315.010.016.014,MODERATION,,PHOTO_REVIEW_REQUIRED | EXACT_KZ_SKU_EVIDENCE_REQUIRED,SHARED_IMAGE_REVIEW_REQUIRED,00000002782,https://www.vladmiva.ru/products/konusnye-trubinnye/806-315-010-524-014/
CANON-ВЛАДМИВА-00000002783,ВладМиВа,866.315.010.016.016,MODERATION,,PHOTO_REVIEW_REQUIRED | EXACT_KZ_SKU_EVIDENCE_REQUIRED,SHARED_IMAGE_REVIEW_REQUIRED,00000002783,https://www.vladmiva.ru/products/konusnye-trubinnye/806-315-010-524-016/
CANON-ВЛАДМИВА-00000002784,ВладМиВа,866.315.010.016.018,MODERATION,,PHOTO_REVIEW_REQUIRED | EXACT_KZ_SKU_EVIDENCE_REQUIRED,SHARED_IMAGE_REVIEW_REQUIRED,00000002784,https://www.vladmiva.ru/products/konusnye-trubinnye/806-315-010-524-018/
CANON-ВЛАДМИВА-00000023208,ВладМиВа,866.315.010.020.021,MODERATION,,PHOTO_REVIEW_REQUIRED | EXACT_KZ_SKU_EVIDENCE_REQUIRED,SHARED_IMAGE_REVIEW_REQUIRED,00000023208,https://www.vladmiva.ru/products/konusnye-trubinnye/806-315-010-524-021/
CANON-ВЛАДМИВА-00000002785,ВладМиВа,866.315.010.023.023,MODERATION,,PHOTO_REVIEW_REQUIRED | EXACT_KZ_SKU_EVIDENCE_REQUIRED,SHARED_IMAGE_REVIEW_REQUIRED,00000002785,https://www.vladmiva.ru/products/konusnye-trubinnye/806-315-010-524-023/
CANON-ВЛАДМИВА-00000014324,ВладМиВа,866.315.019.022.012,MODERATION,,PHOTO_REVIEW_REQUIRED | EXACT_KZ_SKU_EVIDENCE_REQUIRED,SHARED_IMAGE_REVIEW_REQUIRED,00000014324,https://www.vladmiva.ru/products/konusnye-trubinnye/806-315-019-524-012/
CANON-ВЛАДМИВА-00000003073,ВладМиВа,866.315.019.022.014,MODERATION,,PHOTO_REVIEW_REQUIRED | EXACT_KZ_SKU_EVIDENCE_REQUIRED,SHARED_IMAGE_REVIEW_REQUIRED,00000003073,https://www.vladmiva.ru/products/konusnye-trubinnye/806-315-019-524-014/
CANON-ВЛАДМИВА-00000003062,ВладМиВа,866.315.019.022.016,MODERATION,,PHOTO_REVIEW_REQUIRED | EXACT_KZ_SKU_EVIDENCE_REQUIRED,SHARED_IMAGE_REVIEW_REQUIRED,00000003062,https://www.vladmiva.ru/products/konusnye-trubinnye/806-315-019-524-016/
CANON-ВЛАДМИВА-00000003063,ВладМиВа,866.315.019.022.018,MODERATION,,PHOTO_REVIEW_REQUIRED | EXACT_KZ_SKU_EVIDENCE_REQUIRED,SHARED_IMAGE_REVIEW_REQUIRED,00000003063,https://www.vladmiva.ru/products/konusnye-trubinnye/806-315-019-524-018/
CANON-ВЛАДМИВА-00000002796,ВладМиВа,866.315.032.016.014,MODERATION,,PHOTO_REVIEW_REQUIRED | EXACT_KZ_SKU_EVIDENCE_REQUIRED,SHARED_IMAGE_REVIEW_REQUIRED,00000002796,https://www.vladmiva.ru/products/prochie-formy-trubinnye/806-315-032-524-014/
CANON-ВЛАДМИВА-00000002797,ВладМиВа,866.315.032.018.016,MODERATION,,PHOTO_REVIEW_REQUIRED | EXACT_KZ_SKU_EVIDENCE_REQUIRED,SHARED_IMAGE_REVIEW_REQUIRED,00000002797,https://www.vladmiva.ru/products/prochie-formy-trubinnye/806-315-032-524-016/
CANON-ВЛАДМИВА-00000002798,ВладМиВа,866.315.032.020.018,MODERATION,,PHOTO_REVIEW_REQUIRED | EXACT_KZ_SKU_EVIDENCE_REQUIRED,SHARED_IMAGE_REVIEW_REQUIRED,00000002798,https://www.vladmiva.ru/products/prochie-formy-trubinnye/806-315-032-524-018/
CANON-ВЛАДМИВА-00000021942,ВладМиВа,866.315.107.040.010,MODERATION,,PHOTO_REVIEW_REQUIRED | EXACT_KZ_SKU_EVIDENCE_REQUIRED,SHARED_IMAGE_REVIEW_REQUIRED,00000021942,https://www.vladmiva.ru/products/tsilindricheskie-trubinnye/806-315-109-524-010/
CANON-ВЛАДМИВА-00000022223,ВладМиВа,866.315.107.040.012,MODERATION,,PHOTO_REVIEW_REQUIRED | EXACT_KZ_SKU_EVIDENCE_REQUIRED,SHARED_IMAGE_REVIEW_REQUIRED,00000022223,https://www.vladmiva.ru/products/tsilindricheskie-trubinnye/806-315-109-524-012/
CANON-ВЛАДМИВА-00000023216,ВладМиВа,866.315.107.040.014,MODERATION,,PHOTO_REVIEW_REQUIRED | EXACT_KZ_SKU_EVIDENCE_REQUIRED,SHARED_IMAGE_REVIEW_REQUIRED,00000023216,https://www.vladmiva.ru/products/tsilindricheskie-trubinnye/806-315-109-524-014/
CANON-ВЛАДМИВА-00000021976,ВладМиВа,866.315.107.040.016,MODERATION,,PHOTO_REVIEW_REQUIRED | EXACT_KZ_SKU_EVIDENCE_REQUIRED,SHARED_IMAGE_REVIEW_REQUIRED,00000021976,https://www.vladmiva.ru/products/tsilindricheskie-trubinnye/806-315-109-524-016/
CANON-ВЛАДМИВА-00000022328,ВладМиВа,866.315.107.040.018,MODERATION,,PHOTO_REVIEW_REQUIRED | EXACT_KZ_SKU_EVIDENCE_REQUIRED,SHARED_IMAGE_REVIEW_REQUIRED,00000022328,https://www.vladmiva.ru/products/tsilindricheskie-trubinnye/806-315-109-524-018/
CANON-ВЛАДМИВА-00000022235,ВладМиВа,866.315.107.060.010,MODERATION,,PHOTO_REVIEW_REQUIRED | EXACT_KZ_SKU_EVIDENCE_REQUIRED,SHARED_IMAGE_REVIEW_REQUIRED,00000022235,https://www.vladmiva.ru/products/tsilindricheskie-trubinnye/806-315-110-524-010/
CANON-ВЛАДМИВА-00000002834,ВладМиВа,866.315.107.060.012,MODERATION,,PHOTO_REVIEW_REQUIRED | EXACT_KZ_SKU_EVIDENCE_REQUIRED,SHARED_IMAGE_REVIEW_REQUIRED,00000002834,https://www.vladmiva.ru/products/tsilindricheskie-trubinnye/806-315-110-524-012/
CANON-ВЛАДМИВА-00000002835,ВладМиВа,866.315.107.060.014,MODERATION,,PHOTO_REVIEW_REQUIRED | EXACT_KZ_SKU_EVIDENCE_REQUIRED,SHARED_IMAGE_REVIEW_REQUIRED,00000002835,https://www.vladmiva.ru/products/tsilindricheskie-trubinnye/806-315-110-524-014/
CANON-ВЛАДМИВА-00000002836,ВладМиВа,866.315.107.060.016,MODERATION,,PHOTO_REVIEW_REQUIRED | EXACT_KZ_SKU_EVIDENCE_REQUIRED,SHARED_IMAGE_REVIEW_REQUIRED,00000002836,https://www.vladmiva.ru/products/tsilindricheskie-trubinnye/806-315-110-524-016/
CANON-ВЛАДМИВА-00000014947,ВладМиВа,866.315.107.060.018,MODERATION,,PHOTO_REVIEW_REQUIRED | EXACT_KZ_SKU_EVIDENCE_REQUIRED,SHARED_IMAGE_REVIEW_REQUIRED,00000014947,https://www.vladmiva.ru/products/tsilindricheskie-trubinnye/806-315-110-524-018/
CANON-ВЛАДМИВА-00000042270,ВладМиВа,866.315.107.060.023,MODERATION,,PHOTO_REVIEW_REQUIRED | EXACT_KZ_SKU_EVIDENCE_REQUIRED,SHARED_IMAGE_REVIEW_REQUIRED,00000042270,https://www.vladmiva.ru/products/tsilindricheskie-trubinnye/806-315-110-524-023/
CANON-ВЛАДМИВА-00000017001,ВладМиВа,866.315.107.060.027,MODERATION,,PHOTO_REVIEW_REQUIRED | EXACT_KZ_SKU_EVIDENCE_REQUIRED,SHARED_IMAGE_REVIEW_REQUIRED,00000017001,https://www.vladmiva.ru/products/tsilindricheskie-trubinnye/806-315-110-524-027/
CANON-ВЛАДМИВА-00000013082,ВладМиВа,866.315.107.080.010,MODERATION,,PHOTO_REVIEW_REQUIRED | EXACT_KZ_SKU_EVIDENCE_REQUIRED,SHARED_IMAGE_REVIEW_REQUIRED,00000013082,https://www.vladmiva.ru/products/tsilindricheskie-trubinnye/806-315-111-524-010/
CANON-ВЛАДМИВА-00000020114,ВладМиВа,866.315.107.080.012,MODERATION,,PHOTO_REVIEW_REQUIRED | EXACT_KZ_SKU_EVIDENCE_REQUIRED,SHARED_IMAGE_REVIEW_REQUIRED,00000020114,https://www.vladmiva.ru/products/tsilindricheskie-trubinnye/806-315-111-524-012/
CANON-ВЛАДМИВА-00000020232,ВладМиВа,866.315.107.080.014,MODERATION,,PHOTO_REVIEW_REQUIRED | EXACT_KZ_SKU_EVIDENCE_REQUIRED,SHARED_IMAGE_REVIEW_REQUIRED,00000020232,https://www.vladmiva.ru/products/tsilindricheskie-trubinnye/806-315-111-524-014/
CANON-ВЛАДМИВА-00000020058,ВладМиВа,866.315.107.080.016,MODERATION,,PHOTO_REVIEW_REQUIRED | EXACT_KZ_SKU_EVIDENCE_REQUIRED,SHARED_IMAGE_REVIEW_REQUIRED,00000020058,https://www.vladmiva.ru/products/tsilindricheskie-trubinnye/806-315-111-524-016/
CANON-ВЛАДМИВА-00000015404,ВладМиВа,866.315.107.080.018,MODERATION,,PHOTO_REVIEW_REQUIRED | EXACT_KZ_SKU_EVIDENCE_REQUIRED,SHARED_IMAGE_REVIEW_REQUIRED,00000015404,https://www.vladmiva.ru/products/tsilindricheskie-trubinnye/806-315-111-524-018/
CANON-ВЛАДМИВА-00000023226,ВладМиВа,866.315.126.060.012,MODERATION,,PHOTO_REVIEW_REQUIRED | EXACT_KZ_SKU_EVIDENCE_REQUIRED,SHARED_IMAGE_REVIEW_REQUIRED,00000023226,https://www.vladmiva.ru/products/tsilindricheskie-trubinnye/806-315-129-524-012/
CANON-ВЛАДМИВА-00000022234,ВладМиВа,866.315.126.080.012,MODERATION,,PHOTO_REVIEW_REQUIRED | EXACT_KZ_SKU_EVIDENCE_REQUIRED,SHARED_IMAGE_REVIEW_REQUIRED,00000022234,https://www.vladmiva.ru/products/tsilindricheskie-trubinnye/806-315-130-524-012/
CANON-ВЛАДМИВА-00000022216,ВладМиВа,866.315.126.080.014,MODERATION,,PHOTO_REVIEW_REQUIRED | EXACT_KZ_SKU_EVIDENCE_REQUIRED,SHARED_IMAGE_REVIEW_REQUIRED,00000022216,https://www.vladmiva.ru/products/tsilindricheskie-trubinnye/806-315-130-524-014/
CANON-ВЛАДМИВА-00000076297,ВладМиВа,866.315.126.080.016,MODERATION,,PHOTO_REVIEW_REQUIRED | EXACT_KZ_SKU_EVIDENCE_REQUIRED,SHARED_IMAGE_REVIEW_REQUIRED,00000076297,https://www.vladmiva.ru/products/tsilindricheskie-trubinnye/806-315-130-524-016/
CANON-ВЛАДМИВА-00000021377,ВладМиВа,866.315.126.100.012,MODERATION,,PHOTO_REVIEW_REQUIRED | EXACT_KZ_SKU_EVIDENCE_REQUIRED,SHARED_IMAGE_REVIEW_REQUIRED,00000021377,https://www.vladmiva.ru/products/tsilindricheskie-trubinnye/806-315-131-524-012/
CANON-ВЛАДМИВА-00000021803,ВладМиВа,866.315.126.100.014,MODERATION,,PHOTO_REVIEW_REQUIRED | EXACT_KZ_SKU_EVIDENCE_REQUIRED,SHARED_IMAGE_REVIEW_REQUIRED,00000021803,https://www.vladmiva.ru/products/tsilindricheskie-trubinnye/806-315-131-524-014/
CANON-ВЛАДМИВА-00000021498,ВладМиВа,866.315.126.100.016,MODERATION,,PHOTO_REVIEW_REQUIRED | EXACT_KZ_SKU_EVIDENCE_REQUIRED,SHARED_IMAGE_REVIEW_REQUIRED,00000021498,https://www.vladmiva.ru/products/tsilindricheskie-trubinnye/806-315-131-524-016/
CANON-ВЛАДМИВА-00000023217,ВладМиВа,866.315.137.040.012,MODERATION,,PHOTO_REVIEW_REQUIRED | EXACT_KZ_SKU_EVIDENCE_REQUIRED,SHARED_IMAGE_REVIEW_REQUIRED,00000023217,https://www.vladmiva.ru/products/tsilindricheskie-trubinnye/806-315-139-524-012/
CANON-ВЛАДМИВА-00000023221,ВладМиВа,866.315.137.060.012,MODERATION,,PHOTO_REVIEW_REQUIRED | EXACT_KZ_SKU_EVIDENCE_REQUIRED,SHARED_IMAGE_REVIEW_REQUIRED,00000023221,https://www.vladmiva.ru/products/tsilindricheskie-trubinnye/806-315-140-524-012/
CANON-ВЛАДМИВА-00000024197,ВладМиВа,866.315.137.060.014,MODERATION,,PHOTO_REVIEW_REQUIRED | EXACT_KZ_SKU_EVIDENCE_REQUIRED,SHARED_IMAGE_REVIEW_REQUIRED,00000024197,https://www.vladmiva.ru/products/tsilindricheskie-trubinnye/806-315-140-524-014/
CANON-ВЛАДМИВА-00000022379,ВладМиВа,866.315.137.080.012,MODERATION,,PHOTO_REVIEW_REQUIRED | EXACT_KZ_SKU_EVIDENCE_REQUIRED,SHARED_IMAGE_REVIEW_REQUIRED,00000022379,https://www.vladmiva.ru/products/tsilindricheskie-trubinnye/806-315-141-524-012/
CANON-ВЛАДМИВА-00000048336,ВладМиВа,866.315.137.080.014,MODERATION,,PHOTO_REVIEW_REQUIRED | EXACT_KZ_SKU_EVIDENCE_REQUIRED,SHARED_IMAGE_REVIEW_REQUIRED,00000048336,https://www.vladmiva.ru/products/tsilindricheskie-trubinnye/806-315-141-524-014/
CANON-ВЛАДМИВА-00000025836,ВладМиВа,866.315.137.080.016,MODERATION,,PHOTO_REVIEW_REQUIRED | EXACT_KZ_SKU_EVIDENCE_REQUIRED,SHARED_IMAGE_REVIEW_REQUIRED,00000025836,https://www.vladmiva.ru/products/tsilindricheskie-trubinnye/806-315-141-524-016/
CANON-ВЛАДМИВА-00000021832,ВладМиВа,866.315.137.100.012,MODERATION,,PHOTO_REVIEW_REQUIRED | EXACT_KZ_SKU_EVIDENCE_REQUIRED,SHARED_IMAGE_REVIEW_REQUIRED,00000021832,https://www.vladmiva.ru/products/tsilindricheskie-trubinnye/806-315-142-524-012/
CANON-ВЛАДМИВА-00000021830,ВладМиВа,866.315.137.100.014,MODERATION,,PHOTO_REVIEW_REQUIRED | EXACT_KZ_SKU_EVIDENCE_REQUIRED,SHARED_IMAGE_REVIEW_REQUIRED,00000021830,https://www.vladmiva.ru/products/tsilindricheskie-trubinnye/806-315-142-524-014/
CANON-ВЛАДМИВА-00000021853,ВладМиВа,866.315.137.100.016,MODERATION,,PHOTO_REVIEW_REQUIRED | EXACT_KZ_SKU_EVIDENCE_REQUIRED,SHARED_IMAGE_REVIEW_REQUIRED,00000021853,https://www.vladmiva.ru/products/tsilindricheskie-trubinnye/806-315-142-524-016/
CANON-ВЛАДМИВА-00000024095,ВладМиВа,866.315.164.100.025,MODERATION,,PHOTO_REVIEW_REQUIRED | EXACT_KZ_SKU_EVIDENCE_REQUIRED,SHARED_IMAGE_REVIEW_REQUIRED,00000024095,https://www.vladmiva.ru/products/konusnye-trubinnye/806-315-166-524-025_1/
CANON-ВЛАДМИВА-00000011802,ВладМиВа,866.315.164.100.027,MODERATION,,PHOTO_REVIEW_REQUIRED | EXACT_KZ_SKU_EVIDENCE_REQUIRED,SHARED_IMAGE_REVIEW_REQUIRED,00000011802,https://www.vladmiva.ru/products/konusnye-trubinnye/806-315-166-524-027/
CANON-ВЛАДМИВА-00000009312,ВладМиВа,866.315.168.060.012,MODERATION,,PHOTO_REVIEW_REQUIRED | EXACT_KZ_SKU_EVIDENCE_REQUIRED,SHARED_IMAGE_REVIEW_REQUIRED,00000009312,https://www.vladmiva.ru/products/konusnye-trubinnye/806-315-171-524-012/
CANON-ВЛАДМИВА-00000041821,ВладМиВа,866.315.168.060.014,MODERATION,,PHOTO_REVIEW_REQUIRED | EXACT_KZ_SKU_EVIDENCE_REQUIRED,SHARED_IMAGE_REVIEW_REQUIRED,00000041821,https://www.vladmiva.ru/products/konusnye-trubinnye/806-315-171-524-014/
CANON-ВЛАДМИВА-00000021473,ВладМиВа,866.315.168.100.018,MODERATION,,PHOTO_REVIEW_REQUIRED | EXACT_KZ_SKU_EVIDENCE_REQUIRED,SHARED_IMAGE_REVIEW_REQUIRED,00000021473,https://www.vladmiva.ru/products/konusnye-trubinnye/806-315-173-524-018/
CANON-ВЛАДМИВА-00000004011,ВладМиВа,866.315.168.100.023,MODERATION,,PHOTO_REVIEW_REQUIRED | EXACT_KZ_SKU_EVIDENCE_REQUIRED,SHARED_IMAGE_REVIEW_REQUIRED,00000004011,https://www.vladmiva.ru/products/konusnye-trubinnye/806-315-173-524-023/
CANON-ВЛАДМИВА-00000021292,ВладМиВа,866.315.194.100.014,MODERATION,,PHOTO_REVIEW_REQUIRED | EXACT_KZ_SKU_EVIDENCE_REQUIRED,SHARED_IMAGE_REVIEW_REQUIRED,00000021292,https://www.vladmiva.ru/products/konusnye-trubinnye/806-315-199-524-014/
CANON-ВЛАДМИВА-00000012170,ВладМиВа,866.315.194.100.016,MODERATION,,PHOTO_REVIEW_REQUIRED | EXACT_KZ_SKU_EVIDENCE_REQUIRED,SHARED_IMAGE_REVIEW_REQUIRED,00000012170,https://www.vladmiva.ru/products/konusnye-trubinnye/806-315-199-524-016/
CANON-ВЛАДМИВА-00000003056,ВладМиВа,866.315.225.035.016,MODERATION,,PHOTO_REVIEW_REQUIRED | EXACT_KZ_SKU_EVIDENCE_REQUIRED,SHARED_IMAGE_REVIEW_REQUIRED,00000003056,https://www.vladmiva.ru/products/konusnye-trubinnye/806-315-225-524-016/
CANON-ВЛАДМИВА-00000014519,ВладМиВа,866.315.225.040.018,MODERATION,,PHOTO_REVIEW_REQUIRED | EXACT_KZ_SKU_EVIDENCE_REQUIRED,SHARED_IMAGE_REVIEW_REQUIRED,00000014519,https://www.vladmiva.ru/products/konusnye-trubinnye/806-315-225-524-018/
CANON-ВЛАДМИВА-00000011999,ВладМиВа,866.315.237.030.012,MODERATION,,PHOTO_REVIEW_REQUIRED | EXACT_KZ_SKU_EVIDENCE_REQUIRED,SHARED_IMAGE_REVIEW_REQUIRED,00000011999,https://www.vladmiva.ru/products/prochie-formy-trubinnye/806-315-233-524-012/
CANON-ВЛАДМИВА-00000010960,ВладМиВа,866.315.237.030.014,MODERATION,,PHOTO_REVIEW_REQUIRED | EXACT_KZ_SKU_EVIDENCE_REQUIRED,SHARED_IMAGE_REVIEW_REQUIRED,00000010960,https://www.vladmiva.ru/products/prochie-formy-trubinnye/806-315-233-524-014/
CANON-ВЛАДМИВА-00000024226,ВладМиВа,866.315.237.040.016,MODERATION,,PHOTO_REVIEW_REQUIRED | EXACT_KZ_SKU_EVIDENCE_REQUIRED,SHARED_IMAGE_REVIEW_REQUIRED,00000024226,https://www.vladmiva.ru/products/prochie-formy-trubinnye/806-315-238-524-016/
CANON-ВЛАДМИВА-00000002952,ВладМиВа,866.315.243.080.014,MODERATION,,PHOTO_REVIEW_REQUIRED | EXACT_KZ_SKU_EVIDENCE_REQUIRED,SHARED_IMAGE_REVIEW_REQUIRED,00000002952,https://www.vladmiva.ru/products/plamevidnye-trubinnye/806-315-243-524-014/
CANON-ВЛАДМИВА-00000002953,ВладМиВа,866.315.243.080.016,MODERATION,,PHOTO_REVIEW_REQUIRED | EXACT_KZ_SKU_EVIDENCE_REQUIRED,SHARED_IMAGE_REVIEW_REQUIRED,00000002953,https://www.vladmiva.ru/products/plamevidnye-trubinnye/806-315-243-524-016/
CANON-ВЛАДМИВА-00000002954,ВладМиВа,866.315.243.080.018,MODERATION,,PHOTO_REVIEW_REQUIRED | EXACT_KZ_SKU_EVIDENCE_REQUIRED,SHARED_IMAGE_REVIEW_REQUIRED,00000002954,https://www.vladmiva.ru/products/plamevidnye-trubinnye/806-315-243-524-018/
CANON-ВЛАДМИВА-00000006661,ВладМиВа,866.315.254.030.012,MODERATION,,PHOTO_REVIEW_REQUIRED | EXACT_KZ_SKU_EVIDENCE_REQUIRED,SHARED_IMAGE_REVIEW_REQUIRED,00000006661,https://www.vladmiva.ru/products/prochie-formy-trubinnye/806-315-257-524-012/
CANON-ВЛАДМИВА-00000034606,ВладМиВа,866.315.254.030.014,MODERATION,,PHOTO_REVIEW_REQUIRED | EXACT_KZ_SKU_EVIDENCE_REQUIRED,SHARED_IMAGE_REVIEW_REQUIRED,00000034606,https://www.vladmiva.ru/products/prochie-formy-trubinnye/806-315-257-524-014/
CANON-ВЛАДМИВА-00000007624,ВладМиВа,866.315.254.030.016,MODERATION,,PHOTO_REVIEW_REQUIRED | EXACT_KZ_SKU_EVIDENCE_REQUIRED,SHARED_IMAGE_REVIEW_REQUIRED,00000007624,https://www.vladmiva.ru/products/prochie-formy-trubinnye/806-315-257-524-016/
CANON-ВЛАДМИВА-00000018029,ВладМиВа,866.315.254.045.018,MODERATION,,PHOTO_REVIEW_REQUIRED | EXACT_KZ_SKU_EVIDENCE_REQUIRED,SHARED_IMAGE_REVIEW_REQUIRED,00000018029,https://www.vladmiva.ru/products/prochie-formy-trubinnye/806-315-257-524-018/
CANON-ВЛАДМИВА-00000036248,ВладМиВа,866.315.254.050.021,MODERATION,,PHOTO_REVIEW_REQUIRED | EXACT_KZ_SKU_EVIDENCE_REQUIRED,SHARED_IMAGE_REVIEW_REQUIRED,00000036248,https://www.vladmiva.ru/products/prochie-formy-trubinnye/806-315-257-524-021/
CANON-ВЛАДМИВА-00000018035,ВладМиВа,866.315.254.050.023,MODERATION,,PHOTO_REVIEW_REQUIRED | EXACT_KZ_SKU_EVIDENCE_REQUIRED,SHARED_IMAGE_REVIEW_REQUIRED,00000018035,https://www.vladmiva.ru/products/prochie-formy-trubinnye/806-315-257-524-023/
CANON-ВЛАДМИВА-00000008424,ВладМиВа,866.315.254.050.027,MODERATION,,PHOTO_REVIEW_REQUIRED | EXACT_KZ_SKU_EVIDENCE_REQUIRED,SHARED_IMAGE_REVIEW_REQUIRED,00000008424,https://www.vladmiva.ru/products/prochie-formy-trubinnye/806-315-257-524-027/
CANON-ВЛАДМИВА-00000040363,ВладМиВа,866.315.277.028.014,MODERATION,,PHOTO_REVIEW_REQUIRED | EXACT_KZ_SKU_EVIDENCE_REQUIRED,SHARED_IMAGE_REVIEW_REQUIRED,00000040363,https://www.vladmiva.ru/products/prochie-formy-trubinnye/806-315-277-524-014/
CANON-ВЛАДМИВА-00000054340,ВладМиВа,866.315.277.034.016,MODERATION,,PHOTO_REVIEW_REQUIRED | EXACT_KZ_SKU_EVIDENCE_REQUIRED,SHARED_IMAGE_REVIEW_REQUIRED,00000054340,https://www.vladmiva.ru/products/prochie-formy-trubinnye/806-315-277-524-016/
CANON-ВЛАДМИВА-00000017700,ВладМиВа,866.315.277.036.018,MODERATION,,PHOTO_REVIEW_REQUIRED | EXACT_KZ_SKU_EVIDENCE_REQUIRED,SHARED_IMAGE_REVIEW_REQUIRED,00000017700,https://www.vladmiva.ru/products/prochie-formy-trubinnye/806-315-277-524-018/
CANON-ВЛАДМИВА-00000033097,ВладМиВа,866.315.277.041.021,MODERATION,,PHOTO_REVIEW_REQUIRED | EXACT_KZ_SKU_EVIDENCE_REQUIRED,SHARED_IMAGE_REVIEW_REQUIRED,00000033097,https://www.vladmiva.ru/products/prochie-formy-trubinnye/806-315-277-524-021/
CANON-ВЛАДМИВА-00000017527,ВладМиВа,866.315.277.042.023,MODERATION,,PHOTO_REVIEW_REQUIRED | EXACT_KZ_SKU_EVIDENCE_REQUIRED,SHARED_IMAGE_REVIEW_REQUIRED,00000017527,https://www.vladmiva.ru/products/prochie-formy-trubinnye/806-315-277-524-023/
CANON-ВЛАДМИВА-00000022959,ВладМиВа,866.315.294.080.012,MODERATION,,PHOTO_REVIEW_REQUIRED | EXACT_KZ_SKU_EVIDENCE_REQUIRED,SHARED_IMAGE_REVIEW_REQUIRED,00000022959,https://www.vladmiva.ru/products/konusnye-trubinnye/806-315-298-524-012/
CANON-ВЛАДМИВА-00000021474,ВладМиВа,866.315.294.080.014,MODERATION,,PHOTO_REVIEW_REQUIRED | EXACT_KZ_SKU_EVIDENCE_REQUIRED,SHARED_IMAGE_REVIEW_REQUIRED,00000021474,https://www.vladmiva.ru/products/konusnye-trubinnye/806-315-298-524-014/
CANON-ВЛАДМИВА-00000022889,ВладМиВа,866.315.294.080.016,MODERATION,,PHOTO_REVIEW_REQUIRED | EXACT_KZ_SKU_EVIDENCE_REQUIRED,SHARED_IMAGE_REVIEW_REQUIRED,00000022889,https://www.vladmiva.ru/products/konusnye-trubinnye/806-315-298-524-016/
CANON-ВЛАДМИВА-00000021504,ВладМиВа,866.315.294.080.018,MODERATION,,PHOTO_REVIEW_REQUIRED | EXACT_KZ_SKU_EVIDENCE_REQUIRED,SHARED_IMAGE_REVIEW_REQUIRED,00000021504,https://www.vladmiva.ru/products/konusnye-trubinnye/806-315-298-524-018/
CANON-ВЛАДМИВА-00000074002,ВладМиВа,866.315.294.100.012,MODERATION,,PHOTO_REVIEW_REQUIRED | EXACT_KZ_SKU_EVIDENCE_REQUIRED,SHARED_IMAGE_REVIEW_REQUIRED,00000074002,https://www.vladmiva.ru/products/konusnye-trubinnye/806-315-299-524-012/
CANON-ВЛАДМИВА-00000015131,ВладМиВа,866.315.294.100.014,MODERATION,,PHOTO_REVIEW_REQUIRED | EXACT_KZ_SKU_EVIDENCE_REQUIRED,SHARED_IMAGE_REVIEW_REQUIRED,00000015131,https://www.vladmiva.ru/products/konusnye-trubinnye/806-315-299-524-014/
CANON-ВЛАДМИВА-00000021588,ВладМиВа,866.315.294.100.016,MODERATION,,PHOTO_REVIEW_REQUIRED | EXACT_KZ_SKU_EVIDENCE_REQUIRED,SHARED_IMAGE_REVIEW_REQUIRED,00000021588,https://www.vladmiva.ru/products/konusnye-trubinnye/806-315-299-524-016/
CANON-ВЛАДМИВА-00000021805,ВладМиВа,866.315.294.100.018,MODERATION,,PHOTO_REVIEW_REQUIRED | EXACT_KZ_SKU_EVIDENCE_REQUIRED,SHARED_IMAGE_REVIEW_REQUIRED,00000021805,https://www.vladmiva.ru/products/konusnye-trubinnye/806-315-299-524-018/
CANON-ВЛАДМИВА-00000003018,ВладМиВа,866.315.303.007.023,MODERATION,,PHOTO_REVIEW_REQUIRED | EXACT_KZ_SKU_EVIDENCE_REQUIRED,SHARED_IMAGE_REVIEW_REQUIRED,00000003018,https://www.vladmiva.ru/products/prochie-formy-trubinnye/806-315-304-524-023/
CANON-ВЛАДМИВА-00000017999,ВладМиВа,866.315.552.075.018,MODERATION,,PHOTO_REVIEW_REQUIRED | EXACT_KZ_SKU_EVIDENCE_REQUIRED,SHARED_IMAGE_REVIEW_REQUIRED,00000017999,https://www.vladmiva.ru/products/tsilindricheskie-trubinnye/806-315-552-524-018/
CANON-ВЛАДМИВА-00000043739,ВладМиВа,866.315.697.000.012,MODERATION,,PHOTO_REVIEW_REQUIRED | EXACT_KZ_SKU_EVIDENCE_REQUIRED,SHARED_IMAGE_REVIEW_REQUIRED,00000043739,https://www.vladmiva.ru/products/sfericheskie-trubinnye/806-315-697-524-012/
CANON-ВЛАДМИВА-00000044990,ВладМиВа,866.315.697.000.014,MODERATION,,PHOTO_REVIEW_REQUIRED | EXACT_KZ_SKU_EVIDENCE_REQUIRED,SHARED_IMAGE_REVIEW_REQUIRED,00000044990,https://www.vladmiva.ru/products/sfericheskie-trubinnye/806-315-697-524-014/
CANON-ВЛАДМИВА-00000045023,ВладМиВа,866.315.697.000.016,MODERATION,,PHOTO_REVIEW_REQUIRED | EXACT_KZ_SKU_EVIDENCE_REQUIRED,SHARED_IMAGE_REVIEW_REQUIRED,00000045023,https://www.vladmiva.ru/products/sfericheskie-trubinnye/806-315-697-524-016/
CANON-ВЛАДМИВА-00000045200,ВладМиВа,866.315.697.000.018,MODERATION,,PHOTO_REVIEW_REQUIRED | EXACT_KZ_SKU_EVIDENCE_REQUIRED,SHARED_IMAGE_REVIEW_REQUIRED,00000045200,https://www.vladmiva.ru/products/sfericheskie-trubinnye/806-315-697-524-018/
CANON-ВЛАДМИВА-00000043772,ВладМиВа,866.315.697.000.021,MODERATION,,PHOTO_REVIEW_REQUIRED | EXACT_KZ_SKU_EVIDENCE_REQUIRED,SHARED_IMAGE_REVIEW_REQUIRED,00000043772,https://www.vladmiva.ru/products/sfericheskie-trubinnye/806-315-697-524-021/
CANON-ВЛАДМИВА-00000011078,ВладМиВа,866.316.001.000.010,MODERATION,,PHOTO_REVIEW_REQUIRED | EXACT_KZ_SKU_EVIDENCE_REQUIRED,SHARED_IMAGE_REVIEW_REQUIRED,00000011078,https://www.vladmiva.ru/products/sfericheskie-trubinnye/806-316-001-524-010/
CANON-ВЛАДМИВА-00000018803,ВладМиВа,866.316.001.000.012,MODERATION,,PHOTO_REVIEW_REQUIRED | EXACT_KZ_SKU_EVIDENCE_REQUIRED,SHARED_IMAGE_REVIEW_REQUIRED,00000018803,https://www.vladmiva.ru/products/sfericheskie-trubinnye/806-316-001-524-012/
CANON-ВЛАДМИВА-00000018801,ВладМиВа,866.316.001.000.014,MODERATION,,PHOTO_REVIEW_REQUIRED | EXACT_KZ_SKU_EVIDENCE_REQUIRED,SHARED_IMAGE_REVIEW_REQUIRED,00000018801,https://www.vladmiva.ru/products/sfericheskie-trubinnye/806-316-001-524-014/
CANON-ВЛАДМИВА-00000019013,ВладМиВа,866.316.001.000.016,MODERATION,,PHOTO_REVIEW_REQUIRED | EXACT_KZ_SKU_EVIDENCE_REQUIRED,SHARED_IMAGE_REVIEW_REQUIRED,00000019013,https://www.vladmiva.ru/products/sfericheskie-trubinnye/806-316-001-524-016/
CANON-ВЛАДМИВА-00000017929,ВладМиВа,866.316.001.000.018,MODERATION,,PHOTO_REVIEW_REQUIRED | EXACT_KZ_SKU_EVIDENCE_REQUIRED,SHARED_IMAGE_REVIEW_REQUIRED,00000017929,https://www.vladmiva.ru/products/sfericheskie-trubinnye/806-316-001-524-018/
CANON-ВЛАДМИВА-00000031463,ВладМиВа,866.316.001.000.021,MODERATION,,PHOTO_REVIEW_REQUIRED | EXACT_KZ_SKU_EVIDENCE_REQUIRED,SHARED_IMAGE_REVIEW_REQUIRED,00000031463,https://www.vladmiva.ru/products/sfericheskie-trubinnye/806-316-001-524-021/
CANON-ВЛАДМИВА-00000023935,ВладМиВа,866.316.001.000.023,MODERATION,,PHOTO_REVIEW_REQUIRED | EXACT_KZ_SKU_EVIDENCE_REQUIRED,SHARED_IMAGE_REVIEW_REQUIRED,00000023935,https://www.vladmiva.ru/products/sfericheskie-trubinnye/806-316-001-524-023/
CANON-ВЛАДМИВА-00000036247,ВладМиВа,866.316.001.000.025,MODERATION,,PHOTO_REVIEW_REQUIRED | EXACT_KZ_SKU_EVIDENCE_REQUIRED,SHARED_IMAGE_REVIEW_REQUIRED,00000036247,https://www.vladmiva.ru/products/sfericheskie-trubinnye/806-316-001-524-025/
CANON-ВЛАДМИВА-00000023113,ВладМиВа,866.316.002.040.021,MODERATION,,PHOTO_REVIEW_REQUIRED | EXACT_KZ_SKU_EVIDENCE_REQUIRED,SHARED_IMAGE_REVIEW_REQUIRED,00000023113,https://www.vladmiva.ru/products/sfericheskie-trubinnye/806-316-002-524-021/
CANON-ВЛАДМИВА-00000019500,ВладМиВа,876.204.001.000.012,MODERATION,,PHOTO_REVIEW_REQUIRED | EXACT_KZ_SKU_EVIDENCE_REQUIRED,SHARED_IMAGE_REVIEW_REQUIRED,00000019500,https://www.vladmiva.ru/products/sfericheskie-uglovye/806-204-001-534-012/
CANON-ВЛАДМИВА-00000020048,ВладМиВа,876.204.001.000.014,MODERATION,,PHOTO_REVIEW_REQUIRED | EXACT_KZ_SKU_EVIDENCE_REQUIRED,SHARED_IMAGE_REVIEW_REQUIRED,00000020048,https://www.vladmiva.ru/products/sfericheskie-uglovye/806-204-001-534-014/
CANON-ВЛАДМИВА-00000043728,ВладМиВа,876.204.002.030.012,MODERATION,,PHOTO_REVIEW_REQUIRED | EXACT_KZ_SKU_EVIDENCE_REQUIRED,SHARED_IMAGE_REVIEW_REQUIRED,00000043728,https://www.vladmiva.ru/products/sfericheskie-uglovye/806-204-002-534-012/
CANON-ВЛАДМИВА-00000023130,ВладМиВа,876.204.002.030.014,MODERATION,,PHOTO_REVIEW_REQUIRED | EXACT_KZ_SKU_EVIDENCE_REQUIRED,SHARED_IMAGE_REVIEW_REQUIRED,00000023130,https://www.vladmiva.ru/products/sfericheskie-uglovye/806-204-002-534-014/
CANON-ВЛАДМИВА-00000038384,ВладМиВа,876.204.002.035.018,MODERATION,,PHOTO_REVIEW_REQUIRED | EXACT_KZ_SKU_EVIDENCE_REQUIRED,SHARED_IMAGE_REVIEW_REQUIRED,00000038384,https://www.vladmiva.ru/products/sfericheskie-uglovye/806-204-002-534-018/
CANON-ВЛАДМИВА-00000040501,ВладМиВа,876.204.002.050.025,MODERATION,,PHOTO_REVIEW_REQUIRED | EXACT_KZ_SKU_EVIDENCE_REQUIRED,SHARED_IMAGE_REVIEW_REQUIRED,00000040501,https://www.vladmiva.ru/products/sfericheskie-uglovye/806-204-002-534-025/
CANON-ВЛАДМИВА-00000019501,ВладМиВа,876.204.010.016.012,MODERATION,,PHOTO_REVIEW_REQUIRED | EXACT_KZ_SKU_EVIDENCE_REQUIRED,SHARED_IMAGE_REVIEW_REQUIRED,00000019501,https://www.vladmiva.ru/products/konusnye-uglovye/806-204-010-534-012/
CANON-ВЛАДМИВА-00000013147,ВладМиВа,876.204.010.016.014,MODERATION,,PHOTO_REVIEW_REQUIRED | EXACT_KZ_SKU_EVIDENCE_REQUIRED,SHARED_IMAGE_REVIEW_REQUIRED,00000013147,https://www.vladmiva.ru/products/konusnye-uglovye/806-204-010-534-014/
CANON-ВЛАДМИВА-00000026780,ВладМиВа,876.204.107.040.010,MODERATION,,PHOTO_REVIEW_REQUIRED | EXACT_KZ_SKU_EVIDENCE_REQUIRED,SHARED_IMAGE_REVIEW_REQUIRED,00000026780,https://www.vladmiva.ru/products/tsilindricheskie-uglovye/806-204-109-534-010/
CANON-ВЛАДМИВА-00000020304,ВладМиВа,876.204.107.060.027,MODERATION,,PHOTO_REVIEW_REQUIRED | EXACT_KZ_SKU_EVIDENCE_REQUIRED,SHARED_IMAGE_REVIEW_REQUIRED,00000020304,https://www.vladmiva.ru/products/tsilindricheskie-uglovye/806-204-110-534-027/
CANON-ВЛАДМИВА-00000019006,ВладМиВа,876.204.164.100.014,MODERATION,,PHOTO_REVIEW_REQUIRED | EXACT_KZ_SKU_EVIDENCE_REQUIRED,SHARED_IMAGE_REVIEW_REQUIRED,00000019006,https://www.vladmiva.ru/products/konusnye-uglovye/806-204-166-534-014/
CANON-ВЛАДМИВА-00000012038,ВладМиВа,876.204.164.100.016,MODERATION,,PHOTO_REVIEW_REQUIRED | EXACT_KZ_SKU_EVIDENCE_REQUIRED,SHARED_IMAGE_REVIEW_REQUIRED,00000012038,https://www.vladmiva.ru/products/konusnye-uglovye/806-204-166-534-016/
CANON-ВЛАДМИВА-00000038065,ВладМиВа,876.204.194.100.014,MODERATION,,PHOTO_REVIEW_REQUIRED | EXACT_KZ_SKU_EVIDENCE_REQUIRED,SHARED_IMAGE_REVIEW_REQUIRED,00000038065,https://www.vladmiva.ru/products/konusnye-uglovye/806-204-199-534-014/
CANON-ВЛАДМИВА-00000038067,ВладМиВа,876.204.194.100.016,MODERATION,,PHOTO_REVIEW_REQUIRED | EXACT_KZ_SKU_EVIDENCE_REQUIRED,SHARED_IMAGE_REVIEW_REQUIRED,00000038067,https://www.vladmiva.ru/products/konusnye-uglovye/806-204-199-534-016/
CANON-ВЛАДМИВА-00000019011,ВладМиВа,876.204.245.100.016,MODERATION,,PHOTO_REVIEW_REQUIRED | EXACT_KZ_SKU_EVIDENCE_REQUIRED,SHARED_IMAGE_REVIEW_REQUIRED,00000019011,https://www.vladmiva.ru/products/tsilindricheskie-uglovye/806-204-250-534-016/
CANON-ВЛАДМИВА-00000009143,ВладМиВа,876.205.010.016.012,MODERATION,,PHOTO_REVIEW_REQUIRED | EXACT_KZ_SKU_EVIDENCE_REQUIRED,SHARED_IMAGE_REVIEW_REQUIRED,00000009143,https://www.vladmiva.ru/products/konusnye-uglovye/806-205-010-534-012/
CANON-ВЛАДМИВА-00000021872,ВладМиВа,876.314.001.000.010,MODERATION,,PHOTO_REVIEW_REQUIRED | EXACT_KZ_SKU_EVIDENCE_REQUIRED,SHARED_IMAGE_REVIEW_REQUIRED,00000021872,https://www.vladmiva.ru/products/sfericheskie-trubinnye/806-314-001-534-010/
CANON-ВЛАДМИВА-00000018446,ВладМиВа,876.314.001.000.012,MODERATION,,PHOTO_REVIEW_REQUIRED | EXACT_KZ_SKU_EVIDENCE_REQUIRED,SHARED_IMAGE_REVIEW_REQUIRED,00000018446,https://www.vladmiva.ru/products/sfericheskie-trubinnye/806-314-001-534-012/
CANON-ВЛАДМИВА-00000002734,ВладМиВа,876.314.001.000.014,MODERATION,,PHOTO_REVIEW_REQUIRED | EXACT_KZ_SKU_EVIDENCE_REQUIRED,SHARED_IMAGE_REVIEW_REQUIRED,00000002734,https://www.vladmiva.ru/products/sfericheskie-trubinnye/806-314-001-534-014/
CANON-ВЛАДМИВА-00000002735,ВладМиВа,876.314.001.000.016,MODERATION,,PHOTO_REVIEW_REQUIRED | EXACT_KZ_SKU_EVIDENCE_REQUIRED,SHARED_IMAGE_REVIEW_REQUIRED,00000002735,https://www.vladmiva.ru/products/sfericheskie-trubinnye/806-314-001-534-016/
CANON-ВЛАДМИВА-00000002736,ВладМиВа,876.314.001.000.018,MODERATION,,PHOTO_REVIEW_REQUIRED | EXACT_KZ_SKU_EVIDENCE_REQUIRED,SHARED_IMAGE_REVIEW_REQUIRED,00000002736,https://www.vladmiva.ru/products/sfericheskie-trubinnye/806-314-001-534-018/
CANON-ВЛАДМИВА-00000002737,ВладМиВа,876.314.001.000.021,MODERATION,,PHOTO_REVIEW_REQUIRED | EXACT_KZ_SKU_EVIDENCE_REQUIRED,SHARED_IMAGE_REVIEW_REQUIRED,00000002737,https://www.vladmiva.ru/products/sfericheskie-trubinnye/806-314-001-534-021/
CANON-ВЛАДМИВА-00000002738,ВладМиВа,876.314.001.000.023,MODERATION,,PHOTO_REVIEW_REQUIRED | EXACT_KZ_SKU_EVIDENCE_REQUIRED,SHARED_IMAGE_REVIEW_REQUIRED,00000002738,https://www.vladmiva.ru/products/sfericheskie-trubinnye/806-314-001-534-023/
CANON-ВЛАДМИВА-00000003071,ВладМиВа,876.314.001.000.025,MODERATION,,PHOTO_REVIEW_REQUIRED | EXACT_KZ_SKU_EVIDENCE_REQUIRED,SHARED_IMAGE_REVIEW_REQUIRED,00000003071,https://www.vladmiva.ru/products/sfericheskie-trubinnye/806-314-001-534-025/
CANON-ВЛАДМИВА-00000002739,ВладМиВа,876.314.001.000.027,MODERATION,,PHOTO_REVIEW_REQUIRED | EXACT_KZ_SKU_EVIDENCE_REQUIRED,SHARED_IMAGE_REVIEW_REQUIRED,00000002739,https://www.vladmiva.ru/products/sfericheskie-trubinnye/806-314-001-534-027/
CANON-ВЛАДМИВА-00000040028,ВладМиВа,876.314.001.000.029,MODERATION,,PHOTO_REVIEW_REQUIRED | EXACT_KZ_SKU_EVIDENCE_REQUIRED,SHARED_IMAGE_REVIEW_REQUIRED,00000040028,https://www.vladmiva.ru/products/sfericheskie-trubinnye/806-314-001-534-029/
CANON-ВЛАДМИВА-00000042014,ВладМиВа,876.314.001.000.033,MODERATION,,PHOTO_REVIEW_REQUIRED | EXACT_KZ_SKU_EVIDENCE_REQUIRED,SHARED_IMAGE_REVIEW_REQUIRED,00000042014,https://www.vladmiva.ru/products/sfericheskie-trubinnye/806-314-001-534-033/
CANON-ВЛАДМИВА-00000003072,ВладМиВа,876.314.002.030.012,MODERATION,,PHOTO_REVIEW_REQUIRED | EXACT_KZ_SKU_EVIDENCE_REQUIRED,SHARED_IMAGE_REVIEW_REQUIRED,00000003072,https://www.vladmiva.ru/products/sfericheskie-trubinnye/806-314-002-534-012/
CANON-ВЛАДМИВА-00000002759,ВладМиВа,876.314.002.030.014,MODERATION,,PHOTO_REVIEW_REQUIRED | EXACT_KZ_SKU_EVIDENCE_REQUIRED,SHARED_IMAGE_REVIEW_REQUIRED,00000002759,https://www.vladmiva.ru/products/sfericheskie-trubinnye/806-314-002-534-014/
CANON-ВЛАДМИВА-00000002760,ВладМиВа,876.314.002.030.016,MODERATION,,PHOTO_REVIEW_REQUIRED | EXACT_KZ_SKU_EVIDENCE_REQUIRED,SHARED_IMAGE_REVIEW_REQUIRED,00000002760,https://www.vladmiva.ru/products/sfericheskie-trubinnye/806-314-002-534-016/
CANON-ВЛАДМИВА-00000002761,ВладМиВа,876.314.002.035.018,MODERATION,,PHOTO_REVIEW_REQUIRED | EXACT_KZ_SKU_EVIDENCE_REQUIRED,SHARED_IMAGE_REVIEW_REQUIRED,00000002761,https://www.vladmiva.ru/products/sfericheskie-trubinnye/806-314-002-534-018/
CANON-ВЛАДМИВА-00000017927,ВладМиВа,876.314.002.040.021,MODERATION,,PHOTO_REVIEW_REQUIRED | EXACT_KZ_SKU_EVIDENCE_REQUIRED,SHARED_IMAGE_REVIEW_REQUIRED,00000017927,https://www.vladmiva.ru/products/sfericheskie-trubinnye/806-314-002-534-021/
CANON-ВЛАДМИВА-00000017928,ВладМиВа,876.314.002.045.023,MODERATION,,PHOTO_REVIEW_REQUIRED | EXACT_KZ_SKU_EVIDENCE_REQUIRED,SHARED_IMAGE_REVIEW_REQUIRED,00000017928,https://www.vladmiva.ru/products/sfericheskie-trubinnye/806-314-002-534-023/
CANON-ВЛАДМИВА-00000022973,ВладМиВа,876.314.002.050.025,MODERATION,,PHOTO_REVIEW_REQUIRED | EXACT_KZ_SKU_EVIDENCE_REQUIRED,SHARED_IMAGE_REVIEW_REQUIRED,00000022973,https://www.vladmiva.ru/products/sfericheskie-trubinnye/806-314-002-534-025/
CANON-ВЛАДМИВА-00000014402,ВладМиВа,876.314.010.016.012,MODERATION,,PHOTO_REVIEW_REQUIRED | EXACT_KZ_SKU_EVIDENCE_REQUIRED,SHARED_IMAGE_REVIEW_REQUIRED,00000014402,https://www.vladmiva.ru/products/konusnye-trubinnye/806-314-010-534-012/
CANON-ВЛАДМИВА-00000002777,ВладМиВа,876.314.010.016.014,MODERATION,,PHOTO_REVIEW_REQUIRED | EXACT_KZ_SKU_EVIDENCE_REQUIRED,SHARED_IMAGE_REVIEW_REQUIRED,00000002777,https://www.vladmiva.ru/products/konusnye-trubinnye/806-314-010-534-014/
CANON-ВЛАДМИВА-00000002778,ВладМиВа,876.314.010.016.016,MODERATION,,PHOTO_REVIEW_REQUIRED | EXACT_KZ_SKU_EVIDENCE_REQUIRED,SHARED_IMAGE_REVIEW_REQUIRED,00000002778,https://www.vladmiva.ru/products/konusnye-trubinnye/806-314-010-534-016/
CANON-ВЛАДМИВА-00000002779,ВладМиВа,876.314.010.016.018,MODERATION,,PHOTO_REVIEW_REQUIRED | EXACT_KZ_SKU_EVIDENCE_REQUIRED,SHARED_IMAGE_REVIEW_REQUIRED,00000002779,https://www.vladmiva.ru/products/konusnye-trubinnye/806-314-010-534-018/
CANON-ВЛАДМИВА-00000003059,ВладМиВа,876.314.010.020.021,MODERATION,,PHOTO_REVIEW_REQUIRED | EXACT_KZ_SKU_EVIDENCE_REQUIRED,SHARED_IMAGE_REVIEW_REQUIRED,00000003059,https://www.vladmiva.ru/products/konusnye-trubinnye/806-314-010-534-021/
CANON-ВЛАДМИВА-00000002780,ВладМиВа,876.314.010.023.023,MODERATION,,PHOTO_REVIEW_REQUIRED | EXACT_KZ_SKU_EVIDENCE_REQUIRED,SHARED_IMAGE_REVIEW_REQUIRED,00000002780,https://www.vladmiva.ru/products/konusnye-trubinnye/806-314-010-534-023/
CANON-ВЛАДМИВА-00000010398,ВладМиВа,876.314.019.022.012,MODERATION,,PHOTO_REVIEW_REQUIRED | EXACT_KZ_SKU_EVIDENCE_REQUIRED,SHARED_IMAGE_REVIEW_REQUIRED,00000010398,https://www.vladmiva.ru/products/konusnye-trubinnye/806-314-019-534-012/
CANON-ВЛАДМИВА-00000002790,ВладМиВа,876.314.019.022.014,MODERATION,,PHOTO_REVIEW_REQUIRED | EXACT_KZ_SKU_EVIDENCE_REQUIRED,SHARED_IMAGE_REVIEW_REQUIRED,00000002790,https://www.vladmiva.ru/products/konusnye-trubinnye/806-314-019-534-014/
CANON-ВЛАДМИВА-00000002791,ВладМиВа,876.314.019.022.016,MODERATION,,PHOTO_REVIEW_REQUIRED | EXACT_KZ_SKU_EVIDENCE_REQUIRED,SHARED_IMAGE_REVIEW_REQUIRED,00000002791,https://www.vladmiva.ru/products/konusnye-trubinnye/806-314-019-534-016/
CANON-ВЛАДМИВА-00000002792,ВладМиВа,876.314.019.022.018,MODERATION,,PHOTO_REVIEW_REQUIRED | EXACT_KZ_SKU_EVIDENCE_REQUIRED,SHARED_IMAGE_REVIEW_REQUIRED,00000002792,https://www.vladmiva.ru/products/konusnye-trubinnye/806-314-019-534-018/
CANON-ВЛАДМИВА-00000009852,ВладМиВа,876.314.032.016.014,MODERATION,,PHOTO_REVIEW_REQUIRED | EXACT_KZ_SKU_EVIDENCE_REQUIRED,SHARED_IMAGE_REVIEW_REQUIRED,00000009852,https://www.vladmiva.ru/products/prochie-formy-trubinnye/806-314-032-534-014/
CANON-ВЛАДМИВА-00000008165,ВладМиВа,876.314.037.040.033,MODERATION,,PHOTO_REVIEW_REQUIRED | EXACT_KZ_SKU_EVIDENCE_REQUIRED,SHARED_IMAGE_REVIEW_REQUIRED,00000008165,https://www.vladmiva.ru/products/prochie-formy-trubinnye/806-314-038-534-033/
CANON-ВЛАДМИВА-00000047320,ВладМиВа,876.314.037.040.047,MODERATION,,PHOTO_REVIEW_REQUIRED | EXACT_KZ_SKU_EVIDENCE_REQUIRED,SHARED_IMAGE_REVIEW_REQUIRED,00000047320,https://www.vladmiva.ru/products/prochie-formy-trubinnye/806-314-038-534-047/
CANON-ВЛАДМИВА-00000059279,ВладМиВа,876.314.067.008.033,MODERATION,,PHOTO_REVIEW_REQUIRED | EXACT_KZ_SKU_EVIDENCE_REQUIRED,SHARED_IMAGE_REVIEW_REQUIRED,00000059279,https://www.vladmiva.ru/products/prochie-formy-trubinnye/806-314-068-534-033/
CANON-ВЛАДМИВА-00000017611,ВладМиВа,876.314.107.040.010,MODERATION,,PHOTO_REVIEW_REQUIRED | EXACT_KZ_SKU_EVIDENCE_REQUIRED,SHARED_IMAGE_REVIEW_REQUIRED,00000017611,https://www.vladmiva.ru/products/tsilindricheskie-trubinnye/806-314-109-534-010/
CANON-ВЛАДМИВА-00000002819,ВладМиВа,876.314.107.040.012,MODERATION,,PHOTO_REVIEW_REQUIRED | EXACT_KZ_SKU_EVIDENCE_REQUIRED,SHARED_IMAGE_REVIEW_REQUIRED,00000002819,https://www.vladmiva.ru/products/tsilindricheskie-trubinnye/806-314-109-534-012/
CANON-ВЛАДМИВА-00000002820,ВладМиВа,876.314.107.040.014,MODERATION,,PHOTO_REVIEW_REQUIRED | EXACT_KZ_SKU_EVIDENCE_REQUIRED,SHARED_IMAGE_REVIEW_REQUIRED,00000002820,https://www.vladmiva.ru/products/tsilindricheskie-trubinnye/806-314-109-534-014/
CANON-ВЛАДМИВА-00000021975,ВладМиВа,876.314.107.040.016,MODERATION,,PHOTO_REVIEW_REQUIRED | EXACT_KZ_SKU_EVIDENCE_REQUIRED,SHARED_IMAGE_REVIEW_REQUIRED,00000021975,https://www.vladmiva.ru/products/tsilindricheskie-trubinnye/806-314-109-534-016/
CANON-ВЛАДМИВА-00000022381,ВладМиВа,876.314.107.040.018,MODERATION,,PHOTO_REVIEW_REQUIRED | EXACT_KZ_SKU_EVIDENCE_REQUIRED,SHARED_IMAGE_REVIEW_REQUIRED,00000022381,https://www.vladmiva.ru/products/tsilindricheskie-trubinnye/806-314-109-534-018/
CANON-ВЛАДМИВА-00000023922,ВладМиВа,876.314.107.060.010,MODERATION,,PHOTO_REVIEW_REQUIRED | EXACT_KZ_SKU_EVIDENCE_REQUIRED,SHARED_IMAGE_REVIEW_REQUIRED,00000023922,https://www.vladmiva.ru/products/tsilindricheskie-trubinnye/806-314-110-534-010/
CANON-ВЛАДМИВА-00000002828,ВладМиВа,876.314.107.060.012,MODERATION,,PHOTO_REVIEW_REQUIRED | EXACT_KZ_SKU_EVIDENCE_REQUIRED,SHARED_IMAGE_REVIEW_REQUIRED,00000002828,https://www.vladmiva.ru/products/tsilindricheskie-trubinnye/806-314-110-534-012/
CANON-ВЛАДМИВА-00000002829,ВладМиВа,876.314.107.060.014,MODERATION,,PHOTO_REVIEW_REQUIRED | EXACT_KZ_SKU_EVIDENCE_REQUIRED,SHARED_IMAGE_REVIEW_REQUIRED,00000002829,https://www.vladmiva.ru/products/tsilindricheskie-trubinnye/806-314-110-534-014/
CANON-ВЛАДМИВА-00000002830,ВладМиВа,876.314.107.060.016,MODERATION,,PHOTO_REVIEW_REQUIRED | EXACT_KZ_SKU_EVIDENCE_REQUIRED,SHARED_IMAGE_REVIEW_REQUIRED,00000002830,https://www.vladmiva.ru/products/tsilindricheskie-trubinnye/806-314-110-534-016/
CANON-ВЛАДМИВА-00000002831,ВладМиВа,876.314.107.060.018,MODERATION,,PHOTO_REVIEW_REQUIRED | EXACT_KZ_SKU_EVIDENCE_REQUIRED,SHARED_IMAGE_REVIEW_REQUIRED,00000002831,https://www.vladmiva.ru/products/tsilindricheskie-trubinnye/806-314-110-534-018/
CANON-ВЛАДМИВА-00000002832,ВладМиВа,876.314.107.060.023,MODERATION,,PHOTO_REVIEW_REQUIRED | EXACT_KZ_SKU_EVIDENCE_REQUIRED,SHARED_IMAGE_REVIEW_REQUIRED,00000002832,https://www.vladmiva.ru/products/tsilindricheskie-trubinnye/806-314-110-534-023/
CANON-ВЛАДМИВА-00000021088,ВладМиВа,876.314.107.080.010,MODERATION,,PHOTO_REVIEW_REQUIRED | EXACT_KZ_SKU_EVIDENCE_REQUIRED,SHARED_IMAGE_REVIEW_REQUIRED,00000021088,https://www.vladmiva.ru/products/tsilindricheskie-trubinnye/806-314-111-534-010/
CANON-ВЛАДМИВА-00000002842,ВладМиВа,876.314.107.080.012,MODERATION,,PHOTO_REVIEW_REQUIRED | EXACT_KZ_SKU_EVIDENCE_REQUIRED,SHARED_IMAGE_REVIEW_REQUIRED,00000002842,https://www.vladmiva.ru/products/tsilindricheskie-trubinnye/806-314-111-534-012/
CANON-ВЛАДМИВА-00000002843,ВладМиВа,876.314.107.080.014,MODERATION,,PHOTO_REVIEW_REQUIRED | EXACT_KZ_SKU_EVIDENCE_REQUIRED,SHARED_IMAGE_REVIEW_REQUIRED,00000002843,https://www.vladmiva.ru/products/tsilindricheskie-trubinnye/806-314-111-534-014/
CANON-ВЛАДМИВА-00000002844,ВладМиВа,876.314.107.080.016,MODERATION,,PHOTO_REVIEW_REQUIRED | EXACT_KZ_SKU_EVIDENCE_REQUIRED,SHARED_IMAGE_REVIEW_REQUIRED,00000002844,https://www.vladmiva.ru/products/tsilindricheskie-trubinnye/806-314-111-534-016/
CANON-ВЛАДМИВА-00000002845,ВладМиВа,876.314.107.080.018,MODERATION,,PHOTO_REVIEW_REQUIRED | EXACT_KZ_SKU_EVIDENCE_REQUIRED,SHARED_IMAGE_REVIEW_REQUIRED,00000002845,https://www.vladmiva.ru/products/tsilindricheskie-trubinnye/806-314-111-534-018/
CANON-ВЛАДМИВА-00000079899,ВладМиВа,876.314.126.060.012,MODERATION,,PHOTO_REVIEW_REQUIRED | EXACT_KZ_SKU_EVIDENCE_REQUIRED,SHARED_IMAGE_REVIEW_REQUIRED,00000079899,https://www.vladmiva.ru/products/tsilindricheskie-trubinnye/806-314-129-534-014/
CANON-ВЛАДМИВА-00000002850,ВладМиВа,876.314.126.080.012,MODERATION,,PHOTO_REVIEW_REQUIRED | EXACT_KZ_SKU_EVIDENCE_REQUIRED,SHARED_IMAGE_REVIEW_REQUIRED,00000002850,https://www.vladmiva.ru/products/tsilindricheskie-trubinnye/806-314-130-534-012/
CANON-ВЛАДМИВА-00000002851,ВладМиВа,876.314.126.080.014,MODERATION,,PHOTO_REVIEW_REQUIRED | EXACT_KZ_SKU_EVIDENCE_REQUIRED,SHARED_IMAGE_REVIEW_REQUIRED,00000002851,https://www.vladmiva.ru/products/tsilindricheskie-trubinnye/806-314-130-534-014/
CANON-ВЛАДМИВА-00000022945,ВладМиВа,876.314.126.080.016,MODERATION,,PHOTO_REVIEW_REQUIRED | EXACT_KZ_SKU_EVIDENCE_REQUIRED,SHARED_IMAGE_REVIEW_REQUIRED,00000022945,https://www.vladmiva.ru/products/tsilindricheskie-trubinnye/806-314-130-534-016/
CANON-ВЛАДМИВА-00000002855,ВладМиВа,876.314.126.100.012,MODERATION,,PHOTO_REVIEW_REQUIRED | EXACT_KZ_SKU_EVIDENCE_REQUIRED,SHARED_IMAGE_REVIEW_REQUIRED,00000002855,https://www.vladmiva.ru/products/tsilindricheskie-trubinnye/806-314-131-534-012/
CANON-ВЛАДМИВА-00000002856,ВладМиВа,876.314.126.100.014,MODERATION,,PHOTO_REVIEW_REQUIRED | EXACT_KZ_SKU_EVIDENCE_REQUIRED,SHARED_IMAGE_REVIEW_REQUIRED,00000002856,https://www.vladmiva.ru/products/tsilindricheskie-trubinnye/806-314-131-534-014/
CANON-ВЛАДМИВА-00000002857,ВладМиВа,876.314.126.100.016,MODERATION,,PHOTO_REVIEW_REQUIRED | EXACT_KZ_SKU_EVIDENCE_REQUIRED,SHARED_IMAGE_REVIEW_REQUIRED,00000002857,https://www.vladmiva.ru/products/tsilindricheskie-trubinnye/806-314-131-534-016/
CANON-ВЛАДМИВА-00000020063,ВладМиВа,876.314.137.040.012,MODERATION,,PHOTO_REVIEW_REQUIRED | EXACT_KZ_SKU_EVIDENCE_REQUIRED,SHARED_IMAGE_REVIEW_REQUIRED,00000020063,https://www.vladmiva.ru/products/tsilindricheskie-trubinnye/806-314-139-534-012/
CANON-ВЛАДМИВА-00000002861,ВладМиВа,876.314.137.060.012,MODERATION,,PHOTO_REVIEW_REQUIRED | EXACT_KZ_SKU_EVIDENCE_REQUIRED,SHARED_IMAGE_REVIEW_REQUIRED,00000002861,https://www.vladmiva.ru/products/tsilindricheskie-trubinnye/806-314-140-534-012/
CANON-ВЛАДМИВА-00000002862,ВладМиВа,876.314.137.060.014,MODERATION,,PHOTO_REVIEW_REQUIRED | EXACT_KZ_SKU_EVIDENCE_REQUIRED,SHARED_IMAGE_REVIEW_REQUIRED,00000002862,https://www.vladmiva.ru/products/tsilindricheskie-trubinnye/806-314-140-534-014/
CANON-ВЛАДМИВА-00-00066621,ВладМиВа,876.314.137.060.016,MODERATION,,PHOTO_REVIEW_REQUIRED | EXACT_KZ_SKU_EVIDENCE_REQUIRED,SHARED_IMAGE_REVIEW_REQUIRED,00-00066621,https://www.vladmiva.ru/products/tsilindricheskie-trubinnye/806-314-140-534-016/
CANON-ВЛАДМИВА-00000002866,ВладМиВа,876.314.137.080.012,MODERATION,,PHOTO_REVIEW_REQUIRED | EXACT_KZ_SKU_EVIDENCE_REQUIRED,SHARED_IMAGE_REVIEW_REQUIRED,00000002866,https://www.vladmiva.ru/products/tsilindricheskie-trubinnye/806-314-141-534-012/
CANON-ВЛАДМИВА-00000002867,ВладМиВа,876.314.137.080.014,MODERATION,,PHOTO_REVIEW_REQUIRED | EXACT_KZ_SKU_EVIDENCE_REQUIRED,SHARED_IMAGE_REVIEW_REQUIRED,00000002867,https://www.vladmiva.ru/products/tsilindricheskie-trubinnye/806-314-141-534-014/
CANON-ВЛАДМИВА-00000002868,ВладМиВа,876.314.137.080.016,MODERATION,,PHOTO_REVIEW_REQUIRED | EXACT_KZ_SKU_EVIDENCE_REQUIRED,SHARED_IMAGE_REVIEW_REQUIRED,00000002868,https://www.vladmiva.ru/products/tsilindricheskie-trubinnye/806-314-141-534-016/
CANON-ВЛАДМИВА-00000002872,ВладМиВа,876.314.137.100.012,MODERATION,,PHOTO_REVIEW_REQUIRED | EXACT_KZ_SKU_EVIDENCE_REQUIRED,SHARED_IMAGE_REVIEW_REQUIRED,00000002872,https://www.vladmiva.ru/products/tsilindricheskie-trubinnye/806-314-142-534-012/
CANON-ВЛАДМИВА-00000002874,ВладМиВа,876.314.137.100.016,MODERATION,,PHOTO_REVIEW_REQUIRED | EXACT_KZ_SKU_EVIDENCE_REQUIRED,SHARED_IMAGE_REVIEW_REQUIRED,00000002874,https://www.vladmiva.ru/products/tsilindricheskie-trubinnye/806-314-142-534-016/
CANON-ВЛАДМИВА-0000080766,ВладМиВа,876.314.137.100.023,MODERATION,,PHOTO_REVIEW_REQUIRED | EXACT_KZ_SKU_EVIDENCE_REQUIRED,SHARED_IMAGE_REVIEW_REQUIRED,0000080766,https://www.vladmiva.ru/products/tsilindricheskie-trubinnye/806-314-142-544-025/
CANON-ВЛАДМИВА-00000002892,ВладМиВа,876.314.164.100.018,MODERATION,,PHOTO_REVIEW_REQUIRED | EXACT_KZ_SKU_EVIDENCE_REQUIRED,SHARED_IMAGE_REVIEW_REQUIRED,00000002892,https://www.vladmiva.ru/products/konusnye-trubinnye/806-314-166-534-018/
CANON-ВЛАДМИВА-00-00067828,ВладМиВа,876.314.164.100.021,MODERATION,,PHOTO_REVIEW_REQUIRED | EXACT_KZ_SKU_EVIDENCE_REQUIRED,SHARED_IMAGE_REVIEW_REQUIRED,00-00067828,https://www.vladmiva.ru/products/konusnye-trubinnye/806-314-166-534-021/
CANON-ВЛАДМИВА-00000009140,ВладМиВа,876.314.164.100.027,MODERATION,,PHOTO_REVIEW_REQUIRED | EXACT_KZ_SKU_EVIDENCE_REQUIRED,SHARED_IMAGE_REVIEW_REQUIRED,00000009140,https://www.vladmiva.ru/products/konusnye-trubinnye/806-314-166-534-027/
CANON-ВЛАДМИВА-00000070633,ВладМиВа,876.314.164.100.029,MODERATION,,PHOTO_REVIEW_REQUIRED | EXACT_KZ_SKU_EVIDENCE_REQUIRED,SHARED_IMAGE_REVIEW_REQUIRED,00000070633,https://www.vladmiva.ru/products/konusnye-trubinnye/806-314-166-534-029/
CANON-ВЛАДМИВА-00000014805,ВладМиВа,876.314.164.115.018,MODERATION,,PHOTO_REVIEW_REQUIRED | EXACT_KZ_SKU_EVIDENCE_REQUIRED,SHARED_IMAGE_REVIEW_REQUIRED,00000014805,https://www.vladmiva.ru/products/konusnye-trubinnye/806-314-167-534-018/
CANON-ВЛАДМИВА-00000002919,ВладМиВа,876.314.168.100.018,MODERATION,,PHOTO_REVIEW_REQUIRED | EXACT_KZ_SKU_EVIDENCE_REQUIRED,SHARED_IMAGE_REVIEW_REQUIRED,00000002919,https://www.vladmiva.ru/products/konusnye-trubinnye/806-314-173-534-018/
CANON-ВЛАДМИВА-00000002920,ВладМиВа,876.314.168.100.023,MODERATION,,PHOTO_REVIEW_REQUIRED | EXACT_KZ_SKU_EVIDENCE_REQUIRED,SHARED_IMAGE_REVIEW_REQUIRED,00000002920,https://www.vladmiva.ru/products/konusnye-trubinnye/806-314-173-534-023/
CANON-ВЛАДМИВА-00000002925,ВладМиВа,876.314.194.060.016,MODERATION,,PHOTO_REVIEW_REQUIRED | EXACT_KZ_SKU_EVIDENCE_REQUIRED,SHARED_IMAGE_REVIEW_REQUIRED,00000002925,https://www.vladmiva.ru/products/konusnye-trubinnye/806-314-197-534-016/
CANON-ВЛАДМИВА-00000002939,ВладМиВа,876.314.194.100.016,MODERATION,,PHOTO_REVIEW_REQUIRED | EXACT_KZ_SKU_EVIDENCE_REQUIRED,SHARED_IMAGE_REVIEW_REQUIRED,00000002939,https://www.vladmiva.ru/products/konusnye-trubinnye/806-314-199-534-016/
CANON-ВЛАДМИВА-00000002814,ВладМиВа,876.314.225.035.014,MODERATION,,PHOTO_REVIEW_REQUIRED | EXACT_KZ_SKU_EVIDENCE_REQUIRED,SHARED_IMAGE_REVIEW_REQUIRED,00000002814,https://www.vladmiva.ru/products/konusnye-trubinnye/806-314-225-534-014/
CANON-ВЛАДМИВА-00000017853,ВладМиВа,876.314.225.035.016,MODERATION,,PHOTO_REVIEW_REQUIRED | EXACT_KZ_SKU_EVIDENCE_REQUIRED,SHARED_IMAGE_REVIEW_REQUIRED,00000017853,https://www.vladmiva.ru/products/konusnye-trubinnye/806-314-225-534-016/
CANON-ВЛАДМИВА-00000002815,ВладМиВа,876.314.225.040.018,MODERATION,,PHOTO_REVIEW_REQUIRED | EXACT_KZ_SKU_EVIDENCE_REQUIRED,SHARED_IMAGE_REVIEW_REQUIRED,00000002815,https://www.vladmiva.ru/products/konusnye-trubinnye/806-314-225-534-018/
CANON-ВЛАДМИВА-00000012297,ВладМиВа,876.314.225.060.023,MODERATION,,PHOTO_REVIEW_REQUIRED | EXACT_KZ_SKU_EVIDENCE_REQUIRED,SHARED_IMAGE_REVIEW_REQUIRED,00000012297,https://www.vladmiva.ru/products/konusnye-trubinnye/806-314-225-534-023/
CANON-ВЛАДМИВА-00000009144,ВладМиВа,876.314.237.030.012,MODERATION,,PHOTO_REVIEW_REQUIRED | EXACT_KZ_SKU_EVIDENCE_REQUIRED,SHARED_IMAGE_REVIEW_REQUIRED,00000009144,https://www.vladmiva.ru/products/prochie-formy-trubinnye/806-314-233-534-012/
CANON-ВЛАДМИВА-00000055617,ВладМиВа,876.314.237.040.012,MODERATION,,PHOTO_REVIEW_REQUIRED | EXACT_KZ_SKU_EVIDENCE_REQUIRED,SHARED_IMAGE_REVIEW_REQUIRED,00000055617,https://www.vladmiva.ru/products/prochie-formy-trubinnye/806-314-238-534-012/
CANON-ВЛАДМИВА-00000016010,ВладМиВа,876.314.237.040.014,MODERATION,,PHOTO_REVIEW_REQUIRED | EXACT_KZ_SKU_EVIDENCE_REQUIRED,SHARED_IMAGE_REVIEW_REQUIRED,00000016010,https://www.vladmiva.ru/products/prochie-formy-trubinnye/806-314-238-534-014_1/
CANON-ВЛАДМИВА-00000002948,ВладМиВа,876.314.237.070.023,MODERATION,,PHOTO_REVIEW_REQUIRED | EXACT_KZ_SKU_EVIDENCE_REQUIRED,SHARED_IMAGE_REVIEW_REQUIRED,00000002948,https://www.vladmiva.ru/products/prochie-formy-trubinnye/806-314-239-534-023/
CANON-ВЛАДМИВА-00000003896,ВладМиВа,876.314.243.080.014,MODERATION,,PHOTO_REVIEW_REQUIRED | EXACT_KZ_SKU_EVIDENCE_REQUIRED,SHARED_IMAGE_REVIEW_REQUIRED,00000003896,https://www.vladmiva.ru/products/plamevidnye-trubinnye/806-314-243-534-014/
CANON-ВЛАДМИВА-00000021091,ВладМиВа,876.314.243.080.016,MODERATION,,PHOTO_REVIEW_REQUIRED | EXACT_KZ_SKU_EVIDENCE_REQUIRED,SHARED_IMAGE_REVIEW_REQUIRED,00000021091,https://www.vladmiva.ru/products/plamevidnye-trubinnye/806-314-243-534-016/
CANON-ВЛАДМИВА-00000021462,ВладМиВа,876.314.243.080.018,MODERATION,,PHOTO_REVIEW_REQUIRED | EXACT_KZ_SKU_EVIDENCE_REQUIRED,SHARED_IMAGE_REVIEW_REQUIRED,00000021462,https://www.vladmiva.ru/products/plamevidnye-trubinnye/806-314-243-534-018/
CANON-ВЛАДМИВА-00000002962,ВладМиВа,876.314.245.080.016,MODERATION,,PHOTO_REVIEW_REQUIRED | EXACT_KZ_SKU_EVIDENCE_REQUIRED,SHARED_IMAGE_REVIEW_REQUIRED,00000002962,https://www.vladmiva.ru/products/tsilindricheskie-trubinnye/806-314-249-534-016/
CANON-ВЛАДМИВА-00000002969,ВладМиВа,876.314.245.100.014,MODERATION,,PHOTO_REVIEW_REQUIRED | EXACT_KZ_SKU_EVIDENCE_REQUIRED,SHARED_IMAGE_REVIEW_REQUIRED,00000002969,https://www.vladmiva.ru/products/tsilindricheskie-trubinnye/806-314-250-534-014/
CANON-ВЛАДМИВА-00000002970,ВладМиВа,876.314.245.100.016,MODERATION,,PHOTO_REVIEW_REQUIRED | EXACT_KZ_SKU_EVIDENCE_REQUIRED,SHARED_IMAGE_REVIEW_REQUIRED,00000002970,https://www.vladmiva.ru/products/tsilindricheskie-trubinnye/806-314-250-534-016/
CANON-ВЛАДМИВА-00000020390,ВладМиВа,876.314.254.030.012,MODERATION,,PHOTO_REVIEW_REQUIRED | EXACT_KZ_SKU_EVIDENCE_REQUIRED,SHARED_IMAGE_REVIEW_REQUIRED,00000020390,https://www.vladmiva.ru/products/prochie-formy-trubinnye/806-314-257-534-012/
CANON-ВЛАДМИВА-00000021978,ВладМиВа,876.314.254.030.014,MODERATION,,PHOTO_REVIEW_REQUIRED | EXACT_KZ_SKU_EVIDENCE_REQUIRED,SHARED_IMAGE_REVIEW_REQUIRED,00000021978,https://www.vladmiva.ru/products/prochie-formy-trubinnye/806-314-257-534-014/
CANON-ВЛАДМИВА-00000002982,ВладМиВа,876.314.254.030.016,MODERATION,,PHOTO_REVIEW_REQUIRED | EXACT_KZ_SKU_EVIDENCE_REQUIRED,SHARED_IMAGE_REVIEW_REQUIRED,00000002982,https://www.vladmiva.ru/products/prochie-formy-trubinnye/806-314-257-534-016/
CANON-ВЛАДМИВА-00000002983,ВладМиВа,876.314.254.045.018,MODERATION,,PHOTO_REVIEW_REQUIRED | EXACT_KZ_SKU_EVIDENCE_REQUIRED,SHARED_IMAGE_REVIEW_REQUIRED,00000002983,https://www.vladmiva.ru/products/prochie-formy-trubinnye/806-314-257-534-018/
CANON-ВЛАДМИВА-00000036455,ВладМиВа,876.314.254.050.021,MODERATION,,PHOTO_REVIEW_REQUIRED | EXACT_KZ_SKU_EVIDENCE_REQUIRED,SHARED_IMAGE_REVIEW_REQUIRED,00000036455,https://www.vladmiva.ru/products/prochie-formy-trubinnye/806-314-257-534-021/
CANON-ВЛАДМИВА-00000002984,ВладМиВа,876.314.254.050.023,MODERATION,,PHOTO_REVIEW_REQUIRED | EXACT_KZ_SKU_EVIDENCE_REQUIRED,SHARED_IMAGE_REVIEW_REQUIRED,00000002984,https://www.vladmiva.ru/products/prochie-formy-trubinnye/806-314-257-534-023/
CANON-ВЛАДМИВА-00000031674,ВладМиВа,876.314.272.100.012,MODERATION,,PHOTO_REVIEW_REQUIRED | EXACT_KZ_SKU_EVIDENCE_REQUIRED,SHARED_IMAGE_REVIEW_REQUIRED,00000031674,https://www.vladmiva.ru/products/prochie-formy-trubinnye/806-314-274-534-012/
CANON-ВЛАДМИВА-00000019547,ВладМиВа,876.314.272.100.014,MODERATION,,PHOTO_REVIEW_REQUIRED | EXACT_KZ_SKU_EVIDENCE_REQUIRED,SHARED_IMAGE_REVIEW_REQUIRED,00000019547,https://www.vladmiva.ru/products/prochie-formy-trubinnye/806-314-274-534-014/
CANON-ВЛАДМИВА-00000017852,ВладМиВа,876.314.272.100.016,MODERATION,,PHOTO_REVIEW_REQUIRED | EXACT_KZ_SKU_EVIDENCE_REQUIRED,SHARED_IMAGE_REVIEW_REQUIRED,00000017852,https://www.vladmiva.ru/products/prochie-formy-trubinnye/806-314-274-534-016/
CANON-ВЛАДМИВА-00000023063,ВладМиВа,876.314.272.100.018,MODERATION,,PHOTO_REVIEW_REQUIRED | EXACT_KZ_SKU_EVIDENCE_REQUIRED,SHARED_IMAGE_REVIEW_REQUIRED,00000023063,https://www.vladmiva.ru/products/prochie-formy-trubinnye/806-314-274-534-018/
CANON-ВЛАДМИВА-00000021836,ВладМиВа,876.314.277.028.014,MODERATION,,PHOTO_REVIEW_REQUIRED | EXACT_KZ_SKU_EVIDENCE_REQUIRED,SHARED_IMAGE_REVIEW_REQUIRED,00000021836,https://www.vladmiva.ru/products/prochie-formy-trubinnye/806-314-277-534-014/
CANON-ВЛАДМИВА-00000005786,ВладМиВа,876.314.277.034.016,MODERATION,,PHOTO_REVIEW_REQUIRED | EXACT_KZ_SKU_EVIDENCE_REQUIRED,SHARED_IMAGE_REVIEW_REQUIRED,00000005786,https://www.vladmiva.ru/products/prochie-formy-trubinnye/806-314-277-534-016/
CANON-ВЛАДМИВА-00000002986,ВладМиВа,876.314.277.036.018,MODERATION,,PHOTO_REVIEW_REQUIRED | EXACT_KZ_SKU_EVIDENCE_REQUIRED,SHARED_IMAGE_REVIEW_REQUIRED,00000002986,https://www.vladmiva.ru/products/prochie-formy-trubinnye/806-314-277-534-018/
CANON-ВЛАДМИВА-00000034607,ВладМиВа,876.314.277.041.021,MODERATION,,PHOTO_REVIEW_REQUIRED | EXACT_KZ_SKU_EVIDENCE_REQUIRED,SHARED_IMAGE_REVIEW_REQUIRED,00000034607,https://www.vladmiva.ru/products/prochie-formy-trubinnye/806-314-277-534-021/
CANON-ВЛАДМИВА-00000002987,ВладМиВа,876.314.277.042.023,MODERATION,,PHOTO_REVIEW_REQUIRED | EXACT_KZ_SKU_EVIDENCE_REQUIRED,SHARED_IMAGE_REVIEW_REQUIRED,00000002987,https://www.vladmiva.ru/products/prochie-formy-trubinnye/806-314-277-534-023/
CANON-ВЛАДМИВА-00000056068,ВладМиВа,876.314.277.042.031,MODERATION,,PHOTO_REVIEW_REQUIRED | EXACT_KZ_SKU_EVIDENCE_REQUIRED,SHARED_IMAGE_REVIEW_REQUIRED,00000056068,https://www.vladmiva.ru/products/prochie-formy-trubinnye/806-314-277-534-031/
CANON-ВЛАДМИВА-00000020002,ВладМиВа,876.314.294.080.012,MODERATION,,PHOTO_REVIEW_REQUIRED | EXACT_KZ_SKU_EVIDENCE_REQUIRED,SHARED_IMAGE_REVIEW_REQUIRED,00000020002,https://www.vladmiva.ru/products/konusnye-trubinnye/806-314-298-534-012/
CANON-ВЛАДМИВА-00000003002,ВладМиВа,876.314.294.080.014,MODERATION,,PHOTO_REVIEW_REQUIRED | EXACT_KZ_SKU_EVIDENCE_REQUIRED,SHARED_IMAGE_REVIEW_REQUIRED,00000003002,https://www.vladmiva.ru/products/konusnye-trubinnye/806-314-298-534-014/
CANON-ВЛАДМИВА-00000003003,ВладМиВа,876.314.294.080.016,MODERATION,,PHOTO_REVIEW_REQUIRED | EXACT_KZ_SKU_EVIDENCE_REQUIRED,SHARED_IMAGE_REVIEW_REQUIRED,00000003003,https://www.vladmiva.ru/products/konusnye-trubinnye/806-314-298-534-016/
CANON-ВЛАДМИВА-00000003004,ВладМиВа,876.314.294.080.018,MODERATION,,PHOTO_REVIEW_REQUIRED | EXACT_KZ_SKU_EVIDENCE_REQUIRED,SHARED_IMAGE_REVIEW_REQUIRED,00000003004,https://www.vladmiva.ru/products/konusnye-trubinnye/806-314-298-534-018/
CANON-ВЛАДМИВА-00000003011,ВладМиВа,876.314.294.100.012,MODERATION,,PHOTO_REVIEW_REQUIRED | EXACT_KZ_SKU_EVIDENCE_REQUIRED,SHARED_IMAGE_REVIEW_REQUIRED,00000003011,https://www.vladmiva.ru/products/konusnye-trubinnye/806-314-299-534-012/
CANON-ВЛАДМИВА-00000003012,ВладМиВа,876.314.294.100.014,MODERATION,,PHOTO_REVIEW_REQUIRED | EXACT_KZ_SKU_EVIDENCE_REQUIRED,SHARED_IMAGE_REVIEW_REQUIRED,00000003012,https://www.vladmiva.ru/products/konusnye-trubinnye/806-314-299-534-014/
CANON-ВЛАДМИВА-00000003013,ВладМиВа,876.314.294.100.016,MODERATION,,PHOTO_REVIEW_REQUIRED | EXACT_KZ_SKU_EVIDENCE_REQUIRED,SHARED_IMAGE_REVIEW_REQUIRED,00000003013,https://www.vladmiva.ru/products/konusnye-trubinnye/806-314-299-534-016/
CANON-ВЛАДМИВА-00000003014,ВладМиВа,876.314.294.100.018,MODERATION,,PHOTO_REVIEW_REQUIRED | EXACT_KZ_SKU_EVIDENCE_REQUIRED,SHARED_IMAGE_REVIEW_REQUIRED,00000003014,https://www.vladmiva.ru/products/konusnye-trubinnye/806-314-299-534-018/
CANON-ВЛАДМИВА-00000007667,ВладМиВа,876.314.539.040.012,MODERATION,,PHOTO_REVIEW_REQUIRED | EXACT_KZ_SKU_EVIDENCE_REQUIRED,SHARED_IMAGE_REVIEW_REQUIRED,00000007667,https://www.vladmiva.ru/products/prochie-formy-trubinnye/806-314-540-534-012/
CANON-ВЛАДМИВА-00000022078,ВладМиВа,876.314.552.075.018,MODERATION,,PHOTO_REVIEW_REQUIRED | EXACT_KZ_SKU_EVIDENCE_REQUIRED,SHARED_IMAGE_REVIEW_REQUIRED,00000022078,https://www.vladmiva.ru/products/tsilindricheskie-trubinnye/806-314-552-534-018/
CANON-ВЛАДМИВА-00000018104,ВладМиВа,876.314.697.000.014,MODERATION,,PHOTO_REVIEW_REQUIRED | EXACT_KZ_SKU_EVIDENCE_REQUIRED,SHARED_IMAGE_REVIEW_REQUIRED,00000018104,https://www.vladmiva.ru/products/sfericheskie-trubinnye/806-314-697-534-014/
CANON-ВЛАДМИВА-00000019003,ВладМиВа,876.314.697.000.016,MODERATION,,PHOTO_REVIEW_REQUIRED | EXACT_KZ_SKU_EVIDENCE_REQUIRED,SHARED_IMAGE_REVIEW_REQUIRED,00000019003,https://www.vladmiva.ru/products/sfericheskie-trubinnye/806-314-697-534-016/
CANON-ВЛАДМИВА-00000017601,ВладМиВа,876.314.697.000.018,MODERATION,,PHOTO_REVIEW_REQUIRED | EXACT_KZ_SKU_EVIDENCE_REQUIRED,SHARED_IMAGE_REVIEW_REQUIRED,00000017601,https://www.vladmiva.ru/products/sfericheskie-trubinnye/806-314-697-534-018/
CANON-ВЛАДМИВА-00000048290,ВладМиВа,876.314.697.000.021,MODERATION,,PHOTO_REVIEW_REQUIRED | EXACT_KZ_SKU_EVIDENCE_REQUIRED,SHARED_IMAGE_REVIEW_REQUIRED,00000048290,https://www.vladmiva.ru/products/sfericheskie-trubinnye/806-314-697-534-021/
CANON-ВЛАДМИВА-00000021496,ВладМиВа,876.315.001.000.010,MODERATION,,PHOTO_REVIEW_REQUIRED | EXACT_KZ_SKU_EVIDENCE_REQUIRED,SHARED_IMAGE_REVIEW_REQUIRED,00000021496,https://www.vladmiva.ru/products/sfericheskie-trubinnye/806-315-001-534-010/
CANON-ВЛАДМИВА-00000019803,ВладМиВа,876.315.001.000.012,MODERATION,,PHOTO_REVIEW_REQUIRED | EXACT_KZ_SKU_EVIDENCE_REQUIRED,SHARED_IMAGE_REVIEW_REQUIRED,00000019803,https://www.vladmiva.ru/products/sfericheskie-trubinnye/806-315-001-534-012/
CANON-ВЛАДМИВА-00000003049,ВладМиВа,876.315.001.000.014,MODERATION,,PHOTO_REVIEW_REQUIRED | EXACT_KZ_SKU_EVIDENCE_REQUIRED,SHARED_IMAGE_REVIEW_REQUIRED,00000003049,https://www.vladmiva.ru/products/sfericheskie-trubinnye/806-315-001-534-014/
CANON-ВЛАДМИВА-00000003050,ВладМиВа,876.315.001.000.016,MODERATION,,PHOTO_REVIEW_REQUIRED | EXACT_KZ_SKU_EVIDENCE_REQUIRED,SHARED_IMAGE_REVIEW_REQUIRED,00000003050,https://www.vladmiva.ru/products/sfericheskie-trubinnye/806-315-001-534-016/
CANON-ВЛАДМИВА-00000003051,ВладМиВа,876.315.001.000.018,MODERATION,,PHOTO_REVIEW_REQUIRED | EXACT_KZ_SKU_EVIDENCE_REQUIRED,SHARED_IMAGE_REVIEW_REQUIRED,00000003051,https://www.vladmiva.ru/products/sfericheskie-trubinnye/806-315-001-534-018/
CANON-ВЛАДМИВА-00000003068,ВладМиВа,876.315.001.000.021,MODERATION,,PHOTO_REVIEW_REQUIRED | EXACT_KZ_SKU_EVIDENCE_REQUIRED,SHARED_IMAGE_REVIEW_REQUIRED,00000003068,https://www.vladmiva.ru/products/sfericheskie-trubinnye/806-315-001-534-021/
CANON-ВЛАДМИВА-00000004432,ВладМиВа,876.315.001.000.023,MODERATION,,PHOTO_REVIEW_REQUIRED | EXACT_KZ_SKU_EVIDENCE_REQUIRED,SHARED_IMAGE_REVIEW_REQUIRED,00000004432,https://www.vladmiva.ru/products/sfericheskie-trubinnye/806-315-001-534-023/
CANON-ВЛАДМИВА-00000008158,ВладМиВа,876.315.001.000.025,MODERATION,,PHOTO_REVIEW_REQUIRED | EXACT_KZ_SKU_EVIDENCE_REQUIRED,SHARED_IMAGE_REVIEW_REQUIRED,00000008158,https://www.vladmiva.ru/products/sfericheskie-trubinnye/806-315-001-534-025/
CANON-ВЛАДМИВА-00000017602,ВладМиВа,876.315.001.000.027,MODERATION,,PHOTO_REVIEW_REQUIRED | EXACT_KZ_SKU_EVIDENCE_REQUIRED,SHARED_IMAGE_REVIEW_REQUIRED,00000017602,https://www.vladmiva.ru/products/sfericheskie-trubinnye/806-315-001-534-027/
CANON-ВЛАДМИВА-00000020072,ВладМиВа,876.315.001.000.029,MODERATION,,PHOTO_REVIEW_REQUIRED | EXACT_KZ_SKU_EVIDENCE_REQUIRED,SHARED_IMAGE_REVIEW_REQUIRED,00000020072,https://www.vladmiva.ru/products/sfericheskie-trubinnye/806-315-001-534-029/
CANON-ВЛАДМИВА-00000021289,ВладМиВа,876.315.001.000.033,MODERATION,,PHOTO_REVIEW_REQUIRED | EXACT_KZ_SKU_EVIDENCE_REQUIRED,SHARED_IMAGE_REVIEW_REQUIRED,00000021289,https://www.vladmiva.ru/products/sfericheskie-trubinnye/806-315-001-534-033/
CANON-ВЛАДМИВА-00000003052,ВладМиВа,876.315.002.030.012,MODERATION,,PHOTO_REVIEW_REQUIRED | EXACT_KZ_SKU_EVIDENCE_REQUIRED,SHARED_IMAGE_REVIEW_REQUIRED,00000003052,https://www.vladmiva.ru/products/sfericheskie-trubinnye/806-315-002-534-012/
CANON-ВЛАДМИВА-00000003053,ВладМиВа,876.315.002.030.014,MODERATION,,PHOTO_REVIEW_REQUIRED | EXACT_KZ_SKU_EVIDENCE_REQUIRED,SHARED_IMAGE_REVIEW_REQUIRED,00000003053,https://www.vladmiva.ru/products/sfericheskie-trubinnye/806-315-002-534-014/
CANON-ВЛАДМИВА-00000003054,ВладМиВа,876.315.002.030.016,MODERATION,,PHOTO_REVIEW_REQUIRED | EXACT_KZ_SKU_EVIDENCE_REQUIRED,SHARED_IMAGE_REVIEW_REQUIRED,00000003054,https://www.vladmiva.ru/products/sfericheskie-trubinnye/806-315-002-534-016/
CANON-ВЛАДМИВА-00000003055,ВладМиВа,876.315.002.035.018,MODERATION,,PHOTO_REVIEW_REQUIRED | EXACT_KZ_SKU_EVIDENCE_REQUIRED,SHARED_IMAGE_REVIEW_REQUIRED,00000003055,https://www.vladmiva.ru/products/sfericheskie-trubinnye/806-315-002-534-018/
CANON-ВЛАДМИВА-00000023073,ВладМиВа,876.315.002.040.021,MODERATION,,PHOTO_REVIEW_REQUIRED | EXACT_KZ_SKU_EVIDENCE_REQUIRED,SHARED_IMAGE_REVIEW_REQUIRED,00000023073,https://www.vladmiva.ru/products/sfericheskie-trubinnye/806-315-002-534-021/
CANON-ВЛАДМИВА-00000041816,ВладМиВа,876.315.002.045.023,MODERATION,,PHOTO_REVIEW_REQUIRED | EXACT_KZ_SKU_EVIDENCE_REQUIRED,SHARED_IMAGE_REVIEW_REQUIRED,00000041816,https://www.vladmiva.ru/products/sfericheskie-trubinnye/806-315-002-534-023/
CANON-ВЛАДМИВА-00000042583,ВладМиВа,876.315.002.050.025,MODERATION,,PHOTO_REVIEW_REQUIRED | EXACT_KZ_SKU_EVIDENCE_REQUIRED,SHARED_IMAGE_REVIEW_REQUIRED,00000042583,https://www.vladmiva.ru/products/sfericheskie-trubinnye/806-315-002-534-025/
CANON-ВЛАДМИВА-00000014606,ВладМиВа,876.315.010.016.012,MODERATION,,PHOTO_REVIEW_REQUIRED | EXACT_KZ_SKU_EVIDENCE_REQUIRED,SHARED_IMAGE_REVIEW_REQUIRED,00000014606,https://www.vladmiva.ru/products/konusnye-trubinnye/806-315-010-534-012/
CANON-ВЛАДМИВА-00000014327,ВладМиВа,876.315.010.016.014,MODERATION,,PHOTO_REVIEW_REQUIRED | EXACT_KZ_SKU_EVIDENCE_REQUIRED,SHARED_IMAGE_REVIEW_REQUIRED,00000014327,https://www.vladmiva.ru/products/konusnye-trubinnye/806-315-010-534-014/
CANON-ВЛАДМИВА-00000003064,ВладМиВа,876.315.010.016.016,MODERATION,,PHOTO_REVIEW_REQUIRED | EXACT_KZ_SKU_EVIDENCE_REQUIRED,SHARED_IMAGE_REVIEW_REQUIRED,00000003064,https://www.vladmiva.ru/products/konusnye-trubinnye/806-315-010-534-016/
CANON-ВЛАДМИВА-00000003065,ВладМиВа,876.315.010.016.018,MODERATION,,PHOTO_REVIEW_REQUIRED | EXACT_KZ_SKU_EVIDENCE_REQUIRED,SHARED_IMAGE_REVIEW_REQUIRED,00000003065,https://www.vladmiva.ru/products/konusnye-trubinnye/806-315-010-534-018/
CANON-ВЛАДМИВА-00000043709,ВладМиВа,876.315.010.020.021,MODERATION,,PHOTO_REVIEW_REQUIRED | EXACT_KZ_SKU_EVIDENCE_REQUIRED,SHARED_IMAGE_REVIEW_REQUIRED,00000043709,https://www.vladmiva.ru/products/konusnye-trubinnye/806-315-010-534-021/
CANON-ВЛАДМИВА-00000019022,ВладМиВа,876.315.010.023.023,MODERATION,,PHOTO_REVIEW_REQUIRED | EXACT_KZ_SKU_EVIDENCE_REQUIRED,SHARED_IMAGE_REVIEW_REQUIRED,00000019022,https://www.vladmiva.ru/products/konusnye-trubinnye/806-315-010-534-023/
CANON-ВЛАДМИВА-00000022232,ВладМиВа,876.315.019.022.012,MODERATION,,PHOTO_REVIEW_REQUIRED | EXACT_KZ_SKU_EVIDENCE_REQUIRED,SHARED_IMAGE_REVIEW_REQUIRED,00000022232,https://www.vladmiva.ru/products/konusnye-trubinnye/806-315-019-534-012/
CANON-ВЛАДМИВА-00000003259,ВладМиВа,876.315.019.022.014,MODERATION,,PHOTO_REVIEW_REQUIRED | EXACT_KZ_SKU_EVIDENCE_REQUIRED,SHARED_IMAGE_REVIEW_REQUIRED,00000003259,https://www.vladmiva.ru/products/konusnye-trubinnye/806-315-019-534-014/
CANON-ВЛАДМИВА-00000014328,ВладМиВа,876.315.019.022.016,MODERATION,,PHOTO_REVIEW_REQUIRED | EXACT_KZ_SKU_EVIDENCE_REQUIRED,SHARED_IMAGE_REVIEW_REQUIRED,00000014328,https://www.vladmiva.ru/products/konusnye-trubinnye/806-315-019-534-016/
CANON-ВЛАДМИВА-00000022079,ВладМиВа,876.315.019.022.018,MODERATION,,PHOTO_REVIEW_REQUIRED | EXACT_KZ_SKU_EVIDENCE_REQUIRED,SHARED_IMAGE_REVIEW_REQUIRED,00000022079,https://www.vladmiva.ru/products/konusnye-trubinnye/806-315-019-534-018/
CANON-ВЛАДМИВА-00000012520,ВладМиВа,876.315.032.016.014,MODERATION,,PHOTO_REVIEW_REQUIRED | EXACT_KZ_SKU_EVIDENCE_REQUIRED,SHARED_IMAGE_REVIEW_REQUIRED,00000012520,https://www.vladmiva.ru/products/prochie-formy-trubinnye/806-315-032-534-014/
CANON-ВЛАДМИВА-00000026648,ВладМиВа,876.315.107.040.010,MODERATION,,PHOTO_REVIEW_REQUIRED | EXACT_KZ_SKU_EVIDENCE_REQUIRED,SHARED_IMAGE_REVIEW_REQUIRED,00000026648,https://www.vladmiva.ru/products/tsilindricheskie-trubinnye/806-315-109-534-010/
CANON-ВЛАДМИВА-00000022318,ВладМиВа,876.315.107.040.012,MODERATION,,PHOTO_REVIEW_REQUIRED | EXACT_KZ_SKU_EVIDENCE_REQUIRED,SHARED_IMAGE_REVIEW_REQUIRED,00000022318,https://www.vladmiva.ru/products/tsilindricheskie-trubinnye/806-315-109-534-012/
CANON-ВЛАДМИВА-00000022317,ВладМиВа,876.315.107.040.014,MODERATION,,PHOTO_REVIEW_REQUIRED | EXACT_KZ_SKU_EVIDENCE_REQUIRED,SHARED_IMAGE_REVIEW_REQUIRED,00000022317,https://www.vladmiva.ru/products/tsilindricheskie-trubinnye/806-315-109-534-014/
CANON-ВЛАДМИВА-00000034624,ВладМиВа,876.315.107.040.016,MODERATION,,PHOTO_REVIEW_REQUIRED | EXACT_KZ_SKU_EVIDENCE_REQUIRED,SHARED_IMAGE_REVIEW_REQUIRED,00000034624,https://www.vladmiva.ru/products/tsilindricheskie-trubinnye/806-315-109-534-016/
CANON-ВЛАДМИВА-00000022236,ВладМиВа,876.315.107.040.018,MODERATION,,PHOTO_REVIEW_REQUIRED | EXACT_KZ_SKU_EVIDENCE_REQUIRED,SHARED_IMAGE_REVIEW_REQUIRED,00000022236,https://www.vladmiva.ru/products/tsilindricheskie-trubinnye/806-315-109-534-018/
CANON-ВЛАДМИВА-00000024726,ВладМиВа,876.315.107.060.010,MODERATION,,PHOTO_REVIEW_REQUIRED | EXACT_KZ_SKU_EVIDENCE_REQUIRED,SHARED_IMAGE_REVIEW_REQUIRED,00000024726,https://www.vladmiva.ru/products/tsilindricheskie-trubinnye/806-315-110-534-010/
CANON-ВЛАДМИВА-00000015364,ВладМиВа,876.315.107.060.012,MODERATION,,PHOTO_REVIEW_REQUIRED | EXACT_KZ_SKU_EVIDENCE_REQUIRED,SHARED_IMAGE_REVIEW_REQUIRED,00000015364,https://www.vladmiva.ru/products/tsilindricheskie-trubinnye/806-315-110-534-012/
CANON-ВЛАДМИВА-00000020047,ВладМиВа,876.315.107.060.014,MODERATION,,PHOTO_REVIEW_REQUIRED | EXACT_KZ_SKU_EVIDENCE_REQUIRED,SHARED_IMAGE_REVIEW_REQUIRED,00000020047,https://www.vladmiva.ru/products/tsilindricheskie-trubinnye/806-315-110-534-014/
CANON-ВЛАДМИВА-00000003060,ВладМиВа,876.315.107.060.016,MODERATION,,PHOTO_REVIEW_REQUIRED | EXACT_KZ_SKU_EVIDENCE_REQUIRED,SHARED_IMAGE_REVIEW_REQUIRED,00000003060,https://www.vladmiva.ru/products/tsilindricheskie-trubinnye/806-315-110-534-016/
CANON-ВЛАДМИВА-00000003061,ВладМиВа,876.315.107.060.018,MODERATION,,PHOTO_REVIEW_REQUIRED | EXACT_KZ_SKU_EVIDENCE_REQUIRED,SHARED_IMAGE_REVIEW_REQUIRED,00000003061,https://www.vladmiva.ru/products/tsilindricheskie-trubinnye/806-315-110-534-018/
CANON-ВЛАДМИВА-00000042541,ВладМиВа,876.315.107.060.023,MODERATION,,PHOTO_REVIEW_REQUIRED | EXACT_KZ_SKU_EVIDENCE_REQUIRED,SHARED_IMAGE_REVIEW_REQUIRED,00000042541,https://www.vladmiva.ru/products/tsilindricheskie-trubinnye/806-315-110-534-023/
CANON-ВЛАДМИВА-00000020353,ВладМиВа,876.315.107.080.010,MODERATION,,PHOTO_REVIEW_REQUIRED | EXACT_KZ_SKU_EVIDENCE_REQUIRED,SHARED_IMAGE_REVIEW_REQUIRED,00000020353,https://www.vladmiva.ru/products/tsilindricheskie-trubinnye/806-315-111-534-010/
CANON-ВЛАДМИВА-00000022278,ВладМиВа,876.315.107.080.012,MODERATION,,PHOTO_REVIEW_REQUIRED | EXACT_KZ_SKU_EVIDENCE_REQUIRED,SHARED_IMAGE_REVIEW_REQUIRED,00000022278,https://www.vladmiva.ru/products/tsilindricheskie-trubinnye/806-315-111-534-012/
CANON-ВЛАДМИВА-00000013522,ВладМиВа,876.315.107.080.014,MODERATION,,PHOTO_REVIEW_REQUIRED | EXACT_KZ_SKU_EVIDENCE_REQUIRED,SHARED_IMAGE_REVIEW_REQUIRED,00000013522,https://www.vladmiva.ru/products/tsilindricheskie-trubinnye/806-315-111-534-014/
CANON-ВЛАДМИВА-00000020351,ВладМиВа,876.315.107.080.016,MODERATION,,PHOTO_REVIEW_REQUIRED | EXACT_KZ_SKU_EVIDENCE_REQUIRED,SHARED_IMAGE_REVIEW_REQUIRED,00000020351,https://www.vladmiva.ru/products/tsilindricheskie-trubinnye/806-315-111-534-016/
CANON-ВЛАДМИВА-00000020352,ВладМиВа,876.315.107.080.018,MODERATION,,PHOTO_REVIEW_REQUIRED | EXACT_KZ_SKU_EVIDENCE_REQUIRED,SHARED_IMAGE_REVIEW_REQUIRED,00000020352,https://www.vladmiva.ru/products/tsilindricheskie-trubinnye/806-315-111-534-018/
CANON-ВЛАДМИВА-00000022210,ВладМиВа,876.315.126.080.012,MODERATION,,PHOTO_REVIEW_REQUIRED | EXACT_KZ_SKU_EVIDENCE_REQUIRED,SHARED_IMAGE_REVIEW_REQUIRED,00000022210,https://www.vladmiva.ru/products/tsilindricheskie-trubinnye/806-315-130-534-012/
CANON-ВЛАДМИВА-00000022319,ВладМиВа,876.315.126.080.014,MODERATION,,PHOTO_REVIEW_REQUIRED | EXACT_KZ_SKU_EVIDENCE_REQUIRED,SHARED_IMAGE_REVIEW_REQUIRED,00000022319,https://www.vladmiva.ru/products/tsilindricheskie-trubinnye/806-315-130-534-014/
CANON-ВЛАДМИВА-00000038853,ВладМиВа,876.315.126.080.016,MODERATION,,PHOTO_REVIEW_REQUIRED | EXACT_KZ_SKU_EVIDENCE_REQUIRED,SHARED_IMAGE_REVIEW_REQUIRED,00000038853,https://www.vladmiva.ru/products/tsilindricheskie-trubinnye/806-315-130-534-016/
CANON-ВЛАДМИВА-00000021442,ВладМиВа,876.315.126.100.012,MODERATION,,PHOTO_REVIEW_REQUIRED | EXACT_KZ_SKU_EVIDENCE_REQUIRED,SHARED_IMAGE_REVIEW_REQUIRED,00000021442,https://www.vladmiva.ru/products/tsilindricheskie-trubinnye/806-315-131-534-012/
CANON-ВЛАДМИВА-00000021802,ВладМиВа,876.315.126.100.014,MODERATION,,PHOTO_REVIEW_REQUIRED | EXACT_KZ_SKU_EVIDENCE_REQUIRED,SHARED_IMAGE_REVIEW_REQUIRED,00000021802,https://www.vladmiva.ru/products/tsilindricheskie-trubinnye/806-315-131-534-014/
CANON-ВЛАДМИВА-00000021470,ВладМиВа,876.315.126.100.016,MODERATION,,PHOTO_REVIEW_REQUIRED | EXACT_KZ_SKU_EVIDENCE_REQUIRED,SHARED_IMAGE_REVIEW_REQUIRED,00000021470,https://www.vladmiva.ru/products/tsilindricheskie-trubinnye/806-315-131-534-016/
CANON-ВЛАДМИВА-00000043810,ВладМиВа,876.315.137.040.012,MODERATION,,PHOTO_REVIEW_REQUIRED | EXACT_KZ_SKU_EVIDENCE_REQUIRED,SHARED_IMAGE_REVIEW_REQUIRED,00000043810,https://www.vladmiva.ru/products/tsilindricheskie-trubinnye/806-315-139-534-012/
CANON-ВЛАДМИВА-00000036453,ВладМиВа,876.315.137.060.012,MODERATION,,PHOTO_REVIEW_REQUIRED | EXACT_KZ_SKU_EVIDENCE_REQUIRED,SHARED_IMAGE_REVIEW_REQUIRED,00000036453,https://www.vladmiva.ru/products/tsilindricheskie-trubinnye/806-315-140-534-012/
CANON-ВЛАДМИВА-00000021793,ВладМиВа,876.315.137.060.014,MODERATION,,PHOTO_REVIEW_REQUIRED | EXACT_KZ_SKU_EVIDENCE_REQUIRED,SHARED_IMAGE_REVIEW_REQUIRED,00000021793,https://www.vladmiva.ru/products/tsilindricheskie-trubinnye/806-315-140-534-014/
CANON-ВЛАДМИВА-00000022226,ВладМиВа,876.315.137.080.012,MODERATION,,PHOTO_REVIEW_REQUIRED | EXACT_KZ_SKU_EVIDENCE_REQUIRED,SHARED_IMAGE_REVIEW_REQUIRED,00000022226,https://www.vladmiva.ru/products/tsilindricheskie-trubinnye/806-315-141-534-012/
CANON-ВЛАДМИВА-00000037240,ВладМиВа,876.315.137.080.014,MODERATION,,PHOTO_REVIEW_REQUIRED | EXACT_KZ_SKU_EVIDENCE_REQUIRED,SHARED_IMAGE_REVIEW_REQUIRED,00000037240,https://www.vladmiva.ru/products/tsilindricheskie-trubinnye/806-315-141-534-014/
CANON-ВЛАДМИВА-00000022404,ВладМиВа,876.315.137.080.016,MODERATION,,PHOTO_REVIEW_REQUIRED | EXACT_KZ_SKU_EVIDENCE_REQUIRED,SHARED_IMAGE_REVIEW_REQUIRED,00000022404,https://www.vladmiva.ru/products/tsilindricheskie-trubinnye/806-315-141-534-016/
CANON-ВЛАДМИВА-00000021796,ВладМиВа,876.315.137.100.012,MODERATION,,PHOTO_REVIEW_REQUIRED | EXACT_KZ_SKU_EVIDENCE_REQUIRED,SHARED_IMAGE_REVIEW_REQUIRED,00000021796,https://www.vladmiva.ru/products/tsilindricheskie-trubinnye/806-315-142-534-012/
CANON-ВЛАДМИВА-00000021829,ВладМиВа,876.315.137.100.014,MODERATION,,PHOTO_REVIEW_REQUIRED | EXACT_KZ_SKU_EVIDENCE_REQUIRED,SHARED_IMAGE_REVIEW_REQUIRED,00000021829,https://www.vladmiva.ru/products/tsilindricheskie-trubinnye/806-315-142-534-014/
CANON-ВЛАДМИВА-00000021979,ВладМиВа,876.315.137.100.016,MODERATION,,PHOTO_REVIEW_REQUIRED | EXACT_KZ_SKU_EVIDENCE_REQUIRED,SHARED_IMAGE_REVIEW_REQUIRED,00000021979,https://www.vladmiva.ru/products/tsilindricheskie-trubinnye/806-315-142-534-016/
CANON-ВЛАДМИВА-00000011801,ВладМиВа,876.315.164.100.027,MODERATION,,PHOTO_REVIEW_REQUIRED | EXACT_KZ_SKU_EVIDENCE_REQUIRED,SHARED_IMAGE_REVIEW_REQUIRED,00000011801,https://www.vladmiva.ru/products/konusnye-trubinnye/806-315-166-534-027/
CANON-ВЛАДМИВА-00000069466,ВладМиВа,876.315.164.100.029,MODERATION,,PHOTO_REVIEW_REQUIRED | EXACT_KZ_SKU_EVIDENCE_REQUIRED,SHARED_IMAGE_REVIEW_REQUIRED,00000069466,https://www.vladmiva.ru/products/konusnye-trubinnye/806-315-166-534-029/
CANON-ВЛАДМИВА-00000021502,ВладМиВа,876.315.168.100.018,MODERATION,,PHOTO_REVIEW_REQUIRED | EXACT_KZ_SKU_EVIDENCE_REQUIRED,SHARED_IMAGE_REVIEW_REQUIRED,00000021502,https://www.vladmiva.ru/products/konusnye-trubinnye/806-315-173-534-018/
CANON-ВЛАДМИВА-00000003077,ВладМиВа,876.315.168.100.023,MODERATION,,PHOTO_REVIEW_REQUIRED | EXACT_KZ_SKU_EVIDENCE_REQUIRED,SHARED_IMAGE_REVIEW_REQUIRED,00000003077,https://www.vladmiva.ru/products/konusnye-trubinnye/806-315-173-534-023/
CANON-ВЛАДМИВА-00000021303,ВладМиВа,876.315.194.100.014,MODERATION,,PHOTO_REVIEW_REQUIRED | EXACT_KZ_SKU_EVIDENCE_REQUIRED,SHARED_IMAGE_REVIEW_REQUIRED,00000021303,https://www.vladmiva.ru/products/konusnye-trubinnye/806-315-199-534-014/
CANON-ВЛАДМИВА-00000012625,ВладМиВа,876.315.194.100.016,MODERATION,,PHOTO_REVIEW_REQUIRED | EXACT_KZ_SKU_EVIDENCE_REQUIRED,SHARED_IMAGE_REVIEW_REQUIRED,00000012625,https://www.vladmiva.ru/products/konusnye-trubinnye/806-315-199-534-016/
CANON-ВЛАДМИВА-00000021838,ВладМиВа,876.315.194.100.018,MODERATION,,PHOTO_REVIEW_REQUIRED | EXACT_KZ_SKU_EVIDENCE_REQUIRED,SHARED_IMAGE_REVIEW_REQUIRED,00000021838,https://www.vladmiva.ru/products/konusnye-trubinnye/806-315-199-534-018/
CANON-ВЛАДМИВА-00000020062,ВладМиВа,876.315.225.035.014,MODERATION,,PHOTO_REVIEW_REQUIRED | EXACT_KZ_SKU_EVIDENCE_REQUIRED,SHARED_IMAGE_REVIEW_REQUIRED,00000020062,https://www.vladmiva.ru/products/konusnye-trubinnye/806-315-225-534-014/
CANON-ВЛАДМИВА-00000003057,ВладМиВа,876.315.225.035.016,MODERATION,,PHOTO_REVIEW_REQUIRED | EXACT_KZ_SKU_EVIDENCE_REQUIRED,SHARED_IMAGE_REVIEW_REQUIRED,00000003057,https://www.vladmiva.ru/products/konusnye-trubinnye/806-315-225-534-016/
CANON-ВЛАДМИВА-00000020391,ВладМиВа,876.315.225.040.018,MODERATION,,PHOTO_REVIEW_REQUIRED | EXACT_KZ_SKU_EVIDENCE_REQUIRED,SHARED_IMAGE_REVIEW_REQUIRED,00000020391,https://www.vladmiva.ru/products/konusnye-trubinnye/806-315-225-534-018/
CANON-ВЛАДМИВА-00000003058,ВладМиВа,876.315.225.060.023,MODERATION,,PHOTO_REVIEW_REQUIRED | EXACT_KZ_SKU_EVIDENCE_REQUIRED,SHARED_IMAGE_REVIEW_REQUIRED,00000003058,https://www.vladmiva.ru/products/konusnye-trubinnye/806-315-225-534-023/
CANON-ВЛАДМИВА-00000009127,ВладМиВа,876.315.243.080.014,MODERATION,,PHOTO_REVIEW_REQUIRED | EXACT_KZ_SKU_EVIDENCE_REQUIRED,SHARED_IMAGE_REVIEW_REQUIRED,00000009127,https://www.vladmiva.ru/products/plamevidnye-trubinnye/806-315-243-534-014/
CANON-ВЛАДМИВА-00000019012,ВладМиВа,876.315.243.080.016,MODERATION,,PHOTO_REVIEW_REQUIRED | EXACT_KZ_SKU_EVIDENCE_REQUIRED,SHARED_IMAGE_REVIEW_REQUIRED,00000019012,https://www.vladmiva.ru/products/plamevidnye-trubinnye/806-315-243-534-016/
CANON-ВЛАДМИВА-00000010141,ВладМиВа,876.315.243.080.018,MODERATION,,PHOTO_REVIEW_REQUIRED | EXACT_KZ_SKU_EVIDENCE_REQUIRED,SHARED_IMAGE_REVIEW_REQUIRED,00000010141,https://www.vladmiva.ru/products/plamevidnye-trubinnye/806-315-243-534-018/
CANON-ВЛАДМИВА-00000006667,ВладМиВа,876.315.254.030.012,MODERATION,,PHOTO_REVIEW_REQUIRED | EXACT_KZ_SKU_EVIDENCE_REQUIRED,SHARED_IMAGE_REVIEW_REQUIRED,00000006667,https://www.vladmiva.ru/products/prochie-formy-trubinnye/806-315-257-534-012/
CANON-ВЛАДМИВА-00000040162,ВладМиВа,876.315.254.030.014,MODERATION,,PHOTO_REVIEW_REQUIRED | EXACT_KZ_SKU_EVIDENCE_REQUIRED,SHARED_IMAGE_REVIEW_REQUIRED,00000040162,https://www.vladmiva.ru/products/prochie-formy-trubinnye/806-315-257-534-014/
CANON-ВЛАДМИВА-00000013185,ВладМиВа,876.315.254.030.016,MODERATION,,PHOTO_REVIEW_REQUIRED | EXACT_KZ_SKU_EVIDENCE_REQUIRED,SHARED_IMAGE_REVIEW_REQUIRED,00000013185,https://www.vladmiva.ru/products/prochie-formy-trubinnye/806-315-257-534-016/
CANON-ВЛАДМИВА-00000019805,ВладМиВа,876.315.254.045.018,MODERATION,,PHOTO_REVIEW_REQUIRED | EXACT_KZ_SKU_EVIDENCE_REQUIRED,SHARED_IMAGE_REVIEW_REQUIRED,00000019805,https://www.vladmiva.ru/products/prochie-formy-trubinnye/806-315-257-534-018/
CANON-ВЛАДМИВА-00000036250,ВладМиВа,876.315.254.050.021,MODERATION,,PHOTO_REVIEW_REQUIRED | EXACT_KZ_SKU_EVIDENCE_REQUIRED,SHARED_IMAGE_REVIEW_REQUIRED,00000036250,https://www.vladmiva.ru/products/prochie-formy-trubinnye/806-315-257-534-021/
CANON-ВЛАДМИВА-00000013152,ВладМиВа,876.315.254.050.023,MODERATION,,PHOTO_REVIEW_REQUIRED | EXACT_KZ_SKU_EVIDENCE_REQUIRED,SHARED_IMAGE_REVIEW_REQUIRED,00000013152,https://www.vladmiva.ru/products/prochie-formy-trubinnye/806-315-257-534-023/
CANON-ВЛАДМИВА-00000040364,ВладМиВа,876.315.277.028.014,MODERATION,,PHOTO_REVIEW_REQUIRED | EXACT_KZ_SKU_EVIDENCE_REQUIRED,SHARED_IMAGE_REVIEW_REQUIRED,00000040364,https://www.vladmiva.ru/products/prochie-formy-trubinnye/806-315-277-534-014/
CANON-ВЛАДМИВА-00000009819,ВладМиВа,876.315.277.036.018,MODERATION,,PHOTO_REVIEW_REQUIRED | EXACT_KZ_SKU_EVIDENCE_REQUIRED,SHARED_IMAGE_REVIEW_REQUIRED,00000009819,https://www.vladmiva.ru/products/prochie-formy-trubinnye/806-315-277-534-018/
CANON-ВЛАДМИВА-00000034611,ВладМиВа,876.315.277.041.021,MODERATION,,PHOTO_REVIEW_REQUIRED | EXACT_KZ_SKU_EVIDENCE_REQUIRED,SHARED_IMAGE_REVIEW_REQUIRED,00000034611,https://www.vladmiva.ru/products/prochie-formy-trubinnye/806-315-277-534-021/
CANON-ВЛАДМИВА-00000018445,ВладМиВа,876.315.277.042.023,MODERATION,,PHOTO_REVIEW_REQUIRED | EXACT_KZ_SKU_EVIDENCE_REQUIRED,SHARED_IMAGE_REVIEW_REQUIRED,00000018445,https://www.vladmiva.ru/products/prochie-formy-trubinnye/806-315-277-534-023/
CANON-ВЛАДМИВА-00000022941,ВладМиВа,876.315.294.080.012,MODERATION,,PHOTO_REVIEW_REQUIRED | EXACT_KZ_SKU_EVIDENCE_REQUIRED,SHARED_IMAGE_REVIEW_REQUIRED,00000022941,https://www.vladmiva.ru/products/konusnye-trubinnye/806-315-298-534-012/
CANON-ВЛАДМИВА-00000021449,ВладМиВа,876.315.294.080.014,MODERATION,,PHOTO_REVIEW_REQUIRED | EXACT_KZ_SKU_EVIDENCE_REQUIRED,SHARED_IMAGE_REVIEW_REQUIRED,00000021449,https://www.vladmiva.ru/products/konusnye-trubinnye/806-315-298-534-014/
CANON-ВЛАДМИВА-00000022888,ВладМиВа,876.315.294.080.016,MODERATION,,PHOTO_REVIEW_REQUIRED | EXACT_KZ_SKU_EVIDENCE_REQUIRED,SHARED_IMAGE_REVIEW_REQUIRED,00000022888,https://www.vladmiva.ru/products/konusnye-trubinnye/806-315-298-534-016/
CANON-ВЛАДМИВА-00000021510,ВладМиВа,876.315.294.080.018,MODERATION,,PHOTO_REVIEW_REQUIRED | EXACT_KZ_SKU_EVIDENCE_REQUIRED,SHARED_IMAGE_REVIEW_REQUIRED,00000021510,https://www.vladmiva.ru/products/konusnye-trubinnye/806-315-298-534-018/
CANON-ВЛАДМИВА-00000021904,ВладМиВа,876.315.294.100.012,MODERATION,,PHOTO_REVIEW_REQUIRED | EXACT_KZ_SKU_EVIDENCE_REQUIRED,SHARED_IMAGE_REVIEW_REQUIRED,00000021904,https://www.vladmiva.ru/products/konusnye-trubinnye/806-315-299-534-012/
CANON-ВЛАДМИВА-00000020206,ВладМиВа,876.315.294.100.014,MODERATION,,PHOTO_REVIEW_REQUIRED | EXACT_KZ_SKU_EVIDENCE_REQUIRED,SHARED_IMAGE_REVIEW_REQUIRED,00000020206,https://www.vladmiva.ru/products/konusnye-trubinnye/806-315-299-534-014/
CANON-ВЛАДМИВА-00000021807,ВладМиВа,876.315.294.100.016,MODERATION,,PHOTO_REVIEW_REQUIRED | EXACT_KZ_SKU_EVIDENCE_REQUIRED,SHARED_IMAGE_REVIEW_REQUIRED,00000021807,https://www.vladmiva.ru/products/konusnye-trubinnye/806-315-299-534-016/
CANON-ВЛАДМИВА-00000021806,ВладМиВа,876.315.294.100.018,MODERATION,,PHOTO_REVIEW_REQUIRED | EXACT_KZ_SKU_EVIDENCE_REQUIRED,SHARED_IMAGE_REVIEW_REQUIRED,00000021806,https://www.vladmiva.ru/products/konusnye-trubinnye/806-315-299-534-018/
CANON-ВЛАДМИВА-00000021831,ВладМиВа,876.315.303.007.023,MODERATION,,PHOTO_REVIEW_REQUIRED | EXACT_KZ_SKU_EVIDENCE_REQUIRED,SHARED_IMAGE_REVIEW_REQUIRED,00000021831,https://www.vladmiva.ru/products/prochie-formy-trubinnye/806-315-304-534-023/
CANON-ВЛАДМИВА-00000018580,ВладМиВа,876.315.552.075.018,MODERATION,,PHOTO_REVIEW_REQUIRED | EXACT_KZ_SKU_EVIDENCE_REQUIRED,SHARED_IMAGE_REVIEW_REQUIRED,00000018580,https://www.vladmiva.ru/products/tsilindricheskie-trubinnye/806-315-552-534-018/
CANON-ВЛАДМИВА-00000044991,ВладМиВа,876.315.697.000.014,MODERATION,,PHOTO_REVIEW_REQUIRED | EXACT_KZ_SKU_EVIDENCE_REQUIRED,SHARED_IMAGE_REVIEW_REQUIRED,00000044991,https://www.vladmiva.ru/products/sfericheskie-trubinnye/806-315-697-534-014/
CANON-ВЛАДМИВА-00000044992,ВладМиВа,876.315.697.000.016,MODERATION,,PHOTO_REVIEW_REQUIRED | EXACT_KZ_SKU_EVIDENCE_REQUIRED,SHARED_IMAGE_REVIEW_REQUIRED,00000044992,https://www.vladmiva.ru/products/sfericheskie-trubinnye/806-315-697-534-016/
CANON-ВЛАДМИВА-00000045201,ВладМиВа,876.315.697.000.018,MODERATION,,PHOTO_REVIEW_REQUIRED | EXACT_KZ_SKU_EVIDENCE_REQUIRED,SHARED_IMAGE_REVIEW_REQUIRED,00000045201,https://www.vladmiva.ru/products/sfericheskie-trubinnye/806-315-697-534-018/
CANON-ВЛАДМИВА-00000045292,ВладМиВа,876.315.697.000.021,MODERATION,,PHOTO_REVIEW_REQUIRED | EXACT_KZ_SKU_EVIDENCE_REQUIRED,SHARED_IMAGE_REVIEW_REQUIRED,00000045292,https://www.vladmiva.ru/products/sfericheskie-trubinnye/806-315-697-534-021/
CANON-ВЛАДМИВА-00000022330,ВладМиВа,876.316.001.000.010,MODERATION,,PHOTO_REVIEW_REQUIRED | EXACT_KZ_SKU_EVIDENCE_REQUIRED,SHARED_IMAGE_REVIEW_REQUIRED,00000022330,https://www.vladmiva.ru/products/sfericheskie-trubinnye/806-316-001-534-010/
CANON-ВЛАДМИВА-00000010802,ВладМиВа,876.316.001.000.012,MODERATION,,PHOTO_REVIEW_REQUIRED | EXACT_KZ_SKU_EVIDENCE_REQUIRED,SHARED_IMAGE_REVIEW_REQUIRED,00000010802,https://www.vladmiva.ru/products/sfericheskie-trubinnye/806-316-001-534-012/
CANON-ВЛАДМИВА-00000018889,ВладМиВа,876.316.001.000.014,MODERATION,,PHOTO_REVIEW_REQUIRED | EXACT_KZ_SKU_EVIDENCE_REQUIRED,SHARED_IMAGE_REVIEW_REQUIRED,00000018889,https://www.vladmiva.ru/products/sfericheskie-trubinnye/806-316-001-534-014/
CANON-ВЛАДМИВА-00000018800,ВладМиВа,876.316.001.000.016,MODERATION,,PHOTO_REVIEW_REQUIRED | EXACT_KZ_SKU_EVIDENCE_REQUIRED,SHARED_IMAGE_REVIEW_REQUIRED,00000018800,https://www.vladmiva.ru/products/sfericheskie-trubinnye/806-316-001-534-016/
CANON-ВЛАДМИВА-00000018802,ВладМиВа,876.316.001.000.018,MODERATION,,PHOTO_REVIEW_REQUIRED | EXACT_KZ_SKU_EVIDENCE_REQUIRED,SHARED_IMAGE_REVIEW_REQUIRED,00000018802,https://www.vladmiva.ru/products/sfericheskie-trubinnye/806-316-001-534-018/
CANON-ВЛАДМИВА-00000022958,ВладМиВа,876.316.001.000.021,MODERATION,,PHOTO_REVIEW_REQUIRED | EXACT_KZ_SKU_EVIDENCE_REQUIRED,SHARED_IMAGE_REVIEW_REQUIRED,00000022958,https://www.vladmiva.ru/products/sfericheskie-trubinnye/806-316-001-534-021/
CANON-ВЛАДМИВА-00000023923,ВладМиВа,876.316.001.000.023,MODERATION,,PHOTO_REVIEW_REQUIRED | EXACT_KZ_SKU_EVIDENCE_REQUIRED,SHARED_IMAGE_REVIEW_REQUIRED,00000023923,https://www.vladmiva.ru/products/sfericheskie-trubinnye/806-316-001-534-023/
CANON-ВЛАДМИВА-00000036067,ВладМиВа,876.316.001.000.025,MODERATION,,PHOTO_REVIEW_REQUIRED | EXACT_KZ_SKU_EVIDENCE_REQUIRED,SHARED_IMAGE_REVIEW_REQUIRED,00000036067,https://www.vladmiva.ru/products/sfericheskie-trubinnye/806-316-001-534-025/
CANON-ВЛАДМИВА-00000020010,ВладМиВа,886.314.001.000.014,MODERATION,,PHOTO_REVIEW_REQUIRED | EXACT_KZ_SKU_EVIDENCE_REQUIRED,SHARED_IMAGE_REVIEW_REQUIRED,00000020010,https://www.vladmiva.ru/products/sfericheskie-trubinnye/806-314-001-544-014/
CANON-ВЛАДМИВА-00000015162,ВладМиВа,886.314.001.000.016,MODERATION,,PHOTO_REVIEW_REQUIRED | EXACT_KZ_SKU_EVIDENCE_REQUIRED,SHARED_IMAGE_REVIEW_REQUIRED,00000015162,https://www.vladmiva.ru/products/sfericheskie-trubinnye/806-314-001-544-016/
CANON-ВЛАДМИВА-00000017912,ВладМиВа,886.314.001.000.018,MODERATION,,PHOTO_REVIEW_REQUIRED | EXACT_KZ_SKU_EVIDENCE_REQUIRED,SHARED_IMAGE_REVIEW_REQUIRED,00000017912,https://www.vladmiva.ru/products/sfericheskie-trubinnye/806-314-001-544-018/
CANON-ВЛАДМИВА-00000015163,ВладМиВа,886.314.001.000.021,MODERATION,,PHOTO_REVIEW_REQUIRED | EXACT_KZ_SKU_EVIDENCE_REQUIRED,SHARED_IMAGE_REVIEW_REQUIRED,00000015163,https://www.vladmiva.ru/products/sfericheskie-trubinnye/806-314-001-544-021/
CANON-ВЛАДМИВА-00000018013,ВладМиВа,886.314.001.000.023,MODERATION,,PHOTO_REVIEW_REQUIRED | EXACT_KZ_SKU_EVIDENCE_REQUIRED,SHARED_IMAGE_REVIEW_REQUIRED,00000018013,https://www.vladmiva.ru/products/sfericheskie-trubinnye/806-314-001-544-023/
CANON-ВЛАДМИВА-00000017907,ВладМиВа,886.314.001.000.025,MODERATION,,PHOTO_REVIEW_REQUIRED | EXACT_KZ_SKU_EVIDENCE_REQUIRED,SHARED_IMAGE_REVIEW_REQUIRED,00000017907,https://www.vladmiva.ru/products/sfericheskie-trubinnye/806-314-001-544-025/
CANON-ВЛАДМИВА-00000018014,ВладМиВа,886.314.001.000.027,MODERATION,,PHOTO_REVIEW_REQUIRED | EXACT_KZ_SKU_EVIDENCE_REQUIRED,SHARED_IMAGE_REVIEW_REQUIRED,00000018014,https://www.vladmiva.ru/products/sfericheskie-trubinnye/806-314-001-544-027/
CANON-ВЛАДМИВА-00000012519,ВладМиВа,886.314.001.000.029,MODERATION,,PHOTO_REVIEW_REQUIRED | EXACT_KZ_SKU_EVIDENCE_REQUIRED,SHARED_IMAGE_REVIEW_REQUIRED,00000012519,https://www.vladmiva.ru/products/sfericheskie-trubinnye/806-314-001-544-029/
CANON-ВЛАДМИВА-00000070357,ВладМиВа,886.314.002.040.021,MODERATION,,PHOTO_REVIEW_REQUIRED | EXACT_KZ_SKU_EVIDENCE_REQUIRED,SHARED_IMAGE_REVIEW_REQUIRED,00000070357,https://www.vladmiva.ru/products/sfericheskie-trubinnye/806-314-002-544-021/
CANON-ВЛАДМИВА-00000015167,ВладМиВа,886.314.010.016.016,MODERATION,,PHOTO_REVIEW_REQUIRED | EXACT_KZ_SKU_EVIDENCE_REQUIRED,SHARED_IMAGE_REVIEW_REQUIRED,00000015167,https://www.vladmiva.ru/products/konusnye-trubinnye/806-314-010-544-016/
CANON-ВЛАДМИВА-00000015168,ВладМиВа,886.314.010.016.018,MODERATION,,PHOTO_REVIEW_REQUIRED | EXACT_KZ_SKU_EVIDENCE_REQUIRED,SHARED_IMAGE_REVIEW_REQUIRED,00000015168,https://www.vladmiva.ru/products/konusnye-trubinnye/806-314-010-544-018/
CANON-ВЛАДМИВА-00000015169,ВладМиВа,886.314.010.016.021,MODERATION,,PHOTO_REVIEW_REQUIRED | EXACT_KZ_SKU_EVIDENCE_REQUIRED,SHARED_IMAGE_REVIEW_REQUIRED,00000015169,https://www.vladmiva.ru/products/konusnye-trubinnye/806-314-010-544-021/
CANON-ВЛАДМИВА-00000015171,ВладМиВа,886.314.037.040.033,MODERATION,,PHOTO_REVIEW_REQUIRED | EXACT_KZ_SKU_EVIDENCE_REQUIRED,SHARED_IMAGE_REVIEW_REQUIRED,00000015171,https://www.vladmiva.ru/products/prochie-formy-trubinnye/806-314-038-544-033/
CANON-ВЛАДМИВА-00000055931,ВладМиВа,886.314.037.040.035,MODERATION,,PHOTO_REVIEW_REQUIRED | EXACT_KZ_SKU_EVIDENCE_REQUIRED,SHARED_IMAGE_REVIEW_REQUIRED,00000055931,https://www.vladmiva.ru/products/prochie-formy-trubinnye/806-314-038-544-035/
CANON-ВЛАДМИВА-00000015173,ВладМиВа,886.314.107.040.016,MODERATION,,PHOTO_REVIEW_REQUIRED | EXACT_KZ_SKU_EVIDENCE_REQUIRED,SHARED_IMAGE_REVIEW_REQUIRED,00000015173,https://www.vladmiva.ru/products/tsilindricheskie-trubinnye/806-314-109-544-016/
CANON-ВЛАДМИВА-00000015161,ВладМиВа,886.314.107.060.018,MODERATION,,PHOTO_REVIEW_REQUIRED | EXACT_KZ_SKU_EVIDENCE_REQUIRED,SHARED_IMAGE_REVIEW_REQUIRED,00000015161,https://www.vladmiva.ru/products/tsilindricheskie-trubinnye/806-314-110-544-018/
CANON-ВЛАДМИВА-00000021042,ВладМиВа,886.314.107.060.021,MODERATION,,PHOTO_REVIEW_REQUIRED | EXACT_KZ_SKU_EVIDENCE_REQUIRED,SHARED_IMAGE_REVIEW_REQUIRED,00000021042,https://www.vladmiva.ru/products/tsilindricheskie-trubinnye/806-314-110-544-021/
CANON-ВЛАДМИВА-00000015160,ВладМиВа,886.314.107.060.025,MODERATION,,PHOTO_REVIEW_REQUIRED | EXACT_KZ_SKU_EVIDENCE_REQUIRED,SHARED_IMAGE_REVIEW_REQUIRED,00000015160,https://www.vladmiva.ru/products/tsilindricheskie-trubinnye/806-314-110-544-025/
CANON-ВЛАДМИВА-00000015157,ВладМиВа,886.314.107.080.014,MODERATION,,PHOTO_REVIEW_REQUIRED | EXACT_KZ_SKU_EVIDENCE_REQUIRED,SHARED_IMAGE_REVIEW_REQUIRED,00000015157,https://www.vladmiva.ru/products/tsilindricheskie-trubinnye/806-314-111-544-014/
CANON-ВЛАДМИВА-00000015155,ВладМиВа,886.314.107.080.016,MODERATION,,PHOTO_REVIEW_REQUIRED | EXACT_KZ_SKU_EVIDENCE_REQUIRED,SHARED_IMAGE_REVIEW_REQUIRED,00000015155,https://www.vladmiva.ru/products/tsilindricheskie-trubinnye/806-314-111-544-016/
CANON-ВЛАДМИВА-00000022280,ВладМиВа,886.314.107.080.021,MODERATION,,PHOTO_REVIEW_REQUIRED | EXACT_KZ_SKU_EVIDENCE_REQUIRED,SHARED_IMAGE_REVIEW_REQUIRED,00000022280,https://www.vladmiva.ru/products/tsilindricheskie-trubinnye/806-314-111-544-021/
CANON-ВЛАДМИВА-00000008625,ВладМиВа,886.314.107.100.014,MODERATION,,PHOTO_REVIEW_REQUIRED | EXACT_KZ_SKU_EVIDENCE_REQUIRED,SHARED_IMAGE_REVIEW_REQUIRED,00000008625,https://www.vladmiva.ru/products/tsilindricheskie-trubinnye/806-314-112-544-014/
CANON-ВЛАДМИВА-00000008629,ВладМиВа,886.314.107.100.016,MODERATION,,PHOTO_REVIEW_REQUIRED | EXACT_KZ_SKU_EVIDENCE_REQUIRED,SHARED_IMAGE_REVIEW_REQUIRED,00000008629,https://www.vladmiva.ru/products/tsilindricheskie-trubinnye/806-314-112-544-016/
CANON-ВЛАДМИВА-00000007796,ВладМиВа,886.314.107.100.018,MODERATION,,PHOTO_REVIEW_REQUIRED | EXACT_KZ_SKU_EVIDENCE_REQUIRED,SHARED_IMAGE_REVIEW_REQUIRED,00000007796,https://www.vladmiva.ru/products/tsilindricheskie-trubinnye/806-314-112-544-018/
CANON-ВЛАДМИВА-00000034620,ВладМиВа,886.314.107.120.014,MODERATION,,PHOTO_REVIEW_REQUIRED | EXACT_KZ_SKU_EVIDENCE_REQUIRED,SHARED_IMAGE_REVIEW_REQUIRED,00000034620,https://www.vladmiva.ru/products/tsilindricheskie-trubinnye/806-314-113-544-014/
CANON-ВЛАДМИВА-0000080765,ВладМиВа,886.314.107.120.014,MODERATION,,PHOTO_REVIEW_REQUIRED | EXACT_KZ_SKU_EVIDENCE_REQUIRED,SHARED_IMAGE_REVIEW_REQUIRED,0000080765,https://www.vladmiva.ru/products/tsilindricheskie-trubinnye/806-314-113-544-016/
CANON-ВЛАДМИВА-00000015153,ВладМиВа,886.314.126.080.016,MODERATION,,PHOTO_REVIEW_REQUIRED | EXACT_KZ_SKU_EVIDENCE_REQUIRED,SHARED_IMAGE_REVIEW_REQUIRED,00000015153,https://www.vladmiva.ru/products/tsilindricheskie-trubinnye/806-314-130-544-016/
CANON-ВЛАДМИВА-00000011800,ВладМиВа,886.314.126.080.018,MODERATION,,PHOTO_REVIEW_REQUIRED | EXACT_KZ_SKU_EVIDENCE_REQUIRED,SHARED_IMAGE_REVIEW_REQUIRED,00000011800,https://www.vladmiva.ru/products/tsilindricheskie-trubinnye/806-314-130-544-018/
CANON-ВЛАДМИВА-00000015151,ВладМиВа,886.314.126.100.014,MODERATION,,PHOTO_REVIEW_REQUIRED | EXACT_KZ_SKU_EVIDENCE_REQUIRED,SHARED_IMAGE_REVIEW_REQUIRED,00000015151,https://www.vladmiva.ru/products/tsilindricheskie-trubinnye/806-314-131-544-014/
CANON-ВЛАДМИВА-00000015150,ВладМиВа,886.314.126.100.016,MODERATION,,PHOTO_REVIEW_REQUIRED | EXACT_KZ_SKU_EVIDENCE_REQUIRED,SHARED_IMAGE_REVIEW_REQUIRED,00000015150,https://www.vladmiva.ru/products/tsilindricheskie-trubinnye/806-314-131-544-016/
CANON-ВЛАДМИВА-00000020231,ВладМиВа,886.314.126.100.018,MODERATION,,PHOTO_REVIEW_REQUIRED | EXACT_KZ_SKU_EVIDENCE_REQUIRED,SHARED_IMAGE_REVIEW_REQUIRED,00000020231,https://www.vladmiva.ru/products/tsilindricheskie-trubinnye/806-314-131-544-018/
CANON-ВЛАДМИВА-00000015147,ВладМиВа,886.314.137.080.016,MODERATION,,PHOTO_REVIEW_REQUIRED | EXACT_KZ_SKU_EVIDENCE_REQUIRED,SHARED_IMAGE_REVIEW_REQUIRED,00000015147,https://www.vladmiva.ru/products/tsilindricheskie-trubinnye/806-314-141-544-016/
CANON-ВЛАДМИВА-00000021094,ВладМиВа,886.314.164.100.014,MODERATION,,PHOTO_REVIEW_REQUIRED | EXACT_KZ_SKU_EVIDENCE_REQUIRED,SHARED_IMAGE_REVIEW_REQUIRED,00000021094,https://www.vladmiva.ru/products/konusnye-trubinnye/806-314-166-544-014/
CANON-ВЛАДМИВА-00000012997,ВладМиВа,886.314.164.100.016,MODERATION,,PHOTO_REVIEW_REQUIRED | EXACT_KZ_SKU_EVIDENCE_REQUIRED,SHARED_IMAGE_REVIEW_REQUIRED,00000012997,https://www.vladmiva.ru/products/konusnye-trubinnye/806-314-166-544-016/
CANON-ВЛАДМИВА-00000009139,ВладМиВа,886.314.164.100.018,MODERATION,,PHOTO_REVIEW_REQUIRED | EXACT_KZ_SKU_EVIDENCE_REQUIRED,SHARED_IMAGE_REVIEW_REQUIRED,00000009139,https://www.vladmiva.ru/products/konusnye-trubinnye/806-314-166-544-018/
CANON-ВЛАДМИВА-00000020379,ВладМиВа,886.314.164.100.021,MODERATION,,PHOTO_REVIEW_REQUIRED | EXACT_KZ_SKU_EVIDENCE_REQUIRED,SHARED_IMAGE_REVIEW_REQUIRED,00000020379,https://www.vladmiva.ru/products/konusnye-trubinnye/806-314-166-544-021/
CANON-ВЛАДМИВА-00000008508,ВладМиВа,886.314.164.100.025,MODERATION,,PHOTO_REVIEW_REQUIRED | EXACT_KZ_SKU_EVIDENCE_REQUIRED,SHARED_IMAGE_REVIEW_REQUIRED,00000008508,https://www.vladmiva.ru/products/konusnye-trubinnye/806-314-166-544-025/
CANON-ВЛАДМИВА-00000009141,ВладМиВа,886.314.164.100.027,MODERATION,,PHOTO_REVIEW_REQUIRED | EXACT_KZ_SKU_EVIDENCE_REQUIRED,SHARED_IMAGE_REVIEW_REQUIRED,00000009141,https://www.vladmiva.ru/products/konusnye-trubinnye/806-314-166-544-027/
CANON-ВЛАДМИВА-00000015137,ВладМиВа,886.314.168.100.014,MODERATION,,PHOTO_REVIEW_REQUIRED | EXACT_KZ_SKU_EVIDENCE_REQUIRED,SHARED_IMAGE_REVIEW_REQUIRED,00000015137,https://www.vladmiva.ru/products/konusnye-trubinnye/806-314-173-544-014/
CANON-ВЛАДМИВА-00000017918,ВладМиВа,886.314.168.100.016,MODERATION,,PHOTO_REVIEW_REQUIRED | EXACT_KZ_SKU_EVIDENCE_REQUIRED,SHARED_IMAGE_REVIEW_REQUIRED,00000017918,https://www.vladmiva.ru/products/konusnye-trubinnye/806-314-173-544-016/
CANON-ВЛАДМИВА-00000017919,ВладМиВа,886.314.168.100.018,MODERATION,,PHOTO_REVIEW_REQUIRED | EXACT_KZ_SKU_EVIDENCE_REQUIRED,SHARED_IMAGE_REVIEW_REQUIRED,00000017919,https://www.vladmiva.ru/products/konusnye-trubinnye/806-314-173-544-018/
CANON-ВЛАДМИВА-00000015138,ВладМиВа,886.314.168.100.021,MODERATION,,PHOTO_REVIEW_REQUIRED | EXACT_KZ_SKU_EVIDENCE_REQUIRED,SHARED_IMAGE_REVIEW_REQUIRED,00000015138,https://www.vladmiva.ru/products/konusnye-trubinnye/806-314-173-544-021/
CANON-ВЛАДМИВА-00000012582,ВладМиВа,886.314.168.100.025,MODERATION,,PHOTO_REVIEW_REQUIRED | EXACT_KZ_SKU_EVIDENCE_REQUIRED,SHARED_IMAGE_REVIEW_REQUIRED,00000012582,https://www.vladmiva.ru/products/konusnye-trubinnye/806-314-173-544-025/
CANON-ВЛАДМИВА-00000010397,ВладМиВа,886.314.194.060.016,MODERATION,,PHOTO_REVIEW_REQUIRED | EXACT_KZ_SKU_EVIDENCE_REQUIRED,SHARED_IMAGE_REVIEW_REQUIRED,00000010397,https://www.vladmiva.ru/products/konusnye-trubinnye/806-314-197-544-016/
CANON-ВЛАДМИВА-00000083249,ВладМиВа,886.314.194.080.027,MODERATION,,PHOTO_REVIEW_REQUIRED | EXACT_KZ_SKU_EVIDENCE_REQUIRED,SHARED_IMAGE_REVIEW_REQUIRED,00000083249,https://www.vladmiva.ru/products/konusnye-trubinnye/806-314-198-544-027/
CANON-ВЛАДМИВА-00000017922,ВладМиВа,886.314.194.100.014,MODERATION,,PHOTO_REVIEW_REQUIRED | EXACT_KZ_SKU_EVIDENCE_REQUIRED,SHARED_IMAGE_REVIEW_REQUIRED,00000017922,https://www.vladmiva.ru/products/konusnye-trubinnye/806-314-199-544-014/
CANON-ВЛАДМИВА-00000015141,ВладМиВа,886.314.194.100.016,MODERATION,,PHOTO_REVIEW_REQUIRED | EXACT_KZ_SKU_EVIDENCE_REQUIRED,SHARED_IMAGE_REVIEW_REQUIRED,00000015141,https://www.vladmiva.ru/products/konusnye-trubinnye/806-314-199-544-016/
CANON-ВЛАДМИВА-00000015175,ВладМиВа,886.314.237.040.018,MODERATION,,PHOTO_REVIEW_REQUIRED | EXACT_KZ_SKU_EVIDENCE_REQUIRED,SHARED_IMAGE_REVIEW_REQUIRED,00000015175,https://www.vladmiva.ru/products/prochie-formy-trubinnye/806-314-238-544-018/
CANON-ВЛАДМИВА-00000015177,ВладМиВа,886.314.245.100.014,MODERATION,,PHOTO_REVIEW_REQUIRED | EXACT_KZ_SKU_EVIDENCE_REQUIRED,SHARED_IMAGE_REVIEW_REQUIRED,00000015177,https://www.vladmiva.ru/products/tsilindricheskie-trubinnye/806-314-250-544-014/
CANON-ВЛАДМИВА-00000015176,ВладМиВа,886.314.245.100.016,MODERATION,,PHOTO_REVIEW_REQUIRED | EXACT_KZ_SKU_EVIDENCE_REQUIRED,SHARED_IMAGE_REVIEW_REQUIRED,00000015176,https://www.vladmiva.ru/products/tsilindricheskie-trubinnye/806-314-250-544-016/
CANON-ВЛАДМИВА-00000017911,ВладМиВа,886.314.245.100.018,MODERATION,,PHOTO_REVIEW_REQUIRED | EXACT_KZ_SKU_EVIDENCE_REQUIRED,SHARED_IMAGE_REVIEW_REQUIRED,00000017911,https://www.vladmiva.ru/products/tsilindricheskie-trubinnye/806-314-250-544-018/
CANON-ВЛАДМИВА-00000012308,ВладМиВа,886.314.245.100.021,MODERATION,,PHOTO_REVIEW_REQUIRED | EXACT_KZ_SKU_EVIDENCE_REQUIRED,SHARED_IMAGE_REVIEW_REQUIRED,00000012308,https://www.vladmiva.ru/products/tsilindricheskie-trubinnye/806-314-250-544-021/
CANON-ВЛАДМИВА-00000055628,ВладМиВа,886.314.245.115.014,MODERATION,,PHOTO_REVIEW_REQUIRED | EXACT_KZ_SKU_EVIDENCE_REQUIRED,SHARED_IMAGE_REVIEW_REQUIRED,00000055628,https://www.vladmiva.ru/products/tsilindricheskie-trubinnye/806-314-251-544-014_1/
CANON-ВЛАДМИВА-00000010868,ВладМиВа,886.314.254.050.025,MODERATION,,PHOTO_REVIEW_REQUIRED | EXACT_KZ_SKU_EVIDENCE_REQUIRED,SHARED_IMAGE_REVIEW_REQUIRED,00000010868,https://www.vladmiva.ru/products/prochie-formy-trubinnye/806-314-257-544-025/
CANON-ВЛАДМИВА-00000055620,ВладМиВа,886.314.272.100.014,MODERATION,,PHOTO_REVIEW_REQUIRED | EXACT_KZ_SKU_EVIDENCE_REQUIRED,SHARED_IMAGE_REVIEW_REQUIRED,00000055620,https://www.vladmiva.ru/products/prochie-formy-trubinnye/806-314-274-544-014_1/
CANON-ВЛАДМИВА-00000017603,ВладМиВа,886.314.272.100.016,MODERATION,,PHOTO_REVIEW_REQUIRED | EXACT_KZ_SKU_EVIDENCE_REQUIRED,SHARED_IMAGE_REVIEW_REQUIRED,00000017603,https://www.vladmiva.ru/products/prochie-formy-trubinnye/806-314-274-544-016/
CANON-ВЛАДМИВА-00000015362,ВладМиВа,886.314.272.100.018,MODERATION,,PHOTO_REVIEW_REQUIRED | EXACT_KZ_SKU_EVIDENCE_REQUIRED,SHARED_IMAGE_REVIEW_REQUIRED,00000015362,https://www.vladmiva.ru/products/prochie-formy-trubinnye/806-314-274-544-018/
CANON-ВЛАДМИВА-00000022977,ВладМиВа,886.314.277.028.016,MODERATION,,PHOTO_REVIEW_REQUIRED | EXACT_KZ_SKU_EVIDENCE_REQUIRED,SHARED_IMAGE_REVIEW_REQUIRED,00000022977,https://www.vladmiva.ru/products/prochie-formy-trubinnye/806-314-277-544-016/
CANON-ВЛАДМИВА-00000018026,ВладМиВа,886.314.277.034.018,MODERATION,,PHOTO_REVIEW_REQUIRED | EXACT_KZ_SKU_EVIDENCE_REQUIRED,SHARED_IMAGE_REVIEW_REQUIRED,00000018026,https://www.vladmiva.ru/products/prochie-formy-trubinnye/806-314-277-544-018/
CANON-ВЛАДМИВА-00000011532,ВладМиВа,886.314.277.036.021,MODERATION,,PHOTO_REVIEW_REQUIRED | EXACT_KZ_SKU_EVIDENCE_REQUIRED,SHARED_IMAGE_REVIEW_REQUIRED,00000011532,https://www.vladmiva.ru/products/prochie-formy-trubinnye/806-314-277-544-021/
CANON-ВЛАДМИВА-00000017910,ВладМиВа,886.314.277.041.023,MODERATION,,PHOTO_REVIEW_REQUIRED | EXACT_KZ_SKU_EVIDENCE_REQUIRED,SHARED_IMAGE_REVIEW_REQUIRED,00000017910,https://www.vladmiva.ru/products/prochie-formy-trubinnye/806-314-277-544-023/
CANON-ВЛАДМИВА-00000010036,ВладМиВа,886.314.277.042.025,MODERATION,,PHOTO_REVIEW_REQUIRED | EXACT_KZ_SKU_EVIDENCE_REQUIRED,SHARED_IMAGE_REVIEW_REQUIRED,00000010036,https://www.vladmiva.ru/products/prochie-formy-trubinnye/806-314-277-544-025/
CANON-ВЛАДМИВА-00000011592,ВладМиВа,886.314.277.042.027,MODERATION,,PHOTO_REVIEW_REQUIRED | EXACT_KZ_SKU_EVIDENCE_REQUIRED,SHARED_IMAGE_REVIEW_REQUIRED,00000011592,https://www.vladmiva.ru/products/prochie-formy-trubinnye/806-314-277-544-027/
CANON-ВЛАДМИВА-00000010330,ВладМиВа,886.314.294.080.012,MODERATION,,PHOTO_REVIEW_REQUIRED | EXACT_KZ_SKU_EVIDENCE_REQUIRED,SHARED_IMAGE_REVIEW_REQUIRED,00000010330,https://www.vladmiva.ru/products/prochie-formy-trubinnye/806-314-298-544-012/
CANON-ВЛАДМИВА-00000020398,ВладМиВа,886.314.294.080.021,MODERATION,,PHOTO_REVIEW_REQUIRED | EXACT_KZ_SKU_EVIDENCE_REQUIRED,SHARED_IMAGE_REVIEW_REQUIRED,00000020398,https://www.vladmiva.ru/products/konusnye-trubinnye/806-314-298-544-021/
CANON-ВЛАДМИВА-00000009725,ВладМиВа,886.314.294.080.023,MODERATION,,PHOTO_REVIEW_REQUIRED | EXACT_KZ_SKU_EVIDENCE_REQUIRED,SHARED_IMAGE_REVIEW_REQUIRED,00000009725,https://www.vladmiva.ru/products/konusnye-trubinnye/806-314-298-544-023/
CANON-ВЛАДМИВА-00000017598,ВладМиВа,886.314.294.100.014,MODERATION,,PHOTO_REVIEW_REQUIRED | EXACT_KZ_SKU_EVIDENCE_REQUIRED,SHARED_IMAGE_REVIEW_REQUIRED,00000017598,https://www.vladmiva.ru/products/konusnye-trubinnye/806-314-299-544-014/
CANON-ВЛАДМИВА-00000015184,ВладМиВа,886.314.294.100.023,MODERATION,,PHOTO_REVIEW_REQUIRED | EXACT_KZ_SKU_EVIDENCE_REQUIRED,SHARED_IMAGE_REVIEW_REQUIRED,00000015184,https://www.vladmiva.ru/products/konusnye-trubinnye/806-314-299-544-023/
CANON-ВЛАДМИВА-00000012380,ВладМиВа,886.314.294.100.025,MODERATION,,PHOTO_REVIEW_REQUIRED | EXACT_KZ_SKU_EVIDENCE_REQUIRED,SHARED_IMAGE_REVIEW_REQUIRED,00000012380,https://www.vladmiva.ru/products/konusnye-trubinnye/806-314-299-544-025/
CANON-ВЛАДМИВА-00000021155,ВладМиВа,886.314.697.000.014,MODERATION,,PHOTO_REVIEW_REQUIRED | EXACT_KZ_SKU_EVIDENCE_REQUIRED,SHARED_IMAGE_REVIEW_REQUIRED,00000021155,https://www.vladmiva.ru/products/sfericheskie-trubinnye/806-314-697-544-014/
CANON-ВЛАДМИВА-00000019800,ВладМиВа,886.315.001.000.014,MODERATION,,PHOTO_REVIEW_REQUIRED | EXACT_KZ_SKU_EVIDENCE_REQUIRED,SHARED_IMAGE_REVIEW_REQUIRED,00000019800,https://www.vladmiva.ru/products/sfericheskie-trubinnye/806-315-001-544-014/
CANON-ВЛАДМИВА-00000019806,ВладМиВа,886.315.001.000.016,MODERATION,,PHOTO_REVIEW_REQUIRED | EXACT_KZ_SKU_EVIDENCE_REQUIRED,SHARED_IMAGE_REVIEW_REQUIRED,00000019806,https://www.vladmiva.ru/products/sfericheskie-trubinnye/806-315-001-544-016/
CANON-ВЛАДМИВА-00000018027,ВладМиВа,886.315.001.000.018,MODERATION,,PHOTO_REVIEW_REQUIRED | EXACT_KZ_SKU_EVIDENCE_REQUIRED,SHARED_IMAGE_REVIEW_REQUIRED,00000018027,https://www.vladmiva.ru/products/sfericheskie-trubinnye/806-315-001-544-018/
CANON-ВЛАДМИВА-00000010462,ВладМиВа,886.315.001.000.021,MODERATION,,PHOTO_REVIEW_REQUIRED | EXACT_KZ_SKU_EVIDENCE_REQUIRED,SHARED_IMAGE_REVIEW_REQUIRED,00000010462,https://www.vladmiva.ru/products/sfericheskie-trubinnye/806-315-001-544-021/
CANON-ВЛАДМИВА-00000012942,ВладМиВа,886.315.001.000.023,MODERATION,,PHOTO_REVIEW_REQUIRED | EXACT_KZ_SKU_EVIDENCE_REQUIRED,SHARED_IMAGE_REVIEW_REQUIRED,00000012942,https://www.vladmiva.ru/products/sfericheskie-trubinnye/806-315-001-544-023/
CANON-ВЛАДМИВА-00000013016,ВладМиВа,886.315.001.000.025,MODERATION,,PHOTO_REVIEW_REQUIRED | EXACT_KZ_SKU_EVIDENCE_REQUIRED,SHARED_IMAGE_REVIEW_REQUIRED,00000013016,https://www.vladmiva.ru/products/sfericheskie-trubinnye/806-315-001-544-025/
CANON-ВЛАДМИВА-00000022311,ВладМиВа,886.315.001.000.027,MODERATION,,PHOTO_REVIEW_REQUIRED | EXACT_KZ_SKU_EVIDENCE_REQUIRED,SHARED_IMAGE_REVIEW_REQUIRED,00000022311,https://www.vladmiva.ru/products/sfericheskie-trubinnye/806-315-001-544-027/
CANON-ВЛАДМИВА-00000012940,ВладМиВа,886.315.001.000.029,MODERATION,,PHOTO_REVIEW_REQUIRED | EXACT_KZ_SKU_EVIDENCE_REQUIRED,SHARED_IMAGE_REVIEW_REQUIRED,00000012940,https://www.vladmiva.ru/products/sfericheskie-trubinnye/806-315-001-544-029/
CANON-ВЛАДМИВА-00000043217,ВладМиВа,886.315.010.016.016,MODERATION,,PHOTO_REVIEW_REQUIRED | EXACT_KZ_SKU_EVIDENCE_REQUIRED,SHARED_IMAGE_REVIEW_REQUIRED,00000043217,https://www.vladmiva.ru/products/konusnye-trubinnye/806-315-010-544-016/
CANON-ВЛАДМИВА-00000041467,ВладМиВа,886.315.010.016.018,MODERATION,,PHOTO_REVIEW_REQUIRED | EXACT_KZ_SKU_EVIDENCE_REQUIRED,SHARED_IMAGE_REVIEW_REQUIRED,00000041467,https://www.vladmiva.ru/products/konusnye-trubinnye/806-315-010-544-018/
CANON-ВЛАДМИВА-00000015317,ВладМиВа,886.315.010.016.021,MODERATION,,PHOTO_REVIEW_REQUIRED | EXACT_KZ_SKU_EVIDENCE_REQUIRED,SHARED_IMAGE_REVIEW_REQUIRED,00000015317,https://www.vladmiva.ru/products/konusnye-trubinnye/806-315-010-544-021/
CANON-ВЛАДМИВА-00000022324,ВладМиВа,886.315.107.040.016,MODERATION,,PHOTO_REVIEW_REQUIRED | EXACT_KZ_SKU_EVIDENCE_REQUIRED,SHARED_IMAGE_REVIEW_REQUIRED,00000022324,https://www.vladmiva.ru/products/tsilindricheskie-trubinnye/806-315-109-544-016/
CANON-ВЛАДМИВА-00000022309,ВладМиВа,886.315.107.060.021,MODERATION,,PHOTO_REVIEW_REQUIRED | EXACT_KZ_SKU_EVIDENCE_REQUIRED,SHARED_IMAGE_REVIEW_REQUIRED,00000022309,https://www.vladmiva.ru/products/tsilindricheskie-trubinnye/806-315-110-544-021/
CANON-ВЛАДМИВА-00000034623,ВладМиВа,886.315.107.060.025,MODERATION,,PHOTO_REVIEW_REQUIRED | EXACT_KZ_SKU_EVIDENCE_REQUIRED,SHARED_IMAGE_REVIEW_REQUIRED,00000034623,https://www.vladmiva.ru/products/tsilindricheskie-trubinnye/806-315-110-544-025/
CANON-ВЛАДМИВА-00000015315,ВладМиВа,886.315.107.080.014,MODERATION,,PHOTO_REVIEW_REQUIRED | EXACT_KZ_SKU_EVIDENCE_REQUIRED,SHARED_IMAGE_REVIEW_REQUIRED,00000015315,https://www.vladmiva.ru/products/tsilindricheskie-trubinnye/806-315-111-544-014/
CANON-ВЛАДМИВА-00000013441,ВладМиВа,886.315.107.080.016,MODERATION,,PHOTO_REVIEW_REQUIRED | EXACT_KZ_SKU_EVIDENCE_REQUIRED,SHARED_IMAGE_REVIEW_REQUIRED,00000013441,https://www.vladmiva.ru/products/tsilindricheskie-trubinnye/806-315-111-544-016/
CANON-ВЛАДМИВА-00000021095,ВладМиВа,886.315.107.080.018,MODERATION,,PHOTO_REVIEW_REQUIRED | EXACT_KZ_SKU_EVIDENCE_REQUIRED,SHARED_IMAGE_REVIEW_REQUIRED,00000021095,https://www.vladmiva.ru/products/tsilindricheskie-trubinnye/806-315-111-544-018/
CANON-ВЛАДМИВА-00000021071,ВладМиВа,886.315.107.080.021,MODERATION,,PHOTO_REVIEW_REQUIRED | EXACT_KZ_SKU_EVIDENCE_REQUIRED,SHARED_IMAGE_REVIEW_REQUIRED,00000021071,https://www.vladmiva.ru/products/tsilindricheskie-trubinnye/806-315-111-544-021/
CANON-ВЛАДМИВА-00000022326,ВладМиВа,886.315.126.080.016,MODERATION,,PHOTO_REVIEW_REQUIRED | EXACT_KZ_SKU_EVIDENCE_REQUIRED,SHARED_IMAGE_REVIEW_REQUIRED,00000022326,https://www.vladmiva.ru/products/tsilindricheskie-trubinnye/806-315-130-544-016/
CANON-ВЛАДМИВА-00000036456,ВладМиВа,886.315.126.080.018,MODERATION,,PHOTO_REVIEW_REQUIRED | EXACT_KZ_SKU_EVIDENCE_REQUIRED,SHARED_IMAGE_REVIEW_REQUIRED,00000036456,https://www.vladmiva.ru/products/tsilindricheskie-trubinnye/806-315-130-544-018/
CANON-ВЛАДМИВА-00000021522,ВладМиВа,886.315.126.100.014,MODERATION,,PHOTO_REVIEW_REQUIRED | EXACT_KZ_SKU_EVIDENCE_REQUIRED,SHARED_IMAGE_REVIEW_REQUIRED,00000021522,https://www.vladmiva.ru/products/tsilindricheskie-trubinnye/806-315-131-544-014/
CANON-ВЛАДМИВА-00000021566,ВладМиВа,886.315.126.100.016,MODERATION,,PHOTO_REVIEW_REQUIRED | EXACT_KZ_SKU_EVIDENCE_REQUIRED,SHARED_IMAGE_REVIEW_REQUIRED,00000021566,https://www.vladmiva.ru/products/tsilindricheskie-trubinnye/806-315-131-544-016/
CANON-ВЛАДМИВА-00000021471,ВладМиВа,886.315.126.100.018,MODERATION,,PHOTO_REVIEW_REQUIRED | EXACT_KZ_SKU_EVIDENCE_REQUIRED,SHARED_IMAGE_REVIEW_REQUIRED,00000021471,https://www.vladmiva.ru/products/tsilindricheskie-trubinnye/806-315-131-544-018/
CANON-ВЛАДМИВА-00000037239,ВладМиВа,886.315.137.080.016,MODERATION,,PHOTO_REVIEW_REQUIRED | EXACT_KZ_SKU_EVIDENCE_REQUIRED,SHARED_IMAGE_REVIEW_REQUIRED,00000037239,https://www.vladmiva.ru/products/tsilindricheskie-trubinnye/806-315-141-544-016/
CANON-ВЛАДМИВА-00000024116,ВладМиВа,886.315.164.100.027,MODERATION,,PHOTO_REVIEW_REQUIRED | EXACT_KZ_SKU_EVIDENCE_REQUIRED,SHARED_IMAGE_REVIEW_REQUIRED,00000024116,https://www.vladmiva.ru/products/konusnye-trubinnye/806-315-166-544-027/
CANON-ВЛАДМИВА-00000022380,ВладМиВа,886.315.194.100.014,MODERATION,,PHOTO_REVIEW_REQUIRED | EXACT_KZ_SKU_EVIDENCE_REQUIRED,SHARED_IMAGE_REVIEW_REQUIRED,00000022380,https://www.vladmiva.ru/products/konusnye-trubinnye/806-315-199-544-014/
CANON-ВЛАДМИВА-00000040163,ВладМиВа,886.315.194.100.018,MODERATION,,PHOTO_REVIEW_REQUIRED | EXACT_KZ_SKU_EVIDENCE_REQUIRED,SHARED_IMAGE_REVIEW_REQUIRED,00000040163,https://www.vladmiva.ru/products/konusnye-trubinnye/806-315-199-544-018/
CANON-ВЛАДМИВА-00000076165,ВладМиВа,886.315.254.045.021,MODERATION,,PHOTO_REVIEW_REQUIRED | EXACT_KZ_SKU_EVIDENCE_REQUIRED,SHARED_IMAGE_REVIEW_REQUIRED,00000076165,https://www.vladmiva.ru/products/prochie-formy-trubinnye/806-315-257-544-021/
CANON-ВЛАДМИВА-00000024052,ВладМиВа,886.315.254.050.025,MODERATION,,PHOTO_REVIEW_REQUIRED | EXACT_KZ_SKU_EVIDENCE_REQUIRED,SHARED_IMAGE_REVIEW_REQUIRED,00000024052,https://www.vladmiva.ru/products/prochie-formy-trubinnye/806-315-257-544-025/
CANON-ВЛАДМИВА-00000020358,ВладМиВа,886.315.277.036.021,MODERATION,,PHOTO_REVIEW_REQUIRED | EXACT_KZ_SKU_EVIDENCE_REQUIRED,SHARED_IMAGE_REVIEW_REQUIRED,00000020358,https://www.vladmiva.ru/products/prochie-formy-trubinnye/806-315-277-544-021/
CANON-ВЛАДМИВА-00000020357,ВладМиВа,886.315.277.041.023,MODERATION,,PHOTO_REVIEW_REQUIRED | EXACT_KZ_SKU_EVIDENCE_REQUIRED,SHARED_IMAGE_REVIEW_REQUIRED,00000020357,https://www.vladmiva.ru/products/prochie-formy-trubinnye/806-315-277-544-023/
CANON-ВЛАДМИВА-00000045304,ВладМиВа,886.315.697.000.014,MODERATION,,PHOTO_REVIEW_REQUIRED | EXACT_KZ_SKU_EVIDENCE_REQUIRED,SHARED_IMAGE_REVIEW_REQUIRED,00000045304,https://www.vladmiva.ru/products/sfericheskie-trubinnye/806-315-697-544-014/
CANON-ВЛАДМИВА-00-00068000,ВладМиВа,886.315.697.000.018,MODERATION,,PHOTO_REVIEW_REQUIRED | EXACT_KZ_SKU_EVIDENCE_REQUIRED,SHARED_IMAGE_REVIEW_REQUIRED,00-00068000,https://www.vladmiva.ru/products/sfericheskie-trubinnye/806-315-697-544-018/
CANON-ВЛАДМИВА-00000022406,ВладМиВа,886.316.001.000.014,MODERATION,,PHOTO_REVIEW_REQUIRED | EXACT_KZ_SKU_EVIDENCE_REQUIRED,SHARED_IMAGE_REVIEW_REQUIRED,00000022406,https://www.vladmiva.ru/products/sfericheskie-trubinnye/806-316-001-544-014/
CANON-ВЛАДМИВА-00000012864,ВладМиВа,886.316.001.000.016,MODERATION,,PHOTO_REVIEW_REQUIRED | EXACT_KZ_SKU_EVIDENCE_REQUIRED,SHARED_IMAGE_REVIEW_REQUIRED,00000012864,https://www.vladmiva.ru/products/sfericheskie-trubinnye/806-316-001-544-016/
CANON-ВЛАДМИВА-00000022384,ВладМиВа,886.316.001.000.018,MODERATION,,PHOTO_REVIEW_REQUIRED | EXACT_KZ_SKU_EVIDENCE_REQUIRED,SHARED_IMAGE_REVIEW_REQUIRED,00000022384,https://www.vladmiva.ru/products/sfericheskie-trubinnye/806-316-001-544-018/
CANON-ВЛАДМИВА-00000021350,ВладМиВа,886.316.001.000.021,MODERATION,,PHOTO_REVIEW_REQUIRED | EXACT_KZ_SKU_EVIDENCE_REQUIRED,SHARED_IMAGE_REVIEW_REQUIRED,00000021350,https://www.vladmiva.ru/products/sfericheskie-trubinnye/806-316-001-544-021/
CANON-ВЛАДМИВА-00000023068,ВладМиВа,886.316.001.000.023,MODERATION,,PHOTO_REVIEW_REQUIRED | EXACT_KZ_SKU_EVIDENCE_REQUIRED,SHARED_IMAGE_REVIEW_REQUIRED,00000023068,https://www.vladmiva.ru/products/sfericheskie-trubinnye/806-316-001-544-023/
CANON-ВЛАДМИВА-00000024102,ВладМиВа,886.316.001.000.025,MODERATION,,PHOTO_REVIEW_REQUIRED | EXACT_KZ_SKU_EVIDENCE_REQUIRED,SHARED_IMAGE_REVIEW_REQUIRED,00000024102,https://www.vladmiva.ru/products/sfericheskie-trubinnye/806-316-001-544-025/
CANON-ВЛАДМИВА-00000036244,ВладМиВа,886.316.001.000.027,MODERATION,,PHOTO_REVIEW_REQUIRED | EXACT_KZ_SKU_EVIDENCE_REQUIRED,SHARED_IMAGE_REVIEW_REQUIRED,00000036244,https://www.vladmiva.ru/products/sfericheskie-trubinnye/806-316-001-544-027/
CANON-ВЛАДМИВА-00000025806,ВладМиВа,"БЕЛАГЕЛЬ О ЛАЙТ/10%/1,5 г",MODERATION,,PHOTO_REVIEW_REQUIRED | EXACT_KZ_SKU_EVIDENCE_REQUIRED,SHARED_IMAGE_REVIEW_REQUIRED,00000025806,https://www.vladmiva.ru/products/otbelivayushchie/belagel-o-10-layt-1-5-ml-vladmiva-/
CANON-ВЛАДМИВА-00000008915,ВладМиВа,"БЕЛАГЕЛЬ О ЛАЙТ/15%/1,5 г",MODERATION,,PHOTO_REVIEW_REQUIRED | EXACT_KZ_SKU_EVIDENCE_REQUIRED,SHARED_IMAGE_REVIEW_REQUIRED,00000008915,https://www.vladmiva.ru/products/otbelivayushchie/belagel-o-15-layt-1-5-ml-vladmiva-/
CANON-ВЛАДМИВА-00000059439,ВладМиВа,Белагель F / клубника / 5мл,MODERATION,,PHOTO_REVIEW_REQUIRED | EXACT_KZ_SKU_EVIDENCE_REQUIRED,SHARED_IMAGE_REVIEW_REQUIRED,00000059439,https://www.vladmiva.ru/products/profilaktika-kariesa/belagel-f-5ml-klubnika-vladmiva-/
CANON-ВЛАДМИВА-00000009396,ВладМиВа,БЕЛОЛИТ - С/125 мл,MODERATION,,PHOTO_REVIEW_REQUIRED | EXACT_KZ_SKU_EVIDENCE_REQUIRED,SHARED_IMAGE_REVIEW_REQUIRED,00000009396,https://www.vladmiva.ru/products/vspomogatelnye/belolit-s-125ml-vladmiva_1/
CANON-ВЛАДМИВА-00000034598,ВладМиВа,"ДЕНТЛАЙТ/DB1/4,5 г",MODERATION,,PHOTO_REVIEW_REQUIRED | EXACT_KZ_SKU_EVIDENCE_REQUIRED,SHARED_IMAGE_REVIEW_REQUIRED,00000034598,https://www.vladmiva.ru/products/kompozity/sv-dentlayt-dv1-shpr-4-5g-univer-mk-gibrid-komp-vmv/
CANON-ВЛАДМИВА-00000032646,ВладМиВа,"ДЕНТЛАЙТ/DC2/4,5 г",MODERATION,,PHOTO_REVIEW_REQUIRED | EXACT_KZ_SKU_EVIDENCE_REQUIRED,SHARED_IMAGE_REVIEW_REQUIRED,00000032646,https://www.vladmiva.ru/products/kompozity/sv-dentlayt-ds2-shpr-4-5g-univer-mk-gibrid-komp-vmv/
CANON-ВЛАДМИВА-00000046247,ВладМиВа,"ДЕНТЛАЙТ/EB3/4,5 г",MODERATION,,PHOTO_REVIEW_REQUIRED | EXACT_KZ_SKU_EVIDENCE_REQUIRED,SHARED_IMAGE_REVIEW_REQUIRED,00000046247,https://www.vladmiva.ru/products/kompozity/sv-dentlayt-ev3-shpr-4-5g-univer-mk-gibrid-komp-vmv/
CANON-ВЛАДМИВА-00000046246,ВладМиВа,"ДЕНТЛАЙТ/ED3/4,5 г",MODERATION,,PHOTO_REVIEW_REQUIRED | EXACT_KZ_SKU_EVIDENCE_REQUIRED,SHARED_IMAGE_REVIEW_REQUIRED,00000046246,https://www.vladmiva.ru/products/kompozity/sv-dentlayt-ed3-shpr-4-5g-univer-mk-gibrid-komp-vmv/
CANON-ВЛАДМИВА-00000034844,ВладМиВа,"ДИСКИ СЕПАРАЦИОННЫЕ ВУЛКАНИТОВЫЕ/d–18,0 мм/400 шт",MODERATION,,PHOTO_REVIEW_REQUIRED | EXACT_KZ_SKU_EVIDENCE_REQUIRED,SHARED_IMAGE_REVIEW_REQUIRED,00000034844,https://www.vladmiva.ru/products/ortopedicheskie4/diski-separatsionnye-vulkanitovye-d-18-0-mm-400-sht-polimer-stomatologiya/
CANON-ВЛАДМИВА-00000034845,ВладМиВа,"ДИСКИ СЕПАРАЦИОННЫЕ ВУЛКАНИТОВЫЕ/d–22,0 мм/400 шт",MODERATION,,PHOTO_REVIEW_REQUIRED | EXACT_KZ_SKU_EVIDENCE_REQUIRED,SHARED_IMAGE_REVIEW_REQUIRED,00000034845,https://www.vladmiva.ru/products/ortopedicheskie4/diski-separatsionnye-vulkanitovye-d-22-0-mm-400-sht-polimer-stomatologiya/
CANON-ВЛАДМИВА-00000074741,ВладМиВа,"ДИСКИ СЕПАРАЦИОННЫЕ ВУЛКАНИТОВЫЕ/d–22,0 мм/50 шт",MODERATION,,PHOTO_REVIEW_REQUIRED | EXACT_KZ_SKU_EVIDENCE_REQUIRED,SHARED_IMAGE_REVIEW_REQUIRED,00000074741,https://www.vladmiva.ru/products/ortopedicheskie4/diski-separatsionnye-vulkanitovye-d-22-0-mm-50sht-polimer-stomatologiya/
CANON-ВЛАДМИВА-00000071424,ВладМиВа,ЗЕРКАЛО СТОМАТОЛОГИЧЕСКОЕ арт.1903 ПП,MODERATION,,PHOTO_REVIEW_REQUIRED | EXACT_KZ_SKU_EVIDENCE_REQUIRED,SHARED_IMAGE_REVIEW_REQUIRED,00000071424,https://www.vladmiva.ru/products/terapevticheskie-instrumenty/zerkalo-stomat-art-1903pp-belmedinstrumenty/
CANON-ВЛАДМИВА-00000071426,ВладМиВа,ЗЕРКАЛО СТОМАТОЛОГИЧЕСКОЕ арт.1904 ПП,MODERATION,,PHOTO_REVIEW_REQUIRED | EXACT_KZ_SKU_EVIDENCE_REQUIRED,SHARED_IMAGE_REVIEW_REQUIRED,00000071426,https://www.vladmiva.ru/products/terapevticheskie-instrumenty/zerkalo-stomat-art-1904pp-belmedinstrumenty/
CANON-ВЛАДМИВА-00000071425,ВладМиВа,ЗЕРКАЛО СТОМАТОЛОГИЧЕСКОЕ арт.1905 ПП,MODERATION,,PHOTO_REVIEW_REQUIRED | EXACT_KZ_SKU_EVIDENCE_REQUIRED,SHARED_IMAGE_REVIEW_REQUIRED,00000071425,https://www.vladmiva.ru/products/terapevticheskie-instrumenty/zerkalo-stomat-art-1905pp-belmedinstrumenty/
CANON-ВЛАДМИВА-00000071427,ВладМиВа,ЗЕРКАЛО СТОМАТОЛОГИЧЕСКОЕ арт.1907 ПП,MODERATION,,PHOTO_REVIEW_REQUIRED | EXACT_KZ_SKU_EVIDENCE_REQUIRED,SHARED_IMAGE_REVIEW_REQUIRED,00000071427,https://www.vladmiva.ru/products/terapevticheskie-instrumenty/zerkalo-stomat-art-1907pp-belmedinstrumenty/
CANON-ВЛАДМИВА-00000071428,ВладМиВа,ЗЕРКАЛО СТОМАТОЛОГИЧЕСКОЕ арт.1908 ПП,MODERATION,,PHOTO_REVIEW_REQUIRED | EXACT_KZ_SKU_EVIDENCE_REQUIRED,SHARED_IMAGE_REVIEW_REQUIRED,00000071428,https://www.vladmiva.ru/products/terapevticheskie-instrumenty/zerkalo-stomat-art-1908pp-belmedinstrumenty/
CANON-ВЛАДМИВА-00000071429,ВладМиВа,ЗЕРКАЛО СТОМАТОЛОГИЧЕСКОЕ арт.1909 ПП,MODERATION,,PHOTO_REVIEW_REQUIRED | EXACT_KZ_SKU_EVIDENCE_REQUIRED,SHARED_IMAGE_REVIEW_REQUIRED,00000071429,https://www.vladmiva.ru/products/terapevticheskie-instrumenty/zerkalo-stomat-art-1909pp-belmedinstrumenty/
CANON-ВЛАДМИВА-00000083754,ВладМиВа,КАССЕТА СТЕРИЛИЗАЦИОННАЯ КСИ-6 арт.120-9 ЮП,MODERATION,,PHOTO_REVIEW_REQUIRED | EXACT_KZ_SKU_EVIDENCE_REQUIRED,SHARED_IMAGE_REVIEW_REQUIRED,00000083754,https://www.vladmiva.ru/products/terapevticheskie-instrumenty/kasseta-sterilizatsion-ksii-16-art-120-10-yup-belmedinstrumenty/
CANON-ВЛАДМИВА-00000025215,ВладМиВа,"КЛАММЕРЫ СТАЛЬНЫЕ КРУГЛЫЕ (TiN)/d–1,0 мм/ L=25мм/1 шт",MODERATION,,PHOTO_REVIEW_REQUIRED | EXACT_KZ_SKU_EVIDENCE_REQUIRED,SHARED_IMAGE_REVIEW_REQUIRED,00000025215,https://www.vladmiva.ru/products/ortopedicheskie4/klammery-tin-d-1-0-l25mm-polimer-stomatologiya/
CANON-ВЛАДМИВА-00000025216,ВладМиВа,"КЛАММЕРЫ СТАЛЬНЫЕ КРУГЛЫЕ (TiN)/d–1,0 мм/ L=32мм/1 шт",MODERATION,,PHOTO_REVIEW_REQUIRED | EXACT_KZ_SKU_EVIDENCE_REQUIRED,SHARED_IMAGE_REVIEW_REQUIRED,00000025216,https://www.vladmiva.ru/products/ortopedicheskie4/klammery-tin-d-1-0-l32mm-polimer-stomatologiya/
CANON-ВЛАДМИВА-00000025214,ВладМиВа,"КЛАММЕРЫ СТАЛЬНЫЕ КРУГЛЫЕ (TiN)/d–1,2 мм/ L=25мм/1 шт",MODERATION,,PHOTO_REVIEW_REQUIRED | EXACT_KZ_SKU_EVIDENCE_REQUIRED,SHARED_IMAGE_REVIEW_REQUIRED,00000025214,https://www.vladmiva.ru/products/ortopedicheskie4/klammery-tin-d-1-2-l25mm-polimer-stomatologiya/
CANON-ВЛАДМИВА-00000025217,ВладМиВа,"КЛАММЕРЫ СТАЛЬНЫЕ КРУГЛЫЕ (TiN)/d–1,2 мм/ L=32мм/1 шт",MODERATION,,PHOTO_REVIEW_REQUIRED | EXACT_KZ_SKU_EVIDENCE_REQUIRED,SHARED_IMAGE_REVIEW_REQUIRED,00000025217,https://www.vladmiva.ru/products/ortopedicheskie4/klammery-tin-d-1-2-l32mm-polimer-stomatologiya/
CANON-ВЛАДМИВА-00000024969,ВладМиВа,"КЛАММЕРЫ СТАЛЬНЫЕ КРУГЛЫЕ/d–1,0 мм (L=32 мм и L=25мм)/160 шт + 340 шт",MODERATION,,PHOTO_REVIEW_REQUIRED | EXACT_KZ_SKU_EVIDENCE_REQUIRED,SHARED_IMAGE_REVIEW_REQUIRED,00000024969,https://www.vladmiva.ru/products/ortopedicheskie4/klammery-f-1-0-500sht-polimer-stomatologiya/
CANON-ВЛАДМИВА-00000024970,ВладМиВа,"КЛАММЕРЫ СТАЛЬНЫЕ КРУГЛЫЕ/d–1,2 мм (L=32 мм и L=25мм)/160 шт + 340 шт",MODERATION,,PHOTO_REVIEW_REQUIRED | EXACT_KZ_SKU_EVIDENCE_REQUIRED,SHARED_IMAGE_REVIEW_REQUIRED,00000024970,https://www.vladmiva.ru/products/ortopedicheskie4/klammery-f-1-2-500sht-polimer-stomatologiya/
CANON-ВЛАДМИВА-00000018708,ВладМиВа,КОЛОРДЕНТ/набор 12 шт,MODERATION,,PHOTO_REVIEW_REQUIRED | EXACT_KZ_SKU_EVIDENCE_REQUIRED,SHARED_IMAGE_REVIEW_REQUIRED,00000018708,https://www.vladmiva.ru/products/profilakticheskie/kolordent-nabor-12tsvkh6ml_1/
CANON-ВЛАДМИВА-00000072048,ВладМиВа,"КРУГИ ПРОРЕЗНЫЕ НА ВУЛКАНИТОВОЙ СВЯЗКЕ/d 20,0 мм, Т 0,5 мм/50 шт",MODERATION,,PHOTO_REVIEW_REQUIRED | EXACT_KZ_SKU_EVIDENCE_REQUIRED,SHARED_IMAGE_REVIEW_REQUIRED,00000072048,https://www.vladmiva.ru/products/ortopedicheskie4/krugi-proreznye-stomat-na-vulk-svyazke-20-0mmkh0-5mm-50sht-polimer-stomatologiya/
CANON-ВЛАДМИВА-00000071242,ВладМиВа,"КРУГИ ПРОРЕЗНЫЕ НА ВУЛКАНИТОВОЙ СВЯЗКЕ/d 20,0 мм, Т 1 мм/50 шт",MODERATION,,PHOTO_REVIEW_REQUIRED | EXACT_KZ_SKU_EVIDENCE_REQUIRED,SHARED_IMAGE_REVIEW_REQUIRED,00000071242,https://www.vladmiva.ru/products/ortopedicheskie4/krugi-proreznye-stomat-na-vulk-svyazke-20-0mmkh1-0mm-50sht-polimer-stomatologiya/
CANON-ВЛАДМИВА-00000039231,ВладМиВа,"КРУГИ ПРОРЕЗНЫЕ НА ВУЛКАНИТОВОЙ СВЯЗКЕ/d 40,0 мм, Т 1,0 мм, d отв. 2,0 мм/45 шт",MODERATION,,PHOTO_REVIEW_REQUIRED | EXACT_KZ_SKU_EVIDENCE_REQUIRED,SHARED_IMAGE_REVIEW_REQUIRED,00000039231,https://www.vladmiva.ru/products/ortopedicheskie4/krugi-proreznye-stomat-na-vulk-svyazke-40-0mmkh1-0mm-45sht-polimer-stomatologiya/
CANON-ВЛАДМИВА-00000034850,ВладМиВа,"КРУГИ ПРОРЕЗНЫЕ НА ВУЛКАНИТОВОЙ СВЯЗКЕ/d 40,0 мм, Т 1,5 мм, d отв. 2,0 мм/30 шт",MODERATION,,PHOTO_REVIEW_REQUIRED | EXACT_KZ_SKU_EVIDENCE_REQUIRED,SHARED_IMAGE_REVIEW_REQUIRED,00000034850,https://www.vladmiva.ru/products/ortopedicheskie4/krugi-proreznye-stomat-na-vulk-svyazke-40-0mmkh1-5mm-30sht-polimer-stomatologiya/
CANON-ВЛАДМИВА-00000079261,ВладМиВа,НОЛАПРИНТ для бытовых моделей/желтая/1 кг,MODERATION,,PHOTO_REVIEW_REQUIRED | EXACT_KZ_SKU_EVIDENCE_REQUIRED,SHARED_IMAGE_REVIEW_REQUIRED,00000079261,https://www.vladmiva.ru/products/fotopolimery-dlya-3d-pechati/nolaprint-dlya-bytovykh-modeley-zheltaya-1000g-vmv/
CANON-ВЛАДМИВА-00000079262,ВладМиВа,НОЛАПРИНТ для бытовых моделей/красная/1 кг,MODERATION,,PHOTO_REVIEW_REQUIRED | EXACT_KZ_SKU_EVIDENCE_REQUIRED,SHARED_IMAGE_REVIEW_REQUIRED,00000079262,https://www.vladmiva.ru/products/fotopolimery-dlya-3d-pechati/nolaprint-dlya-bytovykh-modeley-krasnaya-1000g-vmv/
CANON-ВЛАДМИВА-00000079263,ВладМиВа,НОЛАПРИНТ для бытовых моделей/оранжевая/1 кг,MODERATION,,PHOTO_REVIEW_REQUIRED | EXACT_KZ_SKU_EVIDENCE_REQUIRED,SHARED_IMAGE_REVIEW_REQUIRED,00000079263,https://www.vladmiva.ru/products/fotopolimery-dlya-3d-pechati/nolaprint-dlya-bytovykh-modeley-oranzhevaya-1000g-vmv/
CANON-ВЛАДМИВА-00000079264,ВладМиВа,НОЛАПРИНТ для бытовых моделей/хроматик/1 кг,MODERATION,,PHOTO_REVIEW_REQUIRED | EXACT_KZ_SKU_EVIDENCE_REQUIRED,SHARED_IMAGE_REVIEW_REQUIRED,00000079264,https://www.vladmiva.ru/products/fotopolimery-dlya-3d-pechati/nolaprint-dlya-bytovykh-modeley-khromatik-1000g-vmv/
CANON-ВЛАДМИВА-00000043543,ВладМиВа,"НОЛАТЕК - опаковая масса/розовая (DO1)/1,8 г",MODERATION,,PHOTO_REVIEW_REQUIRED | EXACT_KZ_SKU_EVIDENCE_REQUIRED,SHARED_IMAGE_REVIEW_REQUIRED,00000043543,https://www.vladmiva.ru/products/zubotekhnicheskie/nolatek-opakovaya-massa-do1-rozovaya-1-8g-vmv/
CANON-ВЛАДМИВА-00000043538,ВладМиВа,"НОЛАТЕК/Паста А2/4,0 г",MODERATION,,PHOTO_REVIEW_REQUIRED | EXACT_KZ_SKU_EVIDENCE_REQUIRED,SHARED_IMAGE_REVIEW_REQUIRED,00000043538,https://www.vladmiva.ru/products/plastmassy/nolatek-pasta-a2-4-0g-ostatki-vmv/
CANON-ВЛАДМИВА-00000043540,ВладМиВа,"НОЛАТЕК/Паста А3,5/4,0 г",MODERATION,,PHOTO_REVIEW_REQUIRED | EXACT_KZ_SKU_EVIDENCE_REQUIRED,SHARED_IMAGE_REVIEW_REQUIRED,00000043540,https://www.vladmiva.ru/products/plastmassy/nolatek-pasta-a3-5-4-0g-ostatki-vmv/
CANON-ВЛАДМИВА-00000043539,ВладМиВа,"НОЛАТЕК/Паста А3/4,0 г",MODERATION,,PHOTO_REVIEW_REQUIRED | EXACT_KZ_SKU_EVIDENCE_REQUIRED,SHARED_IMAGE_REVIEW_REQUIRED,00000043539,https://www.vladmiva.ru/products/plastmassy/nolatek-pasta-a3-4-0g-ostatki-vmv/
CANON-ВЛАДМИВА-00000057028,ВладМиВа,"ТЕМПОКОР АВТОМИКС/А 2/6,0 + 6,0 г + 15 смесителей",MODERATION,,PHOTO_REVIEW_REQUIRED | EXACT_KZ_SKU_EVIDENCE_REQUIRED,SHARED_IMAGE_REVIEW_REQUIRED,00000057028,https://www.vladmiva.ru/products/ortopedicheskie/tempokor-pasta-pasta-avtomiks-6g-6g-a2-vladmiva/
CANON-ВЛАДМИВА-00000061748,ВладМиВа,"ТЕМПОКОР АВТОМИКС/А 3/6,0 + 6,0 г + 15 смесителей",MODERATION,,PHOTO_REVIEW_REQUIRED | EXACT_KZ_SKU_EVIDENCE_REQUIRED,SHARED_IMAGE_REVIEW_REQUIRED,00000061748,https://www.vladmiva.ru/products/ortopedicheskie/tempokor-pasta-pasta-avtomiks-6g-6g-a3-vladmiva/
CANON-ВЛАДМИВА-00000001566,ВладМиВа,ФИССХИМ/белая/3 мл + 3 мл + 5 мл,MODERATION,,PHOTO_REVIEW_REQUIRED | EXACT_KZ_SKU_EVIDENCE_REQUIRED,SHARED_IMAGE_REVIEW_REQUIRED,00000001566,https://www.vladmiva.ru/products/profilakticheskie/fisskhim-kolor-belyy-germetik-khim-otv-vladmiva/
CANON-ВЛАДМИВА-00000025846,ВладМиВа,ФИССХИМ/жёлтая/3 мл + 3 мл + 5 мл,MODERATION,,PHOTO_REVIEW_REQUIRED | EXACT_KZ_SKU_EVIDENCE_REQUIRED,SHARED_IMAGE_REVIEW_REQUIRED,00000025846,https://www.vladmiva.ru/products/profilakticheskie/fisskhim-kolor-zheltyy-3-3-5ml-vladmiva/
CANON-ВЛАДМИВА-00000025847,ВладМиВа,ФИССХИМ/зеленая/3 мл + 3 мл + 5 мл,MODERATION,,PHOTO_REVIEW_REQUIRED | EXACT_KZ_SKU_EVIDENCE_REQUIRED,SHARED_IMAGE_REVIEW_REQUIRED,00000025847,https://www.vladmiva.ru/products/profilakticheskie/fisskhim-kolor-zelenyy-3-3-5ml-vladmiva/
CANON-ВЛАДМИВА-00000025849,ВладМиВа,ФИССХИМ/красная/3 мл + 3 мл + 5 мл,MODERATION,,PHOTO_REVIEW_REQUIRED | EXACT_KZ_SKU_EVIDENCE_REQUIRED,SHARED_IMAGE_REVIEW_REQUIRED,00000025849,https://www.vladmiva.ru/products/profilakticheskie/fisskhim-kolor-krasnyy-3-3-5ml-vladmiva/
CANON-ВЛАДМИВА-00000025848,ВладМиВа,ФИССХИМ/синяя/3 мл + 3 мл + 5 мл,MODERATION,,PHOTO_REVIEW_REQUIRED | EXACT_KZ_SKU_EVIDENCE_REQUIRED,SHARED_IMAGE_REVIEW_REQUIRED,00000025848,https://www.vladmiva.ru/products/profilakticheskie/fisskhim-kolor-siniy-3-3-5ml-vladmiva/
CANON-ВЛАДМИВА-00000071509,ВладМиВа,ЩИПЦЫ ДЛЯ УДАЛЕНИЯ молочных моляров нижней челюсти No22А арт.104-2 ВП,MODERATION,,PHOTO_REVIEW_REQUIRED | EXACT_KZ_SKU_EVIDENCE_REQUIRED,SHARED_IMAGE_REVIEW_REQUIRED,00000071509,https://www.vladmiva.ru/products/khirurgicheskie-instrumenty/shchiptsy-d-udaleniya-moloch-molyar-nizhney-chelyusti-22a-art-104-2-vp-belmedinstrumenty/
CANON-ВЛАДМИВА-00000071514,ВладМиВа,ЩИПЦЫ ДЛЯ УДАЛЕНИЯ моляров нижней челюсти No22 врт.104-5 ВП,MODERATION,,PHOTO_REVIEW_REQUIRED | EXACT_KZ_SKU_EVIDENCE_REQUIRED,SHARED_IMAGE_REVIEW_REQUIRED,00000071514,https://www.vladmiva.ru/products/khirurgicheskie-instrumenty/shchiptsy-d-udaleniya-moloch-molyar-nizhney-chelyusti-22-art-104-5-vp-belmedinstrumenty/
CANON-ВЛАДМИВА-00000071435,ВладМиВа,ЭКРАН ЗАЩИТНЫЙ/корона/ арт.1000-1,MODERATION,,PHOTO_REVIEW_REQUIRED | EXACT_KZ_SKU_EVIDENCE_REQUIRED,SHARED_IMAGE_REVIEW_REQUIRED,00000071435,https://www.vladmiva.ru/products/terapevticheskie-instrumenty/ekran-zashchitnyy-korona-art-1000-1-belmedinstrumenty/
CANON-ВЛАДМИВА-00000071605,ВладМиВа,"ЭКРАН ЗАЩИТНЫЙ/толщина 0,2 мм/арт. 1000-1",MODERATION,,PHOTO_REVIEW_REQUIRED | EXACT_KZ_SKU_EVIDENCE_REQUIRED,SHARED_IMAGE_REVIEW_REQUIRED,00000071605,https://www.vladmiva.ru/products/terapevticheskie-instrumenty/ekran-zashchitnyy-tolshchina-0-2mm-art-1000-1-belmedinstrumenty/
CANON-ВЛАДМИВА-00000071591,ВладМиВа,"ЭКРАН ЗАЩИТНЫЙ/удлинённый щиток 0,3 мм/ арт. 1000-1",MODERATION,,PHOTO_REVIEW_REQUIRED | EXACT_KZ_SKU_EVIDENCE_REQUIRED,SHARED_IMAGE_REVIEW_REQUIRED,00000071591,https://www.vladmiva.ru/products/terapevticheskie-instrumenty/ekran-zashchitnyy-udlinennyy-art-1000-1-belmedinstrumenty/
CANON-ВЛАДМИВА-00000071490,ВладМиВа,ЭЛЕВАТОР зубной угловой правый арт. 106-16 ВП,MODERATION,,PHOTO_REVIEW_REQUIRED | EXACT_KZ_SKU_EVIDENCE_REQUIRED,SHARED_IMAGE_REVIEW_REQUIRED,00000071490,https://www.vladmiva.ru/products/khirurgicheskie-instrumenty/elevator-uglovoy-pravyy-art-106-16-vp-belmedinstrumenty/
CANON-ВЛАДМИВА-00000071491,ВладМиВа,ЭЛЕВАТОР зубной угловой правый арт. 106-17 ВП,MODERATION,,PHOTO_REVIEW_REQUIRED | EXACT_KZ_SKU_EVIDENCE_REQUIRED,SHARED_IMAGE_REVIEW_REQUIRED,00000071491,https://www.vladmiva.ru/products/khirurgicheskie-instrumenty/elevator-uglovoy-pravyy-art-106-17-vp-belmedinstrumenty/
CANON-ВЛАДМИВА-00000071475,ВладМиВа,"ЭЛЕВАТОР прямой 1,5 мм арт.1204 ПП",MODERATION,,PHOTO_REVIEW_REQUIRED | EXACT_KZ_SKU_EVIDENCE_REQUIRED,SHARED_IMAGE_REVIEW_REQUIRED,00000071475,https://www.vladmiva.ru/products/khirurgicheskie-instrumenty/elevator-pryamoy-1-5mm-art-1204-pp-belmedinstrumenty/
CANON-ВЛАДМИВА-00000071473,ВладМиВа,ЭЛЕВАТОР прямой 2 мм арт.1202 ПП,MODERATION,,PHOTO_REVIEW_REQUIRED | EXACT_KZ_SKU_EVIDENCE_REQUIRED,SHARED_IMAGE_REVIEW_REQUIRED,00000071473,https://www.vladmiva.ru/products/khirurgicheskie-instrumenty/elevator-pryamoy-2mm-art-1202-pp-belmedinstrumenty/
CANON-ВЛАДМИВА-00000071476,ВладМиВа,ЭЛЕВАТОР прямой 2 мм арт.1205 ПП,MODERATION,,PHOTO_REVIEW_REQUIRED | EXACT_KZ_SKU_EVIDENCE_REQUIRED,SHARED_IMAGE_REVIEW_REQUIRED,00000071476,https://www.vladmiva.ru/products/khirurgicheskie-instrumenty/elevator-pryamoy-2mm-art-1205-pp-belmedinstrumenty/
CANON-ВЛАДМИВА-00000071474,ВладМиВа,"ЭЛЕВАТОР прямой 3,5 мм арт.1203 ПП",MODERATION,,PHOTO_REVIEW_REQUIRED | EXACT_KZ_SKU_EVIDENCE_REQUIRED,SHARED_IMAGE_REVIEW_REQUIRED,00000071474,https://www.vladmiva.ru/products/khirurgicheskie-instrumenty/elevator-pryamoy-3-5mm-art-1203-pp-belmedinstrumenty/
CANON-ВЛАДМИВА-00000065023,ВладМиВа,ЭСТКЕР/диски/3D PRO MULTILAYER/А,MODERATION,,VARIANT_LABEL_REQUIRED | PHOTO_REVIEW_REQUIRED | EXACT_KZ_SKU_EVIDENCE_REQUIRED,SHARED_IMAGE_REVIEW_REQUIRED,00000065023 | 00000065024 | 00000065025 | 00000065026 | 00000065027 | 00000065029 | 00000065030 | 00000065031 | 00000065032 | 00000065033 | 00000065034 | 00000065035 | 00000065036 | 00000065045 | 00000065047 | 00000078175 | 00000065050 | 00000065051 | 00000065052 | 00-00065053 | 00000065037 | 00000065038 | 00000065039 | 00000065040 | 00000065041 | 00000065042 | 00000065044 | 00000078316 | 00000078264 | 00000078317 | 00000078318 | 00000078319 | 00000078320,https://www.vladmiva.ru/products/zubotekhnicheskie/estker-disk-3d-pro-ml-a1-98-12mm-vmv/
CANON-ВЛАДМИВА-00000065054,ВладМиВа,ЭСТКЕР/диски/3D PRO MULTILAYER/В,MODERATION,,VARIANT_LABEL_REQUIRED | PHOTO_REVIEW_REQUIRED | EXACT_KZ_SKU_EVIDENCE_REQUIRED,SHARED_IMAGE_REVIEW_REQUIRED,00000065054 | 00000065055 | 00000065056 | 00000065057 | 00000065058 | 00000065059 | 00000065060 | 00000071646 | 00000067772 | 00000067773 | 00000067774 | 00000067775 | 00000078321 | 00000078322 | 00000078323 | 00000078265 | 00000078176 | 00000078324 | 00000078325 | 00000078326 | 00000078327 | 00000078328 | 00000078266 | 00000078177 | 00000078401 | 00000078402 | 00000078403 | 00000078404,https://www.vladmiva.ru/products/zubotekhnicheskie/estker-disk-3d-pro-ml-b1-98-12mm-vmv/
CANON-ВЛАДМИВА-00000071647,ВладМиВа,ЭСТКЕР/диски/3D PRO MULTILAYER/ВL,MODERATION,,VARIANT_LABEL_REQUIRED | PHOTO_REVIEW_REQUIRED | EXACT_KZ_SKU_EVIDENCE_REQUIRED,SHARED_IMAGE_REVIEW_REQUIRED,00000071647 | 00000071695 | 00000067976 | 00000067977 | 00000078178 | 00000078179 | 00000078180 | 00-00077280 | 00000071763 | 00000071761 | 00000071764 | 00000078181 | 00000078182 | 00000078183 | 00000071786 | 00000071765 | 00000071766 | 00000071767 | 00000078184 | 00000078185 | 00000078186 | 00000078405 | 00000078187,https://www.vladmiva.ru/products/zubotekhnicheskie/estker-disk-3d-pro-ml-bl1-98-12mm-vmv/
CANON-ВЛАДМИВА-00000071645,ВладМиВа,ЭСТКЕР/диски/3D PRO MULTILAYER/C,MODERATION,,VARIANT_LABEL_REQUIRED | PHOTO_REVIEW_REQUIRED | EXACT_KZ_SKU_EVIDENCE_REQUIRED,SHARED_IMAGE_REVIEW_REQUIRED,00000071645 | 00000071772 | 00000071773 | 00000078406 | 00000078407 | 00000078408 | 00000078409 | 00000071644 | 00000071774 | 00000071775 | 00000067771 | 00000078410 | 00000078411 | 00000078412 | 00000071790 | 00000071776 | 00000071777 | 00000078413 | 00000078414 | 00000078415 | 00000078416,https://www.vladmiva.ru/products/zubotekhnicheskie/estker-disk-3d-pro-ml-c1-98-12mm-vmv/
CANON-ВЛАДМИВА-00000071788,ВладМиВа,ЭСТКЕР/диски/3D PRO MULTILAYER/D,MODERATION,,VARIANT_LABEL_REQUIRED | PHOTO_REVIEW_REQUIRED | EXACT_KZ_SKU_EVIDENCE_REQUIRED,SHARED_IMAGE_REVIEW_REQUIRED,00000071788 | 00000071768 | 00000071769 | 00000078417 | 00000078418 | 00000078419 | 00000078420 | 00000071789 | 00000071770 | 00000071771 | 00000078421 | 00000078422 | 00000078188 | 00000078189 | 00000078190 | 00000078191 | 00000078192 | 00000078193 | 00000078194 | 00000078195 | 00000078196,https://www.vladmiva.ru/products/zubotekhnicheskie/estker-disk-3d-pro-ml-d2-98-12mm-vmv/
CANON-ВЛАДМИВА-00000065061,ВладМиВа,ЭСТКЕР/диски/HT-PLUS,MODERATION,,VARIANT_LABEL_REQUIRED | PHOTO_REVIEW_REQUIRED | EXACT_KZ_SKU_EVIDENCE_REQUIRED,SHARED_IMAGE_REVIEW_REQUIRED,00000065061 | 00000065062 | 00000065063 | 00000065064 | 00000065065 | 00000065066 | 00000065067 | 00000065068,https://www.vladmiva.ru/products/zubotekhnicheskie/estker-disk-ht-plus-98-10mm-vmv/
CANON-ВЛАДМИВА-00000078427,ВладМиВа,ЭСТКЕР/диски/HT-PRESHADED/В,MODERATION,,VARIANT_LABEL_REQUIRED | PHOTO_REVIEW_REQUIRED | EXACT_KZ_SKU_EVIDENCE_REQUIRED,SHARED_IMAGE_REVIEW_REQUIRED,00000078427 | 00000078473 | 00000078520 | 00000078428 | 00000078474 | 00000078521 | 00000078429 | 00000078475 | 00000078522 | 00000078430 | 00000078476 | 00000078523,https://www.vladmiva.ru/products/zubotekhnicheskie/estker-disk-ht-preshaded-b1-98-14mm-vmv/
CANON-ВЛАДМИВА-00000078431,ВладМиВа,ЭСТКЕР/диски/HT-PRESHADED/С,MODERATION,,VARIANT_LABEL_REQUIRED | PHOTO_REVIEW_REQUIRED | EXACT_KZ_SKU_EVIDENCE_REQUIRED,SHARED_IMAGE_REVIEW_REQUIRED,00000078431 | 00000078477 | 00000078524 | 00000078432 | 00000078478 | 00000078525 | 00000078433 | 00000078479 | 00000078526,https://www.vladmiva.ru/products/zubotekhnicheskie/estker-disk-ht-preshaded-c1-98-14mm-vmv/
CANON-ВЛАДМИВА-00000071780,ВладМиВа,ЭСТКЕР/диски/HT-PRESHADED/A,MODERATION,,VARIANT_LABEL_REQUIRED | PHOTO_REVIEW_REQUIRED | EXACT_KZ_SKU_EVIDENCE_REQUIRED,SHARED_IMAGE_REVIEW_REQUIRED,00000071780 | 00000071863 | 00000078424 | 00000071782 | 00000071912 | 00000078423 | 00000078425 | 00000078471 | 00000078518 | 00000071785 | 00000071864 | 00000078517 | 00000078426 | 00000078472 | 00000078519,https://www.vladmiva.ru/products/zubotekhnicheskie/estker-disk-ht-preshaded-a1-98-14mm-vmv/
CANON-ВЛАДМИВА-00000078434,ВладМиВа,ЭСТКЕР/диски/HT-PRESHADED/D,MODERATION,,VARIANT_LABEL_REQUIRED | PHOTO_REVIEW_REQUIRED | EXACT_KZ_SKU_EVIDENCE_REQUIRED,SHARED_IMAGE_REVIEW_REQUIRED,00000078434 | 00000078480 | 00000078435 | 00000078481 | 00000078528 | 00000078482 | 00000078529 | 00000078436,https://www.vladmiva.ru/products/zubotekhnicheskie/estker-disk-ht-preshaded-d2-98-14mm-vmv/
CANON-ВЛАДМИВА-00000065094,ВладМиВа,ЭСТКЕР/диски/ST- PRESHADED/А,MODERATION,,VARIANT_LABEL_REQUIRED | PHOTO_REVIEW_REQUIRED | EXACT_KZ_SKU_EVIDENCE_REQUIRED,SHARED_IMAGE_REVIEW_REQUIRED,00000065094 | 00000065095,https://www.vladmiva.ru/products/zubotekhnicheskie/estker-disk-st-preshaded-a1-98-16mm-vmv/
CANON-ВЛАДМИВА-00000065069,ВладМиВа,ЭСТКЕР/диски/ST-PLUS MULTILAYER/А,MODERATION,,VARIANT_LABEL_REQUIRED | PHOTO_REVIEW_REQUIRED | EXACT_KZ_SKU_EVIDENCE_REQUIRED,SHARED_IMAGE_REVIEW_REQUIRED,00000065069 | 00000065073 | 00000065074 | 00000067776 | 00000071778 | 00000078197 | 00000078198 | 00000065072 | 00000067777 | 00000078199 | 00000078200 | 00000065078 | 00000065079 | 00000065080 | 00000065075 | 00000065076 | 00000065077 | 00000067779 | 00000078201 | 00000078202,https://www.vladmiva.ru/products/zubotekhnicheskie/estker-disk-st-plus-ml-a1-98-12mm-vmv/
CANON-ВЛАДМИВА-00000065082,ВладМиВа,ЭСТКЕР/диски/ST-PLUS MULTILAYER/BL,MODERATION,,VARIANT_LABEL_REQUIRED | PHOTO_REVIEW_REQUIRED | EXACT_KZ_SKU_EVIDENCE_REQUIRED,SHARED_IMAGE_REVIEW_REQUIRED,00000065082 | 00000065084 | 00000065085 | 00000065086 | 00000065087 | 00000065081 | 00000065083,https://www.vladmiva.ru/products/zubotekhnicheskie/estker-disk-st-plus-ml-bleach-1-98-14mm-vmv/
CANON-ВЛАДМИВА-00000065088,ВладМиВа,ЭСТКЕР/диски/ST-PLUS PRESHADED/А,MODERATION,,VARIANT_LABEL_REQUIRED | PHOTO_REVIEW_REQUIRED | EXACT_KZ_SKU_EVIDENCE_REQUIRED,SHARED_IMAGE_REVIEW_REQUIRED,00000065088 | 00000065089 | 00000065090 | 00000065091 | 00000067780 | 00000065092 | 00000065093 | 00000067781,https://www.vladmiva.ru/products/zubotekhnicheskie/estker-disk-st-plus-preshaded-a1-98-14mm-vmv/
CANON-ВЛАДМИВА-00000067415,ВладМиВа,ЭСТКЕР/диски/ST-PRESHADED/А,MODERATION,,VARIANT_LABEL_REQUIRED | PHOTO_REVIEW_REQUIRED | EXACT_KZ_SKU_EVIDENCE_REQUIRED,SHARED_IMAGE_REVIEW_REQUIRED,00000067415 | 00000065096 | 00000065097 | 00000065100 | 00000065101 | 00000065098 | 00000065099,https://www.vladmiva.ru/products/zubotekhnicheskie/estker-disk-st-preshaded-a2-98-14mm-vmv/
CANON-ВЛАДМИВА-00000078457,ВладМиВа,ЭСТКЕР/диски/UT MULTILAYER/А,MODERATION,,VARIANT_LABEL_REQUIRED | PHOTO_REVIEW_REQUIRED | EXACT_KZ_SKU_EVIDENCE_REQUIRED,SHARED_IMAGE_REVIEW_REQUIRED,00000078457 | 00000078440 | 00000078439 | 00000078441 | 00000071866 | 0000071867 | 00000078437 | 00000071869 | 00000078220 | 00000071913 | 00000078221,https://www.vladmiva.ru/products/zubotekhnicheskie/estker-disk-ut-ml-d3-98-16mm-vmv/
CANON-ВЛАДМИВА-00000071868,ВладМиВа,ЭСТКЕР/диски/UT MULTILAYER/В,MODERATION,,VARIANT_LABEL_REQUIRED | PHOTO_REVIEW_REQUIRED | EXACT_KZ_SKU_EVIDENCE_REQUIRED,SHARED_IMAGE_REVIEW_REQUIRED,00000071868 | 00000078442 | 00000078443 | 0000078444 | 00000078445 | 00000078446 | 00000078448 | 00000078447,https://www.vladmiva.ru/products/zubotekhnicheskie/estker-disk-ut-ml-a2-98-14mm-vmv/
CANON-ВЛАДМИВА-00000078450,ВладМиВа,ЭСТКЕР/диски/UT MULTILAYER/С,MODERATION,,VARIANT_LABEL_REQUIRED | PHOTO_REVIEW_REQUIRED | EXACT_KZ_SKU_EVIDENCE_REQUIRED,SHARED_IMAGE_REVIEW_REQUIRED,00000078450 | 00000078451 | 00000078452 | 00000078453 | 00000078454,https://www.vladmiva.ru/products/zubotekhnicheskie/estker-disk-ut-ml-b2-98-16mm-vmv/
CANON-ВЛАДМИВА-00000078449,ВладМиВа,ЭСТКЕР/диски/UT-PRESHADED/А,MODERATION,,VARIANT_LABEL_REQUIRED | PHOTO_REVIEW_REQUIRED | EXACT_KZ_SKU_EVIDENCE_REQUIRED,SHARED_IMAGE_REVIEW_REQUIRED,00000078449 | 00000065109,https://www.vladmiva.ru/products/zubotekhnicheskie/estker-disk-ut-ml-c1-98-16mm-vmv/
CANON-ВЛАДМИВА-00000065108,ВладМиВа,ЭСТКЕР/диски/UT-PRESHADED/А,MODERATION,,PHOTO_REVIEW_REQUIRED | EXACT_KZ_SKU_EVIDENCE_REQUIRED,SHARED_IMAGE_REVIEW_REQUIRED,00000065108,https://www.vladmiva.ru/products/zubotekhnicheskie/estker-disk-ut-preshaded-a2-98-16mm-vmv/
CANON-КОРМЕД-02-11,Кормед,02.11 - Гель фторирующий,MODERATION,,PHOTO_REQUIRED | DESCRIPTION_REVIEW_REQUIRED | EXACT_KZ_SKU_EVIDENCE_REQUIRED,PHOTO_REQUIRED,02.11,https://cormed.ru/products/gel/02_11/
CANON-ЛИНТЭКС-LINTEX-ЛАВСАН,Линтэкс,ЛАВСАН,MODERATION,,MANUFACTURER_REFERENCE_REQUIRED | PHOTO_REVIEW_REQUIRED | EXACT_KZ_SKU_EVIDENCE_REQUIRED,SHARED_IMAGE_REVIEW_REQUIRED,,https://www.lintex.ru/catalog/lavsan/
CANON-ЛИНТЭКС-LINTEX-ЛАВСАН-Т,Линтэкс,ЛАВСАН-Т,MODERATION,,MANUFACTURER_REFERENCE_REQUIRED | PHOTO_REVIEW_REQUIRED | EXACT_KZ_SKU_EVIDENCE_REQUIRED,SHARED_IMAGE_REVIEW_REQUIRED,,https://www.lintex.ru/catalog/lavsan-t/
CANON-ЛИНТЭКС-LINTEX-ПГА,Линтэкс,ПГА,REJECT,INVALID_PRODUCT_IDENTITY,MANUFACTURER_REFERENCE_REQUIRED | EXACT_KZ_SKU_EVIDENCE_REQUIRED,EXACT_SOURCE_SINGLE_CARD,,https://www.lintex.ru/catalog/pga/
CANON-AJAX-AJ19,Ajax,AJ19 Dental Unit,MODERATION,,PHOTO_REVIEW_REQUIRED | EXACT_KZ_SKU_EVIDENCE_REQUIRED,SHARED_IMAGE_REVIEW_REQUIRED,AJ19,https://www.ajaxdent.com/en/ba10f23a64294204.html
CANON-AJAX-AJ27,Ajax,AJ27 Dental Unit,MODERATION,,PHOTO_REVIEW_REQUIRED | EXACT_KZ_SKU_EVIDENCE_REQUIRED,SHARED_IMAGE_REVIEW_REQUIRED,AJ27,https://www.ajaxdent.com/en/ba10f23a64294204.html
CANON-AJAX-SV1000,Ajax,SV1000 (for 9 - 10 dental unit),MODERATION,,PHOTO_REVIEW_REQUIRED | EXACT_KZ_SKU_EVIDENCE_REQUIRED,SHARED_IMAGE_REVIEW_REQUIRED,SV1000,https://www.ajaxdent.com/en/site-page/f20099522d454846.html
CANON-AJAX-SV600,Ajax,SV600 (for 5 - 6 dental unit),MODERATION,,PHOTO_REVIEW_REQUIRED | EXACT_KZ_SKU_EVIDENCE_REQUIRED,SHARED_IMAGE_REVIEW_REQUIRED,SV600,https://www.ajaxdent.com/en/site-page/f20099522d454846.html
CANON-AJAX-SV800,Ajax,SV800 (for 7 - 8 dental unit),MODERATION,,PHOTO_REVIEW_REQUIRED | EXACT_KZ_SKU_EVIDENCE_REQUIRED,SHARED_IMAGE_REVIEW_REQUIRED,SV800,https://www.ajaxdent.com/en/site-page/f20099522d454846.html
CANON-ALPHA-BIO-TEC-7345,Alpha-Bio Tec.,Abutment Screw CHC,MODERATION,,PHOTO_REVIEW_REQUIRED,SHARED_IMAGE_REVIEW_REQUIRED,7345,https://dental-market.kz/catalog/abutment-screw-chc
CANON-ALPHA-BIO-TEC-4561,Alpha-Bio Tec.,Alpha Drill Stopper A-D2.0-2.4,MODERATION,,VARIANT_LABEL_REQUIRED | PHOTO_REVIEW_REQUIRED,SHARED_IMAGE_REVIEW_REQUIRED,4561 | 4562 | 4563 | 4564 | 4565,https://dental-market.kz/catalog/alpha-drill-stopper-a-d2-0-2-4
CANON-ALPHA-BIO-TEC-4566,Alpha-Bio Tec.,Alpha Drill Stopper B-D2.8-3.0,MODERATION,,VARIANT_LABEL_REQUIRED | PHOTO_REVIEW_REQUIRED,SHARED_IMAGE_REVIEW_REQUIRED,4566 | 4567 | 4568 | 4569 | 4570,https://dental-market.kz/catalog/alpha-drill-stopper-b-d2-8-3-0
CANON-ALPHA-BIO-TEC-4573,Alpha-Bio Tec.,Alpha Drill Stopper C-D3.2-3.65,MODERATION,,VARIANT_LABEL_REQUIRED | PHOTO_REVIEW_REQUIRED,SHARED_IMAGE_REVIEW_REQUIRED,4573 | 4574 | 4575 | 4576 | 4577,https://dental-market.kz/catalog/alpha-drill-stopper-c-d3-2-3-65
CANON-ALPHA-BIO-TEC-4578,Alpha-Bio Tec.,Alpha Drill Stopper D-D4.1-4.5,MODERATION,,VARIANT_LABEL_REQUIRED | PHOTO_REVIEW_REQUIRED,SHARED_IMAGE_REVIEW_REQUIRED,4578 | 4579 | 4580 | 4581 | 4582,https://dental-market.kz/catalog/alpha-drill-stopper-d-d4-1-4-5
CANON-ALPHA-BIO-TEC-4590,Alpha-Bio Tec.,Alpha Step Drill,MODERATION,,VARIANT_LABEL_REQUIRED | PHOTO_REVIEW_REQUIRED,SHARED_IMAGE_REVIEW_REQUIRED,4590 | 4592 | 4593 | 4594 | 4595 | 4596 | 4597 | 4598 | 4599,https://dental-market.kz/catalog/alpha-step-drill
CANON-ALPHA-BIO-TEC-4550,Alpha-Bio Tec.,Alpha Straight Drill,MODERATION,,VARIANT_LABEL_REQUIRED | PHOTO_REVIEW_REQUIRED,SHARED_IMAGE_REVIEW_REQUIRED,4550 | 4551 | 4552 | 4553 | 4554 | 4555 | 4556 | 4557 | 4558 | 4559 | 4560,https://dental-market.kz/catalog/alpha-straight-drill
CANON-ALPHA-BIO-TEC-4883,Alpha-Bio Tec.,AlphaLoC Block Out Spacer,MODERATION,,PHOTO_REVIEW_REQUIRED,SHARED_IMAGE_REVIEW_REQUIRED,4883,https://dental-market.kz/catalog/alphaloc-block-out-spacer
CANON-ALPHA-BIO-TEC-4887,Alpha-Bio Tec.,AlphaLoC Extraction Tool,MODERATION,,PHOTO_REVIEW_REQUIRED,SHARED_IMAGE_REVIEW_REQUIRED,4887,https://dental-market.kz/catalog/alphaloc-extraction-tool
CANON-ALPHA-BIO-TEC-4885,Alpha-Bio Tec.,AlphaLoC Female Analog (X4),MODERATION,,PHOTO_REVIEW_REQUIRED,SHARED_IMAGE_REVIEW_REQUIRED,4885,https://dental-market.kz/catalog/alphaloc-female-analog-x4
CANON-ALPHA-BIO-TEC-4886,Alpha-Bio Tec.,AlphaLoC Insertion Tool,MODERATION,,PHOTO_REVIEW_REQUIRED,SHARED_IMAGE_REVIEW_REQUIRED,4886,https://dental-market.kz/catalog/alphaloc-insertion-tool
CANON-ALPHA-BIO-TEC-4867,Alpha-Bio Tec.,AlphaLoC Kit IH,MODERATION,,VARIANT_LABEL_REQUIRED | PHOTO_REVIEW_REQUIRED,SHARED_IMAGE_REVIEW_REQUIRED,4867 | 4868 | 4869 | 4870 | 4871 | 4872 | 7470 | 7471 | 7472 | 7473 | 7474 | 7475,https://dental-market.kz/catalog/alphaloc-kit-ih
CANON-ALPHA-BIO-TEC-4803,Alpha-Bio Tec.,AlphaLoC Locator Abutment,MODERATION,,VARIANT_LABEL_REQUIRED | PHOTO_REVIEW_REQUIRED,SHARED_IMAGE_REVIEW_REQUIRED,4803 | 4805 | 4806,https://dental-market.kz/catalog/alphaloc-locator-abutment
CANON-ALPHA-BIO-TEC-4831,Alpha-Bio Tec.,AlphaLoC Locator Driver,MODERATION,,PHOTO_REVIEW_REQUIRED,SHARED_IMAGE_REVIEW_REQUIRED,4831,https://dental-market.kz/catalog/alphaloc-locator-driver
CANON-ALPHA-BIO-TEC-4811,Alpha-Bio Tec.,AlphaLoC Locator Male Processing Package,MODERATION,,PHOTO_REVIEW_REQUIRED,SHARED_IMAGE_REVIEW_REQUIRED,4811,https://dental-market.kz/catalog/alphaloc-locator-male-processing-package
CANON-ALPHA-BIO-TEC-4837,Alpha-Bio Tec.,AlphaLoC Locator Pink Light Retention (4 p),MODERATION,,PHOTO_REVIEW_REQUIRED,SHARED_IMAGE_REVIEW_REQUIRED,4837,https://dental-market.kz/catalog/alphaloc-locator-pink-light-retention-4-p
CANON-ALPHA-BIO-TEC-4875,Alpha-Bio Tec.,AlphaLoC Male Processing Package,MODERATION,,PHOTO_REVIEW_REQUIRED,SHARED_IMAGE_REVIEW_REQUIRED,4875,https://dental-market.kz/catalog/alphaloc-male-processing-package
CANON-ALPHA-BIO-TEC-4879,Alpha-Bio Tec.,AlphaLoC Male-Extra Soft yellow (X4),MODERATION,,PHOTO_REVIEW_REQUIRED,SHARED_IMAGE_REVIEW_REQUIRED,4879,https://dental-market.kz/catalog/alphaloc-male-extra-soft-yellow-x4
CANON-ALPHA-BIO-TEC-4882,Alpha-Bio Tec.,AlphaLoC Male-Laboratory black units(X4),MODERATION,,PHOTO_REVIEW_REQUIRED,SHARED_IMAGE_REVIEW_REQUIRED,4882,https://dental-market.kz/catalog/alphaloc-male-laboratory-black-units-x4
CANON-ALPHA-BIO-TEC-4878,Alpha-Bio Tec.,AlphaLoC Male-Soft pink units (X4),MODERATION,,PHOTO_REVIEW_REQUIRED,SHARED_IMAGE_REVIEW_REQUIRED,4878,https://dental-market.kz/catalog/alphaloc-male-soft-pink-units-x4
CANON-ALPHA-BIO-TEC-4877,Alpha-Bio Tec.,AlphaLoC Male-Standard white units (X4),MODERATION,,PHOTO_REVIEW_REQUIRED,SHARED_IMAGE_REVIEW_REQUIRED,4877,https://dental-market.kz/catalog/alphaloc-male-standard-white-units-x4
CANON-ALPHA-BIO-TEC-4876,Alpha-Bio Tec.,AlphaLoC Male-Strong violate units (X4),MODERATION,,PHOTO_REVIEW_REQUIRED,SHARED_IMAGE_REVIEW_REQUIRED,4876,https://dental-market.kz/catalog/alphaloc-male-strong-violate-units-x4
CANON-ALPHA-BIO-TEC-3838,Alpha-Bio Tec.,Analog for printed model CS,MODERATION,,PHOTO_REVIEW_REQUIRED,SHARED_IMAGE_REVIEW_REQUIRED,3838,https://dental-market.kz/catalog/analog-for-printed-model-cs
CANON-ALPHA-BIO-TEC-4996,Alpha-Bio Tec.,Analog for printed model-CHC,MODERATION,,PHOTO_REVIEW_REQUIRED,SHARED_IMAGE_REVIEW_REQUIRED,4996,https://dental-market.kz/catalog/analog-for-printed-model-chc
CANON-ALPHA-BIO-TEC-5090,Alpha-Bio Tec.,Angled Titanium Abutment 15°,MODERATION,,PHOTO_REVIEW_REQUIRED,SHARED_IMAGE_REVIEW_REQUIRED,5090,https://dental-market.kz/catalog/angled-titanium-abutment-15
CANON-ALPHA-BIO-TEC-5130,Alpha-Bio Tec.,Angled Titanium Abutment 25°,MODERATION,,PHOTO_REVIEW_REQUIRED,SHARED_IMAGE_REVIEW_REQUIRED,5130,https://dental-market.kz/catalog/angled-titanium-abutment-25
CANON-ALPHA-BIO-TEC-5091,Alpha-Bio Tec.,Angled Titanium Abutment with Shoulder 15°,MODERATION,,PHOTO_REVIEW_REQUIRED,SHARED_IMAGE_REVIEW_REQUIRED,5091,https://dental-market.kz/catalog/angled-titanium-abutment-with-shoulder-15
CANON-ALPHA-BIO-TEC-6304,Alpha-Bio Tec.,Angled Titanium Side Ball Abutment,MODERATION,,VARIANT_LABEL_REQUIRED | PHOTO_REVIEW_REQUIRED,SHARED_IMAGE_REVIEW_REQUIRED,6304 | 6306,https://dental-market.kz/catalog/angled-titanium-side-ball-abutment
CANON-ALPHA-BIO-TEC-5028,Alpha-Bio Tec.,CAD/CAM Adhesive coping TCT N TCT-N,MODERATION,,PHOTO_REVIEW_REQUIRED,SHARED_IMAGE_REVIEW_REQUIRED,5028,https://dental-market.kz/catalog/cad-cam-adhesive-coping-tct-n-tct-n
CANON-ALPHA-BIO-TEC-5029,Alpha-Bio Tec.,CAD/CAM Adhesive coping TCT N TCT-N R,MODERATION,,PHOTO_REVIEW_REQUIRED,SHARED_IMAGE_REVIEW_REQUIRED,5029,https://dental-market.kz/catalog/cad-cam-adhesive-coping-tct-n-tct-n-r
CANON-ALPHA-BIO-TEC-5024,Alpha-Bio Tec.,CAD/CAM Titanium Base,MODERATION,,PHOTO_REVIEW_REQUIRED,SHARED_IMAGE_REVIEW_REQUIRED,5024,https://dental-market.kz/catalog/cad-cam-titanium-base
CANON-ALPHA-BIO-TEC-4951,Alpha-Bio Tec.,CAD/CAM Titanium Base 2.5,MODERATION,,PHOTO_REVIEW_REQUIRED,SHARED_IMAGE_REVIEW_REQUIRED,4951,https://dental-market.kz/catalog/cad-cam-titanium-base-2-5
CANON-ALPHA-BIO-TEC-4953,Alpha-Bio Tec.,CAD/CAM Titanium Base 2.5 CHC,MODERATION,,PHOTO_REVIEW_REQUIRED,SHARED_IMAGE_REVIEW_REQUIRED,4953,https://dental-market.kz/catalog/cad-cam-titanium-base-2-5-chc
CANON-ALPHA-BIO-TEC-5026,Alpha-Bio Tec.,CAD/CAM Titanium Base CHC,MODERATION,,PHOTO_REVIEW_REQUIRED,SHARED_IMAGE_REVIEW_REQUIRED,5026,https://dental-market.kz/catalog/cad-cam-titanium-base-chc
CANON-ALPHA-BIO-TEC-5027,Alpha-Bio Tec.,CAD/CAM Titanium Base CHC R,MODERATION,,PHOTO_REVIEW_REQUIRED,SHARED_IMAGE_REVIEW_REQUIRED,5027,https://dental-market.kz/catalog/cad-cam-titanium-base-chc-r
CANON-ALPHA-BIO-TEC-4952,Alpha-Bio Tec.,CAD/CAM Titanium Base Non Engaging 2.5 AR,MODERATION,,PHOTO_REVIEW_REQUIRED,SHARED_IMAGE_REVIEW_REQUIRED,4952,https://dental-market.kz/catalog/cad-cam-titanium-base-non-engaging-2-5-ar
CANON-ALPHA-BIO-TEC-4954,Alpha-Bio Tec.,CAD/CAM Titanium Base Non Engaging 2.5 CHC AR,MODERATION,,PHOTO_REVIEW_REQUIRED,SHARED_IMAGE_REVIEW_REQUIRED,4954,https://dental-market.kz/catalog/cad-cam-titanium-base-non-engaging-2-5-chc-ar
CANON-ALPHA-BIO-TEC-5025,Alpha-Bio Tec.,CAD/CAM Titanium Base R,MODERATION,,PHOTO_REVIEW_REQUIRED,SHARED_IMAGE_REVIEW_REQUIRED,5025,https://dental-market.kz/catalog/cad-cam-titanium-base-r
CANON-ALPHA-BIO-TEC-3616,Alpha-Bio Tec.,Casting screw -CHC,MODERATION,,PHOTO_REVIEW_REQUIRED,SHARED_IMAGE_REVIEW_REQUIRED,3616,https://dental-market.kz/catalog/casting-screw-chc
CANON-ALPHA-BIO-TEC-5060,Alpha-Bio Tec.,Closed Tray Transfer,MODERATION,,PHOTO_REVIEW_REQUIRED,SHARED_IMAGE_REVIEW_REQUIRED,5060,https://dental-market.kz/catalog/closed-tray-transfer
CANON-ALPHA-BIO-TEC-6405,Alpha-Bio Tec.,Cobalt Chrome Casting Abutment,MODERATION,,PHOTO_REVIEW_REQUIRED,SHARED_IMAGE_REVIEW_REQUIRED,6405,https://dental-market.kz/catalog/cobalt-chrome-casting-abutment
CANON-ALPHA-BIO-TEC-3613,Alpha-Bio Tec.,Cobalt Chrome Casting Abutment - CHC,MODERATION,,PHOTO_REVIEW_REQUIRED,SHARED_IMAGE_REVIEW_REQUIRED,3613,https://dental-market.kz/catalog/cobalt-chrome-casting-abutment-chc
CANON-ALPHA-BIO-TEC-6406,Alpha-Bio Tec.,Cobalt Chrome Casting Abutment Rotational,MODERATION,,PHOTO_REVIEW_REQUIRED,SHARED_IMAGE_REVIEW_REQUIRED,6406,https://dental-market.kz/catalog/cobalt-chrome-casting-abutment-rotational
CANON-ALPHA-BIO-TEC-3614,Alpha-Bio Tec.,Cobalt Chrome Casting Abutment Rotational - CHC,MODERATION,,PHOTO_REVIEW_REQUIRED,SHARED_IMAGE_REVIEW_REQUIRED,3614,https://dental-market.kz/catalog/cobalt-chrome-casting-abutment-rotational-chc
CANON-ALPHA-BIO-TEC-3846,Alpha-Bio Tec.,CoCr Casting Abutment AR CS,MODERATION,,PHOTO_REVIEW_REQUIRED,SHARED_IMAGE_REVIEW_REQUIRED,3846,https://dental-market.kz/catalog/cocr-casting-abutment-ar-cs
CANON-ALPHA-BIO-TEC-3847,Alpha-Bio Tec.,CoCr Casting Abutment R CS,MODERATION,,PHOTO_REVIEW_REQUIRED,SHARED_IMAGE_REVIEW_REQUIRED,3847,https://dental-market.kz/catalog/cocr-casting-abutment-r-cs
CANON-ALPHA-BIO-TEC-4672,Alpha-Bio Tec.,Countersink Drill -5.9,MODERATION,,PHOTO_REVIEW_REQUIRED,SHARED_IMAGE_REVIEW_REQUIRED,4672,https://dental-market.kz/catalog/countersink-drill-5-9
CANON-ALPHA-BIO-TEC-111,Alpha-Bio Tec.,Cover Screw,MODERATION,,PHOTO_REVIEW_REQUIRED,SHARED_IMAGE_REVIEW_REQUIRED,111,https://dental-market.kz/catalog/cover-screw
CANON-ALPHA-BIO-TEC-7300,Alpha-Bio Tec.,Cover Screw CHC,MODERATION,,PHOTO_REVIEW_REQUIRED,SHARED_IMAGE_REVIEW_REQUIRED,7300,https://dental-market.kz/catalog/cover-screw-chc
CANON-ALPHA-BIO-TEC-3500,Alpha-Bio Tec.,Cover Screw CS,MODERATION,,PHOTO_REVIEW_REQUIRED,SHARED_IMAGE_REVIEW_REQUIRED,3500,https://dental-market.kz/catalog/cover-screw-cs
CANON-ALPHA-BIO-TEC-3462,Alpha-Bio Tec.,CrCo Screw CS,MODERATION,,PHOTO_REVIEW_REQUIRED,SHARED_IMAGE_REVIEW_REQUIRED,3462,https://dental-market.kz/catalog/crco-screw-cs
CANON-ALPHA-BIO-TEC-65006,Alpha-Bio Tec.,Crestal Dril Large,MODERATION,,PHOTO_REVIEW_REQUIRED,SHARED_IMAGE_REVIEW_REQUIRED,65006,https://dental-market.kz/catalog/crestal-dril-large
CANON-ALPHA-BIO-TEC-65005,Alpha-Bio Tec.,Crestal Drill Small,MODERATION,,PHOTO_REVIEW_REQUIRED,SHARED_IMAGE_REVIEW_REQUIRED,65005,https://dental-market.kz/catalog/crestal-drill-small
CANON-ALPHA-BIO-TEC-65049,Alpha-Bio Tec.,Crestal Pin Large,MODERATION,,PHOTO_REVIEW_REQUIRED,SHARED_IMAGE_REVIEW_REQUIRED,65049,https://dental-market.kz/catalog/crestal-pin-large
CANON-ALPHA-BIO-TEC-65048,Alpha-Bio Tec.,Crestal Pin Small,MODERATION,,PHOTO_REVIEW_REQUIRED,SHARED_IMAGE_REVIEW_REQUIRED,65048,https://dental-market.kz/catalog/crestal-pin-small
CANON-ALPHA-BIO-TEC-4240,Alpha-Bio Tec.,Drill Extension L17.5,MODERATION,,PHOTO_REVIEW_REQUIRED,SHARED_IMAGE_REVIEW_REQUIRED,4240,https://dental-market.kz/catalog/drill-extension-l17-5
CANON-ALPHA-BIO-TEC-4204,Alpha-Bio Tec.,Drill External Irrigation,MODERATION,,VARIANT_LABEL_REQUIRED | PHOTO_REVIEW_REQUIRED,SHARED_IMAGE_REVIEW_REQUIRED,4204 | 4244 | 4284 | 4306 | 4324 | 4654 | 4671 | 4675 | 4676 | 4677 | 4684 | 4686,https://dental-market.kz/catalog/drill-external-irrigation
CANON-ALPHA-BIO-TEC-4082,Alpha-Bio Tec.,Drilling Parallel Guide,MODERATION,,PHOTO_REVIEW_REQUIRED,SHARED_IMAGE_REVIEW_REQUIRED,4082,https://dental-market.kz/catalog/drilling-parallel-guide
CANON-ALPHA-BIO-TEC-5411,Alpha-Bio Tec.,Esthetic Anatomic Abutment 15°,MODERATION,,PHOTO_REVIEW_REQUIRED,SHARED_IMAGE_REVIEW_REQUIRED,5411,https://dental-market.kz/catalog/esthetic-anatomic-abutment-15
CANON-ALPHA-BIO-TEC-5414,Alpha-Bio Tec.,Esthetic Anatomic Abutment 25°,MODERATION,,PHOTO_REVIEW_REQUIRED,SHARED_IMAGE_REVIEW_REQUIRED,5414,https://dental-market.kz/catalog/esthetic-anatomic-abutment-25
CANON-ALPHA-BIO-TEC-7366,Alpha-Bio Tec.,Esthetic Anatomic Angled Ti Abutment 25° CHC,MODERATION,,VARIANT_LABEL_REQUIRED | PHOTO_REVIEW_REQUIRED,SHARED_IMAGE_REVIEW_REQUIRED,7366 | 7367 | 7368,https://dental-market.kz/catalog/esthetic-anatomic-angled-ti-abutment-25-chc
CANON-ALPHA-BIO-TEC-7361,Alpha-Bio Tec.,Esthetic Angled Long Titanium Abutment 15° CHC,MODERATION,,PHOTO_REVIEW_REQUIRED,SHARED_IMAGE_REVIEW_REQUIRED,7361,https://dental-market.kz/catalog/esthetic-angled-long-titanium-abutment-15-chc
CANON-ALPHA-BIO-TEC-7360,Alpha-Bio Tec.,Esthetic Angled Titanium Abutment 15° CHC,MODERATION,,PHOTO_REVIEW_REQUIRED,SHARED_IMAGE_REVIEW_REQUIRED,7360,https://dental-market.kz/catalog/esthetic-angled-titanium-abutment-15-chc
CANON-ALPHA-BIO-TEC-5131,Alpha-Bio Tec.,Esthetic Angled Titanium Abutment 25°,MODERATION,,PHOTO_REVIEW_REQUIRED,SHARED_IMAGE_REVIEW_REQUIRED,5131,https://dental-market.kz/catalog/esthetic-angled-titanium-abutment-25
CANON-ALPHA-BIO-TEC-7362,Alpha-Bio Tec.,Esthetic Angled Titanium Abutment 25° CHC,MODERATION,,PHOTO_REVIEW_REQUIRED,SHARED_IMAGE_REVIEW_REQUIRED,7362,https://dental-market.kz/catalog/esthetic-angled-titanium-abutment-25-chc
CANON-ALPHA-BIO-TEC-5094,Alpha-Bio Tec.,Esthetic Long Angled Titanium Abutment 15°,MODERATION,,PHOTO_REVIEW_REQUIRED,SHARED_IMAGE_REVIEW_REQUIRED,5094,https://dental-market.kz/catalog/esthetic-long-angled-titanium-abutment-15
CANON-ALPHA-BIO-TEC-5155,Alpha-Bio Tec.,Esthetic Slim Long Straight Titanium Abutment,MODERATION,,PHOTO_REVIEW_REQUIRED,SHARED_IMAGE_REVIEW_REQUIRED,5155,https://dental-market.kz/catalog/esthetic-slim-long-straight-titanium-abutment
CANON-ALPHA-BIO-TEC-7357,Alpha-Bio Tec.,Esthetic Standard Abutment D3.6 CHC,MODERATION,,PHOTO_REVIEW_REQUIRED,SHARED_IMAGE_REVIEW_REQUIRED,7357,https://dental-market.kz/catalog/esthetic-standard-abutment-d3-6-chc
CANON-ALPHA-BIO-TEC-7383,Alpha-Bio Tec.,Esthetic Standard Abutment D4.0 CHC,MODERATION,,PHOTO_REVIEW_REQUIRED,SHARED_IMAGE_REVIEW_REQUIRED,7383,https://dental-market.kz/catalog/esthetic-standard-abutment-d4-0-chc
CANON-ALPHA-BIO-TEC-7356,Alpha-Bio Tec.,Esthetic Standard Slim Abutment D3.2 CHC,MODERATION,,PHOTO_REVIEW_REQUIRED,SHARED_IMAGE_REVIEW_REQUIRED,7356,https://dental-market.kz/catalog/esthetic-standard-slim-abutment-d3-2-chc
CANON-ALPHA-BIO-TEC-5031,Alpha-Bio Tec.,Esthetic Straight Titanium Abutment,MODERATION,,PHOTO_REVIEW_REQUIRED,SHARED_IMAGE_REVIEW_REQUIRED,5031,https://dental-market.kz/catalog/esthetic-straight-titanium-abutment
CANON-ALPHA-BIO-TEC-KIT-143,Alpha-Bio Tec.,Extended coated straight Kit Global,MODERATION,,PHOTO_REVIEW_REQUIRED,SHARED_IMAGE_REVIEW_REQUIRED,KIT#143,https://dental-market.kz/catalog/extended-coated-straight-kit-global
CANON-ALPHA-BIO-TEC-KIT-141,Alpha-Bio Tec.,Extended Kit Global,MODERATION,,PHOTO_REVIEW_REQUIRED,SHARED_IMAGE_REVIEW_REQUIRED,KIT#141,https://dental-market.kz/catalog/extended-kit-global
CANON-ALPHA-BIO-TEC-KIT-65000,Alpha-Bio Tec.,GSTK–Guided Surgery Tool Kit for sale-IH&CHC,MODERATION,,PHOTO_REVIEW_REQUIRED,SHARED_IMAGE_REVIEW_REQUIRED,KIT#65000,https://dental-market.kz/catalog/gstk-guided-surgery-tool-kit-for-sale-ih-chc
CANON-ALPHA-BIO-TEC-KIT-65003,Alpha-Bio Tec.,GSTK–Guided Surgery Tool Kit for sale-IH+CHC+CS,MODERATION,,PHOTO_REVIEW_REQUIRED,SHARED_IMAGE_REVIEW_REQUIRED,KIT#65003,https://dental-market.kz/catalog/gstk-guided-surgery-tool-kit-for-sale-ih-chc-cs
CANON-ALPHA-BIO-TEC-4052,Alpha-Bio Tec.,Hand Hex Screw Driver 1.25mm,MODERATION,,PHOTO_REVIEW_REQUIRED,SHARED_IMAGE_REVIEW_REQUIRED,4052,https://dental-market.kz/catalog/hand-hex-screw-driver-1-25mm
CANON-ALPHA-BIO-TEC-65044,Alpha-Bio Tec.,Handpiece Insertion Adopter,MODERATION,,PHOTO_REVIEW_REQUIRED,SHARED_IMAGE_REVIEW_REQUIRED,65044,https://dental-market.kz/catalog/handpiece-insertion-adopter
CANON-ALPHA-BIO-TEC-109,Alpha-Bio Tec.,Healing Abutment,MODERATION,,VARIANT_LABEL_REQUIRED | PHOTO_REVIEW_REQUIRED,SHARED_IMAGE_REVIEW_REQUIRED,109 | 110 | 116 | 117 | 118 | 119 | 124 | 125 | 126 | 127 | 128 | 129 | 130,https://dental-market.kz/catalog/healing-abutment
CANON-ALPHA-BIO-TEC-7311,Alpha-Bio Tec.,Healing Abutment CHC,MODERATION,,VARIANT_LABEL_REQUIRED | PHOTO_REVIEW_REQUIRED,SHARED_IMAGE_REVIEW_REQUIRED,7311 | 7312 | 7313 | 7315 | 7316 | 7317 | 7319 | 7320 | 7321,https://dental-market.kz/catalog/healing-abutment-chc
CANON-ALPHA-BIO-TEC-4055,Alpha-Bio Tec.,Hex Driver 1.25mm,MODERATION,,PHOTO_REVIEW_REQUIRED,SHARED_IMAGE_REVIEW_REQUIRED,4055,https://dental-market.kz/catalog/hex-driver-1-25mm
CANON-ALPHA-BIO-TEC-4152,Alpha-Bio Tec.,Hex Driver 2.5mm,MODERATION,,PHOTO_REVIEW_REQUIRED,SHARED_IMAGE_REVIEW_REQUIRED,4152,https://dental-market.kz/catalog/hex-driver-2-5mm
CANON-ALPHA-BIO-TEC-5412,Alpha-Bio Tec.,High Esthetic Anatomic Abutment 15°,MODERATION,,PHOTO_REVIEW_REQUIRED,SHARED_IMAGE_REVIEW_REQUIRED,5412,https://dental-market.kz/catalog/high-esthetic-anatomic-abutment-15
CANON-ALPHA-BIO-TEC-5080,Alpha-Bio Tec.,Implant Analog,MODERATION,,PHOTO_REVIEW_REQUIRED,SHARED_IMAGE_REVIEW_REQUIRED,5080,https://dental-market.kz/catalog/implant-analog
CANON-ALPHA-BIO-TEC-3459,Alpha-Bio Tec.,Implant Analog - CS,MODERATION,,PHOTO_REVIEW_REQUIRED,SHARED_IMAGE_REVIEW_REQUIRED,3459,https://dental-market.kz/catalog/implant-analog-cs
CANON-ALPHA-BIO-TEC-7338,Alpha-Bio Tec.,Implant Analog CHC,MODERATION,,PHOTO_REVIEW_REQUIRED,SHARED_IMAGE_REVIEW_REQUIRED,7338,https://dental-market.kz/catalog/implant-analog-chc
CANON-ALPHA-BIO-TEC-5280,Alpha-Bio Tec.,Implant Analog D5.0mm,MODERATION,,PHOTO_REVIEW_REQUIRED,SHARED_IMAGE_REVIEW_REQUIRED,5280,https://dental-market.kz/catalog/implant-analog-d5-0mm
CANON-ALPHA-BIO-TEC-1010,Alpha-Bio Tec.,Implant Classical Esthetic,MODERATION,,VARIANT_LABEL_REQUIRED | PHOTO_REVIEW_REQUIRED,SHARED_IMAGE_REVIEW_REQUIRED,1010 | 1011 | 1013 | 1016 | 1018 | 1020 | 1021 | 1023 | 1026 | 1028 | 1030 | 1031 | 1033 | 1036 | 1038 | 1040 | 1041 | 1043 | 1046 | 1048 | 1056,https://dental-market.kz/catalog/implant-classical-esthetic
CANON-ALPHA-BIO-TEC-1000,Alpha-Bio Tec.,Implant Classical Esthetic Narrow,MODERATION,,VARIANT_LABEL_REQUIRED | PHOTO_REVIEW_REQUIRED,SHARED_IMAGE_REVIEW_REQUIRED,1000 | 1001 | 1003,https://dental-market.kz/catalog/implant-classical-esthetic-narrow
CANON-ALPHA-BIO-TEC-4100,Alpha-Bio Tec.,Implant Depth Probe,MODERATION,,PHOTO_REVIEW_REQUIRED,SHARED_IMAGE_REVIEW_REQUIRED,4100,https://dental-market.kz/catalog/implant-depth-probe
CANON-ALPHA-BIO-TEC-7301,Alpha-Bio Tec.,Implant Driver Long 2.1mm CHC,MODERATION,,PHOTO_REVIEW_REQUIRED,SHARED_IMAGE_REVIEW_REQUIRED,7301,https://dental-market.kz/catalog/implant-driver-long-2-1mm-chc
CANON-ALPHA-BIO-TEC-3803,Alpha-Bio Tec.,Implant Driver Long 2.5mm CS,MODERATION,,PHOTO_REVIEW_REQUIRED,SHARED_IMAGE_REVIEW_REQUIRED,3803,https://dental-market.kz/catalog/implant-driver-long-2-5mm-cs
CANON-ALPHA-BIO-TEC-7302,Alpha-Bio Tec.,Implant Driver Short 2.1mm CHC,MODERATION,,PHOTO_REVIEW_REQUIRED,SHARED_IMAGE_REVIEW_REQUIRED,7302,https://dental-market.kz/catalog/implant-driver-short-2-1mm-chc
CANON-ALPHA-BIO-TEC-3801,Alpha-Bio Tec.,Implant Driver Short 2.5mm CS,MODERATION,,PHOTO_REVIEW_REQUIRED,SHARED_IMAGE_REVIEW_REQUIRED,3801,https://dental-market.kz/catalog/implant-driver-short-2-5mm-cs
CANON-ALPHA-BIO-TEC-7305,Alpha-Bio Tec.,Implant Driver Standard 2.1mm CHC,MODERATION,,PHOTO_REVIEW_REQUIRED,SHARED_IMAGE_REVIEW_REQUIRED,7305,https://dental-market.kz/catalog/implant-driver-standard-2-1mm-chc
CANON-ALPHA-BIO-TEC-4140,Alpha-Bio Tec.,Implant Grip Driver Long 2.5mm,MODERATION,,PHOTO_REVIEW_REQUIRED,SHARED_IMAGE_REVIEW_REQUIRED,4140,https://dental-market.kz/catalog/implant-grip-driver-long-2-5mm
CANON-ALPHA-BIO-TEC-4142,Alpha-Bio Tec.,Implant Grip Driver Short 2.5mm,MODERATION,,PHOTO_REVIEW_REQUIRED,SHARED_IMAGE_REVIEW_REQUIRED,4142,https://dental-market.kz/catalog/implant-grip-driver-short-2-5mm
CANON-ALPHA-BIO-TEC-4141,Alpha-Bio Tec.,Implant Grip Driver Standard 2.5mm,MODERATION,,PHOTO_REVIEW_REQUIRED,SHARED_IMAGE_REVIEW_REQUIRED,4141,https://dental-market.kz/catalog/implant-grip-driver-standard-2-5mm
CANON-ALPHA-BIO-TEC-4147,Alpha-Bio Tec.,Implant Hand Driver 2.1mm CHC,MODERATION,,PHOTO_REVIEW_REQUIRED,SHARED_IMAGE_REVIEW_REQUIRED,4147,https://dental-market.kz/catalog/implant-hand-driver-2-1mm-chc
CANON-ALPHA-BIO-TEC-4146,Alpha-Bio Tec.,Implant Hand Driver 2.5mm IH,MODERATION,,PHOTO_REVIEW_REQUIRED,SHARED_IMAGE_REVIEW_REQUIRED,4146,https://dental-market.kz/catalog/implant-hand-driver-2-5mm-ih
CANON-ALPHA-BIO-TEC-65055,Alpha-Bio Tec.,Implant Mount CHC,MODERATION,,PHOTO_REVIEW_REQUIRED,SHARED_IMAGE_REVIEW_REQUIRED,65055,https://dental-market.kz/catalog/implant-mount-chc
CANON-ALPHA-BIO-TEC-65061,Alpha-Bio Tec.,Implant Mount CHC Driver,MODERATION,,PHOTO_REVIEW_REQUIRED,SHARED_IMAGE_REVIEW_REQUIRED,65061,https://dental-market.kz/catalog/implant-mount-chc-driver
CANON-ALPHA-BIO-TEC-65065,Alpha-Bio Tec.,Implant Mount CS large,MODERATION,,PHOTO_REVIEW_REQUIRED,SHARED_IMAGE_REVIEW_REQUIRED,65065,https://dental-market.kz/catalog/implant-mount-cs-large
CANON-ALPHA-BIO-TEC-65064,Alpha-Bio Tec.,Implant Mount CS Small,MODERATION,,PHOTO_REVIEW_REQUIRED,SHARED_IMAGE_REVIEW_REQUIRED,65064,https://dental-market.kz/catalog/implant-mount-cs-small
CANON-ALPHA-BIO-TEC-65042,Alpha-Bio Tec.,Implant mount extention,MODERATION,,PHOTO_REVIEW_REQUIRED,SHARED_IMAGE_REVIEW_REQUIRED,65042,https://dental-market.kz/catalog/implant-mount-extention
CANON-ALPHA-BIO-TEC-65045,Alpha-Bio Tec.,Implant Mount Extractor,MODERATION,,PHOTO_REVIEW_REQUIRED,SHARED_IMAGE_REVIEW_REQUIRED,65045,https://dental-market.kz/catalog/implant-mount-extractor
CANON-ALPHA-BIO-TEC-65063,Alpha-Bio Tec.,Implant Mount Int. Hex Driver Large,MODERATION,,PHOTO_REVIEW_REQUIRED,SHARED_IMAGE_REVIEW_REQUIRED,65063,https://dental-market.kz/catalog/implant-mount-int-hex-driver-large
CANON-ALPHA-BIO-TEC-65062,Alpha-Bio Tec.,Implant Mount Int. Hex Driver Small,MODERATION,,PHOTO_REVIEW_REQUIRED,SHARED_IMAGE_REVIEW_REQUIRED,65062,https://dental-market.kz/catalog/implant-mount-int-hex-driver-small
CANON-ALPHA-BIO-TEC-65038,Alpha-Bio Tec.,Implant Mount Large,MODERATION,,PHOTO_REVIEW_REQUIRED,SHARED_IMAGE_REVIEW_REQUIRED,65038,https://dental-market.kz/catalog/implant-mount-large
CANON-ALPHA-BIO-TEC-65039,Alpha-Bio Tec.,Implant Mount Screw,MODERATION,,PHOTO_REVIEW_REQUIRED,SHARED_IMAGE_REVIEW_REQUIRED,65039,https://dental-market.kz/catalog/implant-mount-screw
CANON-ALPHA-BIO-TEC-65056,Alpha-Bio Tec.,Implant Mount Screw CHC,MODERATION,,PHOTO_REVIEW_REQUIRED,SHARED_IMAGE_REVIEW_REQUIRED,65056,https://dental-market.kz/catalog/implant-mount-screw-chc
CANON-ALPHA-BIO-TEC-65037,Alpha-Bio Tec.,Implant Mount Small,MODERATION,,PHOTO_REVIEW_REQUIRED,SHARED_IMAGE_REVIEW_REQUIRED,65037,https://dental-market.kz/catalog/implant-mount-small
CANON-ALPHA-BIO-TEC-3837,Alpha-Bio Tec.,Intraoral Scan Body CSL,MODERATION,,PHOTO_REVIEW_REQUIRED,SHARED_IMAGE_REVIEW_REQUIRED,3837,https://dental-market.kz/catalog/intraoral-scan-body-csl
CANON-ALPHA-BIO-TEC-5003,Alpha-Bio Tec.,Intraoral Scan Body Screw Retained TCT N TCT-N,MODERATION,,PHOTO_REVIEW_REQUIRED,SHARED_IMAGE_REVIEW_REQUIRED,5003,https://dental-market.kz/catalog/intraoral-scan-body-screw-retained-tct-n-tct-n
CANON-ALPHA-BIO-TEC-65047,Alpha-Bio Tec.,Lateral Pin,MODERATION,,PHOTO_REVIEW_REQUIRED,SHARED_IMAGE_REVIEW_REQUIRED,65047,https://dental-market.kz/catalog/lateral-pin
CANON-ALPHA-BIO-TEC-5092,Alpha-Bio Tec.,Long Angled Titanium Abutment 15°,MODERATION,,PHOTO_REVIEW_REQUIRED,SHARED_IMAGE_REVIEW_REQUIRED,5092,https://dental-market.kz/catalog/long-angled-titanium-abutment-15
CANON-ALPHA-BIO-TEC-5098,Alpha-Bio Tec.,Long Angled Titanium Abutment with Shoulder 15°,MODERATION,,PHOTO_REVIEW_REQUIRED,SHARED_IMAGE_REVIEW_REQUIRED,5098,https://dental-market.kz/catalog/long-angled-titanium-abutment-with-shoulder-15
CANON-ALPHA-BIO-TEC-3451,Alpha-Bio Tec.,Long Closed Tray Transfer CS,MODERATION,,PHOTO_REVIEW_REQUIRED,SHARED_IMAGE_REVIEW_REQUIRED,3451,https://dental-market.kz/catalog/long-closed-tray-transfer-cs
CANON-ALPHA-BIO-TEC-4061,Alpha-Bio Tec.,Long Hex Driver 1.25mm,MODERATION,,PHOTO_REVIEW_REQUIRED,SHARED_IMAGE_REVIEW_REQUIRED,4061,https://dental-market.kz/catalog/long-hex-driver-1-25mm
CANON-ALPHA-BIO-TEC-3456,Alpha-Bio Tec.,Long Open Tray Transfer CS,MODERATION,,PHOTO_REVIEW_REQUIRED,SHARED_IMAGE_REVIEW_REQUIRED,3456,https://dental-market.kz/catalog/long-open-tray-transfer-cs
CANON-ALPHA-BIO-TEC-5140,Alpha-Bio Tec.,Long Straight Titanium Abutment,MODERATION,,PHOTO_REVIEW_REQUIRED,SHARED_IMAGE_REVIEW_REQUIRED,5140,https://dental-market.kz/catalog/long-straight-titanium-abutment
CANON-ALPHA-BIO-TEC-3806,Alpha-Bio Tec.,Manual Implant Driver 2.5mm CS,MODERATION,,PHOTO_REVIEW_REQUIRED,SHARED_IMAGE_REVIEW_REQUIRED,3806,https://dental-market.kz/catalog/manual-implant-driver-2-5mm-cs
CANON-ALPHA-BIO-TEC-4712C,Alpha-Bio Tec.,Marking Drill-Sphere shape 1.5/L16,MODERATION,,PHOTO_REVIEW_REQUIRED,SHARED_IMAGE_REVIEW_REQUIRED,4712C,https://dental-market.kz/catalog/marking-drill-sphere-shape-1-5-l16
CANON-ALPHA-BIO-TEC-6240,Alpha-Bio Tec.,Metal Housing for Ball Attachment,MODERATION,,PHOTO_REVIEW_REQUIRED,SHARED_IMAGE_REVIEW_REQUIRED,6240,https://dental-market.kz/catalog/metal-housing-for-ball-attachment
CANON-ALPHA-BIO-TEC-65050,Alpha-Bio Tec.,Milling Drill,MODERATION,,PHOTO_REVIEW_REQUIRED,SHARED_IMAGE_REVIEW_REQUIRED,65050,https://dental-market.kz/catalog/milling-drill
CANON-ALPHA-BIO-TEC-KIT-142,Alpha-Bio Tec.,Mini coated straight Kit Global,MODERATION,,PHOTO_REVIEW_REQUIRED,SHARED_IMAGE_REVIEW_REQUIRED,KIT#142,https://dental-market.kz/catalog/mini-coated-straight-kit-global
CANON-ALPHA-BIO-TEC-KIT-144,Alpha-Bio Tec.,Mini Step Kit Global,MODERATION,,PHOTO_REVIEW_REQUIRED,SHARED_IMAGE_REVIEW_REQUIRED,KIT#144,https://dental-market.kz/catalog/mini-step-kit-global
CANON-ALPHA-BIO-TEC-4611,Alpha-Bio Tec.,Mini Surgical Organizer Box,MODERATION,,PHOTO_REVIEW_REQUIRED,SHARED_IMAGE_REVIEW_REQUIRED,4611,https://dental-market.kz/catalog/mini-surgical-organizer-box
CANON-ALPHA-BIO-TEC-7303,Alpha-Bio Tec.,Motor Mount Driver Long 2.1mm CHC,MODERATION,,PHOTO_REVIEW_REQUIRED,SHARED_IMAGE_REVIEW_REQUIRED,7303,https://dental-market.kz/catalog/motor-mount-driver-long-2-1mm-chc
CANON-ALPHA-BIO-TEC-3805,Alpha-Bio Tec.,Motor Mount Driver Long 2.5mm CS,MODERATION,,PHOTO_REVIEW_REQUIRED,SHARED_IMAGE_REVIEW_REQUIRED,3805,https://dental-market.kz/catalog/motor-mount-driver-long-2-5mm-cs
CANON-ALPHA-BIO-TEC-7304,Alpha-Bio Tec.,Motor Mount Driver Short 2.1mm CHC,MODERATION,,PHOTO_REVIEW_REQUIRED,SHARED_IMAGE_REVIEW_REQUIRED,7304,https://dental-market.kz/catalog/motor-mount-driver-short-2-1mm-chc
CANON-ALPHA-BIO-TEC-3804,Alpha-Bio Tec.,Motor Mount Driver Short 2.5mm CS,MODERATION,,PHOTO_REVIEW_REQUIRED,SHARED_IMAGE_REVIEW_REQUIRED,3804,https://dental-market.kz/catalog/motor-mount-driver-short-2-5mm-cs
CANON-ALPHA-BIO-TEC-4143,Alpha-Bio Tec.,Motor Mount Grip Driver Long 2.5/1.25mm,MODERATION,,PHOTO_REVIEW_REQUIRED,SHARED_IMAGE_REVIEW_REQUIRED,4143,https://dental-market.kz/catalog/motor-mount-grip-driver-long-2-5-1-25mm
CANON-ALPHA-BIO-TEC-4145,Alpha-Bio Tec.,Motor Mount Grip Driver Short 2.5/1.25mm,MODERATION,,PHOTO_REVIEW_REQUIRED,SHARED_IMAGE_REVIEW_REQUIRED,4145,https://dental-market.kz/catalog/motor-mount-grip-driver-short-2-5-1-25mm
CANON-ALPHA-BIO-TEC-4165,Alpha-Bio Tec.,Motor Mount Hex Driver 1.25mm,MODERATION,,PHOTO_REVIEW_REQUIRED,SHARED_IMAGE_REVIEW_REQUIRED,4165,https://dental-market.kz/catalog/motor-mount-hex-driver-1-25mm
CANON-ALPHA-BIO-TEC-4161,Alpha-Bio Tec.,Motor Mount Hex Driver 2.5/1.25mm,MODERATION,,PHOTO_REVIEW_REQUIRED,SHARED_IMAGE_REVIEW_REQUIRED,4161,https://dental-market.kz/catalog/motor-mount-hex-driver-2-5-1-25mm
CANON-ALPHA-BIO-TEC-5362,Alpha-Bio Tec.,Omni Titanium Abutment,MODERATION,,PHOTO_REVIEW_REQUIRED,SHARED_IMAGE_REVIEW_REQUIRED,5362,https://dental-market.kz/catalog/omni-titanium-abutment
CANON-ALPHA-BIO-TEC-5061,Alpha-Bio Tec.,Open Tray Transfer,MODERATION,,PHOTO_REVIEW_REQUIRED,SHARED_IMAGE_REVIEW_REQUIRED,5061,https://dental-market.kz/catalog/open-tray-transfer
CANON-ALPHA-BIO-TEC-4080,Alpha-Bio Tec.,Parallel Depth Guide,MODERATION,,PHOTO_REVIEW_REQUIRED,SHARED_IMAGE_REVIEW_REQUIRED,4080,https://dental-market.kz/catalog/parallel-depth-guide
CANON-ALPHA-BIO-TEC-4990,Alpha-Bio Tec.,PreFace Compatible Blank abutment – CHC,MODERATION,,PHOTO_REVIEW_REQUIRED,SHARED_IMAGE_REVIEW_REQUIRED,4990,https://dental-market.kz/catalog/preface-compatible-blank-abutment-chc
CANON-ALPHA-BIO-TEC-5217,Alpha-Bio Tec.,Pro Burnout Anti Rotation Sleeve for TCT-N,MODERATION,,PHOTO_REVIEW_REQUIRED,SHARED_IMAGE_REVIEW_REQUIRED,5217,https://dental-market.kz/catalog/pro-burnout-anti-rotation-sleeve-for-tct-n
CANON-ALPHA-BIO-TEC-5218,Alpha-Bio Tec.,Pro Burnout Sleeve for TCT-N,MODERATION,,PHOTO_REVIEW_REQUIRED,SHARED_IMAGE_REVIEW_REQUIRED,5218,https://dental-market.kz/catalog/pro-burnout-sleeve-for-tct-n
CANON-ALPHA-BIO-TEC-6093,Alpha-Bio Tec.,Pro Fixation Torqfit Screw SFT-N,MODERATION,,PHOTO_REVIEW_REQUIRED,SHARED_IMAGE_REVIEW_REQUIRED,6093,https://dental-market.kz/catalog/pro-fixation-torqfit-screw-sft-n
CANON-ALPHA-BIO-TEC-4060,Alpha-Bio Tec.,Pro Hand Hex Long Screw Driver 1.5mm,MODERATION,,PHOTO_REVIEW_REQUIRED,SHARED_IMAGE_REVIEW_REQUIRED,4060,https://dental-market.kz/catalog/pro-hand-hex-long-screw-driver-1-5mm
CANON-ALPHA-BIO-TEC-4059,Alpha-Bio Tec.,Pro Hand Hex Screw Driver 1.5mm,MODERATION,,PHOTO_REVIEW_REQUIRED,SHARED_IMAGE_REVIEW_REQUIRED,4059,https://dental-market.kz/catalog/pro-hand-hex-screw-driver-1-5mm
CANON-ALPHA-BIO-TEC-5236,Alpha-Bio Tec.,Pro Healing Abutment for TCT N/AUC TCT N TCT-N,MODERATION,,VARIANT_LABEL_REQUIRED | PHOTO_REVIEW_REQUIRED,SHARED_IMAGE_REVIEW_REQUIRED,5236 | 5237,https://dental-market.kz/catalog/pro-healing-abutment-for-tct-n-auc-tct-n-tct-n
CANON-ALPHA-BIO-TEC-4168,Alpha-Bio Tec.,Pro Motor Mount Hex Driver 1.5mm,MODERATION,,PHOTO_REVIEW_REQUIRED,SHARED_IMAGE_REVIEW_REQUIRED,4168,https://dental-market.kz/catalog/pro-motor-mount-hex-driver-1-5mm
CANON-ALPHA-BIO-TEC-5248,Alpha-Bio Tec.,Pro Open Tray Transfer (R) for TCT-N/AUC-TCT-N,MODERATION,,PHOTO_REVIEW_REQUIRED,SHARED_IMAGE_REVIEW_REQUIRED,5248,https://dental-market.kz/catalog/pro-open-tray-transfer-r-for-tct-n-auc-tct-n
CANON-ALPHA-BIO-TEC-5231,Alpha-Bio Tec.,Pro Open Tray Transfer for TCT-N/AUC-TCT-N,MODERATION,,PHOTO_REVIEW_REQUIRED,SHARED_IMAGE_REVIEW_REQUIRED,5231,https://dental-market.kz/catalog/pro-open-tray-transfer-for-tct-n-auc-tct-n
CANON-ALPHA-BIO-TEC-6012,Alpha-Bio Tec.,Pro Screw For Open Tray Transfer TCT-N/TSA-N,MODERATION,,PHOTO_REVIEW_REQUIRED,SHARED_IMAGE_REVIEW_REQUIRED,6012,https://dental-market.kz/catalog/pro-screw-for-open-tray-transfer-tct-n-tsa-n
CANON-ALPHA-BIO-TEC-4058,Alpha-Bio Tec.,Pro Short Hex Driver 1.5mm,MODERATION,,PHOTO_REVIEW_REQUIRED,SHARED_IMAGE_REVIEW_REQUIRED,4058,https://dental-market.kz/catalog/pro-short-hex-driver-1-5mm
CANON-ALPHA-BIO-TEC-5216,Alpha-Bio Tec.,Pro Temporary Titanium Abutment for TCT N TCT-N,MODERATION,,PHOTO_REVIEW_REQUIRED,SHARED_IMAGE_REVIEW_REQUIRED,5216,https://dental-market.kz/catalog/pro-temporary-titanium-abutment-for-tct-n-tct-n
CANON-ALPHA-BIO-TEC-4304,Alpha-Bio Tec.,Round Burr,MODERATION,,PHOTO_REVIEW_REQUIRED,SHARED_IMAGE_REVIEW_REQUIRED,4304,https://dental-market.kz/catalog/round-burr
CANON-ALPHA-BIO-TEC-66014,Alpha-Bio Tec.,Securing Sleeve,MODERATION,,PHOTO_REVIEW_REQUIRED,SHARED_IMAGE_REVIEW_REQUIRED,66014,https://dental-market.kz/catalog/securing-sleeve
CANON-ALPHA-BIO-TEC-5170,Alpha-Bio Tec.,Short Closed Tray Transfer,MODERATION,,PHOTO_REVIEW_REQUIRED,SHARED_IMAGE_REVIEW_REQUIRED,5170,https://dental-market.kz/catalog/short-closed-tray-transfer
CANON-ALPHA-BIO-TEC-3450,Alpha-Bio Tec.,Short Closed Tray Transfer CS,MODERATION,,PHOTO_REVIEW_REQUIRED,SHARED_IMAGE_REVIEW_REQUIRED,3450,https://dental-market.kz/catalog/short-closed-tray-transfer-cs
CANON-ALPHA-BIO-TEC-5410,Alpha-Bio Tec.,Short Esthetic Anatomic Abutment 15°,MODERATION,,PHOTO_REVIEW_REQUIRED,SHARED_IMAGE_REVIEW_REQUIRED,5410,https://dental-market.kz/catalog/short-esthetic-anatomic-abutment-15
CANON-ALPHA-BIO-TEC-5413,Alpha-Bio Tec.,Short Esthetic Anatomic Abutment 25°,MODERATION,,PHOTO_REVIEW_REQUIRED,SHARED_IMAGE_REVIEW_REQUIRED,5413,https://dental-market.kz/catalog/short-esthetic-anatomic-abutment-25
CANON-ALPHA-BIO-TEC-4053,Alpha-Bio Tec.,Short Hand Hex Screw Driver 1.25mm,MODERATION,,PHOTO_REVIEW_REQUIRED,SHARED_IMAGE_REVIEW_REQUIRED,4053,https://dental-market.kz/catalog/short-hand-hex-screw-driver-1-25mm
CANON-ALPHA-BIO-TEC-4056,Alpha-Bio Tec.,Short Hex Driver 1.25mm,MODERATION,,PHOTO_REVIEW_REQUIRED,SHARED_IMAGE_REVIEW_REQUIRED,4056,https://dental-market.kz/catalog/short-hex-driver-1-25mm
CANON-ALPHA-BIO-TEC-4057,Alpha-Bio Tec.,Short Hex Driver 1.5mm,MODERATION,,PHOTO_REVIEW_REQUIRED,SHARED_IMAGE_REVIEW_REQUIRED,4057,https://dental-market.kz/catalog/short-hex-driver-1-5mm
CANON-ALPHA-BIO-TEC-4153,Alpha-Bio Tec.,Short Hex Driver 2.5mm,MODERATION,,PHOTO_REVIEW_REQUIRED,SHARED_IMAGE_REVIEW_REQUIRED,4153,https://dental-market.kz/catalog/short-hex-driver-2-5mm
CANON-ALPHA-BIO-TEC-5171,Alpha-Bio Tec.,Short Open Tray Transfer,MODERATION,,PHOTO_REVIEW_REQUIRED,SHARED_IMAGE_REVIEW_REQUIRED,5171,https://dental-market.kz/catalog/short-open-tray-transfer
CANON-ALPHA-BIO-TEC-3455,Alpha-Bio Tec.,Short Open Tray Transfer CS,MODERATION,,PHOTO_REVIEW_REQUIRED,SHARED_IMAGE_REVIEW_REQUIRED,3455,https://dental-market.kz/catalog/short-open-tray-transfer-cs
CANON-ALPHA-BIO-TEC-4081,Alpha-Bio Tec.,Short Parallel Depth Guide,MODERATION,,PHOTO_REVIEW_REQUIRED,SHARED_IMAGE_REVIEW_REQUIRED,4081,https://dental-market.kz/catalog/short-parallel-depth-guide
CANON-ALPHA-BIO-TEC-5122,Alpha-Bio Tec.,Short Titanium Abutment Screw,MODERATION,,PHOTO_REVIEW_REQUIRED,SHARED_IMAGE_REVIEW_REQUIRED,5122,https://dental-market.kz/catalog/short-titanium-abutment-screw
CANON-ALPHA-BIO-TEC-5364,Alpha-Bio Tec.,Simply Close Tray Plastic Transfer,MODERATION,,PHOTO_REVIEW_REQUIRED,SHARED_IMAGE_REVIEW_REQUIRED,5364,https://dental-market.kz/catalog/simply-close-tray-plastic-transfer
CANON-ALPHA-BIO-TEC-5352,Alpha-Bio Tec.,Simply Esthetic Straight Titanium Abutment,MODERATION,,VARIANT_LABEL_REQUIRED | PHOTO_REVIEW_REQUIRED,SHARED_IMAGE_REVIEW_REQUIRED,5352 | 5353,https://dental-market.kz/catalog/simply-esthetic-straight-titanium-abutment
CANON-ALPHA-BIO-TEC-5366,Alpha-Bio Tec.,Simply Straight Titanium Abutment,MODERATION,,VARIANT_LABEL_REQUIRED | PHOTO_REVIEW_REQUIRED,SHARED_IMAGE_REVIEW_REQUIRED,5366 | 5367 | 5368 | 5369,https://dental-market.kz/catalog/simply-straight-titanium-abutment
CANON-ALPHA-BIO-TEC-65057,Alpha-Bio Tec.,Sleeve L/S Adaptor Driver,MODERATION,,PHOTO_REVIEW_REQUIRED,SHARED_IMAGE_REVIEW_REQUIRED,65057,https://dental-market.kz/catalog/sleeve-l-s-adaptor-driver
CANON-ALPHA-BIO-TEC-66013,Alpha-Bio Tec.,Sleeve Large,MODERATION,,PHOTO_REVIEW_REQUIRED,SHARED_IMAGE_REVIEW_REQUIRED,66013,https://dental-market.kz/catalog/sleeve-large
CANON-ALPHA-BIO-TEC-66012,Alpha-Bio Tec.,Sleeve Small,MODERATION,,PHOTO_REVIEW_REQUIRED,SHARED_IMAGE_REVIEW_REQUIRED,66012,https://dental-market.kz/catalog/sleeve-small
CANON-ALPHA-BIO-TEC-5062,Alpha-Bio Tec.,Slim Closed Tray Transfer,MODERATION,,PHOTO_REVIEW_REQUIRED,SHARED_IMAGE_REVIEW_REQUIRED,5062,https://dental-market.kz/catalog/slim-closed-tray-transfer
CANON-ALPHA-BIO-TEC-112,Alpha-Bio Tec.,Slim Healing Abutment,MODERATION,,VARIANT_LABEL_REQUIRED | PHOTO_REVIEW_REQUIRED,SHARED_IMAGE_REVIEW_REQUIRED,112 | 113 | 114,https://dental-market.kz/catalog/slim-healing-abutment
CANON-ALPHA-BIO-TEC-5150,Alpha-Bio Tec.,Slim Straight Titanium Abutment,MODERATION,,PHOTO_REVIEW_REQUIRED,SHARED_IMAGE_REVIEW_REQUIRED,5150,https://dental-market.kz/catalog/slim-straight-titanium-abutment
CANON-ALPHA-BIO-TEC-5403,Alpha-Bio Tec.,Slim Titanium Abutment with Short Platform,MODERATION,,PHOTO_REVIEW_REQUIRED,SHARED_IMAGE_REVIEW_REQUIRED,5403,https://dental-market.kz/catalog/slim-titanium-abutment-with-short-platform
CANON-ALPHA-BIO-TEC-710005,Alpha-Bio Tec.,small box for surgical guide with logo,MODERATION,,PHOTO_REVIEW_REQUIRED,SHARED_IMAGE_REVIEW_REQUIRED,710005,https://dental-market.kz/catalog/small-box-for-surgical-guide-with-logo
CANON-ALPHA-BIO-TEC-65058,Alpha-Bio Tec.,Small Sleeve for Adaptor,MODERATION,,PHOTO_REVIEW_REQUIRED,SHARED_IMAGE_REVIEW_REQUIRED,65058,https://dental-market.kz/catalog/small-sleeve-for-adaptor
CANON-ALPHA-BIO-TEC-6253,Alpha-Bio Tec.,Soft Nylon Cap,MODERATION,,PHOTO_REVIEW_REQUIRED,SHARED_IMAGE_REVIEW_REQUIRED,6253,https://dental-market.kz/catalog/soft-nylon-cap
CANON-ALPHA-BIO-TEC-7358,Alpha-Bio Tec.,Standard Abutment D4.0 CHC,MODERATION,,PHOTO_REVIEW_REQUIRED,SHARED_IMAGE_REVIEW_REQUIRED,7358,https://dental-market.kz/catalog/standard-abutment-d4-0-chc
CANON-ALPHA-BIO-TEC-6250,Alpha-Bio Tec.,Standard Nylon Cap,MODERATION,,PHOTO_REVIEW_REQUIRED,SHARED_IMAGE_REVIEW_REQUIRED,6250,https://dental-market.kz/catalog/standard-nylon-cap
CANON-ALPHA-BIO-TEC-KIT-146,Alpha-Bio Tec.,Step drills Global,MODERATION,,PHOTO_REVIEW_REQUIRED,SHARED_IMAGE_REVIEW_REQUIRED,KIT#146,https://dental-market.kz/catalog/step-drills-global
CANON-ALPHA-BIO-TEC-KIT-145,Alpha-Bio Tec.,Straight drills Global,MODERATION,,PHOTO_REVIEW_REQUIRED,SHARED_IMAGE_REVIEW_REQUIRED,KIT#145,https://dental-market.kz/catalog/straight-drills-global
CANON-ALPHA-BIO-TEC-5040,Alpha-Bio Tec.,Straight Plastic Abutment Anti Rotation,MODERATION,,PHOTO_REVIEW_REQUIRED,SHARED_IMAGE_REVIEW_REQUIRED,5040,https://dental-market.kz/catalog/straight-plastic-abutment-anti-rotation
CANON-ALPHA-BIO-TEC-5041,Alpha-Bio Tec.,Straight Plastic Abutment Rotation,MODERATION,,PHOTO_REVIEW_REQUIRED,SHARED_IMAGE_REVIEW_REQUIRED,5041,https://dental-market.kz/catalog/straight-plastic-abutment-rotation
CANON-ALPHA-BIO-TEC-5417,Alpha-Bio Tec.,Straight temporary PEEK abutment,MODERATION,,VARIANT_LABEL_REQUIRED | PHOTO_REVIEW_REQUIRED,SHARED_IMAGE_REVIEW_REQUIRED,5417 | 5418,https://dental-market.kz/catalog/straight-temporary-peek-abutment-2
CANON-ALPHA-BIO-TEC-5416,Alpha-Bio Tec.,Straight temporary PEEK Abutment,MODERATION,,PHOTO_REVIEW_REQUIRED,SHARED_IMAGE_REVIEW_REQUIRED,5416,https://dental-market.kz/catalog/straight-temporary-peek-abutment
CANON-ALPHA-BIO-TEC-5030,Alpha-Bio Tec.,Straight Titanium Abutment,MODERATION,,PHOTO_REVIEW_REQUIRED,SHARED_IMAGE_REVIEW_REQUIRED,5030,https://dental-market.kz/catalog/straight-titanium-abutment
CANON-ALPHA-BIO-TEC-65007,Alpha-Bio Tec.,Surgical Drill,MODERATION,,VARIANT_LABEL_REQUIRED | PHOTO_REVIEW_REQUIRED,SHARED_IMAGE_REVIEW_REQUIRED,65007 | 65008 | 65009 | 65010 | 65011 | 65012 | 65013 | 65014 | 65015 | 65016 | 65017 | 65018 | 65019 | 65020 | 65021 | 65022 | 65023 | 65024 | 65025 | 65026 | 65027 | 65028 | 65029 | 65030 | 65031 | 65032 | 65033 | 65034 | 65035 | 65036 | 65070 | 65071 | 65072 | 65073 | 65074,https://dental-market.kz/catalog/surgical-drill
CANON-ALPHA-BIO-TEC-4220,Alpha-Bio Tec.,Surgical Screwdriver,MODERATION,,PHOTO_REVIEW_REQUIRED,SHARED_IMAGE_REVIEW_REQUIRED,4220,https://dental-market.kz/catalog/surgical-screwdriver
CANON-ALPHA-BIO-TEC-5200,Alpha-Bio Tec.,Temporary Titanium Abutment Anti Rotation,MODERATION,,PHOTO_REVIEW_REQUIRED,SHARED_IMAGE_REVIEW_REQUIRED,5200,https://dental-market.kz/catalog/temporary-titanium-abutment-anti-rotation
CANON-ALPHA-BIO-TEC-3532,Alpha-Bio Tec.,Temporary Titanium Abutment AR CS,MODERATION,,PHOTO_REVIEW_REQUIRED,SHARED_IMAGE_REVIEW_REQUIRED,3532,https://dental-market.kz/catalog/temporary-titanium-abutment-ar-cs
CANON-ALPHA-BIO-TEC-3533,Alpha-Bio Tec.,Temporary Titanium Abutment R CS,MODERATION,,PHOTO_REVIEW_REQUIRED,SHARED_IMAGE_REVIEW_REQUIRED,3533,https://dental-market.kz/catalog/temporary-titanium-abutment-r-cs
CANON-ALPHA-BIO-TEC-5220,Alpha-Bio Tec.,Temporary Titanium Abutment Rotation,MODERATION,,PHOTO_REVIEW_REQUIRED,SHARED_IMAGE_REVIEW_REQUIRED,5220,https://dental-market.kz/catalog/temporary-titanium-abutment-rotation
CANON-ALPHA-BIO-TEC-65004,Alpha-Bio Tec.,Tissue Punch Large,MODERATION,,PHOTO_REVIEW_REQUIRED,SHARED_IMAGE_REVIEW_REQUIRED,65004,https://dental-market.kz/catalog/tissue-punch-large
CANON-ALPHA-BIO-TEC-65003,Alpha-Bio Tec.,Tissue Punch Small,MODERATION,,PHOTO_REVIEW_REQUIRED,SHARED_IMAGE_REVIEW_REQUIRED,65003,https://dental-market.kz/catalog/tissue-punch-small
CANON-ALPHA-BIO-TEC-5127,Alpha-Bio Tec.,Titanium Abutment Screw,MODERATION,,PHOTO_REVIEW_REQUIRED,SHARED_IMAGE_REVIEW_REQUIRED,5127,https://dental-market.kz/catalog/titanium-abutment-screw
CANON-ALPHA-BIO-TEC-6210,Alpha-Bio Tec.,Titanium Ball Abutment,MODERATION,,VARIANT_LABEL_REQUIRED | PHOTO_REVIEW_REQUIRED,SHARED_IMAGE_REVIEW_REQUIRED,6210 | 6220 | 6270 | 6280 | 6290,https://dental-market.kz/catalog/titanium-ball-abutment
CANON-ALPHA-BIO-TEC-7403,Alpha-Bio Tec.,Titanium Ball Abutment 2.5 CHC,MODERATION,,PHOTO_REVIEW_REQUIRED,SHARED_IMAGE_REVIEW_REQUIRED,7403,https://dental-market.kz/catalog/titanium-ball-abutment-2-5-chc
CANON-ALPHA-BIO-TEC-7404,Alpha-Bio Tec.,Titanium Ball Abutment 2.5 L 2 CHC,MODERATION,,PHOTO_REVIEW_REQUIRED,SHARED_IMAGE_REVIEW_REQUIRED,7404,https://dental-market.kz/catalog/titanium-ball-abutment-2-5-l-2-chc
CANON-ALPHA-BIO-TEC-7405,Alpha-Bio Tec.,Titanium Ball Abutment 2.5 L 3 CHC,MODERATION,,PHOTO_REVIEW_REQUIRED,SHARED_IMAGE_REVIEW_REQUIRED,7405,https://dental-market.kz/catalog/titanium-ball-abutment-2-5-l-3-chc
CANON-ALPHA-BIO-TEC-7406,Alpha-Bio Tec.,Titanium Ball Abutment 2.5 L 4 CHC,MODERATION,,PHOTO_REVIEW_REQUIRED,SHARED_IMAGE_REVIEW_REQUIRED,7406,https://dental-market.kz/catalog/titanium-ball-abutment-2-5-l-4-chc
CANON-ALPHA-BIO-TEC-7407,Alpha-Bio Tec.,Titanium Ball Abutment 2.5 L 5 CHC,MODERATION,,PHOTO_REVIEW_REQUIRED,SHARED_IMAGE_REVIEW_REQUIRED,7407,https://dental-market.kz/catalog/titanium-ball-abutment-2-5-l-5-chc
CANON-ALPHA-BIO-TEC-6260,Alpha-Bio Tec.,Titanium Ball Abutment L 0.5,MODERATION,,PHOTO_REVIEW_REQUIRED,SHARED_IMAGE_REVIEW_REQUIRED,6260,https://dental-market.kz/catalog/titanium-ball-abutment-l-0-5
CANON-ALPHA-BIO-TEC-5136,Alpha-Bio Tec.,Titanium Lock Abutment Angled 35°,MODERATION,,PHOTO_REVIEW_REQUIRED,SHARED_IMAGE_REVIEW_REQUIRED,5136,https://dental-market.kz/catalog/titanium-lock-abutment-angled-35
CANON-ALPHA-BIO-TEC-5134,Alpha-Bio Tec.,Titanium Lock Abutment Long 25°,MODERATION,,PHOTO_REVIEW_REQUIRED,SHARED_IMAGE_REVIEW_REQUIRED,5134,https://dental-market.kz/catalog/titanium-lock-abutment-long-25
CANON-ALPHA-BIO-TEC-5121,Alpha-Bio Tec.,Torqfit Abutment Screw,MODERATION,,PHOTO_REVIEW_REQUIRED,SHARED_IMAGE_REVIEW_REQUIRED,5121,https://dental-market.kz/catalog/torqfit-abutment-screw
CANON-ALPHA-BIO-TEC-4940,Alpha-Bio Tec.,Trephine Drill,MODERATION,,VARIANT_LABEL_REQUIRED | PHOTO_REVIEW_REQUIRED,SHARED_IMAGE_REVIEW_REQUIRED,4940 | 4950,https://dental-market.kz/catalog/trephine-drill
CANON-ALPHA-BIO-TEC-4012,Alpha-Bio Tec.,Universal Square Ratchet Head,MODERATION,,PHOTO_REVIEW_REQUIRED,SHARED_IMAGE_REVIEW_REQUIRED,4012,https://dental-market.kz/catalog/universal-square-ratchet-head
CANON-ALPHA-BIO-TEC-4572,Alpha-Bio Tec.,Universal Torque Ratchet 10-45Ncm,MODERATION,,PHOTO_REVIEW_REQUIRED,SHARED_IMAGE_REVIEW_REQUIRED,4572,https://dental-market.kz/catalog/universal-torque-ratchet-10-45ncm
CANON-ALPHA-BIO-TEC-5008,Alpha-Bio Tec.,Wide CAD/CAM Ti Base Non Engaging AR,MODERATION,,PHOTO_REVIEW_REQUIRED,SHARED_IMAGE_REVIEW_REQUIRED,5008,https://dental-market.kz/catalog/wide-cad-cam-ti-base-non-engaging-ar
CANON-ANTHOS-ANTHOS-A,Anthos,A,REJECT,INVALID_PRODUCT_IDENTITY,MANUFACTURER_REFERENCE_REQUIRED | EXACT_KZ_SKU_EVIDENCE_REQUIRED,EXACT_SOURCE_SINGLE_CARD,,https://www.anthos.it/en/sterilization/autoclaves#product-a
CANON-ANTHOS-ANTHOS-A3,Anthos,A3,REJECT,INVALID_PRODUCT_IDENTITY,VARIANT_LABEL_REQUIRED | MANUFACTURER_REFERENCE_REQUIRED | EXACT_KZ_SKU_EVIDENCE_REQUIRED,EXACT_SOURCE_SINGLE_CARD,,https://www.anthos.it/en/dental-units/a3/
CANON-ANTHOS-ANTHOS-A5,Anthos,A5,REJECT,INVALID_PRODUCT_IDENTITY,VARIANT_LABEL_REQUIRED | MANUFACTURER_REFERENCE_REQUIRED | EXACT_KZ_SKU_EVIDENCE_REQUIRED,EXACT_SOURCE_SINGLE_CARD,,https://www.anthos.it/en/dental-units/a5/
CANON-ANTHOS-ANTHOS-C9,Anthos,C9,REJECT,INVALID_PRODUCT_IDENTITY,VARIANT_LABEL_REQUIRED | MANUFACTURER_REFERENCE_REQUIRED | EXACT_KZ_SKU_EVIDENCE_REQUIRED,EXACT_SOURCE_SINGLE_CARD,,https://www.anthos.it/en/dental-units/c9
CANON-ANTHOS-ANTHOS-L6,Anthos,L6,REJECT,INVALID_PRODUCT_IDENTITY,VARIANT_LABEL_REQUIRED | MANUFACTURER_REFERENCE_REQUIRED | EXACT_KZ_SKU_EVIDENCE_REQUIRED,EXACT_SOURCE_SINGLE_CARD,,https://www.anthos.it/en/dental-units/l6/
CANON-ANTHOS-ANTHOS-L9,Anthos,L9,REJECT,INVALID_PRODUCT_IDENTITY,VARIANT_LABEL_REQUIRED | MANUFACTURER_REFERENCE_REQUIRED | EXACT_KZ_SKU_EVIDENCE_REQUIRED,EXACT_SOURCE_SINGLE_CARD,,https://www.anthos.it/en/dental-units/l9/
CANON-ANTHOS-ANTHOS-R7,Anthos,R7,REJECT,INVALID_PRODUCT_IDENTITY,MANUFACTURER_REFERENCE_REQUIRED | EXACT_KZ_SKU_EVIDENCE_REQUIRED,EXACT_SOURCE_SINGLE_CARD,,https://www.anthos.it/en/dental-units/r7/
CANON-ANTHOS-ANTHOS-S7,Anthos,S7,REJECT,INVALID_PRODUCT_IDENTITY,MANUFACTURER_REFERENCE_REQUIRED | EXACT_KZ_SKU_EVIDENCE_REQUIRED,EXACT_SOURCE_SINGLE_CARD,,https://www.anthos.it/en/accessories/stools/#seggiolino-s7
CANON-ANTHOS-ANTHOS-S8,Anthos,S8,REJECT,INVALID_PRODUCT_IDENTITY,MANUFACTURER_REFERENCE_REQUIRED | EXACT_KZ_SKU_EVIDENCE_REQUIRED,EXACT_SOURCE_SINGLE_CARD,,https://www.anthos.it/en/accessories/stools/#seggiolino-s8
CANON-ANTHOS-ANTHOS-S9,Anthos,S9,REJECT,INVALID_PRODUCT_IDENTITY,MANUFACTURER_REFERENCE_REQUIRED | EXACT_KZ_SKU_EVIDENCE_REQUIRED,EXACT_SOURCE_SINGLE_CARD,,https://www.anthos.it/en/accessories/stools/#seggiolino-s9
CANON-ANTHOS-ANTHOS-SURGICAL-CARTS,Anthos,Surgical carts,MODERATION,,MANUFACTURER_REFERENCE_REQUIRED | PHOTO_REVIEW_REQUIRED | EXACT_KZ_SKU_EVIDENCE_REQUIRED,GENERIC_ASSET_REJECTED,,https://www.anthos.it/en/dental-units/cart-chirurgico
CANON-BEGO-58623,BEGO,Anchor Pins Paltop L20,MODERATION,,PHOTO_REQUIRED | EXACT_KZ_SKU_EVIDENCE_REQUIRED,PHOTO_REQUIRED,58623,https://eshop.bego.com/en/products/imp_58623
CANON-BEGO-58624,BEGO,Anchor Pins Paltop L25,MODERATION,,PHOTO_REQUIRED | EXACT_KZ_SKU_EVIDENCE_REQUIRED,PHOTO_REQUIRED,58624,https://eshop.bego.com/en/products/imp_58624
CANON-BEGO-56748,BEGO,IDC,REJECT,INVALID_PRODUCT_IDENTITY,EXACT_KZ_SKU_EVIDENCE_REQUIRED,EXACT_SOURCE_SINGLE_CARD,56748,https://eshop.bego.com/en/products/imp_56748
CANON-BEGO-56749,BEGO,IDC,REJECT,INVALID_PRODUCT_IDENTITY,EXACT_KZ_SKU_EVIDENCE_REQUIRED,EXACT_SOURCE_SINGLE_CARD,56749,https://eshop.bego.com/en/products/imp_56749
CANON-BEGO-58246,BEGO,RT,REJECT,INVALID_PRODUCT_IDENTITY,EXACT_KZ_SKU_EVIDENCE_REQUIRED,EXACT_SOURCE_SINGLE_CARD,58246,https://eshop.bego.com/en/products/imp_58246
CANON-BEGO-57464,BEGO,TJL,REJECT,INVALID_PRODUCT_IDENTITY,EXACT_KZ_SKU_EVIDENCE_REQUIRED,EXACT_SOURCE_SINGLE_CARD,57464,https://eshop.bego.com/en/products/imp_57464
CANON-BEGO-57465,BEGO,TJU,REJECT,INVALID_PRODUCT_IDENTITY,EXACT_KZ_SKU_EVIDENCE_REQUIRED,EXACT_SOURCE_SINGLE_CARD,57465,https://eshop.bego.com/en/products/imp_57465
CANON-CASTELLINI-CASTELLINI-C-22,Castellini,C-22,MODERATION,,MANUFACTURER_REFERENCE_REQUIRED | PHOTO_REQUIRED | EXACT_KZ_SKU_EVIDENCE_REQUIRED,PHOTO_REQUIRED,,https://www.castellini.com/en/sterilisation/autoclaves
CANON-CASTELLINI-CASTELLINI-C-28,Castellini,C-28,MODERATION,,MANUFACTURER_REFERENCE_REQUIRED | PHOTO_REQUIRED | EXACT_KZ_SKU_EVIDENCE_REQUIRED,PHOTO_REQUIRED,,https://www.castellini.com/en/sterilisation/autoclaves
CANON-CASTELLINI-CASTELLINI-HMD-ACCESSORY,Castellini,HMD accessory,MODERATION,,MANUFACTURER_REFERENCE_REQUIRED | PHOTO_REQUIRED | EXACT_KZ_SKU_EVIDENCE_REQUIRED,PHOTO_REQUIRED,,https://www.castellini.com/en/sterilisation/thermodisinfectors
CANON-CASTELLINI-RECOVERED-CANON-CASTELLINI-CASTELLINI-IMPLANTOR-LED-FLUO-MICROMOTOR,Castellini,Implantor LED Fluo Micromotor,MODERATION,,MANUFACTURER_REFERENCE_REQUIRED | PHOTO_REVIEW_REQUIRED | EXACT_KZ_SKU_EVIDENCE_REQUIRED,SHARED_IMAGE_REVIEW_REQUIRED,,https://www.castellini.com/en/dental-units/micromotors
CANON-CASTELLINI-RECOVERED-CANON-CASTELLINI-CASTELLINI-IMPLANTOR-LED-MICROMOTOR,Castellini,Implantor LED Micromotor,MODERATION,,MANUFACTURER_REFERENCE_REQUIRED | PHOTO_REVIEW_REQUIRED | EXACT_KZ_SKU_EVIDENCE_REQUIRED,SHARED_IMAGE_REVIEW_REQUIRED,,https://www.castellini.com/en/dental-units/micromotors
CANON-CASTELLINI-CASTELLINI-PHOTO-CANON-CASTELLINI-CASTELLINI-PHOTO-CANON-CASTELLINI-CASTELLINI-SURGICAL-CART,Castellini,Surgical Cart,MODERATION,,MANUFACTURER_REFERENCE_REQUIRED | PHOTO_REVIEW_REQUIRED | EXACT_KZ_SKU_EVIDENCE_REQUIRED,GENERIC_ASSET_REJECTED,,https://www.castellini.com/en/dental-units/surgical-cart
CANON-CASTELLINI-CASTELLINI-TETHYS,Castellini,Tethys,MODERATION,,MANUFACTURER_REFERENCE_REQUIRED | PHOTO_REVIEW_REQUIRED | EXACT_KZ_SKU_EVIDENCE_REQUIRED,SHARED_IMAGE_REVIEW_REQUIRED,,https://www.castellini.com/en/sterilisation/thermodisinfectors
CANON-CASTELLINI-CASTELLINI-TETHYS-H10,Castellini,Tethys H10,MODERATION,,MANUFACTURER_REFERENCE_REQUIRED | PHOTO_REVIEW_REQUIRED | EXACT_KZ_SKU_EVIDENCE_REQUIRED,SHARED_IMAGE_REVIEW_REQUIRED,,https://www.castellini.com/en/sterilisation/thermodisinfectors
CANON-CASTELLINI-CASTELLINI-THALYA,Castellini,Thalya,MODERATION,,MANUFACTURER_REFERENCE_REQUIRED | PHOTO_REVIEW_REQUIRED | EXACT_KZ_SKU_EVIDENCE_REQUIRED,SHARED_IMAGE_REVIEW_REQUIRED,,https://www.castellini.com/en/sterilisation/rotary-instrument-maintenance
CANON-CASTELLINI-CASTELLINI-THALYA-PLUS,Castellini,Thalya PLUS,MODERATION,,MANUFACTURER_REFERENCE_REQUIRED | PHOTO_REVIEW_REQUIRED | EXACT_KZ_SKU_EVIDENCE_REQUIRED,SHARED_IMAGE_REVIEW_REQUIRED,,https://www.castellini.com/en/sterilisation/rotary-instrument-maintenance
CANON-DENTAL-ART-DENTAL-ART-TAO,Dental Art,TAO,REJECT,INVALID_PRODUCT_IDENTITY,MANUFACTURER_REFERENCE_REQUIRED | EXACT_KZ_SKU_EVIDENCE_REQUIRED,EXACT_SOURCE_SINGLE_CARD,,https://www.dental-art.it/en/products/practice/tao/
CANON-DENTAL-X-DENTAL-X-REGIONAL-DX-17-S,Dental X,DX 17 S,MODERATION,,MANUFACTURER_REFERENCE_REQUIRED | PHOTO_REVIEW_REQUIRED | EXACT_KZ_SKU_EVIDENCE_REQUIRED,SHARED_IMAGE_REVIEW_REQUIRED,,https://dentalx.ru/shop/avtoklavy-meditsinskie/dx-17-s/
CANON-DENTAL-X-DENTAL-X-REGIONAL-DX-24-N,Dental X,DX 24 N,MODERATION,,MANUFACTURER_REFERENCE_REQUIRED | PHOTO_REVIEW_REQUIRED | EXACT_KZ_SKU_EVIDENCE_REQUIRED,SHARED_IMAGE_REVIEW_REQUIRED,,https://dentalx.ru/shop/avtoklavy-meditsinskie/dx-24-n/
CANON-DENTAL-X-DENTAL-X-REGIONAL-MIRO,Dental X,MIRO',MODERATION,,MANUFACTURER_REFERENCE_REQUIRED | PHOTO_REVIEW_REQUIRED | EXACT_KZ_SKU_EVIDENCE_REQUIRED,SHARED_IMAGE_REVIEW_REQUIRED,,https://dentalx.ru/shop/stomatologicheskie-stulya/miro/
CANON-DENTAL-X-DENTAL-X-REGIONAL-05010071,Dental X,NEW SEAL,MODERATION,,MANUFACTURER_REFERENCE_REQUIRED | PHOTO_REVIEW_REQUIRED | EXACT_KZ_SKU_EVIDENCE_REQUIRED,SHARED_IMAGE_REVIEW_REQUIRED,,https://dentalx.ru/shop/upakovochnye-mashiny/new-seal/
CANON-DENTAL-X-DENTAL-X-REGIONAL-60500912,Dental X,NEW SEAL PLUS,MODERATION,,MANUFACTURER_REFERENCE_REQUIRED | PHOTO_REVIEW_REQUIRED | EXACT_KZ_SKU_EVIDENCE_REQUIRED,SHARED_IMAGE_REVIEW_REQUIRED,,https://dentalx.ru/shop/avtoklavy-meditsinskie/new-seal-plus/
CANON-DENTAL-X-DENTAL-X-REGIONAL-PICASSO,Dental X,PICASSO,MODERATION,,MANUFACTURER_REFERENCE_REQUIRED | PHOTO_REVIEW_REQUIRED | EXACT_KZ_SKU_EVIDENCE_REQUIRED,SHARED_IMAGE_REVIEW_REQUIRED,,https://dentalx.ru/shop/stomatologicheskie-stulya/picasso/
CANON-DENTAL-X-DENTAL-X-REGIONAL-R-STERI-05-5-СМ-РУЛОН-200-М-6-РУЛОНОВ-В-УПАКОВКЕ,Dental X,R STERI 05 5 см Рулон 200 м (6 рулонов в упаковке),MODERATION,,MANUFACTURER_REFERENCE_REQUIRED | PHOTO_REVIEW_REQUIRED | EXACT_KZ_SKU_EVIDENCE_REQUIRED,SHARED_IMAGE_REVIEW_REQUIRED,,https://dentalx.ru/shop/rulony-dlya-sterilizatsii-steriline/r-steri-05-5-sm-rulon-200-m-6-rulonov-v-upakovke/
CANON-DENTAL-X-DENTAL-X-REGIONAL-R-STERI-07-7-5-СМ-РУЛОН-200-М-6-РУЛОНОВ-В-УПАКОВКЕ,Dental X,"R STERI 07 7, 5 см Рулон 200 м (6 рулонов в упаковке)",MODERATION,,MANUFACTURER_REFERENCE_REQUIRED | PHOTO_REVIEW_REQUIRED | EXACT_KZ_SKU_EVIDENCE_REQUIRED,SHARED_IMAGE_REVIEW_REQUIRED,,https://dentalx.ru/shop/rulony-dlya-sterilizatsii-steriline/-r-steri-07-7-5-sm-rulon-200-m-6-rulonov-v-upakovk/
CANON-DENTAL-X-DENTAL-X-REGIONAL-R-STERI-10-10-СМ-РУЛОН-200-М-4-РУЛОНА-В-УПАКОВКЕ,Dental X,R STERI 10 10 см Рулон 200 м (4 рулона в упаковке),MODERATION,,MANUFACTURER_REFERENCE_REQUIRED | PHOTO_REVIEW_REQUIRED | EXACT_KZ_SKU_EVIDENCE_REQUIRED,SHARED_IMAGE_REVIEW_REQUIRED,,https://dentalx.ru/shop/rulony-dlya-sterilizatsii-steriline/r-steri-10-10-sm-rulon-200-m-4-rulona-v-upakovke/
CANON-DENTAL-X-DENTAL-X-REGIONAL-R-STERI-15-15-СМ-РУЛОН-200-М-4-РУЛОНА-В-УПАКОВКЕ,Dental X,R STERI 15 15 см Рулон 200 м (4 рулона в упаковке),MODERATION,,MANUFACTURER_REFERENCE_REQUIRED | PHOTO_REVIEW_REQUIRED | EXACT_KZ_SKU_EVIDENCE_REQUIRED,SHARED_IMAGE_REVIEW_REQUIRED,,https://dentalx.ru/shop/rulony-dlya-sterilizatsii-steriline/r-steri-15-15-sm-rulon-200-m-4-rulona-v-upakovke/
CANON-DENTAL-X-DENTAL-X-REGIONAL-R-STERI-20-20-СМ-РУЛОН-200-М-2-РУЛОНА-В-УПАКОВКЕ,Dental X,R STERI 20 20 см Рулон 200 м (2 рулона в упаковке),MODERATION,,MANUFACTURER_REFERENCE_REQUIRED | PHOTO_REVIEW_REQUIRED | EXACT_KZ_SKU_EVIDENCE_REQUIRED,SHARED_IMAGE_REVIEW_REQUIRED,,https://dentalx.ru/shop/rulony-dlya-sterilizatsii-steriline/r-steri-20-20-sm-rulon-200-m-2-rulona-v-upakovke/
CANON-DENTAL-X-DENTAL-X-REGIONAL-R-STERI-25-25-CМ-РУЛОН-200-М-2-РУЛОНА-В-УПАКОВКЕ,Dental X,R STERI 25 25 cм Рулон 200 м (2 рулона в упаковке),MODERATION,,MANUFACTURER_REFERENCE_REQUIRED | PHOTO_REVIEW_REQUIRED | EXACT_KZ_SKU_EVIDENCE_REQUIRED,SHARED_IMAGE_REVIEW_REQUIRED,,https://dentalx.ru/shop/rulony-dlya-sterilizatsii-steriline/r-steri-25-25-cm-rulon-200-m-2-rulona-v-upakovke/
CANON-DENTSPLY-SIRONA-DENTSPLY-SIRONA-AQUASIL-ULTRA,Dentsply Sirona,Aquasil Smart+ Wetting Impression Material,MODERATION,,MANUFACTURER_REFERENCE_REQUIRED | PHOTO_REVIEW_REQUIRED | EXACT_KZ_SKU_EVIDENCE_REQUIRED,GENERIC_ASSET_REJECTED,,https://www.dentsplysirona.com/en-us/explore/restorative/brands/aquasil-ultra--.html
CANON-DENTSPLY-SIRONA-DENTSPLY-SIRONA-INTEGRITY-MULTI-CURE,Dentsply Sirona,Integrity Multi•Cure I Dentsply Sirona,MODERATION,,MANUFACTURER_REFERENCE_REQUIRED | PHOTO_REVIEW_REQUIRED | EXACT_KZ_SKU_EVIDENCE_REQUIRED,GENERIC_ASSET_REJECTED,,https://www.dentsplysirona.com/en-us/explore/restorative/brands/integrity/integrity-multi_cure.html
CANON-DENTSPLY-SIRONA-DENTSPLY-SIRONA-NUPRO,Dentsply Sirona,Nupro® Disposable Prophy Angles,MODERATION,,MANUFACTURER_REFERENCE_REQUIRED | PHOTO_REVIEW_REQUIRED | EXACT_KZ_SKU_EVIDENCE_REQUIRED,SHARED_IMAGE_REVIEW_REQUIRED,,https://www.dentsplysirona.com/en-us/explore/preventive/brands/nupro.html
CANON-DENTSPLY-SIRONA-DENTSPLY-SIRONA-NUPRO-WHITE-VARNISH,Dentsply Sirona,Nupro® Disposable Prophy Angles,MODERATION,,MANUFACTURER_REFERENCE_REQUIRED | PHOTO_REVIEW_REQUIRED | EXACT_KZ_SKU_EVIDENCE_REQUIRED,SHARED_IMAGE_REVIEW_REQUIRED,,https://www.dentsplysirona.com/en-us/explore/preventive/brands/nupro/nupro-white-varnish.html
CANON-DENTSPLY-SIRONA-DENTSPLY-SIRONA-SURESMILE-CLEAR-ALIGNER,Dentsply Sirona,SureSmile Clear Aligner,MODERATION,,MANUFACTURER_REFERENCE_REQUIRED | PHOTO_REVIEW_REQUIRED | EXACT_KZ_SKU_EVIDENCE_REQUIRED,SHARED_IMAGE_REVIEW_REQUIRED,,https://www.dentsplysirona.com/en-us/explore/orthodontics/brands/suresmile-clear-aligner.html
CANON-DENTSPLY-SIRONA-DENTSPLY-SIRONA-SURESMILE-CLEAR-ALIGNER-2,Dentsply Sirona,SureSmile Clear Aligner,MODERATION,,MANUFACTURER_REFERENCE_REQUIRED | PHOTO_REVIEW_REQUIRED | EXACT_KZ_SKU_EVIDENCE_REQUIRED,SHARED_IMAGE_REVIEW_REQUIRED,,https://www.dentsplysirona.com/en-us/explore/orthodontics/brands/suresmile-clear-aligner.html
CANON-DENU-DENU-HDI-DENU-TEMP-CROWN-CARTRIDGE,DENU,Denu Temp Crown Cartridge,MODERATION,,MANUFACTURER_REFERENCE_REQUIRED | PHOTO_REVIEW_REQUIRED | EXACT_KZ_SKU_EVIDENCE_REQUIRED,GENERIC_ASSET_REJECTED,,https://www.keverocsor.hu/custom/keverocsordiszkont/image/data/srattached/c6e9c5a8b7068235526dccd0b84180ce_2026-denu-HDI-katalogus.pdf
CANON-DIO-DENTI-KZ-DIO-9516,DIO,Абатмент (для непогружных) UCLA CCM,MODERATION,,MANUFACTURER_REFERENCE_REQUIRED | PHOTO_REVIEW_REQUIRED,SHARED_IMAGE_REVIEW_REQUIRED,,https://denti.kz/orders/blank_zakaza/implantatsionnye-sistemy/nepogruzhnaya-sistema/abatmenty_2/abatment-dlya-nepogruzhnykh-ucla-ccm/
CANON-DIO-DENTI-KZ-DIO-7815,DIO,Абатмент (для погружных) UCLA CCM,MODERATION,,MANUFACTURER_REFERENCE_REQUIRED | PHOTO_REVIEW_REQUIRED,SHARED_IMAGE_REVIEW_REQUIRED,,https://denti.kz/orders/blank_zakaza/implantatsionnye-sistemy/pogruzhnaya-sistema/abatmenty_3/abatment-dlya-pogruzhnykh-ucla-ccm/
CANON-DIO-DENTI-KZ-DIO-7863,DIO,Абатмент Hybrid link для погружных,MODERATION,,MANUFACTURER_REFERENCE_REQUIRED | PHOTO_REVIEW_REQUIRED,SHARED_IMAGE_REVIEW_REQUIRED,,https://denti.kz/orders/blank_zakaza/implantatsionnye-sistemy/pogruzhnaya-sistema/abatmenty_3/abatment-hybrid-link-dlya-pogruzhnykh/
CANON-DIO-DENTI-KZ-DIO-9916,DIO,Винт абатмента,MODERATION,,MANUFACTURER_REFERENCE_REQUIRED | PHOTO_REVIEW_REQUIRED,SHARED_IMAGE_REVIEW_REQUIRED,,https://denti.kz/orders/blank_zakaza/implantatsionnye-sistemy/pogruzhnaya-sistema/vinty/vint-abatmenta/
CANON-DIO-DENTI-KZ-DIO-10218,DIO,Винт Multiunit,MODERATION,,MANUFACTURER_REFERENCE_REQUIRED | PHOTO_REVIEW_REQUIRED,SHARED_IMAGE_REVIEW_REQUIRED,,https://denti.kz/orders/blank_zakaza/implantatsionnye-sistemy/pogruzhnaya-sistema/vinty/vint-multiunit/
CANON-DIO-DENTI-KZ-DIO-7813,DIO,Колпачок заживляющий Multiunit,MODERATION,,MANUFACTURER_REFERENCE_REQUIRED | PHOTO_REVIEW_REQUIRED,SHARED_IMAGE_REVIEW_REQUIRED,,https://denti.kz/orders/blank_zakaza/implantatsionnye-sistemy/pogruzhnaya-sistema/zaglushki-i-formirovateli_2/kolpachok-zazhivlyayushchiy-multiunit/
CANON-DIO-DIO-FAMILY-46,DIO,Bone Level - SICON,MODERATION,,MANUFACTURER_REFERENCE_REQUIRED | PHOTO_REVIEW_REQUIRED | EXACT_KZ_SKU_EVIDENCE_REQUIRED,GENERIC_ASSET_REJECTED,,https://www.dioimplant.com/product/46?mseq=165
CANON-DIO-DIO-FAMILY-39,DIO,Bone Level - UNICON,MODERATION,,MANUFACTURER_REFERENCE_REQUIRED | PHOTO_REVIEW_REQUIRED | EXACT_KZ_SKU_EVIDENCE_REQUIRED,GENERIC_ASSET_REJECTED,,https://www.dioimplant.com/product/39?mseq=139
CANON-DIO-DIO-FAMILY-47,DIO,SICON Kit,MODERATION,,MANUFACTURER_REFERENCE_REQUIRED | PHOTO_REVIEW_REQUIRED | EXACT_KZ_SKU_EVIDENCE_REQUIRED,GENERIC_ASSET_REJECTED,,https://www.dioimplant.com/product/47?mseq=166
CANON-DIO-DIO-FAMILY-40,DIO,UNICON Kit,MODERATION,,MANUFACTURER_REFERENCE_REQUIRED | PHOTO_REVIEW_REQUIRED | EXACT_KZ_SKU_EVIDENCE_REQUIRED,GENERIC_ASSET_REJECTED,,https://www.dioimplant.com/product/40?mseq=140
CANON-DIPLOMAT-DENTAL-DIPLOMAT-CART-DL210,Diplomat Dental,Cart DL210,MODERATION,,MANUFACTURER_REFERENCE_REQUIRED | PHOTO_REVIEW_REQUIRED | EXACT_KZ_SKU_EVIDENCE_REQUIRED,GENERIC_ASSET_REJECTED,,https://diplomat-dental.com/product/cart/
CANON-DU-RR-DENTAL-DURR-FD-312-SURFACE-DISINFECTION,Dürr Dental,FD 312 Surface disinfection*,MODERATION,,MANUFACTURER_REFERENCE_REQUIRED | PHOTO_REVIEW_REQUIRED | EXACT_KZ_SKU_EVIDENCE_REQUIRED,EXACT_SOURCE_SINGLE_CARD,,https://www.duerrdental.com/en/products/hygiene/hygiene-preparations/concentrates-and-ready-to-use-solutions/fd-312-surface-disinfection/
CANON-DU-RR-DENTAL-DURR-FD-322-WIPES-QUICK-ACTING-DISINFECTION,Dürr Dental,FD 322 wipes for quick-acting disinfection,MODERATION,,MANUFACTURER_REFERENCE_REQUIRED | PHOTO_REVIEW_REQUIRED | EXACT_KZ_SKU_EVIDENCE_REQUIRED,EXACT_SOURCE_SINGLE_CARD,,https://www.duerrdental.com/en/products/hygiene/hygiene-preparations/disinfection-wipes/fd-322-wipes-quick-acting-disinfection/
CANON-DU-RR-DENTAL-DURR-FD-POLISHING-WIPE,Dürr Dental,FD polishing wipe,MODERATION,,MANUFACTURER_REFERENCE_REQUIRED | PHOTO_REVIEW_REQUIRED | EXACT_KZ_SKU_EVIDENCE_REQUIRED,EXACT_SOURCE_SINGLE_CARD,,https://www.duerrdental.com/en/products/hygiene/hygiene-preparations/disinfection-wipes/fd-polishing-wipe/
CANON-DU-RR-DENTAL-DURR-MD-555-CLEANER-ORGANIC,Dürr Dental,MD 555 cleaner organic,MODERATION,,MANUFACTURER_REFERENCE_REQUIRED | PHOTO_REVIEW_REQUIRED | EXACT_KZ_SKU_EVIDENCE_REQUIRED,EXACT_SOURCE_SINGLE_CARD,,https://www.duerrdental.com/en/products/hygiene/hygiene-preparations/special-areas/md-555-cleaner-organic/
CANON-DU-RR-DENTAL-DURR-OROTOL-PLUS-PH-7,Dürr Dental,Orotol plus pH 7,MODERATION,,MANUFACTURER_REFERENCE_REQUIRED | PHOTO_REVIEW_REQUIRED | EXACT_KZ_SKU_EVIDENCE_REQUIRED,EXACT_SOURCE_SINGLE_CARD,,https://www.duerrdental.com/en/products/hygiene/hygiene-preparations/special-areas/orotol-plus-ph-7/
CANON-DU-RR-DENTAL-DURR-TORNADO-COMPRESSORS,Dürr Dental,Tornado compressors,MODERATION,,MANUFACTURER_REFERENCE_REQUIRED | PHOTO_REVIEW_REQUIRED | EXACT_KZ_SKU_EVIDENCE_REQUIRED,GENERIC_ASSET_REJECTED,,https://www.duerrdental.com/en/products/compressed-air/devices/tornado-compressors/
CANON-FALCON-OC-451-020,Falcon,Chisel bone Móczár 2mm/150mm,MODERATION,,PHOTO_REQUIRED | EXACT_KZ_SKU_EVIDENCE_REQUIRED,PHOTO_REQUIRED,OC.451.020,https://falconmedical.pl/en/product/chisel-bone-moczar-2mm-150mm/
CANON-FALCON-DD-909-050,Falcon,Deluxe Tweezers College 150mm,MODERATION,,PHOTO_REVIEW_REQUIRED | EXACT_KZ_SKU_EVIDENCE_REQUIRED,SHARED_IMAGE_REVIEW_REQUIRED,DD.909.050,https://falconmedical.pl/en/product/deluxe-tweezers-college-150mm/
CANON-FALCON-DD-909-055,Falcon,Deluxe Tweezers College 150mm (pack of 5 pieces),MODERATION,,PHOTO_REVIEW_REQUIRED | EXACT_KZ_SKU_EVIDENCE_REQUIRED,SHARED_IMAGE_REVIEW_REQUIRED,DD.909.055,https://falconmedical.pl/en/product/deluxe-tweezers-college-150mm-pack-of-5-pieces/
CANON-FALCON-DD-929-050,Falcon,Deluxe Tweezers College self locking 150mm,MODERATION,,PHOTO_REVIEW_REQUIRED | EXACT_KZ_SKU_EVIDENCE_REQUIRED,SHARED_IMAGE_REVIEW_REQUIRED,DD.929.050,https://falconmedical.pl/en/product/deluxe-tweezers-college-self-locking-150mm/
CANON-FALCON-DD-934-010,Falcon,Deluxe Tweezers Flagg 160mm,MODERATION,,PHOTO_REVIEW_REQUIRED | EXACT_KZ_SKU_EVIDENCE_REQUIRED,SHARED_IMAGE_REVIEW_REQUIRED,DD.934.010,https://falconmedical.pl/en/product/deluxe-tweezers-flagg-160mm/
CANON-FALCON-DD-934-015,Falcon,Deluxe Tweezers Flagg 160mm (pack of 5 pieces),MODERATION,,PHOTO_REVIEW_REQUIRED | EXACT_KZ_SKU_EVIDENCE_REQUIRED,SHARED_IMAGE_REVIEW_REQUIRED,DD.934.015,https://falconmedical.pl/en/product/deluxe-tweezers-flagg-160mm-pack-of-5-pieces/
CANON-FALCON-DD-944-010,Falcon,Deluxe Tweezers Meriam 160mm,MODERATION,,PHOTO_REVIEW_REQUIRED | EXACT_KZ_SKU_EVIDENCE_REQUIRED,SHARED_IMAGE_REVIEW_REQUIRED,DD.944.010,https://falconmedical.pl/en/product/deluxe-tweezers-meriam-160mm/
CANON-FALCON-DD-944-015,Falcon,Deluxe Tweezers Meriam 160mm (pack of 5 pieces),MODERATION,,PHOTO_REVIEW_REQUIRED | EXACT_KZ_SKU_EVIDENCE_REQUIRED,SHARED_IMAGE_REVIEW_REQUIRED,DD.944.015,https://falconmedical.pl/en/product/deluxe-tweezers-meriam-160mm-pack-of-5-pieces/
CANON-FALCON-DR-608-111,Falcon,"Easy-Color Excavator de round 1.0mm, fig. 61/62 (Red)",MODERATION,,PHOTO_REVIEW_REQUIRED | EXACT_KZ_SKU_EVIDENCE_REQUIRED,SHARED_IMAGE_REVIEW_REQUIRED,DR.608.111,https://falconmedical.pl/en/product/easy-color-excavator-de-round-1-0mm-fig-61-62-red/
CANON-FALCON-DR-608-121,Falcon,"Easy-Color Excavator de round 1.5mm, fig. 63/64 (Red)",MODERATION,,PHOTO_REVIEW_REQUIRED | EXACT_KZ_SKU_EVIDENCE_REQUIRED,SHARED_IMAGE_REVIEW_REQUIRED,DR.608.121,https://falconmedical.pl/en/product/easy-color-excavator-de-round-1-5mm-fig-63-64-red/
CANON-FALCON-BS-195-145,Falcon,Falcon-Cut scissors Metzenbaum-Fino curved 145mm,MODERATION,,PHOTO_REVIEW_REQUIRED | EXACT_KZ_SKU_EVIDENCE_REQUIRED,SHARED_IMAGE_REVIEW_REQUIRED,BS.195.145,https://falconmedical.pl/en/product/falcon-cut-scissors-metzenbaum-fino-curved-145mm/
CANON-FALCON-BS-195-180,Falcon,Falcon-Cut scissors Metzenbaum-Fino curved 180mm,MODERATION,,PHOTO_REVIEW_REQUIRED | EXACT_KZ_SKU_EVIDENCE_REQUIRED,SHARED_IMAGE_REVIEW_REQUIRED,BS.195.180,https://falconmedical.pl/en/product/falcon-cut-scissors-metzenbaum-fino-curved-180mm/
CANON-FALCON-BS-194-145,Falcon,Falcon-Cut scissors Metzenbaum-Fino straight 145mm,MODERATION,,PHOTO_REVIEW_REQUIRED | EXACT_KZ_SKU_EVIDENCE_REQUIRED,SHARED_IMAGE_REVIEW_REQUIRED,BS.194.145,https://falconmedical.pl/en/product/falcon-cut-scissors-metzenbaum-fino-straight-145mm/
CANON-FALCON-BS-194-180,Falcon,Falcon-Cut scissors Metzenbaum-Fino straight 180mm,MODERATION,,PHOTO_REVIEW_REQUIRED | EXACT_KZ_SKU_EVIDENCE_REQUIRED,SHARED_IMAGE_REVIEW_REQUIRED,BS.194.180,https://falconmedical.pl/en/product/falcon-cut-scissors-metzenbaum-fino-straight-180mm/
CANON-FALCON-BN-248-180,Falcon,Falcon-Grip Needle holder DeBakey 180mm TC,MODERATION,,PHOTO_REVIEW_REQUIRED | EXACT_KZ_SKU_EVIDENCE_REQUIRED,SHARED_IMAGE_REVIEW_REQUIRED,BN.248.180,https://falconmedical.pl/en/product/falcon-grip-needle-holder-debakey-180mm-tc/
CANON-FALCON-BN-248-200,Falcon,Falcon-Grip Needle holder DeBakey 200mm TC,MODERATION,,PHOTO_REVIEW_REQUIRED | EXACT_KZ_SKU_EVIDENCE_REQUIRED,SHARED_IMAGE_REVIEW_REQUIRED,BN.248.200,https://falconmedical.pl/en/product/falcon-grip-needle-holder-debakey-200mm-tc/
CANON-FALCON-BN-248-230,Falcon,Falcon-Grip Needle holder DeBakey 230mm TC,MODERATION,,PHOTO_REVIEW_REQUIRED | EXACT_KZ_SKU_EVIDENCE_REQUIRED,SHARED_IMAGE_REVIEW_REQUIRED,BN.248.230,https://falconmedical.pl/en/product/falcon-grip-needle-holder-debakey-230mm-tc/
CANON-FALCON-BN-248-260,Falcon,Falcon-Grip Needle holder DeBakey 260mm TC,MODERATION,,PHOTO_REVIEW_REQUIRED | EXACT_KZ_SKU_EVIDENCE_REQUIRED,SHARED_IMAGE_REVIEW_REQUIRED,BN.248.260,https://falconmedical.pl/en/product/falcon-grip-needle-holder-debakey-260mm-tc/
CANON-FALCON-BN-248-310,Falcon,Falcon-Grip Needle holder DeBakey 310mm TC,MODERATION,,PHOTO_REVIEW_REQUIRED | EXACT_KZ_SKU_EVIDENCE_REQUIRED,SHARED_IMAGE_REVIEW_REQUIRED,BN.248.310,https://falconmedical.pl/en/product/falcon-grip-needle-holder-debakey-310mm-tc/
CANON-FALCON-BN-374-140,Falcon,Falcon-Grip Needle holder with scissors Olsen-Hegar 140mm TC,MODERATION,,PHOTO_REVIEW_REQUIRED | EXACT_KZ_SKU_EVIDENCE_REQUIRED,SHARED_IMAGE_REVIEW_REQUIRED,BN.374.140,https://falconmedical.pl/en/product/falcon-grip-needle-holder-with-scissors-olsen-hegar-140mm-tc/
CANON-FALCON-BN-374-170,Falcon,Falcon-Grip Needle holder with scissors Olsen-Hegar 170mm TC,MODERATION,,PHOTO_REVIEW_REQUIRED | EXACT_KZ_SKU_EVIDENCE_REQUIRED,SHARED_IMAGE_REVIEW_REQUIRED,BN.374.170,https://falconmedical.pl/en/product/falcon-grip-needle-holder-with-scissors-olsen-hegar-170mm-tc/
CANON-FALCON-BN-374-190,Falcon,Falcon-Grip Needle holder with scissors Olsen-Hegar 190mm TC,MODERATION,,PHOTO_REVIEW_REQUIRED | EXACT_KZ_SKU_EVIDENCE_REQUIRED,SHARED_IMAGE_REVIEW_REQUIRED,BN.374.190,https://falconmedical.pl/en/product/falcon-grip-needle-holder-with-scissors-olsen-hegar-190mm-tc/
CANON-FALCON-BH-481-225,Falcon,Forceps artery Rochester-Pean curved 225mm,MODERATION,,PHOTO_REVIEW_REQUIRED | EXACT_KZ_SKU_EVIDENCE_REQUIRED,SHARED_IMAGE_REVIEW_REQUIRED,BH.481.225,https://falconmedical.pl/en/product/forceps-artery-rochester-pean-curved-225mm/
CANON-FALCON-BH-481-245,Falcon,Forceps artery Rochester-Pean curved 245mm,MODERATION,,PHOTO_REVIEW_REQUIRED | EXACT_KZ_SKU_EVIDENCE_REQUIRED,SHARED_IMAGE_REVIEW_REQUIRED,BH.481.245,https://falconmedical.pl/en/product/forceps-artery-rochester-pean-curved-245mm/
CANON-FALCON-BF-046-200,Falcon,Forceps dressing Gross-Maier with ratchet straight 200mm,MODERATION,,PHOTO_REVIEW_REQUIRED | EXACT_KZ_SKU_EVIDENCE_REQUIRED,SHARED_IMAGE_REVIEW_REQUIRED,BF.046.200,https://falconmedical.pl/en/product/forceps-dressing-gross-maier-with-ratchet-straight-200mm/
CANON-FALCON-BF-046-225,Falcon,Forceps dressing Gross-Maier with ratchet straight 225mm,MODERATION,,PHOTO_REVIEW_REQUIRED | EXACT_KZ_SKU_EVIDENCE_REQUIRED,SHARED_IMAGE_REVIEW_REQUIRED,BF.046.225,https://falconmedical.pl/en/product/forceps-dressing-gross-maier-with-ratchet-straight-225mm/
CANON-FALCON-BF-090-250,Falcon,Forceps dressing Ulrich straight 250mm,MODERATION,,PHOTO_REQUIRED | EXACT_KZ_SKU_EVIDENCE_REQUIRED,PHOTO_REQUIRED,BF.090.250,https://falconmedical.pl/en/product/forceps-dressing-ulrich-straight-250mm/
CANON-FALCON-BF-407-055,Falcon,Forceps towel Jones 55mm,MODERATION,,PHOTO_REVIEW_REQUIRED | EXACT_KZ_SKU_EVIDENCE_REQUIRED,SHARED_IMAGE_REVIEW_REQUIRED,BF.407.055,https://falconmedical.pl/en/product/forceps-towel-jones-55mm/
CANON-FALCON-BF-407-090,Falcon,Forceps towel Jones 90mm,MODERATION,,PHOTO_REVIEW_REQUIRED | EXACT_KZ_SKU_EVIDENCE_REQUIRED,SHARED_IMAGE_REVIEW_REQUIRED,BF.407.090,https://falconmedical.pl/en/product/forceps-towel-jones-90mm/
CANON-FALCON-DI-1201-02,Falcon,"Gingival retraction cord with aluminum sulfate 254cm, size 0",MODERATION,,PHOTO_REVIEW_REQUIRED | EXACT_KZ_SKU_EVIDENCE_REQUIRED,SHARED_IMAGE_REVIEW_REQUIRED,DI.1201.02,https://falconmedical.pl/en/product/gingival-retraction-cord-with-aluminum-sulfate-254cm-size-0/
CANON-FALCON-DI-1201-01,Falcon,"Gingival retraction cord with aluminum sulfate 254cm, size 00",MODERATION,,PHOTO_REVIEW_REQUIRED | EXACT_KZ_SKU_EVIDENCE_REQUIRED,SHARED_IMAGE_REVIEW_REQUIRED,DI.1201.01,https://falconmedical.pl/en/product/gingival-retraction-cord-with-aluminum-sulfate-254cm-size-00/
CANON-FALCON-DI-1201-00,Falcon,"Gingival retraction cord with aluminum sulfate 254cm, size 000",MODERATION,,PHOTO_REVIEW_REQUIRED | EXACT_KZ_SKU_EVIDENCE_REQUIRED,SHARED_IMAGE_REVIEW_REQUIRED,DI.1201.00,https://falconmedical.pl/en/product/gingival-retraction-cord-with-aluminum-sulfate-254cm-size-000/
CANON-FALCON-DI-1201-03,Falcon,"Gingival retraction cord with aluminum sulfate 254cm, size 1",MODERATION,,PHOTO_REVIEW_REQUIRED | EXACT_KZ_SKU_EVIDENCE_REQUIRED,SHARED_IMAGE_REVIEW_REQUIRED,DI.1201.03,https://falconmedical.pl/en/product/gingival-retraction-cord-with-aluminum-sulfate-254cm-size-1/
CANON-FALCON-DI-1201-04,Falcon,"Gingival retraction cord with aluminum sulfate 254cm, size 2",MODERATION,,PHOTO_REVIEW_REQUIRED | EXACT_KZ_SKU_EVIDENCE_REQUIRED,SHARED_IMAGE_REVIEW_REQUIRED,DI.1201.04,https://falconmedical.pl/en/product/gingival-retraction-cord-with-aluminum-sulfate-254cm-size-2/
CANON-FALCON-SH-571-150,Falcon,Lid for kidney tray 150mm,MODERATION,,PHOTO_REVIEW_REQUIRED | EXACT_KZ_SKU_EVIDENCE_REQUIRED,SHARED_IMAGE_REVIEW_REQUIRED,SH.571.150,https://falconmedical.pl/en/product/lid-for-kidney-tray-150mm/
CANON-FALCON-SH-571-180,Falcon,Lid for kidney tray 180mm,MODERATION,,PHOTO_REVIEW_REQUIRED | EXACT_KZ_SKU_EVIDENCE_REQUIRED,SHARED_IMAGE_REVIEW_REQUIRED,SH.571.180,https://falconmedical.pl/en/product/lid-for-kidney-tray-180mm/
CANON-FALCON-SH-571-200,Falcon,Lid for kidney tray 200mm,MODERATION,,PHOTO_REVIEW_REQUIRED | EXACT_KZ_SKU_EVIDENCE_REQUIRED,SHARED_IMAGE_REVIEW_REQUIRED,SH.571.200,https://falconmedical.pl/en/product/lid-for-kidney-tray-200mm/
CANON-FALCON-SH-571-250,Falcon,Lid for kidney tray 250mm,MODERATION,,PHOTO_REVIEW_REQUIRED | EXACT_KZ_SKU_EVIDENCE_REQUIRED,SHARED_IMAGE_REVIEW_REQUIRED,SH.571.250,https://falconmedical.pl/en/product/lid-for-kidney-tray-250mm/
CANON-FALCON-SH-571-300,Falcon,Lid for kidney tray 300mm,MODERATION,,PHOTO_REVIEW_REQUIRED | EXACT_KZ_SKU_EVIDENCE_REQUIRED,SHARED_IMAGE_REVIEW_REQUIRED,SH.571.300,https://falconmedical.pl/en/product/lid-for-kidney-tray-300mm/
CANON-FALCON-DD-545-010,Falcon,Mirror handle hollow hexagonal,MODERATION,,PHOTO_REVIEW_REQUIRED | EXACT_KZ_SKU_EVIDENCE_REQUIRED,SHARED_IMAGE_REVIEW_REQUIRED,DD.545.010,https://falconmedical.pl/en/product/mirror-handle-hollow-hexagonal/
CANON-FALCON-DD-540-010,Falcon,Mirror handle solid octagonal,MODERATION,,PHOTO_REVIEW_REQUIRED | EXACT_KZ_SKU_EVIDENCE_REQUIRED,SHARED_IMAGE_REVIEW_REQUIRED,DD.540.010,https://falconmedical.pl/en/product/mirror-handle-solid-octagonal/
CANON-FALCON-DD-522-010,Falcon,"Mirror handle solid round fig 2, 125mm",MODERATION,,PHOTO_REVIEW_REQUIRED | EXACT_KZ_SKU_EVIDENCE_REQUIRED,SHARED_IMAGE_REVIEW_REQUIRED,DD.522.010,https://falconmedical.pl/en/product/mirror-handle-solid-round-fig-2-125mm/
CANON-FALCON-DD-545-015,Falcon,Mirror handles hollow hexagonal (pack of 5 pieces),MODERATION,,PHOTO_REVIEW_REQUIRED | EXACT_KZ_SKU_EVIDENCE_REQUIRED,SHARED_IMAGE_REVIEW_REQUIRED,DD.545.015,https://falconmedical.pl/en/product/mirror-handles-hollow-hexagonal-pack-of-5-pieces/
CANON-FALCON-DD-540-015,Falcon,Mirror handles solid octagonal (pack of 5 pieces),MODERATION,,PHOTO_REVIEW_REQUIRED | EXACT_KZ_SKU_EVIDENCE_REQUIRED,SHARED_IMAGE_REVIEW_REQUIRED,DD.540.015,https://falconmedical.pl/en/product/mirror-handles-solid-octagonal-pack-of-5-pieces/
CANON-FALCON-DD-522-015,Falcon,Mirror handles solid round 125mm (pack of 5 pieces),MODERATION,,PHOTO_REVIEW_REQUIRED | EXACT_KZ_SKU_EVIDENCE_REQUIRED,SHARED_IMAGE_REVIEW_REQUIRED,DD.522.015,https://falconmedical.pl/en/product/mirror-handles-solid-round-125mm-pack-of-5-pieces/
CANON-FALCON-BN-598-130,Falcon,Needle holder Mayo-Hegar 130mm,MODERATION,,PHOTO_REVIEW_REQUIRED | EXACT_KZ_SKU_EVIDENCE_REQUIRED,SHARED_IMAGE_REVIEW_REQUIRED,BN.598.130,https://falconmedical.pl/en/product/needle-holder-mayo-hegar-130mm/
CANON-FALCON-BN-598-140,Falcon,Needle holder Mayo-Hegar 140mm,MODERATION,,PHOTO_REVIEW_REQUIRED | EXACT_KZ_SKU_EVIDENCE_REQUIRED,SHARED_IMAGE_REVIEW_REQUIRED,BN.598.140,https://falconmedical.pl/en/product/needle-holder-mayo-hegar-140mm/
CANON-FALCON-BN-598-150,Falcon,Needle holder Mayo-Hegar 150mm,MODERATION,,PHOTO_REVIEW_REQUIRED | EXACT_KZ_SKU_EVIDENCE_REQUIRED,SHARED_IMAGE_REVIEW_REQUIRED,BN.598.150,https://falconmedical.pl/en/product/needle-holder-mayo-hegar-150mm/
CANON-FALCON-BN-598-160,Falcon,Needle holder Mayo-Hegar 160mm,MODERATION,,PHOTO_REVIEW_REQUIRED | EXACT_KZ_SKU_EVIDENCE_REQUIRED,SHARED_IMAGE_REVIEW_REQUIRED,BN.598.160,https://falconmedical.pl/en/product/needle-holder-mayo-hegar-160mm/
CANON-FALCON-BN-598-180,Falcon,Needle holder Mayo-Hegar 180mm,MODERATION,,PHOTO_REVIEW_REQUIRED | EXACT_KZ_SKU_EVIDENCE_REQUIRED,SHARED_IMAGE_REVIEW_REQUIRED,BN.598.180,https://falconmedical.pl/en/product/needle-holder-mayo-hegar-180mm/
CANON-FALCON-BN-598-190,Falcon,Needle holder Mayo-Hegar 190mm,MODERATION,,PHOTO_REVIEW_REQUIRED | EXACT_KZ_SKU_EVIDENCE_REQUIRED,SHARED_IMAGE_REVIEW_REQUIRED,BN.598.190,https://falconmedical.pl/en/product/needle-holder-mayo-hegar-190mm/
CANON-FALCON-BN-598-200,Falcon,Needle holder Mayo-Hegar 200mm,MODERATION,,PHOTO_REVIEW_REQUIRED | EXACT_KZ_SKU_EVIDENCE_REQUIRED,SHARED_IMAGE_REVIEW_REQUIRED,BN.598.200,https://falconmedical.pl/en/product/needle-holder-mayo-hegar-200mm/
CANON-FALCON-BN-598-240,Falcon,Needle holder Mayo-Hegar 240mm,MODERATION,,PHOTO_REVIEW_REQUIRED | EXACT_KZ_SKU_EVIDENCE_REQUIRED,SHARED_IMAGE_REVIEW_REQUIRED,BN.598.240,https://falconmedical.pl/en/product/needle-holder-mayo-hegar-240mm/
CANON-FALCON-BN-598-260,Falcon,Needle holder Mayo-Hegar 260mm,MODERATION,,PHOTO_REVIEW_REQUIRED | EXACT_KZ_SKU_EVIDENCE_REQUIRED,SHARED_IMAGE_REVIEW_REQUIRED,BN.598.260,https://falconmedical.pl/en/product/needle-holder-mayo-hegar-260mm/
CANON-FALCON-BN-598-300,Falcon,Needle holder Mayo-Hegar 300mm,MODERATION,,PHOTO_REVIEW_REQUIRED | EXACT_KZ_SKU_EVIDENCE_REQUIRED,SHARED_IMAGE_REVIEW_REQUIRED,BN.598.300,https://falconmedical.pl/en/product/needle-holder-mayo-hegar-300mm/
CANON-FALCON-BR-040-100,Falcon,Retractor SR Alm blunt 100mm,MODERATION,,PHOTO_REVIEW_REQUIRED | EXACT_KZ_SKU_EVIDENCE_REQUIRED,SHARED_IMAGE_REVIEW_REQUIRED,BR.040.100,https://falconmedical.pl/en/product/retractor-sr-alm-blunt-100mm/
CANON-FALCON-BR-040-070,Falcon,Retractor SR Alm blunt 70mm,MODERATION,,PHOTO_REVIEW_REQUIRED | EXACT_KZ_SKU_EVIDENCE_REQUIRED,SHARED_IMAGE_REVIEW_REQUIRED,BR.040.070,https://falconmedical.pl/en/product/retractor-sr-alm-blunt-70mm/
CANON-FALCON-BR-041-100,Falcon,Retractor SR Alm sharp 100mm,MODERATION,,PHOTO_REVIEW_REQUIRED | EXACT_KZ_SKU_EVIDENCE_REQUIRED,SHARED_IMAGE_REVIEW_REQUIRED,BR.041.100,https://falconmedical.pl/en/product/retractor-sr-alm-sharp-100mm/
CANON-FALCON-BR-041-070,Falcon,Retractor SR Alm sharp 70mm,MODERATION,,PHOTO_REVIEW_REQUIRED | EXACT_KZ_SKU_EVIDENCE_REQUIRED,SHARED_IMAGE_REVIEW_REQUIRED,BR.041.070,https://falconmedical.pl/en/product/retractor-sr-alm-sharp-70mm/
CANON-FALCON-BR-351-090,Falcon,Retractor SR Gelpi sharp 1x1th 090mm,MODERATION,,PHOTO_REVIEW_REQUIRED | EXACT_KZ_SKU_EVIDENCE_REQUIRED,SHARED_IMAGE_REVIEW_REQUIRED,BR.351.090,https://falconmedical.pl/en/product/retractor-sr-gelpi-sharp-1x1th-090mm/
CANON-FALCON-BR-351-115,Falcon,Retractor SR Gelpi sharp 1x1th 115mm,MODERATION,,PHOTO_REVIEW_REQUIRED | EXACT_KZ_SKU_EVIDENCE_REQUIRED,SHARED_IMAGE_REVIEW_REQUIRED,BR.351.115,https://falconmedical.pl/en/product/retractor-sr-gelpi-sharp-1x1th-115mm/
CANON-FALCON-BR-351-140,Falcon,Retractor SR Gelpi sharp 1x1th 140mm,MODERATION,,PHOTO_REVIEW_REQUIRED | EXACT_KZ_SKU_EVIDENCE_REQUIRED,SHARED_IMAGE_REVIEW_REQUIRED,BR.351.140,https://falconmedical.pl/en/product/retractor-sr-gelpi-sharp-1x1th-140mm/
CANON-FALCON-BR-351-180,Falcon,Retractor SR Gelpi sharp 1x1th 180mm,MODERATION,,PHOTO_REVIEW_REQUIRED | EXACT_KZ_SKU_EVIDENCE_REQUIRED,SHARED_IMAGE_REVIEW_REQUIRED,BR.351.180,https://falconmedical.pl/en/product/retractor-sr-gelpi-sharp-1x1th-180mm/
CANON-FALCON-BR-074-135,Falcon,Retractor SR Weitlaner blunt 3x4th 135mm,MODERATION,,PHOTO_REVIEW_REQUIRED | EXACT_KZ_SKU_EVIDENCE_REQUIRED,SHARED_IMAGE_REVIEW_REQUIRED,BR.074.135,https://falconmedical.pl/en/product/retractor-sr-weitlaner-blunt-3x4th-135mm/
CANON-FALCON-BR-074-165,Falcon,Retractor SR Weitlaner blunt 3x4th 165mm,MODERATION,,PHOTO_REVIEW_REQUIRED | EXACT_KZ_SKU_EVIDENCE_REQUIRED,SHARED_IMAGE_REVIEW_REQUIRED,BR.074.165,https://falconmedical.pl/en/product/retractor-sr-weitlaner-blunt-3x4th-165mm/
CANON-FALCON-DR-937-020,Falcon,"Rubber dam frame plastic adult, Autoclave at 121°C.",MODERATION,,PHOTO_REVIEW_REQUIRED | EXACT_KZ_SKU_EVIDENCE_REQUIRED,SHARED_IMAGE_REVIEW_REQUIRED,DR.937.020,https://falconmedical.pl/en/product/rubber-dam-frame-plastic-adult-autoclave-at-121c/
CANON-FALCON-DR-937-030,Falcon,"Rubber dam frame plastic child, Autoclave at 121°C.",MODERATION,,PHOTO_REVIEW_REQUIRED | EXACT_KZ_SKU_EVIDENCE_REQUIRED,SHARED_IMAGE_REVIEW_REQUIRED,DR.937.030,https://falconmedical.pl/en/product/rubber-dam-frame-plastic-child-autoclave-at-121c/
CANON-FALCON-DR-937-050,Falcon,"Rubber dam frame plastic. Flexible type adult, 148 x 102mm, Autoclave at 121°C.",MODERATION,,PHOTO_REVIEW_REQUIRED | EXACT_KZ_SKU_EVIDENCE_REQUIRED,SHARED_IMAGE_REVIEW_REQUIRED,DR.937.050,https://falconmedical.pl/en/product/rubber-dam-frame-plastic-flexible-type-adult-148-x-102mm-autoclave-at-121c/
CANON-FALCON-DR-937-040,Falcon,"Rubber dam frame plastic. Flexible type child, 98 x 74mm, Autoclave at 121°C.",MODERATION,,PHOTO_REVIEW_REQUIRED | EXACT_KZ_SKU_EVIDENCE_REQUIRED,SHARED_IMAGE_REVIEW_REQUIRED,DR.937.040,https://falconmedical.pl/en/product/rubber-dam-frame-plastic-flexible-type-child-98-x-74mm-autoclave-at-121c/
CANON-FALCON-BS-888-145,Falcon,Scissors ligature Buck 145mm,MODERATION,,PHOTO_REVIEW_REQUIRED | EXACT_KZ_SKU_EVIDENCE_REQUIRED,SHARED_IMAGE_REVIEW_REQUIRED,BS.888.145,https://falconmedical.pl/en/product/scissors-ligature-buck-145mm/
CANON-FALCON-BS-888-180,Falcon,Scissors ligature Buck 180mm,MODERATION,,PHOTO_REVIEW_REQUIRED | EXACT_KZ_SKU_EVIDENCE_REQUIRED,SHARED_IMAGE_REVIEW_REQUIRED,BS.888.180,https://falconmedical.pl/en/product/scissors-ligature-buck-180mm/
CANON-FALCON-BS-477-260,Falcon,Scissors Metzenbaum-Nelson curved 260mm one blade serrated,MODERATION,,PHOTO_REQUIRED | EXACT_KZ_SKU_EVIDENCE_REQUIRED,PHOTO_REQUIRED,BS.477.260,https://falconmedical.pl/en/product/scissors-metzenbaum-nelson-curved-260mm-one-blade-serrated/
CANON-FALCON-DR-1001-00,Falcon,"Silicone radiopaque endo stoppers round with tail, assorted (Pack of 100 pieces)",MODERATION,,PHOTO_REVIEW_REQUIRED | EXACT_KZ_SKU_EVIDENCE_REQUIRED,SHARED_IMAGE_REVIEW_REQUIRED,DR.1001.00,https://falconmedical.pl/en/product/silicone-radiopaque-endo-stoppers-round-with-tail-assorted-pack-of-100-pieces-2/
CANON-FALCON-DR-1001-04,Falcon,"Silicone radiopaque endo stoppers round with tail, black (Pack of 100 pieces)",MODERATION,,PHOTO_REVIEW_REQUIRED | EXACT_KZ_SKU_EVIDENCE_REQUIRED,SHARED_IMAGE_REVIEW_REQUIRED,DR.1001.04,https://falconmedical.pl/en/product/silicone-radiopaque-endo-stoppers-round-with-tail-black-pack-of-100-pieces-2/
CANON-FALCON-DR-1001-03,Falcon,"Silicone radiopaque endo stoppers round with tail, red (Pack of 100 pieces)",MODERATION,,PHOTO_REVIEW_REQUIRED | EXACT_KZ_SKU_EVIDENCE_REQUIRED,SHARED_IMAGE_REVIEW_REQUIRED,DR.1001.03,https://falconmedical.pl/en/product/silicone-radiopaque-endo-stoppers-round-with-tail-red-pack-of-100-pieces-2/
CANON-FALCON-DR-1001-01,Falcon,"Silicone radiopaque endo stoppers round with tail, white (Pack of 100 pieces)",MODERATION,,PHOTO_REVIEW_REQUIRED | EXACT_KZ_SKU_EVIDENCE_REQUIRED,SHARED_IMAGE_REVIEW_REQUIRED,DR.1001.01,https://falconmedical.pl/en/product/silicone-radiopaque-endo-stoppers-round-with-tail-white-pack-of-100-pieces-2/
CANON-FALCON-DR-1001-02,Falcon,"Silicone radiopaque endo stoppers round with tail, yellow (Pack of 100 pieces)",MODERATION,,PHOTO_REVIEW_REQUIRED | EXACT_KZ_SKU_EVIDENCE_REQUIRED,SHARED_IMAGE_REVIEW_REQUIRED,DR.1001.02,https://falconmedical.pl/en/product/silicone-radiopaque-endo-stoppers-round-with-tail-yellow-pack-of-100-pieces-2/
CANON-FALCON-DR-1003-00,Falcon,"Silicone radiopaque endo stoppers round, assorted (100 pieces)",MODERATION,,PHOTO_REVIEW_REQUIRED | EXACT_KZ_SKU_EVIDENCE_REQUIRED,SHARED_IMAGE_REVIEW_REQUIRED,DR.1003.00,https://falconmedical.pl/en/product/silicone-radiopaque-endo-stoppers-round-assorted-100-pieces/
CANON-FALCON-DR-1003-04,Falcon,"Silicone radiopaque endo stoppers round, black (100 pieces)",MODERATION,,PHOTO_REVIEW_REQUIRED | EXACT_KZ_SKU_EVIDENCE_REQUIRED,SHARED_IMAGE_REVIEW_REQUIRED,DR.1003.04,https://falconmedical.pl/en/product/silicone-radiopaque-endo-stoppers-round-black-100-pieces/
CANON-FALCON-DR-1003-03,Falcon,"Silicone radiopaque endo stoppers round, red (100 pieces)",MODERATION,,PHOTO_REVIEW_REQUIRED | EXACT_KZ_SKU_EVIDENCE_REQUIRED,SHARED_IMAGE_REVIEW_REQUIRED,DR.1003.03,https://falconmedical.pl/en/product/silicone-radiopaque-endo-stoppers-round-red-100-pieces/
CANON-FALCON-DR-1003-01,Falcon,"Silicone radiopaque endo stoppers round, white (100 pieces)",MODERATION,,PHOTO_REVIEW_REQUIRED | EXACT_KZ_SKU_EVIDENCE_REQUIRED,SHARED_IMAGE_REVIEW_REQUIRED,DR.1003.01,https://falconmedical.pl/en/product/silicone-radiopaque-endo-stoppers-round-white-100-pieces/
CANON-FALCON-DR-1003-02,Falcon,"Silicone radiopaque endo stoppers round, yellow (100 pieces)",MODERATION,,PHOTO_REVIEW_REQUIRED | EXACT_KZ_SKU_EVIDENCE_REQUIRED,SHARED_IMAGE_REVIEW_REQUIRED,DR.1003.02,https://falconmedical.pl/en/product/silicone-radiopaque-endo-stoppers-round-yellow-100-pieces/
CANON-FALCON-DH-2100-06,Falcon,Szczoteczka dla dzieci świecąca Billy żółta z misiem,MODERATION,,PHOTO_REQUIRED | EXACT_KZ_SKU_EVIDENCE_REQUIRED,PHOTO_REQUIRED,DH.2100.06,https://falconmedical.pl/en/product/szczoteczka-dla-dzieci-swiecaca-billy-zolta-z-misiem-2/
CANON-FALCON-DH-2100-05,Falcon,Szczoteczka dla dzieci świecąca Pippa czerwona z psem,MODERATION,,PHOTO_REQUIRED | EXACT_KZ_SKU_EVIDENCE_REQUIRED,PHOTO_REQUIRED,DH.2100.05,https://falconmedical.pl/en/product/szczoteczka-dla-dzieci-swiecaca-pippa-czerwona-z-psem-2/
CANON-FALCON-DH-2100-04,Falcon,Szczoteczka dla dzieci świecąca Poppy purpurowa z pingwinem,MODERATION,,PHOTO_REQUIRED | EXACT_KZ_SKU_EVIDENCE_REQUIRED,PHOTO_REQUIRED,DH.2100.04,https://falconmedical.pl/en/product/szczoteczka-dla-dzieci-swiecaca-poppy-purpurowa-z-pingwinem-2/
CANON-FALCON-DR-555-001,Falcon,Tip only for crown remover DR.555.000/DR.556.000,MODERATION,,PHOTO_REQUIRED | EXACT_KZ_SKU_EVIDENCE_REQUIRED,PHOTO_REQUIRED,DR.555.001,https://falconmedical.pl/en/product/tip-only-for-crown-remover-dr-555-000-dr-556-000/
CANON-FALCON-DR-555-002,Falcon,Tip only for crown remover DR.555.000/DR.556.000,MODERATION,,PHOTO_REQUIRED | EXACT_KZ_SKU_EVIDENCE_REQUIRED,PHOTO_REQUIRED,DR.555.002,https://falconmedical.pl/en/product/tip-only-for-crown-remover-dr-555-000-dr-556-000-2/
CANON-FALCON-BM-321-150,Falcon,Titanium Micro forceps curved 150mm,MODERATION,,PHOTO_REVIEW_REQUIRED | EXACT_KZ_SKU_EVIDENCE_REQUIRED,SHARED_IMAGE_REVIEW_REQUIRED,BM.321.150,https://falconmedical.pl/en/product/titanium-micro-forceps-curved-150mm/
CANON-FALCON-BM-321-180,Falcon,Titanium Micro forceps curved 180mm,MODERATION,,PHOTO_REVIEW_REQUIRED | EXACT_KZ_SKU_EVIDENCE_REQUIRED,SHARED_IMAGE_REVIEW_REQUIRED,BM.321.180,https://falconmedical.pl/en/product/titanium-micro-forceps-curved-180mm/
CANON-FALCON-BM-320-150,Falcon,Titanium Micro forceps straight 150mm,MODERATION,,PHOTO_REVIEW_REQUIRED | EXACT_KZ_SKU_EVIDENCE_REQUIRED,SHARED_IMAGE_REVIEW_REQUIRED,BM.320.150,https://falconmedical.pl/en/product/titanium-micro-forceps-straight-150mm/
CANON-FALCON-BM-320-180,Falcon,Titanium Micro forceps straight 180mm,MODERATION,,PHOTO_REVIEW_REQUIRED | EXACT_KZ_SKU_EVIDENCE_REQUIRED,SHARED_IMAGE_REVIEW_REQUIRED,BM.320.180,https://falconmedical.pl/en/product/titanium-micro-forceps-straight-180mm/
CANON-FALCON-BM-551-145,Falcon,Titanium micro Needle holder round handle curved 145mm,MODERATION,,PHOTO_REVIEW_REQUIRED | EXACT_KZ_SKU_EVIDENCE_REQUIRED,SHARED_IMAGE_REVIEW_REQUIRED,BM.551.145,https://falconmedical.pl/en/product/titanium-micro-needle-holder-round-handle-curved-145mm-2/
CANON-FALCON-FD-931-145,Falcon,Titanium micro Needle holder round handle curved 145mm,MODERATION,,PHOTO_REVIEW_REQUIRED | EXACT_KZ_SKU_EVIDENCE_REQUIRED,SHARED_IMAGE_REVIEW_REQUIRED,FD.931.145,https://falconmedical.pl/en/product/titanium-micro-needle-holder-round-handle-curved-145mm/
CANON-FALCON-BM-551-185,Falcon,Titanium micro Needle holder round handle curved 185mm,MODERATION,,PHOTO_REVIEW_REQUIRED | EXACT_KZ_SKU_EVIDENCE_REQUIRED,SHARED_IMAGE_REVIEW_REQUIRED,BM.551.185,https://falconmedical.pl/en/product/titanium-micro-needle-holder-round-handle-curved-185mm-2/
CANON-FALCON-FD-931-185,Falcon,Titanium micro Needle holder round handle curved 185mm,MODERATION,,PHOTO_REVIEW_REQUIRED | EXACT_KZ_SKU_EVIDENCE_REQUIRED,SHARED_IMAGE_REVIEW_REQUIRED,FD.931.185,https://falconmedical.pl/en/product/titanium-micro-needle-holder-round-handle-curved-185mm/
CANON-FALCON-BM-550-145,Falcon,Titanium micro Needle holder round handle straight 145mm,MODERATION,,PHOTO_REVIEW_REQUIRED | EXACT_KZ_SKU_EVIDENCE_REQUIRED,SHARED_IMAGE_REVIEW_REQUIRED,BM.550.145,https://falconmedical.pl/en/product/titanium-micro-needle-holder-round-handle-straight-145mm-2/
CANON-FALCON-FD-930-145,Falcon,Titanium micro Needle holder round handle straight 145mm,MODERATION,,PHOTO_REVIEW_REQUIRED | EXACT_KZ_SKU_EVIDENCE_REQUIRED,SHARED_IMAGE_REVIEW_REQUIRED,FD.930.145,https://falconmedical.pl/en/product/titanium-micro-needle-holder-round-handle-straight-145mm/
CANON-FALCON-BM-550-185,Falcon,Titanium micro Needle holder round handle straight 185mm,MODERATION,,PHOTO_REVIEW_REQUIRED | EXACT_KZ_SKU_EVIDENCE_REQUIRED,SHARED_IMAGE_REVIEW_REQUIRED,BM.550.185,https://falconmedical.pl/en/product/titanium-micro-needle-holder-round-handle-straight-185mm-2/
CANON-FALCON-FD-930-185,Falcon,Titanium micro Needle holder round handle straight 185mm,MODERATION,,PHOTO_REVIEW_REQUIRED | EXACT_KZ_SKU_EVIDENCE_REQUIRED,SHARED_IMAGE_REVIEW_REQUIRED,FD.930.185,https://falconmedical.pl/en/product/titanium-micro-needle-holder-round-handle-straight-185mm/
CANON-FALCON-BM-371-150,Falcon,Titanium Micro tissue forceps 1x2th curved 150mm,MODERATION,,PHOTO_REVIEW_REQUIRED | EXACT_KZ_SKU_EVIDENCE_REQUIRED,SHARED_IMAGE_REVIEW_REQUIRED,BM.371.150,https://falconmedical.pl/en/product/titanium-micro-tissue-forceps-1x2th-curved-150mm/
CANON-FALCON-BM-371-180,Falcon,Titanium Micro tissue forceps 1x2th curved 180mm,MODERATION,,PHOTO_REVIEW_REQUIRED | EXACT_KZ_SKU_EVIDENCE_REQUIRED,SHARED_IMAGE_REVIEW_REQUIRED,BM.371.180,https://falconmedical.pl/en/product/titanium-micro-tissue-forceps-1x2th-curved-180mm/
CANON-FALCON-BM-370-150,Falcon,Titanium Micro tissue forceps 1x2th straight 150mm,MODERATION,,PHOTO_REVIEW_REQUIRED | EXACT_KZ_SKU_EVIDENCE_REQUIRED,SHARED_IMAGE_REVIEW_REQUIRED,BM.370.150,https://falconmedical.pl/en/product/titanium-micro-tissue-forceps-1x2th-straight-150mm/
CANON-FALCON-BM-370-180,Falcon,Titanium Micro tissue forceps 1x2th straight 180mm,MODERATION,,PHOTO_REVIEW_REQUIRED | EXACT_KZ_SKU_EVIDENCE_REQUIRED,SHARED_IMAGE_REVIEW_REQUIRED,BM.370.180,https://falconmedical.pl/en/product/titanium-micro-tissue-forceps-1x2th-straight-180mm/
CANON-FALCON-SH-575-170,Falcon,Tray kidney shallow 170mm,MODERATION,,PHOTO_REVIEW_REQUIRED | EXACT_KZ_SKU_EVIDENCE_REQUIRED,SHARED_IMAGE_REVIEW_REQUIRED,SH.575.170,https://falconmedical.pl/en/product/tray-kidney-shallow-170mm/
CANON-FALCON-SH-575-250,Falcon,Tray kidney shallow 250mm,MODERATION,,PHOTO_REVIEW_REQUIRED | EXACT_KZ_SKU_EVIDENCE_REQUIRED,SHARED_IMAGE_REVIEW_REQUIRED,SH.575.250,https://falconmedical.pl/en/product/tray-kidney-shallow-250mm/
CANON-FALCON-SH-575-275,Falcon,Tray kidney shallow 275mm,MODERATION,,PHOTO_REVIEW_REQUIRED | EXACT_KZ_SKU_EVIDENCE_REQUIRED,SHARED_IMAGE_REVIEW_REQUIRED,SH.575.275,https://falconmedical.pl/en/product/tray-kidney-shallow-275mm/
CANON-FALCON-SH-570-150,Falcon,Tray kidney stainless steel 150mm,MODERATION,,PHOTO_REVIEW_REQUIRED | EXACT_KZ_SKU_EVIDENCE_REQUIRED,SHARED_IMAGE_REVIEW_REQUIRED,SH.570.150,https://falconmedical.pl/en/product/tray-kidney-stainless-steel-150mm/
CANON-FALCON-SH-570-180,Falcon,Tray kidney stainless steel 180mm,MODERATION,,PHOTO_REVIEW_REQUIRED | EXACT_KZ_SKU_EVIDENCE_REQUIRED,SHARED_IMAGE_REVIEW_REQUIRED,SH.570.180,https://falconmedical.pl/en/product/tray-kidney-stainless-steel-180mm/
CANON-FALCON-SH-570-200,Falcon,Tray kidney stainless steel 200mm,MODERATION,,PHOTO_REVIEW_REQUIRED | EXACT_KZ_SKU_EVIDENCE_REQUIRED,SHARED_IMAGE_REVIEW_REQUIRED,SH.570.200,https://falconmedical.pl/en/product/tray-kidney-stainless-steel-200mm/
CANON-FALCON-SH-570-250,Falcon,Tray kidney stainless steel 250mm,MODERATION,,PHOTO_REVIEW_REQUIRED | EXACT_KZ_SKU_EVIDENCE_REQUIRED,SHARED_IMAGE_REVIEW_REQUIRED,SH.570.250,https://falconmedical.pl/en/product/tray-kidney-stainless-steel-250mm/
CANON-FALCON-SH-570-300,Falcon,Tray kidney stainless steel 300mm,MODERATION,,PHOTO_REVIEW_REQUIRED | EXACT_KZ_SKU_EVIDENCE_REQUIRED,SHARED_IMAGE_REVIEW_REQUIRED,SH.570.300,https://falconmedical.pl/en/product/tray-kidney-stainless-steel-300mm/
CANON-FALCON-DZ-390-000S,Falcon,Tray rack with 6 plastic trays 280 x 170 x 290mm,MODERATION,,PHOTO_REQUIRED | EXACT_KZ_SKU_EVIDENCE_REQUIRED,PHOTO_REQUIRED,DZ.390.000S,https://falconmedical.pl/en/product/tray-rack-with-6-plastic-trays-280-x-170-x-290mm-2/
CANON-FALCON-DD-930-050,Falcon,Tweezers College self locking 150mm,MODERATION,,PHOTO_REVIEW_REQUIRED | EXACT_KZ_SKU_EVIDENCE_REQUIRED,SHARED_IMAGE_REVIEW_REQUIRED,DD.930.050,https://falconmedical.pl/en/product/tweezers-college-self-locking-150mm/
CANON-FALCON-DD-935-010,Falcon,Tweezers Flagg 160mm,MODERATION,,PHOTO_REVIEW_REQUIRED | EXACT_KZ_SKU_EVIDENCE_REQUIRED,SHARED_IMAGE_REVIEW_REQUIRED,DD.935.010,https://falconmedical.pl/en/product/tweezers-flagg-160mm/
CANON-FALCON-DS-434-060,Falcon,"V-Shaped transparent Cheek Retractor Adult 45mm, 140mm",MODERATION,,PHOTO_REVIEW_REQUIRED | EXACT_KZ_SKU_EVIDENCE_REQUIRED,SHARED_IMAGE_REVIEW_REQUIRED,DS.434.060,https://falconmedical.pl/en/product/v-shaped-transparent-cheek-retractor-adult-45mm-140mm/
CANON-FALCON-DS-434-050,Falcon,"V-Shaped transparent Cheek Retractor child 35mm, 120mm",MODERATION,,PHOTO_REVIEW_REQUIRED | EXACT_KZ_SKU_EVIDENCE_REQUIRED,SHARED_IMAGE_REVIEW_REQUIRED,DS.434.050,https://falconmedical.pl/en/product/v-shaped-transparent-cheek-retractor-child-35mm-120mm/
CANON-FALCON-DS-434-100,Falcon,"V2-Shaped transparent Cheek Retractor Adult 45mm, 140mm",MODERATION,,PHOTO_REVIEW_REQUIRED | EXACT_KZ_SKU_EVIDENCE_REQUIRED,SHARED_IMAGE_REVIEW_REQUIRED,DS.434.100,https://falconmedical.pl/en/product/v2-shaped-transparent-cheek-retractor-adult-45mm-140mm/
CANON-FALCON-DS-434-090,Falcon,"V2-Shaped transparent Cheek Retractor child 35mm, 120mm",MODERATION,,PHOTO_REVIEW_REQUIRED | EXACT_KZ_SKU_EVIDENCE_REQUIRED,SHARED_IMAGE_REVIEW_REQUIRED,DS.434.090,https://falconmedical.pl/en/product/v2-shaped-transparent-cheek-retractor-child-35mm-120mm/
CANON-FALCON-DH-2510-07,Falcon,Waterpik replacement tip JT-100E (2 pieces),MODERATION,,PHOTO_REQUIRED | EXACT_KZ_SKU_EVIDENCE_REQUIRED,PHOTO_REQUIRED,DH.2510.07,https://falconmedical.pl/en/product/waterpik-replacement-tip-jt-100e-2-pieces/
CANON-GC-GC-CARTRIDGEDISPENSER2,GC,Cartridge Dispenser II,MODERATION,,MANUFACTURER_REFERENCE_REQUIRED | PHOTO_REVIEW_REQUIRED | EXACT_KZ_SKU_EVIDENCE_REQUIRED,GENERIC_ASSET_REJECTED,,https://www.gc.dental/europe/en/products/cartridgedispenser2
CANON-GOODNDOC-DENTI-KZ-GOODNDOC-19736,GoodnDoc,Восстанавливающий набор Blue Complex (Bluebottle),MODERATION,,MANUFACTURER_REFERENCE_REQUIRED | PHOTO_REQUIRED,PHOTO_REQUIRED,,https://denti.kz/orders/blank_zakaza/individualnyy-ukhod/kosmetika/vosstanavlivayushchiy-nabor-blue-complex-bluebottle/
CANON-GOODNDOC-DENTI-KZ-GOODNDOC-19737,GoodnDoc,"Регенерирующий крем с EGF, CICA и экзосомами",MODERATION,,MANUFACTURER_REFERENCE_REQUIRED | PHOTO_REQUIRED,PHOTO_REQUIRED,,https://denti.kz/orders/blank_zakaza/individualnyy-ukhod/kosmetika/regeneriruyushchiy-krem-s-egf-cica-i-ekzosomami/
CANON-GOODNDOC-DENTI-KZ-GOODNDOC-19738,GoodnDoc,Сыворотка с комплексом PDRN Multi-Molecule,MODERATION,,MANUFACTURER_REFERENCE_REQUIRED | PHOTO_REQUIRED,PHOTO_REQUIRED,,https://denti.kz/orders/blank_zakaza/individualnyy-ukhod/kosmetika/syvorotka-s-kompleksom-pdrn-multi-molecule/
CANON-GOODNDOC-DENTI-KZ-GOODNDOC-19735,GoodnDoc,Тонизирующий крем для лица Matcha Milk Exosome,MODERATION,,MANUFACTURER_REFERENCE_REQUIRED | PHOTO_REQUIRED,PHOTO_REQUIRED,,https://denti.kz/orders/blank_zakaza/individualnyy-ukhod/kosmetika/toniziruyushchiy-krem-dlya-litsa-matcha-milk-exosome/
CANON-GOODNDOC-DENTI-KZ-GOODNDOC-19740,GoodnDoc,Увлажняющий крем с PDRN и экстрактом алоэ вера,MODERATION,,MANUFACTURER_REFERENCE_REQUIRED | PHOTO_REQUIRED,PHOTO_REQUIRED,,https://denti.kz/orders/blank_zakaza/individualnyy-ukhod/kosmetika/uvlazhnyayushchiy-krem-s-pdrn-i-ekstraktom-aloe-vera/
CANON-HUMANCHEMIE-21,Humanchemie,"Kabelsatz (für ""Original"" / ""Komfort"")",MODERATION,,PHOTO_REVIEW_REQUIRED | EXACT_KZ_SKU_EVIDENCE_REQUIRED,GENERIC_ASSET_REJECTED,21,https://www.humanchemie.de/shop/de/endodontie-depotphorese/zubehoer/kabelsatz-fuer-quotoriginalquot-quotkomfortquot
CANON-HUMANCHEMIE-60,Humanchemie,MAGIS®-Kabelsatz,MODERATION,,PHOTO_REVIEW_REQUIRED | EXACT_KZ_SKU_EVIDENCE_REQUIRED,GENERIC_ASSET_REJECTED,60,https://www.humanchemie.de/shop/de/endodontie-depotphorese/zubehoer/magis-kabelsatz
CANON-KAVO-KAVO-MODEL-TEETH,KaVo,Model Teeth,MODERATION,,CATEGORY_REQUIRED | MANUFACTURER_REFERENCE_REQUIRED | PHOTO_REVIEW_REQUIRED | EXACT_KZ_SKU_EVIDENCE_REQUIRED,SHARED_IMAGE_REVIEW_REQUIRED,,https://www.kavo.com/en/products/dental-education/teeth-study-models/model-teeth
CANON-KAVO-KAVO-POLISHING-INSTRUMENTS,KaVo,Polishing instruments,MODERATION,,CATEGORY_REQUIRED | MANUFACTURER_REFERENCE_REQUIRED | PHOTO_REVIEW_REQUIRED | EXACT_KZ_SKU_EVIDENCE_REQUIRED,SHARED_IMAGE_REVIEW_REQUIRED,,https://www.kavo.com/en/products/instruments/prophylaxis/polishing-instruments
CANON-KAVO-KAVO-SILICONE-MOULDS,KaVo,Silicone moulds,MODERATION,,CATEGORY_REQUIRED | MANUFACTURER_REFERENCE_REQUIRED | PHOTO_REVIEW_REQUIRED | EXACT_KZ_SKU_EVIDENCE_REQUIRED,SHARED_IMAGE_REVIEW_REQUIRED,,https://www.kavo.com/en/products/dental-education/teeth-study-models/silicone-moulds
CANON-KAVO-1-011-6752,KaVo,SMARTmatic,MODERATION,,CATEGORY_REQUIRED | VARIANT_LABEL_REQUIRED | PHOTO_REVIEW_REQUIRED | EXACT_KZ_SKU_EVIDENCE_REQUIRED,SHARED_IMAGE_REVIEW_REQUIRED,1.011.6752 | 1.011.6750 | 1.011.6732 | 1.011.6730 | 1.011.6780 | 1.011.6790,https://www.kavo.com/en/products/instruments/handpieces-contra-angles/smartmatic
CANON-KAVO-KAVO-STUDY-MODELS-SURGERY-AND-IMPLANTOLOGY,KaVo,Study Models Prosthetics,MODERATION,,CATEGORY_REQUIRED | MANUFACTURER_REFERENCE_REQUIRED | PHOTO_REVIEW_REQUIRED | EXACT_KZ_SKU_EVIDENCE_REQUIRED,SHARED_IMAGE_REVIEW_REQUIRED,,https://www.kavo.com/en/products/dental-education/teeth-study-models/study-models-surgery-and-implantology
CANON-KAVO-KAVO-PERIODONTICS-TOOTH-MODELS,KaVo,Surgery and implantology,MODERATION,,CATEGORY_REQUIRED | MANUFACTURER_REFERENCE_REQUIRED | PHOTO_REVIEW_REQUIRED | EXACT_KZ_SKU_EVIDENCE_REQUIRED,SHARED_IMAGE_REVIEW_REQUIRED,,https://www.kavo.com/en/products/dental-education/teeth-study-models/periodontics-tooth-models
CANON-KERR-KERR-NX3,Kerr,NX3,REJECT,INVALID_PRODUCT_IDENTITY,MANUFACTURER_REFERENCE_REQUIRED | EXACT_KZ_SKU_EVIDENCE_REQUIRED,EXACT_SOURCE_SINGLE_CARD,,https://kerrdental.com.br/produtos/nx3/
CANON-KULZER-KULZER-BIO-HERADOR-GG-FOR-CANDB,Kulzer,Bio Herador® GG - for C&B,MODERATION,,MANUFACTURER_REFERENCE_REQUIRED | PHOTO_REVIEW_REQUIRED | EXACT_KZ_SKU_EVIDENCE_REQUIRED,SHARED_IMAGE_REVIEW_REQUIRED,,https://kulzer.com/en/en/products/bio-herador-gg-for-candb.html
CANON-KULZER-KULZER-CARA-PRINT-CAM-2-0,Kulzer,cara® Print CAM 2.0,MODERATION,,MANUFACTURER_REFERENCE_REQUIRED | PHOTO_REVIEW_REQUIRED | EXACT_KZ_SKU_EVIDENCE_REQUIRED,GENERIC_ASSET_REJECTED,,https://kulzer.com/en/en/products/cara-print-cam-2-0.html
CANON-KULZER-KULZER-DUPLICATING-SILICONE,Kulzer,Duplicating silicone,MODERATION,,MANUFACTURER_REFERENCE_REQUIRED | PHOTO_REVIEW_REQUIRED | EXACT_KZ_SKU_EVIDENCE_REQUIRED,GENERIC_ASSET_REJECTED,,https://kulzer.com/en/en/products/duplicating-silicone.html
CANON-KULZER-KULZER-HERA-SOLDER-800,Kulzer,Hera® solder 800,MODERATION,,MANUFACTURER_REFERENCE_REQUIRED | PHOTO_REVIEW_REQUIRED | EXACT_KZ_SKU_EVIDENCE_REQUIRED,GENERIC_ASSET_REJECTED,,https://kulzer.com/en/en/products/hera-solder-800.html
CANON-KULZER-KULZER-HERADOR-PF-SOLDER-1010,Kulzer,Herador PF solder 1010,MODERATION,,MANUFACTURER_REFERENCE_REQUIRED | PHOTO_REVIEW_REQUIRED | EXACT_KZ_SKU_EVIDENCE_REQUIRED,GENERIC_ASSET_REJECTED,,https://kulzer.com/en/en/products/herador-pf-solder-1010.html
CANON-KULZER-KULZER-HERADOR-PF-SOLDER-1040,Kulzer,Herador PF solder 1040,MODERATION,,MANUFACTURER_REFERENCE_REQUIRED | PHOTO_REVIEW_REQUIRED | EXACT_KZ_SKU_EVIDENCE_REQUIRED,GENERIC_ASSET_REJECTED,,https://kulzer.com/en/en/products/herador-pf-solder-1040.html
CANON-KULZER-KULZER-HERADOR-MAINGOLD-PF-SOLDER-800,Kulzer,Herador/Maingold® PF solder 800,MODERATION,,MANUFACTURER_REFERENCE_REQUIRED | PHOTO_REVIEW_REQUIRED | EXACT_KZ_SKU_EVIDENCE_REQUIRED,GENERIC_ASSET_REJECTED,,https://kulzer.com/en/en/products/herador-maingold-pf-solder-800.html
CANON-KULZER-KULZER-HERADOR-MAINGOLD-SOLDER-800,Kulzer,Herador/Maingold® solder 800,MODERATION,,MANUFACTURER_REFERENCE_REQUIRED | PHOTO_REVIEW_REQUIRED | EXACT_KZ_SKU_EVIDENCE_REQUIRED,GENERIC_ASSET_REJECTED,,https://kulzer.com/en/en/products/herador-maingold-solder-800.html
CANON-KULZER-KULZER-HERADOR-GG-FOR-CANDB,Kulzer,Herador® GG - for C&B,MODERATION,,MANUFACTURER_REFERENCE_REQUIRED | PHOTO_REVIEW_REQUIRED | EXACT_KZ_SKU_EVIDENCE_REQUIRED,SHARED_IMAGE_REVIEW_REQUIRED,,https://kulzer.com/en/en/products/herador-gg-for-candb.html
CANON-KULZER-KULZER-HERADOR-SOLDER-1030,Kulzer,Herador® solder 1030,MODERATION,,MANUFACTURER_REFERENCE_REQUIRED | PHOTO_REVIEW_REQUIRED | EXACT_KZ_SKU_EVIDENCE_REQUIRED,GENERIC_ASSET_REJECTED,,https://kulzer.com/en/en/products/herador-solder-1030.html
CANON-KULZER-KULZER-HERADOR-SOLDER-1060,Kulzer,Herador® solder 1060,MODERATION,,MANUFACTURER_REFERENCE_REQUIRED | PHOTO_REVIEW_REQUIRED | EXACT_KZ_SKU_EVIDENCE_REQUIRED,GENERIC_ASSET_REJECTED,,https://kulzer.com/en/en/products/herador-solder-1060.html
CANON-KULZER-KULZER-HERADOR-SOLDER-1070,Kulzer,Herador® solder 1070,MODERATION,,MANUFACTURER_REFERENCE_REQUIRED | PHOTO_REVIEW_REQUIRED | EXACT_KZ_SKU_EVIDENCE_REQUIRED,GENERIC_ASSET_REJECTED,,https://kulzer.com/en/en/products/herador-solder-1070.html
CANON-KULZER-KULZER-HERADOR-SOLDER-1100,Kulzer,Herador® solder 1100,MODERATION,,MANUFACTURER_REFERENCE_REQUIRED | PHOTO_REVIEW_REQUIRED | EXACT_KZ_SKU_EVIDENCE_REQUIRED,GENERIC_ASSET_REJECTED,,https://kulzer.com/en/en/products/herador-solder-1100.html
CANON-KULZER-KULZER-HERADOR-SOLDER-V-800,Kulzer,Herador® solder V 800,MODERATION,,MANUFACTURER_REFERENCE_REQUIRED | PHOTO_REVIEW_REQUIRED | EXACT_KZ_SKU_EVIDENCE_REQUIRED,GENERIC_ASSET_REJECTED,,https://kulzer.com/en/en/products/herador-solder-v-800.html
CANON-KULZER-KULZER-HERASUN-SOLDER-1,Kulzer,HeraSun® solder 1,MODERATION,,MANUFACTURER_REFERENCE_REQUIRED | PHOTO_REVIEW_REQUIRED | EXACT_KZ_SKU_EVIDENCE_REQUIRED,GENERIC_ASSET_REJECTED,,https://kulzer.com/en/en/products/herasun-solder-1.html
CANON-KULZER-KULZER-HERASUN-SOLDER-2,Kulzer,HeraSun® solder 2,MODERATION,,MANUFACTURER_REFERENCE_REQUIRED | PHOTO_REVIEW_REQUIRED | EXACT_KZ_SKU_EVIDENCE_REQUIRED,GENERIC_ASSET_REJECTED,,https://kulzer.com/en/en/products/herasun-solder-2.html
CANON-KULZER-KULZER-KF-MODEL-CASTING-WAX,Kulzer,KF Model-casting Wax,MODERATION,,MANUFACTURER_REFERENCE_REQUIRED | PHOTO_REVIEW_REQUIRED | EXACT_KZ_SKU_EVIDENCE_REQUIRED,GENERIC_ASSET_REJECTED,,https://kulzer.com/en/en/products/kf-model-casting-wax.html
CANON-KULZER-KULZER-MAINGOLD-HERA-SOLDER-750,Kulzer,Maingold/Hera® solder 750,MODERATION,,MANUFACTURER_REFERENCE_REQUIRED | PHOTO_REVIEW_REQUIRED | EXACT_KZ_SKU_EVIDENCE_REQUIRED,GENERIC_ASSET_REJECTED,,https://kulzer.com/en/en/products/maingold-hera-solder-750.html
CANON-KULZER-KULZER-MAINGOLD-NO,Kulzer,Maingold® NO,MODERATION,,MANUFACTURER_REFERENCE_REQUIRED | PHOTO_REVIEW_REQUIRED | EXACT_KZ_SKU_EVIDENCE_REQUIRED,GENERIC_ASSET_REJECTED,,https://kulzer.com/en/en/products/maingold-no.html
CANON-KULZER-KULZER-MAINGOLD-O,Kulzer,Maingold® O,MODERATION,,MANUFACTURER_REFERENCE_REQUIRED | PHOTO_REVIEW_REQUIRED | EXACT_KZ_SKU_EVIDENCE_REQUIRED,GENERIC_ASSET_REJECTED,,https://kulzer.com/en/en/products/maingold-o.html
CANON-KULZER-KULZER-MAINGOLD-PF-SOLDER-750,Kulzer,Maingold® PF solder 750,MODERATION,,MANUFACTURER_REFERENCE_REQUIRED | PHOTO_REVIEW_REQUIRED | EXACT_KZ_SKU_EVIDENCE_REQUIRED,GENERIC_ASSET_REJECTED,,https://kulzer.com/en/en/products/maingold-pf-solder-750.html
CANON-KULZER-KULZER-MAINGOLD-SOLDER-850,Kulzer,Maingold® solder 850,MODERATION,,MANUFACTURER_REFERENCE_REQUIRED | PHOTO_REVIEW_REQUIRED | EXACT_KZ_SKU_EVIDENCE_REQUIRED,GENERIC_ASSET_REJECTED,,https://kulzer.com/en/en/products/maingold-solder-850.html
CANON-KULZER-KULZER-MAINGOLD-SOLDER-875,Kulzer,Maingold® solder 875,MODERATION,,MANUFACTURER_REFERENCE_REQUIRED | PHOTO_REVIEW_REQUIRED | EXACT_KZ_SKU_EVIDENCE_REQUIRED,GENERIC_ASSET_REJECTED,,https://kulzer.com/en/en/products/maingold-solder-875.html
CANON-KULZER-KULZER-MOLDANO,Kulzer,Moldano®,MODERATION,,MANUFACTURER_REFERENCE_REQUIRED | PHOTO_REVIEW_REQUIRED | EXACT_KZ_SKU_EVIDENCE_REQUIRED,GENERIC_ASSET_REJECTED,,https://kulzer.com/en/en/products/moldano.html
CANON-KULZER-KULZER-OCTA-ARTI,Kulzer,OCTA-ARTI®,MODERATION,,MANUFACTURER_REFERENCE_REQUIRED | PHOTO_REVIEW_REQUIRED | EXACT_KZ_SKU_EVIDENCE_REQUIRED,SHARED_IMAGE_REVIEW_REQUIRED,,https://kulzer.com/en/en/products/octa-arti.html
CANON-KULZER-KULZER-OCTA-BASTER,Kulzer,OCTA-BASTER®,MODERATION,,MANUFACTURER_REFERENCE_REQUIRED | PHOTO_REVIEW_REQUIRED | EXACT_KZ_SKU_EVIDENCE_REQUIRED,SHARED_IMAGE_REVIEW_REQUIRED,,https://kulzer.com/en/en/products/octa-baster.html
CANON-KULZER-KULZER-PALA-MILLANDCAST-TEETH-MONO,Kulzer,Pala® Mill&Cast Teeth Mono,MODERATION,,MANUFACTURER_REFERENCE_REQUIRED | PHOTO_REVIEW_REQUIRED | EXACT_KZ_SKU_EVIDENCE_REQUIRED,GENERIC_ASSET_REJECTED,,https://kulzer.com/en/en/products/pala-millandcast-teeth-mono.html
CANON-KULZER-KULZER-SPECIAL-SOLDER-970,Kulzer,Special solder 970,MODERATION,,MANUFACTURER_REFERENCE_REQUIRED | PHOTO_REVIEW_REQUIRED | EXACT_KZ_SKU_EVIDENCE_REQUIRED,GENERIC_ASSET_REJECTED,,https://kulzer.com/en/en/products/special-solder-970.html
CANON-KULZER-KULZER-STAHLGOLD-SOLDER-750,Kulzer,Stahlgold solder 750,MODERATION,,MANUFACTURER_REFERENCE_REQUIRED | PHOTO_REVIEW_REQUIRED | EXACT_KZ_SKU_EVIDENCE_REQUIRED,SHARED_IMAGE_REVIEW_REQUIRED,,https://kulzer.com/en/en/products/stahlgold-solder-750.html
CANON-KULZER-KULZER-STAHLGOLD-SOLDER-910,Kulzer,Stahlgold solder 910,MODERATION,,MANUFACTURER_REFERENCE_REQUIRED | PHOTO_REVIEW_REQUIRED | EXACT_KZ_SKU_EVIDENCE_REQUIRED,SHARED_IMAGE_REVIEW_REQUIRED,,https://kulzer.com/en/en/products/stahlgold-solder-910.html
CANON-KULZER-KULZER-U-SOLDER-820,Kulzer,U-solder 820,MODERATION,,MANUFACTURER_REFERENCE_REQUIRED | PHOTO_REVIEW_REQUIRED | EXACT_KZ_SKU_EVIDENCE_REQUIRED,GENERIC_ASSET_REJECTED,,https://kulzer.com/en/en/products/u-solder-820.html
CANON-LATUS-2616,LaTus,Algilat,MODERATION,,PHOTO_REQUIRED | EXACT_KZ_SKU_EVIDENCE_REQUIRED,PHOTO_REQUIRED,2616,https://www.latus.com.ua/en/products/orthopedic-dental-materials/algilat.html
CANON-LM-DENTAL-6435,LM Dental,LM-ServoMaxTM foam,MODERATION,,PHOTO_REVIEW_REQUIRED | EXACT_KZ_SKU_EVIDENCE_REQUIRED,GENERIC_ASSET_REJECTED,6435,https://lm-dental.com/products/care-and-handling/tray-organizers-and-modules/lm-servomax-tray-and-accessories/lm-servomax-foam/
CANON-LM-DENTAL-100131,LM Dental,PE-31,MODERATION,,PHOTO_REVIEW_REQUIRED | EXACT_KZ_SKU_EVIDENCE_REQUIRED,SHARED_IMAGE_REVIEW_REQUIRED,100131,https://lm-dental.com/products/ultrasonics-and-air-polishing/ultrasonic-tips-and-polishing-nozzles/scaling/pe-31/
CANON-LM-DENTAL-100131VET,LM Dental,PE-31 VET,MODERATION,,PHOTO_REVIEW_REQUIRED | EXACT_KZ_SKU_EVIDENCE_REQUIRED,SHARED_IMAGE_REVIEW_REQUIRED,100131VET,https://lm-dental.com/products/veterinary-products/veterinary-ultrasonics/ultrasonic-tips/pe-31-vet/
CANON-LM-DENTAL-100132,LM Dental,PE-32,MODERATION,,PHOTO_REVIEW_REQUIRED | EXACT_KZ_SKU_EVIDENCE_REQUIRED,SHARED_IMAGE_REVIEW_REQUIRED,100132,https://lm-dental.com/products/ultrasonics-and-air-polishing/ultrasonic-tips-and-polishing-nozzles/scaling/pe-32/
CANON-LM-DENTAL-100132VET,LM Dental,PE-32 VET,MODERATION,,PHOTO_REVIEW_REQUIRED | EXACT_KZ_SKU_EVIDENCE_REQUIRED,SHARED_IMAGE_REVIEW_REQUIRED,100132VET,https://lm-dental.com/products/veterinary-products/veterinary-ultrasonics/ultrasonic-tips/pe-32-vet/
CANON-LM-DENTAL-100138,LM Dental,PE-38,MODERATION,,PHOTO_REVIEW_REQUIRED | EXACT_KZ_SKU_EVIDENCE_REQUIRED,SHARED_IMAGE_REVIEW_REQUIRED,100138,https://lm-dental.com/products/ultrasonics-and-air-polishing/ultrasonic-tips-and-polishing-nozzles/scaling/pe-38/
CANON-LM-DENTAL-100138VET,LM Dental,PE-38 VET,MODERATION,,PHOTO_REVIEW_REQUIRED | EXACT_KZ_SKU_EVIDENCE_REQUIRED,SHARED_IMAGE_REVIEW_REQUIRED,100138VET,https://lm-dental.com/products/veterinary-products/veterinary-ultrasonics/ultrasonic-tips/pe-38-vet/
CANON-LM-DENTAL-100139,LM Dental,PE-39,MODERATION,,PHOTO_REVIEW_REQUIRED | EXACT_KZ_SKU_EVIDENCE_REQUIRED,SHARED_IMAGE_REVIEW_REQUIRED,100139,https://lm-dental.com/products/ultrasonics-and-air-polishing/ultrasonic-tips-and-polishing-nozzles/scaling/pe-39/
CANON-LM-DENTAL-100139VET,LM Dental,PE-39 VET,MODERATION,,PHOTO_REVIEW_REQUIRED | EXACT_KZ_SKU_EVIDENCE_REQUIRED,SHARED_IMAGE_REVIEW_REQUIRED,100139VET,https://lm-dental.com/products/veterinary-products/veterinary-ultrasonics/ultrasonic-tips/pe-39-vet/
CANON-LM-DENTAL-100140H,LM Dental,PE-40H,MODERATION,,PHOTO_REVIEW_REQUIRED | EXACT_KZ_SKU_EVIDENCE_REQUIRED,SHARED_IMAGE_REVIEW_REQUIRED,100140H,https://lm-dental.com/products/ultrasonics-and-air-polishing/ultrasonic-tips-and-polishing-nozzles/scaling/pe-40h/
CANON-LM-DENTAL-100140HVET,LM Dental,PE-40H VET,MODERATION,,PHOTO_REVIEW_REQUIRED | EXACT_KZ_SKU_EVIDENCE_REQUIRED,SHARED_IMAGE_REVIEW_REQUIRED,100140HVET,https://lm-dental.com/products/veterinary-products/veterinary-ultrasonics/ultrasonic-tips/pe-40h-vet/
CANON-LM-DENTAL-100141PS,LM Dental,PE-41PS,MODERATION,,PHOTO_REVIEW_REQUIRED | EXACT_KZ_SKU_EVIDENCE_REQUIRED,SHARED_IMAGE_REVIEW_REQUIRED,100141PS,https://lm-dental.com/products/ultrasonics-and-air-polishing/ultrasonic-tips-and-polishing-nozzles/scaling/pe-41ps/
CANON-LM-DENTAL-100141PSVET,LM Dental,PE-41PS VET,MODERATION,,PHOTO_REVIEW_REQUIRED | EXACT_KZ_SKU_EVIDENCE_REQUIRED,SHARED_IMAGE_REVIEW_REQUIRED,100141PSVET,https://lm-dental.com/products/veterinary-products/veterinary-ultrasonics/ultrasonic-tips/pe-41ps-vet/
CANON-LM-DENTAL-770-780ES,LM Dental,Silicone Cutter,MODERATION,,PHOTO_REVIEW_REQUIRED | EXACT_KZ_SKU_EVIDENCE_REQUIRED,GENERIC_ASSET_REJECTED,770-780ES,https://lm-dental.com/products/handinstrumentation/restoration/contouring-and-sculpting/others-2/silicone-cutter/
CANON-LM-DENTAL-LM-DENTAL-STRIPS-SANS-BANDES-BLANCHES,LM Dental,Strips sans bandes blanches,MODERATION,,MANUFACTURER_REFERENCE_REQUIRED | PHOTO_REQUIRED | EXACT_KZ_SKU_EVIDENCE_REQUIRED,PHOTO_REQUIRED,,https://lm-dental.com/products/uncategorized/strips-sans-bandes-blanches/
CANON-MADESPA-MADESPA-VENTURA-IMPRESS-2-0,Madespa,Ventura Impress 2.0,MODERATION,,MANUFACTURER_REFERENCE_REQUIRED | PHOTO_REVIEW_REQUIRED | EXACT_KZ_SKU_EVIDENCE_REQUIRED,SHARED_IMAGE_REVIEW_REQUIRED,,https://www.madespa.com/ventura-impress-2-0
CANON-MADESPA-MADESPA-VENTURA-IMPRESS-2-0-FLUIDA,Madespa,Ventura Impress 2.0,MODERATION,,MANUFACTURER_REFERENCE_REQUIRED | PHOTO_REVIEW_REQUIRED | EXACT_KZ_SKU_EVIDENCE_REQUIRED,SHARED_IMAGE_REVIEW_REQUIRED,,https://www.madespa.com/ventura-impress-2-0-fluida
CANON-MADESPA-MADESPA-VENTURA-RESINDIE-ROCK,Madespa,Ventura Resindie Rock,MODERATION,,MANUFACTURER_REFERENCE_REQUIRED | PHOTO_REVIEW_REQUIRED | EXACT_KZ_SKU_EVIDENCE_REQUIRED,GENERIC_ASSET_REJECTED,,https://www.madespa.com/ventura-resindie-rock
CANON-MADESPA-MADESPA-VENTURA-BASIC-STONE,Madespa,Yeso Ventura Basic Stone de Madespa,MODERATION,,MANUFACTURER_REFERENCE_REQUIRED | PHOTO_REVIEW_REQUIRED | EXACT_KZ_SKU_EVIDENCE_REQUIRED,SHARED_IMAGE_REVIEW_REQUIRED,,https://www.madespa.com/ventura-basic-stone
CANON-MADESPA-MADESPA-VENTURA-BASIC-STONE-FAST,Madespa,Yeso Ventura Basic Stone de Madespa,MODERATION,,MANUFACTURER_REFERENCE_REQUIRED | PHOTO_REVIEW_REQUIRED | EXACT_KZ_SKU_EVIDENCE_REQUIRED,SHARED_IMAGE_REVIEW_REQUIRED,,https://www.madespa.com/ventura-basic-stone-fast
CANON-MAJESTIC-DENTI-KZ-MAJESTIC-11716,Majestic,Зонд стоматологический,MODERATION,,MANUFACTURER_REFERENCE_REQUIRED | PHOTO_REVIEW_REQUIRED,SHARED_IMAGE_REVIEW_REQUIRED,,https://denti.kz/orders/blank_zakaza/instrumenty_3/khirurgiya_1/zond-stomatologicheskiy/
CANON-MAJESTIC-DENTI-KZ-MAJESTIC-11068,Majestic,Зонд стоматологический одностронний DE-450,MODERATION,,MANUFACTURER_REFERENCE_REQUIRED | PHOTO_REVIEW_REQUIRED,SHARED_IMAGE_REVIEW_REQUIRED,,https://denti.kz/orders/blank_zakaza/instrumenty_3/khirurgiya_1/zond-stomatologicheskiy-odnostronniy-de-450/
CANON-MEDESY-1735,MEDESY,Adson needle holder,MODERATION,,PHOTO_REVIEW_REQUIRED | EXACT_KZ_SKU_EVIDENCE_REQUIRED,SHARED_IMAGE_REVIEW_REQUIRED,1735,https://www.medesy.it/en/products/adson-needle-holder/
CANON-MEDESY-3640-2,MEDESY,Angled anatomic blade holder,MODERATION,,PHOTO_REVIEW_REQUIRED | EXACT_KZ_SKU_EVIDENCE_REQUIRED,SHARED_IMAGE_REVIEW_REQUIRED,3640/2 | 3640/3 | 3640/1,https://www.medesy.it/en/products/angled-anatomic-blade-holder/
CANON-MEDESY-1924,MEDESY,Baumgartner needle holder,MODERATION,,PHOTO_REVIEW_REQUIRED | EXACT_KZ_SKU_EVIDENCE_REQUIRED,SHARED_IMAGE_REVIEW_REQUIRED,1924 | 1924/TC,https://www.medesy.it/en/products/baumgartner-needle-holder/
CANON-MEDESY-3636,MEDESY,Blade remover,MODERATION,,VARIANT_LABEL_REQUIRED | PHOTO_REVIEW_REQUIRED | EXACT_KZ_SKU_EVIDENCE_REQUIRED,SHARED_IMAGE_REVIEW_REQUIRED,3636 | 3642,https://www.medesy.it/en/products/blade-remover/
CANON-MEDESY-1922-D-TC,MEDESY,Castroviejo needle holder,MODERATION,,PHOTO_REVIEW_REQUIRED | EXACT_KZ_SKU_EVIDENCE_REQUIRED,SHARED_IMAGE_REVIEW_REQUIRED,1922/D-TC | 1922/A-TC | 1922/C-TC | 1922/D | 1922/A | 1922/C | 1922/B-TC | 2000/D-TC | 2000/A-TC | 2000/C-TC | 1922/B | 2000/B | 2000/D | 2000/A | 2000/C | 2000/B-TC,https://www.medesy.it/en/products/castroviejo-needle-holder/
CANON-MEDESY-1022,MEDESY,Cotton and dressing tweezers,MODERATION,,VARIANT_LABEL_REQUIRED | PHOTO_REVIEW_REQUIRED | EXACT_KZ_SKU_EVIDENCE_REQUIRED,SHARED_IMAGE_REVIEW_REQUIRED,1022 | 1124 | 1123 | 1122 | 1023 | 1124/D | 1024 | 1026 | 1118 | 1120 | 1126/L | 1126,https://www.medesy.it/en/products/cotton-and-dressing-tweezers/
CANON-MEDESY-1021-1,MEDESY,Crane-Kaplan tweezers,MODERATION,,VARIANT_LABEL_REQUIRED | PHOTO_REVIEW_REQUIRED | EXACT_KZ_SKU_EVIDENCE_REQUIRED,SHARED_IMAGE_REVIEW_REQUIRED,1021/1 | 1021/2,https://www.medesy.it/en/products/crane-kaplan-tweezers/
CANON-MEDESY-1743,MEDESY,Crile-Wood needle holder,MODERATION,,PHOTO_REVIEW_REQUIRED | EXACT_KZ_SKU_EVIDENCE_REQUIRED,SHARED_IMAGE_REVIEW_REQUIRED,1743 | 1743/C-TC | 1743/TC,https://www.medesy.it/en/products/crile-wood-needle-holder/
CANON-MEDESY-1736,MEDESY,Derf needle holder,MODERATION,,PHOTO_REVIEW_REQUIRED | EXACT_KZ_SKU_EVIDENCE_REQUIRED,SHARED_IMAGE_REVIEW_REQUIRED,1736 | 1736/TC,https://www.medesy.it/en/products/derf-needle-holder/
CANON-MEDESY-1923,MEDESY,Fine swedish needle holder,MODERATION,,PHOTO_REVIEW_REQUIRED | EXACT_KZ_SKU_EVIDENCE_REQUIRED,SHARED_IMAGE_REVIEW_REQUIRED,1923 | 1923/TC,https://www.medesy.it/en/products/fine-swedish-needle-holder/
CANON-MEDESY-1748,MEDESY,Halsey needle holder,MODERATION,,PHOTO_REVIEW_REQUIRED | EXACT_KZ_SKU_EVIDENCE_REQUIRED,SHARED_IMAGE_REVIEW_REQUIRED,1748 | 1748/TC,https://www.medesy.it/en/products/halsey-needle-holder/
CANON-MEDESY-1741-TC,MEDESY,Mayo-Hegar needle holder,MODERATION,,PHOTO_REVIEW_REQUIRED | EXACT_KZ_SKU_EVIDENCE_REQUIRED,SHARED_IMAGE_REVIEW_REQUIRED,1741/TC | 1742/TC | 1739 | 1740 | 1741 | 1742 | 1739/TC | 1740/TC,https://www.medesy.it/en/products/mayo-hegar-needle-holder/
CANON-MEDPARK-DENTI-KZ-MEDPARK-10199,MedPark,Костнопластический ксенотрансплантат ПОРОШОК S1,MODERATION,,MANUFACTURER_REFERENCE_REQUIRED | PHOTO_REVIEW_REQUIRED,SHARED_IMAGE_REVIEW_REQUIRED,,https://denti.kz/orders/blank_zakaza/khirurgiya/kostnyy-material/kostnoplasticheskiy-ksenotransplantat-poroshok-s1/
CANON-MEDPARK-DENTI-KZ-MEDPARK-7848,MedPark,Костнопластический ксенотрансплантат СТРУЖКА S1,MODERATION,,MANUFACTURER_REFERENCE_REQUIRED | PHOTO_REVIEW_REQUIRED,SHARED_IMAGE_REVIEW_REQUIRED,,https://denti.kz/orders/blank_zakaza/khirurgiya/kostnyy-material/kostnoplasticheskiy-ksenotransplantat-struzhka-s1/
CANON-MELAG-ME20020,MELAG,MELAtherm 10 Evolution DTA,MODERATION,,PHOTO_REVIEW_REQUIRED | EXACT_KZ_SKU_EVIDENCE_REQUIRED,SHARED_IMAGE_REVIEW_REQUIRED,ME20020,https://www.melag.com/en/melatherm-10-evolution-dta/me20020
CANON-MELAG-ME20021,MELAG,MELAtherm 10 Evolution DTB,MODERATION,,PHOTO_REVIEW_REQUIRED | EXACT_KZ_SKU_EVIDENCE_REQUIRED,SHARED_IMAGE_REVIEW_REQUIRED,ME20021,https://www.melag.com/en/melatherm-10-evolution/sw10005
CANON-MELAG-ME10118,MELAG,Vacuclave 118,MODERATION,,PHOTO_REVIEW_REQUIRED | EXACT_KZ_SKU_EVIDENCE_REQUIRED,SHARED_IMAGE_REVIEW_REQUIRED,ME10118,https://www.melag.com/en/vacuclave-118/me10118
CANON-MELAG-ME10118S,MELAG,Vacuclave 118 S,MODERATION,,PHOTO_REVIEW_REQUIRED | EXACT_KZ_SKU_EVIDENCE_REQUIRED,SHARED_IMAGE_REVIEW_REQUIRED,ME10118S,https://www.melag.com/en/vacuclave-118-s/me10118s
CANON-MELAG-ME10123,MELAG,Vacuclave 123,MODERATION,,PHOTO_REVIEW_REQUIRED | EXACT_KZ_SKU_EVIDENCE_REQUIRED,SHARED_IMAGE_REVIEW_REQUIRED,ME10123,https://www.melag.com/en/vacuclave-123/me10123
CANON-MELAG-ME10123S,MELAG,Vacuclave 123 S,MODERATION,,PHOTO_REVIEW_REQUIRED | EXACT_KZ_SKU_EVIDENCE_REQUIRED,SHARED_IMAGE_REVIEW_REQUIRED,ME10123S,https://www.melag.com/en/vacuclave-123-s/me10123s
CANON-MELAG-ME10080,MELAG,Vacuklav 40 B+ Evolution,MODERATION,,PHOTO_REVIEW_REQUIRED | EXACT_KZ_SKU_EVIDENCE_REQUIRED,EXACT_SOURCE_SINGLE_CARD,ME10080,https://www.melag.com/en/vacuklav-40-b-evolution/me10080
CANON-MERCURY-ND-A006250,Mercury,Компрессор воздушный медицинский безмасляный Mercury HK-3ЕВ-55/HK-3EW-55 (140л),MODERATION,,PHOTO_REVIEW_REQUIRED | EXACT_KZ_SKU_EVIDENCE_REQUIRED,SHARED_IMAGE_REVIEW_REQUIRED,ND-A006250,https://mercury-dent.pro/catalog/kompressory/hk-3ew-55-140l/
CANON-MERCURY-ND-A006247,Mercury,Компрессор воздушный медицинский безмасляный Mercury HK-4ЕВ-65/HK-4EW-65 (200л),MODERATION,,PHOTO_REVIEW_REQUIRED | EXACT_KZ_SKU_EVIDENCE_REQUIRED,SHARED_IMAGE_REVIEW_REQUIRED,ND-A006247,https://mercury-dent.pro/catalog/kompressory/hk-4ew-65-200l/
CANON-MERCURY-ND-A004423,Mercury,Турбинный наконечник Mercury 361Н с генератором света,MODERATION,,PHOTO_REVIEW_REQUIRED | EXACT_KZ_SKU_EVIDENCE_REQUIRED,SHARED_IMAGE_REVIEW_REQUIRED,ND-A004423,https://mercury-dent.pro/catalog/stomatologicheskie-nakonechniki/vysokoskorostnye-nakonechniki/mercury-361n/
CANON-MERCURY-ND-A005373,Mercury,Турбинный наконечник Mercury 361Н с генератором света и с двумя роторными группами,MODERATION,,PHOTO_REVIEW_REQUIRED | EXACT_KZ_SKU_EVIDENCE_REQUIRED,SHARED_IMAGE_REVIEW_REQUIRED,ND-A005373,https://mercury-dent.pro/catalog/stomatologicheskie-nakonechniki/vysokoskorostnye-nakonechniki/361n-s-dvumya-rotornymi-gruppami/
CANON-MGF-PR-OF400-090-MT-HD,MGF,100/30 TANDEM PRIME M HD - 230V 50Hz,MODERATION,,PHOTO_REVIEW_REQUIRED | EXACT_KZ_SKU_EVIDENCE_REQUIRED,SHARED_IMAGE_REVIEW_REQUIRED,PR-OF400-090-MT-HD,https://www.mgfcompressors.com/dental/oil-free-compressors-prime-hd-for-cad-cam/prime-versions-with-air-dryer/100-30-tandem-prime-m-hd.html
CANON-MGF-PR-OF400-090-MT3-HD,MGF,100/30 TANDEM PRIME M HD 400V - 400V 50Hz,MODERATION,,PHOTO_REVIEW_REQUIRED | EXACT_KZ_SKU_EVIDENCE_REQUIRED,SHARED_IMAGE_REVIEW_REQUIRED,PR-OF400-090-MT3-HD,https://www.mgfcompressors.com/dental/oil-free-compressors-prime-hd-for-cad-cam/prime-versions-with-air-dryer/100-30-tandem-prime-m-10-bar-1-1.html
CANON-MGF-PR-OF400-090-T-HD,MGF,100/30 TANDEM PRIME S HD 10 BAR - 230V 50Hz,MODERATION,,PHOTO_REVIEW_REQUIRED | EXACT_KZ_SKU_EVIDENCE_REQUIRED,SHARED_IMAGE_REVIEW_REQUIRED,PR-OF400-090-T-HD,https://www.mgfcompressors.com/dental/oil-free-compressors-prime-hd-for-cad-cam/prime-version-without-air-dryer/100-30-tandem-prime-s-10-bar-1-1.html
CANON-MGF-PR-OF400-090-T3-HD,MGF,100/30 TANDEM PRIME S HD 10 BAR - 400V 50/60Hz,MODERATION,,PHOTO_REVIEW_REQUIRED | EXACT_KZ_SKU_EVIDENCE_REQUIRED,SHARED_IMAGE_REVIEW_REQUIRED,PR-OF400-090-T3-HD,https://www.mgfcompressors.com/dental/oil-free-compressors-prime-hd-for-cad-cam/prime-version-without-air-dryer/100-30-tandem-prime-s-10-bar-2.html
CANON-MGF-PR-OF600-090-MT-HD,MGF,100/50 TANDEM PRIME M HD - 230V 50Hz,MODERATION,,PHOTO_REVIEW_REQUIRED | EXACT_KZ_SKU_EVIDENCE_REQUIRED,SHARED_IMAGE_REVIEW_REQUIRED,PR-OF600-090-MT-HD,https://www.mgfcompressors.com/dental/oil-free-compressors-prime-hd-for-cad-cam/100-50-tandem-prime-m-10-bar-1-1.html
CANON-MGF-PR-OF600-090-MT3-HD,MGF,100/50 TANDEM PRIME M HD 400V - 400V 50Hz,MODERATION,,PHOTO_REVIEW_REQUIRED | EXACT_KZ_SKU_EVIDENCE_REQUIRED,SHARED_IMAGE_REVIEW_REQUIRED,PR-OF600-090-MT3-HD,https://www.mgfcompressors.com/dental/oil-free-compressors-prime-hd-for-cad-cam/100-50-tandem-prime-m-10-bar-1.html
CANON-MGF-PR-OF600-090-T-HD,MGF,100/50 TANDEM PRIME S HD 10 BAR - 230V 50Hz,MODERATION,,PHOTO_REVIEW_REQUIRED | EXACT_KZ_SKU_EVIDENCE_REQUIRED,SHARED_IMAGE_REVIEW_REQUIRED,PR-OF600-090-T-HD,https://www.mgfcompressors.com/dental/oil-free-compressors-prime-hd-for-cad-cam/prime-version-without-air-dryer/100-50-tandem-prime-s-10-bar-2.html
CANON-MGF-PR-OF600-090-T3-HD,MGF,100/50 TANDEM PRIME S HD 10 BAR - 400V 50/60Hz,MODERATION,,PHOTO_REVIEW_REQUIRED | EXACT_KZ_SKU_EVIDENCE_REQUIRED,SHARED_IMAGE_REVIEW_REQUIRED,PR-OF600-090-T3-HD,https://www.mgfcompressors.com/dental/oil-free-compressors-prime-hd-for-cad-cam/prime-version-without-air-dryer/100-50-tandem-prime-s-10-bar-1-1.html
CANON-MGF-PR-OF600-090-SMT3,MGF,100/50 TANDEM PRIME X3 10 BAR - 400V 50/60Hz,MODERATION,,PHOTO_REVIEW_REQUIRED | EXACT_KZ_SKU_EVIDENCE_REQUIRED,SHARED_IMAGE_REVIEW_REQUIRED,PR-OF600-090-SMT3,https://www.mgfcompressors.com/dental/oil-free-compressors-prime-hd-for-cad-cam/x-line-version/100-50-tandem-prime-x3-10-bar.html
CANON-MGF-D-GE150-024-M,MGF,24/10 GENESI M Advanced Pure Air - 230V 50Hz,MODERATION,,PHOTO_REVIEW_REQUIRED | EXACT_KZ_SKU_EVIDENCE_REQUIRED,SHARED_IMAGE_REVIEW_REQUIRED,D-GE150-024-M,https://www.mgfcompressors.com/dental/pure-air-dental-compressors/24-10-genesi-m-advanced-pure-air.html
CANON-MGF-PR-OF200-040-AN,MGF,50/15 PRIME E - 230V 50Hz,MODERATION,,PHOTO_REVIEW_REQUIRED | EXACT_KZ_SKU_EVIDENCE_REQUIRED,SHARED_IMAGE_REVIEW_REQUIRED,PR-OF200-040-AN,https://www.mgfcompressors.com/dental/pure-air-dental-compressors/50-15-prime-e-1.html
CANON-MGF-PR-0F200-040-AN,MGF,50/15 PRIME E 10 BAR - 230V 50Hz,MODERATION,,PHOTO_REVIEW_REQUIRED | EXACT_KZ_SKU_EVIDENCE_REQUIRED,SHARED_IMAGE_REVIEW_REQUIRED,PR-0F200-040-AN,https://www.mgfcompressors.com/dental/oil-free-compressors-prime-hd-for-cad-cam/50-15-prime-e-10-bar.html
CANON-MGF-PR-0F300-040-AN,MGF,50/25 PRIME E - 230V 50Hz,MODERATION,,PHOTO_REVIEW_REQUIRED | EXACT_KZ_SKU_EVIDENCE_REQUIRED,SHARED_IMAGE_REVIEW_REQUIRED,PR-0F300-040-AN,https://www.mgfcompressors.com/dental/pure-air-dental-compressors/50-25-prime-e-2.html
CANON-MGF-PR-OF300-040-AN,MGF,50/25 PRIME E - 230V 50Hz,MODERATION,,PHOTO_REVIEW_REQUIRED | EXACT_KZ_SKU_EVIDENCE_REQUIRED,SHARED_IMAGE_REVIEW_REQUIRED,PR-OF300-040-AN,https://www.mgfcompressors.com/dental/oil-free-compressors-prime-hd-for-cad-cam/50-25-prime-e-1.html
CANON-MGF-PR-OF300-040-M-HD,MGF,50/25 PRIME M HD - 230V 50Hz,MODERATION,,PHOTO_REVIEW_REQUIRED | EXACT_KZ_SKU_EVIDENCE_REQUIRED,SHARED_IMAGE_REVIEW_REQUIRED,PR-OF300-040-M-HD,https://www.mgfcompressors.com/dental/oil-free-compressors-prime-hd-for-cad-cam/50-25-prime-m-10-bar-1-1.html
CANON-MGF-PR-0F300-040-M400-HD,MGF,50/25 PRIME M HD - 400V 50/60Hz,MODERATION,,PHOTO_REVIEW_REQUIRED | EXACT_KZ_SKU_EVIDENCE_REQUIRED,SHARED_IMAGE_REVIEW_REQUIRED,PR-0F300-040-M400-HD,https://www.mgfcompressors.com/dental/oil-free-compressors-prime-hd-for-cad-cam/prime-versions-with-air-dryer/50-25-prime-m-10-bar-2.html
CANON-MGF-PR-OF300-040-HD,MGF,50/25 PRIME S HD 10 BAR - 230V 50Hz,MODERATION,,PHOTO_REVIEW_REQUIRED | EXACT_KZ_SKU_EVIDENCE_REQUIRED,SHARED_IMAGE_REVIEW_REQUIRED,PR-OF300-040-HD,https://www.mgfcompressors.com/dental/oil-free-compressors-prime-hd-for-cad-cam/50-25-prime-s-10-bar-2.html
CANON-MGF-PR-OF300-040-400-HD,MGF,50/25 PRIME S HD 10 BAR - 400V 50/60Hz,MODERATION,,PHOTO_REVIEW_REQUIRED | EXACT_KZ_SKU_EVIDENCE_REQUIRED,SHARED_IMAGE_REVIEW_REQUIRED,PR-OF300-040-400-HD,https://www.mgfcompressors.com/dental/oil-free-compressors-prime-hd-for-cad-cam/50-25-prime-s-10-bar-1-1.html
CANON-MGF-MGF-DENTAL-OIL-FREE-COMPRESSORS-ACCESSORIES-ADSORPTION-DRYERS-HTML,MGF,Adsorption dryers,MODERATION,,MANUFACTURER_REFERENCE_REQUIRED | PHOTO_REVIEW_REQUIRED | EXACT_KZ_SKU_EVIDENCE_REQUIRED,SHARED_IMAGE_REVIEW_REQUIRED,,https://www.mgfcompressors.com/dental/oil-free-compressors-accessories/adsorption-dryers.html
CANON-MGF-TA-AF-3000,MGF,AF6 - 230V 50Hz,MODERATION,,PHOTO_REVIEW_REQUIRED | EXACT_KZ_SKU_EVIDENCE_REQUIRED,SHARED_IMAGE_REVIEW_REQUIRED,TA-AF-3000,https://www.mgfcompressors.com/dental/oil-free-compressors-for-centralized-systems/af9-air-treatmnt-module-for-centralair-systems-3.html
CANON-MGF-TA-AF-5000,MGF,AF9 - 230V 50Hz,MODERATION,,PHOTO_REVIEW_REQUIRED | EXACT_KZ_SKU_EVIDENCE_REQUIRED,SHARED_IMAGE_REVIEW_REQUIRED,TA-AF-5000,https://www.mgfcompressors.com/dental/oil-free-compressors-for-centralized-systems/af9-air-treatmnt-module-for-centralair-systems-1.html
CANON-MGF-AS-050,MGF,ASPIR 1 - 230V 50Hz,MODERATION,,PHOTO_REVIEW_REQUIRED | EXACT_KZ_SKU_EVIDENCE_REQUIRED,SHARED_IMAGE_REVIEW_REQUIRED,AS-050,https://www.mgfcompressors.com/dental/dental-suction-systems/aspir-1.html
CANON-MGF-AS-300,MGF,ASPIR 10 - 230V 50Hz,MODERATION,,PHOTO_REVIEW_REQUIRED | EXACT_KZ_SKU_EVIDENCE_REQUIRED,SHARED_IMAGE_REVIEW_REQUIRED,AS-300,https://www.mgfcompressors.com/dental/dental-suction-systems/dry-surgical-suction/aspir-10.html
CANON-MGF-AS-100,MGF,ASPIR 2 - 230V 50Hz,MODERATION,,PHOTO_REVIEW_REQUIRED | EXACT_KZ_SKU_EVIDENCE_REQUIRED,SHARED_IMAGE_REVIEW_REQUIRED,AS-100,https://www.mgfcompressors.com/dental/dental-suction-systems/aspir-2.html
CANON-MGF-AS-550,MGF,ASPIR 20 - 230V 50Hz,MODERATION,,PHOTO_REVIEW_REQUIRED | EXACT_KZ_SKU_EVIDENCE_REQUIRED,SHARED_IMAGE_REVIEW_REQUIRED,AS-550,https://www.mgfcompressors.com/dental/dental-suction-systems/dry-surgical-suction/aspir-20-1.html
CANON-MGF-AS-800-D,MGF,ASPIR 20 - 400V 50/60Hz,MODERATION,,PHOTO_REVIEW_REQUIRED | EXACT_KZ_SKU_EVIDENCE_REQUIRED,SHARED_IMAGE_REVIEW_REQUIRED,AS-800-D,https://www.mgfcompressors.com/dental/centralized-surgical-dental-suction/aspir-20.html
CANON-MGF-AS-150,MGF,ASPIR 3 - 230V 50Hz,MODERATION,,PHOTO_REVIEW_REQUIRED | EXACT_KZ_SKU_EVIDENCE_REQUIRED,SHARED_IMAGE_REVIEW_REQUIRED,AS-150,https://www.mgfcompressors.com/dental/dental-suction-systems/aspir-3.html
CANON-MGF-AS-150-QC,MGF,ASPIR 3 QC - 230V 50Hz,MODERATION,,PHOTO_REVIEW_REQUIRED | EXACT_KZ_SKU_EVIDENCE_REQUIRED,SHARED_IMAGE_REVIEW_REQUIRED,AS-150-QC,https://www.mgfcompressors.com/dental/dental-suction-systems/aspir-3-qc.html
CANON-MGF-AS-200,MGF,ASPIR 4 - 230V 50Hz,MODERATION,,PHOTO_REVIEW_REQUIRED | EXACT_KZ_SKU_EVIDENCE_REQUIRED,SHARED_IMAGE_REVIEW_REQUIRED,AS-200,https://www.mgfcompressors.com/dental/dental-suction-systems/dry-surgical-suction/aspir-4.html
CANON-MGF-AS-200-2S-M,MGF,ASPIR 4 2V - 230V 50Hz,MODERATION,,PHOTO_REVIEW_REQUIRED | EXACT_KZ_SKU_EVIDENCE_REQUIRED,SHARED_IMAGE_REVIEW_REQUIRED,AS-200-2S-M,https://www.mgfcompressors.com/dental/dental-suction-systems/dry-surgical-suction/aspir-4-2v.html
CANON-MGF-AS-200-QC,MGF,ASPIR 4 QC - 230V 50Hz,MODERATION,,PHOTO_REVIEW_REQUIRED | EXACT_KZ_SKU_EVIDENCE_REQUIRED,SHARED_IMAGE_REVIEW_REQUIRED,AS-200-QC,https://www.mgfcompressors.com/dental/dental-suction-systems/suction-unit-complete-with-electronic-control-board-and-rubber-feet/aspir-4-qc.html
CANON-MGF-AS-1600-D,MGF,ASPIR 40 - 400V 50/60Hz,MODERATION,,PHOTO_REVIEW_REQUIRED | EXACT_KZ_SKU_EVIDENCE_REQUIRED,SHARED_IMAGE_REVIEW_REQUIRED,AS-1600-D,https://www.mgfcompressors.com/dental/centralized-surgical-dental-suction/aspir-40.html
CANON-MGF-D-AC150-024-M,MGF,ASPIR-COMP 24/10 GENESI M,MODERATION,,PHOTO_REVIEW_REQUIRED | EXACT_KZ_SKU_EVIDENCE_REQUIRED,SHARED_IMAGE_REVIEW_REQUIRED,D-AC150-024-M,https://www.mgfcompressors.com/dental/modular-systems-compressors-suction-aspir-comp/aspir-comp-24-10-genesi-m-1.html
CANON-MGF-D-AC150-024-M-37,MGF,ASPIR-COMP 24/10 GENESI M LIGHT,MODERATION,,PHOTO_REVIEW_REQUIRED | EXACT_KZ_SKU_EVIDENCE_REQUIRED,SHARED_IMAGE_REVIEW_REQUIRED,D-AC150-024-M-37,https://www.mgfcompressors.com/dental/modular-systems-compressors-suction-aspir-comp/aspir-comp-24-10-genesi-m-light-1.html
CANON-MGF-PR-AC200-040-M,MGF,ASPIR-COMP 30/15 PRIME M,MODERATION,,PHOTO_REVIEW_REQUIRED | EXACT_KZ_SKU_EVIDENCE_REQUIRED,SHARED_IMAGE_REVIEW_REQUIRED,PR-AC200-040-M,https://www.mgfcompressors.com/dental/modular-systems-compressors-suction-aspir-comp/aspir-comp-30-15-prime-m-1.html
CANON-MGF-PR-AC200-040-MC,MGF,ASPIR-COMP 30/15 PRIME MC - 230V 50Hz,MODERATION,,PHOTO_REVIEW_REQUIRED | EXACT_KZ_SKU_EVIDENCE_REQUIRED,SHARED_IMAGE_REVIEW_REQUIRED,PR-AC200-040-MC,https://www.mgfcompressors.com/dental/modular-systems-compressors-suction-aspir-comp/combined-compression-and-suction-system-for-2-or-3-chairs/aspir-comp-30-15-prime-mc-1.html
CANON-MGF-PR-AC200-040,MGF,ASPIR-COMP 30/15 PRIME S,MODERATION,,PHOTO_REVIEW_REQUIRED | EXACT_KZ_SKU_EVIDENCE_REQUIRED,SHARED_IMAGE_REVIEW_REQUIRED,PR-AC200-040,https://www.mgfcompressors.com/dental/modular-systems-compressors-suction-aspir-comp/aspir-comp-30-15-prime-s-1.html
CANON-MGF-PR-AC300-040,MGF,ASPIR-COMP 30/25 PRIME S,MODERATION,,PHOTO_REVIEW_REQUIRED | EXACT_KZ_SKU_EVIDENCE_REQUIRED,SHARED_IMAGE_REVIEW_REQUIRED,PR-AC300-040,https://www.mgfcompressors.com/dental/modular-systems-compressors-suction-aspir-comp/aspir-comp-30-25-prime-s.html
CANON-MGF-PR-AC300-040-C,MGF,ASPIR-COMP 30/25 PRIME SC,MODERATION,,PHOTO_REVIEW_REQUIRED | EXACT_KZ_SKU_EVIDENCE_REQUIRED,SHARED_IMAGE_REVIEW_REQUIRED,PR-AC300-040-C,https://www.mgfcompressors.com/dental/modular-systems-compressors-suction-aspir-comp/aspir-comp-30-25-prime-sc-1.html
CANON-MGF-MGF-DENTAL-OIL-FREE-COMPRESSORS-ACCESSORIES-MODULI-PER-ARIA-RESPIRABILE-HTML,MGF,Breathing air modules,MODERATION,,MANUFACTURER_REFERENCE_REQUIRED | PHOTO_REVIEW_REQUIRED | EXACT_KZ_SKU_EVIDENCE_REQUIRED,SHARED_IMAGE_REVIEW_REQUIRED,,https://www.mgfcompressors.com/dental/oil-free-compressors-accessories/moduli-per-aria-respirabile.html
CANON-MGF-MGF-DENTAL-DENTAL-SUCTION-SYSTEMS-SURGICAL-SUCTION-ACCESSORIES-QUADRO-DI-COMANDO-PER-UNITA-ASPIR-HTML,MGF,Control panel for ASPIR units,MODERATION,,MANUFACTURER_REFERENCE_REQUIRED | PHOTO_REVIEW_REQUIRED | EXACT_KZ_SKU_EVIDENCE_REQUIRED,SHARED_IMAGE_REVIEW_REQUIRED,,https://www.mgfcompressors.com/dental/dental-suction-systems/surgical-suction-accessories/quadro-di-comando-per-unita-aspir.html
CANON-MGF-MGF-DENTAL-CENTRALIZED-SURGICAL-DENTAL-SUCTION-SURGICAL-SUCTION-ACCESSORIES-QUADRO-DI-COMANDO-PER-UNITA-ASPIR-,MGF,Control panel for ASPIR units,MODERATION,,MANUFACTURER_REFERENCE_REQUIRED | PHOTO_REVIEW_REQUIRED | EXACT_KZ_SKU_EVIDENCE_REQUIRED,SHARED_IMAGE_REVIEW_REQUIRED,,https://www.mgfcompressors.com/dental/centralized-surgical-dental-suction/surgical-suction-accessories/quadro-di-comando-per-unita-aspir.html
CANON-MGF-PR-CS400-090-MT-HD,MGF,CS 100/30 TANDEM PRIME M HD - 220V 50/60Hz,MODERATION,,PHOTO_REVIEW_REQUIRED | EXACT_KZ_SKU_EVIDENCE_REQUIRED,SHARED_IMAGE_REVIEW_REQUIRED,PR-CS400-090-MT-HD,https://www.mgfcompressors.com/dental/oil-free-compressors-prime-hd-for-cad-cam/silenced-prime-versions-with-air-dryer/cs-100-30-tandem-prime-m-10-bar-1-1.html
CANON-MGF-PR-CS400-090-MT3-HD,MGF,CS 100/30 TANDEM PRIME M HD - 400V 50/60Hz,MODERATION,,PHOTO_REVIEW_REQUIRED | EXACT_KZ_SKU_EVIDENCE_REQUIRED,SHARED_IMAGE_REVIEW_REQUIRED,PR-CS400-090-MT3-HD,https://www.mgfcompressors.com/dental/oil-free-compressors-prime-hd-for-cad-cam/silenced-prime-versions-with-air-dryer/cs-100-30-tandem-prime-m-10-bar-2.html
CANON-MGF-PR-CS400-090-T-HD,MGF,CS 100/30 TANDEM PRIME S HD 10 BAR - 230V 50Hz,MODERATION,,PHOTO_REVIEW_REQUIRED | EXACT_KZ_SKU_EVIDENCE_REQUIRED,SHARED_IMAGE_REVIEW_REQUIRED,PR-CS400-090-T-HD,https://www.mgfcompressors.com/dental/oil-free-compressors-prime-hd-for-cad-cam/silenced-prime-versions-without-air-dryer/cs-100-30-tandem-prime-s-10-bar-1-1.html
CANON-MGF-PR-CS400-090-T3-HD,MGF,CS 100/30 TANDEM PRIME S HD 10 BAR - 400V 50/60Hz,MODERATION,,PHOTO_REVIEW_REQUIRED | EXACT_KZ_SKU_EVIDENCE_REQUIRED,SHARED_IMAGE_REVIEW_REQUIRED,PR-CS400-090-T3-HD,https://www.mgfcompressors.com/dental/oil-free-compressors-prime-hd-for-cad-cam/silenced-prime-versions-without-air-dryer/cs-100-30-tandem-prime-s-10-bar-2.html
CANON-MGF-PR-CS600-090-T3-AN,MGF,CS 100/50 TANDEM PRIME E - 400V 50/60Hz,MODERATION,,PHOTO_REVIEW_REQUIRED | EXACT_KZ_SKU_EVIDENCE_REQUIRED,SHARED_IMAGE_REVIEW_REQUIRED,PR-CS600-090-T3-AN,https://www.mgfcompressors.com/dental/pure-air-dental-compressors-medical-compressors/prime-line/cs-100-50-tandem-prime-e-2.html
CANON-MGF-PR-CS600-090-MT-HD,MGF,CS 100/50 TANDEM PRIME M HD - 230V 50Hz,MODERATION,,PHOTO_REVIEW_REQUIRED | EXACT_KZ_SKU_EVIDENCE_REQUIRED,SHARED_IMAGE_REVIEW_REQUIRED,PR-CS600-090-MT-HD,https://www.mgfcompressors.com/dental/oil-free-compressors-prime-hd-for-cad-cam/silenced-prime-versions-with-air-dryer/cs-100-50-tandem-prime-m-10-bar-1.html
CANON-MGF-PR-CS600-090-MT3-HD,MGF,CS 100/50 TANDEM PRIME M HD - 400V 50/60Hz,MODERATION,,PHOTO_REVIEW_REQUIRED | EXACT_KZ_SKU_EVIDENCE_REQUIRED,SHARED_IMAGE_REVIEW_REQUIRED,PR-CS600-090-MT3-HD,https://www.mgfcompressors.com/dental/oil-free-compressors-prime-hd-for-cad-cam/silenced-prime-versions-with-air-dryer/cs-100-50-tandem-prime-m-10-bar-1-1.html
CANON-MGF-PR-CS600-090-T-HD,MGF,CS 100/50 TANDEM PRIME S HD 10 BAR - 230V 50Hz,MODERATION,,PHOTO_REVIEW_REQUIRED | EXACT_KZ_SKU_EVIDENCE_REQUIRED,SHARED_IMAGE_REVIEW_REQUIRED,PR-CS600-090-T-HD,https://www.mgfcompressors.com/dental/oil-free-compressors-prime-hd-for-cad-cam/silenced-prime-versions-without-air-dryer/cs-100-50-tandem-prime-s-hd-10-bar.html
CANON-MGF-PR-CS600-090-T3-HD,MGF,CS 100/50 TANDEM PRIME S HD 10 BAR - 400V 50/60Hz,MODERATION,,PHOTO_REVIEW_REQUIRED | EXACT_KZ_SKU_EVIDENCE_REQUIRED,SHARED_IMAGE_REVIEW_REQUIRED,PR-CS600-090-T3-HD,https://www.mgfcompressors.com/dental/oil-free-compressors-prime-hd-for-cad-cam/silenced-prime-versions-without-air-dryer/cs-100-50-tandem-prime-s-10-bar-1.html
CANON-MGF-PR-CS600-090-SMT3,MGF,CS 100/50 TANDEM PRIME X3 10 BAR - 400V 50/60Hz,MODERATION,,PHOTO_REVIEW_REQUIRED | EXACT_KZ_SKU_EVIDENCE_REQUIRED,SHARED_IMAGE_REVIEW_REQUIRED,PR-CS600-090-SMT3,https://www.mgfcompressors.com/dental/oil-free-compressors-prime-hd-for-cad-cam/x-line-version/cs-100-50-tandem-prime-x3-10-bar.html
CANON-MGF-PR-CS200-040-M,MGF,CS 30/15 PRIME M,MODERATION,,PHOTO_REVIEW_REQUIRED | EXACT_KZ_SKU_EVIDENCE_REQUIRED,SHARED_IMAGE_REVIEW_REQUIRED,PR-CS200-040-M,https://www.mgfcompressors.com/dental/pure-air-dental-compressors-medical-compressors/prime-line/cs-30-15-prime-m.html
CANON-MGF-PR-CS200-040-M-HD,MGF,CS 30/15 PRIME M HD - 230V 50Hz,MODERATION,,PHOTO_REVIEW_REQUIRED | EXACT_KZ_SKU_EVIDENCE_REQUIRED,SHARED_IMAGE_REVIEW_REQUIRED,PR-CS200-040-M-HD,https://www.mgfcompressors.com/dental/oil-free-compressors-prime-hd-for-cad-cam/cs-30-15-prime-m-hd.html
CANON-MGF-PR-CS200-040-HD,MGF,CS 30/15 PRIME S HD 10 BAR - 230V 50Hz,MODERATION,,PHOTO_REVIEW_REQUIRED | EXACT_KZ_SKU_EVIDENCE_REQUIRED,SHARED_IMAGE_REVIEW_REQUIRED,PR-CS200-040-HD,https://www.mgfcompressors.com/dental/oil-free-compressors-prime-hd-for-cad-cam/cs-30-15-prime-s-10-bar-1.html
CANON-MGF-PR-CS300-040-AN,MGF,CS 50/25 PRIME E - 230V 50Hz,MODERATION,,PHOTO_REVIEW_REQUIRED | EXACT_KZ_SKU_EVIDENCE_REQUIRED,SHARED_IMAGE_REVIEW_REQUIRED,PR-CS300-040-AN,https://www.mgfcompressors.com/dental/pure-air-dental-compressors/cs-50-25-prime-e.html
CANON-MGF-PR-CS300-040-M,MGF,CS 50/25 PRIME M,MODERATION,,PHOTO_REVIEW_REQUIRED | EXACT_KZ_SKU_EVIDENCE_REQUIRED,SHARED_IMAGE_REVIEW_REQUIRED,PR-CS300-040-M,https://www.mgfcompressors.com/dental/pure-air-dental-compressors-medical-compressors/prime-line/cs-50-25-prime-m.html
CANON-MGF-PR-CS300-040-M-HD,MGF,CS 50/25 PRIME M HD - 230V 50Hz,MODERATION,,PHOTO_REVIEW_REQUIRED | EXACT_KZ_SKU_EVIDENCE_REQUIRED,SHARED_IMAGE_REVIEW_REQUIRED,PR-CS300-040-M-HD,https://www.mgfcompressors.com/dental/oil-free-compressors-prime-hd-for-cad-cam/cs-50-25-prime-m-10-bar-1-1.html
CANON-MGF-PR-CS300-040-M400-HD,MGF,CS 50/25 PRIME M HD - 400V 50/60Hz,MODERATION,,PHOTO_REVIEW_REQUIRED | EXACT_KZ_SKU_EVIDENCE_REQUIRED,SHARED_IMAGE_REVIEW_REQUIRED,PR-CS300-040-M400-HD,https://www.mgfcompressors.com/dental/oil-free-compressors-prime-hd-for-cad-cam/cs-50-25-prime-m-10-bar-2.html
CANON-MGF-PR-CS300-040-HD,MGF,CS 50/25 PRIME S HD 10 BAR - 230V 50Hz,MODERATION,,PHOTO_REVIEW_REQUIRED | EXACT_KZ_SKU_EVIDENCE_REQUIRED,SHARED_IMAGE_REVIEW_REQUIRED,PR-CS300-040-HD,https://www.mgfcompressors.com/dental/oil-free-compressors-prime-hd-for-cad-cam/cs-50-25-prime-s-10-bar-2.html
CANON-MGF-PR-CS300-040-400-HD,MGF,CS 50/25 PRIME S HD 10 BAR - 400V 50/60Hz,MODERATION,,PHOTO_REVIEW_REQUIRED | EXACT_KZ_SKU_EVIDENCE_REQUIRED,SHARED_IMAGE_REVIEW_REQUIRED,PR-CS300-040-400-HD,https://www.mgfcompressors.com/dental/oil-free-compressors-prime-hd-for-cad-cam/cs-50-25-prime-s-10-bar-1-1.html
CANON-MGF-PR-CS300-050-SM,MGF,CS 50/25 PRIME X 10 BAR - 230V 50Hz,MODERATION,,PHOTO_REVIEW_REQUIRED | EXACT_KZ_SKU_EVIDENCE_REQUIRED,SHARED_IMAGE_REVIEW_REQUIRED,PR-CS300-050-SM,https://www.mgfcompressors.com/dental/oil-free-compressors-prime-hd-for-cad-cam/cs-50-25-prime-x-10-bar.html
CANON-MGF-PR-CS300-050-SM-400,MGF,CS 50/25 PRIME X3 10 BAR - 400V 50/60Hz,MODERATION,,PHOTO_REVIEW_REQUIRED | EXACT_KZ_SKU_EVIDENCE_REQUIRED,SHARED_IMAGE_REVIEW_REQUIRED,PR-CS300-050-SM-400,https://www.mgfcompressors.com/dental/oil-free-compressors-prime-hd-for-cad-cam/x-line-version/cs-50-25-prime-x3-10-bar.html
CANON-MGF-GC-150-GE-6-V,MGF,GENESIS 1.1 kW - 220V 60Hz,MODERATION,,PHOTO_REVIEW_REQUIRED | EXACT_KZ_SKU_EVIDENCE_REQUIRED,SHARED_IMAGE_REVIEW_REQUIRED,GC-150-GE-6-V,https://www.mgfcompressors.com/dental/oil-free-compressors-pumping-units/genesis-11-kw-1.html
CANON-MGF-GC-150-GE-V1-V,MGF,GENESIS 1.1 kW - 230V 50Hz,MODERATION,,PHOTO_REVIEW_REQUIRED | EXACT_KZ_SKU_EVIDENCE_REQUIRED,SHARED_IMAGE_REVIEW_REQUIRED,GC-150-GE-V1-V,https://www.mgfcompressors.com/dental/oil-free-compressors-pumping-units/genesis-11-kw.html
CANON-MGF-TA-FV-011-TA-FV-012-TA-FV-013,MGF,HEPA 14 exhaust air filtration,MODERATION,,PHOTO_REVIEW_REQUIRED | EXACT_KZ_SKU_EVIDENCE_REQUIRED,SHARED_IMAGE_REVIEW_REQUIRED,"TA-FV-011, TA-FV-012, TA-FV-013",https://www.mgfcompressors.com/dental/dental-suction-systems/hepa-14-exhaust-air-filtration.html
CANON-MGF-TA-FV-011-CA-TA-FV-012-CA-TA-FV-013-CA,MGF,HEPA 14 filtration for exhausted air with activated carbon,MODERATION,,PHOTO_REVIEW_REQUIRED | EXACT_KZ_SKU_EVIDENCE_REQUIRED,SHARED_IMAGE_REVIEW_REQUIRED,"TA-FV-011-CA, TA-FV-012-CA, TA-FV-013-CA",https://www.mgfcompressors.com/dental/dental-suction-systems/surgical-suction-accessories/hepa-14-filtration-for-exhausted-air-with-activated-carbon.html
CANON-MGF-AS-075-EX1-AS,MGF,HYBRID A1S - 230V 50Hz,MODERATION,,PHOTO_REVIEW_REQUIRED | EXACT_KZ_SKU_EVIDENCE_REQUIRED,SHARED_IMAGE_REVIEW_REQUIRED,AS-075-EX1-AS,https://www.mgfcompressors.com/dental/dental-suction-systems/semi-wet-suction-systems-hybrid-range/mgf-hybrid-1s-1.html
CANON-MGF-AS-075-EX-AS,MGF,HYBRID A1S CB - 230V 50Hz,MODERATION,,PHOTO_REVIEW_REQUIRED | EXACT_KZ_SKU_EVIDENCE_REQUIRED,SHARED_IMAGE_REVIEW_REQUIRED,AS-075-EX-AS,https://www.mgfcompressors.com/dental/dental-suction-systems/hybrid-a1s-cb.html
CANON-MGF-AS-094-EX,MGF,MGF HYBRID 1 - 230V 50Hz,MODERATION,,PHOTO_REVIEW_REQUIRED | EXACT_KZ_SKU_EVIDENCE_REQUIRED,SHARED_IMAGE_REVIEW_REQUIRED,AS-094-EX,https://www.mgfcompressors.com/dental/dental-suction-systems/semi-wet-suction-systems-hybrid-range/mgf-hybrid-1.html
CANON-MGF-AS-075-EX1,MGF,MGF HYBRID 1S - 230V 50Hz,MODERATION,,PHOTO_REVIEW_REQUIRED | EXACT_KZ_SKU_EVIDENCE_REQUIRED,SHARED_IMAGE_REVIEW_REQUIRED,AS-075-EX1,https://www.mgfcompressors.com/dental/dental-suction-systems/mgf-hybrid-1s.html
CANON-MGF-AS-075-EX,MGF,MGF HYBRID 1S CB - 230V 50Hz,MODERATION,,PHOTO_REVIEW_REQUIRED | EXACT_KZ_SKU_EVIDENCE_REQUIRED,SHARED_IMAGE_REVIEW_REQUIRED,AS-075-EX,https://www.mgfcompressors.com/dental/dental-suction-systems/mgf-hybrid-1s-cb.html
CANON-MGF-AS-100-EX,MGF,MGF HYBRID 2 - 230V 50Hz,MODERATION,,PHOTO_REVIEW_REQUIRED | EXACT_KZ_SKU_EVIDENCE_REQUIRED,SHARED_IMAGE_REVIEW_REQUIRED,AS-100-EX,https://www.mgfcompressors.com/dental/dental-suction-systems/semi-wet-suction-systems-hybrid-range/mgf-hybrid-2.html
CANON-MGF-AS-094-EX-AS,MGF,MGF HYBRID A 1 - 230V 50Hz,MODERATION,,PHOTO_REVIEW_REQUIRED | EXACT_KZ_SKU_EVIDENCE_REQUIRED,SHARED_IMAGE_REVIEW_REQUIRED,AS-094-EX-AS,https://www.mgfcompressors.com/dental/dental-suction-systems/semi-wet-suction-systems-hybrid-range/mgf-hybrid-a-1.html
CANON-MGF-AS-100-EX-AS,MGF,MGF HYBRID A2 - 230V 50Hz,MODERATION,,PHOTO_REVIEW_REQUIRED | EXACT_KZ_SKU_EVIDENCE_REQUIRED,SHARED_IMAGE_REVIEW_REQUIRED,AS-100-EX-AS,https://www.mgfcompressors.com/dental/dental-suction-systems/semi-wet-suction-systems-hybrid-range/mgf-hybrid-a2.html
CANON-MGF-AS-150-EX-AS,MGF,MGF HYBRID A5 - 230V 50Hz,MODERATION,,PHOTO_REVIEW_REQUIRED | EXACT_KZ_SKU_EVIDENCE_REQUIRED,SHARED_IMAGE_REVIEW_REQUIRED,AS-150-EX-AS,https://www.mgfcompressors.com/dental/dental-suction-systems/semi-wet-suction-systems-hybrid-range/mgf-hybrid-a5.html
CANON-MGF-AS-150-EX-400-AS,MGF,MGF HYBRID A5 - 400V 50/60Hz,MODERATION,,PHOTO_REVIEW_REQUIRED | EXACT_KZ_SKU_EVIDENCE_REQUIRED,SHARED_IMAGE_REVIEW_REQUIRED,AS-150-EX-400-AS,https://www.mgfcompressors.com/dental/dental-suction-systems/semi-wet-suction-systems-hybrid-range/mgf-hybrid-a5-1.html
CANON-MGF-D-MB150-024-M-15,MGF,MINI BOX 24/10 GENESI M Advance Pure Air - 230V 50Hz,MODERATION,,PHOTO_REVIEW_REQUIRED | EXACT_KZ_SKU_EVIDENCE_REQUIRED,SHARED_IMAGE_REVIEW_REQUIRED,D-MB150-024-M-15,https://www.mgfcompressors.com/dental/pure-air-dental-compressors/genesi-line/mini-box-24-10-genesi-m-advance-pure-air.html
CANON-MGF-S-OF100-003-MS1,MGF,MINI SILENT 1 - 220V 50/60Hz,MODERATION,,PHOTO_REVIEW_REQUIRED | EXACT_KZ_SKU_EVIDENCE_REQUIRED,SHARED_IMAGE_REVIEW_REQUIRED,S-OF100-003-MS1,https://www.mgfcompressors.com/dental/pure-air-dental-compressors/mini-silent-1-2.html
CANON-MGF-S-OF100-003-MS2,MGF,MINI SILENT 2 - 220V 50/60Hz,MODERATION,,PHOTO_REVIEW_REQUIRED | EXACT_KZ_SKU_EVIDENCE_REQUIRED,SHARED_IMAGE_REVIEW_REQUIRED,S-OF100-003-MS2,https://www.mgfcompressors.com/dental/pure-air-dental-compressors/mini-silent-2.html
CANON-MGF-S-OF100-003-MS,MGF,MINI SILENT EVO - 220V 50/60Hz,MODERATION,,PHOTO_REVIEW_REQUIRED | EXACT_KZ_SKU_EVIDENCE_REQUIRED,SHARED_IMAGE_REVIEW_REQUIRED,S-OF100-003-MS,https://www.mgfcompressors.com/dental/pure-air-dental-compressors/mini-silent-evo-2.html
CANON-MGF-AS-01010001,MGF,MULTISYSTEM TYP 1 MST1,MODERATION,,PHOTO_REVIEW_REQUIRED | EXACT_KZ_SKU_EVIDENCE_REQUIRED,SHARED_IMAGE_REVIEW_REQUIRED,AS-01010001,https://www.mgfcompressors.com/dental/dental-suction-systems/surgical-suction-accessories/multisystem-typ-1-mst1.html
CANON-MGF-AS-01010020,MGF,MULTISYSTEM TYP 1 MST1 FLOOR,MODERATION,,PHOTO_REVIEW_REQUIRED | EXACT_KZ_SKU_EVIDENCE_REQUIRED,SHARED_IMAGE_REVIEW_REQUIRED,AS-01010020,https://www.mgfcompressors.com/dental/dental-suction-systems/surgical-suction-accessories/multisystem-typ-1-mst1-a-pavimento.html
CANON-MGF-GC-070-OFT-V,MGF,Oil-Free Compressor AT 0.70 kW - 230V 50/60Hz,MODERATION,,PHOTO_REVIEW_REQUIRED | EXACT_KZ_SKU_EVIDENCE_REQUIRED,SHARED_IMAGE_REVIEW_REQUIRED,GC-070-OFT-V,https://www.mgfcompressors.com/dental/oil-free-compressors-pumping-units/gruppo-a-secco-at-070-kw-1.html
CANON-MGF-GC-070-OFT-115-V,MGF,Oil-Free Compressor AT 0.70 kW 115V - 110V 60Hz,MODERATION,,PHOTO_REVIEW_REQUIRED | EXACT_KZ_SKU_EVIDENCE_REQUIRED,SHARED_IMAGE_REVIEW_REQUIRED,GC-070-OFT-115-V,https://www.mgfcompressors.com/dental/oil-free-compressors-pumping-units/gruppo-a-secco-at-070-kw.html
CANON-MGF-TA-FT-003-C,MGF,Replacement cartridge for sterile filter TA-FT-003 1000 l / min,MODERATION,,PHOTO_REVIEW_REQUIRED | EXACT_KZ_SKU_EVIDENCE_REQUIRED,GENERIC_ASSET_REJECTED,TA-FT-003-C,https://www.mgfcompressors.com/dental/oil-free-compressors-accessories/sterile-filters/cartuccia-ricambio-filtro-sterile-lt-min-1000.html
CANON-MGF-TA-FT-002-C,MGF,Replacement sterile filter cartridge 700 l / min,MODERATION,,PHOTO_REVIEW_REQUIRED | EXACT_KZ_SKU_EVIDENCE_REQUIRED,GENERIC_ASSET_REJECTED,TA-FT-002-C,https://www.mgfcompressors.com/dental/oil-free-compressors-accessories/sterile-filters/replacement-sterile-filter-cartridge-700-l-min.html
CANON-MGF-TA-FT-004-C,MGF,Replacement sterile filter cartridge lt / min 2000,MODERATION,,PHOTO_REVIEW_REQUIRED | EXACT_KZ_SKU_EVIDENCE_REQUIRED,GENERIC_ASSET_REJECTED,TA-FT-004-C,https://www.mgfcompressors.com/dental/oil-free-compressors-accessories/sterile-filters/cartuccia-ricambio-filtro-sterile-lt-min-1000-1.html
CANON-MGF-TA-FT-001-C,MGF,Replacement sterile filter cartridge lt / min 400,MODERATION,,PHOTO_REVIEW_REQUIRED | EXACT_KZ_SKU_EVIDENCE_REQUIRED,GENERIC_ASSET_REJECTED,TA-FT-001-C,https://www.mgfcompressors.com/dental/oil-free-compressors-accessories/replacement-sterile-filter-cartridge-lt-min-400.html
CANON-MGF-AS-050-S,MGF,SILENT 1 - 230V 50Hz,MODERATION,,PHOTO_REVIEW_REQUIRED | EXACT_KZ_SKU_EVIDENCE_REQUIRED,GENERIC_ASSET_REJECTED,AS-050-S,https://www.mgfcompressors.com/dental/dental-suction-systems/silent-1-as-050-s.html
CANON-MGF-AS-150-S,MGF,SILENT 3 - 230V 50Hz,MODERATION,,PHOTO_REVIEW_REQUIRED | EXACT_KZ_SKU_EVIDENCE_REQUIRED,SHARED_IMAGE_REVIEW_REQUIRED,AS-150-S,https://www.mgfcompressors.com/dental/dental-suction-systems/silent-3.html
CANON-MGF-AS-200-S,MGF,SILENT 4 - 230V 50Hz,MODERATION,,PHOTO_REVIEW_REQUIRED | EXACT_KZ_SKU_EVIDENCE_REQUIRED,SHARED_IMAGE_REVIEW_REQUIRED,AS-200-S,https://www.mgfcompressors.com/dental/dental-suction-systems/quiet-air-suction-unit/silent-4.html
CANON-MGF-D-SK150-040,MGF,SKY 50/10 GENESI S - 230V 50Hz,MODERATION,,PHOTO_REVIEW_REQUIRED | EXACT_KZ_SKU_EVIDENCE_REQUIRED,SHARED_IMAGE_REVIEW_REQUIRED,D-SK150-040,https://www.mgfcompressors.com/dental/pure-air-dental-compressors/genesi-line/sky-50-10-genesi-s.html
CANON-MGF-PR-SK200-040,MGF,SKY 50/15 PRIME S,MODERATION,,PHOTO_REVIEW_REQUIRED | EXACT_KZ_SKU_EVIDENCE_REQUIRED,SHARED_IMAGE_REVIEW_REQUIRED,PR-SK200-040,https://www.mgfcompressors.com/dental/pure-air-dental-compressors-medical-compressors/prime-line/sky-50-15-prime-s.html
CANON-MGF-MGF-DENTAL-DENTAL-SUCTION-SYSTEMS-SURGICAL-SUCTION-ACCESSORIES-BARATTOLI-RICAMBIO-PER-MST1-E-DYNAMIC-HTML,MGF,Spare jars for MST1 AND DYNAMIC,MODERATION,,MANUFACTURER_REFERENCE_REQUIRED | PHOTO_REVIEW_REQUIRED | EXACT_KZ_SKU_EVIDENCE_REQUIRED,SHARED_IMAGE_REVIEW_REQUIRED,,https://www.mgfcompressors.com/dental/dental-suction-systems/surgical-suction-accessories/barattoli-ricambio-per-mst1-e-dynamic.html
CANON-MGF-MGF-DENTAL-CENTRALIZED-SURGICAL-DENTAL-SUCTION-SURGICAL-SUCTION-ACCESSORIES-BARATTOLI-RICAMBIO-PER-MST1-E-DYNA,MGF,Spare jars for MST1 AND DYNAMIC,MODERATION,,MANUFACTURER_REFERENCE_REQUIRED | PHOTO_REVIEW_REQUIRED | EXACT_KZ_SKU_EVIDENCE_REQUIRED,SHARED_IMAGE_REVIEW_REQUIRED,,https://www.mgfcompressors.com/dental/centralized-surgical-dental-suction/surgical-suction-accessories/barattoli-ricambio-per-mst1-e-dynamic.html
CANON-MGF-TA-FT-003,MGF,Sterile filter 1000 lt/min,MODERATION,,PHOTO_REVIEW_REQUIRED | EXACT_KZ_SKU_EVIDENCE_REQUIRED,SHARED_IMAGE_REVIEW_REQUIRED,TA-FT-003,https://www.mgfcompressors.com/dental/oil-free-compressors-accessories/sterile-filters/filtro-sterile-1000-lt-min.html
CANON-MGF-TA-FT-004,MGF,Sterile filter 2000 l / min,MODERATION,,PHOTO_REVIEW_REQUIRED | EXACT_KZ_SKU_EVIDENCE_REQUIRED,SHARED_IMAGE_REVIEW_REQUIRED,TA-FT-004,https://www.mgfcompressors.com/dental/oil-free-compressors-accessories/sterile-filters/sterile-filter-2000-l-min.html
CANON-MGF-TA-FT-002,MGF,Sterile filter lt / min 700,MODERATION,,PHOTO_REVIEW_REQUIRED | EXACT_KZ_SKU_EVIDENCE_REQUIRED,SHARED_IMAGE_REVIEW_REQUIRED,TA-FT-002,https://www.mgfcompressors.com/dental/oil-free-compressors-accessories/filtro-sterile-lt-min-700.html
CANON-MORITA-MORITA-SET-TRIAUTO-MINI,Morita,Set TriAuto mini,MODERATION,,MANUFACTURER_REFERENCE_REQUIRED | PHOTO_REVIEW_REQUIRED | EXACT_KZ_SKU_EVIDENCE_REQUIRED,SHARED_IMAGE_REVIEW_REQUIRED,,https://www.jmoritaeurope.de/en/products/endodontic-systems/apex-location-and-canal-preparation-systems/set-triauto-mini/
CANON-MORITA-MORITA-TRIAUTO-MINI,Morita,TriAuto mini,MODERATION,,MANUFACTURER_REFERENCE_REQUIRED | PHOTO_REVIEW_REQUIRED | EXACT_KZ_SKU_EVIDENCE_REQUIRED,SHARED_IMAGE_REVIEW_REQUIRED,,https://www.jmoritaeurope.de/en/products/endodontic-systems/canal-preparation-systems/triauto-mini/
CANON-MYRAY-MYRAY-CEPHX,MyRay,CephX,MODERATION,,MANUFACTURER_REFERENCE_REQUIRED | PHOTO_REVIEW_REQUIRED | EXACT_KZ_SKU_EVIDENCE_REQUIRED,SHARED_IMAGE_REVIEW_REQUIRED,,https://www.myray.it/en/radiology-software/cephx
CANON-MYRAY-MYRAY-HY-SCAN,MyRay,Hy-Scan,MODERATION,,MANUFACTURER_REFERENCE_REQUIRED | PHOTO_REVIEW_REQUIRED | EXACT_KZ_SKU_EVIDENCE_REQUIRED,SHARED_IMAGE_REVIEW_REQUIRED,,https://www.myray.it/en/intraoral-imaging/hy-scan
CANON-MYRAY-MYRAY-RX-DC,MyRay,RX DC,MODERATION,,MANUFACTURER_REFERENCE_REQUIRED | PHOTO_REVIEW_REQUIRED | EXACT_KZ_SKU_EVIDENCE_REQUIRED,SHARED_IMAGE_REVIEW_REQUIRED,,https://www.myray.it/en/intraoral-imaging/rx-dc
CANON-MYRAY-MYRAY-RX-DC-EXTENDED-WIRELESS,MyRay,RX DC eXTend,MODERATION,,MANUFACTURER_REFERENCE_REQUIRED | PHOTO_REVIEW_REQUIRED | EXACT_KZ_SKU_EVIDENCE_REQUIRED,SHARED_IMAGE_REVIEW_REQUIRED,,https://www.myray.it/en/intraoral-imaging/rx-dc-extended-wireless
CANON-MYRAY-MYRAY-RX-DC-HYPERSPHERE,MyRay,RX DC HyperSphere,MODERATION,,MANUFACTURER_REFERENCE_REQUIRED | PHOTO_REVIEW_REQUIRED | EXACT_KZ_SKU_EVIDENCE_REQUIRED,SHARED_IMAGE_REVIEW_REQUIRED,,https://www.myray.it/en/intraoral-imaging/rx-dc-hypersphere
CANON-MYRAY-MYRAY-ZEN-X,MyRay,Zen-X,MODERATION,,MANUFACTURER_REFERENCE_REQUIRED | PHOTO_REVIEW_REQUIRED | EXACT_KZ_SKU_EVIDENCE_REQUIRED,SHARED_IMAGE_REVIEW_REQUIRED,,https://www.myray.it/en/intraoral-imaging/zen-x
CANON-MYRAY-MYRAY-ZEN-X-DCIS,MyRay,Zen-X DCiS,MODERATION,,MANUFACTURER_REFERENCE_REQUIRED | PHOTO_REVIEW_REQUIRED | EXACT_KZ_SKU_EVIDENCE_REQUIRED,SHARED_IMAGE_REVIEW_REQUIRED,,https://www.myray.it/en/intraoral-imaging/zen-x-dcis
CANON-NIC-83,NIC,PRG,REJECT,INVALID_PRODUCT_IDENTITY,MANUFACTURER_REFERENCE_REQUIRED | EXACT_KZ_SKU_EVIDENCE_REQUIRED,EXACT_SOURCE_SINGLE_CARD,,https://www.nicdental.com/product/endodontic/engine-used_files/83.html
CANON-NIC-175,NIC,Theta FILe,MODERATION,,MANUFACTURER_REFERENCE_REQUIRED | PHOTO_REQUIRED | EXACT_KZ_SKU_EVIDENCE_REQUIRED,PHOTO_REQUIRED,,https://www.nicdental.com/product/endodontic/engine-used_files/175.html
CANON-NSK-C875,NSK,EX Series(コントラアングル),MODERATION,,VARIANT_LABEL_REQUIRED | PHOTO_REQUIRED | EXACT_KZ_SKU_EVIDENCE_REQUIRED,PHOTO_REQUIRED,C875 | C032002 | C187 | C235 | C547 | C882 | C765001 | C100008 | C634 | C635 | C636,https://www.japan.nsk-dental.com/products/contra-angles/contra-ex/
CANON-NSK-NSK-HEADS,NSK,Heads,MODERATION,,MANUFACTURER_REFERENCE_REQUIRED | PHOTO_REQUIRED | EXACT_KZ_SKU_EVIDENCE_REQUIRED,PHOTO_REQUIRED,,https://www.japan.nsk-dental.com/products/heads/
CANON-NSK-Y1002794,NSK,iCare,MODERATION,,PHOTO_REVIEW_REQUIRED | EXACT_KZ_SKU_EVIDENCE_REQUIRED,SHARED_IMAGE_REVIEW_REQUIRED,Y1002794 | Y1002795,https://www.japan.nsk-dental.com/products/hygiene_and_maintenance/maintenace-icare/
CANON-NSK-NSK-ICARE,NSK,iCare,MODERATION,,MANUFACTURER_REFERENCE_REQUIRED | PHOTO_REVIEW_REQUIRED | EXACT_KZ_SKU_EVIDENCE_REQUIRED,SHARED_IMAGE_REVIEW_REQUIRED,,https://www.japan.nsk-dental.com/products/hygiene_and_maintenance/icare/
CANON-NSK-Z1027001,NSK,Surgic Pro+(オーラルサージェリー),MODERATION,,VARIANT_LABEL_REQUIRED | PHOTO_REQUIRED | EXACT_KZ_SKU_EVIDENCE_REQUIRED,PHOTO_REQUIRED,Z1027001 | Z299 | Y1001952,https://www.japan.nsk-dental.com/products/surgical/surgical-surgicproplus/
CANON-NSK-NSK-ENDO-CONTRA,NSK,エンド用コントラアングル(根幹治療),MODERATION,,MANUFACTURER_REFERENCE_REQUIRED | PHOTO_REQUIRED | EXACT_KZ_SKU_EVIDENCE_REQUIRED,PHOTO_REQUIRED,,https://www.japan.nsk-dental.com/products/endodontics/endo-contra/
CANON-NSK-NSK-AS-TIPS-SCALING,NSK,スケーリング(エアースケーラーチップ),MODERATION,,MANUFACTURER_REFERENCE_REQUIRED | PHOTO_REQUIRED | EXACT_KZ_SKU_EVIDENCE_REQUIRED,PHOTO_REQUIRED,,https://www.japan.nsk-dental.com/products/oral-hygiene/oral-airscaler_tips/as_tips_scaling/
CANON-NSK-NSK-AS-TIPS-SONICBRUSH,NSK,ソニックブラシ,MODERATION,,MANUFACTURER_REFERENCE_REQUIRED | PHOTO_REQUIRED | EXACT_KZ_SKU_EVIDENCE_REQUIRED,PHOTO_REQUIRED,,https://www.japan.nsk-dental.com/products/oral-hygiene/oral-airscaler_tips/as_tips_sonicbrush/
CANON-NSK-NSK-AS-TIPS-PERIO,NSK,ぺリオチップ(エアースケーラーチップ),MODERATION,,MANUFACTURER_REFERENCE_REQUIRED | PHOTO_REQUIRED | EXACT_KZ_SKU_EVIDENCE_REQUIRED,PHOTO_REQUIRED,,https://www.japan.nsk-dental.com/products/oral-hygiene/oral-airscaler_tips/as_tips_perio/
CANON-NSK-NSK-SGA-ES,NSK,リダイレクト中...,MODERATION,,MANUFACTURER_REFERENCE_REQUIRED | PHOTO_REQUIRED | EXACT_KZ_SKU_EVIDENCE_REQUIRED,PHOTO_REQUIRED,,https://www.japan.nsk-dental.com/products/surgical/surgical_handpieces/micro_surgery/sga-es/
CANON-NSK-NSK-SGO2-E,NSK,リダイレクト中...,MODERATION,,MANUFACTURER_REFERENCE_REQUIRED | PHOTO_REQUIRED | EXACT_KZ_SKU_EVIDENCE_REQUIRED,PHOTO_REQUIRED,,https://www.japan.nsk-dental.com/products/surgical/surgical_handpieces/micro_saw/sgo2-e/
CANON-NSK-NSK-EX,NSK,リダイレクト中...,MODERATION,,MANUFACTURER_REFERENCE_REQUIRED | PHOTO_REQUIRED | EXACT_KZ_SKU_EVIDENCE_REQUIRED,PHOTO_REQUIRED,,https://www.japan.nsk-dental.com/products/contra-angles/ex/
CANON-NSK-NSK-SGA-E2S,NSK,リダイレクト中...,MODERATION,,MANUFACTURER_REFERENCE_REQUIRED | PHOTO_REQUIRED | EXACT_KZ_SKU_EVIDENCE_REQUIRED,PHOTO_REQUIRED,,https://www.japan.nsk-dental.com/products/surgical/surgical_handpieces/micro_surgery/sga-e2s/
CANON-NSK-NSK-EZ-SPRAY,NSK,リダイレクト中...,MODERATION,,MANUFACTURER_REFERENCE_REQUIRED | PHOTO_REQUIRED | EXACT_KZ_SKU_EVIDENCE_REQUIRED,PHOTO_REQUIRED,,https://www.japan.nsk-dental.com/products/ez-spray/
CANON-NSK-NSK-AS-TIPS-RESTORATIVE-V-TIP-FOR-MI,NSK,初期う蝕除去Vチップ(エアースケーラーチップ),MODERATION,,MANUFACTURER_REFERENCE_REQUIRED | PHOTO_REQUIRED | EXACT_KZ_SKU_EVIDENCE_REQUIRED,PHOTO_REQUIRED,,https://www.japan.nsk-dental.com/products/oral-hygiene/oral-airscaler_tips/as_tips_restorative_v_tip_for_mi/
CANON-NSK-NSK-AS-TIPS-RESTORATIVE-FOR-MI,NSK,初期う蝕除去用チップ(エアスケーラーチップ),MODERATION,,MANUFACTURER_REFERENCE_REQUIRED | PHOTO_REQUIRED | EXACT_KZ_SKU_EVIDENCE_REQUIRED,PHOTO_REQUIRED,,https://www.japan.nsk-dental.com/products/oral-hygiene/oral-airscaler_tips/as_tips_restorative_for_mi/
CANON-NSK-NSK-US-TIPS-RESTORATIVE-V-TIP,NSK,初期う蝕除去用超音波スケーラーチップ(Vチップ),MODERATION,,MANUFACTURER_REFERENCE_REQUIRED | PHOTO_REQUIRED | EXACT_KZ_SKU_EVIDENCE_REQUIRED,PHOTO_REQUIRED,,https://www.japan.nsk-dental.com/products/oral-hygiene/oral-varios_ultrascaler_tips/us_tips_restorative_v_tip/
CANON-NSK-NSK-AS-TIPS-RESTORATIVE-FOR-PREPARATION-OF-CROWN-CORES,NSK,形成チップ(エアースケーラーチップ),MODERATION,,MANUFACTURER_REFERENCE_REQUIRED | PHOTO_REQUIRED | EXACT_KZ_SKU_EVIDENCE_REQUIRED,PHOTO_REQUIRED,,https://www.japan.nsk-dental.com/products/oral-hygiene/oral-airscaler_tips/as_tips_restorative_for_preparation_of_crown_cores/
CANON-NSK-NSK-AS-TIPS-ENDODONTICS-V-TIP,NSK,根管洗浄用Vチップ(エアースケーラーチップ),MODERATION,,MANUFACTURER_REFERENCE_REQUIRED | PHOTO_REQUIRED | EXACT_KZ_SKU_EVIDENCE_REQUIRED,PHOTO_REQUIRED,,https://www.japan.nsk-dental.com/products/oral-hygiene/oral-airscaler_tips/as_tips_endodontics_v_tip/
CANON-NSK-Z217212,NSK,超音波スケーラー用チップ(超音波スケーラー),MODERATION,,VARIANT_LABEL_REQUIRED | PHOTO_REQUIRED | EXACT_KZ_SKU_EVIDENCE_REQUIRED,PHOTO_REQUIRED,Z217212 | Z217213 | Z217210 | Z217211 | Y900149,https://www.japan.nsk-dental.com/products/oral-hygiene/oral-varios_ultrascaler_tips/
CANON-NSK-NSK-US-TIPS-RETROGRADE-ENDO,NSK,逆根管充填用窩洞形成 超音波スケーラーチップ,MODERATION,,MANUFACTURER_REFERENCE_REQUIRED | PHOTO_REQUIRED | EXACT_KZ_SKU_EVIDENCE_REQUIRED,PHOTO_REQUIRED,,https://www.japan.nsk-dental.com/products/oral-hygiene/oral-varios_ultrascaler_tips/us_tips_retrograde_endo/
CANON-OSSTEM-3D-RENTGEN-APPARAT-T1-1,Osstem,3d рентген аппарат t1 1,MODERATION,,MANUFACTURER_REFERENCE_REQUIRED | PHOTO_REQUIRED,PHOTO_REQUIRED,,https://osstem.kz/oborudovanie-/3d-rentgen-apparat-t1/3d-rentgen-apparat-t1-1
CANON-OSSTEM-ABATMENT-RIGID,Osstem,Абатмент RIGID,MODERATION,,MANUFACTURER_REFERENCE_REQUIRED | PHOTO_REQUIRED,PHOTO_REQUIRED,,https://osstem.kz/sistema-implantatov-/protetika/abatment-rigid
CANON-OSSTEM-IMPLANTAT-ETIII-NH,Osstem,Имплантат ETIII NH,MODERATION,,MANUFACTURER_REFERENCE_REQUIRED | PHOTO_REQUIRED,PHOTO_REQUIRED,,https://osstem.kz/sistema-implantatov-/implantaty-et/implantat-etiii-nh
CANON-OSSTEM-ORTODONTICHESKIJ-VINT-S-GOLOVKOJ-DLYA-BREKETOV,Osstem,Ортодонтический винт S головкой для брекетов,MODERATION,,MANUFACTURER_REFERENCE_REQUIRED | PHOTO_REQUIRED,PHOTO_REQUIRED,,https://osstem.kz/ortodontiya-/ort-vint-s-golovkoj-dlya-breketov/ortodonticheskij-vint-s-golovkoj-dlya-breketov
CANON-OSSTEM-ORTODONTICHESKIJ-VINT-S-MALOJ-GOLOVKOJ,Osstem,Ортодонтический винт S малой головкой,MODERATION,,MANUFACTURER_REFERENCE_REQUIRED | PHOTO_REQUIRED,PHOTO_REQUIRED,,https://osstem.kz/ortodontiya-/ort-vint-s-maloj-golovkoj/ortodonticheskij-vint-s-maloj-golovkoj
CANON-OSSTEM-ORTODONTICHESKIJ-VINT-S-OBYCHNOJ-GOLOVKOJ,Osstem,Ортодонтический винт S обычной головкой,MODERATION,,MANUFACTURER_REFERENCE_REQUIRED | PHOTO_REQUIRED,PHOTO_REQUIRED,,https://osstem.kz/ortodontiya-/ort-vint-s-obychnoj-golovkoj/ortodonticheskij-vint-s-obychnoj-golovkoj
CANON-OSSTEM-ORTODONTICHESKIJ-VINT-S-OTVERSTIEM,Osstem,Ортодонтический винт S отверстием,MODERATION,,MANUFACTURER_REFERENCE_REQUIRED | PHOTO_REQUIRED,PHOTO_REQUIRED,,https://osstem.kz/ortodontiya-/ort-vint-s-otverstiem/ortodonticheskij-vint-s-otverstiem
CANON-OSSTEM-STOMATOLOGICHESKAYA-USTANOVKA-K3,Osstem,Стоматологическая установка k3,MODERATION,,MANUFACTURER_REFERENCE_REQUIRED | PHOTO_REQUIRED,PHOTO_REQUIRED,,https://osstem.kz/oborudovanie-/stomatologicheskaya-ustanovka-kz/stomatologicheskaya-ustanovka-k3
CANON-OSSTEM-UGLOVOJ-ABATMENT-MULTI,Osstem,угловой Абатмент MULTI,MODERATION,,MANUFACTURER_REFERENCE_REQUIRED | PHOTO_REQUIRED,PHOTO_REQUIRED,,https://osstem.kz/sistema-implantatov-/protetika/uglovoj-abatment-multi
CANON-OSSTEM-UGLOVOJ-ABATMENT-PORT,Osstem,угловой Абатмент PORT,MODERATION,,MANUFACTURER_REFERENCE_REQUIRED | PHOTO_REQUIRED,PHOTO_REQUIRED,,https://osstem.kz/sistema-implantatov-/protetika/uglovoj-abatment-port
CANON-OSSTEM-UGLOVOJ-CIRKONIEVYJ-ABATMENT-ZIOSERA,Osstem,угловой Циркониевый Абатмент ZIOSERA,MODERATION,,MANUFACTURER_REFERENCE_REQUIRED | PHOTO_REQUIRED,PHOTO_REQUIRED,,https://osstem.kz/sistema-implantatov-/protetika/uglovoj-cirkonievyj-abatment-ziosera
CANON-OSSTEM-CIRKONIEVYJ-ABATMENT-ZIOSERA,Osstem,Циркониевый Абатмент ZIOSERA,MODERATION,,MANUFACTURER_REFERENCE_REQUIRED | PHOTO_REQUIRED,PHOTO_REQUIRED,,https://osstem.kz/sistema-implantatov-/protetika/cirkonievyj-abatment-ziosera
CANON-OSSTEM-ONE-GUIDE-KIT,Osstem,ONE GUIDE KIT,MODERATION,,MANUFACTURER_REFERENCE_REQUIRED | PHOTO_REQUIRED,PHOTO_REQUIRED,,https://osstem.kz/hirurgicheskie-nabory-/hirurgiya-po-shablonam/one-guide-kit
CANON-OSSTEM-ORP-KIT,Osstem,ORP KIT,MODERATION,,MANUFACTURER_REFERENCE_REQUIRED | PHOTO_REQUIRED,PHOTO_REQUIRED,,https://osstem.kz/hirurgicheskie-nabory-/dlya-ortodonticheskoj-hirurgii/orp-kit
CANON-OSSTEM-OSSTEM-GLOBAL-CANON-OSSTEM-OSSBUILDER,Osstem,OSSBUILDER,MODERATION,,MANUFACTURER_REFERENCE_REQUIRED | PHOTO_REVIEW_REQUIRED | EXACT_KZ_SKU_EVIDENCE_REQUIRED,SHARED_IMAGE_REVIEW_REQUIRED,,https://www.osstem.ru/surgery-kits/bone-plastic/ossbuilder-kit/
CANON-OSSTEM-OSSTEM-GLOBAL-CANON-OSSTEM-OSSBUILDER-KIT,Osstem,OSSBUILDER KIT,MODERATION,,MANUFACTURER_REFERENCE_REQUIRED | PHOTO_REVIEW_REQUIRED | EXACT_KZ_SKU_EVIDENCE_REQUIRED,SHARED_IMAGE_REVIEW_REQUIRED,,https://www.osstem.ru/surgery-kits/bone-plastic/ossbuilder-kit/
CANON-OSSTEM-PROSTHETIC-KIT,Osstem,PROSTHETIC KIT,MODERATION,,MANUFACTURER_REFERENCE_REQUIRED | PHOTO_REQUIRED,PHOTO_REQUIRED,,https://osstem.kz/hirurgicheskie-nabory-/dlya-protezirovaniya/prosthetic-kit
CANON-OSSTEM-PROSTHETIC-SIMPLE-KIT,Osstem,PROSTHETIC SIMPLE KIT,MODERATION,,MANUFACTURER_REFERENCE_REQUIRED | PHOTO_REQUIRED,PHOTO_REQUIRED,,https://osstem.kz/hirurgicheskie-nabory-/dlya-protezirovaniya/prosthetic-simple-kit
CANON-OSSTEM-SMARTGUIDE-KIT,Osstem,SMARTGUIDE KIT,MODERATION,,MANUFACTURER_REFERENCE_REQUIRED | PHOTO_REQUIRED,PHOTO_REQUIRED,,https://osstem.kz/hirurgicheskie-nabory-/hirurgiya-po-shablonam/smartguide-kit
CANON-OSSTEM-SNAP-WIRED,Osstem,SNAP WIRED,MODERATION,,MANUFACTURER_REFERENCE_REQUIRED | PHOTO_REQUIRED,PHOTO_REQUIRED,,https://osstem.kz/oborudovanie-/vnutrirotovaya-kamera-snap/snap-wired
CANON-OSSTEM-TAPER-KIT,Osstem,TAPER KIT,MODERATION,,MANUFACTURER_REFERENCE_REQUIRED | PHOTO_REQUIRED,PHOTO_REQUIRED,,https://osstem.kz/hirurgicheskie-nabory-/dlya-ustanovki-implantatov/taper-kit
CANON-OSSTEM-THE-GRAFT,Osstem,THE GRAFT,MODERATION,,MANUFACTURER_REFERENCE_REQUIRED | PHOTO_REQUIRED,PHOTO_REQUIRED,,https://osstem.kz/nkr-11/kostnyj-material/the-graft
CANON-OSSTEM-ULTRA-KIT,Osstem,ULTRA KIT,MODERATION,,MANUFACTURER_REFERENCE_REQUIRED | PHOTO_REQUIRED,PHOTO_REQUIRED,,https://osstem.kz/hirurgicheskie-nabory-/dlya-ustanovki-implantatov/ultra-kit
CANON-OSSTEM-V-CEPH,Osstem,V CEPH,MODERATION,,MANUFACTURER_REFERENCE_REQUIRED | PHOTO_REQUIRED,PHOTO_REQUIRED,,https://osstem.kz/ortodontiya-/programma-v-ceph/v-ceph
CANON-OSSTEM-XIRURGICHESKIE-INSTRUMENTY,Osstem,XIRURGICHESKIE инструменты,MODERATION,,MANUFACTURER_REFERENCE_REQUIRED | PHOTO_REQUIRED,PHOTO_REQUIRED,,https://osstem.kz/hirurgicheskie-nabory-/hirurgicheskie-instrumenty/xirurgicheskie-instrumenty
CANON-OSUNG-MND-1190-2PLGOR1,OSUNG MND,"Amalgam Plugger, Autoclavable Silicone Handle, OR1",MODERATION,,PHOTO_REVIEW_REQUIRED | EXACT_KZ_SKU_EVIDENCE_REQUIRED,GENERIC_ASSET_REJECTED,1190-2PLGOR1,https://osungusa.com/products/amalgam-plugger-autoclavable-silicone-handle-or1
CANON-OSUNG-MND-1191-2PLGOR3,OSUNG MND,"Amalgam Plugger, Autoclavable Silicone Handle, OR3",MODERATION,,PHOTO_REVIEW_REQUIRED | EXACT_KZ_SKU_EVIDENCE_REQUIRED,GENERIC_ASSET_REJECTED,1191-2PLGOR3,https://osungusa.com/products/amalgam-plugger-autoclavable-silicone-handle-or3
CANON-OSUNG-MND-137SSPLG0-1,OSUNG MND,"Amalgam Plugger, Autoclavable Silicone Handle, PLG 0-1",MODERATION,,PHOTO_REVIEW_REQUIRED | EXACT_KZ_SKU_EVIDENCE_REQUIRED,GENERIC_ASSET_REJECTED,137SsPLG0-1,https://osungusa.com/products/amalgam-plugger-autoclavable-silicone-handle-plg-0-1
CANON-OSUNG-MND-75SS-HSA12-13,OSUNG MND,"Anterior Hoe Scaler HSA12-13, Autoclavable Silicone Handle",MODERATION,,PHOTO_REVIEW_REQUIRED | EXACT_KZ_SKU_EVIDENCE_REQUIRED,GENERIC_ASSET_REJECTED,75Ss HSA12-13,https://osungusa.com/products/anterior-hoe-scaler-hsa12-13-autoclavable-silicone-handle
CANON-OSUNG-MND-886-SH2C,OSUNG MND,"Autoclavable Silicone Scalpel Handle, Curved Size #3",MODERATION,,PHOTO_REVIEW_REQUIRED | EXACT_KZ_SKU_EVIDENCE_REQUIRED,GENERIC_ASSET_REJECTED,886-SH2C,https://osungusa.com/products/autoclavable-silicone-scalpel-handle-curved
CANON-OSUNG-MND-885-SH2S,OSUNG MND,"Autoclavable Silicone Scalpel Handle, SH2S size #3",MODERATION,,PHOTO_REVIEW_REQUIRED | EXACT_KZ_SKU_EVIDENCE_REQUIRED,GENERIC_ASSET_REJECTED,885-SH2S,https://osungusa.com/products/autoclavable-silicone-scalpel-handle-sh2s
CANON-OSUNG-MND-121SSCMCOM13,OSUNG MND,"Composite Instrument, Autoclavable Silicone Handle, 2CSCOM13",MODERATION,,PHOTO_REVIEW_REQUIRED | EXACT_KZ_SKU_EVIDENCE_REQUIRED,GENERIC_ASSET_REJECTED,121SsCMCOM13,https://osungusa.com/products/composite-instrument-autoclavable-silicone-handle-2cscom13
CANON-OSUNG-MND-110SSCMCT1,OSUNG MND,"Composite Instrument, Autoclavable Silicone Handle, 2CSCT1",MODERATION,,PHOTO_REVIEW_REQUIRED | EXACT_KZ_SKU_EVIDENCE_REQUIRED,GENERIC_ASSET_REJECTED,110SsCMCT1,https://osungusa.com/products/composite-instrument-autoclavable-silicone-handle-2csct1
CANON-OSUNG-MND-115SSCMCT6,OSUNG MND,"Composite Instrument, Autoclavable Silicone Handle, 2CSCT6",MODERATION,,PHOTO_REVIEW_REQUIRED | EXACT_KZ_SKU_EVIDENCE_REQUIRED,GENERIC_ASSET_REJECTED,115SsCMCT6,https://osungusa.com/products/composite-instrument-autoclavable-silicone-handle-2csct6
CANON-OSUNG-MND-116SSCMCT7,OSUNG MND,"Composite Instrument, Autoclavable Silicone Handle, 2CSCT7",MODERATION,,PHOTO_REVIEW_REQUIRED | EXACT_KZ_SKU_EVIDENCE_REQUIRED,GENERIC_ASSET_REJECTED,116SsCMCT7,https://osungusa.com/products/composite-instrument-autoclavable-silicone-handle-2csct7
CANON-OSUNG-MND-120SSCMCOM12,OSUNG MND,"Composite Instrument, Autoclavable Silicone Handle, COM 12",MODERATION,,PHOTO_REVIEW_REQUIRED | EXACT_KZ_SKU_EVIDENCE_REQUIRED,GENERIC_ASSET_REJECTED,120SsCMCOM12,https://osungusa.com/products/composite-instrument-autoclavable-silicone-handle-com-12
CANON-OSUNG-MND-111SSCMCT2,OSUNG MND,"Composite Instrument, Autoclavable Silicone Handle, CT 2",MODERATION,,PHOTO_REVIEW_REQUIRED | EXACT_KZ_SKU_EVIDENCE_REQUIRED,GENERIC_ASSET_REJECTED,111SsCMCT2,https://osungusa.com/products/composite-instrument-autoclavable-silicone-handle-ct-2
CANON-OSUNG-MND-112SSCMCT3,OSUNG MND,"Composite Instrument, Autoclavable Silicone Handle, CT 3",MODERATION,,PHOTO_REVIEW_REQUIRED | EXACT_KZ_SKU_EVIDENCE_REQUIRED,GENERIC_ASSET_REJECTED,112SsCMCT3,https://osungusa.com/products/composite-instrument-autoclavable-silicone-handle-ct-3
CANON-OSUNG-MND-113SSCMCT4,OSUNG MND,"Composite Instrument, Autoclavable Silicone Handle, CT 4",MODERATION,,PHOTO_REVIEW_REQUIRED | EXACT_KZ_SKU_EVIDENCE_REQUIRED,GENERIC_ASSET_REJECTED,113SsCMCT4,https://osungusa.com/products/composite-instrument-autoclavable-silicone-handle-ct-4
CANON-OSUNG-MND-114SSCMCT5,OSUNG MND,"Composite Instrument, Autoclavable Silicone Handle, CT 5",MODERATION,,PHOTO_REVIEW_REQUIRED | EXACT_KZ_SKU_EVIDENCE_REQUIRED,GENERIC_ASSET_REJECTED,114SsCMCT5,https://osungusa.com/products/composite-instrument-autoclavable-silicone-handle-ct-5
CANON-OSUNG-MND-118SSCMCT9,OSUNG MND,"Composite Instrument, Autoclavable Silicone Handle, CT 9",MODERATION,,PHOTO_REVIEW_REQUIRED | EXACT_KZ_SKU_EVIDENCE_REQUIRED,GENERIC_ASSET_REJECTED,118SsCMCT9,https://osungusa.com/products/composite-instrument-autoclavable-silicone-handle-ct-9
CANON-OSUNG-MND-1371-2CSAT6,OSUNG MND,"Composite instrument, Silicone handle, 2CSAT6",MODERATION,,PHOTO_REVIEW_REQUIRED | EXACT_KZ_SKU_EVIDENCE_REQUIRED,GENERIC_ASSET_REJECTED,1371-2CSAT6,https://osungusa.com/products/composite-instrument-silicone-handle-2csat6
CANON-OSUNG-MND-1316-2CSCT10,OSUNG MND,"Composite Instrument, Silicone handle, 2CSCT10",MODERATION,,PHOTO_REVIEW_REQUIRED | EXACT_KZ_SKU_EVIDENCE_REQUIRED,GENERIC_ASSET_REJECTED,1316-2CSCT10,https://osungusa.com/products/composite-instrument-silicone-handle-2csct10
CANON-OSUNG-MND-1428-2CSCOM2,OSUNG MND,"Composite Instrument, Titanium coated, Silicone Handle / Double-end COM2, 2CSCOM2",MODERATION,,PHOTO_REVIEW_REQUIRED | EXACT_KZ_SKU_EVIDENCE_REQUIRED,GENERIC_ASSET_REJECTED,1428-2CSCOM2,https://osungusa.com/products/composite-instrument-titanium-coated-silicone-handle-double-end-com2-2cscom2
CANON-OSUNG-MND-1431-2CSCOM5,OSUNG MND,"Composite Instrument, Titanium coated, Silicone Handle / Double-end COM5, 2CSCOM5",MODERATION,,PHOTO_REVIEW_REQUIRED | EXACT_KZ_SKU_EVIDENCE_REQUIRED,GENERIC_ASSET_REJECTED,1431-2CSCOM5,https://osungusa.com/products/composite-instrument-titanium-coated-silicone-handle-double-end-com5-2cscom5
CANON-RAY-RAY-5D-SOLUTION,RAY,5D Solution,MODERATION,,MANUFACTURER_REFERENCE_REQUIRED | PHOTO_REQUIRED | EXACT_KZ_SKU_EVIDENCE_REQUIRED,PHOTO_REQUIRED,,https://connect.raymedical.com/en/browse/5D%20Solution
CANON-RAY-RAY-5D-SW,RAY,5D SW,MODERATION,,MANUFACTURER_REFERENCE_REQUIRED | PHOTO_REQUIRED | EXACT_KZ_SKU_EVIDENCE_REQUIRED,PHOTO_REQUIRED,,https://connect.raymedical.com/en/browse/Software/5D%20SW
CANON-RAY-RAY-OCS,RAY,OCS,REJECT,INVALID_PRODUCT_IDENTITY,MANUFACTURER_REFERENCE_REQUIRED | PHOTO_REQUIRED | EXACT_KZ_SKU_EVIDENCE_REQUIRED,PHOTO_REQUIRED,,https://connect.raymedical.com/en/browse/Ceph/OCS
CANON-RAY-RAY-RAYDENT-SW,RAY,RAYDENT SW,MODERATION,,MANUFACTURER_REFERENCE_REQUIRED | PHOTO_REQUIRED | EXACT_KZ_SKU_EVIDENCE_REQUIRED,PHOTO_REQUIRED,,https://connect.raymedical.com/en/browse/Software/RAYDENT%20SW
CANON-RAY-RAY-RAYTEAMS,RAY,RAYTeams,MODERATION,,MANUFACTURER_REFERENCE_REQUIRED | PHOTO_REQUIRED | EXACT_KZ_SKU_EVIDENCE_REQUIRED,PHOTO_REQUIRED,,https://connect.raymedical.com/en/browse/Software/RAYTeams
CANON-RAY-RAY-SCAN-CEPH-I,RAY,Scan ceph(i),MODERATION,,MANUFACTURER_REFERENCE_REQUIRED | PHOTO_REQUIRED | EXACT_KZ_SKU_EVIDENCE_REQUIRED,PHOTO_REQUIRED,,https://connect.raymedical.com/en/browse/Ceph/Scan%20ceph(i)
CANON-REVYLINE-3269,Revyline,Бальзам для полости рта концентрат,MODERATION,,PHOTO_REVIEW_REQUIRED,GENERIC_ASSET_REJECTED,3269,https://revyline.kz/profilaktika/balzamy/balzam-dlya-polosti-rta-koncentrat
CANON-REVYLINE-3186,Revyline,Бальзам для полости рта Лечебные травы,MODERATION,,PHOTO_REVIEW_REQUIRED,GENERIC_ASSET_REJECTED,3186,https://revyline.kz/profilaktika/balzamy/balzam-dlya-polosti-rta-lechebnye-travy
CANON-REVYLINE-3187,Revyline,Бальзам для полости рта Отбеливающий,MODERATION,,PHOTO_REVIEW_REQUIRED,GENERIC_ASSET_REJECTED,3187,https://revyline.kz/profilaktika/balzamy/balzam-dlya-polosti-rta-otbelivayushchiy
CANON-REVYLINE-3792,Revyline,Бальзам для полости рта Прополис,MODERATION,,PHOTO_REVIEW_REQUIRED,GENERIC_ASSET_REJECTED,3792,https://revyline.kz/profilaktika/balzamy/balzam-dlya-polosti-rta-propolis
CANON-SEPTODONT-CUIDADO-PREVENTIVO-DETARTRINE,Septodont,Detartrine,MODERATION,,CATEGORY_REQUIRED | MANUFACTURER_REFERENCE_REQUIRED | PHOTO_REVIEW_REQUIRED | EXACT_KZ_SKU_EVIDENCE_REQUIRED,SHARED_IMAGE_REVIEW_REQUIRED,,https://www.septodont.es/product/cuidado-preventivo-detartrine/
CANON-SEPTODONT-DETARTRINE-Z,Septodont,Detartrine Z,MODERATION,,CATEGORY_REQUIRED | MANUFACTURER_REFERENCE_REQUIRED | PHOTO_REVIEW_REQUIRED | EXACT_KZ_SKU_EVIDENCE_REQUIRED,SHARED_IMAGE_REVIEW_REQUIRED,,https://www.septodont.es/product/detartrine-z/
CANON-SEPTODONT-ENDODONCIA-R4PLUS,Septodont,R4+,REJECT,INVALID_PRODUCT_IDENTITY,CATEGORY_REQUIRED | MANUFACTURER_REFERENCE_REQUIRED | EXACT_KZ_SKU_EVIDENCE_REQUIRED,EXACT_SOURCE_SINGLE_CARD,,https://www.septodont.es/product/endodoncia-r4plus/
CANON-SHENZHEN-PERFECT-DENTI-KZ-SHENZHEN-PERFECT-9958,Shenzhen Perfect,Инструменты машинные MG3,MODERATION,,MANUFACTURER_REFERENCE_REQUIRED | PHOTO_REVIEW_REQUIRED,SHARED_IMAGE_REVIEW_REQUIRED,,https://denti.kz/orders/blank_zakaza/terapiya-i-endodontiya/endofayly/instrumenty-mashinnye-mg3/
CANON-SHENZHEN-PERFECT-DENTI-KZ-SHENZHEN-PERFECT-9972,Shenzhen Perfect,Инструменты машинные MG3 (20/G1 25/G2 35G3 P1 P2 Starter),MODERATION,,MANUFACTURER_REFERENCE_REQUIRED | PHOTO_REVIEW_REQUIRED,SHARED_IMAGE_REVIEW_REQUIRED,,https://denti.kz/orders/blank_zakaza/terapiya-i-endodontiya/endofayly/instrumenty-mashinnye-mg3-20-g1-25-g2-35g3-p1-p2-starter/
CANON-SHENZHEN-PERFECT-DENTI-KZ-SHENZHEN-PERFECT-9961,Shenzhen Perfect,Инструменты машинные TG-6 L25 TG6 Rotary V0-T3,MODERATION,,MANUFACTURER_REFERENCE_REQUIRED | PHOTO_REVIEW_REQUIRED,SHARED_IMAGE_REVIEW_REQUIRED,,https://denti.kz/orders/blank_zakaza/terapiya-i-endodontiya/endofayly/instrumenty-mashinnye-tg-6-l25-tg6-rotary-v0-t3/
CANON-SHENZHEN-PERFECT-DENTI-KZ-SHENZHEN-PERFECT-9966,Shenzhen Perfect,Инструменты машинные TG6 V0-T3,MODERATION,,MANUFACTURER_REFERENCE_REQUIRED | PHOTO_REVIEW_REQUIRED,SHARED_IMAGE_REVIEW_REQUIRED,,https://denti.kz/orders/blank_zakaza/terapiya-i-endodontiya/endofayly/instrumenty-mashinnye-tg6-v0-t3/
CANON-SHENZHEN-PERFECT-DENTI-KZ-SHENZHEN-PERFECT-9970,Shenzhen Perfect,Инструменты машинные V-BLUE,MODERATION,,MANUFACTURER_REFERENCE_REQUIRED | PHOTO_REVIEW_REQUIRED,SHARED_IMAGE_REVIEW_REQUIRED,,https://denti.kz/orders/blank_zakaza/terapiya-i-endodontiya/endofayly/instrumenty-mashinnye-v-blue/
CANON-SHENZHEN-PERFECT-DENTI-KZ-SHENZHEN-PERFECT-9968,Shenzhen Perfect,Инструменты машинные V-BLUE 15-40,MODERATION,,MANUFACTURER_REFERENCE_REQUIRED | PHOTO_REVIEW_REQUIRED,SHARED_IMAGE_REVIEW_REQUIRED,,https://denti.kz/orders/blank_zakaza/terapiya-i-endodontiya/endofayly/instrumenty-mashinnye-v-blue-15-40/
CANON-SHENZHEN-PERFECT-DENTI-KZ-SHENZHEN-PERFECT-9973,Shenzhen Perfect,Инструменты ручные NITI Reamers,MODERATION,,MANUFACTURER_REFERENCE_REQUIRED | PHOTO_REVIEW_REQUIRED,SHARED_IMAGE_REVIEW_REQUIRED,,https://denti.kz/orders/blank_zakaza/terapiya-i-endodontiya/endofayly/instrumenty-ruchnye-niti-reamers/
CANON-SHENZHEN-PERFECT-DENTI-KZ-SHENZHEN-PERFECT-9969,Shenzhen Perfect,Инструменты ручные NITI Reamers 15-40,MODERATION,,MANUFACTURER_REFERENCE_REQUIRED | PHOTO_REVIEW_REQUIRED,SHARED_IMAGE_REVIEW_REQUIRED,,https://denti.kz/orders/blank_zakaza/terapiya-i-endodontiya/endofayly/instrumenty-ruchnye-niti-reamers-15-40/
CANON-SOLVENTUM-7100042753,Solventum,3MTM Base,MODERATION,,VARIANT_LABEL_REQUIRED | PHOTO_REQUIRED | EXACT_KZ_SKU_EVIDENCE_REQUIRED,PHOTO_REQUIRED,7100042753 | 7100042756 | 7100368737,https://www.solventum.com/en-us/home/f/b10097981/
CANON-SOLVENTUM-7100042946,Solventum,3MTM Basic Parts,MODERATION,,PHOTO_REQUIRED | EXACT_KZ_SKU_EVIDENCE_REQUIRED,PHOTO_REQUIRED,7100042946,https://www.solventum.com/en-us/home/f/b10210940/
CANON-SOLVENTUM-7100005185,Solventum,3MTM Cable Loom Starter Button,MODERATION,,PHOTO_REQUIRED | EXACT_KZ_SKU_EVIDENCE_REQUIRED,PHOTO_REQUIRED,7100005185,https://www.solventum.com/en-us/home/f/b10180083/
CANON-SOLVENTUM-7100004747,Solventum,3MTM Case,MODERATION,,VARIANT_LABEL_REQUIRED | PHOTO_REQUIRED | EXACT_KZ_SKU_EVIDENCE_REQUIRED,PHOTO_REQUIRED,7100004747 | 7100005121 | 7100005127 | 7100042751 | 7000132037 | 7000132036 | 7000132035 | 7000132008,https://www.solventum.com/en-us/home/f/b00045264/
CANON-SOLVENTUM-7000132043,Solventum,3MTM Case Bottom Handpiece,MODERATION,,PHOTO_REQUIRED | EXACT_KZ_SKU_EVIDENCE_REQUIRED,PHOTO_REQUIRED,7000132043,https://www.solventum.com/en-us/home/f/b10157527/
CANON-SOLVENTUM-7100156372,Solventum,3MTM ClinproTM Sealant,MODERATION,,VARIANT_LABEL_REQUIRED | PHOTO_REVIEW_REQUIRED | EXACT_KZ_SKU_EVIDENCE_REQUIRED,SHARED_IMAGE_REVIEW_REQUIRED,7100156372 | 7100156257 | 7100111839 | 7100111779,https://www.solventum.com/en-us/home/f/b10276208/
CANON-SOLVENTUM-B00005793,Solventum,"3MTM ClinproTM Sealant Introductory Kit, 12600 Series",MODERATION,,MANUFACTURER_REFERENCE_REQUIRED | PHOTO_REVIEW_REQUIRED | EXACT_KZ_SKU_EVIDENCE_REQUIRED,SHARED_IMAGE_REVIEW_REQUIRED,,https://www.solventum.com/en-us/home/f/b00005793/
CANON-SOLVENTUM-7000054291,Solventum,"3MTM ConciseTM Orthodontic Bonding System, 1930",MODERATION,,PHOTO_REQUIRED | EXACT_KZ_SKU_EVIDENCE_REQUIRED,PHOTO_REQUIRED,7000054291,https://www.solventum.com/en-us/home/f/b00045416/
CANON-SOLVENTUM-7000132047,Solventum,3MTM Cover Charger Connector,MODERATION,,PHOTO_REQUIRED | EXACT_KZ_SKU_EVIDENCE_REQUIRED,PHOTO_REQUIRED,7000132047,https://www.solventum.com/en-us/home/f/b10157531/
CANON-SOLVENTUM-7100075828,Solventum,3MTM DeepCure Case Top,MODERATION,,PHOTO_REQUIRED | EXACT_KZ_SKU_EVIDENCE_REQUIRED,PHOTO_REQUIRED,7100075828,https://www.solventum.com/en-us/home/f/b10241462/
CANON-SOLVENTUM-7000054666,Solventum,"3MTM Elastomer Syringe Knurled Hub Cap Refill, 71043",MODERATION,,PHOTO_REVIEW_REQUIRED | EXACT_KZ_SKU_EVIDENCE_REQUIRED,SHARED_IMAGE_REVIEW_REQUIRED,7000054666,https://www.solventum.com/en-us/home/f/b00034916/
CANON-SOLVENTUM-7100207069,Solventum,3MTM ExpressTM VPS Bite Registration Material,MODERATION,,PHOTO_REQUIRED | EXACT_KZ_SKU_EVIDENCE_REQUIRED,PHOTO_REQUIRED,7100207069,https://www.solventum.com/en-us/home/f/b00007666/
CANON-SOLVENTUM-7000148111,Solventum,3MTM FiltekTM Supreme Ultra Shade Wheel Guide,MODERATION,,PHOTO_REQUIRED | EXACT_KZ_SKU_EVIDENCE_REQUIRED,PHOTO_REQUIRED,7000148111,https://www.solventum.com/en-us/home/f/b10171267/
CANON-SOLVENTUM-7100204526,Solventum,"3MTM FiltekTM Universal Restorative Shade Guide, 5855SG",MODERATION,,PHOTO_REQUIRED | EXACT_KZ_SKU_EVIDENCE_REQUIRED,PHOTO_REQUIRED,7100204526,https://www.solventum.com/en-us/home/f/b5005119014/
CANON-SOLVENTUM-7000132025,Solventum,3MTM FreeLight 2 Reflector Complete,MODERATION,,PHOTO_REQUIRED | EXACT_KZ_SKU_EVIDENCE_REQUIRED,PHOTO_REQUIRED,7000132025,https://www.solventum.com/en-us/home/f/b10157511/
CANON-SOLVENTUM-7010394707,Solventum,3MTM FreeLight 2 Update Kit,MODERATION,,PHOTO_REQUIRED | EXACT_KZ_SKU_EVIDENCE_REQUIRED,PHOTO_REQUIRED,7010394707,https://www.solventum.com/en-us/home/f/b5005118021/
CANON-SOLVENTUM-7100215419,Solventum,"3MTM GarantTM Intraoral Tips Refill, Intraoral Dispensing",MODERATION,,PHOTO_REVIEW_REQUIRED | EXACT_KZ_SKU_EVIDENCE_REQUIRED,SHARED_IMAGE_REVIEW_REQUIRED,7100215419,https://www.solventum.com/en-us/home/f/b5005099007/
CANON-SOLVENTUM-7100215421,Solventum,"3MTM GarantTM Intraoral Tips, Intraoral Dispensing",MODERATION,,VARIANT_LABEL_REQUIRED | PHOTO_REVIEW_REQUIRED | EXACT_KZ_SKU_EVIDENCE_REQUIRED,SHARED_IMAGE_REVIEW_REQUIRED,7100215421 | 7100215420,https://www.solventum.com/en-us/home/f/b00050773/
CANON-SOLVENTUM-7100004745,Solventum,3MTM Handwheel,MODERATION,,VARIANT_LABEL_REQUIRED | PHOTO_REQUIRED | EXACT_KZ_SKU_EVIDENCE_REQUIRED,PHOTO_REQUIRED,7100004745 | 7100042752,https://www.solventum.com/en-us/home/f/b10179718/
CANON-SOLVENTUM-7000132013,Solventum,3MTM Housing Cover,MODERATION,,PHOTO_REQUIRED | EXACT_KZ_SKU_EVIDENCE_REQUIRED,PHOTO_REQUIRED,7000132013,https://www.solventum.com/en-us/home/f/b10157500/
CANON-SOLVENTUM-7100215174,Solventum,3MTM ImpregumTM PentaTM Cartridge for PentamixTM 3,MODERATION,,VARIANT_LABEL_REQUIRED | PHOTO_REVIEW_REQUIRED | EXACT_KZ_SKU_EVIDENCE_REQUIRED,GENERIC_ASSET_REJECTED,7100215174 | 7100215173 | 7100215169 | 7100215161 | 7100215160 | 7100215159 | 7100215158 | 7100215144,https://www.solventum.com/en-us/home/f/b00007757/
CANON-SOLVENTUM-7100266616,Solventum,3MTM ImpregumTM PentaTM Super Quick Medium Body/Light Body Polyether Impression Material Intro Kit,MODERATION,,PHOTO_REVIEW_REQUIRED | EXACT_KZ_SKU_EVIDENCE_REQUIRED,SHARED_IMAGE_REVIEW_REQUIRED,7100266616,https://www.solventum.com/en-us/home/f/solventum-3m-impregum-penta-super-quick-medium-body-light-body-polyether-impression-material-intro-kit/
CANON-SOLVENTUM-7100263955,Solventum,3MTM ImpregumTM Soft Polyether Impression Material,MODERATION,,VARIANT_LABEL_REQUIRED | PHOTO_REVIEW_REQUIRED | EXACT_KZ_SKU_EVIDENCE_REQUIRED,SHARED_IMAGE_REVIEW_REQUIRED,7100263955 | 7100215413 | 7100215411 | 7100215409 | 7100215404 | 7100215400 | 7100215399 | 7100215398 | 7100215397 | 7100196291,https://www.solventum.com/en-us/home/f/b00007604/
CANON-SOLVENTUM-7100263956,Solventum,3MTM ImpregumTM Super Quick Polyether Impression Material,MODERATION,,VARIANT_LABEL_REQUIRED | PHOTO_REVIEW_REQUIRED | EXACT_KZ_SKU_EVIDENCE_REQUIRED,SHARED_IMAGE_REVIEW_REQUIRED,7100263956 | 7100263954 | 7100196384 | 7100196373 | 7100196372,https://www.solventum.com/en-us/home/f/b40073333/
CANON-SOLVENTUM-7100212858,Solventum,3MTM ImprintTM 4 GarantTM VPS Impression Material Soft Tray Body,MODERATION,,VARIANT_LABEL_REQUIRED | PHOTO_REQUIRED | EXACT_KZ_SKU_EVIDENCE_REQUIRED,PHOTO_REQUIRED,7100212858 | 7100212855 | 7100212828,https://www.solventum.com/en-us/home/f/b5005168039/
CANON-SOLVENTUM-7100215157,Solventum,"3MTM ImprintTM 4 PentaTM Cartridge for PentamixTM 3, 77780 Series",MODERATION,,VARIANT_LABEL_REQUIRED | PHOTO_REVIEW_REQUIRED | EXACT_KZ_SKU_EVIDENCE_REQUIRED,GENERIC_ASSET_REJECTED,7100215157 | 7100215156,https://www.solventum.com/en-us/home/f/b5005355001/
CANON-SOLVENTUM-7100215167,Solventum,"3MTM ImprintTM 4 Preliminary PentaTM Cartridge for PentamixTM 3, 71520 Series",MODERATION,,PHOTO_REVIEW_REQUIRED | EXACT_KZ_SKU_EVIDENCE_REQUIRED,GENERIC_ASSET_REJECTED,7100215167,https://www.solventum.com/en-us/home/f/b5005355000/
CANON-SOLVENTUM-7000055273,Solventum,3MTM ImprintTM 4 VPS Impression Material PentaTM Cartridge for PentamixTM 3,MODERATION,,PHOTO_REVIEW_REQUIRED | EXACT_KZ_SKU_EVIDENCE_REQUIRED,GENERIC_ASSET_REJECTED,7000055273,https://www.solventum.com/en-us/home/f/b5005111026/
CANON-SOLVENTUM-7100196318,Solventum,3MTM ImprintTM 4 VPS Impression Material Refills,MODERATION,,VARIANT_LABEL_REQUIRED | PHOTO_REVIEW_REQUIRED | EXACT_KZ_SKU_EVIDENCE_REQUIRED,SHARED_IMAGE_REVIEW_REQUIRED,7100196318 | 7100196304 | 7100196239 | 7100196238 | 7100196236 | 7100196235 | 7100196234 | 7100196233 | 7100196232 | 7100196231 | 7100196230,https://www.solventum.com/en-us/home/f/b00007683/
CANON-SOLVENTUM-7100196240,Solventum,3MTM ImprintTM 4 VPS Impression Materials Kits,MODERATION,,VARIANT_LABEL_REQUIRED | PHOTO_REVIEW_REQUIRED | EXACT_KZ_SKU_EVIDENCE_REQUIRED,SHARED_IMAGE_REVIEW_REQUIRED,7100196240 | 7100196241 | 7100196306 | 7100196307 | 7100196309,https://www.solventum.com/en-us/home/f/b00007677/
CANON-SOLVENTUM-7100005202,Solventum,3MTM Metal Detector,MODERATION,,PHOTO_REQUIRED | EXACT_KZ_SKU_EVIDENCE_REQUIRED,PHOTO_REQUIRED,7100005202,https://www.solventum.com/en-us/home/f/b10180098/
CANON-SOLVENTUM-7100004244,Solventum,3MTM Mixer Shaft,MODERATION,,VARIANT_LABEL_REQUIRED | PHOTO_REQUIRED | EXACT_KZ_SKU_EVIDENCE_REQUIRED,PHOTO_REQUIRED,7100004244 | 7100005178 | 7100005201 | 7100042754 | 7000132038,https://www.solventum.com/en-us/home/f/b10157523/
CANON-SOLVENTUM-7100042322,Solventum,3MTM Motor Unit Complete,MODERATION,,PHOTO_REQUIRED | EXACT_KZ_SKU_EVIDENCE_REQUIRED,PHOTO_REQUIRED,7100042322,https://www.solventum.com/en-us/home/f/b5005036170/
CANON-SOLVENTUM-7000132040,Solventum,3MTM PC Board,MODERATION,,PHOTO_REQUIRED | EXACT_KZ_SKU_EVIDENCE_REQUIRED,PHOTO_REQUIRED,7000132040,https://www.solventum.com/en-us/home/f/b10157524/
CANON-SOLVENTUM-7000132046,Solventum,3MTM PCB Module Complete Adjusted,MODERATION,,PHOTO_REQUIRED | EXACT_KZ_SKU_EVIDENCE_REQUIRED,PHOTO_REQUIRED,7000132046,https://www.solventum.com/en-us/home/f/b10157530/
CANON-SOLVENTUM-7100196355,Solventum,3MTM PentamixTM Lite Plunger Discs,MODERATION,,PHOTO_REQUIRED | EXACT_KZ_SKU_EVIDENCE_REQUIRED,PHOTO_REQUIRED,7100196355,https://www.solventum.com/en-us/home/f/b10218017/
CANON-SOLVENTUM-7000054661,Solventum,"3MTM PentaTM Elastomer Syringe Knurled Hub Cap, 77720",MODERATION,,PHOTO_REVIEW_REQUIRED | EXACT_KZ_SKU_EVIDENCE_REQUIRED,SHARED_IMAGE_REVIEW_REQUIRED,7000054661,https://www.solventum.com/en-us/home/f/b00034926/
CANON-SOLVENTUM-7100215310,Solventum,"3MTM PentaTM Universal Cartridge for PentamixTM 2, 76994",MODERATION,,PHOTO_REVIEW_REQUIRED | EXACT_KZ_SKU_EVIDENCE_REQUIRED,GENERIC_ASSET_REJECTED,7100215310,https://www.solventum.com/en-us/home/f/b00007711/
CANON-SOLVENTUM-7100215172,Solventum,"3MTM PentaTM Universal Cartridge for PentamixTM 3, 71545",MODERATION,,PHOTO_REVIEW_REQUIRED | EXACT_KZ_SKU_EVIDENCE_REQUIRED,GENERIC_ASSET_REJECTED,7100215172,https://www.solventum.com/en-us/home/f/b5005111024/
CANON-SOLVENTUM-7000005632,Solventum,3MTM Power Cord,MODERATION,,PHOTO_REQUIRED | EXACT_KZ_SKU_EVIDENCE_REQUIRED,PHOTO_REQUIRED,7000005632,https://www.solventum.com/en-us/home/f/b40006299/
CANON-SOLVENTUM-7000031297,Solventum,3MTM Power Supply,MODERATION,,PHOTO_REQUIRED | EXACT_KZ_SKU_EVIDENCE_REQUIRED,PHOTO_REQUIRED,7000031297,https://www.solventum.com/en-us/home/f/b10076431/
CANON-SOLVENTUM-7100004746,Solventum,3MTM Power Switch,MODERATION,,PHOTO_REQUIRED | EXACT_KZ_SKU_EVIDENCE_REQUIRED,PHOTO_REQUIRED,7100004746,https://www.solventum.com/en-us/home/f/b10179719/
CANON-SOLVENTUM-7000132021,Solventum,3MTM Pressure Spring,MODERATION,,PHOTO_REQUIRED | EXACT_KZ_SKU_EVIDENCE_REQUIRED,PHOTO_REQUIRED,7000132021,https://www.solventum.com/en-us/home/f/b10157507/
CANON-SOLVENTUM-7100005238,Solventum,3MTM Primary Circuit Board,MODERATION,,PHOTO_REQUIRED | EXACT_KZ_SKU_EVIDENCE_REQUIRED,PHOTO_REQUIRED,7100005238,https://www.solventum.com/en-us/home/f/b5005257027/
CANON-SOLVENTUM-B00006530,Solventum,3MTM ProtempTM Plus Temporization Material Introductory Kit,MODERATION,,MANUFACTURER_REFERENCE_REQUIRED | PHOTO_REVIEW_REQUIRED | EXACT_KZ_SKU_EVIDENCE_REQUIRED,EXACT_SOURCE_SINGLE_CARD,,https://www.solventum.com/en-us/home/f/b00006530/
CANON-SOLVENTUM-7100005205,Solventum,3MTM Revolving Platform w/Capsule Holder,MODERATION,,PHOTO_REQUIRED | EXACT_KZ_SKU_EVIDENCE_REQUIRED,PHOTO_REQUIRED,7100005205,https://www.solventum.com/en-us/home/f/b5005257026/
CANON-SOLVENTUM-7100137245,Solventum,3MTM RotoMixTM Capsule Mixing Unit Spare Part Kit,MODERATION,,PHOTO_REQUIRED | EXACT_KZ_SKU_EVIDENCE_REQUIRED,PHOTO_REQUIRED,7100137245,https://www.solventum.com/en-us/home/f/b5005297012/
CANON-SOLVENTUM-7000132045,Solventum,3MTM S10 Keypad,MODERATION,,VARIANT_LABEL_REQUIRED | PHOTO_REQUIRED | EXACT_KZ_SKU_EVIDENCE_REQUIRED,PHOTO_REQUIRED,7000132045 | 7000031295,https://www.solventum.com/en-us/home/f/b00034491/
CANON-SOLVENTUM-7000057066,Solventum,3MTM S10 Seal Battery,MODERATION,,PHOTO_REQUIRED | EXACT_KZ_SKU_EVIDENCE_REQUIRED,PHOTO_REQUIRED,7000057066,https://www.solventum.com/en-us/home/f/b10097952/
CANON-SOLVENTUM-7000053446,Solventum,"3MTM Sof-LexTM Extra-Thin Contouring and Polishing Discs, Polishing Discs Intro Kit, 2380",MODERATION,,PHOTO_REVIEW_REQUIRED | EXACT_KZ_SKU_EVIDENCE_REQUIRED,SHARED_IMAGE_REVIEW_REQUIRED,7000053446,https://www.solventum.com/en-us/home/f/b00007885/
CANON-SOLVENTUM-7000053450,Solventum,"3MTM Sof-LexTM Extra-Thin Contouring and Polishing Discs, Polishing Discs Refills, 3/8"" 2381 Serie",MODERATION,,VARIANT_LABEL_REQUIRED | PHOTO_REVIEW_REQUIRED | EXACT_KZ_SKU_EVIDENCE_REQUIRED,SHARED_IMAGE_REVIEW_REQUIRED,7000053450 | 7000053449 | 7000053448 | 7000053447,https://www.solventum.com/en-us/home/f/b00007886/
CANON-SOLVENTUM-7000053454,Solventum,"3MTM Sof-LexTM Extra-Thin Contouring and Polishing Discs, Polsishing Discs Refills, 1/2"" 2382 Serie",MODERATION,,VARIANT_LABEL_REQUIRED | PHOTO_REVIEW_REQUIRED | EXACT_KZ_SKU_EVIDENCE_REQUIRED,SHARED_IMAGE_REVIEW_REQUIRED,7000053454 | 7000053453 | 7000053452 | 7000053451,https://www.solventum.com/en-us/home/f/b00007887/
CANON-SOLVENTUM-7100042323,Solventum,3MTM Spring Steel Sheet,MODERATION,,PHOTO_REQUIRED | EXACT_KZ_SKU_EVIDENCE_REQUIRED,PHOTO_REQUIRED,7100042323,https://www.solventum.com/en-us/home/f/b5005236035/
CANON-SOLVENTUM-7100004627,Solventum,3MTM Starter Switch Cap,MODERATION,,PHOTO_REQUIRED | EXACT_KZ_SKU_EVIDENCE_REQUIRED,PHOTO_REQUIRED,7100004627,https://www.solventum.com/en-us/home/f/b10179624/
CANON-SOLVENTUM-7100019035,Solventum,3MTM Takeup Filter,MODERATION,,PHOTO_REQUIRED | EXACT_KZ_SKU_EVIDENCE_REQUIRED,PHOTO_REQUIRED,7100019035,https://www.solventum.com/en-us/home/f/b10190701/
CANON-SOLVENTUM-7000057000,Solventum,3MTM Toothed Belt,MODERATION,,PHOTO_REQUIRED | EXACT_KZ_SKU_EVIDENCE_REQUIRED,PHOTO_REQUIRED,7000057000,https://www.solventum.com/en-us/home/f/b10097891/
CANON-SOLVENTUM-7000132011,Solventum,3MTM Touch Pad,MODERATION,,PHOTO_REQUIRED | EXACT_KZ_SKU_EVIDENCE_REQUIRED,PHOTO_REQUIRED,7000132011,https://www.solventum.com/en-us/home/f/b10157498/
CANON-SOLVENTUM-7100021593,Solventum,3MTM UnitekTM Stainless Steel Primary Anterior Crowns,MODERATION,,VARIANT_LABEL_REQUIRED | PHOTO_REVIEW_REQUIRED | EXACT_KZ_SKU_EVIDENCE_REQUIRED,SHARED_IMAGE_REVIEW_REQUIRED,7100021593 | 7100021592 | 7100021591 | 7100021590 | 7100021589 | 7100021588 | 7100021587 | 7100021586 | 7100021585 | 7100021584 | 7100021583 | 7100021582 | 7100021581 | 7100021580 | 7100021569 | 7100021568 | 7100021567 | 7100021566 | 7100021565 | 7100021564 | 7100021563 | 7100021562 | 7100021561 | 7100021560 | 7100021559 | 7100021558 | 7100021557 | 7100021556 | 7100021555 | 7100021554 | 7100021553 | 7100021552 | 7100021551 | 7100021550 | 7100021531 | 7100021530 | 7000053486,https://www.solventum.com/en-us/home/f/b00007814/
CANON-SOLVENTUM-7100021711,Solventum,3MTM UnitekTM Stainless Steel Primary Molar Crowns,MODERATION,,VARIANT_LABEL_REQUIRED | PHOTO_REVIEW_REQUIRED | EXACT_KZ_SKU_EVIDENCE_REQUIRED,SHARED_IMAGE_REVIEW_REQUIRED,7100021711 | 7100021710 | 7100021709 | 7100021708 | 7100021707 | 7100021706 | 7100021705 | 7100021696 | 7100021690 | 7000128384 | 7000128383 | 7000128382 | 7000128381 | 7000128380 | 7000128379 | 7000128378 | 7000128377 | 7000128376 | 7000128375 | 7000128374 | 7000128373 | 7000128372 | 7000128371 | 7000128370 | 7000128369 | 7000128368 | 7000128367 | 7000128366 | 7000128365 | 7000128364 | 7000128363 | 7000128362 | 7000128361 | 7000128360 | 7000128359 | 7000128358 | 7000128357 | 7000128356 | 7000128355 | 7000128354 | 7000128353 | 7000128352 | 7000128351 | 7000128350 | 7000128349 | 7000128348 | 7000128347 | 7000128346 | 7000128345 | 7000128344 | 7000128343 | 7000128342 | 7000128341 | 7000128340 | 7000053485 | 7000053465 | 7000053464,https://www.solventum.com/en-us/home/f/b00007791/
CANON-SOLVENTUM-7100322231,Solventum,3MTM VitremerTM Core Buildup/Restorative,MODERATION,,VARIANT_LABEL_REQUIRED | PHOTO_REVIEW_REQUIRED | EXACT_KZ_SKU_EVIDENCE_REQUIRED,SHARED_IMAGE_REVIEW_REQUIRED,7100322231 | 7100322151 | 7100322150 | 7100322149 | 7100322148 | 7100322147 | 7100322146 | 7100322145 | 7100322144 | 7100322143 | 7100322142 | 7100322141 | 7100322140 | 7100322139 | 7100322138 | 7100322137 | 7000054222 | 7000054178 | 7000054177,https://www.solventum.com/en-us/home/f/b00034512/
CANON-SOLVENTUM-7000054244,Solventum,"3MTM VitremerTM Core Buildup/Restorative Kit, 3303",MODERATION,,PHOTO_REVIEW_REQUIRED | EXACT_KZ_SKU_EVIDENCE_REQUIRED,SHARED_IMAGE_REVIEW_REQUIRED,7000054244,https://www.solventum.com/en-us/home/f/b00034520/
CANON-SOLVENTUM-7100351338,Solventum,"SolventumTM FiltekTM Composite Warmer Kit, Silicone Sleeve Replacement",MODERATION,,PHOTO_REVIEW_REQUIRED | EXACT_KZ_SKU_EVIDENCE_REQUIRED,GENERIC_ASSET_REJECTED,7100351338,https://www.solventum.com/en-us/home/f/b5005604191/
CANON-STRAUSS-RS-D4X150M-12,Strauss,4 mm Abrasive Strips,MODERATION,,PHOTO_REVIEW_REQUIRED | EXACT_KZ_SKU_EVIDENCE_REQUIRED,SHARED_IMAGE_REVIEW_REQUIRED,RS-D4X150M-12.,https://dental.strauss-co.com/products/rs-d4x150m-12/
CANON-STRAUSS-RS-S4X150C-12,Strauss,4 mm Abrasive Strips,MODERATION,,PHOTO_REVIEW_REQUIRED | EXACT_KZ_SKU_EVIDENCE_REQUIRED,SHARED_IMAGE_REVIEW_REQUIRED,RS-S4X150C-12.,https://dental.strauss-co.com/products/rs-s4x150c-12/
CANON-STRAUSS-RS-S4X150F-12,Strauss,4 mm Abrasive Strips,MODERATION,,PHOTO_REVIEW_REQUIRED | EXACT_KZ_SKU_EVIDENCE_REQUIRED,SHARED_IMAGE_REVIEW_REQUIRED,RS-S4X150F-12.,https://dental.strauss-co.com/products/rs-s4x150f-12/
CANON-STRAUSS-RS-S4X150M-12,Strauss,4 mm Abrasive Strips,MODERATION,,PHOTO_REVIEW_REQUIRED | EXACT_KZ_SKU_EVIDENCE_REQUIRED,SHARED_IMAGE_REVIEW_REQUIRED,RS-S4X150M-12.,https://dental.strauss-co.com/products/rs-s4x150m-12/
CANON-STRAUSS-RS-S4X150SF-12,Strauss,4 mm Abrasive Strips,MODERATION,,PHOTO_REVIEW_REQUIRED | EXACT_KZ_SKU_EVIDENCE_REQUIRED,SHARED_IMAGE_REVIEW_REQUIRED,RS-S4X150SF-12.,https://dental.strauss-co.com/products/rs-s4x150sf-12/
CANON-STRAUSS-RS-S6X150C-12,Strauss,6 mm Abrasive Strips,MODERATION,,PHOTO_REVIEW_REQUIRED | EXACT_KZ_SKU_EVIDENCE_REQUIRED,EXACT_SOURCE_SINGLE_CARD,RS-S6X150C-12,https://dental.strauss-co.com/products/rs-s6x150c-12/
CANON-STRAUSS-DS-SG6X150F-10,Strauss,6 mm Diamond Strip,MODERATION,,PHOTO_REVIEW_REQUIRED | EXACT_KZ_SKU_EVIDENCE_REQUIRED,SHARED_IMAGE_REVIEW_REQUIRED,DS-SG6X150F-10,https://dental.strauss-co.com/products/ds-sg6x150f-10/
CANON-STRAUSS-DS-SG6X150M-10,Strauss,6 mm Diamond Strip,MODERATION,,PHOTO_REVIEW_REQUIRED | EXACT_KZ_SKU_EVIDENCE_REQUIRED,SHARED_IMAGE_REVIEW_REQUIRED,DS-SG6X150M-10,https://dental.strauss-co.com/products/ds-sg6x150m-10/
CANON-STRAUSS-DS-SG6X150SF-10,Strauss,6 mm Diamond Strip,MODERATION,,PHOTO_REVIEW_REQUIRED | EXACT_KZ_SKU_EVIDENCE_REQUIRED,SHARED_IMAGE_REVIEW_REQUIRED,DS-SG6X150SF-10,https://dental.strauss-co.com/products/ds-sg6x150sf-10/
CANON-STRAUSS-RS-S8X150C-12,Strauss,8 mm Abrasive Strips,MODERATION,,PHOTO_REVIEW_REQUIRED | EXACT_KZ_SKU_EVIDENCE_REQUIRED,SHARED_IMAGE_REVIEW_REQUIRED,RS-S8X150C-12,https://dental.strauss-co.com/products/rs-s8x150c-12/
CANON-STRAUSS-RS-S8X150M-12,Strauss,8 mm Abrasive Strips,MODERATION,,PHOTO_REVIEW_REQUIRED | EXACT_KZ_SKU_EVIDENCE_REQUIRED,SHARED_IMAGE_REVIEW_REQUIRED,RS-S8X150M-12,https://dental.strauss-co.com/products/rs-s8x150m-12/
CANON-STRAUSS-M4C,Strauss,Barrel Diamond Bur,MODERATION,,PHOTO_REVIEW_REQUIRED | EXACT_KZ_SKU_EVIDENCE_REQUIRED,SHARED_IMAGE_REVIEW_REQUIRED,M4C,https://dental.strauss-co.com/products/m4/
CANON-STRAUSS-M4F,Strauss,Barrel Diamond Bur,MODERATION,,PHOTO_REVIEW_REQUIRED | EXACT_KZ_SKU_EVIDENCE_REQUIRED,EXACT_SOURCE_SINGLE_CARD,M4F,https://dental.strauss-co.com/products/m4-2/
CANON-STRAUSS-M4STC,Strauss,"Barrel Pre Sterilized, Single Use Diamond Bur",MODERATION,,PHOTO_REVIEW_REQUIRED | EXACT_KZ_SKU_EVIDENCE_REQUIRED,SHARED_IMAGE_REVIEW_REQUIRED,M4STC,https://dental.strauss-co.com/products/m4stc/
CANON-STRAUSS-PP-PKBBM40FG40RA2,Strauss,Bur Blocks for 40 FG and 40 RA,MODERATION,,PHOTO_REVIEW_REQUIRED | EXACT_KZ_SKU_EVIDENCE_REQUIRED,SHARED_IMAGE_REVIEW_REQUIRED,PP-PKBBM40FG40RA2,https://dental.strauss-co.com/products/pp-pkbbm40fg40ra2/
CANON-STRAUSS-PP-PKBBM80FG2,Strauss,Bur Blocks for 80 FG,MODERATION,,PHOTO_REVIEW_REQUIRED | EXACT_KZ_SKU_EVIDENCE_REQUIRED,SHARED_IMAGE_REVIEW_REQUIRED,PP-PKBBM80FG2,https://dental.strauss-co.com/products/pp-pkbbm80fg2/
CANON-STRAUSS-CAD-AMG-003X47,Strauss,Carbide CAD/CAM Burs Suitable for use with Amann Girrbach,MODERATION,,PHOTO_REVIEW_REQUIRED | EXACT_KZ_SKU_EVIDENCE_REQUIRED,EXACT_SOURCE_SINGLE_CARD,CAD-AMG 003x47,https://dental.strauss-co.com/products/cad-amg-003x47/
CANON-STRAUSS-CAD-AMG-006X47,Strauss,Carbide CAD/CAM Burs Suitable for use with Amann Girrbach,MODERATION,,PHOTO_REVIEW_REQUIRED | EXACT_KZ_SKU_EVIDENCE_REQUIRED,EXACT_SOURCE_SINGLE_CARD,CAD-AMG-006x47,https://dental.strauss-co.com/products/cad-amg-006x47/
CANON-STRAUSS-CAD-AMG-010X47,Strauss,Carbide CAD/CAM Burs Suitable for use with Amann Girrbach,MODERATION,,PHOTO_REVIEW_REQUIRED | EXACT_KZ_SKU_EVIDENCE_REQUIRED,EXACT_SOURCE_SINGLE_CARD,CAD-AMG-010x47,https://dental.strauss-co.com/products/cad-amg-010x47/
CANON-STRAUSS-CAD-AMG-025X47,Strauss,Carbide CAD/CAM Burs Suitable for use with Amann Girrbach,MODERATION,,PHOTO_REVIEW_REQUIRED | EXACT_KZ_SKU_EVIDENCE_REQUIRED,EXACT_SOURCE_SINGLE_CARD,CAD-AMG-025x47,https://dental.strauss-co.com/products/cad-amg-025x47/
CANON-STRAUSS-CAD-I6C-C-006X053,Strauss,Carbide CAD/CAM Burs Suitable for use with Imes Icore,MODERATION,,PHOTO_REVIEW_REQUIRED | EXACT_KZ_SKU_EVIDENCE_REQUIRED,SHARED_IMAGE_REVIEW_REQUIRED,CAD-I6C-C-006X053,https://dental.strauss-co.com/products/cad-i6c-c-006x053/
CANON-STRAUSS-CAD-I6C-C-010X053,Strauss,Carbide CAD/CAM Burs Suitable for use with Imes Icore,MODERATION,,PHOTO_REVIEW_REQUIRED | EXACT_KZ_SKU_EVIDENCE_REQUIRED,EXACT_SOURCE_SINGLE_CARD,CAD-I6C-C-010X053,https://dental.strauss-co.com/products/cad-i6c-c-010x053/
CANON-STRAUSS-CAD-I6C-C-025X053,Strauss,Carbide CAD/CAM Burs Suitable for use with Imes Icore,MODERATION,,PHOTO_REVIEW_REQUIRED | EXACT_KZ_SKU_EVIDENCE_REQUIRED,EXACT_SOURCE_SINGLE_CARD,CAD-I6C-C-025X053,https://dental.strauss-co.com/products/cad-i6c-c-025x053/
CANON-STRAUSS-CAD-RDC-C-010X050,Strauss,Carbide CAD/CAM Burs Suitable for use with Roland,MODERATION,,PHOTO_REVIEW_REQUIRED | EXACT_KZ_SKU_EVIDENCE_REQUIRED,SHARED_IMAGE_REVIEW_REQUIRED,CAD-RDC-C-010X050,https://dental.strauss-co.com/products/cad-rdc-c-010x050/
CANON-STRAUSS-CAD-RDC-D-006X050,Strauss,Carbide CAD/CAM Burs Suitable for use with Roland,MODERATION,,PHOTO_REVIEW_REQUIRED | EXACT_KZ_SKU_EVIDENCE_REQUIRED,EXACT_SOURCE_SINGLE_CARD,CAD-RDC-D-006X050,https://dental.strauss-co.com/products/cad-rdc-d-006x050/
CANON-STRAUSS-CAD-RDC-D-010X050,Strauss,Carbide CAD/CAM Burs Suitable for use with Roland,MODERATION,,PHOTO_REVIEW_REQUIRED | EXACT_KZ_SKU_EVIDENCE_REQUIRED,EXACT_SOURCE_SINGLE_CARD,CAD-RDC-D-010X050,https://dental.strauss-co.com/products/cad-rdc-d-010x050/
CANON-STRAUSS-CAD-RDC-D-020X050,Strauss,Carbide CAD/CAM Burs Suitable for use with Roland,MODERATION,,PHOTO_REVIEW_REQUIRED | EXACT_KZ_SKU_EVIDENCE_REQUIRED,SHARED_IMAGE_REVIEW_REQUIRED,CAD-RDC-D-020X050,https://dental.strauss-co.com/products/cad-rdc-d-020x050/
CANON-STRAUSS-CAD-RDD-0-5X40D54,Strauss,Carbide CAD/CAM Burs Suitable for use with Roland,MODERATION,,PHOTO_REVIEW_REQUIRED | EXACT_KZ_SKU_EVIDENCE_REQUIRED,SHARED_IMAGE_REVIEW_REQUIRED,CAD-RDD-0.5X40D54,https://dental.strauss-co.com/products/cad-rdd-0-5x40d54/
CANON-STRAUSS-CAD-RDD-2-5X32D151,Strauss,Carbide CAD/CAM Burs Suitable for use with Roland,MODERATION,,PHOTO_REVIEW_REQUIRED | EXACT_KZ_SKU_EVIDENCE_REQUIRED,SHARED_IMAGE_REVIEW_REQUIRED,CAD-RDD-2.5X32D151,https://dental.strauss-co.com/products/cad-rdd-2-5x32d151/
CANON-STRAUSS-CAD-Z6M-030X050,Strauss,Carbide CAD/CAM Burs Suitable for use with Zirkonzahn,MODERATION,,PHOTO_REVIEW_REQUIRED | EXACT_KZ_SKU_EVIDENCE_REQUIRED,SHARED_IMAGE_REVIEW_REQUIRED,CAD-Z6M-030x050,https://dental.strauss-co.com/products/cad-z6m-030x050/
CANON-STRAUSS-CC198-016M,Strauss,CARBIDE CUTTER SHAPE 198-016 MEDIUM GRIT,MODERATION,,PHOTO_REVIEW_REQUIRED | EXACT_KZ_SKU_EVIDENCE_REQUIRED,EXACT_SOURCE_SINGLE_CARD,CC198-016M,https://dental.strauss-co.com/products/cc198-016m/
CANON-STRAUSS-FGEF4,Strauss,Composite Trimming Tungsten Carbide Burs - 12 & 30 Blades Trimming & Finishing,MODERATION,,PHOTO_REVIEW_REQUIRED | EXACT_KZ_SKU_EVIDENCE_REQUIRED,SHARED_IMAGE_REVIEW_REQUIRED,FGEF4,https://dental.strauss-co.com/products/fgef4/
CANON-STRAUSS-FGUF4,Strauss,Composite Trimming Tungsten Carbide Burs - 30 blades Finishing,MODERATION,,PHOTO_REVIEW_REQUIRED | EXACT_KZ_SKU_EVIDENCE_REQUIRED,SHARED_IMAGE_REVIEW_REQUIRED,FGUF4,https://dental.strauss-co.com/products/fguf4/
CANON-STRAUSS-FGUF9,Strauss,Composite Trimming Tungsten Carbide Burs - 30 blades Finishing,MODERATION,,PHOTO_REVIEW_REQUIRED | EXACT_KZ_SKU_EVIDENCE_REQUIRED,SHARED_IMAGE_REVIEW_REQUIRED,FGUF9,https://dental.strauss-co.com/products/fguf9/
CANON-STRAUSS-D2RF,Strauss,Cylinder Rounded Shoulder Diamond Bur,MODERATION,,PHOTO_REVIEW_REQUIRED | EXACT_KZ_SKU_EVIDENCE_REQUIRED,EXACT_SOURCE_SINGLE_CARD,D2RF,https://dental.strauss-co.com/products/d2r-2/
CANON-STRAUSS-D3RF,Strauss,Cylinder Rounded Shoulder Diamond Bur,MODERATION,,PHOTO_REVIEW_REQUIRED | EXACT_KZ_SKU_EVIDENCE_REQUIRED,EXACT_SOURCE_SINGLE_CARD,D3RF,https://dental.strauss-co.com/products/d3r-2/
CANON-STRAUSS-D4RS-C,Strauss,Cylinder Rounded Shoulder Diamond Bur,MODERATION,,PHOTO_REVIEW_REQUIRED | EXACT_KZ_SKU_EVIDENCE_REQUIRED,SHARED_IMAGE_REVIEW_REQUIRED,D4RS/C,https://dental.strauss-co.com/products/d4rs/
CANON-STRAUSS-D4RS-F,Strauss,Cylinder Rounded Shoulder Diamond Bur,MODERATION,,PHOTO_REVIEW_REQUIRED | EXACT_KZ_SKU_EVIDENCE_REQUIRED,EXACT_SOURCE_SINGLE_CARD,D4RS/F,https://dental.strauss-co.com/products/d4rs-2/
CANON-STRAUSS-D4RS-SC,Strauss,Cylinder Rounded Shoulder Diamond Bur,MODERATION,,PHOTO_REVIEW_REQUIRED | EXACT_KZ_SKU_EVIDENCE_REQUIRED,EXACT_SOURCE_SINGLE_CARD,D4RS/SC,https://dental.strauss-co.com/products/d4rs-4/
CANON-STRAUSS-D21RF,Strauss,Cylinder Rounded Shoulder Diamond Bur,MODERATION,,PHOTO_REVIEW_REQUIRED | EXACT_KZ_SKU_EVIDENCE_REQUIRED,EXACT_SOURCE_SINGLE_CARD,D21RF,https://dental.strauss-co.com/products/d21r-2/
CANON-STRAUSS-DD-D355-220-017SP-F,Strauss,DD/D355-220-017SP/F,MODERATION,,PHOTO_REVIEW_REQUIRED | EXACT_KZ_SKU_EVIDENCE_REQUIRED,SHARED_IMAGE_REVIEW_REQUIRED,DD/D355-220-017SP/F,https://dental.strauss-co.com/products/dd-d355-220-017sp-f/
CANON-STRAUSS-RORTHORA17-12,Strauss,DeBonding Polishers - RA Cup shape - 12 pack,MODERATION,,PHOTO_REVIEW_REQUIRED | EXACT_KZ_SKU_EVIDENCE_REQUIRED,SHARED_IMAGE_REVIEW_REQUIRED,RORTHORA17-12,https://dental.strauss-co.com/products/rorthora17-12/
CANON-STRAUSS-RORPRORA17-12,Strauss,DeBonding Polishers - RA cup shape pro,MODERATION,,PHOTO_REVIEW_REQUIRED | EXACT_KZ_SKU_EVIDENCE_REQUIRED,SHARED_IMAGE_REVIEW_REQUIRED,RORPRORA17-12,https://dental.strauss-co.com/products/rorprora17-12/
CANON-STRAUSS-H-EC001-014M,Strauss,Diamond HP Bur Ball 014 Medium,MODERATION,,PHOTO_REVIEW_REQUIRED | EXACT_KZ_SKU_EVIDENCE_REQUIRED,SHARED_IMAGE_REVIEW_REQUIRED,H-EC001-014M,https://dental.strauss-co.com/products/h-ec001-014m/
CANON-STRAUSS-H-EC001-022M,Strauss,Diamond HP Bur Ball 022 Medium,MODERATION,,PHOTO_REVIEW_REQUIRED | EXACT_KZ_SKU_EVIDENCE_REQUIRED,SHARED_IMAGE_REVIEW_REQUIRED,H-EC001-022M,https://dental.strauss-co.com/products/h-ec001-022m/
CANON-STRAUSS-H-EC001-030M,Strauss,Diamond HP Bur Ball 030 Medium,MODERATION,,PHOTO_REVIEW_REQUIRED | EXACT_KZ_SKU_EVIDENCE_REQUIRED,SHARED_IMAGE_REVIEW_REQUIRED,H-EC001-030M,https://dental.strauss-co.com/products/h-ec001-030m/
CANON-STRAUSS-H-EC001-042M,Strauss,Diamond HP Bur Ball 042 Medium,MODERATION,,PHOTO_REVIEW_REQUIRED | EXACT_KZ_SKU_EVIDENCE_REQUIRED,SHARED_IMAGE_REVIEW_REQUIRED,H-EC001-042M,https://dental.strauss-co.com/products/h-ec001-042m/
CANON-STRAUSS-H-EC010-012M,Strauss,Diamond HP Bur Cone 012 Medium,MODERATION,,PHOTO_REVIEW_REQUIRED | EXACT_KZ_SKU_EVIDENCE_REQUIRED,SHARED_IMAGE_REVIEW_REQUIRED,H-EC010-012M,https://dental.strauss-co.com/products/h-ec010-012m/
CANON-STRAUSS-H-EC225-023M,Strauss,Diamond HP Bur Cone 023 Medium,MODERATION,,PHOTO_REVIEW_REQUIRED | EXACT_KZ_SKU_EVIDENCE_REQUIRED,SHARED_IMAGE_REVIEW_REQUIRED,H-EC225-023M,https://dental.strauss-co.com/products/h-ec225-023m/
CANON-STRAUSS-H-EC022-063M,Strauss,Diamond HP Bur Cone 063 Medium,MODERATION,,PHOTO_REVIEW_REQUIRED | EXACT_KZ_SKU_EVIDENCE_REQUIRED,SHARED_IMAGE_REVIEW_REQUIRED,H-EC022-063M,https://dental.strauss-co.com/products/h-ec022-063m/
CANON-STRAUSS-H-EC250-022M,Strauss,Diamond HP Bur Flame 022 Medium,MODERATION,,PHOTO_REVIEW_REQUIRED | EXACT_KZ_SKU_EVIDENCE_REQUIRED,SHARED_IMAGE_REVIEW_REQUIRED,H-EC250-022M,https://dental.strauss-co.com/products/h-ec250-022m/
CANON-STRAUSS-H-EC378-060M,Strauss,Diamond HP Bur Flame 060 Medium,MODERATION,,PHOTO_REVIEW_REQUIRED | EXACT_KZ_SKU_EVIDENCE_REQUIRED,SHARED_IMAGE_REVIEW_REQUIRED,H-EC378-060M,https://dental.strauss-co.com/products/h-ec378-060m/
CANON-STRAUSS-H-EC378-070M,Strauss,Diamond HP Bur Flame 070 Medium,MODERATION,,PHOTO_REVIEW_REQUIRED | EXACT_KZ_SKU_EVIDENCE_REQUIRED,SHARED_IMAGE_REVIEW_REQUIRED,H-EC378-070M,https://dental.strauss-co.com/products/h-ec378-070m/
CANON-STRAUSS-H-EC168-012M,Strauss,Diamond HP Bur Flat and Taper 012 Medium,MODERATION,,PHOTO_REVIEW_REQUIRED | EXACT_KZ_SKU_EVIDENCE_REQUIRED,SHARED_IMAGE_REVIEW_REQUIRED,H-EC168-012M,https://dental.strauss-co.com/products/h-ec168-012m/
CANON-STRAUSS-H-EC168-018M,Strauss,Diamond HP Bur Flat and Taper 018 Medium,MODERATION,,PHOTO_REVIEW_REQUIRED | EXACT_KZ_SKU_EVIDENCE_REQUIRED,SHARED_IMAGE_REVIEW_REQUIRED,H-EC168-018M,https://dental.strauss-co.com/products/h-ec168-018m/
CANON-STRAUSS-H-EC173-020M,Strauss,Diamond HP Bur Flat and Taper 020 Medium,MODERATION,,PHOTO_REVIEW_REQUIRED | EXACT_KZ_SKU_EVIDENCE_REQUIRED,SHARED_IMAGE_REVIEW_REQUIRED,H-EC173-020M,https://dental.strauss-co.com/products/h-ec173-020m/
CANON-STRAUSS-H-EC110-016M,Strauss,Diamond HP Bur Flat End Cylinder 016 Medium,MODERATION,,PHOTO_REVIEW_REQUIRED | EXACT_KZ_SKU_EVIDENCE_REQUIRED,SHARED_IMAGE_REVIEW_REQUIRED,H-EC110-016M,https://dental.strauss-co.com/products/h-ec110-016m/
CANON-STRAUSS-H-EC110-018M,Strauss,Diamond HP Bur Flat End Cylinder 018 Medium,MODERATION,,PHOTO_REVIEW_REQUIRED | EXACT_KZ_SKU_EVIDENCE_REQUIRED,SHARED_IMAGE_REVIEW_REQUIRED,H-EC110-018M,https://dental.strauss-co.com/products/h-ec110-018m/
CANON-STRAUSS-H-EC166-050M,Strauss,Diamond HP Bur Inverted Cone 050 Medium,MODERATION,,PHOTO_REVIEW_REQUIRED | EXACT_KZ_SKU_EVIDENCE_REQUIRED,SHARED_IMAGE_REVIEW_REQUIRED,H-EC166-050M,https://dental.strauss-co.com/products/h-ec166-050m/
CANON-STRAUSS-H-EC304-062M,Strauss,Diamond HP Bur Knife 062 Medium,MODERATION,,PHOTO_REVIEW_REQUIRED | EXACT_KZ_SKU_EVIDENCE_REQUIRED,SHARED_IMAGE_REVIEW_REQUIRED,H-EC304-062M,https://dental.strauss-co.com/products/h-ec304-062m/
CANON-STRAUSS-H-EC377-070M,Strauss,Diamond HP Bur Pear 070 Medium,MODERATION,,PHOTO_REVIEW_REQUIRED | EXACT_KZ_SKU_EVIDENCE_REQUIRED,SHARED_IMAGE_REVIEW_REQUIRED,H-EC377-070M,https://dental.strauss-co.com/products/h-ec377-070m/
CANON-STRAUSS-H-EC375-070M,Strauss,Diamond HP Bur Round-End Taper 070 Medium,MODERATION,,PHOTO_REVIEW_REQUIRED | EXACT_KZ_SKU_EVIDENCE_REQUIRED,SHARED_IMAGE_REVIEW_REQUIRED,H-EC375-070M,https://dental.strauss-co.com/products/h-ec375-070m/
CANON-STRAUSS-H-EC068-060M,Strauss,Diamond HP Bur Wheel 060 Medium,MODERATION,,PHOTO_REVIEW_REQUIRED | EXACT_KZ_SKU_EVIDENCE_REQUIRED,SHARED_IMAGE_REVIEW_REQUIRED,H-EC068-060M,https://dental.strauss-co.com/products/h-ec068-060m/
CANON-STRAUSS-H-EC042-063M,Strauss,Diamond HP Bur Wheel 063 Medium,MODERATION,,PHOTO_REVIEW_REQUIRED | EXACT_KZ_SKU_EVIDENCE_REQUIRED,SHARED_IMAGE_REVIEW_REQUIRED,H-EC042-063M,https://dental.strauss-co.com/products/h-ec042-063m/
CANON-STRAUSS-DS-SSAW4X150F-10,Strauss,Diamond Serrated Strip - Fine,MODERATION,,PHOTO_REVIEW_REQUIRED | EXACT_KZ_SKU_EVIDENCE_REQUIRED,SHARED_IMAGE_REVIEW_REQUIRED,DS-SSAW4X150F-10,https://dental.strauss-co.com/products/ds-ssaw4x150f-10/
CANON-STRAUSS-DS-SSAW4X150M-10,Strauss,Diamond Serrated Strip - Medium,MODERATION,,PHOTO_REVIEW_REQUIRED | EXACT_KZ_SKU_EVIDENCE_REQUIRED,SHARED_IMAGE_REVIEW_REQUIRED,DS-SSAW4X150M-10,https://dental.strauss-co.com/products/ds-ssaw4x150m-10/
CANON-STRAUSS-DS-SSAW4X150SF-10,Strauss,Diamond Serrated Strip - Super Fine,MODERATION,,PHOTO_REVIEW_REQUIRED | EXACT_KZ_SKU_EVIDENCE_REQUIRED,SHARED_IMAGE_REVIEW_REQUIRED,DS-SSAW4X150SF-10,https://dental.strauss-co.com/products/ds-ssaw4x150sf-10/
CANON-STRAUSS-M2C,Strauss,Double Inverted Cone Diamond Bur,MODERATION,,PHOTO_REVIEW_REQUIRED | EXACT_KZ_SKU_EVIDENCE_REQUIRED,EXACT_SOURCE_SINGLE_CARD,M2C,https://dental.strauss-co.com/products/m2/
CANON-STRAUSS-M6M,Strauss,Double Inverted Cone Diamond Bur,MODERATION,,PHOTO_REVIEW_REQUIRED | EXACT_KZ_SKU_EVIDENCE_REQUIRED,EXACT_SOURCE_SINGLE_CARD,M6M,https://dental.strauss-co.com/products/m6-2/
CANON-STRAUSS-M51C,Strauss,Double Inverted Cone Diamond Bur,MODERATION,,PHOTO_REVIEW_REQUIRED | EXACT_KZ_SKU_EVIDENCE_REQUIRED,EXACT_SOURCE_SINGLE_CARD,M51C,https://dental.strauss-co.com/products/m51/
CANON-STRAUSS-MS-DS-RFL-5-C,Strauss,Double-Sided Magic Strip,MODERATION,,PHOTO_REVIEW_REQUIRED | EXACT_KZ_SKU_EVIDENCE_REQUIRED,SHARED_IMAGE_REVIEW_REQUIRED,MS-DS-RFL-5/C,https://dental.strauss-co.com/products/ms-ds-rfl-5-c/
CANON-STRAUSS-MS-DS-RFL-5-F,Strauss,Double-Sided Magic Strip,MODERATION,,PHOTO_REVIEW_REQUIRED | EXACT_KZ_SKU_EVIDENCE_REQUIRED,SHARED_IMAGE_REVIEW_REQUIRED,MS-DS-RFL-5/F,https://dental.strauss-co.com/products/ms-ds-rfl-5-f/
CANON-STRAUSS-MS-DS-RFL-5-M,Strauss,Double-Sided Magic Strip,MODERATION,,PHOTO_REVIEW_REQUIRED | EXACT_KZ_SKU_EVIDENCE_REQUIRED,SHARED_IMAGE_REVIEW_REQUIRED,MS-DS-RFL-5/M.,https://dental.strauss-co.com/products/ms-ds-rfl-5-m/
CANON-STRAUSS-MS-DS-RFL-5-SF,Strauss,Double-Sided Magic Strip,MODERATION,,PHOTO_REVIEW_REQUIRED | EXACT_KZ_SKU_EVIDENCE_REQUIRED,SHARED_IMAGE_REVIEW_REQUIRED,MS-DS-RFL-5/SF,https://dental.strauss-co.com/products/ms-ds-rfl-5-sf/
CANON-STRAUSS-MS-DS-RFL-C,Strauss,Double-Sided Magic Strip,MODERATION,,PHOTO_REVIEW_REQUIRED | EXACT_KZ_SKU_EVIDENCE_REQUIRED,SHARED_IMAGE_REVIEW_REQUIRED,MS-DS-RFL/C.,https://dental.strauss-co.com/products/ms-ds-rfl-c/
CANON-STRAUSS-MS-DS-RFL-F,Strauss,Double-Sided Magic Strip,MODERATION,,PHOTO_REVIEW_REQUIRED | EXACT_KZ_SKU_EVIDENCE_REQUIRED,SHARED_IMAGE_REVIEW_REQUIRED,MS-DS-RFL/F.,https://dental.strauss-co.com/products/ms-ds-rfl-f/
CANON-STRAUSS-MS-DS-RFL-M,Strauss,Double-Sided Magic Strip,MODERATION,,PHOTO_REVIEW_REQUIRED | EXACT_KZ_SKU_EVIDENCE_REQUIRED,SHARED_IMAGE_REVIEW_REQUIRED,MS-DS-RFL/M.,https://dental.strauss-co.com/products/ms-ds-rfl-m/
CANON-STRAUSS-MS-DS-RFL-SF,Strauss,Double-Sided Magic Strip,MODERATION,,PHOTO_REVIEW_REQUIRED | EXACT_KZ_SKU_EVIDENCE_REQUIRED,SHARED_IMAGE_REVIEW_REQUIRED,MS-DS-RFL/SF.,https://dental.strauss-co.com/products/ms-ds-rfl-sf/
CANON-STRAUSS-K1C,Strauss,Egg/Football Diamond Bur,MODERATION,,PHOTO_REVIEW_REQUIRED | EXACT_KZ_SKU_EVIDENCE_REQUIRED,SHARED_IMAGE_REVIEW_REQUIRED,K1C,https://dental.strauss-co.com/products/k1/
CANON-STRAUSS-K1RC,Strauss,Egg/Football Diamond Bur,MODERATION,,PHOTO_REVIEW_REQUIRED | EXACT_KZ_SKU_EVIDENCE_REQUIRED,SHARED_IMAGE_REVIEW_REQUIRED,K1RC,https://dental.strauss-co.com/products/k1r/
CANON-STRAUSS-K2C,Strauss,Egg/Football Diamond Bur,MODERATION,,PHOTO_REVIEW_REQUIRED | EXACT_KZ_SKU_EVIDENCE_REQUIRED,SHARED_IMAGE_REVIEW_REQUIRED,K2C,https://dental.strauss-co.com/products/k2/
CANON-STRAUSS-K2RC,Strauss,Egg/Football Diamond Bur,MODERATION,,PHOTO_REVIEW_REQUIRED | EXACT_KZ_SKU_EVIDENCE_REQUIRED,SHARED_IMAGE_REVIEW_REQUIRED,K2RC,https://dental.strauss-co.com/products/k2r/
CANON-STRAUSS-K325SC,Strauss,Egg/Football Diamond Bur,MODERATION,,PHOTO_REVIEW_REQUIRED | EXACT_KZ_SKU_EVIDENCE_REQUIRED,SHARED_IMAGE_REVIEW_REQUIRED,K325SC,https://dental.strauss-co.com/products/k325-3/
CANON-STRAUSS-K325SF,Strauss,Egg/Football Diamond Bur,MODERATION,,PHOTO_REVIEW_REQUIRED | EXACT_KZ_SKU_EVIDENCE_REQUIRED,EXACT_SOURCE_SINGLE_CARD,K325SF,https://dental.strauss-co.com/products/k325-4/
CANON-STRAUSS-PR012-ML-M,Strauss,Endo Access Laser Marked Diamond Bur,MODERATION,,PHOTO_REVIEW_REQUIRED | EXACT_KZ_SKU_EVIDENCE_REQUIRED,SHARED_IMAGE_REVIEW_REQUIRED,PR012-ML/M,https://dental.strauss-co.com/products/pr012-ml-m/
CANON-STRAUSS-K165RXL-M,Strauss,Extra Long Football Diamond Bur,MODERATION,,PHOTO_REVIEW_REQUIRED | EXACT_KZ_SKU_EVIDENCE_REQUIRED,SHARED_IMAGE_REVIEW_REQUIRED,K165RXL/M,https://dental.strauss-co.com/products/k165rxl/
CANON-STRAUSS-E5C,Strauss,Flame Diamond Bur,MODERATION,,PHOTO_REVIEW_REQUIRED | EXACT_KZ_SKU_EVIDENCE_REQUIRED,SHARED_IMAGE_REVIEW_REQUIRED,E5C,https://dental.strauss-co.com/products/e5/
CANON-STRAUSS-E51C,Strauss,Flame Diamond Bur,MODERATION,,PHOTO_REVIEW_REQUIRED | EXACT_KZ_SKU_EVIDENCE_REQUIRED,SHARED_IMAGE_REVIEW_REQUIRED,E51C,https://dental.strauss-co.com/products/e51/
CANON-STRAUSS-E52C,Strauss,Flame Diamond Bur,MODERATION,,PHOTO_REVIEW_REQUIRED | EXACT_KZ_SKU_EVIDENCE_REQUIRED,SHARED_IMAGE_REVIEW_REQUIRED,E52C,https://dental.strauss-co.com/products/e52/
CANON-STRAUSS-E5STC,Strauss,"Flame Pre Sterilized, Single Use Diamond Bur",MODERATION,,PHOTO_REVIEW_REQUIRED | EXACT_KZ_SKU_EVIDENCE_REQUIRED,SHARED_IMAGE_REVIEW_REQUIRED,E5STC,https://dental.strauss-co.com/products/e5stc/
CANON-STRAUSS-E51STC,Strauss,"Flame Pre Sterilized, Single Use Diamond Bur",MODERATION,,PHOTO_REVIEW_REQUIRED | EXACT_KZ_SKU_EVIDENCE_REQUIRED,SHARED_IMAGE_REVIEW_REQUIRED,E51STC,https://dental.strauss-co.com/products/e51stc/
CANON-STRAUSS-E52STC,Strauss,"Flame Pre Sterilized, Single Use Diamond Bur",MODERATION,,PHOTO_REVIEW_REQUIRED | EXACT_KZ_SKU_EVIDENCE_REQUIRED,SHARED_IMAGE_REVIEW_REQUIRED,E52STC,https://dental.strauss-co.com/products/e52stc/
CANON-STRAUSS-D1C,Strauss,Flat End Cylinder Diamond Bur,MODERATION,,PHOTO_REVIEW_REQUIRED | EXACT_KZ_SKU_EVIDENCE_REQUIRED,SHARED_IMAGE_REVIEW_REQUIRED,D1C,https://dental.strauss-co.com/products/d1/
CANON-STRAUSS-D3C,Strauss,Flat End Cylinder Diamond Bur,MODERATION,,PHOTO_REVIEW_REQUIRED | EXACT_KZ_SKU_EVIDENCE_REQUIRED,SHARED_IMAGE_REVIEW_REQUIRED,D3C,https://dental.strauss-co.com/products/d3/
CANON-STRAUSS-D4C,Strauss,Flat End Cylinder Diamond Bur,MODERATION,,PHOTO_REVIEW_REQUIRED | EXACT_KZ_SKU_EVIDENCE_REQUIRED,SHARED_IMAGE_REVIEW_REQUIRED,D4C,https://dental.strauss-co.com/products/d4/
CANON-STRAUSS-D13F,Strauss,Flat End Cylinder Diamond Bur,MODERATION,,PHOTO_REVIEW_REQUIRED | EXACT_KZ_SKU_EVIDENCE_REQUIRED,EXACT_SOURCE_SINGLE_CARD,D13F,https://dental.strauss-co.com/products/d13-2/
CANON-STRAUSS-D32F,Strauss,Flat End Cylinder Diamond Bur,MODERATION,,PHOTO_REVIEW_REQUIRED | EXACT_KZ_SKU_EVIDENCE_REQUIRED,EXACT_SOURCE_SINGLE_CARD,D32F,https://dental.strauss-co.com/products/d32-2/
CANON-STRAUSS-D1STC,Strauss,"Flat End Cylinder Pre Sterilized, Single Use Diamond Bur",MODERATION,,PHOTO_REVIEW_REQUIRED | EXACT_KZ_SKU_EVIDENCE_REQUIRED,SHARED_IMAGE_REVIEW_REQUIRED,D1STC,https://dental.strauss-co.com/products/d1stc/
CANON-STRAUSS-D3STC,Strauss,"Flat End Cylinder Pre Sterilized, Single Use Diamond Bur",MODERATION,,PHOTO_REVIEW_REQUIRED | EXACT_KZ_SKU_EVIDENCE_REQUIRED,SHARED_IMAGE_REVIEW_REQUIRED,D3STC,https://dental.strauss-co.com/products/d3stc/
CANON-STRAUSS-D4STC,Strauss,"Flat End Cylinder Pre Sterilized, Single Use Diamond Bur",MODERATION,,PHOTO_REVIEW_REQUIRED | EXACT_KZ_SKU_EVIDENCE_REQUIRED,SHARED_IMAGE_REVIEW_REQUIRED,D4STC,https://dental.strauss-co.com/products/d4stc/
CANON-STRAUSS-F1C,Strauss,Flat End Taper Diamond Bur,MODERATION,,PHOTO_REVIEW_REQUIRED | EXACT_KZ_SKU_EVIDENCE_REQUIRED,SHARED_IMAGE_REVIEW_REQUIRED,F1C,https://dental.strauss-co.com/products/f1/
CANON-STRAUSS-F2C,Strauss,Flat End Taper Diamond Bur,MODERATION,,PHOTO_REVIEW_REQUIRED | EXACT_KZ_SKU_EVIDENCE_REQUIRED,SHARED_IMAGE_REVIEW_REQUIRED,F2C,https://dental.strauss-co.com/products/f2/
CANON-STRAUSS-F08C,Strauss,Flat End Taper Diamond Bur,MODERATION,,PHOTO_REVIEW_REQUIRED | EXACT_KZ_SKU_EVIDENCE_REQUIRED,SHARED_IMAGE_REVIEW_REQUIRED,F08C,https://dental.strauss-co.com/products/f08/
CANON-STRAUSS-F09C,Strauss,Flat End Taper Diamond Bur,MODERATION,,PHOTO_REVIEW_REQUIRED | EXACT_KZ_SKU_EVIDENCE_REQUIRED,SHARED_IMAGE_REVIEW_REQUIRED,F09C,https://dental.strauss-co.com/products/f09/
CANON-STRAUSS-F11C,Strauss,Flat End Taper Diamond Bur,MODERATION,,PHOTO_REVIEW_REQUIRED | EXACT_KZ_SKU_EVIDENCE_REQUIRED,SHARED_IMAGE_REVIEW_REQUIRED,F11C,https://dental.strauss-co.com/products/f11/
CANON-STRAUSS-F228R-M,Strauss,Flat End Taper Diamond Bur,MODERATION,,PHOTO_REVIEW_REQUIRED | EXACT_KZ_SKU_EVIDENCE_REQUIRED,SHARED_IMAGE_REVIEW_REQUIRED,F228R/M,https://dental.strauss-co.com/products/f228r-2/
CANON-STRAUSS-PR11M,Strauss,Flat End Taper Diamond Bur,MODERATION,,PHOTO_REVIEW_REQUIRED | EXACT_KZ_SKU_EVIDENCE_REQUIRED,EXACT_SOURCE_SINGLE_CARD,PR11M,https://dental.strauss-co.com/products/pr11-2/
CANON-STRAUSS-Z3F,Strauss,Flat End Taper Diamond Bur,MODERATION,,PHOTO_REVIEW_REQUIRED | EXACT_KZ_SKU_EVIDENCE_REQUIRED,EXACT_SOURCE_SINGLE_CARD,Z3F,https://dental.strauss-co.com/products/z3-2/
CANON-STRAUSS-Z3SC,Strauss,Flat End Taper Diamond Bur,MODERATION,,PHOTO_REVIEW_REQUIRED | EXACT_KZ_SKU_EVIDENCE_REQUIRED,EXACT_SOURCE_SINGLE_CARD,Z3SC,https://dental.strauss-co.com/products/z3-4/
CANON-STRAUSS-F1STC,Strauss,"Flat End Taper Pre Sterilized, Single Use Diamond Bur",MODERATION,,PHOTO_REVIEW_REQUIRED | EXACT_KZ_SKU_EVIDENCE_REQUIRED,SHARED_IMAGE_REVIEW_REQUIRED,F1STC,https://dental.strauss-co.com/products/f1stc/
CANON-STRAUSS-F2STC,Strauss,"Flat End Taper Pre Sterilized, Single Use Diamond Bur",MODERATION,,PHOTO_REVIEW_REQUIRED | EXACT_KZ_SKU_EVIDENCE_REQUIRED,SHARED_IMAGE_REVIEW_REQUIRED,F2STC,https://dental.strauss-co.com/products/f2stc/
CANON-STRAUSS-F08STC,Strauss,"Flat End Taper Pre Sterilized, Single Use Diamond Bur",MODERATION,,PHOTO_REVIEW_REQUIRED | EXACT_KZ_SKU_EVIDENCE_REQUIRED,SHARED_IMAGE_REVIEW_REQUIRED,F08STC,https://dental.strauss-co.com/products/f08stc/
CANON-STRAUSS-F09STC,Strauss,"Flat End Taper Pre Sterilized, Single Use Diamond Bur",MODERATION,,PHOTO_REVIEW_REQUIRED | EXACT_KZ_SKU_EVIDENCE_REQUIRED,SHARED_IMAGE_REVIEW_REQUIRED,F09STC,https://dental.strauss-co.com/products/f09stc/
CANON-STRAUSS-F11STC,Strauss,"Flat End Taper Pre Sterilized, Single Use Diamond Bur",MODERATION,,PHOTO_REVIEW_REQUIRED | EXACT_KZ_SKU_EVIDENCE_REQUIRED,SHARED_IMAGE_REVIEW_REQUIRED,F11STC,https://dental.strauss-co.com/products/f11stc/
CANON-STRAUSS-K1RSTC,Strauss,"Football / Egg Pre Sterilized, Single Use Diamond Bur",MODERATION,,PHOTO_REVIEW_REQUIRED | EXACT_KZ_SKU_EVIDENCE_REQUIRED,SHARED_IMAGE_REVIEW_REQUIRED,K1RSTC,https://dental.strauss-co.com/products/k1rstc/
CANON-STRAUSS-K1STC,Strauss,"Football / Egg Pre Sterilized, Single Use Diamond Bur",MODERATION,,PHOTO_REVIEW_REQUIRED | EXACT_KZ_SKU_EVIDENCE_REQUIRED,SHARED_IMAGE_REVIEW_REQUIRED,K1STC,https://dental.strauss-co.com/products/k1stc/
CANON-STRAUSS-K2RSTC,Strauss,"Football / Egg Pre Sterilized, Single Use Diamond Bur",MODERATION,,PHOTO_REVIEW_REQUIRED | EXACT_KZ_SKU_EVIDENCE_REQUIRED,SHARED_IMAGE_REVIEW_REQUIRED,K2RSTC,https://dental.strauss-co.com/products/k2rstc/
CANON-STRAUSS-K2STC,Strauss,"Football / Egg Pre Sterilized, Single Use Diamond Bur",MODERATION,,PHOTO_REVIEW_REQUIRED | EXACT_KZ_SKU_EVIDENCE_REQUIRED,SHARED_IMAGE_REVIEW_REQUIRED,K2STC,https://dental.strauss-co.com/products/k2stc/
CANON-STRAUSS-MS-GAP-RFL-5-C,Strauss,Gapped Magic Strip,MODERATION,,PHOTO_REVIEW_REQUIRED | EXACT_KZ_SKU_EVIDENCE_REQUIRED,SHARED_IMAGE_REVIEW_REQUIRED,MS-GAP-RFL-5/C,https://dental.strauss-co.com/products/ms-gap-rfl-5-c/
CANON-STRAUSS-MS-GAP-RFL-5-F,Strauss,Gapped Magic Strip,MODERATION,,PHOTO_REVIEW_REQUIRED | EXACT_KZ_SKU_EVIDENCE_REQUIRED,SHARED_IMAGE_REVIEW_REQUIRED,MS-GAP-RFL-5/F,https://dental.strauss-co.com/products/ms-gap-rfl-5-f/
CANON-STRAUSS-MS-GAP-RFL-5-M,Strauss,Gapped Magic Strip,MODERATION,,PHOTO_REVIEW_REQUIRED | EXACT_KZ_SKU_EVIDENCE_REQUIRED,SHARED_IMAGE_REVIEW_REQUIRED,MS-GAP-RFL-5/M,https://dental.strauss-co.com/products/ms-gap-rfl-5-m/
CANON-STRAUSS-MS-GAP-RFL-5-SF,Strauss,Gapped Magic Strip,MODERATION,,PHOTO_REVIEW_REQUIRED | EXACT_KZ_SKU_EVIDENCE_REQUIRED,SHARED_IMAGE_REVIEW_REQUIRED,MS-GAP-RFL-5/SF,https://dental.strauss-co.com/products/ms-gap-rfl-5-sf/
CANON-STRAUSS-S1C,Strauss,Gingival Curettage Diamond Bur,MODERATION,,PHOTO_REVIEW_REQUIRED | EXACT_KZ_SKU_EVIDENCE_REQUIRED,SHARED_IMAGE_REVIEW_REQUIRED,S1C,https://dental.strauss-co.com/products/s1/
CANON-STRAUSS-S2C,Strauss,Gingival Curettage Diamond Bur,MODERATION,,PHOTO_REVIEW_REQUIRED | EXACT_KZ_SKU_EVIDENCE_REQUIRED,SHARED_IMAGE_REVIEW_REQUIRED,S2C,https://dental.strauss-co.com/products/s2/
CANON-STRAUSS-S3C,Strauss,Gingival Curettage Diamond Bur,MODERATION,,PHOTO_REVIEW_REQUIRED | EXACT_KZ_SKU_EVIDENCE_REQUIRED,SHARED_IMAGE_REVIEW_REQUIRED,S3C,https://dental.strauss-co.com/products/s3/
CANON-STRAUSS-S4F,Strauss,Gingival Curettage Diamond Bur,MODERATION,,PHOTO_REVIEW_REQUIRED | EXACT_KZ_SKU_EVIDENCE_REQUIRED,EXACT_SOURCE_SINGLE_CARD,S4F,https://dental.strauss-co.com/products/s4-2/
CANON-STRAUSS-S4M,Strauss,Gingival Curettage Diamond Bur,MODERATION,,PHOTO_REVIEW_REQUIRED | EXACT_KZ_SKU_EVIDENCE_REQUIRED,EXACT_SOURCE_SINGLE_CARD,S4M,https://dental.strauss-co.com/products/s4-3/
CANON-STRAUSS-S5C,Strauss,Gingival Curettage Diamond Bur,MODERATION,,PHOTO_REVIEW_REQUIRED | EXACT_KZ_SKU_EVIDENCE_REQUIRED,SHARED_IMAGE_REVIEW_REQUIRED,S5C,https://dental.strauss-co.com/products/s5/
CANON-STRAUSS-T2F,Strauss,Gingival Curettage Diamond Bur,MODERATION,,PHOTO_REVIEW_REQUIRED | EXACT_KZ_SKU_EVIDENCE_REQUIRED,EXACT_SOURCE_SINGLE_CARD,T2F,https://dental.strauss-co.com/products/t2-2/
CANON-STRAUSS-T3C,Strauss,Gingival Curettage Diamond Bur,MODERATION,,PHOTO_REVIEW_REQUIRED | EXACT_KZ_SKU_EVIDENCE_REQUIRED,SHARED_IMAGE_REVIEW_REQUIRED,T3C,https://dental.strauss-co.com/products/t3/
CANON-STRAUSS-T5F,Strauss,Gingival Curettage Diamond Bur,MODERATION,,PHOTO_REVIEW_REQUIRED | EXACT_KZ_SKU_EVIDENCE_REQUIRED,EXACT_SOURCE_SINGLE_CARD,T5F,https://dental.strauss-co.com/products/t5-2/
CANON-STRAUSS-T6C,Strauss,Gingival Curettage Diamond Bur,MODERATION,,PHOTO_REVIEW_REQUIRED | EXACT_KZ_SKU_EVIDENCE_REQUIRED,SHARED_IMAGE_REVIEW_REQUIRED,T6C,https://dental.strauss-co.com/products/t6/
CANON-STRAUSS-T6SF,Strauss,Gingival Curettage Diamond Bur,MODERATION,,PHOTO_REVIEW_REQUIRED | EXACT_KZ_SKU_EVIDENCE_REQUIRED,EXACT_SOURCE_SINGLE_CARD,T6SF,https://dental.strauss-co.com/products/t6-5/
CANON-STRAUSS-S1STC,Strauss,"Gingival Curettage Pre Sterilized, Single Use Diamond Bur",MODERATION,,PHOTO_REVIEW_REQUIRED | EXACT_KZ_SKU_EVIDENCE_REQUIRED,SHARED_IMAGE_REVIEW_REQUIRED,S1STC,https://dental.strauss-co.com/products/s1stc/
CANON-STRAUSS-S2STC,Strauss,"Gingival Curettage Pre Sterilized, Single Use Diamond Bur",MODERATION,,PHOTO_REVIEW_REQUIRED | EXACT_KZ_SKU_EVIDENCE_REQUIRED,SHARED_IMAGE_REVIEW_REQUIRED,S2STC,https://dental.strauss-co.com/products/s2stc/
CANON-STRAUSS-S3STC,Strauss,"Gingival Curettage Pre Sterilized, Single Use Diamond Bur",MODERATION,,PHOTO_REVIEW_REQUIRED | EXACT_KZ_SKU_EVIDENCE_REQUIRED,SHARED_IMAGE_REVIEW_REQUIRED,S3STC,https://dental.strauss-co.com/products/s3stc/
CANON-STRAUSS-S5STC,Strauss,"Gingival Curettage Pre Sterilized, Single Use Diamond Bur",MODERATION,,PHOTO_REVIEW_REQUIRED | EXACT_KZ_SKU_EVIDENCE_REQUIRED,SHARED_IMAGE_REVIEW_REQUIRED,S5STC,https://dental.strauss-co.com/products/s5stc/
CANON-STRAUSS-T3STC,Strauss,"Gingival Curettage Pre Sterilized, Single Use Diamond Bur",MODERATION,,PHOTO_REVIEW_REQUIRED | EXACT_KZ_SKU_EVIDENCE_REQUIRED,SHARED_IMAGE_REVIEW_REQUIRED,T3STC,https://dental.strauss-co.com/products/t3stc/
CANON-STRAUSS-T6STC,Strauss,"Gingival Curettage Pre Sterilized, Single Use Diamond Bur",MODERATION,,PHOTO_REVIEW_REQUIRED | EXACT_KZ_SKU_EVIDENCE_REQUIRED,SHARED_IMAGE_REVIEW_REQUIRED,T6STC,https://dental.strauss-co.com/products/t6stc/
CANON-STRAUSS-BR4C,Strauss,Gross Reduction Diamond Bur,MODERATION,,PHOTO_REVIEW_REQUIRED | EXACT_KZ_SKU_EVIDENCE_REQUIRED,SHARED_IMAGE_REVIEW_REQUIRED,BR4C,https://dental.strauss-co.com/products/br4/
CANON-STRAUSS-BR4STC,Strauss,"Gross Reduction Pre Sterilized, Single Use Diamond Bur",MODERATION,,PHOTO_REVIEW_REQUIRED | EXACT_KZ_SKU_EVIDENCE_REQUIRED,SHARED_IMAGE_REVIEW_REQUIRED,BR4STC,https://dental.strauss-co.com/products/br4stc/
CANON-STRAUSS-H001-030C,Strauss,HP Surgical Burs Diamond Bur,MODERATION,,PHOTO_REVIEW_REQUIRED | EXACT_KZ_SKU_EVIDENCE_REQUIRED,SHARED_IMAGE_REVIEW_REQUIRED,H001-030C,https://dental.strauss-co.com/products/h001-030/
CANON-STRAUSS-H001-030M,Strauss,HP Surgical Burs Diamond Bur,MODERATION,,PHOTO_REVIEW_REQUIRED | EXACT_KZ_SKU_EVIDENCE_REQUIRED,SHARED_IMAGE_REVIEW_REQUIRED,H001-030M,https://dental.strauss-co.com/products/h001-030-2/
CANON-STRAUSS-H001-035C,Strauss,HP Surgical Burs Diamond Bur,MODERATION,,PHOTO_REVIEW_REQUIRED | EXACT_KZ_SKU_EVIDENCE_REQUIRED,SHARED_IMAGE_REVIEW_REQUIRED,H001-035C,https://dental.strauss-co.com/products/h001-035/
CANON-STRAUSS-H001-035M,Strauss,HP Surgical Burs Diamond Bur,MODERATION,,PHOTO_REVIEW_REQUIRED | EXACT_KZ_SKU_EVIDENCE_REQUIRED,SHARED_IMAGE_REVIEW_REQUIRED,H001-035M,https://dental.strauss-co.com/products/h001-035-2/
CANON-STRAUSS-H001-042C,Strauss,HP Surgical Burs Diamond Bur,MODERATION,,PHOTO_REVIEW_REQUIRED | EXACT_KZ_SKU_EVIDENCE_REQUIRED,SHARED_IMAGE_REVIEW_REQUIRED,H001-042C,https://dental.strauss-co.com/products/h001-042/
CANON-STRAUSS-H001-042M,Strauss,HP Surgical Burs Diamond Bur,MODERATION,,PHOTO_REVIEW_REQUIRED | EXACT_KZ_SKU_EVIDENCE_REQUIRED,SHARED_IMAGE_REVIEW_REQUIRED,H001-042M,https://dental.strauss-co.com/products/h001-042-2/
CANON-STRAUSS-B1C,Strauss,Inverted Cone Diamond Bur,MODERATION,,PHOTO_REVIEW_REQUIRED | EXACT_KZ_SKU_EVIDENCE_REQUIRED,SHARED_IMAGE_REVIEW_REQUIRED,B1C,https://dental.strauss-co.com/products/b1/
CANON-STRAUSS-B16C,Strauss,Inverted Cone Diamond Bur,MODERATION,,PHOTO_REVIEW_REQUIRED | EXACT_KZ_SKU_EVIDENCE_REQUIRED,SHARED_IMAGE_REVIEW_REQUIRED,B16C,https://dental.strauss-co.com/products/b16/
CANON-STRAUSS-B1STC,Strauss,"Inverted Cone Pre Sterilized, Single Use Diamond Bur",MODERATION,,PHOTO_REVIEW_REQUIRED | EXACT_KZ_SKU_EVIDENCE_REQUIRED,SHARED_IMAGE_REVIEW_REQUIRED,B1STC,https://dental.strauss-co.com/products/b1stc/
CANON-STRAUSS-B16STC,Strauss,"Inverted Cone Pre Sterilized, Single Use Diamond Bur",MODERATION,,PHOTO_REVIEW_REQUIRED | EXACT_KZ_SKU_EVIDENCE_REQUIRED,SHARED_IMAGE_REVIEW_REQUIRED,B16STC,https://dental.strauss-co.com/products/b16stc/
CANON-STRAUSS-HP-LBUFF,Strauss,leather polishing buff on a mandrel,MODERATION,,PHOTO_REVIEW_REQUIRED | EXACT_KZ_SKU_EVIDENCE_REQUIRED,EXACT_SOURCE_SINGLE_CARD,HP-LBUFF,https://dental.strauss-co.com/products/hp-lbuff/
CANON-STRAUSS-RTN-WIRE-KIT1,Strauss,Lingual Retention Wire,MODERATION,,PHOTO_REVIEW_REQUIRED | EXACT_KZ_SKU_EVIDENCE_REQUIRED,EXACT_SOURCE_SINGLE_CARD,RTN.WIRE.KIT1,https://dental.strauss-co.com/products/rtn-wire-kit1/
CANON-STRAUSS-K306PF,Strauss,Magic Touch OccluZinator Diamond bur,MODERATION,,PHOTO_REVIEW_REQUIRED | EXACT_KZ_SKU_EVIDENCE_REQUIRED,EXACT_SOURCE_SINGLE_CARD,K306PF,https://dental.strauss-co.com/products/k306pf/
CANON-STRAUSS-PR151PF,Strauss,Magic Touch OccluZinator Diamond bur,MODERATION,,PHOTO_REVIEW_REQUIRED | EXACT_KZ_SKU_EVIDENCE_REQUIRED,EXACT_SOURCE_SINGLE_CARD,PR151PF,https://dental.strauss-co.com/products/pr151pf/
CANON-STRAUSS-MNDR-RA-2-35X5,Strauss,mandrel 2.35X5 RA,MODERATION,,PHOTO_REVIEW_REQUIRED | EXACT_KZ_SKU_EVIDENCE_REQUIRED,SHARED_IMAGE_REVIEW_REQUIRED,MNDR-RA-2.35x5.,https://dental.strauss-co.com/products/mndr-ra-2-35x5/
CANON-STRAUSS-DFM22-03,Strauss,Metal Cutting Disc,MODERATION,,PHOTO_REVIEW_REQUIRED | EXACT_KZ_SKU_EVIDENCE_REQUIRED,SHARED_IMAGE_REVIEW_REQUIRED,DFM22-03,https://dental.strauss-co.com/products/dfm22-03/
CANON-STRAUSS-MA-E143M,Strauss,Minimal Invasive Burs Diamond Bur,MODERATION,,PHOTO_REVIEW_REQUIRED | EXACT_KZ_SKU_EVIDENCE_REQUIRED,SHARED_IMAGE_REVIEW_REQUIRED,MA-E143M,https://dental.strauss-co.com/products/ma-e143/
CANON-STRAUSS-MA-K123M,Strauss,Minimal Invasive Burs Diamond Bur,MODERATION,,PHOTO_REVIEW_REQUIRED | EXACT_KZ_SKU_EVIDENCE_REQUIRED,SHARED_IMAGE_REVIEW_REQUIRED,MA-K123M,https://dental.strauss-co.com/products/ma-k123/
CANON-STRAUSS-DD-D355-220-017F,Strauss,Mounted Diamond Disc Thickness 0.17 Grit Size Fine Double Side,MODERATION,,PHOTO_REVIEW_REQUIRED | EXACT_KZ_SKU_EVIDENCE_REQUIRED,SHARED_IMAGE_REVIEW_REQUIRED,DD/D355-220-017F,https://dental.strauss-co.com/products/dd-d355-220-017f/
CANON-STRAUSS-E2C,Strauss,Needle Diamond Bur,MODERATION,,PHOTO_REVIEW_REQUIRED | EXACT_KZ_SKU_EVIDENCE_REQUIRED,SHARED_IMAGE_REVIEW_REQUIRED,E2C,https://dental.strauss-co.com/products/e2/
CANON-STRAUSS-E32C,Strauss,Needle Diamond Bur,MODERATION,,PHOTO_REVIEW_REQUIRED | EXACT_KZ_SKU_EVIDENCE_REQUIRED,SHARED_IMAGE_REVIEW_REQUIRED,E32C,https://dental.strauss-co.com/products/e32/
CANON-STRAUSS-PR15C,Strauss,Needle Diamond Bur,MODERATION,,PHOTO_REVIEW_REQUIRED | EXACT_KZ_SKU_EVIDENCE_REQUIRED,EXACT_SOURCE_SINGLE_CARD,PR15C,https://dental.strauss-co.com/products/pr15/
CANON-STRAUSS-Z1SF,Strauss,Needle Diamond Bur,MODERATION,,PHOTO_REVIEW_REQUIRED | EXACT_KZ_SKU_EVIDENCE_REQUIRED,EXACT_SOURCE_SINGLE_CARD,Z1SF,https://dental.strauss-co.com/products/z1-4/
CANON-STRAUSS-Z2S-C,Strauss,Needle Diamond Bur,MODERATION,,PHOTO_REVIEW_REQUIRED | EXACT_KZ_SKU_EVIDENCE_REQUIRED,EXACT_SOURCE_SINGLE_CARD,Z2S/C,https://dental.strauss-co.com/products/z2s/
CANON-STRAUSS-E2STC,Strauss,"Needle Pre Sterilized, Single Use Diamond Bur",MODERATION,,PHOTO_REVIEW_REQUIRED | EXACT_KZ_SKU_EVIDENCE_REQUIRED,SHARED_IMAGE_REVIEW_REQUIRED,E2STC,https://dental.strauss-co.com/products/e2stc/
CANON-STRAUSS-E32STC,Strauss,"Needle Pre Sterilized, Single Use Diamond Bur",MODERATION,,PHOTO_REVIEW_REQUIRED | EXACT_KZ_SKU_EVIDENCE_REQUIRED,SHARED_IMAGE_REVIEW_REQUIRED,E32STC,https://dental.strauss-co.com/products/e32stc/
CANON-STRAUSS-PR245SF,Strauss,Occlusion Diamond Bur,MODERATION,,PHOTO_REVIEW_REQUIRED | EXACT_KZ_SKU_EVIDENCE_REQUIRED,EXACT_SOURCE_SINGLE_CARD,PR245SF,https://dental.strauss-co.com/products/pr245-2/
CANON-STRAUSS-J316M,Strauss,Orthodontic Burs Diamond Bur,MODERATION,,PHOTO_REVIEW_REQUIRED | EXACT_KZ_SKU_EVIDENCE_REQUIRED,EXACT_SOURCE_SINGLE_CARD,J316M,https://dental.strauss-co.com/products/j316/
CANON-STRAUSS-AB5SF,Strauss,Pear Diamond Bur,MODERATION,,PHOTO_REVIEW_REQUIRED | EXACT_KZ_SKU_EVIDENCE_REQUIRED,EXACT_SOURCE_SINGLE_CARD,AB5SF,https://dental.strauss-co.com/products/ab5-4/
CANON-STRAUSS-AB325F,Strauss,Pear Diamond Bur,MODERATION,,PHOTO_REVIEW_REQUIRED | EXACT_KZ_SKU_EVIDENCE_REQUIRED,EXACT_SOURCE_SINGLE_CARD,AB325F,https://dental.strauss-co.com/products/ab325-2/
CANON-STRAUSS-C2411S-M,Strauss,Periodontal Diamond Bur,MODERATION,,PHOTO_REVIEW_REQUIRED | EXACT_KZ_SKU_EVIDENCE_REQUIRED,EXACT_SOURCE_SINGLE_CARD,C2411S/M,https://dental.strauss-co.com/products/c2411s/
CANON-STRAUSS-W-PER-E148-L-F,Strauss,Periodontal RA Diamond Bur,MODERATION,,PHOTO_REVIEW_REQUIRED | EXACT_KZ_SKU_EVIDENCE_REQUIRED,EXACT_SOURCE_SINGLE_CARD,W-PER-E148-L/F,https://dental.strauss-co.com/products/w-per-e148-l/
CANON-STRAUSS-W-PER-E148M,Strauss,Periodontal RA Diamond Bur,MODERATION,,PHOTO_REVIEW_REQUIRED | EXACT_KZ_SKU_EVIDENCE_REQUIRED,EXACT_SOURCE_SINGLE_CARD,W-PER-E148M,https://dental.strauss-co.com/products/w-per-e148-2/
CANON-STRAUSS-W-PER-K145-L-F,Strauss,Periodontal RA Diamond Bur,MODERATION,,PHOTO_REVIEW_REQUIRED | EXACT_KZ_SKU_EVIDENCE_REQUIRED,EXACT_SOURCE_SINGLE_CARD,W-PER-K145-L/F,https://dental.strauss-co.com/products/w-per-k145-l/
CANON-STRAUSS-W-PER-K145-L-M,Strauss,Periodontal RA Diamond Bur,MODERATION,,PHOTO_REVIEW_REQUIRED | EXACT_KZ_SKU_EVIDENCE_REQUIRED,EXACT_SOURCE_SINGLE_CARD,W-PER-K145-L/M,https://dental.strauss-co.com/products/w-per-k145-l-2/
CANON-STRAUSS-W-PER-K145F,Strauss,Periodontal RA Diamond Bur,MODERATION,,PHOTO_REVIEW_REQUIRED | EXACT_KZ_SKU_EVIDENCE_REQUIRED,EXACT_SOURCE_SINGLE_CARD,W-PER-K145F,https://dental.strauss-co.com/products/w-per-k145/
CANON-STRAUSS-E7C,Strauss,Pointed Cylinder Diamond Bur,MODERATION,,PHOTO_REVIEW_REQUIRED | EXACT_KZ_SKU_EVIDENCE_REQUIRED,SHARED_IMAGE_REVIEW_REQUIRED,E7C,https://dental.strauss-co.com/products/e7/
CANON-STRAUSS-E7SF,Strauss,Pointed Cylinder Diamond Bur,MODERATION,,PHOTO_REVIEW_REQUIRED | EXACT_KZ_SKU_EVIDENCE_REQUIRED,SHARED_IMAGE_REVIEW_REQUIRED,E7SF,https://dental.strauss-co.com/products/e7-5/
CANON-STRAUSS-E7STC,Strauss,"Pointed Cylinder Pre Sterilized, Single Use Diamond Bur",MODERATION,,PHOTO_REVIEW_REQUIRED | EXACT_KZ_SKU_EVIDENCE_REQUIRED,SHARED_IMAGE_REVIEW_REQUIRED,E7STC,https://dental.strauss-co.com/products/e7stc/
CANON-STRAUSS-DB541-070SF,Strauss,POLISHING BRUSH IMPREGNATED WITH DIAMOND HP - SUPER FINE,MODERATION,,PHOTO_REVIEW_REQUIRED | EXACT_KZ_SKU_EVIDENCE_REQUIRED,SHARED_IMAGE_REVIEW_REQUIRED,DB541-070SF,https://dental.strauss-co.com/products/db541-070sf/
CANON-STRAUSS-DB542-045SF,Strauss,POLISHING BRUSH IMPREGNATED WITH DIAMOND HP - SUPER FINE,MODERATION,,PHOTO_REVIEW_REQUIRED | EXACT_KZ_SKU_EVIDENCE_REQUIRED,SHARED_IMAGE_REVIEW_REQUIRED,DB542-045SF,https://dental.strauss-co.com/products/db542-045sf/
CANON-STRAUSS-DBRA541-070SF,Strauss,POLISHING BRUSH IMPREGNATED WITH DIAMOND RA - SUPER FINE,MODERATION,,PHOTO_REVIEW_REQUIRED | EXACT_KZ_SKU_EVIDENCE_REQUIRED,SHARED_IMAGE_REVIEW_REQUIRED,DBRA541-070SF,https://dental.strauss-co.com/products/dbra541-070sf/
CANON-STRAUSS-DBRA542-045SF,Strauss,POLISHING BRUSH IMPREGNATED WITH DIAMOND RA - SUPER FINE,MODERATION,,PHOTO_REVIEW_REQUIRED | EXACT_KZ_SKU_EVIDENCE_REQUIRED,SHARED_IMAGE_REVIEW_REQUIRED,DBRA542-045SF,https://dental.strauss-co.com/products/dbra542-045sf/
CANON-STRAUSS-DFP22-03,Strauss,Porcelain Cutting Disc,MODERATION,,PHOTO_REVIEW_REQUIRED | EXACT_KZ_SKU_EVIDENCE_REQUIRED,SHARED_IMAGE_REVIEW_REQUIRED,DFP22-03,https://dental.strauss-co.com/products/dfp22-03/
CANON-STRAUSS-MS-RECIP-KIT1,Strauss,Reciprocal Magic Strip Kit,MODERATION,,PHOTO_REVIEW_REQUIRED | EXACT_KZ_SKU_EVIDENCE_REQUIRED,EXACT_SOURCE_SINGLE_CARD,MS-RECIP-KIT1,https://dental.strauss-co.com/products/ms-recip-kit1/
CANON-STRAUSS-A1C,Strauss,Round Diamond Bur,MODERATION,,PHOTO_REVIEW_REQUIRED | EXACT_KZ_SKU_EVIDENCE_REQUIRED,SHARED_IMAGE_REVIEW_REQUIRED,A1C,https://dental.strauss-co.com/products/a1/
CANON-STRAUSS-A2C,Strauss,Round Diamond Bur,MODERATION,,PHOTO_REVIEW_REQUIRED | EXACT_KZ_SKU_EVIDENCE_REQUIRED,SHARED_IMAGE_REVIEW_REQUIRED,A2C,https://dental.strauss-co.com/products/a2/
CANON-STRAUSS-A3C,Strauss,Round Diamond Bur,MODERATION,,PHOTO_REVIEW_REQUIRED | EXACT_KZ_SKU_EVIDENCE_REQUIRED,SHARED_IMAGE_REVIEW_REQUIRED,A3C,https://dental.strauss-co.com/products/a3/
CANON-STRAUSS-A25C,Strauss,Round Diamond Bur,MODERATION,,PHOTO_REVIEW_REQUIRED | EXACT_KZ_SKU_EVIDENCE_REQUIRED,EXACT_SOURCE_SINGLE_CARD,A25C,https://dental.strauss-co.com/products/a25/
CANON-STRAUSS-D4RC,Strauss,Round End Cylinder Diamond Bur,MODERATION,,PHOTO_REVIEW_REQUIRED | EXACT_KZ_SKU_EVIDENCE_REQUIRED,SHARED_IMAGE_REVIEW_REQUIRED,D4RC,https://dental.strauss-co.com/products/d4r/
CANON-STRAUSS-D4RSC,Strauss,Round End Cylinder Diamond Bur,MODERATION,,PHOTO_REVIEW_REQUIRED | EXACT_KZ_SKU_EVIDENCE_REQUIRED,SHARED_IMAGE_REVIEW_REQUIRED,D4RSC,https://dental.strauss-co.com/products/d4r-4/
CANON-STRAUSS-D31FR-SC,Strauss,Round End Cylinder Diamond Bur,MODERATION,,PHOTO_REVIEW_REQUIRED | EXACT_KZ_SKU_EVIDENCE_REQUIRED,EXACT_SOURCE_SINGLE_CARD,D31FR/SC,https://dental.strauss-co.com/products/d31fr/
CANON-STRAUSS-D32RF,Strauss,Round End Cylinder Diamond Bur,MODERATION,,PHOTO_REVIEW_REQUIRED | EXACT_KZ_SKU_EVIDENCE_REQUIRED,EXACT_SOURCE_SINGLE_CARD,D32RF,https://dental.strauss-co.com/products/d32r-2/
CANON-STRAUSS-D4RSTC,Strauss,"Round End Cylinder Pre Sterilized, Single Use Diamond Bur",MODERATION,,PHOTO_REVIEW_REQUIRED | EXACT_KZ_SKU_EVIDENCE_REQUIRED,SHARED_IMAGE_REVIEW_REQUIRED,D4RSTC,https://dental.strauss-co.com/products/d4rstc/
CANON-STRAUSS-C1C,Strauss,Round End Taper Diamond Bur,MODERATION,,PHOTO_REVIEW_REQUIRED | EXACT_KZ_SKU_EVIDENCE_REQUIRED,SHARED_IMAGE_REVIEW_REQUIRED,C1C,https://dental.strauss-co.com/products/c1/
CANON-STRAUSS-C2SF,Strauss,Round End Taper Diamond Bur,MODERATION,,PHOTO_REVIEW_REQUIRED | EXACT_KZ_SKU_EVIDENCE_REQUIRED,EXACT_SOURCE_SINGLE_CARD,C2SF,https://dental.strauss-co.com/products/c2-5/
CANON-STRAUSS-C11C,Strauss,Round End Taper Diamond Bur,MODERATION,,PHOTO_REVIEW_REQUIRED | EXACT_KZ_SKU_EVIDENCE_REQUIRED,SHARED_IMAGE_REVIEW_REQUIRED,C11C,https://dental.strauss-co.com/products/c11/
CANON-STRAUSS-C12C,Strauss,Round End Taper Diamond Bur,MODERATION,,PHOTO_REVIEW_REQUIRED | EXACT_KZ_SKU_EVIDENCE_REQUIRED,SHARED_IMAGE_REVIEW_REQUIRED,C12C,https://dental.strauss-co.com/products/c12/
CANON-STRAUSS-C21C,Strauss,Round End Taper Diamond Bur,MODERATION,,PHOTO_REVIEW_REQUIRED | EXACT_KZ_SKU_EVIDENCE_REQUIRED,SHARED_IMAGE_REVIEW_REQUIRED,C21C,https://dental.strauss-co.com/products/c21/
CANON-STRAUSS-C31C,Strauss,Round End Taper Diamond Bur,MODERATION,,PHOTO_REVIEW_REQUIRED | EXACT_KZ_SKU_EVIDENCE_REQUIRED,SHARED_IMAGE_REVIEW_REQUIRED,C31C,https://dental.strauss-co.com/products/c31/
CANON-STRAUSS-C205F,Strauss,Round End Taper Diamond Bur,MODERATION,,PHOTO_REVIEW_REQUIRED | EXACT_KZ_SKU_EVIDENCE_REQUIRED,EXACT_SOURCE_SINGLE_CARD,C205F,https://dental.strauss-co.com/products/c205/
CANON-STRAUSS-C205SF,Strauss,Round End Taper Diamond Bur,MODERATION,,PHOTO_REVIEW_REQUIRED | EXACT_KZ_SKU_EVIDENCE_REQUIRED,EXACT_SOURCE_SINGLE_CARD,C205SF,https://dental.strauss-co.com/products/c205-2/
CANON-STRAUSS-F1RC,Strauss,Round End Taper Diamond Bur,MODERATION,,PHOTO_REVIEW_REQUIRED | EXACT_KZ_SKU_EVIDENCE_REQUIRED,SHARED_IMAGE_REVIEW_REQUIRED,F1RC,https://dental.strauss-co.com/products/f1r/
CANON-STRAUSS-F2RC,Strauss,Round End Taper Diamond Bur,MODERATION,,PHOTO_REVIEW_REQUIRED | EXACT_KZ_SKU_EVIDENCE_REQUIRED,SHARED_IMAGE_REVIEW_REQUIRED,F2RC,https://dental.strauss-co.com/products/f2r/
CANON-STRAUSS-F08RC,Strauss,Round End Taper Diamond Bur,MODERATION,,PHOTO_REVIEW_REQUIRED | EXACT_KZ_SKU_EVIDENCE_REQUIRED,SHARED_IMAGE_REVIEW_REQUIRED,F08RC,https://dental.strauss-co.com/products/f08r/
CANON-STRAUSS-M3C,Strauss,Round End Taper Diamond Bur,MODERATION,,PHOTO_REVIEW_REQUIRED | EXACT_KZ_SKU_EVIDENCE_REQUIRED,SHARED_IMAGE_REVIEW_REQUIRED,M3C,https://dental.strauss-co.com/products/m3/
CANON-STRAUSS-M31C,Strauss,Round End Taper Diamond Bur,MODERATION,,PHOTO_REVIEW_REQUIRED | EXACT_KZ_SKU_EVIDENCE_REQUIRED,SHARED_IMAGE_REVIEW_REQUIRED,M31C,https://dental.strauss-co.com/products/m31/
CANON-STRAUSS-C1STC,Strauss,"Round End Taper Pre Sterilized, Single Use Diamond Bur",MODERATION,,PHOTO_REVIEW_REQUIRED | EXACT_KZ_SKU_EVIDENCE_REQUIRED,SHARED_IMAGE_REVIEW_REQUIRED,C1STC,https://dental.strauss-co.com/products/c1stc/
CANON-STRAUSS-C11STC,Strauss,"Round End Taper Pre Sterilized, Single Use Diamond Bur",MODERATION,,PHOTO_REVIEW_REQUIRED | EXACT_KZ_SKU_EVIDENCE_REQUIRED,SHARED_IMAGE_REVIEW_REQUIRED,C11STC,https://dental.strauss-co.com/products/c11stc/
CANON-STRAUSS-C12STC,Strauss,"Round End Taper Pre Sterilized, Single Use Diamond Bur",MODERATION,,PHOTO_REVIEW_REQUIRED | EXACT_KZ_SKU_EVIDENCE_REQUIRED,SHARED_IMAGE_REVIEW_REQUIRED,C12STC,https://dental.strauss-co.com/products/c12stc/
CANON-STRAUSS-C21STC,Strauss,"Round End Taper Pre Sterilized, Single Use Diamond Bur",MODERATION,,PHOTO_REVIEW_REQUIRED | EXACT_KZ_SKU_EVIDENCE_REQUIRED,SHARED_IMAGE_REVIEW_REQUIRED,C21STC,https://dental.strauss-co.com/products/c21stc/
CANON-STRAUSS-C31STC,Strauss,"Round End Taper Pre Sterilized, Single Use Diamond Bur",MODERATION,,PHOTO_REVIEW_REQUIRED | EXACT_KZ_SKU_EVIDENCE_REQUIRED,SHARED_IMAGE_REVIEW_REQUIRED,C31STC,https://dental.strauss-co.com/products/c31stc/
CANON-STRAUSS-F1RSTC,Strauss,"Round End Taper Pre Sterilized, Single Use Diamond Bur",MODERATION,,PHOTO_REVIEW_REQUIRED | EXACT_KZ_SKU_EVIDENCE_REQUIRED,SHARED_IMAGE_REVIEW_REQUIRED,F1RSTC,https://dental.strauss-co.com/products/f1rstc/
CANON-STRAUSS-F2RSTC,Strauss,"Round End Taper Pre Sterilized, Single Use Diamond Bur",MODERATION,,PHOTO_REVIEW_REQUIRED | EXACT_KZ_SKU_EVIDENCE_REQUIRED,SHARED_IMAGE_REVIEW_REQUIRED,F2RSTC,https://dental.strauss-co.com/products/f2rstc/
CANON-STRAUSS-F08RSTC,Strauss,"Round End Taper Pre Sterilized, Single Use Diamond Bur",MODERATION,,PHOTO_REVIEW_REQUIRED | EXACT_KZ_SKU_EVIDENCE_REQUIRED,SHARED_IMAGE_REVIEW_REQUIRED,F08RSTC,https://dental.strauss-co.com/products/f08rstc/
CANON-STRAUSS-M3STC,Strauss,"Round End Taper Pre Sterilized, Single Use Diamond Bur",MODERATION,,PHOTO_REVIEW_REQUIRED | EXACT_KZ_SKU_EVIDENCE_REQUIRED,SHARED_IMAGE_REVIEW_REQUIRED,M3STC,https://dental.strauss-co.com/products/m3stc/
CANON-STRAUSS-M31STC,Strauss,"Round End Taper Pre Sterilized, Single Use Diamond Bur",MODERATION,,PHOTO_REVIEW_REQUIRED | EXACT_KZ_SKU_EVIDENCE_REQUIRED,SHARED_IMAGE_REVIEW_REQUIRED,M31STC,https://dental.strauss-co.com/products/m31stc/
CANON-STRAUSS-FG1171,Strauss,Round End Tapered Fissure FG Tungsten Carbide Burs - 6 Blades Operative & Surgical,MODERATION,,PHOTO_REVIEW_REQUIRED | EXACT_KZ_SKU_EVIDENCE_REQUIRED,EXACT_SOURCE_SINGLE_CARD,FG1171,https://dental.strauss-co.com/products/fg1171/
CANON-STRAUSS-FG1172,Strauss,Round End Tapered Fissure FG Tungsten Carbide Burs - 6 Blades Operative & Surgical,MODERATION,,PHOTO_REVIEW_REQUIRED | EXACT_KZ_SKU_EVIDENCE_REQUIRED,EXACT_SOURCE_SINGLE_CARD,FG1172,https://dental.strauss-co.com/products/fg1172/
CANON-STRAUSS-RA1171,Strauss,Round End Tapered Fissure RA Tungsten Carbide Burs - 6 Blades Operative & Surgical,MODERATION,,PHOTO_REVIEW_REQUIRED | EXACT_KZ_SKU_EVIDENCE_REQUIRED,EXACT_SOURCE_SINGLE_CARD,RA1171,https://dental.strauss-co.com/products/ra1171/
CANON-STRAUSS-RA1172,Strauss,Round End Tapered Fissure RA Tungsten Carbide Burs - 6 Blades Operative & Surgical,MODERATION,,PHOTO_REVIEW_REQUIRED | EXACT_KZ_SKU_EVIDENCE_REQUIRED,EXACT_SOURCE_SINGLE_CARD,RA1172,https://dental.strauss-co.com/products/ra1172/
CANON-STRAUSS-A1STC,Strauss,"Round Pre Sterilized, Single Use Diamond Bur",MODERATION,,PHOTO_REVIEW_REQUIRED | EXACT_KZ_SKU_EVIDENCE_REQUIRED,SHARED_IMAGE_REVIEW_REQUIRED,A1STC,https://dental.strauss-co.com/products/a1stc/
CANON-STRAUSS-A2STC,Strauss,"Round Pre Sterilized, Single Use Diamond Bur",MODERATION,,PHOTO_REVIEW_REQUIRED | EXACT_KZ_SKU_EVIDENCE_REQUIRED,SHARED_IMAGE_REVIEW_REQUIRED,A2STC,https://dental.strauss-co.com/products/a2stc/
CANON-STRAUSS-A3STC,Strauss,"Round Pre Sterilized, Single Use Diamond Bur",MODERATION,,PHOTO_REVIEW_REQUIRED | EXACT_KZ_SKU_EVIDENCE_REQUIRED,SHARED_IMAGE_REVIEW_REQUIRED,A3STC,https://dental.strauss-co.com/products/a3stc/
CANON-STRAUSS-FG7009,Strauss,Round Tungsten Carbide Burs - 12 & 30 Blades Trimming & Finishing,MODERATION,,PHOTO_REVIEW_REQUIRED | EXACT_KZ_SKU_EVIDENCE_REQUIRED,SHARED_IMAGE_REVIEW_REQUIRED,FG7009,https://dental.strauss-co.com/products/fg7009/
CANON-STRAUSS-MS-SAW-RFL-5,Strauss,Saw Magic Strip,MODERATION,,PHOTO_REVIEW_REQUIRED | EXACT_KZ_SKU_EVIDENCE_REQUIRED,SHARED_IMAGE_REVIEW_REQUIRED,MS-SAW-RFL-5.,https://dental.strauss-co.com/products/ms-saw-rfl-5/
CANON-STRAUSS-MS-SAW-RFL,Strauss,Saw Magic Strip,MODERATION,,PHOTO_REVIEW_REQUIRED | EXACT_KZ_SKU_EVIDENCE_REQUIRED,SHARED_IMAGE_REVIEW_REQUIRED,MS-SAW-RFL.,https://dental.strauss-co.com/products/ms-saw-rfl/
CANON-STRAUSS-E42-SS-F,Strauss,Short Shank Diamond Burs Diamond Bur,MODERATION,,PHOTO_REVIEW_REQUIRED | EXACT_KZ_SKU_EVIDENCE_REQUIRED,EXACT_SOURCE_SINGLE_CARD,E42-SS/F,https://dental.strauss-co.com/products/e42-ss/
CANON-STRAUSS-M31S-SS-C,Strauss,Short Shank Diamond Burs Diamond Bur,MODERATION,,PHOTO_REVIEW_REQUIRED | EXACT_KZ_SKU_EVIDENCE_REQUIRED,EXACT_SOURCE_SINGLE_CARD,M31S-SS/C,https://dental.strauss-co.com/products/m31s-ss/
CANON-STRAUSS-M31S-SS-SC,Strauss,Short Shank Diamond Burs Diamond Bur,MODERATION,,PHOTO_REVIEW_REQUIRED | EXACT_KZ_SKU_EVIDENCE_REQUIRED,EXACT_SOURCE_SINGLE_CARD,M31S-SS/SC,https://dental.strauss-co.com/products/m31s-ss-3/
CANON-STRAUSS-MS-SS-RFL-5-C,Strauss,Single-Sided Magic Strip,MODERATION,,PHOTO_REVIEW_REQUIRED | EXACT_KZ_SKU_EVIDENCE_REQUIRED,SHARED_IMAGE_REVIEW_REQUIRED,MS-SS-RFL-5/C,https://dental.strauss-co.com/products/ms-ss-rfl-5-c/
CANON-STRAUSS-MS-SS-RFL-5-F,Strauss,Single-Sided Magic Strip,MODERATION,,PHOTO_REVIEW_REQUIRED | EXACT_KZ_SKU_EVIDENCE_REQUIRED,SHARED_IMAGE_REVIEW_REQUIRED,MS-SS-RFL-5/F,https://dental.strauss-co.com/products/ms-ss-rfl-5-f/
CANON-STRAUSS-MS-SS-RFL-5-M,Strauss,Single-Sided Magic Strip,MODERATION,,PHOTO_REVIEW_REQUIRED | EXACT_KZ_SKU_EVIDENCE_REQUIRED,SHARED_IMAGE_REVIEW_REQUIRED,MS-SS-RFL-5/M,https://dental.strauss-co.com/products/ms-ss-rfl-5-m/
CANON-STRAUSS-MS-SS-RFL-5-SF,Strauss,Single-Sided Magic Strip,MODERATION,,PHOTO_REVIEW_REQUIRED | EXACT_KZ_SKU_EVIDENCE_REQUIRED,SHARED_IMAGE_REVIEW_REQUIRED,MS-SS-RFL-5/SF,https://dental.strauss-co.com/products/ms-ss-rfl-5-sf/
CANON-STRAUSS-MS-SS-RFL-C,Strauss,Single-Sided Magic Strip,MODERATION,,PHOTO_REVIEW_REQUIRED | EXACT_KZ_SKU_EVIDENCE_REQUIRED,SHARED_IMAGE_REVIEW_REQUIRED,MS-SS-RFL/C.,https://dental.strauss-co.com/products/ms-ss-rfl-c/
CANON-STRAUSS-MS-SS-RFL-F,Strauss,Single-Sided Magic Strip,MODERATION,,PHOTO_REVIEW_REQUIRED | EXACT_KZ_SKU_EVIDENCE_REQUIRED,SHARED_IMAGE_REVIEW_REQUIRED,MS-SS-RFL/F.,https://dental.strauss-co.com/products/ms-ss-rfl-f/
CANON-STRAUSS-MS-SS-RFL-M,Strauss,Single-Sided Magic Strip,MODERATION,,PHOTO_REVIEW_REQUIRED | EXACT_KZ_SKU_EVIDENCE_REQUIRED,SHARED_IMAGE_REVIEW_REQUIRED,MS-SS-RFL/M.,https://dental.strauss-co.com/products/ms-ss-rfl-m/
CANON-STRAUSS-MS-SS-RFL-SF,Strauss,Single-Sided Magic Strip,MODERATION,,PHOTO_REVIEW_REQUIRED | EXACT_KZ_SKU_EVIDENCE_REQUIRED,SHARED_IMAGE_REVIEW_REQUIRED,MS-SS-RFL/SF.,https://dental.strauss-co.com/products/ms-ss-rfl-sf/
CANON-STRAUSS-SD30180F,Strauss,Sintered Diamond HP Burs Cutting Disc Fine (Green),MODERATION,,PHOTO_REVIEW_REQUIRED | EXACT_KZ_SKU_EVIDENCE_REQUIRED,SHARED_IMAGE_REVIEW_REQUIRED,SD30180F,https://dental.strauss-co.com/products/sd30180f/
CANON-STRAUSS-SD30180Y-F,Strauss,Sintered Diamond HP Burs Cutting Disc Fine (Yellow),MODERATION,,PHOTO_REVIEW_REQUIRED | EXACT_KZ_SKU_EVIDENCE_REQUIRED,SHARED_IMAGE_REVIEW_REQUIRED,SD30180Y-F,https://dental.strauss-co.com/products/sd30180y-f/
CANON-STRAUSS-SD2574-050L13C,Strauss,Sintered Diamond HP Burs Extra Long Flat End Cilynder Coarse (Red),MODERATION,,PHOTO_REVIEW_REQUIRED | EXACT_KZ_SKU_EVIDENCE_REQUIRED,SHARED_IMAGE_REVIEW_REQUIRED,SD2574-050L13C,https://dental.strauss-co.com/products/sd2574-050l13c/
CANON-STRAUSS-SD2574-050L13F,Strauss,Sintered Diamond HP Burs Extra Long Flat End Cilynder Fine (Green),MODERATION,,PHOTO_REVIEW_REQUIRED | EXACT_KZ_SKU_EVIDENCE_REQUIRED,SHARED_IMAGE_REVIEW_REQUIRED,SD2574-050L13F,https://dental.strauss-co.com/products/sd2574-050l13f/
CANON-STRAUSS-SD2574-050L13Y-F,Strauss,Sintered Diamond HP Burs Extra Long Flat End Cilynder Fine (Yellow),MODERATION,,PHOTO_REVIEW_REQUIRED | EXACT_KZ_SKU_EVIDENCE_REQUIRED,SHARED_IMAGE_REVIEW_REQUIRED,SD2574-050L13Y-F,https://dental.strauss-co.com/products/sd2574-050l13y-f/
CANON-STRAUSS-SD2574-050L13M,Strauss,Sintered Diamond HP Burs Extra Long Flat End Cylinder Medium (Blue),MODERATION,,PHOTO_REVIEW_REQUIRED | EXACT_KZ_SKU_EVIDENCE_REQUIRED,SHARED_IMAGE_REVIEW_REQUIRED,SD2574-050L13M,https://dental.strauss-co.com/products/sd2574-050l13m/
CANON-STRAUSS-SD2575-050L13C,Strauss,Sintered Diamond HP Burs Extra Long Flat End Taper Coarse (Red),MODERATION,,PHOTO_REVIEW_REQUIRED | EXACT_KZ_SKU_EVIDENCE_REQUIRED,SHARED_IMAGE_REVIEW_REQUIRED,SD2575-050L13C,https://dental.strauss-co.com/products/sd2575-050l13c/
CANON-STRAUSS-SD2575-050L13F,Strauss,Sintered Diamond HP Burs Extra Long Flat End Taper Fine (Green),MODERATION,,PHOTO_REVIEW_REQUIRED | EXACT_KZ_SKU_EVIDENCE_REQUIRED,SHARED_IMAGE_REVIEW_REQUIRED,SD2575-050L13F,https://dental.strauss-co.com/products/sd2575-050l13f/
CANON-STRAUSS-SD2575-050L13Y-F,Strauss,Sintered Diamond HP Burs Extra Long Flat End Taper Fine (Yellow),MODERATION,,PHOTO_REVIEW_REQUIRED | EXACT_KZ_SKU_EVIDENCE_REQUIRED,SHARED_IMAGE_REVIEW_REQUIRED,SD2575-050L13Y-F,https://dental.strauss-co.com/products/sd2575-050l13y-f/
CANON-STRAUSS-SD2575-050L13M,Strauss,Sintered Diamond HP Burs Extra Long Flat End Taper Medium (Blue),MODERATION,,PHOTO_REVIEW_REQUIRED | EXACT_KZ_SKU_EVIDENCE_REQUIRED,SHARED_IMAGE_REVIEW_REQUIRED,SD2575-050L13M,https://dental.strauss-co.com/products/sd2575-050l13m/
CANON-STRAUSS-SD2575-050L13SC,Strauss,Sintered Diamond HP Burs Extra Long Flat End Taper Super Coarse (Black),MODERATION,,PHOTO_REVIEW_REQUIRED | EXACT_KZ_SKU_EVIDENCE_REQUIRED,SHARED_IMAGE_REVIEW_REQUIRED,SD2575-050L13SC,https://dental.strauss-co.com/products/sd2575-050l13sc/
CANON-STRAUSS-SD2573-050L13C,Strauss,Sintered Diamond HP Burs Extra Long Round End Taper Coarse (Red),MODERATION,,PHOTO_REVIEW_REQUIRED | EXACT_KZ_SKU_EVIDENCE_REQUIRED,SHARED_IMAGE_REVIEW_REQUIRED,SD2573-050L13C,https://dental.strauss-co.com/products/sd2573-050l13c/
CANON-STRAUSS-SD2573-050L13F,Strauss,Sintered Diamond HP Burs Extra Long Round End Taper Fine (Green),MODERATION,,PHOTO_REVIEW_REQUIRED | EXACT_KZ_SKU_EVIDENCE_REQUIRED,SHARED_IMAGE_REVIEW_REQUIRED,SD2573-050L13F,https://dental.strauss-co.com/products/sd2573-050l13f/
CANON-STRAUSS-SD2573-050L13Y-F,Strauss,Sintered Diamond HP Burs Extra Long Round End Taper Fine (Yellow),MODERATION,,PHOTO_REVIEW_REQUIRED | EXACT_KZ_SKU_EVIDENCE_REQUIRED,SHARED_IMAGE_REVIEW_REQUIRED,SD2573-050L13Y-F,https://dental.strauss-co.com/products/sd2573-050l13y-f/
CANON-STRAUSS-SD2573-050L13M,Strauss,Sintered Diamond HP Burs Extra Long Round End Taper Medium (Blue),MODERATION,,PHOTO_REVIEW_REQUIRED | EXACT_KZ_SKU_EVIDENCE_REQUIRED,SHARED_IMAGE_REVIEW_REQUIRED,SD2573-050L13M,https://dental.strauss-co.com/products/sd2573-050l13m/
CANON-STRAUSS-SD2573-050L13SC,Strauss,Sintered Diamond HP Burs Extra Long Round End Taper Super Coarse (Black),MODERATION,,PHOTO_REVIEW_REQUIRED | EXACT_KZ_SKU_EVIDENCE_REQUIRED,SHARED_IMAGE_REVIEW_REQUIRED,SD2573-050L13SC,https://dental.strauss-co.com/products/sd2573-050l13sc/
CANON-STRAUSS-SD2368-031C,Strauss,Sintered Diamond HP Burs Flat End Cilynder Coarse (Red),MODERATION,,PHOTO_REVIEW_REQUIRED | EXACT_KZ_SKU_EVIDENCE_REQUIRED,SHARED_IMAGE_REVIEW_REQUIRED,SD2368-031C,https://dental.strauss-co.com/products/sd2368-031c/
CANON-STRAUSS-SD2368-031F,Strauss,Sintered Diamond HP Burs Flat End Cilynder Fine (Green),MODERATION,,PHOTO_REVIEW_REQUIRED | EXACT_KZ_SKU_EVIDENCE_REQUIRED,SHARED_IMAGE_REVIEW_REQUIRED,SD2368-031F,https://dental.strauss-co.com/products/sd2368-031f/
CANON-STRAUSS-SD2368-031Y-F,Strauss,Sintered Diamond HP Burs Flat End Cilynder Fine (Yellow),MODERATION,,PHOTO_REVIEW_REQUIRED | EXACT_KZ_SKU_EVIDENCE_REQUIRED,SHARED_IMAGE_REVIEW_REQUIRED,SD2368-031Y-F,https://dental.strauss-co.com/products/sd2368-031y-f/
CANON-STRAUSS-SD2368-031M,Strauss,Sintered Diamond HP Burs Flat End Cilynder Medium (Blue),MODERATION,,PHOTO_REVIEW_REQUIRED | EXACT_KZ_SKU_EVIDENCE_REQUIRED,SHARED_IMAGE_REVIEW_REQUIRED,SD2368-031M,https://dental.strauss-co.com/products/sd2368-031m/
CANON-STRAUSS-SD2368-031SC,Strauss,Sintered Diamond HP Burs Flat End Cilynder Super Coarse (Black),MODERATION,,PHOTO_REVIEW_REQUIRED | EXACT_KZ_SKU_EVIDENCE_REQUIRED,SHARED_IMAGE_REVIEW_REQUIRED,SD2368-031SC,https://dental.strauss-co.com/products/sd2368-031sc/
CANON-STRAUSS-SD2367-031C,Strauss,Sintered Diamond HP Burs Flat End Taper Coarse (Red),MODERATION,,PHOTO_REVIEW_REQUIRED | EXACT_KZ_SKU_EVIDENCE_REQUIRED,SHARED_IMAGE_REVIEW_REQUIRED,SD2367-031C,https://dental.strauss-co.com/products/sd2367-031c/
CANON-STRAUSS-SD2367-031F,Strauss,Sintered Diamond HP Burs Flat End Taper Fine (Green),MODERATION,,PHOTO_REVIEW_REQUIRED | EXACT_KZ_SKU_EVIDENCE_REQUIRED,SHARED_IMAGE_REVIEW_REQUIRED,SD2367-031F,https://dental.strauss-co.com/products/sd2367-031f/
CANON-STRAUSS-SD2367-031Y-F,Strauss,Sintered Diamond HP Burs Flat End Taper Fine (Yellow),MODERATION,,PHOTO_REVIEW_REQUIRED | EXACT_KZ_SKU_EVIDENCE_REQUIRED,SHARED_IMAGE_REVIEW_REQUIRED,SD2367-031Y-F,https://dental.strauss-co.com/products/sd2367-031y-f/
CANON-STRAUSS-SD2367-031M,Strauss,Sintered Diamond HP Burs Flat End Taper Medium (Blue),MODERATION,,PHOTO_REVIEW_REQUIRED | EXACT_KZ_SKU_EVIDENCE_REQUIRED,SHARED_IMAGE_REVIEW_REQUIRED,SD2367-031M,https://dental.strauss-co.com/products/sd2367-031m/
CANON-STRAUSS-SD2367-031SC,Strauss,Sintered Diamond HP Burs Flat End Taper Super Coarse (Black),MODERATION,,PHOTO_REVIEW_REQUIRED | EXACT_KZ_SKU_EVIDENCE_REQUIRED,SHARED_IMAGE_REVIEW_REQUIRED,SD2367-031SC,https://dental.strauss-co.com/products/sd2367-031sc/
CANON-STRAUSS-SD2366-031M,Strauss,Sintered Diamond HP Burs Inverted Cone Medium (Blue),MODERATION,,PHOTO_REVIEW_REQUIRED | EXACT_KZ_SKU_EVIDENCE_REQUIRED,SHARED_IMAGE_REVIEW_REQUIRED,SD2366-031M,https://dental.strauss-co.com/products/sd2366-031m/
CANON-STRAUSS-SD2366-031SC,Strauss,Sintered Diamond HP Burs Inverted Cone Super Coarse (Black),MODERATION,,PHOTO_REVIEW_REQUIRED | EXACT_KZ_SKU_EVIDENCE_REQUIRED,SHARED_IMAGE_REVIEW_REQUIRED,SD2366-031SC,https://dental.strauss-co.com/products/sd2366-031sc/
CANON-STRAUSS-SD2366-031C,Strauss,Sintered Diamond HP Burs Inverted Cone Super Coarse (Red),MODERATION,,PHOTO_REVIEW_REQUIRED | EXACT_KZ_SKU_EVIDENCE_REQUIRED,SHARED_IMAGE_REVIEW_REQUIRED,SD2366-031C,https://dental.strauss-co.com/products/sd2366-031c/
CANON-STRAUSS-SD2366-031Y-F,Strauss,Sintered Diamond HP Burs Inverted Cone Super Coarse (Yellow),MODERATION,,PHOTO_REVIEW_REQUIRED | EXACT_KZ_SKU_EVIDENCE_REQUIRED,SHARED_IMAGE_REVIEW_REQUIRED,SD2366-031Y-F,https://dental.strauss-co.com/products/sd2366-031y-f/
CANON-STRAUSS-SD2366-031F,Strauss,Sintered Diamond HP Burs Inverted Cone Super Fine (Green),MODERATION,,PHOTO_REVIEW_REQUIRED | EXACT_KZ_SKU_EVIDENCE_REQUIRED,SHARED_IMAGE_REVIEW_REQUIRED,SD2366-031F,https://dental.strauss-co.com/products/sd2366-031f/
CANON-STRAUSS-SD1012-120Y-F,Strauss,Sintered Diamond HP Burs Knife Edge Wheel Fine (Yellow),MODERATION,,PHOTO_REVIEW_REQUIRED | EXACT_KZ_SKU_EVIDENCE_REQUIRED,SHARED_IMAGE_REVIEW_REQUIRED,SD1012-120Y-F,https://dental.strauss-co.com/products/sd1012-120y-f/
CANON-STRAUSS-SD1012-120M,Strauss,Sintered Diamond HP Burs Knife Edge Wheel Medium (Blue),MODERATION,,PHOTO_REVIEW_REQUIRED | EXACT_KZ_SKU_EVIDENCE_REQUIRED,SHARED_IMAGE_REVIEW_REQUIRED,SD1012-120M,https://dental.strauss-co.com/products/sd1012-120m/
CANON-STRAUSS-SD2574-050C,Strauss,Sintered Diamond HP Burs Long Flat End Cilynder Coarse (Red),MODERATION,,PHOTO_REVIEW_REQUIRED | EXACT_KZ_SKU_EVIDENCE_REQUIRED,SHARED_IMAGE_REVIEW_REQUIRED,SD2574-050C,https://dental.strauss-co.com/products/sd2574-050c/
CANON-STRAUSS-SD2574-050F,Strauss,Sintered Diamond HP Burs Long Flat End Cilynder Fine (Green),MODERATION,,PHOTO_REVIEW_REQUIRED | EXACT_KZ_SKU_EVIDENCE_REQUIRED,SHARED_IMAGE_REVIEW_REQUIRED,SD2574-050F,https://dental.strauss-co.com/products/sd2574-050f/
CANON-STRAUSS-SD2574-050Y-F,Strauss,Sintered Diamond HP Burs Long Flat End Cilynder Fine (Yellow),MODERATION,,PHOTO_REVIEW_REQUIRED | EXACT_KZ_SKU_EVIDENCE_REQUIRED,SHARED_IMAGE_REVIEW_REQUIRED,SD2574-050Y-F,https://dental.strauss-co.com/products/sd2574-050y-f/
CANON-STRAUSS-SD2574-050SC,Strauss,Sintered Diamond HP Burs Long Flat End Cilynder Super Coarse (Black),MODERATION,,PHOTO_REVIEW_REQUIRED | EXACT_KZ_SKU_EVIDENCE_REQUIRED,SHARED_IMAGE_REVIEW_REQUIRED,SD2574-050SC,https://dental.strauss-co.com/products/sd2574-050sc/
CANON-STRAUSS-SD2574-050M,Strauss,Sintered Diamond HP Burs Long Flat End Cylinder Medium (Blue),MODERATION,,PHOTO_REVIEW_REQUIRED | EXACT_KZ_SKU_EVIDENCE_REQUIRED,SHARED_IMAGE_REVIEW_REQUIRED,SD2574-050M,https://dental.strauss-co.com/products/sd2574-050m/
CANON-STRAUSS-SD2575-050C,Strauss,Sintered Diamond HP Burs Long Flat End Taper Coarse (Red),MODERATION,,PHOTO_REVIEW_REQUIRED | EXACT_KZ_SKU_EVIDENCE_REQUIRED,SHARED_IMAGE_REVIEW_REQUIRED,SD2575-050C,https://dental.strauss-co.com/products/sd2575-050c/
CANON-STRAUSS-SD2575-050F,Strauss,Sintered Diamond HP Burs Long Flat End Taper Fine (Green),MODERATION,,PHOTO_REVIEW_REQUIRED | EXACT_KZ_SKU_EVIDENCE_REQUIRED,SHARED_IMAGE_REVIEW_REQUIRED,SD2575-050F,https://dental.strauss-co.com/products/sd2575-050f/
CANON-STRAUSS-SD2575-050Y-F,Strauss,Sintered Diamond HP Burs Long Flat End Taper Fine (Yellow),MODERATION,,PHOTO_REVIEW_REQUIRED | EXACT_KZ_SKU_EVIDENCE_REQUIRED,SHARED_IMAGE_REVIEW_REQUIRED,SD2575-050Y-F,https://dental.strauss-co.com/products/sd2575-050y-f/
CANON-STRAUSS-SD2575-050M,Strauss,Sintered Diamond HP Burs Long Flat End Taper Medium (Blue),MODERATION,,PHOTO_REVIEW_REQUIRED | EXACT_KZ_SKU_EVIDENCE_REQUIRED,SHARED_IMAGE_REVIEW_REQUIRED,SD2575-050M,https://dental.strauss-co.com/products/sd2575-050m/
CANON-STRAUSS-SD2575-050SC,Strauss,Sintered Diamond HP Burs Long Flat End Taper Super Coarse (Black),MODERATION,,PHOTO_REVIEW_REQUIRED | EXACT_KZ_SKU_EVIDENCE_REQUIRED,SHARED_IMAGE_REVIEW_REQUIRED,SD2575-050SC,https://dental.strauss-co.com/products/sd2575-050sc/
CANON-STRAUSS-SD2576-050C,Strauss,Sintered Diamond HP Burs Long Round End Cilynder Coarse (Red),MODERATION,,PHOTO_REVIEW_REQUIRED | EXACT_KZ_SKU_EVIDENCE_REQUIRED,SHARED_IMAGE_REVIEW_REQUIRED,SD2576-050C,https://dental.strauss-co.com/products/sd2576-050c/
CANON-STRAUSS-SD2576-050Y-F,Strauss,Sintered Diamond HP Burs Long Round End Cilynder Coarse (Yellow),MODERATION,,PHOTO_REVIEW_REQUIRED | EXACT_KZ_SKU_EVIDENCE_REQUIRED,SHARED_IMAGE_REVIEW_REQUIRED,SD2576-050Y-F,https://dental.strauss-co.com/products/sd2576-050y-f/
CANON-STRAUSS-SD2576-050F,Strauss,Sintered Diamond HP Burs Long Round End Cilynder Fine (Green),MODERATION,,PHOTO_REVIEW_REQUIRED | EXACT_KZ_SKU_EVIDENCE_REQUIRED,SHARED_IMAGE_REVIEW_REQUIRED,SD2576-050F,https://dental.strauss-co.com/products/sd2576-050f/
CANON-STRAUSS-SD2576-050SC,Strauss,Sintered Diamond HP Burs Long Round End Cilynder Super Coarse (Black),MODERATION,,PHOTO_REVIEW_REQUIRED | EXACT_KZ_SKU_EVIDENCE_REQUIRED,SHARED_IMAGE_REVIEW_REQUIRED,SD2576-050SC,https://dental.strauss-co.com/products/sd2576-050sc/
CANON-STRAUSS-SD2576-050M,Strauss,Sintered Diamond HP Burs Long Round End Cylinder Medium (Blue),MODERATION,,PHOTO_REVIEW_REQUIRED | EXACT_KZ_SKU_EVIDENCE_REQUIRED,SHARED_IMAGE_REVIEW_REQUIRED,SD2576-050M,https://dental.strauss-co.com/products/sd2576-050m/
CANON-STRAUSS-SD200-040C,Strauss,Sintered Diamond HP Burs Long Round End Taper Coarse (Green),MODERATION,,PHOTO_REVIEW_REQUIRED | EXACT_KZ_SKU_EVIDENCE_REQUIRED,SHARED_IMAGE_REVIEW_REQUIRED,SD200-040C,https://dental.strauss-co.com/products/sd200-040c/
CANON-STRAUSS-SD2572-050C,Strauss,Sintered Diamond HP Burs Long Round End Taper Coarse (Red),MODERATION,,PHOTO_REVIEW_REQUIRED | EXACT_KZ_SKU_EVIDENCE_REQUIRED,SHARED_IMAGE_REVIEW_REQUIRED,SD2572-050C,https://dental.strauss-co.com/products/sd2572-050c/
CANON-STRAUSS-SD2572-050F,Strauss,Sintered Diamond HP Burs Long Round End Taper Fine (Green),MODERATION,,PHOTO_REVIEW_REQUIRED | EXACT_KZ_SKU_EVIDENCE_REQUIRED,SHARED_IMAGE_REVIEW_REQUIRED,SD2572-050F,https://dental.strauss-co.com/products/sd2572-050f/
CANON-STRAUSS-SD2573-050F,Strauss,Sintered Diamond HP Burs Long Round End Taper Fine (Green),MODERATION,,PHOTO_REVIEW_REQUIRED | EXACT_KZ_SKU_EVIDENCE_REQUIRED,SHARED_IMAGE_REVIEW_REQUIRED,SD2573-050F,https://dental.strauss-co.com/products/sd2573-050f/
CANON-STRAUSS-SD2572-050Y-F,Strauss,Sintered Diamond HP Burs Long Round End Taper Fine (Yellow),MODERATION,,PHOTO_REVIEW_REQUIRED | EXACT_KZ_SKU_EVIDENCE_REQUIRED,SHARED_IMAGE_REVIEW_REQUIRED,SD2572-050Y-F,https://dental.strauss-co.com/products/sd2572-050y-f/
CANON-STRAUSS-SD2573-050Y-F,Strauss,Sintered Diamond HP Burs Long Round End Taper Fine (Yellow),MODERATION,,PHOTO_REVIEW_REQUIRED | EXACT_KZ_SKU_EVIDENCE_REQUIRED,SHARED_IMAGE_REVIEW_REQUIRED,SD2573-050Y-F,https://dental.strauss-co.com/products/sd2573-050y-f/
CANON-STRAUSS-SD2572-050M,Strauss,Sintered Diamond HP Burs Long Round End Taper Medium (Blue),MODERATION,,PHOTO_REVIEW_REQUIRED | EXACT_KZ_SKU_EVIDENCE_REQUIRED,SHARED_IMAGE_REVIEW_REQUIRED,SD2572-050M,https://dental.strauss-co.com/products/sd2572-050m/
CANON-STRAUSS-SD2573-050M,Strauss,Sintered Diamond HP Burs Long Round End Taper Medium (Blue),MODERATION,,PHOTO_REVIEW_REQUIRED | EXACT_KZ_SKU_EVIDENCE_REQUIRED,SHARED_IMAGE_REVIEW_REQUIRED,SD2573-050M,https://dental.strauss-co.com/products/sd2573-050m/
CANON-STRAUSS-SD2572-050SC,Strauss,Sintered Diamond HP Burs Long Round End Taper Super Coarse (Black),MODERATION,,PHOTO_REVIEW_REQUIRED | EXACT_KZ_SKU_EVIDENCE_REQUIRED,SHARED_IMAGE_REVIEW_REQUIRED,SD2572-050SC,https://dental.strauss-co.com/products/sd2572-050sc/
CANON-STRAUSS-SD2573-050SC,Strauss,Sintered Diamond HP Burs Long Round End Taper Super Coarse (Black),MODERATION,,PHOTO_REVIEW_REQUIRED | EXACT_KZ_SKU_EVIDENCE_REQUIRED,SHARED_IMAGE_REVIEW_REQUIRED,SD2573-050SC,https://dental.strauss-co.com/products/sd2573-050sc/
CANON-STRAUSS-SD2571-050C,Strauss,Sintered Diamond HP Burs Long X-Mas Tree Coarse (Red),MODERATION,,PHOTO_REVIEW_REQUIRED | EXACT_KZ_SKU_EVIDENCE_REQUIRED,SHARED_IMAGE_REVIEW_REQUIRED,SD2571-050C,https://dental.strauss-co.com/products/sd2571-050c/
CANON-STRAUSS-SD2571-050F,Strauss,Sintered Diamond HP Burs Long X-Mas Tree Fine (Green),MODERATION,,PHOTO_REVIEW_REQUIRED | EXACT_KZ_SKU_EVIDENCE_REQUIRED,SHARED_IMAGE_REVIEW_REQUIRED,SD2571-050F,https://dental.strauss-co.com/products/sd2571-050f/
CANON-STRAUSS-SD2571-050Y-F,Strauss,Sintered Diamond HP Burs Long X-Mas Tree Fine (Yellow),MODERATION,,PHOTO_REVIEW_REQUIRED | EXACT_KZ_SKU_EVIDENCE_REQUIRED,SHARED_IMAGE_REVIEW_REQUIRED,SD2571-050Y-F,https://dental.strauss-co.com/products/sd2571-050y-f/
CANON-STRAUSS-SD2571-050M,Strauss,Sintered Diamond HP Burs Long X-Mas Tree Medium (Blue),MODERATION,,PHOTO_REVIEW_REQUIRED | EXACT_KZ_SKU_EVIDENCE_REQUIRED,SHARED_IMAGE_REVIEW_REQUIRED,SD2571-050M,https://dental.strauss-co.com/products/sd2571-050m/
CANON-STRAUSS-SD2571-050SC,Strauss,Sintered Diamond HP Burs Long X-Mas Tree Super Coarse (Black),MODERATION,,PHOTO_REVIEW_REQUIRED | EXACT_KZ_SKU_EVIDENCE_REQUIRED,SHARED_IMAGE_REVIEW_REQUIRED,SD2571-050SC,https://dental.strauss-co.com/products/sd2571-050sc/
CANON-STRAUSS-SD2371-031C,Strauss,Sintered Diamond HP Burs Needle Coarse (Red),MODERATION,,PHOTO_REVIEW_REQUIRED | EXACT_KZ_SKU_EVIDENCE_REQUIRED,SHARED_IMAGE_REVIEW_REQUIRED,SD2371-031C,https://dental.strauss-co.com/products/sd2371-031c/
CANON-STRAUSS-SD2371-031F,Strauss,Sintered Diamond HP Burs Needle Fine (Green),MODERATION,,PHOTO_REVIEW_REQUIRED | EXACT_KZ_SKU_EVIDENCE_REQUIRED,SHARED_IMAGE_REVIEW_REQUIRED,SD2371-031F,https://dental.strauss-co.com/products/sd2371-031f/
CANON-STRAUSS-SD2371-031Y-F,Strauss,Sintered Diamond HP Burs Needle Fine (Yellow),MODERATION,,PHOTO_REVIEW_REQUIRED | EXACT_KZ_SKU_EVIDENCE_REQUIRED,SHARED_IMAGE_REVIEW_REQUIRED,SD2371-031Y-F,https://dental.strauss-co.com/products/sd2371-031y-f/
CANON-STRAUSS-SD2371-031M,Strauss,Sintered Diamond HP Burs Needle Medium (Blue),MODERATION,,PHOTO_REVIEW_REQUIRED | EXACT_KZ_SKU_EVIDENCE_REQUIRED,SHARED_IMAGE_REVIEW_REQUIRED,SD2371-031M,https://dental.strauss-co.com/products/sd2371-031m/
CANON-STRAUSS-SD2371-031SC,Strauss,Sintered Diamond HP Burs Needle Super Coarse (Black),MODERATION,,PHOTO_REVIEW_REQUIRED | EXACT_KZ_SKU_EVIDENCE_REQUIRED,SHARED_IMAGE_REVIEW_REQUIRED,SD2371-031SC,https://dental.strauss-co.com/products/sd2371-031sc/
CANON-STRAUSS-SD2370-031C,Strauss,Sintered Diamond HP Burs Round End Cilynder Coarse (Red),MODERATION,,PHOTO_REVIEW_REQUIRED | EXACT_KZ_SKU_EVIDENCE_REQUIRED,SHARED_IMAGE_REVIEW_REQUIRED,SD2370-031C,https://dental.strauss-co.com/products/sd2370-031c/
CANON-STRAUSS-SD2370-031Y-F,Strauss,Sintered Diamond HP Burs Round End Cilynder Coarse (Yellow),MODERATION,,PHOTO_REVIEW_REQUIRED | EXACT_KZ_SKU_EVIDENCE_REQUIRED,SHARED_IMAGE_REVIEW_REQUIRED,SD2370-031Y-F,https://dental.strauss-co.com/products/sd2370-031y-f/
CANON-STRAUSS-SD2370-031F,Strauss,Sintered Diamond HP Burs Round End Cilynder Fine (Green),MODERATION,,PHOTO_REVIEW_REQUIRED | EXACT_KZ_SKU_EVIDENCE_REQUIRED,SHARED_IMAGE_REVIEW_REQUIRED,SD2370-031F,https://dental.strauss-co.com/products/sd2370-031f/
CANON-STRAUSS-SD2370-031M,Strauss,Sintered Diamond HP Burs Round End Cilynder Medium (Blue),MODERATION,,PHOTO_REVIEW_REQUIRED | EXACT_KZ_SKU_EVIDENCE_REQUIRED,SHARED_IMAGE_REVIEW_REQUIRED,SD2370-031M,https://dental.strauss-co.com/products/sd2370-031m/
CANON-STRAUSS-SD2370-031SC,Strauss,Sintered Diamond HP Burs Round End Cilynder Super Coarse (Black),MODERATION,,PHOTO_REVIEW_REQUIRED | EXACT_KZ_SKU_EVIDENCE_REQUIRED,SHARED_IMAGE_REVIEW_REQUIRED,SD2370-031SC,https://dental.strauss-co.com/products/sd2370-031sc/
CANON-STRAUSS-SD2369-031C,Strauss,Sintered Diamond HP Burs Round End Taper Coarse (Red),MODERATION,,PHOTO_REVIEW_REQUIRED | EXACT_KZ_SKU_EVIDENCE_REQUIRED,SHARED_IMAGE_REVIEW_REQUIRED,SD2369-031C,https://dental.strauss-co.com/products/sd2369-031c/
CANON-STRAUSS-SD2369-031F,Strauss,Sintered Diamond HP Burs Round End Taper Fine (Green),MODERATION,,PHOTO_REVIEW_REQUIRED | EXACT_KZ_SKU_EVIDENCE_REQUIRED,SHARED_IMAGE_REVIEW_REQUIRED,SD2369-031F,https://dental.strauss-co.com/products/sd2369-031f/
CANON-STRAUSS-SD2369-031Y-F,Strauss,Sintered Diamond HP Burs Round End Taper Fine (Yellow),MODERATION,,PHOTO_REVIEW_REQUIRED | EXACT_KZ_SKU_EVIDENCE_REQUIRED,SHARED_IMAGE_REVIEW_REQUIRED,SD2369-031Y-F,https://dental.strauss-co.com/products/sd2369-031y-f/
CANON-STRAUSS-SD2369-031M,Strauss,Sintered Diamond HP Burs Round End Taper Medium (Blue),MODERATION,,PHOTO_REVIEW_REQUIRED | EXACT_KZ_SKU_EVIDENCE_REQUIRED,SHARED_IMAGE_REVIEW_REQUIRED,SD2369-031M,https://dental.strauss-co.com/products/sd2369-031m/
CANON-STRAUSS-SD2369-031SC,Strauss,Sintered Diamond HP Burs Round End Taper Super Coarse (Black),MODERATION,,PHOTO_REVIEW_REQUIRED | EXACT_KZ_SKU_EVIDENCE_REQUIRED,SHARED_IMAGE_REVIEW_REQUIRED,SD2369-031SC,https://dental.strauss-co.com/products/sd2369-031sc/
CANON-STRAUSS-SD1020-100C,Strauss,Sintered Diamond HP Burs Wheel Coarse (Red),MODERATION,,PHOTO_REVIEW_REQUIRED | EXACT_KZ_SKU_EVIDENCE_REQUIRED,SHARED_IMAGE_REVIEW_REQUIRED,SD1020-100C,https://dental.strauss-co.com/products/sd1020-100c/
CANON-STRAUSS-SD1020-100F,Strauss,Sintered Diamond HP Burs Wheel Fine (Green),MODERATION,,PHOTO_REVIEW_REQUIRED | EXACT_KZ_SKU_EVIDENCE_REQUIRED,SHARED_IMAGE_REVIEW_REQUIRED,SD1020-100F,https://dental.strauss-co.com/products/sd1020-100f/
CANON-STRAUSS-SD1020-100Y-F,Strauss,Sintered Diamond HP Burs Wheel Fine (Yellow),MODERATION,,PHOTO_REVIEW_REQUIRED | EXACT_KZ_SKU_EVIDENCE_REQUIRED,SHARED_IMAGE_REVIEW_REQUIRED,SD1020-100Y-F,https://dental.strauss-co.com/products/sd1020-100y-f/
CANON-STRAUSS-SD1020-100M,Strauss,Sintered Diamond HP Burs Wheel Medium (Blue),MODERATION,,PHOTO_REVIEW_REQUIRED | EXACT_KZ_SKU_EVIDENCE_REQUIRED,SHARED_IMAGE_REVIEW_REQUIRED,SD1020-100M,https://dental.strauss-co.com/products/sd1020-100m/
CANON-STRAUSS-SD1020-100SC,Strauss,Sintered Diamond HP Burs Wheel Super Coarse (Black),MODERATION,,PHOTO_REVIEW_REQUIRED | EXACT_KZ_SKU_EVIDENCE_REQUIRED,SHARED_IMAGE_REVIEW_REQUIRED,SD1020-100SC,https://dental.strauss-co.com/products/sd1020-100sc/
CANON-STRAUSS-TB3X4,Strauss,Trephine bur,MODERATION,,PHOTO_REVIEW_REQUIRED | EXACT_KZ_SKU_EVIDENCE_REQUIRED,SHARED_IMAGE_REVIEW_REQUIRED,TB3X4,https://dental.strauss-co.com/products/tb3x4/
CANON-STRAUSS-TB4X5,Strauss,Trephine bur,MODERATION,,PHOTO_REVIEW_REQUIRED | EXACT_KZ_SKU_EVIDENCE_REQUIRED,SHARED_IMAGE_REVIEW_REQUIRED,TB4X5,https://dental.strauss-co.com/products/tb4x5/
CANON-STRAUSS-TB5X6,Strauss,Trephine bur,MODERATION,,PHOTO_REVIEW_REQUIRED | EXACT_KZ_SKU_EVIDENCE_REQUIRED,SHARED_IMAGE_REVIEW_REQUIRED,TB5X6,https://dental.strauss-co.com/products/tb5x6/
CANON-STRAUSS-DFD22-02,Strauss,Zirconia Cutting Disc,MODERATION,,PHOTO_REVIEW_REQUIRED | EXACT_KZ_SKU_EVIDENCE_REQUIRED,SHARED_IMAGE_REVIEW_REQUIRED,DFD22-02,https://dental.strauss-co.com/products/dfd22-02/
CANON-SUNTEM-SIP-10,Suntem,SIP-10 (built-in) dental chair water disinfection instrument,MODERATION,,PHOTO_REVIEW_REQUIRED | DESCRIPTION_REVIEW_REQUIRED | EXACT_KZ_SKU_EVIDENCE_REQUIRED,SHARED_IMAGE_REVIEW_REQUIRED,SIP-10,https://suntem.cn/en/other/1350.jhtml
CANON-SUNTEM-ST-ANNA,Suntem,ST-ANNA DENTAL UNIT (children's dental chair),MODERATION,,PHOTO_REVIEW_REQUIRED | DESCRIPTION_REVIEW_REQUIRED | EXACT_KZ_SKU_EVIDENCE_REQUIRED,SHARED_IMAGE_REVIEW_REQUIRED,ST-ANNA,https://suntem.cn/en/dental/1336.jhtml
CANON-SUNTEM-ST-D560,Suntem,ST-D560 DENTAL UNIT,MODERATION,,PHOTO_REVIEW_REQUIRED | DESCRIPTION_REVIEW_REQUIRED | EXACT_KZ_SKU_EVIDENCE_REQUIRED,SHARED_IMAGE_REVIEW_REQUIRED,ST-D560,https://suntem.cn/en/dental/1338.jhtml
CANON-SUNTEM-ST-D570,Suntem,ST-D570 DENTAL UNIT,MODERATION,,PHOTO_REVIEW_REQUIRED | DESCRIPTION_REVIEW_REQUIRED | EXACT_KZ_SKU_EVIDENCE_REQUIRED,SHARED_IMAGE_REVIEW_REQUIRED,ST-D570,https://suntem.cn/en/dental/1339.jhtml
CANON-SUNTEM-ST-D580,Suntem,ST-D580 DENTAL UNIT,MODERATION,,PHOTO_REVIEW_REQUIRED | DESCRIPTION_REVIEW_REQUIRED | EXACT_KZ_SKU_EVIDENCE_REQUIRED,SHARED_IMAGE_REVIEW_REQUIRED,ST-D580,https://suntem.cn/en/dental/1340.jhtml
CANON-SUNTEM-ST-RYAN,Suntem,ST-RYAN DENTAL UNIT (implant),MODERATION,,PHOTO_REVIEW_REQUIRED | DESCRIPTION_REVIEW_REQUIRED | EXACT_KZ_SKU_EVIDENCE_REQUIRED,SHARED_IMAGE_REVIEW_REQUIRED,ST-RYAN,https://suntem.cn/en/dental/1337.jhtml
CANON-TOBOOM-21,TOBOOM,Elastic ceramic polishing set (for low speed straight machine),MODERATION,,CATEGORY_REQUIRED | MANUFACTURER_REFERENCE_REQUIRED | PHOTO_REVIEW_REQUIRED | KZ_MARKET_EVIDENCE_REQUIRED,SHARED_IMAGE_REVIEW_REQUIRED,,https://en.toboom.com.cn/product/21.html
CANON-TOBOOM-RA1312D,TOBOOM,Elastic Ceramic Polishing Set RA1312D,MODERATION,,CATEGORY_REQUIRED | PHOTO_REVIEW_REQUIRED | KZ_MARKET_EVIDENCE_REQUIRED,SHARED_IMAGE_REVIEW_REQUIRED,RA1312D,https://en.toboom.com.cn/product/500.html
CANON-TOBOOM-15,TOBOOM,Elastomeric Ceramic Polishing Set (For Low Speed Bending Machine),MODERATION,,CATEGORY_REQUIRED | MANUFACTURER_REFERENCE_REQUIRED | PHOTO_REVIEW_REQUIRED | KZ_MARKET_EVIDENCE_REQUIRED,SHARED_IMAGE_REVIEW_REQUIRED,,https://en.toboom.com.cn/product/15.html
CANON-TOBOOM-497,TOBOOM,Glass Ceramic Polishing Kit (HP),MODERATION,,CATEGORY_REQUIRED | MANUFACTURER_REFERENCE_REQUIRED | PHOTO_REVIEW_REQUIRED | KZ_MARKET_EVIDENCE_REQUIRED,SHARED_IMAGE_REVIEW_REQUIRED,,https://en.toboom.com.cn/product/497.html
CANON-TOBOOM-RA-1212-D,TOBOOM,Glass ceramic polishing set ((for low speed bending machine),MODERATION,,CATEGORY_REQUIRED | PHOTO_REVIEW_REQUIRED | KZ_MARKET_EVIDENCE_REQUIRED,SHARED_IMAGE_REVIEW_REQUIRED,RA 1212 D,https://en.toboom.com.cn/product/14.html
CANON-TOBOOM-20,TOBOOM,Glass ceramic polishing set (for low speed straight machine),MODERATION,,CATEGORY_REQUIRED | MANUFACTURER_REFERENCE_REQUIRED | PHOTO_REVIEW_REQUIRED | KZ_MARKET_EVIDENCE_REQUIRED,SHARED_IMAGE_REVIEW_REQUIRED,,https://en.toboom.com.cn/product/20.html
CANON-TOBOOM-499,TOBOOM,Glass Ceramic Polishing Set (RA),MODERATION,,CATEGORY_REQUIRED | MANUFACTURER_REFERENCE_REQUIRED | PHOTO_REVIEW_REQUIRED | KZ_MARKET_EVIDENCE_REQUIRED,SHARED_IMAGE_REVIEW_REQUIRED,,https://en.toboom.com.cn/product/499.html
CANON-TOBOOM-498,TOBOOM,Resilient Ceramic Polishing Kit (HP),MODERATION,,CATEGORY_REQUIRED | MANUFACTURER_REFERENCE_REQUIRED | PHOTO_REVIEW_REQUIRED | KZ_MARKET_EVIDENCE_REQUIRED,SHARED_IMAGE_REVIEW_REQUIRED,,https://en.toboom.com.cn/product/498.html
CANON-TOBOOM-501,TOBOOM,Resilient Ceramic Polishing Set (RA),MODERATION,,CATEGORY_REQUIRED | MANUFACTURER_REFERENCE_REQUIRED | PHOTO_REVIEW_REQUIRED | KZ_MARKET_EVIDENCE_REQUIRED,SHARED_IMAGE_REVIEW_REQUIRED,,https://en.toboom.com.cn/product/501.html
CANON-ULTRADENT-5361,Ultradent,OpalescenceTM 10%,MODERATION,,PHOTO_REVIEW_REQUIRED | EXACT_KZ_SKU_EVIDENCE_REQUIRED,SHARED_IMAGE_REVIEW_REQUIRED,5361 | 5363 | 5391 | 5393,https://www.ultradent.com/products/categories/whitening/take-home/opalescence-10-percent
CANON-ULTRADENT-5357,Ultradent,"OpalescenceTM PF 10%, 15%, 20%, 35%, and 45%",MODERATION,,PHOTO_REVIEW_REQUIRED | EXACT_KZ_SKU_EVIDENCE_REQUIRED,SHARED_IMAGE_REVIEW_REQUIRED,5357 | 5359 | 5364 | 5365 | 5366 | 5367 | 5368 | 5369 | 5370 | 5371 | 5372 | 5373 | 5374 | 5375 | 5394 | 5395 | 5396 | 5397 | 5398 | 5399 | 5400 | 5401 | 5402 | 5403 | 5404 | 5405,https://www.ultradent.com/products/categories/whitening/take-home/opalescence-pf
CANON-ULTRADENT-4072,Ultradent,Thermo CloneTM Bite Registration,MODERATION,,PHOTO_REVIEW_REQUIRED | EXACT_KZ_SKU_EVIDENCE_REQUIRED,GENERIC_ASSET_REJECTED,4072- | 4079-,https://www.ultradent.com/products/categories/indirect-restorative/impression-material/thermo-clone-bite-registration
CANON-ULTRADENT-4327,Ultradent,Thermo CloneTM VPS Alginate Alternative,MODERATION,,PHOTO_REVIEW_REQUIRED | EXACT_KZ_SKU_EVIDENCE_REQUIRED,GENERIC_ASSET_REJECTED,4327- | 4328- | 4329-,https://www.ultradent.com/products/categories/impressions/alginate/thermo-clone-vps-alginate-alternative
CANON-UP3D-UP3D-P42,UP3D,P42,REJECT,INVALID_PRODUCT_IDENTITY,MANUFACTURER_REFERENCE_REQUIRED | EXACT_KZ_SKU_EVIDENCE_REQUIRED,EXACT_SOURCE_SINGLE_CARD,,https://www.up3dtech.com/en/product/P42
CANON-UP3D-UP3D-P53,UP3D,P53,REJECT,INVALID_PRODUCT_IDENTITY,MANUFACTURER_REFERENCE_REQUIRED | EXACT_KZ_SKU_EVIDENCE_REQUIRED,EXACT_SOURCE_SINGLE_CARD,,https://www.up3dtech.com/en/product/P53
CANON-VERICOM-DENTI-KZ-VERICOM-16338,Vericom,Гель для запечатывания фиссур ECO-S (ECONOMIC) комплект,MODERATION,,MANUFACTURER_REFERENCE_REQUIRED | PHOTO_REVIEW_REQUIRED,SHARED_IMAGE_REVIEW_REQUIRED,,https://denti.kz/orders/blank_zakaza/instrumenty_3/ortopediya-i-terapiya/raskhodnyy-material/gel-dlya-zapechatyvaniya-fissur-eco-s-economic-komplekt/
CANON-VERICOM-DENTI-KZ-VERICOM-16340,Vericom,Гель для запечатывания фиссур ECO-S (NORMAL) комплект,MODERATION,,MANUFACTURER_REFERENCE_REQUIRED | PHOTO_REVIEW_REQUIRED,SHARED_IMAGE_REVIEW_REQUIRED,,https://denti.kz/orders/blank_zakaza/instrumenty_3/ortopediya-i-terapiya/raskhodnyy-material/gel-dlya-zapechatyvaniya-fissur-eco-s-normal-komplekt/
CANON-VITA-VITA-132674,VITA,Aufbewahrung,MODERATION,,MANUFACTURER_REFERENCE_REQUIRED | PHOTO_REVIEW_REQUIRED | EXACT_KZ_SKU_EVIDENCE_REQUIRED,SHARED_IMAGE_REVIEW_REQUIRED,,"https://www.vita-zahnfabrik.com/en/CAD/CAM-fabrication/Accessories/VITA-Modulbox-132674,27568.html"
CANON-VITA-VITA-132579,VITA,Aufbewahrung,MODERATION,,MANUFACTURER_REFERENCE_REQUIRED | PHOTO_REVIEW_REQUIRED | EXACT_KZ_SKU_EVIDENCE_REQUIRED,SHARED_IMAGE_REVIEW_REQUIRED,,"https://www.vita-zahnfabrik.com/en/Veneering/Accessories/VITA-Modulbox-132579,27568.html"
CANON-VITA-VITA-323355,VITA,LUMEX UNIQUE,MODERATION,,MANUFACTURER_REFERENCE_REQUIRED | PHOTO_REVIEW_REQUIRED | EXACT_KZ_SKU_EVIDENCE_REQUIRED,SHARED_IMAGE_REVIEW_REQUIRED,,"https://www.vita-zahnfabrik.com/en/Veneering/Liquid-Ceramic/VITA-LUMEX-UNIQUE-323355,27568.html"
CANON-VITA-VITA-331176,VITA,LUMEX UNIQUE,MODERATION,,MANUFACTURER_REFERENCE_REQUIRED | PHOTO_REVIEW_REQUIRED | EXACT_KZ_SKU_EVIDENCE_REQUIRED,SHARED_IMAGE_REVIEW_REQUIRED,,"https://www.vita-zahnfabrik.com/en/Characterization/Liquid-Ceramic/VITA-LUMEX-UNIQUE-331176,27568.html"
CANON-VITA-VITA-132846,VITA,VIONIC DIGITAL VIGO,MODERATION,,MANUFACTURER_REFERENCE_REQUIRED | PHOTO_REVIEW_REQUIRED | EXACT_KZ_SKU_EVIDENCE_REQUIRED,SHARED_IMAGE_REVIEW_REQUIRED,,"https://www.vita-zahnfabrik.com/en/Teeth-carded/System-components/VITA-VIONIC-DIGITAL-VIGO-132846,27568.html"
CANON-VITA-VITA-130398,VITA,VIONIC DIGITAL VIGO,MODERATION,,MANUFACTURER_REFERENCE_REQUIRED | PHOTO_REVIEW_REQUIRED | EXACT_KZ_SKU_EVIDENCE_REQUIRED,SHARED_IMAGE_REVIEW_REQUIRED,,"https://www.vita-zahnfabrik.com/en/Digital-Dentures/Accessories/VITA-VIONIC-DIGITAL-VIGO-Denture-Tooth-Library-130398,27568.html"
CANON-VITA-VITA-79404,VITA,VITA ADIVA® IA-CEM,MODERATION,,MANUFACTURER_REFERENCE_REQUIRED | PHOTO_REVIEW_REQUIRED | EXACT_KZ_SKU_EVIDENCE_REQUIRED,SHARED_IMAGE_REVIEW_REQUIRED,,"https://www.vita-zahnfabrik.com/en/CAD/CAM-fabrication/Accessories/VITA-ADIVA-IA-CEM-79404,27568.html"
CANON-VITA-VITA-74760,VITA,VITA ADIVA® IA-CEM,MODERATION,,MANUFACTURER_REFERENCE_REQUIRED | PHOTO_REVIEW_REQUIRED | EXACT_KZ_SKU_EVIDENCE_REQUIRED,SHARED_IMAGE_REVIEW_REQUIRED,,"https://www.vita-zahnfabrik.com/en/Luting/Implant-prosthetic-luting/VITA-ADIVA-IA-CEM-74760,27568.html"
CANON-VITA-VITA-78900,VITA,VITA Easyshade® V,MODERATION,,MANUFACTURER_REFERENCE_REQUIRED | PHOTO_REVIEW_REQUIRED | EXACT_KZ_SKU_EVIDENCE_REQUIRED,GENERIC_ASSET_REJECTED,,"https://www.vita-zahnfabrik.com/en/Shade-determination/Digital-solutions/VITA-Easyshade-V-78900,27568.html"
CANON-VITA-VITA-107208,VITA,VITA FURNACE App,MODERATION,,MANUFACTURER_REFERENCE_REQUIRED | PHOTO_REVIEW_REQUIRED | EXACT_KZ_SKU_EVIDENCE_REQUIRED,GENERIC_ASSET_REJECTED,,"https://www.vita-zahnfabrik.com/en/Firing/Mobile-App/VITA-FURNACE-App-107208,27568.html"
CANON-VITA-VITA-116072,VITA,VITA mobileAssist & VITA mobileAssist +,MODERATION,,MANUFACTURER_REFERENCE_REQUIRED | PHOTO_REVIEW_REQUIRED | EXACT_KZ_SKU_EVIDENCE_REQUIRED,GENERIC_ASSET_REJECTED,,"https://www.vita-zahnfabrik.com/en/Shade-determination/Digital-solutions/VITA-mobileAssist-VITA-mobileAssist--116072,27568.html"
CANON-VITA-VITA-325411,VITA,VITA VIONIC® DENT DISC multiColor,MODERATION,,MANUFACTURER_REFERENCE_REQUIRED | PHOTO_REVIEW_REQUIRED | EXACT_KZ_SKU_EVIDENCE_REQUIRED,SHARED_IMAGE_REVIEW_REQUIRED,,"https://www.vita-zahnfabrik.com/en/Teeth-carded/System-components/VITA-VIONIC-DENT-DISC-multiColor-325411,27568.html"
CANON-VITA-VITA-130059,VITA,VITA VIONIC® DENT DISC multiColor,MODERATION,,MANUFACTURER_REFERENCE_REQUIRED | PHOTO_REVIEW_REQUIRED | EXACT_KZ_SKU_EVIDENCE_REQUIRED,SHARED_IMAGE_REVIEW_REQUIRED,,"https://www.vita-zahnfabrik.com/en/Digital-Dentures/Milling/VITA-VIONIC-DENT-DISC-multiColor-130059,27568.html"
CANON-VITA-VITA-133262,VITA,VITA VIONIC® DENT DISC multiColor,MODERATION,,MANUFACTURER_REFERENCE_REQUIRED | PHOTO_REVIEW_REQUIRED | EXACT_KZ_SKU_EVIDENCE_REQUIRED,SHARED_IMAGE_REVIEW_REQUIRED,,"https://www.vita-zahnfabrik.com/en/Press-technique/System-components/VITA-VIONIC-DENT-DISC-133262,27568.html"
CANON-VITA-VITA-48857,VITA,VITAPAN EXCELL Anterior,MODERATION,,MANUFACTURER_REFERENCE_REQUIRED | PHOTO_REVIEW_REQUIRED | EXACT_KZ_SKU_EVIDENCE_REQUIRED,EXACT_SOURCE_SINGLE_CARD,,"https://www.vita-zahnfabrik.com/en/Teeth-carded/Premium-prosthetics/VITAPAN-EXCELL-Anterior-48857,27568.html"
CANON-VOCO-6243,VOCO,Admira Fusion 5,MODERATION,,PHOTO_REVIEW_REQUIRED | EXACT_KZ_SKU_EVIDENCE_REQUIRED,SHARED_IMAGE_REVIEW_REQUIRED,6243 | 6225 | 6235,https://www.voco.dental/en/products/direct-restoration/composites/admira-fusion-5.aspx
CANON-VOCO-9090,VOCO,Celalux 3,MODERATION,,PHOTO_REVIEW_REQUIRED | EXACT_KZ_SKU_EVIDENCE_REQUIRED,SHARED_IMAGE_REVIEW_REQUIRED,9090,https://www.voco.dental/en/products/various-products/devices/celalux-3.aspx
CANON-VOCO-VOCO-CLEANJOY,VOCO,CleanJoy,MODERATION,,MANUFACTURER_REFERENCE_REQUIRED | PHOTO_REVIEW_REQUIRED | EXACT_KZ_SKU_EVIDENCE_REQUIRED,SHARED_IMAGE_REVIEW_REQUIRED,,https://www.voco.dental/en/products/oral-care/prophylaxis/cleanjoy.aspx
CANON-VOCO-2585,VOCO,GrandioSO Light Flow,MODERATION,,PHOTO_REVIEW_REQUIRED | EXACT_KZ_SKU_EVIDENCE_REQUIRED,SHARED_IMAGE_REVIEW_REQUIRED,2585,https://www.voco.dental/en/products/direct-restoration/composites/grandioso-light-flow.aspx
CANON-VOCO-6257,VOCO,GrandioSO Unlimited,MODERATION,,PHOTO_REVIEW_REQUIRED | EXACT_KZ_SKU_EVIDENCE_REQUIRED,SHARED_IMAGE_REVIEW_REQUIRED,6257 | 6258 | 6270,https://www.voco.dental/en/products/direct-restoration/composites/grandioso-unlimited.aspx
CANON-VOCO-VOCO-PROVICOL-QM,VOCO,Provicol QM,MODERATION,,MANUFACTURER_REFERENCE_REQUIRED | PHOTO_REVIEW_REQUIRED | EXACT_KZ_SKU_EVIDENCE_REQUIRED,SHARED_IMAGE_REVIEW_REQUIRED,,https://www.voco.dental/en/products/indirect-restoration/luting/provicol-qm.aspx
CANON-VOCO-1098,VOCO,Provicol QM Plus,MODERATION,,PHOTO_REVIEW_REQUIRED | EXACT_KZ_SKU_EVIDENCE_REQUIRED,SHARED_IMAGE_REVIEW_REQUIRED,1098 | 1099,https://www.voco.dental/en/products/indirect-restoration/temporaries/provicol-qm-plus.aspx
CANON-VOCO-1395,VOCO,Rebilda DC,MODERATION,,PHOTO_REVIEW_REQUIRED | EXACT_KZ_SKU_EVIDENCE_REQUIRED,SHARED_IMAGE_REVIEW_REQUIRED,1395 | 1396 | 1397 | 1398 | 1399 | 1402 | 1403 | 1404 | 1405 | 1406,https://www.voco.dental/en/products/indirect-restoration/core-build-up/rebilda-dc.aspx
CANON-VOCO-1770,VOCO,Rebilda Post,MODERATION,,PHOTO_REVIEW_REQUIRED | EXACT_KZ_SKU_EVIDENCE_REQUIRED,SHARED_IMAGE_REVIEW_REQUIRED,1770 | 1771 | 1782 | 1775 | 1772 | 1773 | 1774 | 1780 | 1777 | 1778 | 1779,https://www.voco.dental/en/products/indirect-restoration/core-build-up/rebilda-post.aspx
CANON-VOCO-6062,VOCO,VisCalor bulk,MODERATION,,PHOTO_REVIEW_REQUIRED | EXACT_KZ_SKU_EVIDENCE_REQUIRED,SHARED_IMAGE_REVIEW_REQUIRED,6062 | 6063 | 6065 | 6066 | 6067 | 6068,https://www.voco.dental/en/products/direct-restoration/composites/viscalor-bulk.aspx
CANON-VOCO-9143,VOCO,VisCalor Dispenser,MODERATION,,PHOTO_REVIEW_REQUIRED | EXACT_KZ_SKU_EVIDENCE_REQUIRED,SHARED_IMAGE_REVIEW_REQUIRED,9143 | 9144 | 9145,https://www.voco.dental/en/products/various-products/devices/viscalor-dispenser.aspx
CANON-VOCO-VOCO-VOCO-PROFLUORID-VARNISH-BIOMIN,VOCO,VOCO Profluorid Varnish + BioMin,MODERATION,,MANUFACTURER_REFERENCE_REQUIRED | PHOTO_REVIEW_REQUIRED | EXACT_KZ_SKU_EVIDENCE_REQUIRED,SHARED_IMAGE_REVIEW_REQUIRED,,https://www.voco.dental/en/products/oral-care/desensitizer/voco-profluorid-varnish-biomin.aspx
CANON-W-H-30116000,W&H,Alegra Straight and Contra-angle Handpieces,MODERATION,,PHOTO_REVIEW_REQUIRED | EXACT_KZ_SKU_EVIDENCE_REQUIRED,GENERIC_ASSET_REJECTED,30116000 | 30117000 | 30118000 | 30119000 | 10259900 | 10255600 | 10256600 | 30120000 | 30121000 | 30122000 | 30123000,https://www.wh.com/en_global/dental-products/restoration-prosthetics/handpieces/alegra
CANON-W-H-30068000,W&H,Alegra Turbine handpieces,MODERATION,,PHOTO_REVIEW_REQUIRED | EXACT_KZ_SKU_EVIDENCE_REQUIRED,GENERIC_ASSET_REJECTED,30068000 | 30069000 | 30070000 | 30071000 | 30072000 | 30073000 | 30074000 | 30075000 | 30066000 | 30067000 | 10405300 | 10405400,https://www.wh.com/en_global/dental-products/restoration-prosthetics/turbines/alegra
CANON-W-H-30398001,W&H,Assistina One with Quick Connect by W&H,MODERATION,,PHOTO_REVIEW_REQUIRED | EXACT_KZ_SKU_EVIDENCE_REQUIRED,GENERIC_ASSET_REJECTED,30398001 | 30398002 | 30398003 | 08064970,https://www.wh.com/en_global/dental-products/sterilization-hygienic-maintenance/reprocessing-devices/assistina-one
CANON-W-H-30310000,W&H,Assistina Twin with Quick Connect by W&H,MODERATION,,PHOTO_REVIEW_REQUIRED | EXACT_KZ_SKU_EVIDENCE_REQUIRED,GENERIC_ASSET_REJECTED,30310000 | 30310001 | 30310002 | 30310003,https://www.wh.com/en_global/dental-products/sterilization-hygienic-maintenance/reprocessing-devices/assistina-twin
CANON-W-H-90000392,W&H,Electric motor EM-11 L,MODERATION,,PHOTO_REVIEW_REQUIRED | EXACT_KZ_SKU_EVIDENCE_REQUIRED,GENERIC_ASSET_REJECTED,90000392 | 90000393,https://www.wh.com/en_global/dental-products/restoration-prosthetics/electric-motor/em-11l
CANON-W-H-30241000,W&H,Electric motor EM-12 L,MODERATION,,PHOTO_REVIEW_REQUIRED | EXACT_KZ_SKU_EVIDENCE_REQUIRED,GENERIC_ASSET_REJECTED,30241000 | 30178000 | 90000138 | 90000245 | 90000224 | 90000139,https://www.wh.com/en_global/dental-products/restoration-prosthetics/electric-motor/em-12l
CANON-W-H-19500000,W&H,EliReel,MODERATION,,PHOTO_REVIEW_REQUIRED | EXACT_KZ_SKU_EVIDENCE_REQUIRED,GENERIC_ASSET_REJECTED,19500000 | 19500001 | 19500002 | 19500003 | 19500004 | 19500005 | 19500006 | T802100X,https://www.wh.com/en_global/dental-products/sterilization-hygienic-maintenance/accessories/elireel
CANON-W-H-19721109,W&H,EliSafe label printer,MODERATION,,PHOTO_REVIEW_REQUIRED | EXACT_KZ_SKU_EVIDENCE_REQUIRED,GENERIC_ASSET_REJECTED,19721109 | 19721123 | 19721132,https://www.wh.com/en_global/dental-products/sterilization-hygienic-maintenance/accessories/elisafe
CANON-W-H-12227501,W&H,Endea,MODERATION,,PHOTO_REVIEW_REQUIRED | EXACT_KZ_SKU_EVIDENCE_REQUIRED,GENERIC_ASSET_REJECTED,12227501 | 12227901,https://www.wh.com/en_global/dental-products/endodontics/handpieces/endea
CANON-W-H-30288000,W&H,Implantmed Plus & Classic,MODERATION,,PHOTO_REVIEW_REQUIRED | EXACT_KZ_SKU_EVIDENCE_REQUIRED,GENERIC_ASSET_REJECTED,30288000 | 30289000 | 30290001 | 30281000 | 30185000 | 30264000 | 30285000 | Beacon | SmartPegs | 90000161 | 30287000,https://www.wh.com/en_global/dental-products/oralsurgery-implantology/surgical-devices/implantmed
CANON-W-H-WH-IMPLANTMED-2,W&H,Implantmed Plus II,MODERATION,,MANUFACTURER_REFERENCE_REQUIRED | PHOTO_REVIEW_REQUIRED | EXACT_KZ_SKU_EVIDENCE_REQUIRED,GENERIC_ASSET_REJECTED,,https://www.wh.com/en_global/dental-products/oralsurgery-implantology/surgical-devices/implantmed-2
CANON-W-H-19941120,W&H,Lara sterilizer,MODERATION,,PHOTO_REVIEW_REQUIRED | EXACT_KZ_SKU_EVIDENCE_REQUIRED,GENERIC_ASSET_REJECTED,19941120 | 19942120,https://www.wh.com/en_global/dental-products/sterilization-hygienic-maintenance/sterilizers/lara-autoclave
CANON-W-H-19933110,W&H,Lara XL sterilizer,MODERATION,,PHOTO_REVIEW_REQUIRED | EXACT_KZ_SKU_EVIDENCE_REQUIRED,GENERIC_ASSET_REJECTED,19933110,https://www.wh.com/en_global/dental-products/sterilization-hygienic-maintenance/sterilizers/lara-xl
CANON-W-H-19936110,W&H,"Lara XXL – maximum capacity, minimum dimensions",MODERATION,,PHOTO_REVIEW_REQUIRED | EXACT_KZ_SKU_EVIDENCE_REQUIRED,GENERIC_ASSET_REJECTED,19936110,https://www.wh.com/en_global/dental-products/sterilization-hygienic-maintenance/sterilizers/lara-xxl
CANON-W-H-19951130,W&H,Lina sterilizer,MODERATION,,PHOTO_REVIEW_REQUIRED | EXACT_KZ_SKU_EVIDENCE_REQUIRED,GENERIC_ASSET_REJECTED,19951130 | 19951131 | 19952130 | 19952131 | 19952330 | 19952331 | 19951230 | 19951231 | 19952230 | 19952231,https://www.wh.com/en_global/dental-products/sterilization-hygienic-maintenance/sterilizers/lina-autoclave
CANON-W-H-19944100,W&H,Lisa Mini – the fast and small type B sterilizer,MODERATION,,PHOTO_REVIEW_REQUIRED | EXACT_KZ_SKU_EVIDENCE_REQUIRED,GENERIC_ASSET_REJECTED,19944100 | 19944200 | 19945100 | 19935100,https://www.wh.com/en_global/dental-products/sterilization-hygienic-maintenance/sterilizers/lisa-mini
CANON-W-H-19931180,W&H,Lisa sterilizer,MODERATION,,PHOTO_REVIEW_REQUIRED | EXACT_KZ_SKU_EVIDENCE_REQUIRED,GENERIC_ASSET_REJECTED,19931180 | 19932180,https://www.wh.com/en_global/dental-products/sterilization-hygienic-maintenance/sterilizers/lisa-autoclave
CANON-W-H-19951150,W&H,Lyla sterilizer,MODERATION,,PHOTO_REVIEW_REQUIRED | EXACT_KZ_SKU_EVIDENCE_REQUIRED,GENERIC_ASSET_REJECTED,19951150 | 19952150 | 19952350 | 19951250 | 19952250,https://www.wh.com/en_global/dental-products/sterilization-hygienic-maintenance/sterilizers/lyla
CANON-W-H-19723112,W&H,Multidem,MODERATION,,PHOTO_REVIEW_REQUIRED | EXACT_KZ_SKU_EVIDENCE_REQUIRED,GENERIC_ASSET_REJECTED,19723112,https://www.wh.com/en_global/dental-products/sterilization-hygienic-maintenance/water-treatment-devices/multidem
CANON-W-H-19721134,W&H,Osmo,MODERATION,,PHOTO_REVIEW_REQUIRED | EXACT_KZ_SKU_EVIDENCE_REQUIRED,GENERIC_ASSET_REJECTED,19721134,https://www.wh.com/en_global/dental-products/sterilization-hygienic-maintenance/water-treatment-devices/osmo
CANON-W-H-14933000,W&H,Perfecta 300 and Perfecta 600,MODERATION,,PHOTO_REVIEW_REQUIRED | EXACT_KZ_SKU_EVIDENCE_REQUIRED,GENERIC_ASSET_REJECTED,14933000 | 14933100 | 14933200 | 14936000 | 14936100 | 14936200,https://www.wh.com/en_global/dental-products/dental-laboratory/laboratory-devices/perfecta-300-600
CANON-W-H-14939300,W&H,Perfecta 900,MODERATION,,PHOTO_REVIEW_REQUIRED | EXACT_KZ_SKU_EVIDENCE_REQUIRED,GENERIC_ASSET_REJECTED,14939300 | 14939400,https://www.wh.com/en_global/dental-products/dental-laboratory/laboratory-devices/perfecta-900
CANON-W-H-WH-PIEZO-ENDO-TIPS,W&H,Piezo Endo Tips,MODERATION,,MANUFACTURER_REFERENCE_REQUIRED | PHOTO_REVIEW_REQUIRED | EXACT_KZ_SKU_EVIDENCE_REQUIRED,GENERIC_ASSET_REJECTED,,https://www.wh.com/en_global/dental-products/endodontics/accessories/piezo-endo-tips
CANON-W-H-30078000,W&H,Piezomed & Piezomed module,MODERATION,,PHOTO_REVIEW_REQUIRED | EXACT_KZ_SKU_EVIDENCE_REQUIRED,GENERIC_ASSET_REJECTED,30078000 | 90000350 | 90000351 | 90000349,https://www.wh.com/en_global/dental-products/oralsurgery-implantology/surgical-devices/piezomed
CANON-W-H-WH-PIEZOMED-MODULE-2,W&H,Piezomed module Plus II,MODERATION,,MANUFACTURER_REFERENCE_REQUIRED | PHOTO_REVIEW_REQUIRED | EXACT_KZ_SKU_EVIDENCE_REQUIRED,GENERIC_ASSET_REJECTED,,https://www.wh.com/en_global/dental-products/oralsurgery-implantology/surgical-devices/piezomed-module-2
CANON-W-H-08003630,W&H,Prophy Cups and Brushes,MODERATION,,PHOTO_REVIEW_REQUIRED | EXACT_KZ_SKU_EVIDENCE_REQUIRED,GENERIC_ASSET_REJECTED,08003630 | 07597900 | 08003650 | 30189000 | 90000346,https://www.wh.com/en_global/dental-products/prophylaxis-periodontology/accessories/prophy-cups-brushes
CANON-W-H-08020870,W&H,Prophylaxis Powder,MODERATION,,PHOTO_REVIEW_REQUIRED | EXACT_KZ_SKU_EVIDENCE_REQUIRED,GENERIC_ASSET_REJECTED,08020870 | 08020890 | 08020760 | 08020770 | 08020761 | 08020771 | 08020781 | 08020791,https://www.wh.com/en_global/dental-products/prophylaxis-periodontology/accessories/prophylaxis-powder
CANON-W-H-10216443,W&H,Proxeo,MODERATION,,PHOTO_REVIEW_REQUIRED | EXACT_KZ_SKU_EVIDENCE_REQUIRED,GENERIC_ASSET_REJECTED,10216443 | 10216403 | 30190000 | 10114403,https://www.wh.com/en_global/dental-products/prophylaxis-periodontology/handpieces/proxeo
CANON-W-H-10035501,W&H,Proxeo Air Scaler,MODERATION,,PHOTO_REVIEW_REQUIRED | EXACT_KZ_SKU_EVIDENCE_REQUIRED,GENERIC_ASSET_REJECTED,10035501 | 10035502 | 10035503 | 30227000 | 11015500 | 11015501,https://www.wh.com/en_global/dental-products/prophylaxis-periodontology/air-scaler/proxeo
CANON-W-H-08020860,W&H,Proxeo Aura,MODERATION,,PHOTO_REVIEW_REQUIRED | EXACT_KZ_SKU_EVIDENCE_REQUIRED,GENERIC_ASSET_REJECTED,08020860,https://www.wh.com/en_global/dental-products/prophylaxis-periodontology/air-polisher/proxeo-aura
CANON-W-H-WH-PROXEO-TWIST,W&H,Proxeo Twist - LatchShort Polishing System,MODERATION,,MANUFACTURER_REFERENCE_REQUIRED | PHOTO_REVIEW_REQUIRED | EXACT_KZ_SKU_EVIDENCE_REQUIRED,GENERIC_ASSET_REJECTED,,https://www.wh.com/en_global/dental-products/prophylaxis-periodontology/handpieces/proxeo-twist
CANON-W-H-90000347,W&H,Proxeo Twist Cordless,MODERATION,,PHOTO_REVIEW_REQUIRED | EXACT_KZ_SKU_EVIDENCE_REQUIRED,GENERIC_ASSET_REJECTED,90000347 | 90000348 | 30317000 | 90000354 | 90000358 | 90000299 | 90000301,https://www.wh.com/en_global/dental-products/prophylaxis-periodontology/cordless-devices/proxeo-twist
CANON-W-H-90000257,W&H,Proxeo Ultra,MODERATION,,PHOTO_REVIEW_REQUIRED | EXACT_KZ_SKU_EVIDENCE_REQUIRED,GENERIC_ASSET_REJECTED,90000257 | 90000297 | 90000255 | 90000296 | 90000253 | 90000295 | 90000251 | 90000149 | 30326000 | 30328000 | 90000294,https://www.wh.com/en_global/dental-products/prophylaxis-periodontology/piezo-scaler/proxeo-ultra
CANON-W-H-19723118,W&H,Q-Dry – for easy handpiece drying,MODERATION,,PHOTO_REVIEW_REQUIRED | EXACT_KZ_SKU_EVIDENCE_REQUIRED,GENERIC_ASSET_REJECTED,19723118,https://www.wh.com/en_global/dental-products/sterilization-hygienic-maintenance/accessories/q-dry
CANON-W-H-10403410,W&H,RM-34 LED,MODERATION,,PHOTO_REVIEW_REQUIRED | EXACT_KZ_SKU_EVIDENCE_REQUIRED,GENERIC_ASSET_REJECTED,10403410,https://www.wh.com/en_global/dental-products/restoration-prosthetics/couplings/coupling-led
CANON-W-H-10402400,W&H,Roto Quick couplings,MODERATION,,PHOTO_REVIEW_REQUIRED | EXACT_KZ_SKU_EVIDENCE_REQUIRED,GENERIC_ASSET_REJECTED,10402400 | 10403400 | 10400300 | 10400400 | 10401400,https://www.wh.com/en_global/dental-products/restoration-prosthetics/couplings/roto-quick
CANON-W-H-19722101,W&H,Seal2 and SealVal2,MODERATION,,PHOTO_REVIEW_REQUIRED | EXACT_KZ_SKU_EVIDENCE_REQUIRED,GENERIC_ASSET_REJECTED,19722101 | 19722102 | 19722103,https://www.wh.com/en_global/dental-products/sterilization-hygienic-maintenance/accessories/seal2
CANON-W-H-10940021,W&H,Service Oil F1,MODERATION,,PHOTO_REVIEW_REQUIRED | EXACT_KZ_SKU_EVIDENCE_REQUIRED,GENERIC_ASSET_REJECTED,10940021 | 02675910 | 06691500,https://www.wh.com/en_global/dental-products/sterilization-hygienic-maintenance/accessories/service-oil
CANON-W-H-19721141,W&H,Sprint,MODERATION,,PHOTO_REVIEW_REQUIRED | EXACT_KZ_SKU_EVIDENCE_REQUIRED,GENERIC_ASSET_REJECTED,19721141,https://www.wh.com/en_global/dental-products/sterilization-hygienic-maintenance/accessories/sprint
CANON-W-H-30040000,W&H,Surgical Contra-angles,MODERATION,,PHOTO_REVIEW_REQUIRED | EXACT_KZ_SKU_EVIDENCE_REQUIRED,GENERIC_ASSET_REJECTED,30040000 | 30033000 | 30049000 | 30043000 | 30039000 | 30032000 | 30042000 | 30048000 | 30047000 | 30038000 | 30065000 | 30041000 | 10207550,https://www.wh.com/en_global/dental-products/oralsurgery-implantology/handpieces/contra-angles
CANON-W-H-30054000,W&H,Surgical Handpieces,MODERATION,,PHOTO_REVIEW_REQUIRED | EXACT_KZ_SKU_EVIDENCE_REQUIRED,GENERIC_ASSET_REJECTED,30054000 | 30057000 | 30058000 | 30056000 | 30060000 | 30053000 | 30059000 | 30061000 | 30411000,https://www.wh.com/en_global/dental-products/oralsurgery-implantology/handpieces/handpieces
CANON-W-H-30418000,W&H,Synea Straight & Contra-angle Handpieces,MODERATION,,PHOTO_REVIEW_REQUIRED | EXACT_KZ_SKU_EVIDENCE_REQUIRED,GENERIC_ASSET_REJECTED,30418000 | 30459000 | 30460000 | 30023000 | 30215000 | 30024000 | 30216000 | 30025000 | 30217000 | 30026000 | 30027000 | 30028000 | 30007000 | 30008000 | 30011000 | 30012000 | 30009000 | 30010000 | 30013000 | 30084000 | 30085000,https://www.wh.com/en_global/dental-products/restoration-prosthetics/handpieces/synea
CANON-W-H-30005000,W&H,Synea Turbines,MODERATION,,PHOTO_REVIEW_REQUIRED | EXACT_KZ_SKU_EVIDENCE_REQUIRED,GENERIC_ASSET_REJECTED,30005000 | 30004000 | 30006000 | 30199000 | 30197000 | 30002000 | 30001000 | 30003000 | 30200000 | 30198000 | 30016000 | 30031000 | 30021000 | 30022000 | 30019000 | 30020000 | 30017000 | 30018000,https://www.wh.com/en_global/dental-products/restoration-prosthetics/turbines/synea/
CANON-W-H-14124500,W&H,Technical Handpiece 945,MODERATION,,PHOTO_REVIEW_REQUIRED | EXACT_KZ_SKU_EVIDENCE_REQUIRED,GENERIC_ASSET_REJECTED,14124500,https://www.wh.com/en_global/dental-products/dental-laboratory/handpieces/technical-handpiece
CANON-W-H-21055000,W&H,Thermal washer disinfector devices Thed+ and Thed,MODERATION,,PHOTO_REVIEW_REQUIRED | EXACT_KZ_SKU_EVIDENCE_REQUIRED,GENERIC_ASSET_REJECTED,21055000 | 21056001 | 21050000 | 21051000 | 19721529 | 19721530 | 19721531,https://www.wh.com/en_global/dental-products/sterilization-hygienic-maintenance/thermal-washer-disinfectors/thed
CANON-W-H-19600004,W&H,U-Son – Ultrasonic cleaner,MODERATION,,PHOTO_REVIEW_REQUIRED | EXACT_KZ_SKU_EVIDENCE_REQUIRED,GENERIC_ASSET_REJECTED,19600004 | 19600005,https://www.wh.com/en_global/dental-products/sterilization-hygienic-maintenance/thermal-washer-disinfectors/u-son
CANON-W-H-19723101,W&H,Water Distiller,MODERATION,,PHOTO_REVIEW_REQUIRED | EXACT_KZ_SKU_EVIDENCE_REQUIRED,GENERIC_ASSET_REJECTED,19723101,https://www.wh.com/en_global/dental-products/sterilization-hygienic-maintenance/water-treatment-devices/dist
CANON-WOODPECKER-WOODPECKER-481,Woodpecker,ABC,REJECT,INVALID_PRODUCT_IDENTITY,MANUFACTURER_REFERENCE_REQUIRED | EXACT_KZ_SKU_EVIDENCE_REQUIRED,EXACT_SOURCE_SINGLE_CARD,,https://www.glwoodpecker.com/pcproduct?id=481
CANON-WOODPECKER-WOODPECKER-265,Woodpecker,D1,REJECT,INVALID_PRODUCT_IDENTITY,MANUFACTURER_REFERENCE_REQUIRED | EXACT_KZ_SKU_EVIDENCE_REQUIRED,EXACT_SOURCE_SINGLE_CARD,,https://www.glwoodpecker.com/pcproduct?id=265
CANON-WOODPECKER-WOODPECKER-413,Woodpecker,ES5,REJECT,INVALID_PRODUCT_IDENTITY,MANUFACTURER_REFERENCE_REQUIRED | EXACT_KZ_SKU_EVIDENCE_REQUIRED,EXACT_SOURCE_SINGLE_CARD,,https://www.glwoodpecker.com/pcproduct?id=413
CANON-WOODPECKER-WOODPECKER-346,Woodpecker,LED.F,MODERATION,,MANUFACTURER_REFERENCE_REQUIRED | PHOTO_REVIEW_REQUIRED | EXACT_KZ_SKU_EVIDENCE_REQUIRED,SHARED_IMAGE_REVIEW_REQUIRED,,https://www.glwoodpecker.com/pcproduct?id=346
CANON-WOODPECKER-WOODPECKER-522,Woodpecker,LED.F Pro,MODERATION,,MANUFACTURER_REFERENCE_REQUIRED | PHOTO_REVIEW_REQUIRED | EXACT_KZ_SKU_EVIDENCE_REQUIRED,SHARED_IMAGE_REVIEW_REQUIRED,,https://www.glwoodpecker.com/pcproduct?id=522
CANON-WOODPECKER-WOODPECKER-312,Woodpecker,MT2,REJECT,INVALID_PRODUCT_IDENTITY,MANUFACTURER_REFERENCE_REQUIRED | EXACT_KZ_SKU_EVIDENCE_REQUIRED,EXACT_SOURCE_SINGLE_CARD,,https://www.glwoodpecker.com/pcproduct?id=312
CANON-WOODPECKER-WOODPECKER-426,Woodpecker,MT3,REJECT,INVALID_PRODUCT_IDENTITY,MANUFACTURER_REFERENCE_REQUIRED | EXACT_KZ_SKU_EVIDENCE_REQUIRED,EXACT_SOURCE_SINGLE_CARD,,https://www.glwoodpecker.com/pcproduct?id=426
CANON-WOODPECKER-WOODPECKER-314,Woodpecker,PT3,REJECT,INVALID_PRODUCT_IDENTITY,MANUFACTURER_REFERENCE_REQUIRED | EXACT_KZ_SKU_EVIDENCE_REQUIRED,EXACT_SOURCE_SINGLE_CARD,,https://www.glwoodpecker.com/pcproduct?id=314
CANON-WOODPECKER-WOODPECKER-318,Woodpecker,PT5,REJECT,INVALID_PRODUCT_IDENTITY,MANUFACTURER_REFERENCE_REQUIRED | EXACT_KZ_SKU_EVIDENCE_REQUIRED,EXACT_SOURCE_SINGLE_CARD,,https://www.glwoodpecker.com/pcproduct?id=318
CANON-WOODPECKER-WOODPECKER-531,Woodpecker,PT8,REJECT,INVALID_PRODUCT_IDENTITY,MANUFACTURER_REFERENCE_REQUIRED | EXACT_KZ_SKU_EVIDENCE_REQUIRED,EXACT_SOURCE_SINGLE_CARD,,https://www.glwoodpecker.com/pcproduct?id=531
CANON-WOODPECKER-WOODPECKER-258,Woodpecker,U6,REJECT,INVALID_PRODUCT_IDENTITY,MANUFACTURER_REFERENCE_REQUIRED | EXACT_KZ_SKU_EVIDENCE_REQUIRED,EXACT_SOURCE_SINGLE_CARD,,https://www.glwoodpecker.com/pcproduct?id=258
CANON-WOODPECKER-WOODPECKER-451,Woodpecker,U600,MODERATION,,MANUFACTURER_REFERENCE_REQUIRED | PHOTO_REVIEW_REQUIRED | EXACT_KZ_SKU_EVIDENCE_REQUIRED,SHARED_IMAGE_REVIEW_REQUIRED,,https://www.glwoodpecker.com/pcproduct?id=451
CANON-WOODPECKER-WOODPECKER-240,Woodpecker,U600 LED,MODERATION,,MANUFACTURER_REFERENCE_REQUIRED | PHOTO_REVIEW_REQUIRED | EXACT_KZ_SKU_EVIDENCE_REQUIRED,SHARED_IMAGE_REVIEW_REQUIRED,,https://www.glwoodpecker.com/pcproduct?id=240
CANON-WOODPECKER-WOODPECKER-271,Woodpecker,V1,REJECT,INVALID_PRODUCT_IDENTITY,MANUFACTURER_REFERENCE_REQUIRED | EXACT_KZ_SKU_EVIDENCE_REQUIRED,EXACT_SOURCE_SINGLE_CARD,,https://www.glwoodpecker.com/pcproduct?id=271
CANON-ZHERMACK-CI15850,Zhermack,Acrylic powders,MODERATION,,PHOTO_REVIEW_REQUIRED | EXACT_KZ_SKU_EVIDENCE_REQUIRED,SHARED_IMAGE_REVIEW_REQUIRED,CI15850,https://www.zhermack.com/en/product/acrylic-powders/
CANON-ZHERMACK-AUXILIARY-PRODUCTS,Zhermack,Auxiliary Products,MODERATION,,MANUFACTURER_REFERENCE_REQUIRED | PHOTO_REVIEW_REQUIRED | EXACT_KZ_SKU_EVIDENCE_REQUIRED,SHARED_IMAGE_REVIEW_REQUIRED,,https://www.zhermack.com/en/product/auxiliary-products/
CANON-ZHERMACK-ELITE-ROCK-CAD-CAM,Zhermack,Elite Rock,MODERATION,,MANUFACTURER_REFERENCE_REQUIRED | PHOTO_REVIEW_REQUIRED | EXACT_KZ_SKU_EVIDENCE_REQUIRED,SHARED_IMAGE_REVIEW_REQUIRED,,https://www.zhermack.com/en/product/elite-rock-cad-cam/
CANON-ZHERMACK-C410032,Zhermack,Elite Rock,MODERATION,,VARIANT_LABEL_REQUIRED | PHOTO_REVIEW_REQUIRED | EXACT_KZ_SKU_EVIDENCE_REQUIRED,SHARED_IMAGE_REVIEW_REQUIRED,C410032 | C410030 | C410200 | C410334 | C410020 | C410201 | C410332 | C410010 | C410202 | C410330 | C410000 | C410204 | C410336 | C410152 | C410151 | C410150 | C410205 | C410160 | C410207,https://www.zhermack.com/en/product/elite-rock-model-prep/
CANON-ZHERMACK-LIQUIDS,Zhermack,Liquids,MODERATION,,MANUFACTURER_REFERENCE_REQUIRED | PHOTO_REVIEW_REQUIRED | EXACT_KZ_SKU_EVIDENCE_REQUIRED,SHARED_IMAGE_REVIEW_REQUIRED,,https://www.zhermack.com/en/product/liquids/
CANON-ZHERMACK-ZA-8-LT-8-SHORE,Zhermack,ZA 8 LT (8 Shore A),MODERATION,,MANUFACTURER_REFERENCE_REQUIRED | PHOTO_REVIEW_REQUIRED | EXACT_KZ_SKU_EVIDENCE_REQUIRED,SHARED_IMAGE_REVIEW_REQUIRED,,https://www.zhermack.com/en/product/za-8-lt-8-shore/
CANON-ZION-DENTI-KZ-ZION-17288,ZION,Абатмент GM mini conical NeoDent 17 c винтом,MODERATION,,MANUFACTURER_REFERENCE_REQUIRED | PHOTO_REVIEW_REQUIRED,SHARED_IMAGE_REVIEW_REQUIRED,,https://denti.kz/orders/blank_zakaza/implantatsionnye-sistemy/pogruzhnaya-sistema/abatmenty_3/abatment-gm-mini-conical-neodent-17-c-vintom/
CANON-ZION-DENTI-KZ-ZION-17291,ZION,Абатмент GM mini conical NeoDent 30 c винтом,MODERATION,,MANUFACTURER_REFERENCE_REQUIRED | PHOTO_REVIEW_REQUIRED,SHARED_IMAGE_REVIEW_REQUIRED,,https://denti.kz/orders/blank_zakaza/implantatsionnye-sistemy/pogruzhnaya-sistema/abatmenty_3/abatment-gm-mini-conical-neodent-30-c-vintom/
CANON-ZION-DENTI-KZ-ZION-15500,ZION,Абатмент Hybrid link для погружных ZION,MODERATION,,MANUFACTURER_REFERENCE_REQUIRED | PHOTO_REVIEW_REQUIRED,SHARED_IMAGE_REVIEW_REQUIRED,,https://denti.kz/orders/blank_zakaza/implantatsionnye-sistemy/pogruzhnaya-sistema/abatmenty_3/abatment-hybrid-link-dlya-pogruzhnykh-zion/
CANON-ZION-DENTI-KZ-ZION-15661,ZION,Винт абатмента ZION,MODERATION,,MANUFACTURER_REFERENCE_REQUIRED | PHOTO_REVIEW_REQUIRED,SHARED_IMAGE_REVIEW_REQUIRED,,https://denti.kz/orders/blank_zakaza/implantatsionnye-sistemy/pogruzhnaya-sistema/vinty/vint-abatmenta-zion/
CANON-ZION-DENTI-KZ-ZION-15664,ZION,Винт Multiunit ZION,MODERATION,,MANUFACTURER_REFERENCE_REQUIRED | PHOTO_REVIEW_REQUIRED,SHARED_IMAGE_REVIEW_REQUIRED,,https://denti.kz/orders/blank_zakaza/implantatsionnye-sistemy/pogruzhnaya-sistema/vinty/vint-multiunit-zion/
CANON-ZION-DENTI-KZ-ZION-15659,ZION,Колпачок заживляющий Multiunit ZION,MODERATION,,MANUFACTURER_REFERENCE_REQUIRED | PHOTO_REVIEW_REQUIRED,SHARED_IMAGE_REVIEW_REQUIRED,,https://denti.kz/orders/blank_zakaza/implantatsionnye-sistemy/pogruzhnaya-sistema/zaglushki-i-formirovateli_2/kolpachok-zazhivlyayushchiy-multiunit-zion/
