"productId","productName","missingBrand","missingManufacturer","knownBrand","knownManufacturer","manufacturerRefs","sourceUrl","priority","status","requiredEvidence"
"public-5b1d1766bf183e896b71e9fd","Абатмент 11,5 CF NP","true","true","","","","https://amdgroup.kz/catalog/frezeruemyy_abatment_pre_milled/abatment_11_5_cf_np/","P0_COMMERCIAL","NEEDS_OFFICIAL_EVIDENCE","Официальная страница бренда, каталог производителя или подтверждённый прайс с артикулом"
"public-c0240a03e4cbf502c5ee551d","Абатмент 11,5 CF SP","true","true","","","","https://amdgroup.kz/catalog/frezeruemyy_abatment_pre_milled/abatment_11_5_cf_sp/","P0_COMMERCIAL","NEEDS_OFFICIAL_EVIDENCE","Официальная страница бренда, каталог производителя или подтверждённый прайс с артикулом"
"public-6b0493f920184ef05ed17718","Абатмент 15,8 CF NP","true","true","","","","https://amdgroup.kz/catalog/frezeruemyy_abatment_pre_milled/abatment_15_8_cf_np/","P0_COMMERCIAL","NEEDS_OFFICIAL_EVIDENCE","Официальная страница бренда, каталог производителя или подтверждённый прайс с артикулом"
"public-c26354af6228d37c4c693402","Абатмент 15,8 CF SP","true","true","","","","https://amdgroup.kz/catalog/frezeruemyy_abatment_pre_milled/abatment_15_8_cf_sp_/","P0_COMMERCIAL","NEEDS_OFFICIAL_EVIDENCE","Официальная страница бренда, каталог производителя или подтверждённый прайс с артикулом"
"public-8231985348350e0b65571699","Абатмент выгораемый для коронки 3,5 CF GH 1,0 NP","true","true","","","","https://amdgroup.kz/catalog/kobalt_khromovyy_abatment/abatment_vygoraemyy_dlya_koronki_3_5_cf_gh_1_0_np/","P0_COMMERCIAL","NEEDS_OFFICIAL_EVIDENCE","Официальная страница бренда, каталог производителя или подтверждённый прайс с артикулом"
"public-1d6d41bade69dcca05d5db99","Абатмент выгораемый для коронки 4,5 CF GH 1,0 NP","true","true","","","","https://amdgroup.kz/catalog/kobalt_khromovyy_abatment/abatment_vygoraemyy_dlya_koronki_4_5_cf_gh_1_0_np/","P0_COMMERCIAL","NEEDS_OFFICIAL_EVIDENCE","Официальная страница бренда, каталог производителя или подтверждённый прайс с артикулом"
"public-ddcfbffdc917b2b0a20aa8cf","Абатмент выгораемый для коронки 4,5 CF GH 1,0 SP","true","true","","","","https://amdgroup.kz/catalog/kobalt_khromovyy_abatment/abatment_vygoraemyy_dlya_koronki_4_5_cf_gh_1_0_sp/","P0_COMMERCIAL","NEEDS_OFFICIAL_EVIDENCE","Официальная страница бренда, каталог производителя или подтверждённый прайс с артикулом"
"public-34e7a658b5f08e7d7abcdd2a","Абатмент выгораемый для коронки 5,5 CF GH 1,0 SP","true","true","","","","https://amdgroup.kz/catalog/kobalt_khromovyy_abatment/abatment_vygoraemyy_dlya_koronki_5_5_cf_gh_1_0_sp/","P0_COMMERCIAL","NEEDS_OFFICIAL_EVIDENCE","Официальная страница бренда, каталог производителя или подтверждённый прайс с артикулом"
"public-53af3f362107a2aa78d833f6","Абатмент выгораемый для мостов 3,5 CF GH 1,0 NP","true","true","","","","https://amdgroup.kz/catalog/kobalt_khromovyy_abatment/abatment_vygoraemyy_dlya_mostov_3_5_cf_gh_1_0_np/","P0_COMMERCIAL","NEEDS_OFFICIAL_EVIDENCE","Официальная страница бренда, каталог производителя или подтверждённый прайс с артикулом"
"public-9042632183e859e4237131a7","Абатмент выгораемый для мостов 4,5 CF GH 1,0 NP","true","true","","","","https://amdgroup.kz/catalog/kobalt_khromovyy_abatment/abatment_vygoraemyy_dlya_mostov_4_5_cf_gh_1_0_np/","P0_COMMERCIAL","NEEDS_OFFICIAL_EVIDENCE","Официальная страница бренда, каталог производителя или подтверждённый прайс с артикулом"
"public-ca508d23d4c85c819c06aa3c","Абатмент выгораемый для мостов 4,5 CF GH 1,0 SP","true","true","","","","https://amdgroup.kz/catalog/kobalt_khromovyy_abatment/abatment_vygoraemyy_dlya_mostov_4_5_cf_gh_1_0_sp/","P0_COMMERCIAL","NEEDS_OFFICIAL_EVIDENCE","Официальная страница бренда, каталог производителя или подтверждённый прайс с артикулом"
"public-929d6df80a5cfea89d5c3582","Абатмент выгораемый для мостов 5,5 CF GH 1,0 SP","true","true","","","","https://amdgroup.kz/catalog/kobalt_khromovyy_abatment/abatment_vygoraemyy_dlya_mostov_5_5_cf_gh_1_0_sp/","P0_COMMERCIAL","NEEDS_OFFICIAL_EVIDENCE","Официальная страница бренда, каталог производителя или подтверждённый прайс с артикулом"
"public-8a97bab03de10e6334ae6ed6","Абатмент с цементной фиксацией 3,5 CF GH 1,0 NP","true","true","","","","https://amdgroup.kz/catalog/pryamoy_tip/abatment_s_tsementnoy_fiksatsiey_3_5_cf_gh_1_0_np/","P0_COMMERCIAL","NEEDS_OFFICIAL_EVIDENCE","Официальная страница бренда, каталог производителя или подтверждённый прайс с артикулом"
"public-5f2f6376378b9143e70fa8f0","Абатмент с цементной фиксацией 3,5 CF GH 2,0 NP","true","true","","","","https://amdgroup.kz/catalog/pryamoy_tip/abatment_s_tsementnoy_fiksatsiey_3_5_cf_gh_2_0_np/","P0_COMMERCIAL","NEEDS_OFFICIAL_EVIDENCE","Официальная страница бренда, каталог производителя или подтверждённый прайс с артикулом"
"public-942e6cf52e99df493d512f3b","Абатмент с цементной фиксацией 3,5 CF GH 3,0 NP","true","true","","","","https://amdgroup.kz/catalog/pryamoy_tip/abatment_s_tsementnoy_fiksatsiey_3_5_cf_gh_3_0_np/","P0_COMMERCIAL","NEEDS_OFFICIAL_EVIDENCE","Официальная страница бренда, каталог производителя или подтверждённый прайс с артикулом"
"public-9ebe97ece94f7a543bf2a73b","Абатмент с цементной фиксацией 3,5 CF GH 4,0 NP","true","true","","","","https://amdgroup.kz/catalog/pryamoy_tip/abatment_s_tsementnoy_fiksatsiey_3_5_cf_gh_4_0_np/","P0_COMMERCIAL","NEEDS_OFFICIAL_EVIDENCE","Официальная страница бренда, каталог производителя или подтверждённый прайс с артикулом"
"public-71c552e1fbd3286ce463c749","Абатмент с цементной фиксацией 3,5 CF GH 5,0 NP","true","true","","","","https://amdgroup.kz/catalog/pryamoy_tip/abatment_s_tsementnoy_fiksatsiey_3_5_cf_gh_5_0_np/","P0_COMMERCIAL","NEEDS_OFFICIAL_EVIDENCE","Официальная страница бренда, каталог производителя или подтверждённый прайс с артикулом"
"public-49e06e83cc6ab9819d661f58","Абатмент с цементной фиксацией 4,5 CF GH 1,0 NP","true","true","","","","https://amdgroup.kz/catalog/pryamoy_tip/abatment_s_tsementnoy_fiksatsiey_4_5_cf_gh_1_0_np/","P0_COMMERCIAL","NEEDS_OFFICIAL_EVIDENCE","Официальная страница бренда, каталог производителя или подтверждённый прайс с артикулом"
"public-16387ecf19f15af1cba8ee17","Абатмент с цементной фиксацией 4,5 CF GH 1,0 SP","true","true","","","","https://amdgroup.kz/catalog/pryamoy_tip/abatment_s_tsementnoy_fiksatsiey_4_5_cf_gh_1_0_sp_/","P0_COMMERCIAL","NEEDS_OFFICIAL_EVIDENCE","Официальная страница бренда, каталог производителя или подтверждённый прайс с артикулом"
"public-9736edb1d93bb3381545a5ef","Абатмент с цементной фиксацией 4,5 CF GH 2,0 NP","true","true","","","","https://amdgroup.kz/catalog/pryamoy_tip/abatment_s_tsementnoy_fiksatsiey_4_5_cf_gh_2_0_np/","P0_COMMERCIAL","NEEDS_OFFICIAL_EVIDENCE","Официальная страница бренда, каталог производителя или подтверждённый прайс с артикулом"
"public-80402773a51917aa83c87d51","Абатмент с цементной фиксацией 4,5 CF GH 2,0 SP","true","true","","","","https://amdgroup.kz/catalog/pryamoy_tip/abatment_s_tsementnoy_fiksatsiey_4_5_cf_gh_2_0_sp/","P0_COMMERCIAL","NEEDS_OFFICIAL_EVIDENCE","Официальная страница бренда, каталог производителя или подтверждённый прайс с артикулом"
"public-823939ea82adc3a2dfedea97","Абатмент с цементной фиксацией 4,5 CF GH 3,0 NP","true","true","","","","https://amdgroup.kz/catalog/pryamoy_tip/abatment_s_tsementnoy_fiksatsiey_4_5_cf_gh_3_0_np/","P0_COMMERCIAL","NEEDS_OFFICIAL_EVIDENCE","Официальная страница бренда, каталог производителя или подтверждённый прайс с артикулом"
"public-d5f72405155138ef0de3df63","Абатмент с цементной фиксацией 4,5 CF GH 3,0 SP","true","true","","","","https://amdgroup.kz/catalog/pryamoy_tip/abatment_s_tsementnoy_fiksatsiey_4_5_cf_gh_3_0_sp/","P0_COMMERCIAL","NEEDS_OFFICIAL_EVIDENCE","Официальная страница бренда, каталог производителя или подтверждённый прайс с артикулом"
"public-26f20c27fa389d86c757bfd5","Абатмент с цементной фиксацией 4,5 CF GH 4,0 NP","true","true","","","","https://amdgroup.kz/catalog/pryamoy_tip/abatment_s_tsementnoy_fiksatsiey_4_5_cf_gh_4_0_np/","P0_COMMERCIAL","NEEDS_OFFICIAL_EVIDENCE","Официальная страница бренда, каталог производителя или подтверждённый прайс с артикулом"
"public-3db026a8342472ddaa948744","Абатмент с цементной фиксацией 4,5 CF GH 4,0 SP","true","true","","","","https://amdgroup.kz/catalog/pryamoy_tip/abatment_s_tsementnoy_fiksatsiey_4_5_cf_gh_4_0_sp/","P0_COMMERCIAL","NEEDS_OFFICIAL_EVIDENCE","Официальная страница бренда, каталог производителя или подтверждённый прайс с артикулом"
"public-b55091c33ed6961ad7968b45","Абатмент с цементной фиксацией 4,5 CF GH 5,0 NP","true","true","","","","https://amdgroup.kz/catalog/pryamoy_tip/abatment_s_tsementnoy_fiksatsiey_4_5_cf_gh_5_0_np/","P0_COMMERCIAL","NEEDS_OFFICIAL_EVIDENCE","Официальная страница бренда, каталог производителя или подтверждённый прайс с артикулом"
"public-1e4f76c64ce32e4dd9683972","Абатмент с цементной фиксацией 4,5 CF GH 5,0 SP","true","true","","","","https://amdgroup.kz/catalog/pryamoy_tip/abatment_s_tsementnoy_fiksatsiey_4_5_cf_gh_5_0_sp/","P0_COMMERCIAL","NEEDS_OFFICIAL_EVIDENCE","Официальная страница бренда, каталог производителя или подтверждённый прайс с артикулом"
"public-ed78514d4bdb94f24fec1f88","Абатмент титановый временный для коронки 3,5 CF GH 0,5 NP","true","true","","","","https://amdgroup.kz/catalog/dlya_koronki/abatment_titanovyy_vremennyy_dlya_koronki_3_5_cf_gh_0_5_np/","P0_COMMERCIAL","NEEDS_OFFICIAL_EVIDENCE","Официальная страница бренда, каталог производителя или подтверждённый прайс с артикулом"
"public-6c39fa32583105a8f0c387bb","Абатмент титановый временный для коронки 3,5 CF GH 1,0 NP","true","true","","","","https://amdgroup.kz/catalog/dlya_koronki/abatment_titanovyy_vremennyy_dlya_koronki_3_5_cf_gh_1_0_np/","P0_COMMERCIAL","NEEDS_OFFICIAL_EVIDENCE","Официальная страница бренда, каталог производителя или подтверждённый прайс с артикулом"
"public-9e243ab25cdc67946e505fe1","Абатмент титановый временный для коронки 3,5 CF GH 3,0 NP","true","true","","","","https://amdgroup.kz/catalog/dlya_koronki/abatment_titanovyy_vremennyy_dlya_koronki_3_5_cf_gh_3_0_np/","P0_COMMERCIAL","NEEDS_OFFICIAL_EVIDENCE","Официальная страница бренда, каталог производителя или подтверждённый прайс с артикулом"
"public-2cc4e29e64891462725fca00","Абатмент титановый временный для коронки 4,5 CF GH 0,5 NP","true","true","","","","https://amdgroup.kz/catalog/dlya_koronki/abatment_titanovyy_vremennyy_dlya_koronki_4_5_cf_gh_0_5_np/","P0_COMMERCIAL","NEEDS_OFFICIAL_EVIDENCE","Официальная страница бренда, каталог производителя или подтверждённый прайс с артикулом"
"public-d30db04307769dd1b6f79032","Абатмент титановый временный для коронки 4,5 CF GH 0,5 SP","true","true","","","","https://amdgroup.kz/catalog/dlya_koronki/abatment_titanovyy_vremennyy_dlya_koronki_4_5_cf_gh_0_5_sp/","P0_COMMERCIAL","NEEDS_OFFICIAL_EVIDENCE","Официальная страница бренда, каталог производителя или подтверждённый прайс с артикулом"
"public-24f918d8072761ae41b9d0f6","Абатмент титановый временный для коронки 4,5 CF GH 1,0 NP","true","true","","","","https://amdgroup.kz/catalog/dlya_koronki/abatment_titanovyy_vremennyy_dlya_koronki_4_5_cf_gh_1_0_np/","P0_COMMERCIAL","NEEDS_OFFICIAL_EVIDENCE","Официальная страница бренда, каталог производителя или подтверждённый прайс с артикулом"
"public-b514affe62f6cb2f3df6ee36","Абатмент титановый временный для коронки 4,5 CF GH 1,0 SP","true","true","","","","https://amdgroup.kz/catalog/dlya_koronki/abatment_titanovyy_vremennyy_dlya_koronki_4_5_cf_gh_1_0_sp/","P0_COMMERCIAL","NEEDS_OFFICIAL_EVIDENCE","Официальная страница бренда, каталог производителя или подтверждённый прайс с артикулом"
"public-51a9ff840e49562b9adb5672","Абатмент титановый временный для коронки 4,5 CF GH 3,0 NP","true","true","","","","https://amdgroup.kz/catalog/dlya_koronki/abatment_titanovyy_vremennyy_dlya_koronki_4_5_cf_gh_3_0_np/","P0_COMMERCIAL","NEEDS_OFFICIAL_EVIDENCE","Официальная страница бренда, каталог производителя или подтверждённый прайс с артикулом"
"public-08dc12e9ad13f646f459cd11","Абатмент титановый временный для коронки 4,5 CF GH 3,0 SP","true","true","","","","https://amdgroup.kz/catalog/dlya_koronki/abatment_titanovyy_vremennyy_dlya_koronki_4_5_cf_gh_3_0_sp/","P0_COMMERCIAL","NEEDS_OFFICIAL_EVIDENCE","Официальная страница бренда, каталог производителя или подтверждённый прайс с артикулом"
"public-531bd639b43fedd00a2e8a65","Абатмент титановый временный для коронки 5,5 CF GH 0,5 SP","true","true","","","","https://amdgroup.kz/catalog/dlya_koronki/abatment_titanovyy_vremennyy_dlya_koronki_5_5_cf_gh_0_5_sp/","P0_COMMERCIAL","NEEDS_OFFICIAL_EVIDENCE","Официальная страница бренда, каталог производителя или подтверждённый прайс с артикулом"
"public-5880d639515f7e4a3b2959e3","Абатмент титановый временный для коронки 5,5 CF GH 1,0 SP","true","true","","","","https://amdgroup.kz/catalog/dlya_koronki/abatment_titanovyy_vremennyy_dlya_koronki_5_5_cf_gh_1_0_sp/","P0_COMMERCIAL","NEEDS_OFFICIAL_EVIDENCE","Официальная страница бренда, каталог производителя или подтверждённый прайс с артикулом"
"public-7c2b7b6ffc04e45b9b6e641e","Абатмент титановый временный для коронки 5,5 CF GH 3,0 SP","true","true","","","","https://amdgroup.kz/catalog/dlya_koronki/abatment_titanovyy_vremennyy_dlya_koronki_5_5_cf_gh_3_0_sp/","P0_COMMERCIAL","NEEDS_OFFICIAL_EVIDENCE","Официальная страница бренда, каталог производителя или подтверждённый прайс с артикулом"
"public-bd87aad1f52268b542738aa0","Абатмент титановый временный для мостов 3,5 CF GH 0,5 NP","true","true","","","","https://amdgroup.kz/catalog/dlya_mostov/abatment_titanovyy_vremennyy_dlya_mostov_3_5_cf_gh_0_5_np/","P0_COMMERCIAL","NEEDS_OFFICIAL_EVIDENCE","Официальная страница бренда, каталог производителя или подтверждённый прайс с артикулом"
"public-f3704fb4d08da8e4230a4dd5","Абатмент титановый временный для мостов 3,5 CF GH 1,0 NP","true","true","","","","https://amdgroup.kz/catalog/dlya_mostov/abatment_titanovyy_vremennyy_dlya_mostov_3_5_cf_gh_1_0_np/","P0_COMMERCIAL","NEEDS_OFFICIAL_EVIDENCE","Официальная страница бренда, каталог производителя или подтверждённый прайс с артикулом"
"public-28cbb9901d93972cdeae4b6f","Абатмент титановый временный для мостов 3,5 CF GH 3,0 NP","true","true","","","","https://amdgroup.kz/catalog/dlya_mostov/abatment_titanovyy_vremennyy_dlya_mostov_3_5_cf_gh_3_0_np/","P0_COMMERCIAL","NEEDS_OFFICIAL_EVIDENCE","Официальная страница бренда, каталог производителя или подтверждённый прайс с артикулом"
"public-b1587bf040c6c66d0fdbfd33","Абатмент титановый временный для мостов 4,5 CF GH 0,5 NP","true","true","","","","https://amdgroup.kz/catalog/dlya_mostov/abatment_titanovyy_vremennyy_dlya_mostov_4_5_cf_gh_0_5_np/","P0_COMMERCIAL","NEEDS_OFFICIAL_EVIDENCE","Официальная страница бренда, каталог производителя или подтверждённый прайс с артикулом"
"public-96eaa76b80365ce245f557ad","Абатмент титановый временный для мостов 4,5 CF GH 0,5 SP","true","true","","","","https://amdgroup.kz/catalog/dlya_mostov/abatment_titanovyy_vremennyy_dlya_mostov_4_5_cf_gh_0_5_sp/","P0_COMMERCIAL","NEEDS_OFFICIAL_EVIDENCE","Официальная страница бренда, каталог производителя или подтверждённый прайс с артикулом"
"public-01c2da91dd5bc1e22d5fbcd2","Абатмент титановый временный для мостов 4,5 CF GH 1,0 NP","true","true","","","","https://amdgroup.kz/catalog/dlya_mostov/abatment_titanovyy_vremennyy_dlya_mostov_4_5_cf_gh_1_0_np/","P0_COMMERCIAL","NEEDS_OFFICIAL_EVIDENCE","Официальная страница бренда, каталог производителя или подтверждённый прайс с артикулом"
"public-1dd03ececf7077fee4b70c60","Абатмент титановый временный для мостов 4,5 CF GH 1,0 SP","true","true","","","","https://amdgroup.kz/catalog/dlya_mostov/abatment_titanovyy_vremennyy_dlya_mostov_4_5_cf_gh_1_0_sp/","P0_COMMERCIAL","NEEDS_OFFICIAL_EVIDENCE","Официальная страница бренда, каталог производителя или подтверждённый прайс с артикулом"
"public-d9ad36bb85c4ab0fe9bb3944","Абатмент титановый временный для мостов 4,5 CF GH 3,0 NP","true","true","","","","https://amdgroup.kz/catalog/dlya_mostov/abatment_titanovyy_vremennyy_dlya_mostov_4_5_cf_gh_3_0_np/","P0_COMMERCIAL","NEEDS_OFFICIAL_EVIDENCE","Официальная страница бренда, каталог производителя или подтверждённый прайс с артикулом"
"public-26191b787d7872838f6361c4","Абатмент титановый временный для мостов 4,5 CF GH 3,0 SP","true","true","","","","https://amdgroup.kz/catalog/dlya_mostov/abatment_titanovyy_vremennyy_dlya_mostov_4_5_cf_gh_3_0_sp/","P0_COMMERCIAL","NEEDS_OFFICIAL_EVIDENCE","Официальная страница бренда, каталог производителя или подтверждённый прайс с артикулом"
"public-e71c0211be61eca6a86a0fd8","Абатмент титановый временный для мостов 5,5 CF GH 0,5 SP","true","true","","","","https://amdgroup.kz/catalog/dlya_mostov/abatment_titanovyy_vremennyy_dlya_mostov_5_5_cf_gh_0_5_sp/","P0_COMMERCIAL","NEEDS_OFFICIAL_EVIDENCE","Официальная страница бренда, каталог производителя или подтверждённый прайс с артикулом"
"public-6da403c9eda8b3dbbb219ffa","Абатмент титановый временный для мостов 5,5 CF GH 1,0 SP","true","true","","","","https://amdgroup.kz/catalog/dlya_mostov/abatment_titanovyy_vremennyy_dlya_mostov_5_5_cf_gh_1_0_sp/","P0_COMMERCIAL","NEEDS_OFFICIAL_EVIDENCE","Официальная страница бренда, каталог производителя или подтверждённый прайс с артикулом"
"public-abb64925d72d62f730213635","Абатмент титановый временный для мостов 5,5 CF GH 3,0 SP","true","true","","","","https://amdgroup.kz/catalog/dlya_mostov/abatment_titanovyy_vremennyy_dlya_mostov_5_5_cf_gh_3_0_sp/","P0_COMMERCIAL","NEEDS_OFFICIAL_EVIDENCE","Официальная страница бренда, каталог производителя или подтверждённый прайс с артикулом"
"public-88cdf5098495b57c36753ee8","Абатмент титановый для Multi Unit полировалный 3 5","true","true","","","","https://amdgroup.kz/catalog/komponenty/abatment_titanovyy_dlya_multi_unit_polirovalnyy_3_5/","P0_COMMERCIAL","NEEDS_OFFICIAL_EVIDENCE","Официальная страница бренда, каталог производителя или подтверждённый прайс с артикулом"
"public-fd8e78384d0c0ae1fda2c024","Абатмент титановый для Multi Unit полировалный 4 8","true","true","","","","https://amdgroup.kz/catalog/komponenty/abatment_titanovyy_dlya_multi_unit_polirovalnyy_4_8/","P0_COMMERCIAL","NEEDS_OFFICIAL_EVIDENCE","Официальная страница бренда, каталог производителя или подтверждённый прайс с артикулом"
"public-b73d5cd1fbb5b21052066020","Абатмент Multi Unit 3,5 CF GH 1,0 NP","true","true","","","","https://amdgroup.kz/catalog/abatmenty_multi_unit_/abatment_multi_unit_3_5_cf_gh_1_0_np/","P0_COMMERCIAL","NEEDS_OFFICIAL_EVIDENCE","Официальная страница бренда, каталог производителя или подтверждённый прайс с артикулом"
"public-a0eed2add2963679e5e0d090","Абатмент Multi Unit 3,5 CF GH 2,0 NP","true","true","","","","https://amdgroup.kz/catalog/abatmenty_multi_unit_/abatment_multi_unit_3_5_cf_gh_2_0_np/","P0_COMMERCIAL","NEEDS_OFFICIAL_EVIDENCE","Официальная страница бренда, каталог производителя или подтверждённый прайс с артикулом"
"public-55974200c3b1d3ae8d817990","Абатмент Multi Unit 3,5 CF GH 3,0 NP","true","true","","","","https://amdgroup.kz/catalog/abatmenty_multi_unit_/abatment_multi_unit_3_5_cf_gh_3_0_np/","P0_COMMERCIAL","NEEDS_OFFICIAL_EVIDENCE","Официальная страница бренда, каталог производителя или подтверждённый прайс с артикулом"
"public-d291783453775843beed5ff4","Абатмент Multi Unit 4,8 CF 17D GH 2,5 NP","true","true","","","","https://amdgroup.kz/catalog/abatmenty_multi_unit_/abatment_multi_unit_4_8_cf_17d_gh_2_5_np/","P0_COMMERCIAL","NEEDS_OFFICIAL_EVIDENCE","Официальная страница бренда, каталог производителя или подтверждённый прайс с артикулом"
"public-9a78031c354497467375f63b","Абатмент Multi Unit 4,8 CF 17D GH 2,5 SP","true","true","","","","https://amdgroup.kz/catalog/abatmenty_multi_unit_/abatment_multi_unit_4_8_cf_17d_gh_2_5_sp/","P0_COMMERCIAL","NEEDS_OFFICIAL_EVIDENCE","Официальная страница бренда, каталог производителя или подтверждённый прайс с артикулом"
"public-74dab46caad50e99888d8ca9","Абатмент Multi Unit 4,8 CF 17D GH 3,0 NP","true","true","","","","https://amdgroup.kz/catalog/abatmenty_multi_unit_/abatment_multi_unit_4_8_cf_17d_gh_3_0_np/","P0_COMMERCIAL","NEEDS_OFFICIAL_EVIDENCE","Официальная страница бренда, каталог производителя или подтверждённый прайс с артикулом"
"public-cd1d6a1cce5a65a135bb1aa8","Абатмент Multi Unit 4,8 CF 17D GH 3,0 SP","true","true","","","","https://amdgroup.kz/catalog/abatmenty_multi_unit_/abatment_multi_unit_4_8_cf_17d_gh_3_0_sp/","P0_COMMERCIAL","NEEDS_OFFICIAL_EVIDENCE","Официальная страница бренда, каталог производителя или подтверждённый прайс с артикулом"
"public-b0a8576cbd14a28cb9b446f7","Абатмент Multi Unit 4,8 CF 30D GH 3,5 SP","true","true","","","","https://amdgroup.kz/catalog/abatmenty_multi_unit_/abatment_multi_unit_4_8_cf_30d_gh_3_5_sp/","P0_COMMERCIAL","NEEDS_OFFICIAL_EVIDENCE","Официальная страница бренда, каталог производителя или подтверждённый прайс с артикулом"
"public-ff9c0f0839daafdb504e2bb4","Абатмент Multi Unit 4,8 CF 30D GH 4,0 SP","true","true","","","","https://amdgroup.kz/catalog/abatmenty_multi_unit_/abatment_multi_unit_4_8_cf_30d_gh_4_0_sp/","P0_COMMERCIAL","NEEDS_OFFICIAL_EVIDENCE","Официальная страница бренда, каталог производителя или подтверждённый прайс с артикулом"
"public-58105a6aa5a459fe4c2f04a1","Абатмент Multi Unit 4,8 CF GH 1,0 NP","true","true","","","","https://amdgroup.kz/catalog/abatmenty_multi_unit_/abatment_multi_unit_4_8_cf_gh_1_0_np/","P0_COMMERCIAL","NEEDS_OFFICIAL_EVIDENCE","Официальная страница бренда, каталог производителя или подтверждённый прайс с артикулом"
"public-4129922c021f1829cff0e84c","Абатмент Multi Unit 4,8 CF GH 1,0 SP","true","true","","","","https://amdgroup.kz/catalog/abatmenty_multi_unit_/abatment_multi_unit_4_8_cf_gh_1_0_sp/","P0_COMMERCIAL","NEEDS_OFFICIAL_EVIDENCE","Официальная страница бренда, каталог производителя или подтверждённый прайс с артикулом"
"public-8fd518f3e616ca6b3dc37c4b","Абатмент Multi Unit 4,8 CF GH 2,0 NP","true","true","","","","https://amdgroup.kz/catalog/abatmenty_multi_unit_/abatment_multi_unit_4_8_cf_gh_2_0_np/","P0_COMMERCIAL","NEEDS_OFFICIAL_EVIDENCE","Официальная страница бренда, каталог производителя или подтверждённый прайс с артикулом"
"public-fb2253ea71f8497bd690b972","Абатмент Multi Unit 4,8 CF GH 2,0 SP","true","true","","","","https://amdgroup.kz/catalog/abatmenty_multi_unit_/abatment_multi_unit_4_8_cf_gh_2_0_sp/","P0_COMMERCIAL","NEEDS_OFFICIAL_EVIDENCE","Официальная страница бренда, каталог производителя или подтверждённый прайс с артикулом"
"public-cb4a37706e1665e6f233100b","Абатмент Multi Unit 4,8 CF GH 3,0 NP","true","true","","","","https://amdgroup.kz/catalog/abatmenty_multi_unit_/abatment_multi_unit_4_8_cf_gh_3_0_np/","P0_COMMERCIAL","NEEDS_OFFICIAL_EVIDENCE","Официальная страница бренда, каталог производителя или подтверждённый прайс с артикулом"
"public-7d82978f5885c8dad8b85be5","Абатмент Multi Unit 4,8 CF GH 3,0 SP","true","true","","","","https://amdgroup.kz/catalog/abatmenty_multi_unit_/abatment_multi_unit_4_8_cf_gh_3_0_sp/","P0_COMMERCIAL","NEEDS_OFFICIAL_EVIDENCE","Официальная страница бренда, каталог производителя или подтверждённый прайс с артикулом"
"public-de5ab958d846109578713526","Абатмент Multi Unit винтовой фиксировкой 4,8 CF 17D GH 4,0 NP","true","true","","","","https://amdgroup.kz/catalog/abatmenty_multi_unit_/abatment_multi_unit_vintovoy_fiksirovkoy_4_8_cf_17d_gh_4_0_np/","P0_COMMERCIAL","NEEDS_OFFICIAL_EVIDENCE","Официальная страница бренда, каталог производителя или подтверждённый прайс с артикулом"
"public-a52473f9864bb1da0a10fa13","Абатмент Multi Unit винтовой фиксировкой 4,8 CF 17D GH 4,0 SP","true","true","","","","https://amdgroup.kz/catalog/abatmenty_multi_unit_/abatment_multi_unit_vintovoy_fiksirovkoy_4_8_cf_17d_gh_4_0_sp/","P0_COMMERCIAL","NEEDS_OFFICIAL_EVIDENCE","Официальная страница бренда, каталог производителя или подтверждённый прайс с артикулом"
"public-48ff2776673fe2c34e6abdc8","Абатмент Multi Unit винтовой фиксировкой 4,8 CF 30D GH 3,5 NP","true","true","","","","https://amdgroup.kz/catalog/abatmenty_multi_unit_/abatment_multi_unit_vintovoy_fiksirovkoy_4_8_cf_30d_gh_3_5_np/","P0_COMMERCIAL","NEEDS_OFFICIAL_EVIDENCE","Официальная страница бренда, каталог производителя или подтверждённый прайс с артикулом"
"public-f3867a315337bace09868fc7","Абатмент Multi Unit винтовой фиксировкой 4,8 CF 30D GH 4,0 NP","true","true","","","","https://amdgroup.kz/catalog/abatmenty_multi_unit_/abatment_multi_unit_vintovoy_fiksirovkoy_4_8_cf_30d_gh_4_0_np/","P0_COMMERCIAL","NEEDS_OFFICIAL_EVIDENCE","Официальная страница бренда, каталог производителя или подтверждённый прайс с артикулом"
"public-47e8a514c1ffad9d19d58c2d","Абатмент Multi Unit винтовой фиксировкой 4,8 CF 30D GH 5,0 NP","true","true","","","","https://amdgroup.kz/catalog/abatmenty_multi_unit_/abatment_multi_unit_vintovoy_fiksirovkoy_4_8_cf_30d_gh_5_0_np/","P0_COMMERCIAL","NEEDS_OFFICIAL_EVIDENCE","Официальная страница бренда, каталог производителя или подтверждённый прайс с артикулом"
"public-175c9a6d9f3cdf295f6c277c","Абатмент Multi Unit винтовой фиксировкой 4,8 CF 30D GH 5,0 SP","true","true","","","","https://amdgroup.kz/catalog/abatmenty_multi_unit_/abatment_multi_unit_vintovoy_fiksirovkoy_4_8_cf_30d_gh_5_0_sp/","P0_COMMERCIAL","NEEDS_OFFICIAL_EVIDENCE","Официальная страница бренда, каталог производителя или подтверждённый прайс с артикулом"
"public-e98bd2ad1264192a998720d7","Абатмент Multi Unit винтовой фиксировкой 4,8 CF GH 4,0 NP","true","true","","","","https://amdgroup.kz/catalog/abatmenty_multi_unit_/abatment_multi_unit_vintovoy_fiksirovkoy_4_8_cf_gh_4_0_np/","P0_COMMERCIAL","NEEDS_OFFICIAL_EVIDENCE","Официальная страница бренда, каталог производителя или подтверждённый прайс с артикулом"
"public-e568ce44074a59efea69edde","Абатмент Multi Unit винтовой фиксировкой 4,8 CF GH 4,0 SP","true","true","","","","https://amdgroup.kz/catalog/abatmenty_multi_unit_/abatment_multi_unit_vintovoy_fiksirovkoy_4_8_cf_gh_4_0_sp/","P0_COMMERCIAL","NEEDS_OFFICIAL_EVIDENCE","Официальная страница бренда, каталог производителя или подтверждённый прайс с артикулом"
"public-587803dd3d029636271fddfd","Абатмент Multi Unit винтовой фиксировкой 4,8 CF GH 5,0 NP","true","true","","","","https://amdgroup.kz/catalog/abatmenty_multi_unit_/abatment_multi_unit_vintovoy_fiksirovkoy_4_8_cf_gh_5_0_np_/","P0_COMMERCIAL","NEEDS_OFFICIAL_EVIDENCE","Официальная страница бренда, каталог производителя или подтверждённый прайс с артикулом"
"public-67ad414faccad910814ce378","Абатмент Multi Unit винтовой фиксировкой 4,8 CF GH 5,0 SP","true","true","","","","https://amdgroup.kz/catalog/abatmenty_multi_unit_/abatment_multi_unit_vintovoy_fiksirovkoy_4_8_cf_gh_5_0_sp/","P0_COMMERCIAL","NEEDS_OFFICIAL_EVIDENCE","Официальная страница бренда, каталог производителя или подтверждённый прайс с артикулом"
"public-672f08d61dcfb818fd91a966","Автоклав 18 л","true","true","","","","https://a4d.kz/content/avtoklav-18-l","P0_COMMERCIAL","NEEDS_OFFICIAL_EVIDENCE","Официальная страница бренда, каталог производителя или подтверждённый прайс с артикулом"
"public-c61b6457803cba76a7d24fff","Автоклав FOMOS Foster 12L/8L","false","true","FOMOS","","","https://medstom.kz/catalog","P0_COMMERCIAL","NEEDS_OFFICIAL_EVIDENCE","Официальная страница бренда, каталог производителя или подтверждённый прайс с артикулом"
"public-5fc40c46006dfdea3887f053","Автоклав FOMOS Foster Plus 22L + Aqua дистиллятор + Foseal упаковочная машина","false","true","FOMOS","","","https://medstom.kz/catalog","P0_COMMERCIAL","NEEDS_OFFICIAL_EVIDENCE","Официальная страница бренда, каталог производителя или подтверждённый прайс с артикулом"
"public-798ae697d8e5ca07047c41d8","Автоклавируемые насадки для защиты от острых края на всасывающих трубках","true","true","","","","https://a4d.kz/content/avtoklaviruemye-nasadki-dlya-zashchity-ot-ostryh-kraya-na-vsasyvayushchih-trubkah","P0_COMMERCIAL","NEEDS_OFFICIAL_EVIDENCE","Официальная страница бренда, каталог производителя или подтверждённый прайс с артикулом"
"public-1cb4e7b4fa9a92ad7b124464","Автоклавируемый губной кольцевой ретрактор взрослый","true","true","","","","https://a4d.kz/content/avtoklaviruemyy-gubnoy-kolcevoy-retraktor-vzroslyy","P0_COMMERCIAL","NEEDS_OFFICIAL_EVIDENCE","Официальная страница бренда, каталог производителя или подтверждённый прайс с артикулом"
"public-140585e33d367aa0ecbfbd2b","Автоклавируемый губной кольцевой ретрактор детский","true","true","","","","https://a4d.kz/content/avtoklaviruemyy-gubnoy-kolcevoy-retraktor-detskiy","P0_COMMERCIAL","NEEDS_OFFICIAL_EVIDENCE","Официальная страница бренда, каталог производителя или подтверждённый прайс с артикулом"
"public-e57c8647c484cf058a7326e1","Автоклавируемый оттягивающий ретрактор (взрослый)","true","true","","","","https://a4d.kz/content/avtoklaviruemyy-ottyagivayushchiy-retraktor-vzroslyy","P0_COMMERCIAL","NEEDS_OFFICIAL_EVIDENCE","Официальная страница бренда, каталог производителя или подтверждённый прайс с артикулом"
"public-a790353bfa1c27f08b372947","Автоклавируемый оттягивающий ретрактор (детский)","true","true","","","","https://a4d.kz/content/avtoklaviruemyy-ottyagivayushchiy-retraktor-detskiy","P0_COMMERCIAL","NEEDS_OFFICIAL_EVIDENCE","Официальная страница бренда, каталог производителя или подтверждённый прайс с артикулом"
"public-8caef3b41a415066c8ecec2d","Автоклавируемый ретрактор сухое поле","true","true","","","","https://a4d.kz/content/avtoklaviruemyy-retraktor-suhoe-pole","P0_COMMERCIAL","NEEDS_OFFICIAL_EVIDENCE","Официальная страница бренда, каталог производителя или подтверждённый прайс с артикулом"
"public-800ab0e22ffdfd1effa7cf8f","Автоклавируемый щечный ретрактор взрослый","true","true","","","","https://a4d.kz/content/avtoklaviruemyy-shchechnyy-retraktor-vzroslyy","P0_COMMERCIAL","NEEDS_OFFICIAL_EVIDENCE","Официальная страница бренда, каталог производителя или подтверждённый прайс с артикулом"
"public-b0da6acad0f4587bb03180bc","Автоклавируемый щечный ретрактор детский","true","true","","","","https://a4d.kz/content/avtoklaviruemyy-shchechnyy-retraktor-detskiy","P0_COMMERCIAL","NEEDS_OFFICIAL_EVIDENCE","Официальная страница бренда, каталог производителя или подтверждённый прайс с артикулом"
"public-020212c478926c2d127c2758","Автоклавируемый щечный ретрактор подростковый","true","true","","","","https://a4d.kz/content/avtoklaviruemyy-shchechnyy-retraktor-podrostkovyy","P0_COMMERCIAL","NEEDS_OFFICIAL_EVIDENCE","Официальная страница бренда, каталог производителя или подтверждённый прайс с артикулом"
"public-df6ef9d5332c930315df417c","Адаптер для системы куикк исо Assistina твин 06422600","true","true","","","","https://amdgroup.kz/catalog/bystrosemnoe_soedinenie_/adapter_d_sistemy_quick_iso_assistina_twin_06422600/","P0_COMMERCIAL","NEEDS_OFFICIAL_EVIDENCE","Официальная страница бренда, каталог производителя или подтверждённый прайс с артикулом"
"public-806bb4d74d6fe82d993c2edc","Адаптер для системы куикк RM Assistina твин 06395100","true","true","","","","https://amdgroup.kz/catalog/bystrosemnoe_soedinenie_/adapter_d_sistemy_quick_rm_assistina_twin_06395100/","P0_COMMERCIAL","NEEDS_OFFICIAL_EVIDENCE","Официальная страница бренда, каталог производителя или подтверждённый прайс с артикулом"
"public-7dded4f66bf02921f858e20f","Адаптер для системы рото куикк Assistina твин 02690400","true","true","","","","https://amdgroup.kz/catalog/bystrosemnoe_soedinenie_/adapter_d_sistemy_roto_quick_assistina_twin_02690400/","P0_COMMERCIAL","NEEDS_OFFICIAL_EVIDENCE","Официальная страница бренда, каталог производителя или подтверждённый прайс с артикулом"
"public-e46af0a1cc32af5ddd294ee3","Адаптер к шестиграннику","true","true","","","","https://amdgroup.kz/catalog/komponenty_/adapter_k_shestigranniku/","P0_COMMERCIAL","NEEDS_OFFICIAL_EVIDENCE","Официальная страница бренда, каталог производителя или подтверждённый прайс с артикулом"
"public-aade58967dafea7ea9cab791","Адаптер ручной для абат и трансф","true","true","","","","https://amdgroup.kz/catalog/komponenty_/adapter_ruchnoy_dlya_abat_i_transf/","P0_COMMERCIAL","NEEDS_OFFICIAL_EVIDENCE","Официальная страница бренда, каталог производителя или подтверждённый прайс с артикулом"
"public-2e8a0d05285aefaf578889b5","Адгезив 7-го поколения","true","true","","","","https://a4d.kz/content/adgeziv-7-go-pokoleniya","P0_COMMERCIAL","NEEDS_OFFICIAL_EVIDENCE","Официальная страница бренда, каталог производителя или подтверждённый прайс с артикулом"
"public-366fe51b2e170778314a8bd5","Адгезив светового отверждения CharmBond","false","true","DentKist","","1401750","https://stomir.kz/","P0_COMMERCIAL","NEEDS_OFFICIAL_EVIDENCE","Официальная страница бренда, каталог производителя или подтверждённый прайс с артикулом"
"public-cc2a103a74f4b888bd41b6a9","Аксиат-спрей","true","false","","Аксиат","","https://nordstom.kz/","P0_COMMERCIAL","NEEDS_OFFICIAL_EVIDENCE","Официальная страница бренда, каталог производителя или подтверждённый прайс с артикулом"
"public-59eee5eafa3483c6053e3d3e","Алмазные боры бутоновидные","true","true","","","","https://amdgroup.kz/catalog/materialy_/","P0_COMMERCIAL","NEEDS_OFFICIAL_EVIDENCE","Официальная страница бренда, каталог производителя или подтверждённый прайс с артикулом"
"public-d3ba8762a3afdd6c80145e42","Алмазные боры гренадовидные","true","true","","","","https://amdgroup.kz/catalog/materialy_/","P0_COMMERCIAL","NEEDS_OFFICIAL_EVIDENCE","Официальная страница бренда, каталог производителя или подтверждённый прайс с артикулом"
"public-1b454d9db04d099f9b750ba4","Алмазные боры грушевидные","true","true","","","","https://amdgroup.kz/catalog/materialy_/","P0_COMMERCIAL","NEEDS_OFFICIAL_EVIDENCE","Официальная страница бренда, каталог производителя или подтверждённый прайс с артикулом"
"public-58da2fa2e34f467f1c5e3670","Алмазные боры конусовидные","true","true","","","","https://amdgroup.kz/catalog/materialy_/","P0_COMMERCIAL","NEEDS_OFFICIAL_EVIDENCE","Официальная страница бренда, каталог производителя или подтверждённый прайс с артикулом"
"public-4ed0e1e433ea24ebb7336f97","Алмазные боры на прямой наконечник","true","true","","","","https://a4d.kz/content/almaznye-bory-na-pryamoy-nakonechnik","P0_COMMERCIAL","NEEDS_OFFICIAL_EVIDENCE","Официальная страница бренда, каталог производителя или подтверждённый прайс с артикулом"
"public-55c117206ca8370747efc964","Алмазные боры пламевидные","true","true","","","","https://amdgroup.kz/catalog/materialy_/","P0_COMMERCIAL","NEEDS_OFFICIAL_EVIDENCE","Официальная страница бренда, каталог производителя или подтверждённый прайс с артикулом"
"public-81e5ea8657fefd811e8d30d2","Алмазные боры IQ Dent (5 шт в упаковке)","false","true","IQ Dent","","MSK-B-80","https://medstom.kz/catalog","P0_COMMERCIAL","NEEDS_OFFICIAL_EVIDENCE","Официальная страница бренда, каталог производителя или подтверждённый прайс с артикулом"
"public-93c191adbb38f515543d2c1d","Альванес с линкомицином или хлоргексидином (30 шт)","true","true","","","ALVANES","https://medstom.kz/catalog","P0_COMMERCIAL","NEEDS_OFFICIAL_EVIDENCE","Официальная страница бренда, каталог производителя или подтверждённый прайс с артикулом"
"public-cc8c73fbe1b9c03786a162dc","Аналог Multi Unit 3 5","true","true","","","","https://amdgroup.kz/catalog/analog_multi_yunita/analog_multi_unit_3_5/","P0_COMMERCIAL","NEEDS_OFFICIAL_EVIDENCE","Официальная страница бренда, каталог производителя или подтверждённый прайс с артикулом"
"public-f8268f24b8ec7e790b0ddd8b","Аналог Multi Unit 4 8","true","true","","","","https://amdgroup.kz/catalog/analog_multi_yunita/analog_multi_unit_4_8/","P0_COMMERCIAL","NEEDS_OFFICIAL_EVIDENCE","Официальная страница бренда, каталог производителя или подтверждённый прайс с артикулом"
"public-33ec7fb3f9118e5f2fc65109","Анестетик стоматологический","true","true","","","","https://amdgroup.kz/catalog/materialy_/","P0_COMMERCIAL","NEEDS_OFFICIAL_EVIDENCE","Официальная страница бренда, каталог производителя или подтверждённый прайс с артикулом"
"public-97f16284028a21f49a02e4a8","Анкерные штифты набор120 шт","true","true","","","","https://a4d.kz/content/ankernye-shtifty-nabor120-sht","P0_COMMERCIAL","NEEDS_OFFICIAL_EVIDENCE","Официальная страница бренда, каталог производителя или подтверждённый прайс с артикулом"
"public-589d7b9791b914303d289f01","Анкерные штифты отвертка+ключ размеры 0,9/1,0/1,2/1,4/1,6/1,8","true","true","","","","https://a4d.kz/content/ankernye-shtifty-otvertkaklyuch-razmery-091012141618","P0_COMMERCIAL","NEEDS_OFFICIAL_EVIDENCE","Официальная страница бренда, каталог производителя или подтверждённый прайс с артикулом"
"public-f08a702e78e3354ebb4feb3a","Аны-ком Flow Kit раинбов","true","true","","","","https://a4d.kz/content/any-com-flow-kit-rainbow","P0_COMMERCIAL","NEEDS_OFFICIAL_EVIDENCE","Официальная страница бренда, каталог производителя или подтверждённый прайс с артикулом"
"public-48ea6fa8513545202d112a0b","Аны-ком Kit универсал","true","true","","","","https://a4d.kz/content/any-com-kit-universal","P0_COMMERCIAL","NEEDS_OFFICIAL_EVIDENCE","Официальная страница бренда, каталог производителя или подтверждённый прайс с артикулом"
"public-4ccf9e3c134ea1257caf5c97","Аны-пасте","true","true","","","","https://a4d.kz/content/any-paste","P0_COMMERCIAL","NEEDS_OFFICIAL_EVIDENCE","Официальная страница бренда, каталог производителя или подтверждённый прайс с артикулом"
"public-6ac340acc9ff965da3420e2d","Аны-сеал","true","true","","","","https://a4d.kz/content/any-seal","P0_COMMERCIAL","NEEDS_OFFICIAL_EVIDENCE","Официальная страница бренда, каталог производителя или подтверждённый прайс с артикулом"
"public-151142b0948f03c0439817a2","Аны-флу гел","true","true","","","","https://a4d.kz/content/any-flu-gel","P0_COMMERCIAL","NEEDS_OFFICIAL_EVIDENCE","Официальная страница бренда, каталог производителя или подтверждённый прайс с артикулом"
"public-d93e1b8407698ad95719782a","Апекслокатор СОХО С-ROOT I +","false","true","COXO","","","https://medstom.kz/catalog","P0_COMMERCIAL","NEEDS_OFFICIAL_EVIDENCE","Официальная страница бренда, каталог производителя или подтверждённый прайс с артикулом"
"public-4abb5fe89a02a9cfb522fe4e","Аппарат для дублированияAx-2006 режимы высокого и низкого нагрева для плавления и смешивания дублирующего геля","true","true","","","","https://a4d.kz/content/apparat-dlya-dublirovaniyaax-2006-rezhimy-vysokogo-i-nizkogo-nagreva-dlya-plavleniya-i","P0_COMMERCIAL","NEEDS_OFFICIAL_EVIDENCE","Официальная страница бренда, каталог производителя или подтверждённый прайс с артикулом"
"public-0f6d168ec36501e6a8122acf","Аппарат для изготовления капп","true","true","","","","https://a4d.kz/content/apparat-dlya-izgotovleniya-kapp","P0_COMMERCIAL","NEEDS_OFFICIAL_EVIDENCE","Официальная страница бренда, каталог производителя или подтверждённый прайс с артикулом"
"public-d47069d9676a0da59e97cfb5","Аппарат для изготовления нейлоновых протезов","true","true","","","","https://a4d.kz/content/apparat-dlya-izgotovleniya-neylonovyh-protezov","P0_COMMERCIAL","NEEDS_OFFICIAL_EVIDENCE","Официальная страница бренда, каталог производителя или подтверждённый прайс с артикулом"
"public-03705c41446c18c1abcffe31","Аппарат для изготовления нейлоновых протезов AX-YD картридж с материалом разогревается и пакуется в кювету с моделью ручным п рессом.","true","true","","","","https://a4d.kz/content/apparat-dlya-izgotovleniya-neylonovyh-protezov-ax-yd-kartridzh-s-materialom-razogrevaetsya-i","P0_COMMERCIAL","NEEDS_OFFICIAL_EVIDENCE","Официальная страница бренда, каталог производителя или подтверждённый прайс с артикулом"
"public-f020693e0e2e00b8b0d9baa1","Аппарат для промывки и дезинфекции корневых каналов COXO C-RRC","false","true","COXO","","","https://medstom.kz/catalog","P0_COMMERCIAL","NEEDS_OFFICIAL_EVIDENCE","Официальная страница бренда, каталог производителя или подтверждённый прайс с артикулом"
"public-356bd628786b817411825081","Аппарат для сепарации гипсовых моделей EM-DC2","true","true","","","","https://a4d.kz/content/apparat-dlya-separacii-gipsovyh-modeley-em-dc2","P0_COMMERCIAL","NEEDS_OFFICIAL_EVIDENCE","Официальная страница бренда, каталог производителя или подтверждённый прайс с артикулом"
"public-aa657757cecee32b28da9826","Аппарат для смазки наконечников","true","true","","","","https://a4d.kz/content/apparat-dlya-smazki-nakonechnikov","P0_COMMERCIAL","NEEDS_OFFICIAL_EVIDENCE","Официальная страница бренда, каталог производителя или подтверждённый прайс с артикулом"
"public-8448f9975180481a078793ab","Аппарат для смазки наконечников с редуктором","true","true","","","","https://a4d.kz/content/apparat-dlya-smazki-nakonechnikov-s-reduktorom","P0_COMMERCIAL","NEEDS_OFFICIAL_EVIDENCE","Официальная страница бренда, каталог производителя или подтверждённый прайс с артикулом"
"public-7c72b90c2f2df3afb01a6ae7","Аппарат для смазывания наконечников Assistina Plus 301","true","true","","","","https://amdgroup.kz/catalog/avtoklavy_/apparat_dlya_smazyvaniya_nakonechnikov_assistina_plus_301_/","P0_COMMERCIAL","NEEDS_OFFICIAL_EVIDENCE","Официальная страница бренда, каталог производителя или подтверждённый прайс с артикулом"
"public-00281bd24dabc13e00c8ad54","Аппарат для термосклеивания пакетов сеал","true","true","","","","https://amdgroup.kz/catalog/avtoklavy_/apparat_dlya_termoskleivaniya_paketov_seal/","P0_COMMERCIAL","NEEDS_OFFICIAL_EVIDENCE","Официальная страница бренда, каталог производителя или подтверждённый прайс с артикулом"
"public-8c0affcf06ac6be5cfc29c4a","Аппарат для чистки и смазки наконечников Fomos FOLUB","false","true","FOMOS","","","https://medstom.kz/catalog","P0_COMMERCIAL","NEEDS_OFFICIAL_EVIDENCE","Официальная страница бренда, каталог производителя или подтверждённый прайс с артикулом"
"public-ef2f558823c4393f7484785d","Аппарат сварочный Аргон AX-AWM1","true","true","","","","https://a4d.kz/content/apparat-svarochnyy-argon-ax-awm1","P0_COMMERCIAL","NEEDS_OFFICIAL_EVIDENCE","Официальная страница бренда, каталог производителя или подтверждённый прайс с артикулом"
"public-41e7c3b93c484f863bd6c424","Аппарат ултразвуковой вектор паро 2031 50","true","true","","","","https://amdgroup.kz/catalog/parodontologicheskiy_tsentr_/apparat_ultrazvukovoy_vector_paro_2031_50/","P0_COMMERCIAL","NEEDS_OFFICIAL_EVIDENCE","Официальная страница бренда, каталог производителя или подтверждённый прайс с артикулом"
"public-c7a70b48b9111727bf20c310","Аппарат ултразвуковой вектор паро про 2031 51","true","true","","","","https://amdgroup.kz/catalog/parodontologicheskiy_tsentr_/apparat_ultrazvukovoy_vector_paro_pro_2031_51/","P0_COMMERCIAL","NEEDS_OFFICIAL_EVIDENCE","Официальная страница бренда, каталог производителя или подтверждённый прайс с артикулом"
"public-4a9aa209bc939d44541fb502","Аппарат ултразвуковой вектор паро про 2031 51 1","true","true","","","","https://amdgroup.kz/catalog/parodontologicheskiy_tsentr_/apparat_ultrazvukovoy_vector_paro_pro_2031_51_1/","P0_COMMERCIAL","NEEDS_OFFICIAL_EVIDENCE","Официальная страница бренда, каталог производителя или подтверждённый прайс с артикулом"
"public-0510ee60f7214bc482f658b0","Аппликатор для пластических лигатур","true","true","","","","https://amdgroup.kz/catalog/ortodontiya2/applikator_dlya_plasticheskikh_ligatur/","P0_COMMERCIAL","NEEDS_OFFICIAL_EVIDENCE","Официальная страница бренда, каталог производителя или подтверждённый прайс с артикулом"
"public-6e17878badfb2c4d7d2184d1","Аппликаторы Dental (36 шт) 1,5mm, 2,5mm","true","true","","","APPLICATOR","https://medstom.kz/catalog","P0_COMMERCIAL","NEEDS_OFFICIAL_EVIDENCE","Официальная страница бренда, каталог производителя или подтверждённый прайс с артикулом"
"public-65a316ef7d4b6feee4e0a151","Артикулятор","true","true","","","","https://a4d.kz/content/artikulyator-2","P0_COMMERCIAL","NEEDS_OFFICIAL_EVIDENCE","Официальная страница бренда, каталог производителя или подтверждённый прайс с артикулом"
"public-681f43acd2037f6d5bee356a","Аспирационная система с-as","true","true","","","","https://a4d.kz/content/aspiracionnaya-sistema-s","P0_COMMERCIAL","NEEDS_OFFICIAL_EVIDENCE","Официальная страница бренда, каталог производителя или подтверждённый прайс с артикулом"
"public-373468679b63af465e076077","Аспирационные щетки для чистки слюноотса и пылесоса","true","true","","","","https://a4d.kz/content/aspiracionnye-shchetki-dlya-chistki-slyunootsa-i-pylesosa","P0_COMMERCIAL","NEEDS_OFFICIAL_EVIDENCE","Официальная страница бренда, каталог производителя или подтверждённый прайс с артикулом"
"public-47ade9633032c833ff00b58a","Аэр Профи Комфорт","true","false","","Омега Дент","","https://nordstom.kz/","P0_COMMERCIAL","NEEDS_OFFICIAL_EVIDENCE","Официальная страница бренда, каталог производителя или подтверждённый прайс с артикулом"
"public-8a96fed5656e5243a1bea292","Бактериалный филтр","true","true","","","","https://amdgroup.kz/catalog/avtoklavy_/bakterialnyy_filtr/","P0_COMMERCIAL","NEEDS_OFFICIAL_EVIDENCE","Официальная страница бренда, каталог производителя или подтверждённый прайс с артикулом"
"public-379ddc9ffebff03bc274254f","Барриер филм","true","true","","","","https://a4d.kz/content/barrier-film","P0_COMMERCIAL","NEEDS_OFFICIAL_EVIDENCE","Официальная страница бренда, каталог производителя или подтверждённый прайс с артикулом"
"public-536f79525e5308e9fa5df616","Барриер филм диспенсер","true","true","","","","https://a4d.kz/content/barrier-film-dispenser","P0_COMMERCIAL","NEEDS_OFFICIAL_EVIDENCE","Официальная страница бренда, каталог производителя или подтверждённый прайс с артикулом"
"public-8246f356c02c193913cf84cb","Бейсболка амд гроуп","true","true","","","","https://amdgroup.kz/catalog/merchi/beysbolka_amd_group/","P0_COMMERCIAL","NEEDS_OFFICIAL_EVIDENCE","Официальная страница бренда, каталог производителя или подтверждённый прайс с артикулом"
"public-af5ed62e67788423f228627b","Белодез 3% 100 мл.","true","true","","","BELODEZ","https://medstom.kz/catalog","P0_COMMERCIAL","NEEDS_OFFICIAL_EVIDENCE","Официальная страница бренда, каталог производителя или подтверждённый прайс с артикулом"
"public-31d64a5c8de482e146114db3","Бинокуляры CICADA CV-288","false","true","CICADA","","","https://medstom.kz/catalog","P0_COMMERCIAL","NEEDS_OFFICIAL_EVIDENCE","Официальная страница бренда, каталог производителя или подтверждённый прайс с артикулом"
"public-82ccb6839af2460a913b6050","Бокс 1 для боров файлов металлический 70 ячеек","true","true","","","","https://a4d.kz/content/boks-1-dlya-borov-faylov-metallicheskiy-70-yacheek","P0_COMMERCIAL","NEEDS_OFFICIAL_EVIDENCE","Официальная страница бренда, каталог производителя или подтверждённый прайс с артикулом"
"public-0dcac2863f1699b6437823ea","Бокс 142 для боров,щеток дисков,полир,матриц","true","true","","","","https://a4d.kz/content/boks-142-dlya-borovshchetok-diskovpolirmatric","P0_COMMERCIAL","NEEDS_OFFICIAL_EVIDENCE","Официальная страница бренда, каталог производителя или подтверждённый прайс с артикулом"
"public-30a3f49844d14b29920fb4c6","Бокс 168 для боров, щеток, полир","true","true","","","","https://a4d.kz/content/boks-168-dlya-borov-shchetok-polir","P0_COMMERCIAL","NEEDS_OFFICIAL_EVIDENCE","Официальная страница бренда, каталог производителя или подтверждённый прайс с артикулом"
"public-80681adc6323eccb05ad8a2d","Бокс 18 и бокс 30 для боров","true","true","","","","https://a4d.kz/content/boks-18-i-boks-30-dlya-borov","P0_COMMERCIAL","NEEDS_OFFICIAL_EVIDENCE","Официальная страница бренда, каталог производителя или подтверждённый прайс с артикулом"
"public-c3f642d3c5166d8008f85365","Бокс 2 для боров файлов металлический 70 ячеек","true","true","","","","https://a4d.kz/content/boks-2-dlya-borov-faylov-metallicheskiy-70-yacheek","P0_COMMERCIAL","NEEDS_OFFICIAL_EVIDENCE","Официальная страница бренда, каталог производителя или подтверждённый прайс с артикулом"
"public-54f0a5bbb4acbf660fb16033","Бокс 24 для боров","true","true","","","","https://a4d.kz/content/boks-24-dlya-borov","P0_COMMERCIAL","NEEDS_OFFICIAL_EVIDENCE","Официальная страница бренда, каталог производителя или подтверждённый прайс с артикулом"
"public-4f001bf2731a98d0e822851b","Бокс 3 для файлов гутаперчи металлический 70 ячеек","true","true","","","","https://a4d.kz/content/boks-3-dlya-faylov-gutaperchi-metallicheskiy-70-yacheek","P0_COMMERCIAL","NEEDS_OFFICIAL_EVIDENCE","Официальная страница бренда, каталог производителя или подтверждённый прайс с артикулом"
"public-800e7e42adaa6e34660ba19b","Бокс 4 для боров 12 ячеек","true","true","","","","https://a4d.kz/content/boks-4-dlya-borov-12-yacheek","P0_COMMERCIAL","NEEDS_OFFICIAL_EVIDENCE","Официальная страница бренда, каталог производителя или подтверждённый прайс с артикулом"
"public-b27f88d7d60fe0459973466f","Бокс 4 секции","true","true","","","","https://a4d.kz/content/boks-4-sekcii","P0_COMMERCIAL","NEEDS_OFFICIAL_EVIDENCE","Официальная страница бренда, каталог производителя или подтверждённый прайс с артикулом"
"public-be24116e227149d2aff27f96","Бокс 48","true","true","","","","https://a4d.kz/content/boks-48","P0_COMMERCIAL","NEEDS_OFFICIAL_EVIDENCE","Официальная страница бренда, каталог производителя или подтверждённый прайс с артикулом"
"public-8c96d6f4b5b9b7e482654cb7","Бокс 48 для боров","true","true","","","","https://a4d.kz/content/boks-48-dlya-borov","P0_COMMERCIAL","NEEDS_OFFICIAL_EVIDENCE","Официальная страница бренда, каталог производителя или подтверждённый прайс с артикулом"
"public-93c92d2b08776cb52d9ae16b","Бокс 60 для боров","true","true","","","","https://a4d.kz/content/boks-60-dlya-borov","P0_COMMERCIAL","NEEDS_OFFICIAL_EVIDENCE","Официальная страница бренда, каталог производителя или подтверждённый прайс с артикулом"
"public-f2b05f628c715b77df8ba6f0","Бокс 64 для боров","true","true","","","","https://a4d.kz/content/boks-64-dlya-borov","P0_COMMERCIAL","NEEDS_OFFICIAL_EVIDENCE","Официальная страница бренда, каталог производителя или подтверждённый прайс с артикулом"
"public-92795969063e0fa879791926","Бокс вращающийся","true","true","","","","https://a4d.kz/content/boks-vrashchayushchiysya","P0_COMMERCIAL","NEEDS_OFFICIAL_EVIDENCE","Официальная страница бренда, каталог производителя или подтверждённый прайс с артикулом"
"public-4ec64de3c9a728b3bd7084f7","Бокс для боров IQ Dent (Аксессуар)","false","true","IQ Dent","","MSK-B-95","https://medstom.kz/catalog","P0_COMMERCIAL","NEEDS_OFFICIAL_EVIDENCE","Официальная страница бренда, каталог производителя или подтверждённый прайс с артикулом"
"public-1d823ada8b21af5a74c829dd","Бокс для инструментов IQ Dent (Аксессуар)","false","true","IQ Dent","","MSK-B-96","https://medstom.kz/catalog","P0_COMMERCIAL","NEEDS_OFFICIAL_EVIDENCE","Официальная страница бренда, каталог производителя или подтверждённый прайс с артикулом"
"public-dfd62dec6a2c867140d67f94","Бокс для капп","true","true","","","","https://a4d.kz/content/boks-dlya-kapp","P0_COMMERCIAL","NEEDS_OFFICIAL_EVIDENCE","Официальная страница бренда, каталог производителя или подтверждённый прайс с артикулом"
"public-ba91170c27b5f06c0130be1b","Бокс для молочных зубов 1","true","true","","","","https://a4d.kz/content/boks-dlya-molochnyh-zubov-1","P0_COMMERCIAL","NEEDS_OFFICIAL_EVIDENCE","Официальная страница бренда, каталог производителя или подтверждённый прайс с артикулом"
"public-840faba3f3850c36a9372898","Бокс для профайлов со счетчиком","true","true","","","","https://a4d.kz/content/boks-dlya-profaylov-so-schetchikom","P0_COMMERCIAL","NEEDS_OFFICIAL_EVIDENCE","Официальная страница бренда, каталог производителя или подтверждённый прайс с артикулом"
"public-2cf78cbd27c28b623d7d023f","Бокс для штифтов","true","true","","","","https://a4d.kz/content/boks-dlya-shtiftov","P0_COMMERCIAL","NEEDS_OFFICIAL_EVIDENCE","Официальная страница бренда, каталог производителя или подтверждённый прайс с артикулом"
"public-7c88c4dd489db5c2f3b0d657","Боксы для моделей","true","true","","","","https://a4d.kz/content/boksy-dlya-modeley","P0_COMMERCIAL","NEEDS_OFFICIAL_EVIDENCE","Официальная страница бренда, каталог производителя или подтверждённый прайс с артикулом"
"public-bf99dfaf8dbbdb2d20f10f4e","Бондинговая система стоматологическая","true","true","","","","https://amdgroup.kz/catalog/materialy_/","P0_COMMERCIAL","NEEDS_OFFICIAL_EVIDENCE","Официальная страница бренда, каталог производителя или подтверждённый прайс с артикулом"
"public-4a290e078b970ec195994814","Боне калипер ранге","true","true","","","","https://a4d.kz/content/bone-caliper-range","P0_COMMERCIAL","NEEDS_OFFICIAL_EVIDENCE","Официальная страница бренда, каталог производителя или подтверждённый прайс с артикулом"
"public-6b3db296722209036140c01a","Бор 6053 018C FG","true","true","","","","https://amdgroup.kz/catalog/redyusser/bory_6053_018c_fg/","P0_COMMERCIAL","NEEDS_OFFICIAL_EVIDENCE","Официальная страница бренда, каталог производителя или подтверждённый прайс с артикулом"
"public-0a2d43b17a6b15e1b293f67d","Бор 6053 018SC FG","true","true","","","","https://amdgroup.kz/catalog/redyusser/bory_6053_018sc_fg/","P0_COMMERCIAL","NEEDS_OFFICIAL_EVIDENCE","Официальная страница бренда, каталог производителя или подтверждённый прайс с артикулом"
"public-cd7f54695e27b1186e628945","Бор алмазный 133 010F FG","true","true","","","","https://amdgroup.kz/catalog/konusovidnye/bory_almaznye_133_010f_fg/","P0_COMMERCIAL","NEEDS_OFFICIAL_EVIDENCE","Официальная страница бренда, каталог производителя или подтверждённый прайс с артикулом"
"public-3e7dc41a4262872f42a6949d","Бор алмазный 134 014F FG","true","true","","","","https://amdgroup.kz/catalog/konusovidnye/bory_almaznye_134_014f_fg/","P0_COMMERCIAL","NEEDS_OFFICIAL_EVIDENCE","Официальная страница бренда, каталог производителя или подтверждённый прайс с артикулом"
"public-3cffffa9a04e12be08cdeae6","Бор алмазный 247 009F FG","true","true","","","","https://amdgroup.kz/catalog/konusovidnye/bory_almaznye_247_009f_fg/","P0_COMMERCIAL","NEEDS_OFFICIAL_EVIDENCE","Официальная страница бренда, каталог производителя или подтверждённый прайс с артикулом"
"public-a96d4d6a66e2c8cf6343a5b9","Бор алмазный 368 010F FG","true","true","","","","https://amdgroup.kz/catalog/butonovidnye/bory_almaznye_368_010f_fg/","P0_COMMERCIAL","NEEDS_OFFICIAL_EVIDENCE","Официальная страница бренда, каталог производителя или подтверждённый прайс с артикулом"
"public-ca32f97f0b40a5962b50959e","Бор алмазный 368 010M FG","true","true","","","","https://amdgroup.kz/catalog/butonovidnye/bory_almaznye_368_010m_fg/","P0_COMMERCIAL","NEEDS_OFFICIAL_EVIDENCE","Официальная страница бренда, каталог производителя или подтверждённый прайс с артикулом"
"public-13d4a986cbeec71e6cf2c012","Бор алмазный 368 010SF FG","true","true","","","","https://amdgroup.kz/catalog/butonovidnye/bory_almaznye_368_010sf_fg/","P0_COMMERCIAL","NEEDS_OFFICIAL_EVIDENCE","Официальная страница бренда, каталог производителя или подтверждённый прайс с артикулом"
"public-13408be9f04d60259c9b16a3","Бор алмазный 368 016C FG","true","true","","","","https://amdgroup.kz/catalog/butonovidnye/bory_almaznye_368_016c_fg/","P0_COMMERCIAL","NEEDS_OFFICIAL_EVIDENCE","Официальная страница бренда, каталог производителя или подтверждённый прайс с артикулом"
"public-ff04d90122d9abf0fa18c93e","Бор алмазный 368 016F FG","true","true","","","","https://amdgroup.kz/catalog/butonovidnye/bory_almaznye_368_016f_fg/","P0_COMMERCIAL","NEEDS_OFFICIAL_EVIDENCE","Официальная страница бренда, каталог производителя или подтверждённый прайс с артикулом"
"public-9c7c1193245f993993ec64f0","Бор алмазный 368 016M FG","true","true","","","","https://amdgroup.kz/catalog/butonovidnye/bory_almaznye_368_016m_fg/","P0_COMMERCIAL","NEEDS_OFFICIAL_EVIDENCE","Официальная страница бренда, каталог производителя или подтверждённый прайс с артикулом"
"public-36013ec3032c91bb8b95b22b","Бор алмазный 368 016SC FG","true","true","","","","https://amdgroup.kz/catalog/butonovidnye/bory_almaznye_368_016sc_fg/","P0_COMMERCIAL","NEEDS_OFFICIAL_EVIDENCE","Официальная страница бренда, каталог производителя или подтверждённый прайс с артикулом"
"public-067470cbdc570922a8f231e8","Бор алмазный 368 016SF FG","true","true","","","","https://amdgroup.kz/catalog/butonovidnye/bory_almaznye_368_016sf_fg/","P0_COMMERCIAL","NEEDS_OFFICIAL_EVIDENCE","Официальная страница бренда, каталог производителя или подтверждённый прайс с артикулом"
"public-a3512c523b11d21a55fc87be","Бор алмазный 368 016UF FG","true","true","","","","https://amdgroup.kz/catalog/butonovidnye/bory_almaznye_368_016uf_fg/","P0_COMMERCIAL","NEEDS_OFFICIAL_EVIDENCE","Официальная страница бренда, каталог производителя или подтверждённый прайс с артикулом"
"public-01f4a9c3254bf7fc22a8f4c3","Бор алмазный 368 018C FG","true","true","","","","https://amdgroup.kz/catalog/butonovidnye/bory_almaznye_368_018c_fg/","P0_COMMERCIAL","NEEDS_OFFICIAL_EVIDENCE","Официальная страница бренда, каталог производителя или подтверждённый прайс с артикулом"
"public-d8cddaea5ccc28f6f1ef7029","Бор алмазный 368 018F FG","true","true","","","","https://amdgroup.kz/catalog/butonovidnye/bory_almaznye_368_018f_fg/","P0_COMMERCIAL","NEEDS_OFFICIAL_EVIDENCE","Официальная страница бренда, каталог производителя или подтверждённый прайс с артикулом"
"public-084692b0953a3373746cd872","Бор алмазный 368 018M FG","true","true","","","","https://amdgroup.kz/catalog/butonovidnye/368_018m_fg_borye_almaznye/","P0_COMMERCIAL","NEEDS_OFFICIAL_EVIDENCE","Официальная страница бренда, каталог производителя или подтверждённый прайс с артикулом"
"public-70de2f94d646ce820e703720","Бор алмазный 368 018SC FG","true","true","","","","https://amdgroup.kz/catalog/butonovidnye/bory_almaznye_368_018sc_fg/","P0_COMMERCIAL","NEEDS_OFFICIAL_EVIDENCE","Официальная страница бренда, каталог производителя или подтверждённый прайс с артикулом"
"public-34e5476615823bd705daf9f6","Бор алмазный 368 018SF FG","true","true","","","","https://amdgroup.kz/catalog/butonovidnye/bory_almaznye_368_018sf_fg/","P0_COMMERCIAL","NEEDS_OFFICIAL_EVIDENCE","Официальная страница бренда, каталог производителя или подтверждённый прайс с артикулом"
"public-d6da9e0490c4269f42b56a02","Бор алмазный 368 023C FG","true","true","","","","https://amdgroup.kz/catalog/butonovidnye/bory_almaznye_368_023c_fg/","P0_COMMERCIAL","NEEDS_OFFICIAL_EVIDENCE","Официальная страница бренда, каталог производителя или подтверждённый прайс с артикулом"
"public-5e5d48a304ac7ccb34526cd7","Бор алмазный 368 023F FG","true","true","","","","https://amdgroup.kz/catalog/butonovidnye/bory_almaznye_368_023f_fg/","P0_COMMERCIAL","NEEDS_OFFICIAL_EVIDENCE","Официальная страница бренда, каталог производителя или подтверждённый прайс с артикулом"
"public-8000f1175382347275f66be5","Бор алмазный 368 023M FG","true","true","","","","https://amdgroup.kz/catalog/butonovidnye/bory_almaznye_368_023m_fg/","P0_COMMERCIAL","NEEDS_OFFICIAL_EVIDENCE","Официальная страница бренда, каталог производителя или подтверждённый прайс с артикулом"
"public-1a069f7e3bb56510a8da7b92","Бор алмазный 368 023M FGL","true","true","","","","https://amdgroup.kz/catalog/butonovidnye/bory_almaznye_368_023m_fgl/","P0_COMMERCIAL","NEEDS_OFFICIAL_EVIDENCE","Официальная страница бренда, каталог производителя или подтверждённый прайс с артикулом"
"public-56fe850308c7a4c806efed59","Бор алмазный 368 023SC FG","true","true","","","","https://amdgroup.kz/catalog/butonovidnye/bory_almaznye_368_023sc_fg/","P0_COMMERCIAL","NEEDS_OFFICIAL_EVIDENCE","Официальная страница бренда, каталог производителя или подтверждённый прайс с артикулом"
"public-6a10244481b3ccaddbb7e21c","Бор алмазный 368 023SF FG","true","true","","","","https://amdgroup.kz/catalog/butonovidnye/bory_almaznye_368_023sf_fg/","P0_COMMERCIAL","NEEDS_OFFICIAL_EVIDENCE","Официальная страница бренда, каталог производителя или подтверждённый прайс с артикулом"
"public-052ec4d997a5ef56ecd54edb","Бор алмазный 368 023SF FGL","true","true","","","","https://amdgroup.kz/catalog/butonovidnye/bory_almaznye_368_023sf_fgl/","P0_COMMERCIAL","NEEDS_OFFICIAL_EVIDENCE","Официальная страница бренда, каталог производителя или подтверждённый прайс с артикулом"
"public-26a045350cbfc07f4e2d3f7c","Бор алмазный 369 025 FFG","true","true","","","","https://amdgroup.kz/catalog/butonovidnye/369_025_ffg_buton/","P0_COMMERCIAL","NEEDS_OFFICIAL_EVIDENCE","Официальная страница бренда, каталог производителя или подтверждённый прайс с артикулом"
"public-b976763a153baa10e249fb49","Бор алмазный 369 025C FG","true","true","","","","https://amdgroup.kz/catalog/butonovidnye/bory_almaznye_369_025c_fg/","P0_COMMERCIAL","NEEDS_OFFICIAL_EVIDENCE","Официальная страница бренда, каталог производителя или подтверждённый прайс с артикулом"
"public-25d526c97e813a754ed1be0e","Бор алмазный 369 025M FG","true","true","","","","https://amdgroup.kz/catalog/butonovidnye/bory_almaznye_369_025m_fg/","P0_COMMERCIAL","NEEDS_OFFICIAL_EVIDENCE","Официальная страница бренда, каталог производителя или подтверждённый прайс с артикулом"
"public-ce4ca15ab114b45aade59276","Бор алмазный 369 025SF FG","true","true","","","","https://amdgroup.kz/catalog/butonovidnye/bory_almaznye_369_025sf_fg/","P0_COMMERCIAL","NEEDS_OFFICIAL_EVIDENCE","Официальная страница бренда, каталог производителя или подтверждённый прайс с артикулом"
"public-46da55354b52b9a82fbcfa96","Бор алмазный 379 012C FG","true","true","","","","https://amdgroup.kz/catalog/olivovidnye/bory_almaznye_379_012c_fg/","P0_COMMERCIAL","NEEDS_OFFICIAL_EVIDENCE","Официальная страница бренда, каталог производителя или подтверждённый прайс с артикулом"
"public-d42bbc9d85d7f6fb17b942de","Бор алмазный 379 012F FG","true","true","","","","https://amdgroup.kz/catalog/olivovidnye/379_012f_fg_bory_almaznye/","P0_COMMERCIAL","NEEDS_OFFICIAL_EVIDENCE","Официальная страница бренда, каталог производителя или подтверждённый прайс с артикулом"
"public-956eb86e564cb61938342e6b","Бор алмазный 379 012M FG","true","true","","","","https://amdgroup.kz/catalog/olivovidnye/bory_almaznye_379_012m_fg/","P0_COMMERCIAL","NEEDS_OFFICIAL_EVIDENCE","Официальная страница бренда, каталог производителя или подтверждённый прайс с артикулом"
"public-bb5cb940575bd2893e6982ff","Бор алмазный 379 014 M","true","true","","","","https://amdgroup.kz/catalog/olivovidnye/bory_almaznye_379_014_m_/","P0_COMMERCIAL","NEEDS_OFFICIAL_EVIDENCE","Официальная страница бренда, каталог производителя или подтверждённый прайс с артикулом"
"public-877b06e58f8901eae937f0ec","Бор алмазный 379 014C FG","true","true","","","","https://amdgroup.kz/catalog/olivovidnye/bory_almaznye_379_014c_fg/","P0_COMMERCIAL","NEEDS_OFFICIAL_EVIDENCE","Официальная страница бренда, каталог производителя или подтверждённый прайс с артикулом"
"public-6395d05b4dc13a0c9afe80b5","Бор алмазный 379 014F FG","true","true","","","","https://amdgroup.kz/catalog/olivovidnye/bory_almaznye_379_014f_fg/","P0_COMMERCIAL","NEEDS_OFFICIAL_EVIDENCE","Официальная страница бренда, каталог производителя или подтверждённый прайс с артикулом"
"public-8c687f53646e704a0964662d","Бор алмазный 379 014SC FG","true","true","","","","https://amdgroup.kz/catalog/olivovidnye/bory_almaznye_379_014sc_fg/","P0_COMMERCIAL","NEEDS_OFFICIAL_EVIDENCE","Официальная страница бренда, каталог производителя или подтверждённый прайс с артикулом"
"public-36c98b13862f1eb871b6584f","Бор алмазный 379 014SF FG","true","true","","","","https://amdgroup.kz/catalog/olivovidnye/bory_almaznye_379_014sf_fg/","P0_COMMERCIAL","NEEDS_OFFICIAL_EVIDENCE","Официальная страница бренда, каталог производителя или подтверждённый прайс с артикулом"
"public-11569476663fc7ef7ff126df","Бор алмазный 379 016C FG","true","true","","","","https://amdgroup.kz/catalog/olivovidnye/bory_almaznye_379_016c_fg/","P0_COMMERCIAL","NEEDS_OFFICIAL_EVIDENCE","Официальная страница бренда, каталог производителя или подтверждённый прайс с артикулом"
"public-4fb2cba8cb7ab52b7cdd3f58","Бор алмазный 379 016F FG","true","true","","","","https://amdgroup.kz/catalog/olivovidnye/bory_almaznye_379_016f_fg/","P0_COMMERCIAL","NEEDS_OFFICIAL_EVIDENCE","Официальная страница бренда, каталог производителя или подтверждённый прайс с артикулом"
"public-03de682756fe1adf9b4cf760","Бор алмазный 379 016M 2","true","true","","","","https://amdgroup.kz/catalog/olivovidnye/bory_almaznye_379_016m_2/","P0_COMMERCIAL","NEEDS_OFFICIAL_EVIDENCE","Официальная страница бренда, каталог производителя или подтверждённый прайс с артикулом"
"public-06e0e0cef34bdaa6ed2b62a1","Бор алмазный 379 016SC FG","true","true","","","","https://amdgroup.kz/catalog/olivovidnye/bory_almaznye_379_016sc_fg/","P0_COMMERCIAL","NEEDS_OFFICIAL_EVIDENCE","Официальная страница бренда, каталог производителя или подтверждённый прайс с артикулом"
"public-f8e10e7e69252ae617211219","Бор алмазный 379 016SF FG","true","true","","","","https://amdgroup.kz/catalog/olivovidnye/bory_almaznye_379_016sf_fg/","P0_COMMERCIAL","NEEDS_OFFICIAL_EVIDENCE","Официальная страница бренда, каталог производителя или подтверждённый прайс с артикулом"
"public-2191b7b828114897fbba6303","Бор алмазный 379 018 M","true","true","","","","https://amdgroup.kz/catalog/olivovidnye/bory_almaznye_379_018_m_/","P0_COMMERCIAL","NEEDS_OFFICIAL_EVIDENCE","Официальная страница бренда, каталог производителя или подтверждённый прайс с артикулом"
"public-a926f4338959733a96d63204","Бор алмазный 379 018C FG","true","true","","","","https://amdgroup.kz/catalog/olivovidnye/bory_almaznye_379_018c_fg/","P0_COMMERCIAL","NEEDS_OFFICIAL_EVIDENCE","Официальная страница бренда, каталог производителя или подтверждённый прайс с артикулом"
"public-5ff79e082ed31d189dc17afd","Бор алмазный 379 018F FG","true","true","","","","https://amdgroup.kz/catalog/olivovidnye/bory_almaznye_379_018f_fg/","P0_COMMERCIAL","NEEDS_OFFICIAL_EVIDENCE","Официальная страница бренда, каталог производителя или подтверждённый прайс с артикулом"
"public-97bbd8aa1f6c67d3b7dbd197","Бор алмазный 379 018SC FG","true","true","","","","https://amdgroup.kz/catalog/olivovidnye/bory_almaznye_379_018sc_fg/","P0_COMMERCIAL","NEEDS_OFFICIAL_EVIDENCE","Официальная страница бренда, каталог производителя или подтверждённый прайс с артикулом"
"public-f9a9ac983a47dfd4f1df84b7","Бор алмазный 379 018SF FG","true","true","","","","https://amdgroup.kz/catalog/olivovidnye/bory_almaznye_379_018sf_fg/","P0_COMMERCIAL","NEEDS_OFFICIAL_EVIDENCE","Официальная страница бренда, каталог производителя или подтверждённый прайс с артикулом"
"public-e207136121857698e3c193a0","Бор алмазный 379 023C FG","true","true","","","","https://amdgroup.kz/catalog/olivovidnye/bory_almaznye_379_023c_fg/","P0_COMMERCIAL","NEEDS_OFFICIAL_EVIDENCE","Официальная страница бренда, каталог производителя или подтверждённый прайс с артикулом"
"public-4c95e1133e2a06006d145be7","Бор алмазный 379 023F FG","true","true","","","","https://amdgroup.kz/catalog/olivovidnye/bory_almaznye_379_023f_fg/","P0_COMMERCIAL","NEEDS_OFFICIAL_EVIDENCE","Официальная страница бренда, каталог производителя или подтверждённый прайс с артикулом"
"public-4407e3909408210296dbf53c","Бор алмазный 379 023F FGL","true","true","","","","https://amdgroup.kz/catalog/olivovidnye/bory_almaznye_379_023f_fgl/","P0_COMMERCIAL","NEEDS_OFFICIAL_EVIDENCE","Официальная страница бренда, каталог производителя или подтверждённый прайс с артикулом"
"public-f8c37e6dc520c43bb76e052d","Бор алмазный 379 023M FG","true","true","","","","https://amdgroup.kz/catalog/olivovidnye/bory_almaznye_379_023m_fg/","P0_COMMERCIAL","NEEDS_OFFICIAL_EVIDENCE","Официальная страница бренда, каталог производителя или подтверждённый прайс с артикулом"
"public-a82df62ce8afb384802539f2","Бор алмазный 379 023M FGL","true","true","","","","https://amdgroup.kz/catalog/olivovidnye/bory_almaznye_379_023m_fgl/","P0_COMMERCIAL","NEEDS_OFFICIAL_EVIDENCE","Официальная страница бренда, каталог производителя или подтверждённый прайс с артикулом"
"public-927120f5212526edcab8610d","Бор алмазный 379 023SC FG","true","true","","","","https://amdgroup.kz/catalog/olivovidnye/bory_almaznye_379_023sc_fg/","P0_COMMERCIAL","NEEDS_OFFICIAL_EVIDENCE","Официальная страница бренда, каталог производителя или подтверждённый прайс с артикулом"
"public-e96ed20eed5d3cf8a5855db9","Бор алмазный 379 023SF FG","true","true","","","","https://amdgroup.kz/catalog/olivovidnye/bory_almaznye_379_023sf_fg/","P0_COMMERCIAL","NEEDS_OFFICIAL_EVIDENCE","Официальная страница бренда, каталог производителя или подтверждённый прайс с артикулом"
"public-e623bc53ec9d8c77eac2bf24","Бор алмазный 379 023SF FGL","true","true","","","","https://amdgroup.kz/catalog/olivovidnye/bory_almaznye_379_023sf_fgl/","P0_COMMERCIAL","NEEDS_OFFICIAL_EVIDENCE","Официальная страница бренда, каталог производителя или подтверждённый прайс с артикулом"
"public-f5bc7fa224c77d96d737e065","Бор алмазный 379 029 S","true","true","","","","https://amdgroup.kz/catalog/olivovidnye/bory_almaznye_379_029_s/","P0_COMMERCIAL","NEEDS_OFFICIAL_EVIDENCE","Официальная страница бренда, каталог производителя или подтверждённый прайс с артикулом"
"public-cda8b977727a59b513a1d3df","Бор алмазный 379 029F FG","true","true","","","","https://amdgroup.kz/catalog/olivovidnye/bory_almaznye_379_029f_fg/","P0_COMMERCIAL","NEEDS_OFFICIAL_EVIDENCE","Официальная страница бренда, каталог производителя или подтверждённый прайс с артикулом"
"public-4c0b1b385107c3850586642a","Бор алмазный 390 016C FG","true","true","","","","https://amdgroup.kz/catalog/grenadovidnye/bory_almaznye_390_016c_fg/","P0_COMMERCIAL","NEEDS_OFFICIAL_EVIDENCE","Официальная страница бренда, каталог производителя или подтверждённый прайс с артикулом"
"public-27583dd4d9b2dd9199dd112d","Бор алмазный 390 016F FG","true","true","","","","https://amdgroup.kz/catalog/grenadovidnye/bory_almaznye_390_016f_fg/","P0_COMMERCIAL","NEEDS_OFFICIAL_EVIDENCE","Официальная страница бренда, каталог производителя или подтверждённый прайс с артикулом"
"public-83080f6c306504de2cc2717b","Бор алмазный 390 016M FG","true","true","","","","https://amdgroup.kz/catalog/grenadovidnye/bory_almaznye_390_016m_fg/","P0_COMMERCIAL","NEEDS_OFFICIAL_EVIDENCE","Официальная страница бренда, каталог производителя или подтверждённый прайс с артикулом"
"public-1db77ea4550767f4a0f96e5c","Бор алмазный 390 016SF FG","true","true","","","","https://amdgroup.kz/catalog/grenadovidnye/bory_almaznye_390_016sf_fg/","P0_COMMERCIAL","NEEDS_OFFICIAL_EVIDENCE","Официальная страница бренда, каталог производителя или подтверждённый прайс с артикулом"
"public-19ad70a5e54503814d106393","Бор алмазный 392 016 M 3","true","true","","","","https://amdgroup.kz/catalog/mezhzubnye/392_016_m_3_/","P0_COMMERCIAL","NEEDS_OFFICIAL_EVIDENCE","Официальная страница бренда, каталог производителя или подтверждённый прайс с артикулом"
"public-df1552edc82fda2cfffe14cf","Бор алмазный 392 016F FG","true","true","","","","https://amdgroup.kz/catalog/mezhzubnye/bory_almaznye_392_016f_fg/","P0_COMMERCIAL","NEEDS_OFFICIAL_EVIDENCE","Официальная страница бренда, каталог производителя или подтверждённый прайс с артикулом"
"public-0c10cbf093ff12bdcbb837ee","Бор алмазный 392 016M FGM","true","true","","","","https://amdgroup.kz/catalog/mezhzubnye/bory_almaznye_392_016m_fgm/","P0_COMMERCIAL","NEEDS_OFFICIAL_EVIDENCE","Официальная страница бренда, каталог производителя или подтверждённый прайс с артикулом"
"public-10175f717845b6b26e79bde3","Бор алмазный 392 016SF FG","true","true","","","","https://amdgroup.kz/catalog/mezhzubnye/bory_almaznye_392_016sf_fg/","P0_COMMERCIAL","NEEDS_OFFICIAL_EVIDENCE","Официальная страница бренда, каталог производителя или подтверждённый прайс с артикулом"
"public-668845da531fe6d72862f1a3","Бор алмазный 392A 016F","true","true","","","","https://amdgroup.kz/catalog/mezhzubnye/bory_almaznye_392a_016f/","P0_COMMERCIAL","NEEDS_OFFICIAL_EVIDENCE","Официальная страница бренда, каталог производителя или подтверждённый прайс с артикулом"
"public-06a5991d44954e01b68cb884","Бор алмазный 802 008M FG","true","true","","","","https://amdgroup.kz/catalog/obratnokonusnye/bory_almaznye_802_008m_fg/","P0_COMMERCIAL","NEEDS_OFFICIAL_EVIDENCE","Официальная страница бренда, каталог производителя или подтверждённый прайс с артикулом"
"public-dbd2311ed67c8d70cdb04bf9","Бор алмазный 802 009M FG","true","true","","","","https://amdgroup.kz/catalog/obratnokonusnye/bory_almaznye_802_009m_fg/","P0_COMMERCIAL","NEEDS_OFFICIAL_EVIDENCE","Официальная страница бренда, каталог производителя или подтверждённый прайс с артикулом"
"public-834e1f0172c3bc26b6a21faf","Бор алмазный 802 010M FG","true","true","","","","https://amdgroup.kz/catalog/obratnokonusnye/bory_almaznye_802_010m_fg/","P0_COMMERCIAL","NEEDS_OFFICIAL_EVIDENCE","Официальная страница бренда, каталог производителя или подтверждённый прайс с артикулом"
"public-a8d2d3ef3df21273f35fb116","Бор алмазный 802 012C FG","true","true","","","","https://amdgroup.kz/catalog/obratnokonusnye/bory_almaznye_802_012c_fg/","P0_COMMERCIAL","NEEDS_OFFICIAL_EVIDENCE","Официальная страница бренда, каталог производителя или подтверждённый прайс с артикулом"
"public-57936275acfbd4387f588d5f","Бор алмазный 802 012M FG","true","true","","","","https://amdgroup.kz/catalog/obratnokonusnye/bory_almaznye_802_012m_fg/","P0_COMMERCIAL","NEEDS_OFFICIAL_EVIDENCE","Официальная страница бренда, каталог производителя или подтверждённый прайс с артикулом"
"public-0c181f4718070d453a556cdc","Бор алмазный 802 014C FG","true","true","","","","https://amdgroup.kz/catalog/obratnokonusnye/bory_almaznye_802_014c_fg/","P0_COMMERCIAL","NEEDS_OFFICIAL_EVIDENCE","Официальная страница бренда, каталог производителя или подтверждённый прайс с артикулом"
"public-efcc8fdc278f2aee7c5c2e01","Бор алмазный 802 014M FG","true","true","","","","https://amdgroup.kz/catalog/obratnokonusnye/bory_almaznye_802_014m_fg/","P0_COMMERCIAL","NEEDS_OFFICIAL_EVIDENCE","Официальная страница бренда, каталог производителя или подтверждённый прайс с артикулом"
"public-43a278a5102e36297967e32a","Бор алмазный 802 016C FG","true","true","","","","https://amdgroup.kz/catalog/obratnokonusnye/bory_almaznye_802_016c_fg/","P0_COMMERCIAL","NEEDS_OFFICIAL_EVIDENCE","Официальная страница бренда, каталог производителя или подтверждённый прайс с артикулом"
"public-4ab631053fb9b7dc4de39ee5","Бор алмазный 802 016M FG","true","true","","","","https://amdgroup.kz/catalog/obratnokonusnye/bory_almaznye_802_016m_fg/","P0_COMMERCIAL","NEEDS_OFFICIAL_EVIDENCE","Официальная страница бренда, каталог производителя или подтверждённый прайс с артикулом"
"public-94036e74dcc638e9fa193038","Бор алмазный 802 018C FG","true","true","","","","https://amdgroup.kz/catalog/obratnokonusnye/bory_almaznye_802_018c_fg/","P0_COMMERCIAL","NEEDS_OFFICIAL_EVIDENCE","Официальная страница бренда, каталог производителя или подтверждённый прайс с артикулом"
"public-ad669ffc2c5b7f37e4194773","Бор алмазный 802 018M FG","true","true","","","","https://amdgroup.kz/catalog/obratnokonusnye/bory_almaznye_802_018m_fg/","P0_COMMERCIAL","NEEDS_OFFICIAL_EVIDENCE","Официальная страница бренда, каталог производителя или подтверждённый прайс с артикулом"
"public-068f9153a725a19c9063f833","Бор алмазный 802L 013M FG","true","true","","","","https://amdgroup.kz/catalog/obratnokonusnye/bory_almaznye_802l_013m_fg/","P0_COMMERCIAL","NEEDS_OFFICIAL_EVIDENCE","Официальная страница бренда, каталог производителя или подтверждённый прайс с артикулом"
"public-a4327b52249b083255796bca","Бор алмазный 802L 016M FG","true","true","","","","https://amdgroup.kz/catalog/obratnokonusnye/bory_almaznye_802l_016m_fg/","P0_COMMERCIAL","NEEDS_OFFICIAL_EVIDENCE","Официальная страница бренда, каталог производителя или подтверждённый прайс с артикулом"
"public-f02da8e478739b052671d390","Бор алмазный 805 008M KIDFG","true","true","","","","https://amdgroup.kz/catalog/obratnokonusnye/bory_almaznye_805_008m_kidfg/","P0_COMMERCIAL","NEEDS_OFFICIAL_EVIDENCE","Официальная страница бренда, каталог производителя или подтверждённый прайс с артикулом"
"public-90e6eaecf38d46a4516f7dcd","Бор алмазный 805 009M FG","true","true","","","","https://amdgroup.kz/catalog/obratnokonusnye/805_009m_fg_borye_almaznye/","P0_COMMERCIAL","NEEDS_OFFICIAL_EVIDENCE","Официальная страница бренда, каталог производителя или подтверждённый прайс с артикулом"
"public-bacae5b3d406ca49f7871ae2","Бор алмазный 805 010 M","true","true","","","","https://amdgroup.kz/catalog/obratnokonusnye/805_010_m/","P0_COMMERCIAL","NEEDS_OFFICIAL_EVIDENCE","Официальная страница бренда, каталог производителя или подтверждённый прайс с артикулом"
"public-e2197215df31430f8d091093","Бор алмазный 805 010M KID","true","true","","","","https://amdgroup.kz/catalog/obratnokonusnye/805_010m_kid_borye_almaznye/","P0_COMMERCIAL","NEEDS_OFFICIAL_EVIDENCE","Официальная страница бренда, каталог производителя или подтверждённый прайс с артикулом"
"public-c177eb60db1b5ab15baaf6bc","Бор алмазный 805 012 M 1","true","true","","","","https://amdgroup.kz/catalog/obratnokonusnye/805_012_m_1_/","P0_COMMERCIAL","NEEDS_OFFICIAL_EVIDENCE","Официальная страница бренда, каталог производителя или подтверждённый прайс с артикулом"
"public-aac0f5492c38928d0dbd4bc9","Бор алмазный 805 012C FG","true","true","","","","https://amdgroup.kz/catalog/obratnokonusnye/bory_almaznye_805_012c_fg/","P0_COMMERCIAL","NEEDS_OFFICIAL_EVIDENCE","Официальная страница бренда, каталог производителя или подтверждённый прайс с артикулом"
"public-e9a64b8979a42b227e2713de","Бор алмазный 805 012M FGM","true","true","","","","https://amdgroup.kz/catalog/obratnokonusnye/bory_almaznye_805_012m_fgm/","P0_COMMERCIAL","NEEDS_OFFICIAL_EVIDENCE","Официальная страница бренда, каталог производителя или подтверждённый прайс с артикулом"
"public-e2061700fbf503d02fb31135","Бор алмазный 805 014 M 1","true","true","","","","https://amdgroup.kz/catalog/obratnokonusnye/805_014_m_1_/","P0_COMMERCIAL","NEEDS_OFFICIAL_EVIDENCE","Официальная страница бренда, каталог производителя или подтверждённый прайс с артикулом"
"public-b8c099723081d30728ecddad","Бор алмазный 805 014M FGM","true","true","","","","https://amdgroup.kz/catalog/obratnokonusnye/bory_almaznye_805_014m_fgm/","P0_COMMERCIAL","NEEDS_OFFICIAL_EVIDENCE","Официальная страница бренда, каталог производителя или подтверждённый прайс с артикулом"
"public-c6bbfd56bced2b6653e48946","Бор алмазный 805 016C FG","true","true","","","","https://amdgroup.kz/catalog/obratnokonusnye/bory_almaznye_805_016c_fg/","P0_COMMERCIAL","NEEDS_OFFICIAL_EVIDENCE","Официальная страница бренда, каталог производителя или подтверждённый прайс с артикулом"
"public-c0be4a97297cdac15a7a37c3","Бор алмазный 805 016F FG","true","true","","","","https://amdgroup.kz/catalog/obratnokonusnye/bory_almaznye_805_016f_fg/","P0_COMMERCIAL","NEEDS_OFFICIAL_EVIDENCE","Официальная страница бренда, каталог производителя или подтверждённый прайс с артикулом"
"public-934e5216a17291153c4e77d4","Бор алмазный 805 016M FG","true","true","","","","https://amdgroup.kz/catalog/obratnokonusnye/805_016m_fg_bory_almaznye/","P0_COMMERCIAL","NEEDS_OFFICIAL_EVIDENCE","Официальная страница бренда, каталог производителя или подтверждённый прайс с артикулом"
"public-1b6f330a84e49270c1f81bc3","Бор алмазный 805 018C FG","true","true","","","","https://amdgroup.kz/catalog/obratnokonusnye/bory_almaznye_805_018c_fg/","P0_COMMERCIAL","NEEDS_OFFICIAL_EVIDENCE","Официальная страница бренда, каталог производителя или подтверждённый прайс с артикулом"
"public-abdffc516e315bf43ae19d2d","Бор алмазный 805 018M FG","true","true","","","","https://amdgroup.kz/catalog/obratnokonusnye/805_018m_fg_borye_almaznye/","P0_COMMERCIAL","NEEDS_OFFICIAL_EVIDENCE","Официальная страница бренда, каталог производителя или подтверждённый прайс с артикулом"
"public-d70c8e4ad4c1e7a1b00ea97a","Бор алмазный 805 021 SCFG","true","true","","","","https://amdgroup.kz/catalog/obratnokonusnye/805_021_scfg/","P0_COMMERCIAL","NEEDS_OFFICIAL_EVIDENCE","Официальная страница бренда, каталог производителя или подтверждённый прайс с артикулом"
"public-0cb9d9b5d7cd04c06e2d1cb7","Бор алмазный 805 021C FG","true","true","","","","https://amdgroup.kz/catalog/obratnokonusnye/805_021c_fg_borye_almaznye/","P0_COMMERCIAL","NEEDS_OFFICIAL_EVIDENCE","Официальная страница бренда, каталог производителя или подтверждённый прайс с артикулом"
"public-a99396e96f18f7a5169b4db6","Бор алмазный 805 023C FG","true","true","","","","https://amdgroup.kz/catalog/obratnokonusnye/bory_almaznye_805_023c_fg/","P0_COMMERCIAL","NEEDS_OFFICIAL_EVIDENCE","Официальная страница бренда, каталог производителя или подтверждённый прайс с артикулом"
"public-65fe636b8d943124f93f5e54","Бор алмазный 806 008M FG","true","true","","","","https://amdgroup.kz/catalog/obratnokonusnye/806_008m_fg_borye_almaznye/","P0_COMMERCIAL","NEEDS_OFFICIAL_EVIDENCE","Официальная страница бренда, каталог производителя или подтверждённый прайс с артикулом"
"public-9ad8abdfdfb2025d8860cd86","Бор алмазный 806 016 M 2","true","true","","","","https://amdgroup.kz/catalog/obratnokonusnye/806_016_m_2_/","P0_COMMERCIAL","NEEDS_OFFICIAL_EVIDENCE","Официальная страница бренда, каталог производителя или подтверждённый прайс с артикулом"
"public-125cb5511f8aabeb8aafe1fb","Бор алмазный 806 023C FG","true","true","","","","https://amdgroup.kz/catalog/obratnokonusnye/bory_almaznye_806_023c_fg/","P0_COMMERCIAL","NEEDS_OFFICIAL_EVIDENCE","Официальная страница бренда, каталог производителя или подтверждённый прайс с артикулом"
"public-d83fa84bed7a10a8b7ef2c36","Бор алмазный 806 104 354 524 220","true","true","","","","https://amdgroup.kz/catalog/obratnokonusnye/bory_almaznye_806_104_354_524_220/","P0_COMMERCIAL","NEEDS_OFFICIAL_EVIDENCE","Официальная страница бренда, каталог производителя или подтверждённый прайс с артикулом"
"public-9120868c1616665f08d07089","Бор алмазный 806 104 356 514 220","true","true","","","","https://amdgroup.kz/catalog/obratnokonusnye/bory_almaznye_806_104_356_514_220/","P0_COMMERCIAL","NEEDS_OFFICIAL_EVIDENCE","Официальная страница бренда, каталог производителя или подтверждённый прайс с артикулом"
"public-3bcf63ca7970f0f58bfeb717","Бор алмазный 806 104 365 524 450","true","true","","","","https://amdgroup.kz/catalog/obratnokonusnye/bory_almaznye_806_104_365_524_450/","P0_COMMERCIAL","NEEDS_OFFICIAL_EVIDENCE","Официальная страница бренда, каталог производителя или подтверждённый прайс с артикулом"
"public-43a34ab7445c72e18e96fc3c","Бор алмазный 806 104 405 524 220","true","true","","","","https://amdgroup.kz/catalog/obratnokonusnye/bory_almaznye_806_104_405_524_220/","P0_COMMERCIAL","NEEDS_OFFICIAL_EVIDENCE","Официальная страница бренда, каталог производителя или подтверждённый прайс с артикулом"
"public-a55391830db46a4e4874548a","Бор алмазный 806 104 705 514 220","true","true","","","","https://amdgroup.kz/catalog/obratnokonusnye/bory_almaznye_806_104_705_514_220/","P0_COMMERCIAL","NEEDS_OFFICIAL_EVIDENCE","Официальная страница бренда, каталог производителя или подтверждённый прайс с артикулом"
"public-5e8b3eb06e2f6a3690a5c603","Бор алмазный 807 010M FG","true","true","","","","https://amdgroup.kz/catalog/obratnokonusnye/807_010m_fg_borye_almaznye/","P0_COMMERCIAL","NEEDS_OFFICIAL_EVIDENCE","Официальная страница бренда, каталог производителя или подтверждённый прайс с артикулом"
"public-64c51365f7286b826e0eef7f","Бор алмазный 807 012 M 1","true","true","","","","https://amdgroup.kz/catalog/obratnokonusnye/807_012_m_1_/","P0_COMMERCIAL","NEEDS_OFFICIAL_EVIDENCE","Официальная страница бренда, каталог производителя или подтверждённый прайс с артикулом"
"public-fa8d633d23453b3a744c9f66","Бор алмазный 807 014M FG","true","true","","","","https://amdgroup.kz/catalog/obratnokonusnye/807_014m_fg_borye_almaznye/","P0_COMMERCIAL","NEEDS_OFFICIAL_EVIDENCE","Официальная страница бренда, каталог производителя или подтверждённый прайс с артикулом"
"public-568b2f27ad35d39c5d21d432","Бор алмазный 807 018M FG","true","true","","","","https://amdgroup.kz/catalog/obratnokonusnye/bory_almaznye_807_018m_fg/","P0_COMMERCIAL","NEEDS_OFFICIAL_EVIDENCE","Официальная страница бренда, каталог производителя или подтверждённый прайс с артикулом"
"public-6898661cd1193604e72a38bc","Бор алмазный 807 021M FG","true","true","","","","https://amdgroup.kz/catalog/obratnokonusnye/807_021m_fg_borye_almaznye/","P0_COMMERCIAL","NEEDS_OFFICIAL_EVIDENCE","Официальная страница бренда, каталог производителя или подтверждённый прайс с артикулом"
"public-ac3a4816463895f070807f42","Бор алмазный 808 018C FG","true","true","","","","https://amdgroup.kz/catalog/obratnokonusnye/bory_almaznye_808_018c_fg/","P0_COMMERCIAL","NEEDS_OFFICIAL_EVIDENCE","Официальная страница бренда, каталог производителя или подтверждённый прайс с артикулом"
"public-74fb4aa086b7aa0cc7099326","Бор алмазный 808 018F FG","true","true","","","","https://amdgroup.kz/catalog/obratnokonusnye/bory_almaznye_808_018f_fg/","P0_COMMERCIAL","NEEDS_OFFICIAL_EVIDENCE","Официальная страница бренда, каталог производителя или подтверждённый прайс с артикулом"
"public-eb04c1e3e64fde91e59ff9cb","Бор алмазный 808 018M FG","true","true","","","","https://amdgroup.kz/catalog/obratnokonusnye/bory_almaznye_808_018m_fg/","P0_COMMERCIAL","NEEDS_OFFICIAL_EVIDENCE","Официальная страница бренда, каталог производителя или подтверждённый прайс с артикулом"
"public-2f295f5382e5fd4d623c8092","Бор алмазный 808 023C FG","true","true","","","","https://amdgroup.kz/catalog/obratnokonusnye/bory_almaznye_808_023c_fg/","P0_COMMERCIAL","NEEDS_OFFICIAL_EVIDENCE","Официальная страница бренда, каталог производителя или подтверждённый прайс с артикулом"
"public-ae9c0d86f11fce4acccf1ff8","Бор алмазный 808 023M FG","true","true","","","","https://amdgroup.kz/catalog/obratnokonusnye/bory_almaznye_808_023m_fg/","P0_COMMERCIAL","NEEDS_OFFICIAL_EVIDENCE","Официальная страница бренда, каталог производителя или подтверждённый прайс с артикулом"
"public-58949820de9949fa5d25108f","Бор алмазный 815 027M FG","true","true","","","","https://amdgroup.kz/catalog/kolesovidnye/bory_almaznye_815_027m_fg/","P0_COMMERCIAL","NEEDS_OFFICIAL_EVIDENCE","Официальная страница бренда, каталог производителя или подтверждённый прайс с артикулом"
"public-cfae1977cf0dbaacf0a0c94e","Бор алмазный 817 047C FG","true","true","","","","https://amdgroup.kz/catalog/kolesovidnye/bory_almaznye_817_047c_fg/","P0_COMMERCIAL","NEEDS_OFFICIAL_EVIDENCE","Официальная страница бренда, каталог производителя или подтверждённый прайс с артикулом"
"public-0f63945c594b22ba80d35a1e","Бор алмазный 817 047M FG","true","true","","","","https://amdgroup.kz/catalog/kolesovidnye/bory_almaznye_817_047m_fg/","P0_COMMERCIAL","NEEDS_OFFICIAL_EVIDENCE","Официальная страница бренда, каталог производителя или подтверждённый прайс с артикулом"
"public-8d610a24dc78b46c19dd22f9","Бор алмазный 820 050M FG","true","true","","","","https://amdgroup.kz/catalog/kolesovidnye/820_050m_fg_borye_almaznye/","P0_COMMERCIAL","NEEDS_OFFICIAL_EVIDENCE","Официальная страница бренда, каталог производителя или подтверждённый прайс с артикулом"
"public-ac9c56f45501f207c0933286","Бор алмазный 822 008C FG","true","true","","","","https://amdgroup.kz/catalog/grushevidnye/bory_almaznye_822_008c_fg/","P0_COMMERCIAL","NEEDS_OFFICIAL_EVIDENCE","Официальная страница бренда, каталог производителя или подтверждённый прайс с артикулом"
"public-a4b7e3e47b3bb62ac6eb7820","Бор алмазный 822 008M FG","true","true","","","","https://amdgroup.kz/catalog/grushevidnye/bory_almaznye_822_008m_fg/","P0_COMMERCIAL","NEEDS_OFFICIAL_EVIDENCE","Официальная страница бренда, каталог производителя или подтверждённый прайс с артикулом"
"public-2949da571e886f81b29a2dea","Бор алмазный 822 009C FG","true","true","","","","https://amdgroup.kz/catalog/grushevidnye/bory_almaznye_822_009c_fg/","P0_COMMERCIAL","NEEDS_OFFICIAL_EVIDENCE","Официальная страница бренда, каталог производителя или подтверждённый прайс с артикулом"
"public-c20ea77cb55636e13bba6a79","Бор алмазный 822 009M FG","true","true","","","","https://amdgroup.kz/catalog/grushevidnye/bory_almaznye_822_009m_fg/","P0_COMMERCIAL","NEEDS_OFFICIAL_EVIDENCE","Официальная страница бренда, каталог производителя или подтверждённый прайс с артикулом"
"public-91440704601b7fb8350d8ad5","Бор алмазный 822 010 M","true","true","","","","https://amdgroup.kz/catalog/grushevidnye/822_010_m_/","P0_COMMERCIAL","NEEDS_OFFICIAL_EVIDENCE","Официальная страница бренда, каталог производителя или подтверждённый прайс с артикулом"
"public-abbab32e5bb3e976e26caac5","Бор алмазный 822 010C FG","true","true","","","","https://amdgroup.kz/catalog/grushevidnye/bory_almaznye_822_010c_fg/","P0_COMMERCIAL","NEEDS_OFFICIAL_EVIDENCE","Официальная страница бренда, каталог производителя или подтверждённый прайс с артикулом"
"public-988e7b66a6cad16840148863","Бор алмазный 822 012 M 1","true","true","","","","https://amdgroup.kz/catalog/grushevidnye/822_012_m_1_/","P0_COMMERCIAL","NEEDS_OFFICIAL_EVIDENCE","Официальная страница бренда, каталог производителя или подтверждённый прайс с артикулом"
"public-0dacb5dfca6f4d0eb4872005","Бор алмазный 822 012C FG","true","true","","","","https://amdgroup.kz/catalog/grushevidnye/bory_almaznye_822_012c_fg/","P0_COMMERCIAL","NEEDS_OFFICIAL_EVIDENCE","Официальная страница бренда, каталог производителя или подтверждённый прайс с артикулом"
"public-522b5921571c1bee1a1b54f7","Бор алмазный 822 012SC FG","true","true","","","","https://amdgroup.kz/catalog/grushevidnye/822_012sc_fg_bory_almaznye_/","P0_COMMERCIAL","NEEDS_OFFICIAL_EVIDENCE","Официальная страница бренда, каталог производителя или подтверждённый прайс с артикулом"
"public-9f0245da52074497c6352a35","Бор алмазный 825 025M FG","true","true","","","","https://amdgroup.kz/catalog/linzovidnye/bory_almaznye_825_025m_fg/","P0_COMMERCIAL","NEEDS_OFFICIAL_EVIDENCE","Официальная страница бренда, каталог производителя или подтверждённый прайс с артикулом"
"public-c6c0624858fa094d6927b4c1","Бор алмазный 828 026M FG","true","true","","","","https://amdgroup.kz/catalog/kolesovidnye/bory_almaznye_828_026m_fg/","P0_COMMERCIAL","NEEDS_OFFICIAL_EVIDENCE","Официальная страница бренда, каталог производителя или подтверждённый прайс с артикулом"
"public-cd2481a36dffcd3665794000","Бор алмазный 828 030M FG","true","true","","","","https://amdgroup.kz/catalog/kolesovidnye/bory_almaznye_828_030m_fg/","P0_COMMERCIAL","NEEDS_OFFICIAL_EVIDENCE","Официальная страница бренда, каталог производителя или подтверждённый прайс с артикулом"
"public-1f4728fddc2b5a44995e224a","Бор алмазный 830 008F FG","true","true","","","","https://amdgroup.kz/catalog/grushevidnye/bory_almaznye_830_008f_fg/","P0_COMMERCIAL","NEEDS_OFFICIAL_EVIDENCE","Официальная страница бренда, каталог производителя или подтверждённый прайс с артикулом"
"public-1e90bd23b75e6e33e415cddb","Бор алмазный 830 008M FG","true","true","","","","https://amdgroup.kz/catalog/grushevidnye/bory_almaznye_830_008m_fg/","P0_COMMERCIAL","NEEDS_OFFICIAL_EVIDENCE","Официальная страница бренда, каталог производителя или подтверждённый прайс с артикулом"
"public-61e29b197e9b2e6c23377269","Бор алмазный 830 008SF FG","true","true","","","","https://amdgroup.kz/catalog/grushevidnye/bory_almaznye_830_008sf_fg/","P0_COMMERCIAL","NEEDS_OFFICIAL_EVIDENCE","Официальная страница бренда, каталог производителя или подтверждённый прайс с артикулом"
"public-70c7fdf0733495b35c0a02fa","Бор алмазный 830 009F FG","true","true","","","","https://amdgroup.kz/catalog/grushevidnye/bory_almaznye_830_009f_fg/","P0_COMMERCIAL","NEEDS_OFFICIAL_EVIDENCE","Официальная страница бренда, каталог производителя или подтверждённый прайс с артикулом"
"public-c17a54ac60706c7dc28f65ca","Бор алмазный 830 009M FG","true","true","","","","https://amdgroup.kz/catalog/grushevidnye/bory_almaznye_830_009m_fg/","P0_COMMERCIAL","NEEDS_OFFICIAL_EVIDENCE","Официальная страница бренда, каталог производителя или подтверждённый прайс с артикулом"
"public-4fe7dcc448a60508f8fd0455","Бор алмазный 830 010C FG","true","true","","","","https://amdgroup.kz/catalog/grushevidnye/bory_almaznye_830_010c_fg/","P0_COMMERCIAL","NEEDS_OFFICIAL_EVIDENCE","Официальная страница бренда, каталог производителя или подтверждённый прайс с артикулом"
"public-30a33fac58f0014932985941","Бор алмазный 830 010F FG","true","true","","","","https://amdgroup.kz/catalog/grushevidnye/bory_almaznye_830_010f_fg/","P0_COMMERCIAL","NEEDS_OFFICIAL_EVIDENCE","Официальная страница бренда, каталог производителя или подтверждённый прайс с артикулом"
"public-7824bceea66b30af5e08b512","Бор алмазный 830 010M FG","true","true","","","","https://amdgroup.kz/catalog/grushevidnye/bory_almaznye_830_010m_fg/","P0_COMMERCIAL","NEEDS_OFFICIAL_EVIDENCE","Официальная страница бренда, каталог производителя или подтверждённый прайс с артикулом"
"public-fc42d3974194712c2ce589bc","Бор алмазный 830 012 M 1","true","true","","","","https://amdgroup.kz/catalog/grushevidnye/830_012_m_1_/","P0_COMMERCIAL","NEEDS_OFFICIAL_EVIDENCE","Официальная страница бренда, каталог производителя или подтверждённый прайс с артикулом"
"public-f8b5dc51a9342fe39e067130","Бор алмазный 830 012 SF","true","true","","","","https://amdgroup.kz/catalog/grushevidnye/bory_almaznye_830_012_sf/","P0_COMMERCIAL","NEEDS_OFFICIAL_EVIDENCE","Официальная страница бренда, каталог производителя или подтверждённый прайс с артикулом"
"public-ed8158e8f7e58304c5919be5","Бор алмазный 830 012C FG","true","true","","","","https://amdgroup.kz/catalog/grushevidnye/bory_almaznye_830_012c_fg/","P0_COMMERCIAL","NEEDS_OFFICIAL_EVIDENCE","Официальная страница бренда, каталог производителя или подтверждённый прайс с артикулом"
"public-c232ddaf75e7db9a03a7ed7c","Бор алмазный 830 012F FG","true","true","","","","https://amdgroup.kz/catalog/grushevidnye/bory_almaznye_830_012f_fg/","P0_COMMERCIAL","NEEDS_OFFICIAL_EVIDENCE","Официальная страница бренда, каталог производителя или подтверждённый прайс с артикулом"
"public-dd51bd726f32b4759e2c6f00","Бор алмазный 830 012SC FG","true","true","","","","https://amdgroup.kz/catalog/grushevidnye/bory_almaznye_830_012sc_fg/","P0_COMMERCIAL","NEEDS_OFFICIAL_EVIDENCE","Официальная страница бренда, каталог производителя или подтверждённый прайс с артикулом"
"public-fafd78e7262cd8208ed7fd73","Бор алмазный 830 014C FG","true","true","","","","https://amdgroup.kz/catalog/grushevidnye/bory_almaznye_830_014c_fg/","P0_COMMERCIAL","NEEDS_OFFICIAL_EVIDENCE","Официальная страница бренда, каталог производителя или подтверждённый прайс с артикулом"
"public-f203ce917b2ada2c3f0035fb","Бор алмазный 830 014M FG","true","true","","","","https://amdgroup.kz/catalog/grushevidnye/bory_almaznye_830_014m_fg/","P0_COMMERCIAL","NEEDS_OFFICIAL_EVIDENCE","Официальная страница бренда, каталог производителя или подтверждённый прайс с артикулом"
"public-f6c2e46fd07417b299ef6ad0","Бор алмазный 830 016C FG","true","true","","","","https://amdgroup.kz/catalog/grushevidnye/bory_almaznye_830_016c_fg/","P0_COMMERCIAL","NEEDS_OFFICIAL_EVIDENCE","Официальная страница бренда, каталог производителя или подтверждённый прайс с артикулом"
"public-0578910541d6ab83c125d842","Бор алмазный 830 018C FG","true","true","","","","https://amdgroup.kz/catalog/grushevidnye/bory_almaznye_830_018c_fg/","P0_COMMERCIAL","NEEDS_OFFICIAL_EVIDENCE","Официальная страница бренда, каталог производителя или подтверждённый прайс с артикулом"
"public-16046d09f74d2ee8a355da6c","Бор алмазный 830 018M FG","true","true","","","","https://amdgroup.kz/catalog/grushevidnye/bory_almaznye_830_018m_fg/","P0_COMMERCIAL","NEEDS_OFFICIAL_EVIDENCE","Официальная страница бренда, каталог производителя или подтверждённый прайс с артикулом"
"public-d34afafffeabb3edc9364f60","Бор алмазный 830L 012M FG","true","true","","","","https://amdgroup.kz/catalog/grushevidnye/830l_012m_fg_borye_almaznye/","P0_COMMERCIAL","NEEDS_OFFICIAL_EVIDENCE","Официальная страница бренда, каталог производителя или подтверждённый прайс с артикулом"
"public-28051ac6fe5f6baaff3eeb1f","Бор алмазный 830L 014 F 2","true","true","","","","https://amdgroup.kz/catalog/grushevidnye/830l_014_f_2_/","P0_COMMERCIAL","NEEDS_OFFICIAL_EVIDENCE","Официальная страница бренда, каталог производителя или подтверждённый прайс с артикулом"
"public-d440b2bf5e7073500883ac1d","Бор алмазный 830L 014 M 2","true","true","","","","https://amdgroup.kz/catalog/grushevidnye/830l_014_m_2_/","P0_COMMERCIAL","NEEDS_OFFICIAL_EVIDENCE","Официальная страница бренда, каталог производителя или подтверждённый прайс с артикулом"
"public-7441563ab7fd55b44c24d6b8","Бор алмазный 830L 014 SF","true","true","","","","https://amdgroup.kz/catalog/grushevidnye/830l_014_sf_borye_almaznye/","P0_COMMERCIAL","NEEDS_OFFICIAL_EVIDENCE","Официальная страница бренда, каталог производителя или подтверждённый прайс с артикулом"
"public-1804b5f949398e575914b41f","Бор алмазный 830L 014M FG","true","true","","","","https://amdgroup.kz/catalog/grushevidnye/bory_almaznye_830l_014m_fg/","P0_COMMERCIAL","NEEDS_OFFICIAL_EVIDENCE","Официальная страница бренда, каталог производителя или подтверждённый прайс с артикулом"
"public-aba0cf2d1cc6f51a5eb2ef9a","Бор алмазный 830L 014SC FG","true","true","","","","https://amdgroup.kz/catalog/grushevidnye/bory_almaznye_830l_014sc_fg/","P0_COMMERCIAL","NEEDS_OFFICIAL_EVIDENCE","Официальная страница бренда, каталог производителя или подтверждённый прайс с артикулом"
"public-c9837cb73faaec41331bacb9","Бор алмазный 830L 014SF FG","true","true","","","","https://amdgroup.kz/catalog/grushevidnye/bory_almaznye_830l_014sf_fg/","P0_COMMERCIAL","NEEDS_OFFICIAL_EVIDENCE","Официальная страница бренда, каталог производителя или подтверждённый прайс с артикулом"
"public-5f506f4c3d74781c3432bd21","Бор алмазный 830L 016C FG","true","true","","","","https://amdgroup.kz/catalog/grushevidnye/bory_almaznye_830l_016c_fg/","P0_COMMERCIAL","NEEDS_OFFICIAL_EVIDENCE","Официальная страница бренда, каталог производителя или подтверждённый прайс с артикулом"
"public-0c5c3317b9062ba60bf4c475","Бор алмазный 830L 016M FG 2","true","true","","","","https://amdgroup.kz/catalog/grushevidnye/bory_almaznye_830l_016m_fg_2_/","P0_COMMERCIAL","NEEDS_OFFICIAL_EVIDENCE","Официальная страница бренда, каталог производителя или подтверждённый прайс с артикулом"
"public-41d9b5d17252241497d0ad5c","Бор алмазный 830L 016SC FG","true","true","","","","https://amdgroup.kz/catalog/grushevidnye/bory_almaznye_830l_016sc_fg/","P0_COMMERCIAL","NEEDS_OFFICIAL_EVIDENCE","Официальная страница бренда, каталог производителя или подтверждённый прайс с артикулом"
"public-3175efa50432c64c1235af31","Бор алмазный 830L 018C FG GRUSHEVIDNYY KRUPNAYA","true","true","","","","https://amdgroup.kz/catalog/grushevidnye/bory_almaznye_830l_018c_fg_grushevidnyy_krupnaya/","P0_COMMERCIAL","NEEDS_OFFICIAL_EVIDENCE","Официальная страница бренда, каталог производителя или подтверждённый прайс с артикулом"
"public-37fbad23a95c6a4d43ad5292","Бор алмазный 830L 021C FG","true","true","","","","https://amdgroup.kz/catalog/grushevidnye/bory_almaznye_830l_021c_fg/","P0_COMMERCIAL","NEEDS_OFFICIAL_EVIDENCE","Официальная страница бренда, каталог производителя или подтверждённый прайс с артикулом"
"public-e9b2f584ccd39910f0ecc067","Бор алмазный 830L 021M FG","true","true","","","","https://amdgroup.kz/catalog/grushevidnye/bory_almaznye_830l_021m_fg/","P0_COMMERCIAL","NEEDS_OFFICIAL_EVIDENCE","Официальная страница бренда, каталог производителя или подтверждённый прайс с артикулом"
"public-62fe01eeb2e875ea73ea98ca","Бор алмазный 830L 025 C","true","true","","","","https://amdgroup.kz/catalog/grushevidnye/bory_almaznye_830l_025_c/","P0_COMMERCIAL","NEEDS_OFFICIAL_EVIDENCE","Официальная страница бренда, каталог производителя или подтверждённый прайс с артикулом"
"public-f5af197e3778882071858447","Бор алмазный 830L 025M FG","true","true","","","","https://amdgroup.kz/catalog/grushevidnye/830l_025m_fg_bory_almaznye_/","P0_COMMERCIAL","NEEDS_OFFICIAL_EVIDENCE","Официальная страница бренда, каталог производителя или подтверждённый прайс с артикулом"
"public-ef3997116f3e3d94c6662aa5","Бор алмазный 830L 025SC FG","true","true","","","","https://amdgroup.kz/catalog/grushevidnye/bory_almaznye_830l_025sc_fg/","P0_COMMERCIAL","NEEDS_OFFICIAL_EVIDENCE","Официальная страница бренда, каталог производителя или подтверждённый прайс с артикулом"
"public-013a689ef05dd5d8381bf194","Бор алмазный 833 018F FG","true","true","","","","https://amdgroup.kz/catalog/oklyuzionnye/bory_almaznye_833_018f_fg/","P0_COMMERCIAL","NEEDS_OFFICIAL_EVIDENCE","Официальная страница бренда, каталог производителя или подтверждённый прайс с артикулом"
"public-0466476941dd536aeee68829","Бор алмазный 833 018M 3","true","true","","","","https://amdgroup.kz/catalog/oklyuzionnye/bory_almaznye_833_018m_3_/","P0_COMMERCIAL","NEEDS_OFFICIAL_EVIDENCE","Официальная страница бренда, каталог производителя или подтверждённый прайс с артикулом"
"public-93f31e1e569b582b00217a19","Бор алмазный 833 018SF FG","true","true","","","","https://amdgroup.kz/catalog/oklyuzionnye/833_018sf_fg_borye_almaznye/","P0_COMMERCIAL","NEEDS_OFFICIAL_EVIDENCE","Официальная страница бренда, каталог производителя или подтверждённый прайс с артикулом"
"public-026b824ec3a9686541886b02","Бор алмазный 833 021 SF OKKLYUZIONNYY SVERKHMELKAYA","true","true","","","","https://amdgroup.kz/catalog/oklyuzionnye/bory_almaznye_833_021_sf_okklyuzionnyy_sverkhmelkaya/","P0_COMMERCIAL","NEEDS_OFFICIAL_EVIDENCE","Официальная страница бренда, каталог производителя или подтверждённый прайс с артикулом"
"public-59d2909d05c0a934551303e8","Бор алмазный 833 031F FG","true","true","","","","https://amdgroup.kz/catalog/oklyuzionnye/bory_almaznye_833_031f_fg/","P0_COMMERCIAL","NEEDS_OFFICIAL_EVIDENCE","Официальная страница бренда, каталог производителя или подтверждённый прайс с артикулом"
"public-e3146f5379a30c121303a3b8","Бор алмазный 833 031SF FG OCCLUSIAL","true","true","","","","https://amdgroup.kz/catalog/oklyuzionnye/bory_almaznye_833_031sf_fg_occlusial/","P0_COMMERCIAL","NEEDS_OFFICIAL_EVIDENCE","Официальная страница бренда, каталог производителя или подтверждённый прайс с артикулом"
"public-b3b3a7484d6969fb17f267cf","Бор алмазный 845 009M FG","true","true","","","","https://amdgroup.kz/catalog/konusovidnye/bory_almaznye_845_009m_fg/","P0_COMMERCIAL","NEEDS_OFFICIAL_EVIDENCE","Официальная страница бренда, каталог производителя или подтверждённый прайс с артикулом"
"public-416c4d444f5fd33120369215","Бор алмазный 845 012C FG","true","true","","","","https://amdgroup.kz/catalog/konusovidnye/bory_almaznye_845_012c_fg/","P0_COMMERCIAL","NEEDS_OFFICIAL_EVIDENCE","Официальная страница бренда, каталог производителя или подтверждённый прайс с артикулом"
"public-955477f9a34b030c277409f6","Бор алмазный 845 012M FGM","true","true","","","","https://amdgroup.kz/catalog/konusovidnye/bory_almaznye_845_012m_fgm/","P0_COMMERCIAL","NEEDS_OFFICIAL_EVIDENCE","Официальная страница бренда, каталог производителя или подтверждённый прайс с артикулом"
"public-6400be411f47f2b4c120cfc2","Бор алмазный 845 014 C","true","true","","","","https://amdgroup.kz/catalog/konusovidnye/bory_almaznye_845_014_c_/","P0_COMMERCIAL","NEEDS_OFFICIAL_EVIDENCE","Официальная страница бренда, каталог производителя или подтверждённый прайс с артикулом"
"public-5d1408dd446838d6931d0751","Бор алмазный 845 014M FG","true","true","","","","https://amdgroup.kz/catalog/konusovidnye/bory_almaznye_845_014m_fg/","P0_COMMERCIAL","NEEDS_OFFICIAL_EVIDENCE","Официальная страница бренда, каталог производителя или подтверждённый прайс с артикулом"
"public-55df7376ef534fbf5c790f1d","Бор алмазный 845 016C FG","true","true","","","","https://amdgroup.kz/catalog/konusovidnye/bory_almaznye_845_016c_fg/","P0_COMMERCIAL","NEEDS_OFFICIAL_EVIDENCE","Официальная страница бренда, каталог производителя или подтверждённый прайс с артикулом"
"public-390c7a8415cca47654f7b490","Бор алмазный 845 016M FG","true","true","","","","https://amdgroup.kz/catalog/konusovidnye/bory_almaznye_845_016m_fg/","P0_COMMERCIAL","NEEDS_OFFICIAL_EVIDENCE","Официальная страница бренда, каталог производителя или подтверждённый прайс с артикулом"
"public-d173948c47360268eeff698b","Бор алмазный 845KR 016 M KONUS KRUGLYY KANT SREDNYAYA","true","true","","","","https://amdgroup.kz/catalog/konusovidnye/bory_almaznye_845kr_016_m_konus_kruglyy_kant_srednyaya/","P0_COMMERCIAL","NEEDS_OFFICIAL_EVIDENCE","Официальная страница бренда, каталог производителя или подтверждённый прайс с артикулом"
"public-f80c039d2f6b38974bf419f4","Бор алмазный 845KR 016F FG","true","true","","","","https://amdgroup.kz/catalog/konusovidnye/bory_almaznye_845kr_016f_fg/","P0_COMMERCIAL","NEEDS_OFFICIAL_EVIDENCE","Официальная страница бренда, каталог производителя или подтверждённый прайс с артикулом"
"public-9ee5ee2024a244993611ab4f","Бор алмазный 845KR 018C FG","true","true","","","","https://amdgroup.kz/catalog/konusovidnye/bory_almaznye_845kr_018c_fg/","P0_COMMERCIAL","NEEDS_OFFICIAL_EVIDENCE","Официальная страница бренда, каталог производителя или подтверждённый прайс с артикулом"
"public-1e5893539eda11640b7d30e6","Бор алмазный 845KR 018F FG","true","true","","","","https://amdgroup.kz/catalog/konusovidnye/bory_almaznye_845kr_018f_fg/","P0_COMMERCIAL","NEEDS_OFFICIAL_EVIDENCE","Официальная страница бренда, каталог производителя или подтверждённый прайс с артикулом"
"public-62f57b1937043be218c3464e","Бор алмазный 845KR 018M FG","true","true","","","","https://amdgroup.kz/catalog/konusovidnye/845kr_018m_fg_bory_almaznye/","P0_COMMERCIAL","NEEDS_OFFICIAL_EVIDENCE","Официальная страница бренда, каталог производителя или подтверждённый прайс с артикулом"
"public-47c6c68939699c60cdd7968b","Бор алмазный 845KR 025C FG","true","true","","","","https://amdgroup.kz/catalog/konusovidnye/bory_almaznye_845kr_025c_fg/","P0_COMMERCIAL","NEEDS_OFFICIAL_EVIDENCE","Официальная страница бренда, каталог производителя или подтверждённый прайс с артикулом"
"public-8bedf2b02795d83680bd2799","Бор алмазный 845KR 025F FG","true","true","","","","https://amdgroup.kz/catalog/konusovidnye/bory_almaznye_845kr_025f_fg/","P0_COMMERCIAL","NEEDS_OFFICIAL_EVIDENCE","Официальная страница бренда, каталог производителя или подтверждённый прайс с артикулом"
"public-e70d4a9220fa2250cf38d9cb","Бор алмазный 845KR 025M FG","true","true","","","","https://amdgroup.kz/catalog/konusovidnye/bory_almaznye_845kr_025m_fg/","P0_COMMERCIAL","NEEDS_OFFICIAL_EVIDENCE","Официальная страница бренда, каталог производителя или подтверждённый прайс с артикулом"
"public-24a5fa481b367efe73c62509","Бор алмазный 845KR 025SF FG","true","true","","","","https://amdgroup.kz/catalog/konusovidnye/bory_almaznye_845kr_025sf_fg/","P0_COMMERCIAL","NEEDS_OFFICIAL_EVIDENCE","Официальная страница бренда, каталог производителя или подтверждённый прайс с артикулом"
"public-66df1b5766344f54d9aab1e7","Бор алмазный 845KRS 017C FG","true","true","","","","https://amdgroup.kz/catalog/konusovidnye/bory_almaznye_845krs_017c_fg/","P0_COMMERCIAL","NEEDS_OFFICIAL_EVIDENCE","Официальная страница бренда, каталог производителя или подтверждённый прайс с артикулом"
"public-efa771eea187c6ee8a7052f1","Бор алмазный 845KRS 017F FG","true","true","","","","https://amdgroup.kz/catalog/konusovidnye/bory_almaznye_845krs_017f_fg/","P0_COMMERCIAL","NEEDS_OFFICIAL_EVIDENCE","Официальная страница бренда, каталог производителя или подтверждённый прайс с артикулом"
"public-8bf09b7a6a6c541de093a108","Бор алмазный 846 012C FG","true","true","","","","https://amdgroup.kz/catalog/konusovidnye/bory_almaznye_846_012c_fg/","P0_COMMERCIAL","NEEDS_OFFICIAL_EVIDENCE","Официальная страница бренда, каталог производителя или подтверждённый прайс с артикулом"
"public-31e44fa965d4d6949d335ec7","Бор алмазный 846 012F FG","true","true","","","","https://amdgroup.kz/catalog/konusovidnye/bory_almaznye_846_012f_fg/","P0_COMMERCIAL","NEEDS_OFFICIAL_EVIDENCE","Официальная страница бренда, каталог производителя или подтверждённый прайс с артикулом"
"public-42d5e1678418da0edc152157","Бор алмазный 846 012M FG","true","true","","","","https://amdgroup.kz/catalog/konusovidnye/bory_almaznye_846_012m_fg/","P0_COMMERCIAL","NEEDS_OFFICIAL_EVIDENCE","Официальная страница бренда, каталог производителя или подтверждённый прайс с артикулом"
"public-b41201b501aab78c13546f0c","Бор алмазный 846 012M KID","true","true","","","","https://amdgroup.kz/catalog/konusovidnye/bory_almaznye_846_012m_kid/","P0_COMMERCIAL","NEEDS_OFFICIAL_EVIDENCE","Официальная страница бренда, каталог производителя или подтверждённый прайс с артикулом"
"public-d0b0a9f0ae75981578a24263","Бор алмазный 846 014C FG","true","true","","","","https://amdgroup.kz/catalog/konusovidnye/bory_almaznye_846_014c_fg/","P0_COMMERCIAL","NEEDS_OFFICIAL_EVIDENCE","Официальная страница бренда, каталог производителя или подтверждённый прайс с артикулом"
"public-acf5cb95faf86e6c056435e4","Бор алмазный 846 014M FG","true","true","","","","https://amdgroup.kz/catalog/konusovidnye/bory_almaznye_846_014m_fg/","P0_COMMERCIAL","NEEDS_OFFICIAL_EVIDENCE","Официальная страница бренда, каталог производителя или подтверждённый прайс с артикулом"
"public-1dc150a0eeee98397f047dd6","Бор алмазный 846 016 F","true","true","","","","https://amdgroup.kz/catalog/konusovidnye/bory_almaznye_846_016_f/","P0_COMMERCIAL","NEEDS_OFFICIAL_EVIDENCE","Официальная страница бренда, каталог производителя или подтверждённый прайс с артикулом"
"public-6225381a13ce089ce27fea23","Бор алмазный 846 016C FG","true","true","","","","https://amdgroup.kz/catalog/konusovidnye/bory_almaznye_846_016c_fg/","P0_COMMERCIAL","NEEDS_OFFICIAL_EVIDENCE","Официальная страница бренда, каталог производителя или подтверждённый прайс с артикулом"
"public-914fed2e404479ee420ebb5f","Бор алмазный 846 016M FG","true","true","","","","https://amdgroup.kz/catalog/konusovidnye/bory_almaznye_846_016m_fg/","P0_COMMERCIAL","NEEDS_OFFICIAL_EVIDENCE","Официальная страница бренда, каталог производителя или подтверждённый прайс с артикулом"
"public-5a563fb85ac0e262361f9532","Бор алмазный 846 025 F","true","true","","","","https://amdgroup.kz/catalog/konusovidnye/bory_almaznye_846_025_f/","P0_COMMERCIAL","NEEDS_OFFICIAL_EVIDENCE","Официальная страница бренда, каталог производителя или подтверждённый прайс с артикулом"
"public-5671377126ab647acaa6613e","Бор алмазный 846 025C FG","true","true","","","","https://amdgroup.kz/catalog/konusovidnye/bory_almaznye_846_025c_fg/","P0_COMMERCIAL","NEEDS_OFFICIAL_EVIDENCE","Официальная страница бренда, каталог производителя или подтверждённый прайс с артикулом"
"public-944eb9d72ed9fb0e29dc692b","Бор алмазный 846 025M FG","true","true","","","","https://amdgroup.kz/catalog/konusovidnye/bory_almaznye_846_025m_fg/","P0_COMMERCIAL","NEEDS_OFFICIAL_EVIDENCE","Официальная страница бренда, каталог производителя или подтверждённый прайс с артикулом"
"public-ccc6485ead1ae15d1834e000","Бор алмазный 846KR 016C FG","true","true","","","","https://amdgroup.kz/catalog/konusovidnye/bory_almaznye_846kr_016c_fg/","P0_COMMERCIAL","NEEDS_OFFICIAL_EVIDENCE","Официальная страница бренда, каталог производителя или подтверждённый прайс с артикулом"
"public-fe6839d9a59df2e66edcd30a","Бор алмазный 846KR 016F FG","true","true","","","","https://amdgroup.kz/catalog/konusovidnye/bory_almaznye_846kr_016f_fg/","P0_COMMERCIAL","NEEDS_OFFICIAL_EVIDENCE","Официальная страница бренда, каталог производителя или подтверждённый прайс с артикулом"
"public-c8ac88072371713e9d85be74","Бор алмазный 846KR 016M FG","true","true","","","","https://amdgroup.kz/catalog/konusovidnye/bory_almaznye_846kr_016m_fg/","P0_COMMERCIAL","NEEDS_OFFICIAL_EVIDENCE","Официальная страница бренда, каталог производителя или подтверждённый прайс с артикулом"
"public-58c4c623dd447f2e316a201a","Бор алмазный 846KR 016SC FG","true","true","","","","https://amdgroup.kz/catalog/konusovidnye/bory_almaznye_846kr_016sc_fg/","P0_COMMERCIAL","NEEDS_OFFICIAL_EVIDENCE","Официальная страница бренда, каталог производителя или подтверждённый прайс с артикулом"
"public-e6723616af5be6356ef0c243","Бор алмазный 846KR 018F FG","true","true","","","","https://amdgroup.kz/catalog/konusovidnye/bory_almaznye_846kr_018f_fg/","P0_COMMERCIAL","NEEDS_OFFICIAL_EVIDENCE","Официальная страница бренда, каталог производителя или подтверждённый прайс с артикулом"
"public-894a1d2f7ce5c97b11047c9f","Бор алмазный 846KRS 019C FG","true","true","","","","https://amdgroup.kz/catalog/konusovidnye/bory_almaznye_846krs_019c_fg/","P0_COMMERCIAL","NEEDS_OFFICIAL_EVIDENCE","Официальная страница бренда, каталог производителя или подтверждённый прайс с артикулом"
"public-463222ac642d7b788af28049","Бор алмазный 846KRS 019F FG","true","true","","","","https://amdgroup.kz/catalog/konusovidnye/bory_almaznye_846krs_019f_fg/","P0_COMMERCIAL","NEEDS_OFFICIAL_EVIDENCE","Официальная страница бренда, каталог производителя или подтверждённый прайс с артикулом"
"public-5d9c9a6b88aeb560a70813cd","Бор алмазный 846KRS 025C FG","true","true","","","","https://amdgroup.kz/catalog/konusovidnye/bory_almaznye_846krs_025c_fg/","P0_COMMERCIAL","NEEDS_OFFICIAL_EVIDENCE","Официальная страница бренда, каталог производителя или подтверждённый прайс с артикулом"
"public-44c9a484bcb2411e2d5ae036","Бор алмазный 846KRS 025F FG","true","true","","","","https://amdgroup.kz/catalog/konusovidnye/bory_almaznye_846krs_025f_fg/","P0_COMMERCIAL","NEEDS_OFFICIAL_EVIDENCE","Официальная страница бренда, каталог производителя или подтверждённый прайс с артикулом"
"public-d766a843e76a1b36c32061b9","Бор алмазный 846S 025C FG","true","true","","","","https://amdgroup.kz/catalog/konusovidnye/bory_almaznye_846s_025c_fg/","P0_COMMERCIAL","NEEDS_OFFICIAL_EVIDENCE","Официальная страница бренда, каталог производителя или подтверждённый прайс с артикулом"
"public-ee729b99a5512685ce0d54e0","Бор алмазный 847 010C FG","true","true","","","","https://amdgroup.kz/catalog/konusovidnye/bory_almaznye_847_010c_fg/","P0_COMMERCIAL","NEEDS_OFFICIAL_EVIDENCE","Официальная страница бренда, каталог производителя или подтверждённый прайс с артикулом"
"public-8ba747705835ff0097c3fda9","Бор алмазный 847 010F FG","true","true","","","","https://amdgroup.kz/catalog/konusovidnye/bory_almaznye_847_010f_fg/","P0_COMMERCIAL","NEEDS_OFFICIAL_EVIDENCE","Официальная страница бренда, каталог производителя или подтверждённый прайс с артикулом"
"public-b143e4d2804fe1800dbd508c","Бор алмазный 847 010M FG","true","true","","","","https://amdgroup.kz/catalog/konusovidnye/bory_almaznye_847_010m_fg/","P0_COMMERCIAL","NEEDS_OFFICIAL_EVIDENCE","Официальная страница бренда, каталог производителя или подтверждённый прайс с артикулом"
"public-5bca7ff251acea7581fbdf71","Бор алмазный 847 010SF FG","true","true","","","","https://amdgroup.kz/catalog/konusovidnye/bory_almaznye_847_010sf_fg/","P0_COMMERCIAL","NEEDS_OFFICIAL_EVIDENCE","Официальная страница бренда, каталог производителя или подтверждённый прайс с артикулом"
"public-6b7a84a28f9f4fcd14a04931","Бор алмазный 847 012 M","true","true","","","","https://amdgroup.kz/catalog/konusovidnye/bory_almaznye_847_012_m/","P0_COMMERCIAL","NEEDS_OFFICIAL_EVIDENCE","Официальная страница бренда, каталог производителя или подтверждённый прайс с артикулом"
"public-332ef854bcabb47c68421ed5","Бор алмазный 847 012C FG","true","true","","","","https://amdgroup.kz/catalog/konusovidnye/bory_almaznye_847_012c_fg/","P0_COMMERCIAL","NEEDS_OFFICIAL_EVIDENCE","Официальная страница бренда, каталог производителя или подтверждённый прайс с артикулом"
"public-3d2254112a00d852b98fe39d","Бор алмазный 847 012F FG","true","true","","","","https://amdgroup.kz/catalog/konusovidnye/bory_almaznye_847_012f_fg/","P0_COMMERCIAL","NEEDS_OFFICIAL_EVIDENCE","Официальная страница бренда, каталог производителя или подтверждённый прайс с артикулом"
"public-388ce52790931aae8e24b0a2","Бор алмазный 847 014C FG","true","true","","","","https://amdgroup.kz/catalog/konusovidnye/bory_almaznye_847_014c_fg/","P0_COMMERCIAL","NEEDS_OFFICIAL_EVIDENCE","Официальная страница бренда, каталог производителя или подтверждённый прайс с артикулом"
"public-a2cb42cf6f5ac50de385dc92","Бор алмазный 847 014M FG","true","true","","","","https://amdgroup.kz/catalog/konusovidnye/847_014m_fg_bory_almaznye/","P0_COMMERCIAL","NEEDS_OFFICIAL_EVIDENCE","Официальная страница бренда, каталог производителя или подтверждённый прайс с артикулом"
"public-c5a57f933937c2db7128b0a8","Бор алмазный 847 016C FG","true","true","","","","https://amdgroup.kz/catalog/konusovidnye/bory_almaznye_847_016c_fg/","P0_COMMERCIAL","NEEDS_OFFICIAL_EVIDENCE","Официальная страница бренда, каталог производителя или подтверждённый прайс с артикулом"
"public-db90ddf9d285ff0768c13a84","Бор алмазный 847 016F FG","true","true","","","","https://amdgroup.kz/catalog/konusovidnye/bory_almaznye_847_016f_fg/","P0_COMMERCIAL","NEEDS_OFFICIAL_EVIDENCE","Официальная страница бренда, каталог производителя или подтверждённый прайс с артикулом"
"public-eaf899fe044fe23b06472227","Бор алмазный 847 018C FG","true","true","","","","https://amdgroup.kz/catalog/konusovidnye/bory_almaznye_847_018c_fg/","P0_COMMERCIAL","NEEDS_OFFICIAL_EVIDENCE","Официальная страница бренда, каталог производителя или подтверждённый прайс с артикулом"
"public-b7ee7cfd5961aa5f618b089d","Бор алмазный 847 023C FG","true","true","","","","https://amdgroup.kz/catalog/konusovidnye/bory_almaznye_847_023c_fg/","P0_COMMERCIAL","NEEDS_OFFICIAL_EVIDENCE","Официальная страница бренда, каталог производителя или подтверждённый прайс с артикулом"
"public-0c88ce23f2fceaa0792315fd","Бор алмазный 847 023M FG","true","true","","","","https://amdgroup.kz/catalog/konusovidnye/bory_almaznye_847_023m_fg/","P0_COMMERCIAL","NEEDS_OFFICIAL_EVIDENCE","Официальная страница бренда, каталог производителя или подтверждённый прайс с артикулом"
"public-afc6aff0621b661fc6097b29","Бор алмазный 847 033M FG","true","true","","","","https://amdgroup.kz/catalog/konusovidnye/847_033m_fg_bory_almaznye/","P0_COMMERCIAL","NEEDS_OFFICIAL_EVIDENCE","Официальная страница бренда, каталог производителя или подтверждённый прайс с артикулом"
"public-28a38cbf6f319dfd78f49122","Бор алмазный 847KR 016 M KONUS S KRUG KANTOM SREDNIY","true","true","","","","https://amdgroup.kz/catalog/konusovidnye/bory_almaznye_847kr_016_m_konus_s_krug_kantom_sredniy/","P0_COMMERCIAL","NEEDS_OFFICIAL_EVIDENCE","Официальная страница бренда, каталог производителя или подтверждённый прайс с артикулом"
"public-1375b66cbee750c650103c6e","Бор алмазный 847KR 016C FG","true","true","","","","https://amdgroup.kz/catalog/konusovidnye/bory_almaznye_847kr_016c_fg/","P0_COMMERCIAL","NEEDS_OFFICIAL_EVIDENCE","Официальная страница бренда, каталог производителя или подтверждённый прайс с артикулом"
"public-61750fa54ac0b5fdf5236360","Бор алмазный 847KR 016F FG","true","true","","","","https://amdgroup.kz/catalog/konusovidnye/bory_almaznye_847kr_016f_fg/","P0_COMMERCIAL","NEEDS_OFFICIAL_EVIDENCE","Официальная страница бренда, каталог производителя или подтверждённый прайс с артикулом"
"public-d6fef9ed593a12719de8caaa","Бор алмазный 847KR 018C FG","true","true","","","","https://amdgroup.kz/catalog/konusovidnye/bory_almaznye_847kr_018c_fg/","P0_COMMERCIAL","NEEDS_OFFICIAL_EVIDENCE","Официальная страница бренда, каталог производителя или подтверждённый прайс с артикулом"
"public-e03d089fa5f269993eb3e729","Бор алмазный 847KR 018F FG","true","true","","","","https://amdgroup.kz/catalog/konusovidnye/bory_almaznye_847kr_018f_fg/","P0_COMMERCIAL","NEEDS_OFFICIAL_EVIDENCE","Официальная страница бренда, каталог производителя или подтверждённый прайс с артикулом"
"public-0bb422bfd299d7644f663cea","Бор алмазный 847KR 018M FG","true","true","","","","https://amdgroup.kz/catalog/konusovidnye/bory_almaznye_847kr_018m_fg/","P0_COMMERCIAL","NEEDS_OFFICIAL_EVIDENCE","Официальная страница бренда, каталог производителя или подтверждённый прайс с артикулом"
"public-a9824da98f10917f59b594d7","Бор алмазный 847KR 023F FG","true","true","","","","https://amdgroup.kz/catalog/konusovidnye/bory_almaznye_847kr_023f_fg/","P0_COMMERCIAL","NEEDS_OFFICIAL_EVIDENCE","Официальная страница бренда, каталог производителя или подтверждённый прайс с артикулом"
"public-c4d6645261adcf7577395c2d","Бор алмазный 847KR 023M FG","true","true","","","","https://amdgroup.kz/catalog/konusovidnye/bory_almaznye_847kr_023m_fg/","P0_COMMERCIAL","NEEDS_OFFICIAL_EVIDENCE","Официальная страница бренда, каталог производителя или подтверждённый прайс с артикулом"
"public-7f5c5bfdd8310fd49ea3c04f","Бор алмазный 848 010 SF","true","true","","","","https://amdgroup.kz/catalog/konusovidnye/bory_almaznye_848_010_sf/","P0_COMMERCIAL","NEEDS_OFFICIAL_EVIDENCE","Официальная страница бренда, каталог производителя или подтверждённый прайс с артикулом"
"public-94f9bc2a98032448b5d405d7","Бор алмазный 848 010C FG","true","true","","","","https://amdgroup.kz/catalog/konusovidnye/bory_almaznye_848_010c_fg/","P0_COMMERCIAL","NEEDS_OFFICIAL_EVIDENCE","Официальная страница бренда, каталог производителя или подтверждённый прайс с артикулом"
"public-47f8c542da596839ae185460","Бор алмазный 848 010F FG","true","true","","","","https://amdgroup.kz/catalog/konusovidnye/bory_almaznye_848_010f_fg/","P0_COMMERCIAL","NEEDS_OFFICIAL_EVIDENCE","Официальная страница бренда, каталог производителя или подтверждённый прайс с артикулом"
"public-3048efd485192df155ca000b","Бор алмазный 848 010M FG","true","true","","","","https://amdgroup.kz/catalog/konusovidnye/bory_almaznye_848_010m_fg/","P0_COMMERCIAL","NEEDS_OFFICIAL_EVIDENCE","Официальная страница бренда, каталог производителя или подтверждённый прайс с артикулом"
"public-f2dca659171e6fc7f6a4e3dc","Бор алмазный 848 012C FG","true","true","","","","https://amdgroup.kz/catalog/konusovidnye/bory_almaznye_848_012c_fg/","P0_COMMERCIAL","NEEDS_OFFICIAL_EVIDENCE","Официальная страница бренда, каталог производителя или подтверждённый прайс с артикулом"
"public-734dc4dc27054f28690b563f","Бор алмазный 848 012F FG","true","true","","","","https://amdgroup.kz/catalog/konusovidnye/bory_almaznye_848_012f_fg/","P0_COMMERCIAL","NEEDS_OFFICIAL_EVIDENCE","Официальная страница бренда, каталог производителя или подтверждённый прайс с артикулом"
"public-b82f9910a2e798a39481f237","Бор алмазный 848 012M FG","true","true","","","","https://amdgroup.kz/catalog/konusovidnye/bory_almaznye_848_012m_fg/","P0_COMMERCIAL","NEEDS_OFFICIAL_EVIDENCE","Официальная страница бренда, каталог производителя или подтверждённый прайс с артикулом"
"public-851aeb0e42687cdbac9c8448","Бор алмазный 848 014C FG","true","true","","","","https://amdgroup.kz/catalog/konusovidnye/bory_almaznye_848_014c_fg/","P0_COMMERCIAL","NEEDS_OFFICIAL_EVIDENCE","Официальная страница бренда, каталог производителя или подтверждённый прайс с артикулом"
"public-bc5889b83747bace47732d76","Бор алмазный 848 014F FG","true","true","","","","https://amdgroup.kz/catalog/konusovidnye/bory_almaznye_848_014f_fg/","P0_COMMERCIAL","NEEDS_OFFICIAL_EVIDENCE","Официальная страница бренда, каталог производителя или подтверждённый прайс с артикулом"
"public-18bc2d1c34341aabe565729a","Бор алмазный 848 014M FG","true","true","","","","https://amdgroup.kz/catalog/konusovidnye/bory_almaznye_848_014m_fg/","P0_COMMERCIAL","NEEDS_OFFICIAL_EVIDENCE","Официальная страница бренда, каталог производителя или подтверждённый прайс с артикулом"
"public-18851f2b1ba2272c2b5bd2a6","Бор алмазный 848 014SF FG","true","true","","","","https://amdgroup.kz/catalog/konusovidnye/bory_almaznye_848_014sf_fg/","P0_COMMERCIAL","NEEDS_OFFICIAL_EVIDENCE","Официальная страница бренда, каталог производителя или подтверждённый прайс с артикулом"
"public-a417761d14161ea63126158a","Бор алмазный 848 016C FG","true","true","","","","https://amdgroup.kz/catalog/konusovidnye/bory_almaznye_848_016c_fg/","P0_COMMERCIAL","NEEDS_OFFICIAL_EVIDENCE","Официальная страница бренда, каталог производителя или подтверждённый прайс с артикулом"
"public-166ee9a33d8acf6516d55878","Бор алмазный 848 016F FG","true","true","","","","https://amdgroup.kz/catalog/konusovidnye/bory_almaznye_848_016f_fg/","P0_COMMERCIAL","NEEDS_OFFICIAL_EVIDENCE","Официальная страница бренда, каталог производителя или подтверждённый прайс с артикулом"
"public-d4c9be26549aed576d46d347","Бор алмазный 848 016M FG","true","true","","","","https://amdgroup.kz/catalog/konusovidnye/bory_almaznye_848_016m_fg/","P0_COMMERCIAL","NEEDS_OFFICIAL_EVIDENCE","Официальная страница бренда, каталог производителя или подтверждённый прайс с артикулом"
"public-1733ac6a101ee1a98ebb1c0d","Бор алмазный 848 016SF FG","true","true","","","","https://amdgroup.kz/catalog/konusovidnye/bory_almaznye_848_016sf_fg/","P0_COMMERCIAL","NEEDS_OFFICIAL_EVIDENCE","Официальная страница бренда, каталог производителя или подтверждённый прайс с артикулом"
"public-5ac0b228395b2092c25faf27","Бор алмазный 848 018F FG","true","true","","","","https://amdgroup.kz/catalog/konusovidnye/bory_almaznye_848_018f_fg/","P0_COMMERCIAL","NEEDS_OFFICIAL_EVIDENCE","Официальная страница бренда, каталог производителя или подтверждённый прайс с артикулом"
"public-4700fb6cb91cf7f09979a111","Бор алмазный 848 018M HP","true","true","","","","https://amdgroup.kz/catalog/konusovidnye/bory_almaznye_848_018m_hp/","P0_COMMERCIAL","NEEDS_OFFICIAL_EVIDENCE","Официальная страница бренда, каталог производителя или подтверждённый прайс с артикулом"
"public-f6798b33fd9e4a535aa749d1","Бор алмазный 848 018M KONUS S PLOSKIM KONTSOM SREDNIY","true","true","","","","https://amdgroup.kz/catalog/konusovidnye/bory_almaznye_848_018m_konus_s_ploskim_kontsom_sredniy/","P0_COMMERCIAL","NEEDS_OFFICIAL_EVIDENCE","Официальная страница бренда, каталог производителя или подтверждённый прайс с артикулом"
"public-ba28e28c18f25a6bfb7b3fc3","Бор алмазный 848 040M HP","true","true","","","","https://amdgroup.kz/catalog/konusovidnye/bory_almaznye_848_040m_hp/","P0_COMMERCIAL","NEEDS_OFFICIAL_EVIDENCE","Официальная страница бренда, каталог производителя или подтверждённый прайс с артикулом"
"public-b9e2a57000a3d862c818238d","Бор алмазный 848 10SF FG","true","true","","","","https://amdgroup.kz/catalog/konusovidnye/848_10sf_fg_bory_almaznye/","P0_COMMERCIAL","NEEDS_OFFICIAL_EVIDENCE","Официальная страница бренда, каталог производителя или подтверждённый прайс с артикулом"
"public-2b6cf392b666826ebb117b93","Бор алмазный 848L 012M FG","true","true","","","","https://amdgroup.kz/catalog/konusovidnye/bory_almaznye_848l_012m_fg/","P0_COMMERCIAL","NEEDS_OFFICIAL_EVIDENCE","Официальная страница бренда, каталог производителя или подтверждённый прайс с артикулом"
"public-afdde1f3029998b3845cc6fe","Бор алмазный 848L 014F FG","true","true","","","","https://amdgroup.kz/catalog/konusovidnye/bory_almaznye_848l_014f_fg/","P0_COMMERCIAL","NEEDS_OFFICIAL_EVIDENCE","Официальная страница бренда, каталог производителя или подтверждённый прайс с артикулом"
"public-5f9f280d92876046d4e9d679","Бор алмазный 848L 014M FG","true","true","","","","https://amdgroup.kz/catalog/konusovidnye/bory_almaznye_848l_014m_fg/","P0_COMMERCIAL","NEEDS_OFFICIAL_EVIDENCE","Официальная страница бренда, каталог производителя или подтверждённый прайс с артикулом"
"public-e5afebf5b477718fd3a30d50","Бор алмазный 848L 014SC FG","true","true","","","","https://amdgroup.kz/catalog/konusovidnye/bory_almaznye_848l_014sc_fg/","P0_COMMERCIAL","NEEDS_OFFICIAL_EVIDENCE","Официальная страница бренда, каталог производителя или подтверждённый прайс с артикулом"
"public-e2daecd544b55fe2c5b97c95","Бор алмазный 848L 016C FG","true","true","","","","https://amdgroup.kz/catalog/konusovidnye/bory_almaznye_848l_016c_fg/","P0_COMMERCIAL","NEEDS_OFFICIAL_EVIDENCE","Официальная страница бренда, каталог производителя или подтверждённый прайс с артикулом"
"public-6342dcf5d43b15e2fed272a3","Бор алмазный 848L 016SC FG","true","true","","","","https://amdgroup.kz/catalog/konusovidnye/bory_almaznye_848l_016sc_fg/","P0_COMMERCIAL","NEEDS_OFFICIAL_EVIDENCE","Официальная страница бренда, каталог производителя или подтверждённый прайс с артикулом"
"public-ea62d294e4922357c3bd3994","Бор алмазный 848L 018 M KONUS S PLOSKIM KONTSOM DLINNYY SREDNYAYA","true","true","","","","https://amdgroup.kz/catalog/konusovidnye/bory_almaznye_848l_018_m_konus_s_ploskim_kontsom_dlinnyy_srednyaya/","P0_COMMERCIAL","NEEDS_OFFICIAL_EVIDENCE","Официальная страница бренда, каталог производителя или подтверждённый прайс с артикулом"
"public-feda92cb87f407af5ac2ce23","Бор алмазный 848L 018C FG","true","true","","","","https://amdgroup.kz/catalog/konusovidnye/bory_almaznye_848l_018c_fg/","P0_COMMERCIAL","NEEDS_OFFICIAL_EVIDENCE","Официальная страница бренда, каталог производителя или подтверждённый прайс с артикулом"
"public-86b6c7d804b9add3c0339846","Бор алмазный 848L 018SC FG","true","true","","","","https://amdgroup.kz/catalog/konusovidnye/bory_almaznye_848l_018sc_fg/","P0_COMMERCIAL","NEEDS_OFFICIAL_EVIDENCE","Официальная страница бренда, каталог производителя или подтверждённый прайс с артикулом"
"public-4ba04f952d8024ad665e8331","Бор алмазный 849 009C FG","true","true","","","","https://amdgroup.kz/catalog/konusovidnye/bory_almaznye_849_009c_fg/","P0_COMMERCIAL","NEEDS_OFFICIAL_EVIDENCE","Официальная страница бренда, каталог производителя или подтверждённый прайс с артикулом"
"public-cfcfe83e5e1df22a4f507e4a","Бор алмазный 849 009F FG","true","true","","","","https://amdgroup.kz/catalog/konusovidnye/bory_almaznye_849_009f_fg/","P0_COMMERCIAL","NEEDS_OFFICIAL_EVIDENCE","Официальная страница бренда, каталог производителя или подтверждённый прайс с артикулом"
"public-87e59984472cce0c17b8249c","Бор алмазный 849 009M FG","true","true","","","","https://amdgroup.kz/catalog/konusovidnye/bory_almaznye_849_009m_fg/","P0_COMMERCIAL","NEEDS_OFFICIAL_EVIDENCE","Официальная страница бренда, каталог производителя или подтверждённый прайс с артикулом"
"public-cb5b41da1551440661a9dc05","Бор алмазный 849 010C FG","true","true","","","","https://amdgroup.kz/catalog/konusovidnye/bory_almaznye_849_010c_fg/","P0_COMMERCIAL","NEEDS_OFFICIAL_EVIDENCE","Официальная страница бренда, каталог производителя или подтверждённый прайс с артикулом"
"public-6c5f24ae0632c5ea489916fa","Бор алмазный 849 010F FG","true","true","","","","https://amdgroup.kz/catalog/konusovidnye/bory_almaznye_849_010f_fg/","P0_COMMERCIAL","NEEDS_OFFICIAL_EVIDENCE","Официальная страница бренда, каталог производителя или подтверждённый прайс с артикулом"
"public-a9e0524ac3efb820a4c1f81e","Бор алмазный 849 010M FG","true","true","","","","https://amdgroup.kz/catalog/konusovidnye/bory_almaznye_849_010m_fg/","P0_COMMERCIAL","NEEDS_OFFICIAL_EVIDENCE","Официальная страница бренда, каталог производителя или подтверждённый прайс с артикулом"
"public-85e574581bc86bceab22ecbb","Бор алмазный 849 010SF FG","true","true","","","","https://amdgroup.kz/catalog/konusovidnye/bory_almaznye_849_010sf_fg/","P0_COMMERCIAL","NEEDS_OFFICIAL_EVIDENCE","Официальная страница бренда, каталог производителя или подтверждённый прайс с артикулом"
"public-6b95413210f4ab8c63fe92bf","Бор алмазный 849 012C FG","true","true","","","","https://amdgroup.kz/catalog/konusovidnye/bory_almaznye_849_012c_fg/","P0_COMMERCIAL","NEEDS_OFFICIAL_EVIDENCE","Официальная страница бренда, каталог производителя или подтверждённый прайс с артикулом"
"public-f3b05b2d4e67d8345ac9c636","Бор алмазный 849 012F FG","true","true","","","","https://amdgroup.kz/catalog/konusovidnye/bory_almaznye_849_012f_fg/","P0_COMMERCIAL","NEEDS_OFFICIAL_EVIDENCE","Официальная страница бренда, каталог производителя или подтверждённый прайс с артикулом"
"public-9811f28c6a25f874dc667a8b","Бор алмазный 849 012M FG","true","true","","","","https://amdgroup.kz/catalog/konusovidnye/bory_almaznye_849_012m_fg/","P0_COMMERCIAL","NEEDS_OFFICIAL_EVIDENCE","Официальная страница бренда, каталог производителя или подтверждённый прайс с артикулом"
"public-e208972f75e04b7c6eb12fff","Бор алмазный 849 014C FG","true","true","","","","https://amdgroup.kz/catalog/konusovidnye/bory_almaznye_849_014c_fg/","P0_COMMERCIAL","NEEDS_OFFICIAL_EVIDENCE","Официальная страница бренда, каталог производителя или подтверждённый прайс с артикулом"
"public-9aa1169873c2bad24ec45494","Бор алмазный 849 016C FG","true","true","","","","https://amdgroup.kz/catalog/konusovidnye/bory_almaznye_849_016c_fg/","P0_COMMERCIAL","NEEDS_OFFICIAL_EVIDENCE","Официальная страница бренда, каталог производителя или подтверждённый прайс с артикулом"
"public-d91f0a13bae27e9d84c66ded","Бор алмазный 850 010 F BOR","true","true","","","","https://amdgroup.kz/catalog/konusovidnye/850_010_f_bor/","P0_COMMERCIAL","NEEDS_OFFICIAL_EVIDENCE","Официальная страница бренда, каталог производителя или подтверждённый прайс с артикулом"
"public-0a78410d1f3d0115a4af023f","Бор алмазный 850 010 M 2","true","true","","","","https://amdgroup.kz/catalog/konusovidnye/bory_almaznye_850_010_m_2_/","P0_COMMERCIAL","NEEDS_OFFICIAL_EVIDENCE","Официальная страница бренда, каталог производителя или подтверждённый прайс с артикулом"
"public-511b88356fc9622f0ff6ee52","Бор алмазный 850 010C FG","true","true","","","","https://amdgroup.kz/catalog/konusovidnye/bory_almaznye_850_010c_fg/","P0_COMMERCIAL","NEEDS_OFFICIAL_EVIDENCE","Официальная страница бренда, каталог производителя или подтверждённый прайс с артикулом"
"public-4d2e10e25dff430b57b8dc4e","Бор алмазный 850 010F FG","true","true","","","","https://amdgroup.kz/catalog/konusovidnye/bory_almaznye_850_010f_fg/","P0_COMMERCIAL","NEEDS_OFFICIAL_EVIDENCE","Официальная страница бренда, каталог производителя или подтверждённый прайс с артикулом"
"public-6692c893fb923b2af574fac7","Бор алмазный 850 010SF FG","true","true","","","","https://amdgroup.kz/catalog/konusovidnye/bory_almaznye_850_010sf_fg/","P0_COMMERCIAL","NEEDS_OFFICIAL_EVIDENCE","Официальная страница бренда, каталог производителя или подтверждённый прайс с артикулом"
"public-bc494d2e016da00568a4fbc3","Бор алмазный 850 012 M FG","true","true","","","","https://amdgroup.kz/catalog/konusovidnye/bory_almaznye_850_012_m_fg/","P0_COMMERCIAL","NEEDS_OFFICIAL_EVIDENCE","Официальная страница бренда, каталог производителя или подтверждённый прайс с артикулом"
"public-3d1edd357bfb1acb83ea19af","Бор алмазный 850 012C FG KONUS S KRUGLYM KONTSOM KRUPNAYA","true","true","","","","https://amdgroup.kz/catalog/konusovidnye/bory_almaznye_850_012c_fg_konus_s_kruglym_kontsom_krupnaya/","P0_COMMERCIAL","NEEDS_OFFICIAL_EVIDENCE","Официальная страница бренда, каталог производителя или подтверждённый прайс с артикулом"
"public-1cb6901ad303c65f123fa588","Бор алмазный 850 012F FG","true","true","","","","https://amdgroup.kz/catalog/konusovidnye/bory_almaznye_850_012f_fg/","P0_COMMERCIAL","NEEDS_OFFICIAL_EVIDENCE","Официальная страница бренда, каталог производителя или подтверждённый прайс с артикулом"
"public-5534a7448a22a02b8e3c26ae","Бор алмазный 850 012SF FG","true","true","","","","https://amdgroup.kz/catalog/konusovidnye/bory_almaznye_850_012sf_fg/","P0_COMMERCIAL","NEEDS_OFFICIAL_EVIDENCE","Официальная страница бренда, каталог производителя или подтверждённый прайс с артикулом"
"public-736f5fce9f5b1c993e8ea3e9","Бор алмазный 850 014C FG","true","true","","","","https://amdgroup.kz/catalog/konusovidnye/bory_almaznye_850_014c_fg/","P0_COMMERCIAL","NEEDS_OFFICIAL_EVIDENCE","Официальная страница бренда, каталог производителя или подтверждённый прайс с артикулом"
"public-2c1a9ffa494efb9d3e57077e","Бор алмазный 850 014F FG","true","true","","","","https://amdgroup.kz/catalog/konusovidnye/bory_almaznye_850_014f_fg/","P0_COMMERCIAL","NEEDS_OFFICIAL_EVIDENCE","Официальная страница бренда, каталог производителя или подтверждённый прайс с артикулом"
"public-c42a0645e01de87ef2729a04","Бор алмазный 850 014M FG","true","true","","","","https://amdgroup.kz/catalog/konusovidnye/bory_almaznye_850_014m_fg/","P0_COMMERCIAL","NEEDS_OFFICIAL_EVIDENCE","Официальная страница бренда, каталог производителя или подтверждённый прайс с артикулом"
"public-4d6e643f0c483afb35683e2d","Бор алмазный 850 014SC FG","true","true","","","","https://amdgroup.kz/catalog/konusovidnye/bory_almaznye_850_014sc_fg/","P0_COMMERCIAL","NEEDS_OFFICIAL_EVIDENCE","Официальная страница бренда, каталог производителя или подтверждённый прайс с артикулом"
"public-48b6ab01475e9938e420cc5c","Бор алмазный 850 014SF FG","true","true","","","","https://amdgroup.kz/catalog/konusovidnye/bory_almaznye_850_014sf_fg/","P0_COMMERCIAL","NEEDS_OFFICIAL_EVIDENCE","Официальная страница бренда, каталог производителя или подтверждённый прайс с артикулом"
"public-c1ee7b076f98e2c6c00f81e6","Бор алмазный 850 016C FG","true","true","","","","https://amdgroup.kz/catalog/konusovidnye/bory_almaznye_850_016c_fg/","P0_COMMERCIAL","NEEDS_OFFICIAL_EVIDENCE","Официальная страница бренда, каталог производителя или подтверждённый прайс с артикулом"
"public-bf8b9ea8ee01327816302cf9","Бор алмазный 850 016F FG KRUGLYY","true","true","","","","https://amdgroup.kz/catalog/konusovidnye/bory_almaznye_850_016f_fg_kruglyy_/","P0_COMMERCIAL","NEEDS_OFFICIAL_EVIDENCE","Официальная страница бренда, каталог производителя или подтверждённый прайс с артикулом"
"public-bd35fc25a238461730e13bdb","Бор алмазный 850 016M FG","true","true","","","","https://amdgroup.kz/catalog/konusovidnye/bory_almaznye_850_016m_fg/","P0_COMMERCIAL","NEEDS_OFFICIAL_EVIDENCE","Официальная страница бренда, каталог производителя или подтверждённый прайс с артикулом"
"public-082d8e3e1e2a1e62bb744acb","Бор алмазный 850 016SF FG","true","true","","","","https://amdgroup.kz/catalog/konusovidnye/bory_almaznye_850_016sf_fg/","P0_COMMERCIAL","NEEDS_OFFICIAL_EVIDENCE","Официальная страница бренда, каталог производителя или подтверждённый прайс с артикулом"
"public-44128102b654716b51311c65","Бор алмазный 850 018C FG","true","true","","","","https://amdgroup.kz/catalog/konusovidnye/bory_almaznye_850_018c_fg/","P0_COMMERCIAL","NEEDS_OFFICIAL_EVIDENCE","Официальная страница бренда, каталог производителя или подтверждённый прайс с артикулом"
"public-842cf38e0056323408207fb1","Бор алмазный 850 018SC FG","true","true","","","","https://amdgroup.kz/catalog/konusovidnye/850_018sc_fg_bory_almaznye/","P0_COMMERCIAL","NEEDS_OFFICIAL_EVIDENCE","Официальная страница бренда, каталог производителя или подтверждённый прайс с артикулом"
"public-3f54c946cb6d7e7407dd5122","Бор алмазный 850 023 F KONUS S KRUGLYM KONTSOM MELKAYA","true","true","","","","https://amdgroup.kz/catalog/konusovidnye/bory_almaznye_850_023_f_konus_s_kruglym_kontsom_melkaya/","P0_COMMERCIAL","NEEDS_OFFICIAL_EVIDENCE","Официальная страница бренда, каталог производителя или подтверждённый прайс с артикулом"
"public-ec13168781aed3c1835ae29a","Бор алмазный 850 023C FG","true","true","","","","https://amdgroup.kz/catalog/konusovidnye/bory_almaznye_850_023c_fg/","P0_COMMERCIAL","NEEDS_OFFICIAL_EVIDENCE","Официальная страница бренда, каталог производителя или подтверждённый прайс с артикулом"
"public-5be228d46cf130fdcf37fc14","Бор алмазный 850KR 014C FG","true","true","","","","https://amdgroup.kz/catalog/konusovidnye/bory_almaznye_850kr_014c_fg/","P0_COMMERCIAL","NEEDS_OFFICIAL_EVIDENCE","Официальная страница бренда, каталог производителя или подтверждённый прайс с артикулом"
"public-287b387f216aaa98a3ecb06d","Бор алмазный 850KR 014M FG","true","true","","","","https://amdgroup.kz/catalog/konusovidnye/bory_almaznye_850kr_014m_fg/","P0_COMMERCIAL","NEEDS_OFFICIAL_EVIDENCE","Официальная страница бренда, каталог производителя или подтверждённый прайс с артикулом"
"public-2dcb115990bc98a20885b4c4","Бор алмазный 850KR 014SC FG","true","true","","","","https://amdgroup.kz/catalog/konusovidnye/bory_almaznye_850kr_014sc_fg/","P0_COMMERCIAL","NEEDS_OFFICIAL_EVIDENCE","Официальная страница бренда, каталог производителя или подтверждённый прайс с артикулом"
"public-6c053124689fff4a2e51ede1","Бор алмазный 850KR 018C FG","true","true","","","","https://amdgroup.kz/catalog/konusovidnye/bory_almaznye_850kr_018c_fg/","P0_COMMERCIAL","NEEDS_OFFICIAL_EVIDENCE","Официальная страница бренда, каталог производителя или подтверждённый прайс с артикулом"
"public-be8e6589260420555afe4bb9","Бор алмазный 850KR 018M FG","true","true","","","","https://amdgroup.kz/catalog/konusovidnye/bory_almaznye_850kr_018m_fg/","P0_COMMERCIAL","NEEDS_OFFICIAL_EVIDENCE","Официальная страница бренда, каталог производителя или подтверждённый прайс с артикулом"
"public-270065195147d76771d4d1c3","Бор алмазный 850KR 018SC FG","true","true","","","","https://amdgroup.kz/catalog/konusovidnye/bory_almaznye_850kr_018sc_fg/","P0_COMMERCIAL","NEEDS_OFFICIAL_EVIDENCE","Официальная страница бренда, каталог производителя или подтверждённый прайс с артикулом"
"public-c856c21b2293dbfbbbd6e1c2","Бор алмазный 850L 012C FG","true","true","","","","https://amdgroup.kz/catalog/konusovidnye/bory_almaznye_850l_012c_fg/","P0_COMMERCIAL","NEEDS_OFFICIAL_EVIDENCE","Официальная страница бренда, каталог производителя или подтверждённый прайс с артикулом"
"public-efc6af2bc7f56f7a1c282c21","Бор алмазный 850L 012F FG","true","true","","","","https://amdgroup.kz/catalog/konusovidnye/bory_almaznye_850l_012f_fg/","P0_COMMERCIAL","NEEDS_OFFICIAL_EVIDENCE","Официальная страница бренда, каталог производителя или подтверждённый прайс с артикулом"
"public-7fa66907f3129584a849721e","Бор алмазный 850L 012M FG","true","true","","","","https://amdgroup.kz/catalog/konusovidnye/bory_almaznye_850l_012m_fg/","P0_COMMERCIAL","NEEDS_OFFICIAL_EVIDENCE","Официальная страница бренда, каталог производителя или подтверждённый прайс с артикулом"
"public-d2ae7390806f765acea3e4f8","Бор алмазный 850L 012SF FG","true","true","","","","https://amdgroup.kz/catalog/konusovidnye/bory_almaznye_850l_012sf_fg/","P0_COMMERCIAL","NEEDS_OFFICIAL_EVIDENCE","Официальная страница бренда, каталог производителя или подтверждённый прайс с артикулом"
"public-935be80b383977b28a5cdd0d","Бор алмазный 850L 014C FG","true","true","","","","https://amdgroup.kz/catalog/konusovidnye/bory_almaznye_850l_014c_fg/","P0_COMMERCIAL","NEEDS_OFFICIAL_EVIDENCE","Официальная страница бренда, каталог производителя или подтверждённый прайс с артикулом"
"public-fcf7d231cf9b871e801bfd3d","Бор алмазный 850L 014F FG","true","true","","","","https://amdgroup.kz/catalog/konusovidnye/bory_almaznye_850l_014f_fg/","P0_COMMERCIAL","NEEDS_OFFICIAL_EVIDENCE","Официальная страница бренда, каталог производителя или подтверждённый прайс с артикулом"
"public-feff82a9cbf2141e04dfd163","Бор алмазный 850L 014M FG","true","true","","","","https://amdgroup.kz/catalog/konusovidnye/bory_almaznye_850l_014m_fg/","P0_COMMERCIAL","NEEDS_OFFICIAL_EVIDENCE","Официальная страница бренда, каталог производителя или подтверждённый прайс с артикулом"
"public-ac864b803fee684ddf53d301","Бор алмазный 850L 014SC FG","true","true","","","","https://amdgroup.kz/catalog/konusovidnye/bory_almaznye_850l_014sc_fg/","P0_COMMERCIAL","NEEDS_OFFICIAL_EVIDENCE","Официальная страница бренда, каталог производителя или подтверждённый прайс с артикулом"
"public-3b9a00be35ebc2189414d925","Бор алмазный 850L 014SF FG","true","true","","","","https://amdgroup.kz/catalog/konusovidnye/bory_almaznye_850l_014sf_fg/","P0_COMMERCIAL","NEEDS_OFFICIAL_EVIDENCE","Официальная страница бренда, каталог производителя или подтверждённый прайс с артикулом"
"public-9b229cbbf9fb218e2ad21642","Бор алмазный 850L 016C FG","true","true","","","","https://amdgroup.kz/catalog/konusovidnye/bory_almaznye_850l_016c_fg/","P0_COMMERCIAL","NEEDS_OFFICIAL_EVIDENCE","Официальная страница бренда, каталог производителя или подтверждённый прайс с артикулом"
"public-6ef88fd937c8f2adb91c475e","Бор алмазный 850L 016F FG","true","true","","","","https://amdgroup.kz/catalog/konusovidnye/bory_almaznye_850l_016f_fg/","P0_COMMERCIAL","NEEDS_OFFICIAL_EVIDENCE","Официальная страница бренда, каталог производителя или подтверждённый прайс с артикулом"
"public-d2f035e1f951fa9710cdfd33","Бор алмазный 850L 016M FG","true","true","","","","https://amdgroup.kz/catalog/konusovidnye/bory_almaznye_850l_016m_fg/","P0_COMMERCIAL","NEEDS_OFFICIAL_EVIDENCE","Официальная страница бренда, каталог производителя или подтверждённый прайс с артикулом"
"public-a3a5a3c86f90f7259439c07f","Бор алмазный 850L 016SC FG","true","true","","","","https://amdgroup.kz/catalog/konusovidnye/bory_almaznye_850l_016sc_fg/","P0_COMMERCIAL","NEEDS_OFFICIAL_EVIDENCE","Официальная страница бренда, каталог производителя или подтверждённый прайс с артикулом"
"public-544611b5d40745711f54442c","Бор алмазный 850L 018C FG","true","true","","","","https://amdgroup.kz/catalog/konusovidnye/bory_almaznye_850l_018c_fg/","P0_COMMERCIAL","NEEDS_OFFICIAL_EVIDENCE","Официальная страница бренда, каталог производителя или подтверждённый прайс с артикулом"
"public-a6f70a37ac345a6c05e31559","Бор алмазный 850L 018M FG","true","true","","","","https://amdgroup.kz/catalog/konusovidnye/bory_almaznye_850l_018m_fg/","P0_COMMERCIAL","NEEDS_OFFICIAL_EVIDENCE","Официальная страница бренда, каталог производителя или подтверждённый прайс с артикулом"
"public-d38fbd4184c103bdf9be29a4","Бор алмазный 851 010F FG","true","true","","","","https://amdgroup.kz/catalog/konusovidnye/bory_almaznye_851_010f_fg/","P0_COMMERCIAL","NEEDS_OFFICIAL_EVIDENCE","Официальная страница бренда, каталог производителя или подтверждённый прайс с артикулом"
"public-f9e093a812662af7a60db088","Бор алмазный 851 010M FG","true","true","","","","https://amdgroup.kz/catalog/konusovidnye/bory_almaznye_851_010m_fg/","P0_COMMERCIAL","NEEDS_OFFICIAL_EVIDENCE","Официальная страница бренда, каталог производителя или подтверждённый прайс с артикулом"
"public-3cc69f6c8d697cfb10a8fe4b","Бор алмазный 851 012C FG","true","true","","","","https://amdgroup.kz/catalog/konusovidnye/bory_almaznye_851_012c_fg/","P0_COMMERCIAL","NEEDS_OFFICIAL_EVIDENCE","Официальная страница бренда, каталог производителя или подтверждённый прайс с артикулом"
"public-ef0d1aa71478cc7b713ca465","Бор алмазный 851 012F","true","true","","","","https://amdgroup.kz/catalog/konusovidnye/851_012f_bory_almaznye/","P0_COMMERCIAL","NEEDS_OFFICIAL_EVIDENCE","Официальная страница бренда, каталог производителя или подтверждённый прайс с артикулом"
"public-6b3376f8848d4f97d902b1f7","Бор алмазный 851 012F FG","true","true","","","","https://amdgroup.kz/catalog/konusovidnye/bory_almaznye_851_012f_fg_/","P0_COMMERCIAL","NEEDS_OFFICIAL_EVIDENCE","Официальная страница бренда, каталог производителя или подтверждённый прайс с артикулом"
"public-e50a6f09d96b0187ec8d0dbb","Бор алмазный 851 012M FG","true","true","","","","https://amdgroup.kz/catalog/konusovidnye/bory_almaznye_851_012m_fg/","P0_COMMERCIAL","NEEDS_OFFICIAL_EVIDENCE","Официальная страница бренда, каталог производителя или подтверждённый прайс с артикулом"
"public-11dc9453d533a763e2244835","Бор алмазный 851 016C FG","true","true","","","","https://amdgroup.kz/catalog/konusovidnye/bory_almaznye_851_016c_fg/","P0_COMMERCIAL","NEEDS_OFFICIAL_EVIDENCE","Официальная страница бренда, каталог производителя или подтверждённый прайс с артикулом"
"public-9be6b022e58a99f85c9eb89f","Бор алмазный 852 007M KID","true","true","","","","https://amdgroup.kz/catalog/konusovidnye/bory_almaznye_852_007m_kid/","P0_COMMERCIAL","NEEDS_OFFICIAL_EVIDENCE","Официальная страница бренда, каталог производителя или подтверждённый прайс с артикулом"
"public-de04e523fbbb3dee6d785467","Бор алмазный 852 010 F","true","true","","","","https://amdgroup.kz/catalog/konusovidnye/852_010_f_/","P0_COMMERCIAL","NEEDS_OFFICIAL_EVIDENCE","Официальная страница бренда, каталог производителя или подтверждённый прайс с артикулом"
"public-e8c8d2529ff09a9b2666e60d","Бор алмазный 852 010F FG","true","true","","","","https://amdgroup.kz/catalog/konusovidnye/bory_almaznye_852_010f_fg/","P0_COMMERCIAL","NEEDS_OFFICIAL_EVIDENCE","Официальная страница бренда, каталог производителя или подтверждённый прайс с артикулом"
"public-575632011d91fa70ea482f71","Бор алмазный 852 010M FG","true","true","","","","https://amdgroup.kz/catalog/konusovidnye/bory_almaznye_852_010m_fg/","P0_COMMERCIAL","NEEDS_OFFICIAL_EVIDENCE","Официальная страница бренда, каталог производителя или подтверждённый прайс с артикулом"
"public-6fed4afa8b8d72c994e925fc","Бор алмазный 852 010SF FG","true","true","","","","https://amdgroup.kz/catalog/konusovidnye/bory_almaznye_852_010sf_fg/","P0_COMMERCIAL","NEEDS_OFFICIAL_EVIDENCE","Официальная страница бренда, каталог производителя или подтверждённый прайс с артикулом"
"public-9103210d1367d3f3bf065f31","Бор алмазный 852 012C FG","true","true","","","","https://amdgroup.kz/catalog/konusovidnye/bory_almaznye_852_012c_fg/","P0_COMMERCIAL","NEEDS_OFFICIAL_EVIDENCE","Официальная страница бренда, каталог производителя или подтверждённый прайс с артикулом"
"public-2fdee78be1fb0f29ee226789","Бор алмазный 852 012F FG","true","true","","","","https://amdgroup.kz/catalog/konusovidnye/bory_almaznye_852_012f_fg/","P0_COMMERCIAL","NEEDS_OFFICIAL_EVIDENCE","Официальная страница бренда, каталог производителя или подтверждённый прайс с артикулом"
"public-9cf1f80f8bc2c344f71c3e49","Бор алмазный 852 012M FG","true","true","","","","https://amdgroup.kz/catalog/konusovidnye/852_012m_fg_bory_almaznye/","P0_COMMERCIAL","NEEDS_OFFICIAL_EVIDENCE","Официальная страница бренда, каталог производителя или подтверждённый прайс с артикулом"
"public-30606ba6ded3b10ae39a77d6","Бор алмазный 852 012SF FG","true","true","","","","https://amdgroup.kz/catalog/konusovidnye/bory_almaznye_852_012sf_fg/","P0_COMMERCIAL","NEEDS_OFFICIAL_EVIDENCE","Официальная страница бренда, каталог производителя или подтверждённый прайс с артикулом"
"public-565c69e4cff4e9c2c0703206","Бор алмазный 852 016F FG","true","true","","","","https://amdgroup.kz/catalog/konusovidnye/852_016f_fg/","P0_COMMERCIAL","NEEDS_OFFICIAL_EVIDENCE","Официальная страница бренда, каталог производителя или подтверждённый прайс с артикулом"
"public-7122966b75b5e68c1f3cf2fe","Бор алмазный 852 023M FG","true","true","","","","https://amdgroup.kz/catalog/konusovidnye/bory_almaznye_852_023m_fg/","P0_COMMERCIAL","NEEDS_OFFICIAL_EVIDENCE","Официальная страница бренда, каталог производителя или подтверждённый прайс с артикулом"
"public-e9f0334044c3617539c604f2","Бор алмазный 855 012C FG","true","true","","","","https://amdgroup.kz/catalog/konusovidnye/bory_almaznye_855_012c_fg/","P0_COMMERCIAL","NEEDS_OFFICIAL_EVIDENCE","Официальная страница бренда, каталог производителя или подтверждённый прайс с артикулом"
"public-f5b0fc4c2d55b5cae0aef9a5","Бор алмазный 855 012F FG","true","true","","","","https://amdgroup.kz/catalog/konusovidnye/bory_almaznye_855_012f_fg/","P0_COMMERCIAL","NEEDS_OFFICIAL_EVIDENCE","Официальная страница бренда, каталог производителя или подтверждённый прайс с артикулом"
"public-6ec305a17717ca48b6f41c8c","Бор алмазный 855 012M FG","true","true","","","","https://amdgroup.kz/catalog/konusovidnye/bory_almaznye_855_012m_fg/","P0_COMMERCIAL","NEEDS_OFFICIAL_EVIDENCE","Официальная страница бренда, каталог производителя или подтверждённый прайс с артикулом"
"public-e692d241aae4669e622400d9","Бор алмазный 855 014C FG","true","true","","","","https://amdgroup.kz/catalog/konusovidnye/bory_almaznye_855_014c_fg/","P0_COMMERCIAL","NEEDS_OFFICIAL_EVIDENCE","Официальная страница бренда, каталог производителя или подтверждённый прайс с артикулом"
"public-dd2e50f12e6dea103ef8f303","Бор алмазный 855 014F FG","true","true","","","","https://amdgroup.kz/catalog/konusovidnye/bory_almaznye_855_014f_fg/","P0_COMMERCIAL","NEEDS_OFFICIAL_EVIDENCE","Официальная страница бренда, каталог производителя или подтверждённый прайс с артикулом"
"public-f581d1f9ff540d2de25c87e6","Бор алмазный 855 014SF FG","true","true","","","","https://amdgroup.kz/catalog/konusovidnye/bory_almaznye_855_014sf_fg/","P0_COMMERCIAL","NEEDS_OFFICIAL_EVIDENCE","Официальная страница бренда, каталог производителя или подтверждённый прайс с артикулом"
"public-1b45ae500a00964419bdd7d9","Бор алмазный 855 018SC","true","true","","","","https://amdgroup.kz/catalog/konusovidnye/855_018sc/","P0_COMMERCIAL","NEEDS_OFFICIAL_EVIDENCE","Официальная страница бренда, каталог производителя или подтверждённый прайс с артикулом"
"public-7caa87ff12f231729a6bdfc0","Бор алмазный 855 025 TSC","true","true","","","","https://amdgroup.kz/catalog/konusovidnye/bory_almaznye_855_025_tsc/","P0_COMMERCIAL","NEEDS_OFFICIAL_EVIDENCE","Официальная страница бренда, каталог производителя или подтверждённый прайс с артикулом"
"public-9c6e7b5e2d4f472b82034c21","Бор алмазный 855 025C FG","true","true","","","","https://amdgroup.kz/catalog/konusovidnye/bory_almaznye_855_025c_fg/","P0_COMMERCIAL","NEEDS_OFFICIAL_EVIDENCE","Официальная страница бренда, каталог производителя или подтверждённый прайс с артикулом"
"public-483a034ea7bd7b0b089ff149","Бор алмазный 855 025M FG","true","true","","","","https://amdgroup.kz/catalog/konusovidnye/bory_almaznye_855_025m_fg/","P0_COMMERCIAL","NEEDS_OFFICIAL_EVIDENCE","Официальная страница бренда, каталог производителя или подтверждённый прайс с артикулом"
"public-4f419ca55359456cff8a66d3","Бор алмазный 856 009F FG","true","true","","","","https://amdgroup.kz/catalog/konusovidnye/bory_almaznye_856_009f_fg/","P0_COMMERCIAL","NEEDS_OFFICIAL_EVIDENCE","Официальная страница бренда, каталог производителя или подтверждённый прайс с артикулом"
"public-1af7ec741358ca763e640f99","Бор алмазный 856 009M FG","true","true","","","","https://amdgroup.kz/catalog/konusovidnye/bory_almaznye_856_009m_fg/","P0_COMMERCIAL","NEEDS_OFFICIAL_EVIDENCE","Официальная страница бренда, каталог производителя или подтверждённый прайс с артикулом"
"public-8cb48455b991ebcf31cb0899","Бор алмазный 856 009SF FG","true","true","","","","https://amdgroup.kz/catalog/konusovidnye/bory_almaznye_856_009sf_fg/","P0_COMMERCIAL","NEEDS_OFFICIAL_EVIDENCE","Официальная страница бренда, каталог производителя или подтверждённый прайс с артикулом"
"public-7463b65d4308eb9e0339cd64","Бор алмазный 856 010F FG","true","true","","","","https://amdgroup.kz/catalog/konusovidnye/bory_almaznye_856_010f_fg/","P0_COMMERCIAL","NEEDS_OFFICIAL_EVIDENCE","Официальная страница бренда, каталог производителя или подтверждённый прайс с артикулом"
"public-e0e5b2718e38b5870c255a4b","Бор алмазный 856 010SF FG","true","true","","","","https://amdgroup.kz/catalog/konusovidnye/bory_almaznye_856_010sf_fg/","P0_COMMERCIAL","NEEDS_OFFICIAL_EVIDENCE","Официальная страница бренда, каталог производителя или подтверждённый прайс с артикулом"
"public-2379940647a68d4f5a9e00fa","Бор алмазный 856 012C FG","true","true","","","","https://amdgroup.kz/catalog/konusovidnye/bory_almaznye_856_012c_fg/","P0_COMMERCIAL","NEEDS_OFFICIAL_EVIDENCE","Официальная страница бренда, каталог производителя или подтверждённый прайс с артикулом"
"public-ae1766dc7e8b58e92d16bdf9","Бор алмазный 856 012F FG","true","true","","","","https://amdgroup.kz/catalog/konusovidnye/bory_almaznye_856_012f_fg/","P0_COMMERCIAL","NEEDS_OFFICIAL_EVIDENCE","Официальная страница бренда, каталог производителя или подтверждённый прайс с артикулом"
"public-c4281b0ae5b47dd25bd712f0","Бор алмазный 856 012M","true","true","","","","https://amdgroup.kz/catalog/konusovidnye/856_012m_bory_almaznye/","P0_COMMERCIAL","NEEDS_OFFICIAL_EVIDENCE","Официальная страница бренда, каталог производителя или подтверждённый прайс с артикулом"
"public-a81b44e250aa3cc57389c0b5","Бор алмазный 856 012M FG","true","true","","","","https://amdgroup.kz/catalog/konusovidnye/bory_almaznye_856_012m_fg/","P0_COMMERCIAL","NEEDS_OFFICIAL_EVIDENCE","Официальная страница бренда, каталог производителя или подтверждённый прайс с артикулом"
"public-ad1aed1ae2619d73bfce86c4","Бор алмазный 856 012SF FG","true","true","","","","https://amdgroup.kz/catalog/konusovidnye/bory_almaznye_856_012sf_fg/","P0_COMMERCIAL","NEEDS_OFFICIAL_EVIDENCE","Официальная страница бренда, каталог производителя или подтверждённый прайс с артикулом"
"public-430bee9fedb15232286488f8","Бор алмазный 856 014C FG","true","true","","","","https://amdgroup.kz/catalog/konusovidnye/bory_almaznye_856_014c_fg/","P0_COMMERCIAL","NEEDS_OFFICIAL_EVIDENCE","Официальная страница бренда, каталог производителя или подтверждённый прайс с артикулом"
"public-e72c417e2c9ea467e8f49d85","Бор алмазный 856 014F FG","true","true","","","","https://amdgroup.kz/catalog/konusovidnye/bory_almaznye_856_014f_fg/","P0_COMMERCIAL","NEEDS_OFFICIAL_EVIDENCE","Официальная страница бренда, каталог производителя или подтверждённый прайс с артикулом"
"public-faf414eebf293d01aa1ab379","Бор алмазный 856 014M FG","true","true","","","","https://amdgroup.kz/catalog/konusovidnye/bory_almaznye_856_014m_fg/","P0_COMMERCIAL","NEEDS_OFFICIAL_EVIDENCE","Официальная страница бренда, каталог производителя или подтверждённый прайс с артикулом"
"public-80b9027779e92f39d74d2366","Бор алмазный 856 014SF FG","true","true","","","","https://amdgroup.kz/catalog/konusovidnye/bory_almaznye_856_014sf_fg/","P0_COMMERCIAL","NEEDS_OFFICIAL_EVIDENCE","Официальная страница бренда, каталог производителя или подтверждённый прайс с артикулом"
"public-cf4dbf9254eb926de756791d","Бор алмазный 856 016C FG","true","true","","","","https://amdgroup.kz/catalog/konusovidnye/bory_almaznye_856_016c_fg/","P0_COMMERCIAL","NEEDS_OFFICIAL_EVIDENCE","Официальная страница бренда, каталог производителя или подтверждённый прайс с артикулом"
"public-ac16103a321f1a3c8031ec87","Бор алмазный 856 016F FG","true","true","","","","https://amdgroup.kz/catalog/konusovidnye/bory_almaznye_856_016f_fg/","P0_COMMERCIAL","NEEDS_OFFICIAL_EVIDENCE","Официальная страница бренда, каталог производителя или подтверждённый прайс с артикулом"
"public-04c3f0b1e2ddc801fdee8660","Бор алмазный 856 016M FG","true","true","","","","https://amdgroup.kz/catalog/konusovidnye/bory_almaznye_856_016m_fg/","P0_COMMERCIAL","NEEDS_OFFICIAL_EVIDENCE","Официальная страница бренда, каталог производителя или подтверждённый прайс с артикулом"
"public-190d1e15e498ea33b25f56aa","Бор алмазный 856 016SC FG","true","true","","","","https://amdgroup.kz/catalog/konusovidnye/bory_almaznye_856_016sc_fg/","P0_COMMERCIAL","NEEDS_OFFICIAL_EVIDENCE","Официальная страница бренда, каталог производителя или подтверждённый прайс с артикулом"
"public-f3f4a23dbdf01829f9db1aba","Бор алмазный 856 016SF FG","true","true","","","","https://amdgroup.kz/catalog/konusovidnye/bory_almaznye_856_016sf_fg/","P0_COMMERCIAL","NEEDS_OFFICIAL_EVIDENCE","Официальная страница бренда, каталог производителя или подтверждённый прайс с артикулом"
"public-c5a8fa26f80a4e298808d232","Бор алмазный 856 018C FG","true","true","","","","https://amdgroup.kz/catalog/konusovidnye/bory_almaznye_856_018c_fg/","P0_COMMERCIAL","NEEDS_OFFICIAL_EVIDENCE","Официальная страница бренда, каталог производителя или подтверждённый прайс с артикулом"
"public-c0a45313cfbab8486652d948","Бор алмазный 856 018F FG","true","true","","","","https://amdgroup.kz/catalog/konusovidnye/bory_almaznye_856_018f_fg/","P0_COMMERCIAL","NEEDS_OFFICIAL_EVIDENCE","Официальная страница бренда, каталог производителя или подтверждённый прайс с артикулом"
"public-06169dbae3e22efc48e53937","Бор алмазный 856 018M FG","true","true","","","","https://amdgroup.kz/catalog/konusovidnye/bory_almaznye_856_018m_fg/","P0_COMMERCIAL","NEEDS_OFFICIAL_EVIDENCE","Официальная страница бренда, каталог производителя или подтверждённый прайс с артикулом"
"public-dfff77acfc9a1cc5ac7c99db","Бор алмазный 856 018SC FG","true","true","","","","https://amdgroup.kz/catalog/konusovidnye/bory_almaznye_856_018sc_fg/","P0_COMMERCIAL","NEEDS_OFFICIAL_EVIDENCE","Официальная страница бренда, каталог производителя или подтверждённый прайс с артикулом"
"public-fb0aee49303aaf8a7aed2b92","Бор алмазный 856 021F FG","true","true","","","","https://amdgroup.kz/catalog/konusovidnye/bory_almaznye_856_021f_fg/","P0_COMMERCIAL","NEEDS_OFFICIAL_EVIDENCE","Официальная страница бренда, каталог производителя или подтверждённый прайс с артикулом"
"public-1b2a6d512b711a773f022b71","Бор алмазный 856 021M FG","true","true","","","","https://amdgroup.kz/catalog/konusovidnye/bory_almaznye_856_021m_fg/","P0_COMMERCIAL","NEEDS_OFFICIAL_EVIDENCE","Официальная страница бренда, каталог производителя или подтверждённый прайс с артикулом"
"public-1dc770980ebc0d64913846e2","Бор алмазный 856 021SF FG","true","true","","","","https://amdgroup.kz/catalog/konusovidnye/bory_almaznye_856_021sf_fg/","P0_COMMERCIAL","NEEDS_OFFICIAL_EVIDENCE","Официальная страница бренда, каталог производителя или подтверждённый прайс с артикулом"
"public-d79953f9182c759fc8841f7a","Бор алмазный 856 025C FG","true","true","","","","https://amdgroup.kz/catalog/konusovidnye/bory_almaznye_856_025c_fg/","P0_COMMERCIAL","NEEDS_OFFICIAL_EVIDENCE","Официальная страница бренда, каталог производителя или подтверждённый прайс с артикулом"
"public-cea9c5ffd29e91fd5167c6e8","Бор алмазный 856 025F FG","true","true","","","","https://amdgroup.kz/catalog/konusovidnye/bory_almaznye_856_025f_fg/","P0_COMMERCIAL","NEEDS_OFFICIAL_EVIDENCE","Официальная страница бренда, каталог производителя или подтверждённый прайс с артикулом"
"public-fd52487c2c4bc484072d6d49","Бор алмазный 856 025TSC FG","true","true","","","","https://amdgroup.kz/catalog/konusovidnye/856_025tsc_fg_bory_almaznye/","P0_COMMERCIAL","NEEDS_OFFICIAL_EVIDENCE","Официальная страница бренда, каталог производителя или подтверждённый прайс с артикулом"
"public-f348f14ec1c5c5f26ab3201c","Бор алмазный 856L 014C FG","true","true","","","","https://amdgroup.kz/catalog/konusovidnye/bory_almaznye_856l_014c_fg/","P0_COMMERCIAL","NEEDS_OFFICIAL_EVIDENCE","Официальная страница бренда, каталог производителя или подтверждённый прайс с артикулом"
"public-2843763ab6d23107cf8952e8","Бор алмазный 856L 014F FG","true","true","","","","https://amdgroup.kz/catalog/konusovidnye/bory_almaznye_856l_014f_fg/","P0_COMMERCIAL","NEEDS_OFFICIAL_EVIDENCE","Официальная страница бренда, каталог производителя или подтверждённый прайс с артикулом"
"public-ddae9f13fbb66a4538957253","Бор алмазный 856L 014M FG","true","true","","","","https://amdgroup.kz/catalog/konusovidnye/bory_almaznye_856l_014m_fg/","P0_COMMERCIAL","NEEDS_OFFICIAL_EVIDENCE","Официальная страница бренда, каталог производителя или подтверждённый прайс с артикулом"
"public-0754f1d53589abf53998c3a8","Бор алмазный 856L 016 M 3 DLIN KONUS S KRUG KONTSOM SREDNYAYA","true","true","","","","https://amdgroup.kz/catalog/konusovidnye/bory_almaznye_856l_016_m_3_dlin_konus_s_krug_kontsom_srednyaya/","P0_COMMERCIAL","NEEDS_OFFICIAL_EVIDENCE","Официальная страница бренда, каталог производителя или подтверждённый прайс с артикулом"
"public-b362595e26c9569a762b04a5","Бор алмазный 856L 016C FG","true","true","","","","https://amdgroup.kz/catalog/konusovidnye/bory_almaznye_856l_016c_fg/","P0_COMMERCIAL","NEEDS_OFFICIAL_EVIDENCE","Официальная страница бренда, каталог производителя или подтверждённый прайс с артикулом"
"public-8b867cd4326061dd1df9aec1","Бор алмазный 856L 016F FG","true","true","","","","https://amdgroup.kz/catalog/konusovidnye/bory_almaznye_856l_016f_fg/","P0_COMMERCIAL","NEEDS_OFFICIAL_EVIDENCE","Официальная страница бренда, каталог производителя или подтверждённый прайс с артикулом"
"public-e7f983da0ee5f726a768fbf9","Бор алмазный 856L 018C FG","true","true","","","","https://amdgroup.kz/catalog/konusovidnye/bory_almaznye_856l_018c_fg/","P0_COMMERCIAL","NEEDS_OFFICIAL_EVIDENCE","Официальная страница бренда, каталог производителя или подтверждённый прайс с артикулом"
"public-8e3a6d1ac40276dee3f7d7e2","Бор алмазный 856L 018F FG","true","true","","","","https://amdgroup.kz/catalog/konusovidnye/bory_almaznye_856l_018f_fg/","P0_COMMERCIAL","NEEDS_OFFICIAL_EVIDENCE","Официальная страница бренда, каталог производителя или подтверждённый прайс с артикулом"
"public-aefeb89ee5ad3eab606cc1d5","Бор алмазный 856L 018M FG","true","true","","","","https://amdgroup.kz/catalog/konusovidnye/bory_almaznye_856l_018m_fg/","P0_COMMERCIAL","NEEDS_OFFICIAL_EVIDENCE","Официальная страница бренда, каталог производителя или подтверждённый прайс с артикулом"
"public-648a2fef8f998778e0ef6b1a","Бор алмазный 856L 020 M 3","true","true","","","","https://amdgroup.kz/catalog/konusovidnye/bory_almaznye_856l_020_m_3_/","P0_COMMERCIAL","NEEDS_OFFICIAL_EVIDENCE","Официальная страница бренда, каталог производителя или подтверждённый прайс с артикулом"
"public-6bcb321d1807d11b48dd03f6","Бор алмазный 857 012C FG","true","true","","","","https://amdgroup.kz/catalog/konusovidnye/bory_almaznye_857_012c_fg/","P0_COMMERCIAL","NEEDS_OFFICIAL_EVIDENCE","Официальная страница бренда, каталог производителя или подтверждённый прайс с артикулом"
"public-d2285aca7a982c41de798b54","Бор алмазный 857 012M FG","true","true","","","","https://amdgroup.kz/catalog/konusovidnye/bory_almaznye_857_012m_fg/","P0_COMMERCIAL","NEEDS_OFFICIAL_EVIDENCE","Официальная страница бренда, каталог производителя или подтверждённый прайс с артикулом"
"public-1aad3c9b5e5288e052679d63","Бор алмазный 857 012SF FG","true","true","","","","https://amdgroup.kz/catalog/konusovidnye/bory_almaznye_857_012sf_fg/","P0_COMMERCIAL","NEEDS_OFFICIAL_EVIDENCE","Официальная страница бренда, каталог производителя или подтверждённый прайс с артикулом"
"public-ec7f34a9d49797e5b5e524a0","Бор алмазный 857 014F FG","true","true","","","","https://amdgroup.kz/catalog/konusovidnye/bory_almaznye_857_014f_fg/","P0_COMMERCIAL","NEEDS_OFFICIAL_EVIDENCE","Официальная страница бренда, каталог производителя или подтверждённый прайс с артикулом"
"public-45a11ac6820a1245aa9395a9","Бор алмазный 857 014M FG","true","true","","","","https://amdgroup.kz/catalog/konusovidnye/bory_almaznye_857_014m_fg/","P0_COMMERCIAL","NEEDS_OFFICIAL_EVIDENCE","Официальная страница бренда, каталог производителя или подтверждённый прайс с артикулом"
"public-c0ff810b6d47b5e0d839c406","Бор алмазный 857 014SC FG","true","true","","","","https://amdgroup.kz/catalog/konusovidnye/bory_almaznye_857_014sc_fg/","P0_COMMERCIAL","NEEDS_OFFICIAL_EVIDENCE","Официальная страница бренда, каталог производителя или подтверждённый прайс с артикулом"
"public-039604cdbd2bedc5163e5a7c","Бор алмазный 857 016C FG","true","true","","","","https://amdgroup.kz/catalog/konusovidnye/bory_almaznye_857_016c_fg/","P0_COMMERCIAL","NEEDS_OFFICIAL_EVIDENCE","Официальная страница бренда, каталог производителя или подтверждённый прайс с артикулом"
"public-ac92923aef568d0cf90e8c6d","Бор алмазный 857 016M FG","true","true","","","","https://amdgroup.kz/catalog/konusovidnye/bory_almaznye_857_016m_fg/","P0_COMMERCIAL","NEEDS_OFFICIAL_EVIDENCE","Официальная страница бренда, каталог производителя или подтверждённый прайс с артикулом"
"public-39d85ded43f24bcb3048deba","Бор алмазный 858 010C FG","true","true","","","","https://amdgroup.kz/catalog/konusovidnye/bory_almaznye_858_010c_fg/","P0_COMMERCIAL","NEEDS_OFFICIAL_EVIDENCE","Официальная страница бренда, каталог производителя или подтверждённый прайс с артикулом"
"public-20c6d4748130a9d4add5b186","Бор алмазный 858 010F FG","true","true","","","","https://amdgroup.kz/catalog/konusovidnye/bory_almaznye_858_010f_fg/","P0_COMMERCIAL","NEEDS_OFFICIAL_EVIDENCE","Официальная страница бренда, каталог производителя или подтверждённый прайс с артикулом"
"public-4ad431816fcf3e4dbc110c1e","Бор алмазный 858 010M FG","true","true","","","","https://amdgroup.kz/catalog/konusovidnye/bory_almaznye_858_010m_fg/","P0_COMMERCIAL","NEEDS_OFFICIAL_EVIDENCE","Официальная страница бренда, каталог производителя или подтверждённый прайс с артикулом"
"public-8946fa26529679991ec1ae59","Бор алмазный 858 010SF FG","true","true","","","","https://amdgroup.kz/catalog/konusovidnye/858_010sf_fg_bory_almaznye/","P0_COMMERCIAL","NEEDS_OFFICIAL_EVIDENCE","Официальная страница бренда, каталог производителя или подтверждённый прайс с артикулом"
"public-3bc1ace78d3a4aeded82913a","Бор алмазный 858 012C FG","true","true","","","","https://amdgroup.kz/catalog/konusovidnye/bory_almaznye_858_012c_fg/","P0_COMMERCIAL","NEEDS_OFFICIAL_EVIDENCE","Официальная страница бренда, каталог производителя или подтверждённый прайс с артикулом"
"public-199065c6027277ebf9192734","Бор алмазный 858 012F FG","true","true","","","","https://amdgroup.kz/catalog/konusovidnye/bory_almaznye_858_012f_fg/","P0_COMMERCIAL","NEEDS_OFFICIAL_EVIDENCE","Официальная страница бренда, каталог производителя или подтверждённый прайс с артикулом"
"public-65c813ffcf80867b3b829322","Бор алмазный 858 014C FG","true","true","","","","https://amdgroup.kz/catalog/konusovidnye/bory_almaznye_858_014c_fg/","P0_COMMERCIAL","NEEDS_OFFICIAL_EVIDENCE","Официальная страница бренда, каталог производителя или подтверждённый прайс с артикулом"
"public-72a9b24790dfd170f88b53d4","Бор алмазный 858 014F FG","true","true","","","","https://amdgroup.kz/catalog/konusovidnye/bory_almaznye_858_014f_fg/","P0_COMMERCIAL","NEEDS_OFFICIAL_EVIDENCE","Официальная страница бренда, каталог производителя или подтверждённый прайс с артикулом"
"public-62e36cb22bdb5c24ac8670f1","Бор алмазный 858 014M FG","true","true","","","","https://amdgroup.kz/catalog/konusovidnye/bory_almaznye_858_014m_fg/","P0_COMMERCIAL","NEEDS_OFFICIAL_EVIDENCE","Официальная страница бренда, каталог производителя или подтверждённый прайс с артикулом"
"public-5ee4efaad3090fbf1eaecdfc","Бор алмазный 858 016C FG","true","true","","","","https://amdgroup.kz/catalog/konusovidnye/bory_almaznye_858_016c_fg/","P0_COMMERCIAL","NEEDS_OFFICIAL_EVIDENCE","Официальная страница бренда, каталог производителя или подтверждённый прайс с артикулом"
"public-33fe86f41a39791e2e9deba4","Бор алмазный 858 016F FG","true","true","","","","https://amdgroup.kz/catalog/konusovidnye/bory_almaznye_858_016f_fg/","P0_COMMERCIAL","NEEDS_OFFICIAL_EVIDENCE","Официальная страница бренда, каталог производителя или подтверждённый прайс с артикулом"
"public-f788cd3e5ccf7ec7846535ed","Бор алмазный 858 016M FG","true","true","","","","https://amdgroup.kz/catalog/konusovidnye/bory_almaznye_858_016m_fg/","P0_COMMERCIAL","NEEDS_OFFICIAL_EVIDENCE","Официальная страница бренда, каталог производителя или подтверждённый прайс с артикулом"
"public-1c8c6264fee7026801f25ec8","Бор алмазный 859 010C FG","true","true","","","","https://amdgroup.kz/catalog/konusovidnye/bory_almaznye_859_010c_fg/","P0_COMMERCIAL","NEEDS_OFFICIAL_EVIDENCE","Официальная страница бренда, каталог производителя или подтверждённый прайс с артикулом"
"public-32f5f6512066945872c02274","Бор алмазный 859 010F FG","true","true","","","","https://amdgroup.kz/catalog/konusovidnye/bory_almaznye_859_010f_fg/","P0_COMMERCIAL","NEEDS_OFFICIAL_EVIDENCE","Официальная страница бренда, каталог производителя или подтверждённый прайс с артикулом"
"public-21e795c6d23d1c116becd262","Бор алмазный 859 010M FG","true","true","","","","https://amdgroup.kz/catalog/konusovidnye/bory_almaznye_859_010m_fg/","P0_COMMERCIAL","NEEDS_OFFICIAL_EVIDENCE","Официальная страница бренда, каталог производителя или подтверждённый прайс с артикулом"
"public-265aa2cfe100299b8e178e60","Бор алмазный 859 010SF FG","true","true","","","","https://amdgroup.kz/catalog/konusovidnye/bory_almaznye_859_010sf_fg/","P0_COMMERCIAL","NEEDS_OFFICIAL_EVIDENCE","Официальная страница бренда, каталог производителя или подтверждённый прайс с артикулом"
"public-2f3e72e03f4a5afe9e90f47d","Бор алмазный 859 012C FG","true","true","","","","https://amdgroup.kz/catalog/konusovidnye/bory_almaznye_859_012c_fg/","P0_COMMERCIAL","NEEDS_OFFICIAL_EVIDENCE","Официальная страница бренда, каталог производителя или подтверждённый прайс с артикулом"
"public-5cd492aad3762248ea3fe464","Бор алмазный 859 012F FG","true","true","","","","https://amdgroup.kz/catalog/konusovidnye/bory_almaznye_859_012f_fg/","P0_COMMERCIAL","NEEDS_OFFICIAL_EVIDENCE","Официальная страница бренда, каталог производителя или подтверждённый прайс с артикулом"
"public-433f2d5ef28474b43bf45375","Бор алмазный 859 012M FG","true","true","","","","https://amdgroup.kz/catalog/konusovidnye/bory_almaznye_859_012m_fg/","P0_COMMERCIAL","NEEDS_OFFICIAL_EVIDENCE","Официальная страница бренда, каталог производителя или подтверждённый прайс с артикулом"
"public-5659868e747ba3d458cb1d78","Бор алмазный 859 012SF FG","true","true","","","","https://amdgroup.kz/catalog/konusovidnye/bory_almaznye_859_012sf_fg/","P0_COMMERCIAL","NEEDS_OFFICIAL_EVIDENCE","Официальная страница бренда, каталог производителя или подтверждённый прайс с артикулом"
"public-d83b4ccfe818b319e20a20c4","Бор алмазный 859 014C FG","true","true","","","","https://amdgroup.kz/catalog/konusovidnye/bory_almaznye_859_014c_fg/","P0_COMMERCIAL","NEEDS_OFFICIAL_EVIDENCE","Официальная страница бренда, каталог производителя или подтверждённый прайс с артикулом"
"public-9ffd9a29dc9a8ef99e7432bc","Бор алмазный 859 014F FG","true","true","","","","https://amdgroup.kz/catalog/konusovidnye/bory_almaznye_859_014f_fg/","P0_COMMERCIAL","NEEDS_OFFICIAL_EVIDENCE","Официальная страница бренда, каталог производителя или подтверждённый прайс с артикулом"
"public-1535fdacea5e57082ef87aff","Бор алмазный 859 014M FG","true","true","","","","https://amdgroup.kz/catalog/konusovidnye/bory_almaznye_859_014m_fg/","P0_COMMERCIAL","NEEDS_OFFICIAL_EVIDENCE","Официальная страница бренда, каталог производителя или подтверждённый прайс с артикулом"
"public-4e1a4cabba4ee186deaa34bd","Бор алмазный 859 014SF FG","true","true","","","","https://amdgroup.kz/catalog/konusovidnye/bory_almaznye_859_014sf_fg/","P0_COMMERCIAL","NEEDS_OFFICIAL_EVIDENCE","Официальная страница бренда, каталог производителя или подтверждённый прайс с артикулом"
"public-6ca6afad35fff2763ff9a792","Бор алмазный 859 016C FG","true","true","","","","https://amdgroup.kz/catalog/konusovidnye/bory_almaznye_859_016c_fg/","P0_COMMERCIAL","NEEDS_OFFICIAL_EVIDENCE","Официальная страница бренда, каталог производителя или подтверждённый прайс с артикулом"
"public-7b2cbde887e75e3d41ee71b5","Бор алмазный 859 016F FG","true","true","","","","https://amdgroup.kz/catalog/konusovidnye/bory_almaznye_859_016f_fg/","P0_COMMERCIAL","NEEDS_OFFICIAL_EVIDENCE","Официальная страница бренда, каталог производителя или подтверждённый прайс с артикулом"
"public-7a2557fb57761a26feef2616","Бор алмазный 859 016M FG","true","true","","","","https://amdgroup.kz/catalog/konusovidnye/bory_almaznye_859_016m_fg/","P0_COMMERCIAL","NEEDS_OFFICIAL_EVIDENCE","Официальная страница бренда, каталог производителя или подтверждённый прайс с артикулом"
"public-4e6a8a65f879ba008cf5e837","Бор алмазный 859 016SF FG","true","true","","","","https://amdgroup.kz/catalog/konusovidnye/bory_almaznye_859_016sf_fg/","P0_COMMERCIAL","NEEDS_OFFICIAL_EVIDENCE","Официальная страница бренда, каталог производителя или подтверждённый прайс с артикулом"
"public-b15d6764c092008a1a10f8fb","Бор алмазный 859 018C FG","true","true","","","","https://amdgroup.kz/catalog/konusovidnye/bory_almaznye_859_018c_fg/","P0_COMMERCIAL","NEEDS_OFFICIAL_EVIDENCE","Официальная страница бренда, каталог производителя или подтверждённый прайс с артикулом"
"public-2680bced4dee4dd6fc942927","Бор алмазный 859 018F FG","true","true","","","","https://amdgroup.kz/catalog/konusovidnye/bory_almaznye_859_018f_fg/","P0_COMMERCIAL","NEEDS_OFFICIAL_EVIDENCE","Официальная страница бренда, каталог производителя или подтверждённый прайс с артикулом"
"public-9c2f569c7d87e7a3272988fb","Бор алмазный 859 018M FG","true","true","","","","https://amdgroup.kz/catalog/konusovidnye/bory_almaznye_859_018m_fg/","P0_COMMERCIAL","NEEDS_OFFICIAL_EVIDENCE","Официальная страница бренда, каталог производителя или подтверждённый прайс с артикулом"
"public-83495fb76d750d024d48cad6","Бор алмазный 859 018SC FG","true","true","","","","https://amdgroup.kz/catalog/konusovidnye/bory_almaznye_859_018sc_fg/","P0_COMMERCIAL","NEEDS_OFFICIAL_EVIDENCE","Официальная страница бренда, каталог производителя или подтверждённый прайс с артикулом"
"public-05fae02082b2f499a2e429d7","Бор алмазный 859 018SF FG","true","true","","","","https://amdgroup.kz/catalog/konusovidnye/bory_almaznye_859_018sf_fg/","P0_COMMERCIAL","NEEDS_OFFICIAL_EVIDENCE","Официальная страница бренда, каталог производителя или подтверждённый прайс с артикулом"
"public-63fa26cfef201b606b401a5e","Бор алмазный 859 018TSC FG","true","true","","","","https://amdgroup.kz/catalog/konusovidnye/859_018tsc_fg_bory_almaznye/","P0_COMMERCIAL","NEEDS_OFFICIAL_EVIDENCE","Официальная страница бренда, каталог производителя или подтверждённый прайс с артикулом"
"public-c9431ce68f2d83c7ca540dcf","Бор алмазный 859 021M FG","true","true","","","","https://amdgroup.kz/catalog/konusovidnye/859_021m_fg_bory_almaznye/","P0_COMMERCIAL","NEEDS_OFFICIAL_EVIDENCE","Официальная страница бренда, каталог производителя или подтверждённый прайс с артикулом"
"public-fc58d81ae98b6580cc75d5a9","Бор алмазный 859CL 010F FG","true","true","","","","https://amdgroup.kz/catalog/konusovidnye/bory_almaznye_859cl_010f_fg/","P0_COMMERCIAL","NEEDS_OFFICIAL_EVIDENCE","Официальная страница бренда, каталог производителя или подтверждённый прайс с артикулом"
"public-9dba4194160abe8f3bf7051d","Бор алмазный 859CL 010M FG","true","true","","","","https://amdgroup.kz/catalog/konusovidnye/bory_almaznye_859cl_010m_fg/","P0_COMMERCIAL","NEEDS_OFFICIAL_EVIDENCE","Официальная страница бренда, каталог производителя или подтверждённый прайс с артикулом"
"public-77a4e167f1cd8d38995d9d28","Бор алмазный 859L 010F FG","true","true","","","","https://amdgroup.kz/catalog/konusovidnye/bory_almaznye_859l_010f_fg/","P0_COMMERCIAL","NEEDS_OFFICIAL_EVIDENCE","Официальная страница бренда, каталог производителя или подтверждённый прайс с артикулом"
"public-6dc11d735dc6f9f7021227f7","Бор алмазный 859L 010M FG","true","true","","","","https://amdgroup.kz/catalog/konusovidnye/bory_almaznye_859l_010m_fg/","P0_COMMERCIAL","NEEDS_OFFICIAL_EVIDENCE","Официальная страница бренда, каталог производителя или подтверждённый прайс с артикулом"
"public-db36912fd018c6e291435d1e","Бор алмазный 859L 010SF FG","true","true","","","","https://amdgroup.kz/catalog/konusovidnye/bory_almaznye_859l_010sf_fg/","P0_COMMERCIAL","NEEDS_OFFICIAL_EVIDENCE","Официальная страница бренда, каталог производителя или подтверждённый прайс с артикулом"
"public-ecd56fbf3f38f06176f7b095","Бор алмазный 859L 014 M","true","true","","","","https://amdgroup.kz/catalog/konusovidnye/bory_almaznye_859l_014_m_/","P0_COMMERCIAL","NEEDS_OFFICIAL_EVIDENCE","Официальная страница бренда, каталог производителя или подтверждённый прайс с артикулом"
"public-4f28e82f6d8793a3e7bb2d24","Бор алмазный 859L 014C FG","true","true","","","","https://amdgroup.kz/catalog/konusovidnye/bory_almaznye_859l_014c_fg/","P0_COMMERCIAL","NEEDS_OFFICIAL_EVIDENCE","Официальная страница бренда, каталог производителя или подтверждённый прайс с артикулом"
"public-5a94398952203ab1bcc00666","Бор алмазный 859L 014F FG","true","true","","","","https://amdgroup.kz/catalog/konusovidnye/bory_almaznye_859l_014f_fg/","P0_COMMERCIAL","NEEDS_OFFICIAL_EVIDENCE","Официальная страница бренда, каталог производителя или подтверждённый прайс с артикулом"
"public-cf89c08b8b36f37e3d054177","Бор алмазный 859L 014SF FG","true","true","","","","https://amdgroup.kz/catalog/konusovidnye/bory_almaznye_859l_014sf_fg/","P0_COMMERCIAL","NEEDS_OFFICIAL_EVIDENCE","Официальная страница бренда, каталог производителя или подтверждённый прайс с артикулом"
"public-03d6c45468e0d12980f597d4","Бор алмазный 859L 016C FG","true","true","","","","https://amdgroup.kz/catalog/konusovidnye/bory_almaznye_859l_016c_fg/","P0_COMMERCIAL","NEEDS_OFFICIAL_EVIDENCE","Официальная страница бренда, каталог производителя или подтверждённый прайс с артикулом"
"public-8d4e8d9dd53dd01f55e76475","Бор алмазный 859L 016F FG","true","true","","","","https://amdgroup.kz/catalog/konusovidnye/bory_almaznye_859l_016f_fg/","P0_COMMERCIAL","NEEDS_OFFICIAL_EVIDENCE","Официальная страница бренда, каталог производителя или подтверждённый прайс с артикулом"
"public-4a3a249122edd14e07b62cb4","Бор алмазный 859L 016M FG","true","true","","","","https://amdgroup.kz/catalog/konusovidnye/bory_almaznye_859l_016m_fg/","P0_COMMERCIAL","NEEDS_OFFICIAL_EVIDENCE","Официальная страница бренда, каталог производителя или подтверждённый прайс с артикулом"
"public-2fea2e53fd36e093c3e8b914","Бор алмазный 859L 016SC FG","true","true","","","","https://amdgroup.kz/catalog/konusovidnye/bory_almaznye_859l_016sc_fg/","P0_COMMERCIAL","NEEDS_OFFICIAL_EVIDENCE","Официальная страница бренда, каталог производителя или подтверждённый прайс с артикулом"
"public-5f31fd74ab95f47c616c783d","Бор алмазный 859L 016SF FG","true","true","","","","https://amdgroup.kz/catalog/konusovidnye/bory_almaznye_859l_016sf_fg/","P0_COMMERCIAL","NEEDS_OFFICIAL_EVIDENCE","Официальная страница бренда, каталог производителя или подтверждённый прайс с артикулом"
"public-057f345bd71a1caeaa0c3b28","Бор алмазный 859L 018C FG","true","true","","","","https://amdgroup.kz/catalog/konusovidnye/bory_almaznye_859l_018c_fg/","P0_COMMERCIAL","NEEDS_OFFICIAL_EVIDENCE","Официальная страница бренда, каталог производителя или подтверждённый прайс с артикулом"
"public-1199028ec8ae628f3a79b9ec","Бор алмазный 859L 018SC FG","true","true","","","","https://amdgroup.kz/catalog/konusovidnye/bory_almaznye_859l_018sc_fg/","P0_COMMERCIAL","NEEDS_OFFICIAL_EVIDENCE","Официальная страница бренда, каталог производителя или подтверждённый прайс с артикулом"
"public-39db5fa56e05e9e8e2c820b6","Бор алмазный 859L 018SF FG","true","true","","","","https://amdgroup.kz/catalog/konusovidnye/bory_almaznye_859l_018sf_fg/","P0_COMMERCIAL","NEEDS_OFFICIAL_EVIDENCE","Официальная страница бренда, каталог производителя или подтверждённый прайс с артикулом"
"public-7087a4e925b574629c0c6533","Бор алмазный 863 016F FG","true","true","","","","https://amdgroup.kz/catalog/plamevidnye/863_016f_fg_bory_almaznye/","P0_COMMERCIAL","NEEDS_OFFICIAL_EVIDENCE","Официальная страница бренда, каталог производителя или подтверждённый прайс с артикулом"
"public-817343bb664a8aea720b0f21","Бор алмазный 863 021M FG","true","true","","","","https://amdgroup.kz/catalog/plamevidnye/863_021m_fg_bory_almaznye/","P0_COMMERCIAL","NEEDS_OFFICIAL_EVIDENCE","Официальная страница бренда, каталог производителя или подтверждённый прайс с артикулом"
"public-3aba5b769b94a377b3c398d2","Бор алмазный 863L 016 M 3","true","true","","","","https://amdgroup.kz/catalog/plamevidnye/863l_016_m_3_/","P0_COMMERCIAL","NEEDS_OFFICIAL_EVIDENCE","Официальная страница бренда, каталог производителя или подтверждённый прайс с артикулом"
"public-2bc9606c40b119e0598f4d83","Бор алмазный 869 014SC FG","true","true","","","","https://amdgroup.kz/catalog/konusovidnye/bory_almaznye_869_014sc_fg/","P0_COMMERCIAL","NEEDS_OFFICIAL_EVIDENCE","Официальная страница бренда, каталог производителя или подтверждённый прайс с артикулом"
"public-fe362d950cf8d0e8ae36d0d8","Бор алмазный 869 016SC FG","true","true","","","","https://amdgroup.kz/catalog/konusovidnye/bory_almaznye_869_016sc_fg/","P0_COMMERCIAL","NEEDS_OFFICIAL_EVIDENCE","Официальная страница бренда, каталог производителя или подтверждённый прайс с артикулом"
"public-03adbb9b949fb33d79645e3d","Бор алмазный 883 010C FG","true","true","","","","https://amdgroup.kz/catalog/plamevidnye/bory_almaznye_883_010c_fg/","P0_COMMERCIAL","NEEDS_OFFICIAL_EVIDENCE","Официальная страница бренда, каталог производителя или подтверждённый прайс с артикулом"
"public-7a89e1e306480bfc475b53d6","Бор алмазный 883 010F FG","true","true","","","","https://amdgroup.kz/catalog/plamevidnye/bory_almaznye_883_010f_fg/","P0_COMMERCIAL","NEEDS_OFFICIAL_EVIDENCE","Официальная страница бренда, каталог производителя или подтверждённый прайс с артикулом"
"public-52fe282d2d2601a10c762ecd","Бор алмазный 883 010M FG","true","true","","","","https://amdgroup.kz/catalog/plamevidnye/883_010m_fg_bory_almaznye/","P0_COMMERCIAL","NEEDS_OFFICIAL_EVIDENCE","Официальная страница бренда, каталог производителя или подтверждённый прайс с артикулом"
"public-1470094adb244220214480a5","Бор алмазный 886 010F FG","true","true","","","","https://amdgroup.kz/catalog/plamevidnye/bory_almaznye_886_010f_fg/","P0_COMMERCIAL","NEEDS_OFFICIAL_EVIDENCE","Официальная страница бренда, каталог производителя или подтверждённый прайс с артикулом"
"public-0f5f7fe88b51b7b7a27920e5","Бор алмазный 886 010M FG","true","true","","","","https://amdgroup.kz/catalog/plamevidnye/bory_almaznye_886_010m_fg/","P0_COMMERCIAL","NEEDS_OFFICIAL_EVIDENCE","Официальная страница бренда, каталог производителя или подтверждённый прайс с артикулом"
"public-a1037842568604c584f6867d","Бор алмазный 886 012C FG","true","true","","","","https://amdgroup.kz/catalog/plamevidnye/bory_almaznye_886_012c_fg/","P0_COMMERCIAL","NEEDS_OFFICIAL_EVIDENCE","Официальная страница бренда, каталог производителя или подтверждённый прайс с артикулом"
"public-b438de261af9f3e4d3669c25","Бор алмазный 886 012M FG","true","true","","","","https://amdgroup.kz/catalog/plamevidnye/bory_almaznye_886_012m_fg/","P0_COMMERCIAL","NEEDS_OFFICIAL_EVIDENCE","Официальная страница бренда, каталог производителя или подтверждённый прайс с артикулом"
"public-0f3c25c91acfce657418095e","Бор алмазный 886 012SC FG","true","true","","","","https://amdgroup.kz/catalog/plamevidnye/bory_almaznye_886_012sc_fg/","P0_COMMERCIAL","NEEDS_OFFICIAL_EVIDENCE","Официальная страница бренда, каталог производителя или подтверждённый прайс с артикулом"
"public-8488c1c8f591a3966bc42228","Бор алмазный 886 014C FG","true","true","","","","https://amdgroup.kz/catalog/plamevidnye/bory_almaznye_886_014c_fg/","P0_COMMERCIAL","NEEDS_OFFICIAL_EVIDENCE","Официальная страница бренда, каталог производителя или подтверждённый прайс с артикулом"
"public-7e73d0f35c658f1d54df9959","Бор алмазный 886 014F FG","true","true","","","","https://amdgroup.kz/catalog/plamevidnye/bory_almaznye_886_014f_fg/","P0_COMMERCIAL","NEEDS_OFFICIAL_EVIDENCE","Официальная страница бренда, каталог производителя или подтверждённый прайс с артикулом"
"public-3d2825b0671f95308afc1f6e","Бор алмазный 886 014M FG","true","true","","","","https://amdgroup.kz/catalog/plamevidnye/886_014m_fg_bory_almaznye/","P0_COMMERCIAL","NEEDS_OFFICIAL_EVIDENCE","Официальная страница бренда, каталог производителя или подтверждённый прайс с артикулом"
"public-53ec9926f7114644f7e708bb","Бор алмазный 886 014SC FG","true","true","","","","https://amdgroup.kz/catalog/plamevidnye/886_014sc_fg_bory_almaznye/","P0_COMMERCIAL","NEEDS_OFFICIAL_EVIDENCE","Официальная страница бренда, каталог производителя или подтверждённый прайс с артикулом"
"public-49e3f5965e3d51002a530e9b","Бор алмазный 886 016F FG","true","true","","","","https://amdgroup.kz/catalog/plamevidnye/bory_almaznye_886_016f_fg/","P0_COMMERCIAL","NEEDS_OFFICIAL_EVIDENCE","Официальная страница бренда, каталог производителя или подтверждённый прайс с артикулом"
"public-f81174b1b0b05c3a6a5b80a6","Бор алмазный 886 016SC FG","true","true","","","","https://amdgroup.kz/catalog/plamevidnye/886_016sc_fg_bory_almaznye/","P0_COMMERCIAL","NEEDS_OFFICIAL_EVIDENCE","Официальная страница бренда, каталог производителя или подтверждённый прайс с артикулом"
"public-76d0e4dfb65a5f1823f3f1fd","Бор алмазный 888 012C FG","true","true","","","","https://amdgroup.kz/catalog/plamevidnye/bory_almaznye_888_012c_fg/","P0_COMMERCIAL","NEEDS_OFFICIAL_EVIDENCE","Официальная страница бренда, каталог производителя или подтверждённый прайс с артикулом"
"public-0e1c090f6259c6165fa72fbe","Бор алмазный 888 012M FG","true","true","","","","https://amdgroup.kz/catalog/plamevidnye/888_012m_fg_bory_almaznye/","P0_COMMERCIAL","NEEDS_OFFICIAL_EVIDENCE","Официальная страница бренда, каталог производителя или подтверждённый прайс с артикулом"
"public-9ce06732a51271b7bcc6b472","Бор алмазный 889 009C FG","true","true","","","","https://amdgroup.kz/catalog/plamevidnye/bory_almaznye_889_009c_fg/","P0_COMMERCIAL","NEEDS_OFFICIAL_EVIDENCE","Официальная страница бренда, каталог производителя или подтверждённый прайс с артикулом"
"public-eca80f50ad7103417d9e7a09","Бор алмазный 889 009F FG","true","true","","","","https://amdgroup.kz/catalog/plamevidnye/bory_almaznye_889_009f_fg/","P0_COMMERCIAL","NEEDS_OFFICIAL_EVIDENCE","Официальная страница бренда, каталог производителя или подтверждённый прайс с артикулом"
"public-56fb89dc16a20407253baee8","Бор алмазный 889 010C FG","true","true","","","","https://amdgroup.kz/catalog/plamevidnye/bory_almaznye_889_010c_fg/","P0_COMMERCIAL","NEEDS_OFFICIAL_EVIDENCE","Официальная страница бренда, каталог производителя или подтверждённый прайс с артикулом"
"public-431ad8c248f1542607b3ec16","Бор алмазный 889 010F FG","true","true","","","","https://amdgroup.kz/catalog/plamevidnye/bory_almaznye_889_010f_fg/","P0_COMMERCIAL","NEEDS_OFFICIAL_EVIDENCE","Официальная страница бренда, каталог производителя или подтверждённый прайс с артикулом"
"public-cf8820c85ea4929973b39d49","Бор алмазный 889 010SF FG","true","true","","","","https://amdgroup.kz/catalog/plamevidnye/bory_almaznye_889_010sf_fg/","P0_COMMERCIAL","NEEDS_OFFICIAL_EVIDENCE","Официальная страница бренда, каталог производителя или подтверждённый прайс с артикулом"
"public-ada9c56fcfe50f03fd883a40","Бор алмазный 898 016M FG","true","true","","","","https://amdgroup.kz/catalog/plamevidnye/898_016m_fg_bory_almaznye/","P0_COMMERCIAL","NEEDS_OFFICIAL_EVIDENCE","Официальная страница бренда, каталог производителя или подтверждённый прайс с артикулом"
"public-9975b17163d0f4d2963cd8b9","Бор алмазный 899 021F FG","true","true","","","","https://amdgroup.kz/catalog/nebnye/bory_almaznye_899_021f_fg/","P0_COMMERCIAL","NEEDS_OFFICIAL_EVIDENCE","Официальная страница бренда, каталог производителя или подтверждённый прайс с артикулом"
"public-d30f1b24ff0519d5647e6a4e","Бор алмазный 899 021M FG","true","true","","","","https://amdgroup.kz/catalog/nebnye/bory_almaznye_899_021m_fg/","P0_COMMERCIAL","NEEDS_OFFICIAL_EVIDENCE","Официальная страница бренда, каталог производителя или подтверждённый прайс с артикулом"
"public-901cc667f7563d84906810aa","Бор алмазный 899 027C FG","true","true","","","","https://amdgroup.kz/catalog/nebnye/bory_almaznye_899_027c_fg/","P0_COMMERCIAL","NEEDS_OFFICIAL_EVIDENCE","Официальная страница бренда, каталог производителя или подтверждённый прайс с артикулом"
"public-0e5b86aad0cf6f66b035b31f","Бор алмазный 899 027M FG","true","true","","","","https://amdgroup.kz/catalog/nebnye/bory_almaznye_899_027m_fg/","P0_COMMERCIAL","NEEDS_OFFICIAL_EVIDENCE","Официальная страница бренда, каталог производителя или подтверждённый прайс с артикулом"
"public-46ccc6ded30003b63ce24828","Бор алмазный 899 031C FG","true","true","","","","https://amdgroup.kz/catalog/nebnye/bory_almaznye_899_031c_fg/","P0_COMMERCIAL","NEEDS_OFFICIAL_EVIDENCE","Официальная страница бренда, каталог производителя или подтверждённый прайс с артикулом"
"public-c6ff9b0eb3b70a7ac84c5d73","Бор алмазный 970 023F FGM","true","true","","","","https://amdgroup.kz/catalog/oklyuzionnye/bory_almaznye_970_023f_fgm/","P0_COMMERCIAL","NEEDS_OFFICIAL_EVIDENCE","Официальная страница бренда, каталог производителя или подтверждённый прайс с артикулом"
"public-3e177973521eb01bb26cf73a","Бор алмазный 970 023M FGM","true","true","","","","https://amdgroup.kz/catalog/oklyuzionnye/bory_almaznye_970_023m_fgm/","P0_COMMERCIAL","NEEDS_OFFICIAL_EVIDENCE","Официальная страница бренда, каталог производителя или подтверждённый прайс с артикулом"
"public-ca2233dfa67de026b662e348","Бор алмазный 980 027F FGM","true","true","","","","https://amdgroup.kz/catalog/oklyuzionnye/bory_almaznye_980_027f_fgm/","P0_COMMERCIAL","NEEDS_OFFICIAL_EVIDENCE","Официальная страница бренда, каталог производителя или подтверждённый прайс с артикулом"
"public-be1a99d08186e2459464c1aa","Бор алмазный 980 027M FGM","true","true","","","","https://amdgroup.kz/catalog/oklyuzionnye/bory_almaznye_980_027m_fgm/","P0_COMMERCIAL","NEEDS_OFFICIAL_EVIDENCE","Официальная страница бренда, каталог производителя или подтверждённый прайс с артикулом"
"public-a99c041762763c5c208cb133","Бор алмазный 998 016F FG","true","true","","","","https://amdgroup.kz/catalog/konusovidnye/bory_almaznye_998_016f_fg/","P0_COMMERCIAL","NEEDS_OFFICIAL_EVIDENCE","Официальная страница бренда, каталог производителя или подтверждённый прайс с артикулом"
"public-f4a0105367a4fc006eb2457a","Бор алмазный 998 021F FG","true","true","","","","https://amdgroup.kz/catalog/konusovidnye/bory_almaznye_998_021f_fg/","P0_COMMERCIAL","NEEDS_OFFICIAL_EVIDENCE","Официальная страница бренда, каталог производителя или подтверждённый прайс с артикулом"
"public-9e03752531a1d4fb33732a4d","Бор алмазный детский 379 009M KID","true","true","","","","https://amdgroup.kz/catalog/olivovidnye/bory_almaznye_detskie_379_009m_kid/","P0_COMMERCIAL","NEEDS_OFFICIAL_EVIDENCE","Официальная страница бренда, каталог производителя или подтверждённый прайс с артикулом"
"public-849d4798db638648dc11ace2","Бор алмазный детский 379 009M KIDL","true","true","","","","https://amdgroup.kz/catalog/olivovidnye/bory_almaznye_detskie_379_009m_kidl/","P0_COMMERCIAL","NEEDS_OFFICIAL_EVIDENCE","Официальная страница бренда, каталог производителя или подтверждённый прайс с артикулом"
"public-e93f3c270064c05fa0f595c1","Бор алмазный овальный, сверхмелкая зернистость 379 012 SF 2","true","true","","","","https://amdgroup.kz/catalog/olivovidnye/bory_almaznye_ovalnye_sverkhmelkaya_379_012_sf_2_/","P0_COMMERCIAL","NEEDS_OFFICIAL_EVIDENCE","Официальная страница бренда, каталог производителя или подтверждённый прайс с артикулом"
"public-c5386c49adc1efd75ace469c","Бор алмазный оливовидный K802L 021M FG","true","true","","","","https://amdgroup.kz/catalog/bory_po_tsirkonu/bory_almaznye_oliva_k802l_021m_fg/","P0_COMMERCIAL","NEEDS_OFFICIAL_EVIDENCE","Официальная страница бренда, каталог производителя или подтверждённый прайс с артикулом"
"public-97da78009bf805cd6da476aa","Бор алмазный шаровидный K369 025F FG","true","true","","","","https://amdgroup.kz/catalog/bory_po_tsirkonu/bory_almaznye_sharovidnye_k369_025f_fg/","P0_COMMERCIAL","NEEDS_OFFICIAL_EVIDENCE","Официальная страница бренда, каталог производителя или подтверждённый прайс с артикулом"
"public-10d729f8d01ddf7690ac490c","Бор алмазный шлифовальный K856 016F FG","true","true","","","","https://amdgroup.kz/catalog/bory_po_tsirkonu/bory_almaznye_shlifovalnye_k856_016f_fg/","P0_COMMERCIAL","NEEDS_OFFICIAL_EVIDENCE","Официальная страница бренда, каталог производителя или подтверждённый прайс с артикулом"
"public-c5c272c2e30c95babbcaecaf","Бор алмазный шлифовальный K856 016M FG","true","true","","","","https://amdgroup.kz/catalog/bory_po_tsirkonu/bory_almaznye_shlifovalnye_k856_016m_fg/","P0_COMMERCIAL","NEEDS_OFFICIAL_EVIDENCE","Официальная страница бренда, каталог производителя или подтверждённый прайс с артикулом"
"public-994c284a0e7aadc295068f2d","Бор алмазный шлифовальный K856 016UF FG","true","true","","","","https://amdgroup.kz/catalog/bory_po_tsirkonu/bory_almaznye_shlifovalnye_k856_016uf_fg/","P0_COMMERCIAL","NEEDS_OFFICIAL_EVIDENCE","Официальная страница бренда, каталог производителя или подтверждённый прайс с артикулом"
"public-3390c65382a7462ff7f36ce0","Бор алмазный шлифовальный K881 016SF FG","true","true","","","","https://amdgroup.kz/catalog/bory_po_tsirkonu/bory_almaznye_shlifovalnye_k881_016sf_fg/","P0_COMMERCIAL","NEEDS_OFFICIAL_EVIDENCE","Официальная страница бренда, каталог производителя или подтверждённый прайс с артикулом"
"public-96e98e579ddac072871235ea","Бор алмазный шлифовальный K899 031M FG","true","true","","","","https://amdgroup.kz/catalog/bory_po_tsirkonu/bory_almaznye_shlifovalnye_k899_031m_fg/","P0_COMMERCIAL","NEEDS_OFFICIAL_EVIDENCE","Официальная страница бренда, каталог производителя или подтверждённый прайс с артикулом"
"public-4c9ecee501b3ce36ae177fa6","Бор алмазный ARKANZAS NAS12G","true","true","","","","https://amdgroup.kz/catalog/konusovidnye/bory_arkanzas_nas12g/","P0_COMMERCIAL","NEEDS_OFFICIAL_EVIDENCE","Официальная страница бренда, каталог производителя или подтверждённый прайс с артикулом"
"public-c26e6d4d1b823ab12d36e08a","Бор алмазный CDS1 016C FGL","true","true","","","","https://amdgroup.kz/catalog/khirurgicheskie_bory/bory_almaznye_cds1_016c_fgl/","P0_COMMERCIAL","NEEDS_OFFICIAL_EVIDENCE","Официальная страница бренда, каталог производителя или подтверждённый прайс с артикулом"
"public-6201309950b1704a838f065e","Бор алмазный CDS1 018C FGL","true","true","","","","https://amdgroup.kz/catalog/khirurgicheskie_bory/bory_almaznye_cds1_018c_fgl/","P0_COMMERCIAL","NEEDS_OFFICIAL_EVIDENCE","Официальная страница бренда, каталог производителя или подтверждённый прайс с артикулом"
"public-3ac7d2c353e9851cf4ab1f60","Бор алмазный CDS1 021C HP","true","true","","","","https://amdgroup.kz/catalog/khirurgicheskie_bory/bory_almaznye_cds1_021c_hp/","P0_COMMERCIAL","NEEDS_OFFICIAL_EVIDENCE","Официальная страница бренда, каталог производителя или подтверждённый прайс с артикулом"
"public-2d9f2dc62f7c2c891117ac60","Бор алмазный CDS2 014M FGXXL","true","true","","","","https://amdgroup.kz/catalog/khirurgicheskie_bory/bory_almaznye_cds2_014m_fgxxl/","P0_COMMERCIAL","NEEDS_OFFICIAL_EVIDENCE","Официальная страница бренда, каталог производителя или подтверждённый прайс с артикулом"
"public-f6d14391d13ce175eebf319b","Бор алмазный CDS2 016C FGXXL","true","true","","","","https://amdgroup.kz/catalog/khirurgicheskie_bory/bory_almaznye_cds2_016c_fgxxl/","P0_COMMERCIAL","NEEDS_OFFICIAL_EVIDENCE","Официальная страница бренда, каталог производителя или подтверждённый прайс с артикулом"
"public-242e543c8913d928b84871d8","Бор алмазный DISKI 806 104 327 514 080","true","true","","","","https://amdgroup.kz/catalog/obratnokonusnye/diski_806_104_327_514_080/","P0_COMMERCIAL","NEEDS_OFFICIAL_EVIDENCE","Официальная страница бренда, каталог производителя или подтверждённый прайс с артикулом"
"public-d5a7560a5baef7f7ba5da122","Бор алмазный DISKI 806 104 345 514 220","true","true","","","","https://amdgroup.kz/catalog/obratnokonusnye/diski_806_104_345_514_220/","P0_COMMERCIAL","NEEDS_OFFICIAL_EVIDENCE","Официальная страница бренда, каталог производителя или подтверждённый прайс с артикулом"
"public-bf6e59726ef56539d74ed49e","Бор алмазный DISKI 806 104 345 524 220","true","true","","","","https://amdgroup.kz/catalog/obratnokonusnye/diski_806_104_345_524_220/","P0_COMMERCIAL","NEEDS_OFFICIAL_EVIDENCE","Официальная страница бренда, каталог производителя или подтверждённый прайс с артикулом"
"public-faf7926979de2e958dd3eeee","Бор алмазный G5114 RA","true","true","","","","https://amdgroup.kz/catalog/dlya_razrezaniya_koronok/bory_almaznye_g5114_ra/","P0_COMMERCIAL","NEEDS_OFFICIAL_EVIDENCE","Официальная страница бренда, каталог производителя или подтверждённый прайс с артикулом"
"public-b2ac42c328ca1a24f5f09ff8","Бор алмазный G8003","true","true","","","","https://amdgroup.kz/catalog/poliry/bory_almaznye_g8003/","P0_COMMERCIAL","NEEDS_OFFICIAL_EVIDENCE","Официальная страница бренда, каталог производителя или подтверждённый прайс с артикулом"
"public-e1da6b896237afb03d64aa0c","Бор алмазный H132 008 FG","true","true","","","","https://amdgroup.kz/catalog/konicheskie/bory_almaznye_h132_008_fg/","P0_COMMERCIAL","NEEDS_OFFICIAL_EVIDENCE","Официальная страница бренда, каталог производителя или подтверждённый прайс с артикулом"
"public-3e6e6d6f9e88808bf9b70788","Бор алмазный H133 010 FG","true","true","","","","https://amdgroup.kz/catalog/konicheskie/bory_almaznye_h133_010_fg/","P0_COMMERCIAL","NEEDS_OFFICIAL_EVIDENCE","Официальная страница бренда, каталог производителя или подтверждённый прайс с артикулом"
"public-c0dc26ef6bd3f948c79e22ac","Бор алмазный H134 014 FG","true","true","","","","https://amdgroup.kz/catalog/konicheskie/bory_almaznye_h134_014_fg/","P0_COMMERCIAL","NEEDS_OFFICIAL_EVIDENCE","Официальная страница бренда, каталог производителя или подтверждённый прайс с артикулом"
"public-266b31a8ca34323486962bb3","Бор алмазный H134S 014 FG","true","true","","","","https://amdgroup.kz/catalog/konicheskie/bory_almaznye_h134s_014_fg/","P0_COMMERCIAL","NEEDS_OFFICIAL_EVIDENCE","Официальная страница бренда, каталог производителя или подтверждённый прайс с артикулом"
"public-1c0875423e812dc3a9eab283","Бор алмазный H135 014 FG","true","true","","","","https://amdgroup.kz/catalog/konicheskie/bory_almaznye_h135_014_fg/","P0_COMMERCIAL","NEEDS_OFFICIAL_EVIDENCE","Официальная страница бренда, каталог производителя или подтверждённый прайс с артикулом"
"public-dd51355c73bb2e63cfa1e367","Бор алмазный H135F 014 FG","true","true","","","","https://amdgroup.kz/catalog/konicheskie/bory_almaznye_h135f_014_fg/","P0_COMMERCIAL","NEEDS_OFFICIAL_EVIDENCE","Официальная страница бренда, каталог производителя или подтверждённый прайс с артикулом"
"public-1520aead2b905b386b2fd5a7","Бор алмазный H1S 012 FG","true","true","","","","https://amdgroup.kz/catalog/dlya_udaleniya_kleya/bory_almaznye_h1s_012_fg/","P0_COMMERCIAL","NEEDS_OFFICIAL_EVIDENCE","Официальная страница бренда, каталог производителя или подтверждённый прайс с артикулом"
"public-f919aa5857377e330cea0871","Бор алмазный H1S 012 FGXL","true","true","","","","https://amdgroup.kz/catalog/dlya_udaleniya_kleya/bory_almaznye_h1s_012_fgxl/","P0_COMMERCIAL","NEEDS_OFFICIAL_EVIDENCE","Официальная страница бренда, каталог производителя или подтверждённый прайс с артикулом"
"public-6a719e8a341ec58a6944aaa1","Бор алмазный H1S 014 FG","true","true","","","","https://amdgroup.kz/catalog/dlya_udaleniya_kleya/bory_almaznye_h1s_014_fg/","P0_COMMERCIAL","NEEDS_OFFICIAL_EVIDENCE","Официальная страница бренда, каталог производителя или подтверждённый прайс с артикулом"
"public-00721c05c0d252bae554ae66","Бор алмазный H1S 014 FGXL","true","true","","","","https://amdgroup.kz/catalog/dlya_udaleniya_kleya/bory_almaznye_h1s_014_fgxl/","P0_COMMERCIAL","NEEDS_OFFICIAL_EVIDENCE","Официальная страница бренда, каталог производителя или подтверждённый прайс с артикулом"
"public-3d55883d9be377c7205a4971","Бор алмазный H1S 014 FGXXL","true","true","","","","https://amdgroup.kz/catalog/dlya_udaleniya_kleya/bory_almaznye_h1s_014_fgxxl/","P0_COMMERCIAL","NEEDS_OFFICIAL_EVIDENCE","Официальная страница бренда, каталог производителя или подтверждённый прайс с артикулом"
"public-4fc4bdcb31507d4d509bc6fb","Бор алмазный H1S 014 RAL","true","true","","","","https://amdgroup.kz/catalog/dlya_udaleniya_kleya/bory_almaznye_h1s_014_ral/","P0_COMMERCIAL","NEEDS_OFFICIAL_EVIDENCE","Официальная страница бренда, каталог производителя или подтверждённый прайс с артикулом"
"public-53bac91f22a1a79bedc94119","Бор алмазный H1S 016 FG","true","true","","","","https://amdgroup.kz/catalog/dlya_udaleniya_kleya/bory_almaznye_h1s_016_fg/","P0_COMMERCIAL","NEEDS_OFFICIAL_EVIDENCE","Официальная страница бренда, каталог производителя или подтверждённый прайс с артикулом"
"public-73d3e3026c80eaa0c15287d7","Бор алмазный H1S 016 FGXL","true","true","","","","https://amdgroup.kz/catalog/dlya_udaleniya_kleya/bory_almaznye_h1s_016_fgxl/","P0_COMMERCIAL","NEEDS_OFFICIAL_EVIDENCE","Официальная страница бренда, каталог производителя или подтверждённый прайс с артикулом"
"public-510996ff0836265f7eb22896","Бор алмазный H1S 016 RAL","true","true","","","","https://amdgroup.kz/catalog/dlya_udaleniya_kleya/bory_almaznye_h1s_016_ral/","P0_COMMERCIAL","NEEDS_OFFICIAL_EVIDENCE","Официальная страница бренда, каталог производителя или подтверждённый прайс с артикулом"
"public-7a8f6d6fb42f871d044ba2e8","Бор алмазный H1S 018 FG","true","true","","","","https://amdgroup.kz/catalog/dlya_udaleniya_kleya/bory_almaznye_h1s_018_fg/","P0_COMMERCIAL","NEEDS_OFFICIAL_EVIDENCE","Официальная страница бренда, каталог производителя или подтверждённый прайс с артикулом"
"public-26f1da0d850d886239b1c90d","Бор алмазный H1S 018 FGXXL","true","true","","","","https://amdgroup.kz/catalog/dlya_udaleniya_kleya/bory_almaznye_h1s_018_fgxxl/","P0_COMMERCIAL","NEEDS_OFFICIAL_EVIDENCE","Официальная страница бренда, каталог производителя или подтверждённый прайс с артикулом"
"public-93bad6b8a2d9bf7fbf4b2a72","Бор алмазный H1S 021 FG","true","true","","","","https://amdgroup.kz/catalog/dlya_udaleniya_kleya/bory_almaznye_h1s_021_fg/","P0_COMMERCIAL","NEEDS_OFFICIAL_EVIDENCE","Официальная страница бренда, каталог производителя или подтверждённый прайс с артикулом"
"public-07cb6d502926bd1d2bd0ee76","Бор алмазный H1S 021 FGXL","true","true","","","","https://amdgroup.kz/catalog/dlya_udaleniya_kleya/bory_almaznye_h1s_021_fgxl/","P0_COMMERCIAL","NEEDS_OFFICIAL_EVIDENCE","Официальная страница бренда, каталог производителя или подтверждённый прайс с артикулом"
"public-2c273661593613fadba09d96","Бор алмазный H1S 021 RA","true","true","","","","https://amdgroup.kz/catalog/dlya_udaleniya_kleya/bory_almaznye_h1s_021_ra/","P0_COMMERCIAL","NEEDS_OFFICIAL_EVIDENCE","Официальная страница бренда, каталог производителя или подтверждённый прайс с артикулом"
"public-c2055149de4f22a214986dc6","Бор алмазный H1S 023 FG","true","true","","","","https://amdgroup.kz/catalog/dlya_udaleniya_kleya/bory_almaznye_h1s_023_fg/","P0_COMMERCIAL","NEEDS_OFFICIAL_EVIDENCE","Официальная страница бренда, каталог производителя или подтверждённый прайс с артикулом"
"public-88d1ec95ef11e0abe8549f91","Бор алмазный H1S 023 FGXL","true","true","","","","https://amdgroup.kz/catalog/dlya_udaleniya_kleya/bory_almaznye_h1s_023_fgxl/","P0_COMMERCIAL","NEEDS_OFFICIAL_EVIDENCE","Официальная страница бренда, каталог производителя или подтверждённый прайс с артикулом"
"public-01391cef9023086a25455390","Бор алмазный H1S 023 RA","true","true","","","","https://amdgroup.kz/catalog/dlya_udaleniya_kleya/bory_almaznye_h1s_023_ra/","P0_COMMERCIAL","NEEDS_OFFICIAL_EVIDENCE","Официальная страница бренда, каталог производителя или подтверждённый прайс с артикулом"
"public-6f8543a16e434916840cec14","Бор алмазный H1SNL 008 RAXL","true","true","","","","https://amdgroup.kz/catalog/dlya_udaleniya_kleya/bory_almaznye_h1snl_008_raxl/","P0_COMMERCIAL","NEEDS_OFFICIAL_EVIDENCE","Официальная страница бренда, каталог производителя или подтверждённый прайс с артикулом"
"public-bb827a5f3d364b186a7202d3","Бор алмазный H1SNL 010 RAXL","true","true","","","","https://amdgroup.kz/catalog/dlya_udaleniya_kleya/bory_almaznye_h1snl_010_raxl/","P0_COMMERCIAL","NEEDS_OFFICIAL_EVIDENCE","Официальная страница бренда, каталог производителя или подтверждённый прайс с артикулом"
"public-e7e677f2cbde22e918c81b3a","Бор алмазный H22AGK 016 RA","true","true","","","","https://amdgroup.kz/catalog/dlya_udaleniya_kleya/bory_almaznye_h22agk_016_ra/","P0_COMMERCIAL","NEEDS_OFFICIAL_EVIDENCE","Официальная страница бренда, каталог производителя или подтверждённый прайс с артикулом"
"public-5033e255a25bb42748b4f935","Бор алмазный H22ALGK 016 RA","true","true","","","","https://amdgroup.kz/catalog/dlya_udaleniya_kleya/bory_almaznye_h22algk_016_ra/","P0_COMMERCIAL","NEEDS_OFFICIAL_EVIDENCE","Официальная страница бренда, каталог производителя или подтверждённый прайс с артикулом"
"public-b87c844add267c1cf1350b3a","Бор алмазный H246 009 FG","true","true","","","","https://amdgroup.kz/catalog/plamevidnyebory/bory_almaznye_h246_009_fg/","P0_COMMERCIAL","NEEDS_OFFICIAL_EVIDENCE","Официальная страница бренда, каталог производителя или подтверждённый прайс с артикулом"
"public-67d7558c3f538a95d9fe01c8","Бор алмазный H246 010 FG","true","true","","","","https://amdgroup.kz/catalog/plamevidnyebory/bory_almaznye_h246_010_fg/","P0_COMMERCIAL","NEEDS_OFFICIAL_EVIDENCE","Официальная страница бренда, каталог производителя или подтверждённый прайс с артикулом"
"public-64212dcce31ea7b7d765bcc8","Бор алмазный H246 012 FG","true","true","","","","https://amdgroup.kz/catalog/plamevidnyebory/bory_almaznye_h246_012_fg/","P0_COMMERCIAL","NEEDS_OFFICIAL_EVIDENCE","Официальная страница бренда, каталог производителя или подтверждённый прайс с артикулом"
"public-f42466c8316c084d09f6dca2","Бор алмазный H31MF 010 FG","true","true","","","","https://amdgroup.kz/catalog/dlya_razrezaniya_koronok/bory_almaznye_h31mf_010_fg/","P0_COMMERCIAL","NEEDS_OFFICIAL_EVIDENCE","Официальная страница бренда, каталог производителя или подтверждённый прайс с артикулом"
"public-60c039d92f62b851486c6aa5","Бор алмазный H31RMF 010 FG","true","true","","","","https://amdgroup.kz/catalog/dlya_razrezaniya_koronok/bory_almaznye_h31rmf_010_fg/","P0_COMMERCIAL","NEEDS_OFFICIAL_EVIDENCE","Официальная страница бренда, каталог производителя или подтверждённый прайс с артикулом"
"public-4abd8c9144e3d7f2ae8a6a60","Бор алмазный H336 016 FG","true","true","","","","https://amdgroup.kz/catalog/konusovidnyebory/bory_almaznye_h336_016_fg/","P0_COMMERCIAL","NEEDS_OFFICIAL_EVIDENCE","Официальная страница бренда, каталог производителя или подтверждённый прайс с артикулом"
"public-39ffc032246a78e5cca08437","Бор алмазный H375R 014 FG","true","true","","","","https://amdgroup.kz/catalog/konusovidnyebory/bory_almaznye_h375r_014_fg/","P0_COMMERCIAL","NEEDS_OFFICIAL_EVIDENCE","Официальная страница бренда, каталог производителя или подтверждённый прайс с артикулом"
"public-70195af98a84816e1d1cdf9f","Бор алмазный H375R 016 FG","true","true","","","","https://amdgroup.kz/catalog/konusovidnyebory/bory_almaznye_h375r_016_fg/","P0_COMMERCIAL","NEEDS_OFFICIAL_EVIDENCE","Официальная страница бренда, каталог производителя или подтверждённый прайс с артикулом"
"public-e24eea55ac6d45820b80ef98","Бор алмазный H375R 018 FG","true","true","","","","https://amdgroup.kz/catalog/konusovidnyebory/bory_almaznye_h375r_018_fg/","P0_COMMERCIAL","NEEDS_OFFICIAL_EVIDENCE","Официальная страница бренда, каталог производителя или подтверждённый прайс с артикулом"
"public-c9252fcf5d34c4579780713c","Бор алмазный H379 012 FG","true","true","","","","https://amdgroup.kz/catalog/granadovidnye/bory_almaznye_h379_012_fg/","P0_COMMERCIAL","NEEDS_OFFICIAL_EVIDENCE","Официальная страница бренда, каталог производителя или подтверждённый прайс с артикулом"
"public-99d0feb5ea44ebb18d9a5aac","Бор алмазный H379 014 FG","true","true","","","","https://amdgroup.kz/catalog/granadovidnye/bory_almaznye_h379_014_fg/","P0_COMMERCIAL","NEEDS_OFFICIAL_EVIDENCE","Официальная страница бренда, каталог производителя или подтверждённый прайс с артикулом"
"public-85634b229eceb62e49b79722","Бор алмазный H379 018 FG","true","true","","","","https://amdgroup.kz/catalog/granadovidnye/bory_almaznye_h379_018_fg/","P0_COMMERCIAL","NEEDS_OFFICIAL_EVIDENCE","Официальная страница бренда, каталог производителя или подтверждённый прайс с артикулом"
"public-62aeff40e28203e162bf95b5","Бор алмазный H379 023 FG","true","true","","","","https://amdgroup.kz/catalog/granadovidnye/bory_almaznye_h379_023_fg/","P0_COMMERCIAL","NEEDS_OFFICIAL_EVIDENCE","Официальная страница бренда, каталог производителя или подтверждённый прайс с артикулом"
"public-26e71ab39cce285a36931dde","Бор алмазный H379GK 014 FG","true","true","","","","https://amdgroup.kz/catalog/granadovidnye/bory_almaznye_h379gk_014_fg/","P0_COMMERCIAL","NEEDS_OFFICIAL_EVIDENCE","Официальная страница бренда, каталог производителя или подтверждённый прайс с артикулом"
"public-53943c7a555d6d3f88466228","Бор алмазный H379S 023 FG","true","true","","","","https://amdgroup.kz/catalog/granadovidnye/bory_almaznye_h379s_023_fg/","P0_COMMERCIAL","NEEDS_OFFICIAL_EVIDENCE","Официальная страница бренда, каталог производителя или подтверждённый прайс с артикулом"
"public-800dec6bed347be440364553","Бор алмазный H390 014 FG","true","true","","","","https://amdgroup.kz/catalog/granadovidnye/bory_almaznye_h390_014_fg/","P0_COMMERCIAL","NEEDS_OFFICIAL_EVIDENCE","Официальная страница бренда, каталог производителя или подтверждённый прайс с артикулом"
"public-3dd2b7e53c4d8b3ff4fef0c6","Бор алмазный H390 016 FG","true","true","","","","https://amdgroup.kz/catalog/granadovidnye/bory_almaznye_h390_016_fg/","P0_COMMERCIAL","NEEDS_OFFICIAL_EVIDENCE","Официальная страница бренда, каталог производителя или подтверждённый прайс с артикулом"
"public-74712683f9324e9da2938cda","Бор алмазный H390 018 FG","true","true","","","","https://amdgroup.kz/catalog/granadovidnye/bory_almaznye_h390_018_fg/","P0_COMMERCIAL","NEEDS_OFFICIAL_EVIDENCE","Официальная страница бренда, каталог производителя или подтверждённый прайс с артикулом"
"public-f69c564e593da0e3ab610800","Бор алмазный H390S 018 FG","true","true","","","","https://amdgroup.kz/catalog/granadovidnye/bory_almaznye_h390s_018_fg/","P0_COMMERCIAL","NEEDS_OFFICIAL_EVIDENCE","Официальная страница бренда, каталог производителя или подтверждённый прайс с артикулом"
"public-b22d68f3db8014ec685d5327","Бор алмазный H46 012 FG","true","true","","","","https://amdgroup.kz/catalog/dlya_razrezaniya_koronok/bory_almaznye_h46_012_fg/","P0_COMMERCIAL","NEEDS_OFFICIAL_EVIDENCE","Официальная страница бренда, каталог производителя или подтверждённый прайс с артикулом"
"public-67df1d1dbd0cd49dea1a9347","Бор алмазный H46 014 FG","true","true","","","","https://amdgroup.kz/catalog/dlya_razrezaniya_koronok/bory_almaznye_h46_014_fg/","P0_COMMERCIAL","NEEDS_OFFICIAL_EVIDENCE","Официальная страница бренда, каталог производителя или подтверждённый прайс с артикулом"
"public-b39082c9e7219df2523dfdd5","Бор алмазный H48L 010 FG","true","true","","","","https://amdgroup.kz/catalog/dlya_razrezaniya_koronok/bory_almaznye_h48l_010_fg/","P0_COMMERCIAL","NEEDS_OFFICIAL_EVIDENCE","Официальная страница бренда, каталог производителя или подтверждённый прайс с артикулом"
"public-fd7815e70efa71158157a5d0","Бор алмазный H48L 012 FG","true","true","","","","https://amdgroup.kz/catalog/dlya_razrezaniya_koronok/bory_almaznye_h48l_012_fg/","P0_COMMERCIAL","NEEDS_OFFICIAL_EVIDENCE","Официальная страница бренда, каталог производителя или подтверждённый прайс с артикулом"
"public-0739a26bca3001781b07841a","Бор алмазный H48L 014 FGXXL","true","true","","","","https://amdgroup.kz/catalog/dlya_razrezaniya_koronok/bory_almaznye_h48l_014_fgxxl/","P0_COMMERCIAL","NEEDS_OFFICIAL_EVIDENCE","Официальная страница бренда, каталог производителя или подтверждённый прайс с артикулом"
"public-d334145099a3aa6d32dfb348","Бор алмазный H48L 023 FGXXL","true","true","","","","https://amdgroup.kz/catalog/dlya_razrezaniya_koronok/bory_almaznye_h48l_023_fgxxl/","P0_COMMERCIAL","NEEDS_OFFICIAL_EVIDENCE","Официальная страница бренда, каталог производителя или подтверждённый прайс с артикулом"
"public-6ee56d02fd4eef45a19a10eb","Бор алмазный H48LS 012 FG","true","true","","","","https://amdgroup.kz/catalog/dlya_razrezaniya_koronok/bory_almaznye_h48ls_012_fg/","P0_COMMERCIAL","NEEDS_OFFICIAL_EVIDENCE","Официальная страница бренда, каталог производителя или подтверждённый прайс с артикулом"
"public-22d6db021722ebaa6ff11a12","Бор алмазный H7MF 008 FG","true","true","","","","https://amdgroup.kz/catalog/dlya_razrezaniya_koronok/bory_almaznye_h7mf_008_fg/","P0_COMMERCIAL","NEEDS_OFFICIAL_EVIDENCE","Официальная страница бренда, каталог производителя или подтверждённый прайс с артикулом"
"public-402627f860a9311637015f02","Бор алмазный HF364WS 015","true","true","","","","https://amdgroup.kz/catalog/frezy_dlya_cad_cam/hf364ws_015_bory_almaznye/","P0_COMMERCIAL","NEEDS_OFFICIAL_EVIDENCE","Официальная страница бренда, каталог производителя или подтверждённый прайс с артикулом"
"public-712ac978ab7bbb3fa42ed692","Бор алмазный K369 025UF FG","true","true","","","","https://amdgroup.kz/catalog/bory_po_tsirkonu/bory_almaznye_k369_025uf_fg/","P0_COMMERCIAL","NEEDS_OFFICIAL_EVIDENCE","Официальная страница бренда, каталог производителя или подтверждённый прайс с артикулом"
"public-f5414aca07987e332b93c889","Бор алмазный K379 014F HP","true","true","","","","https://amdgroup.kz/catalog/bory_po_tsirkonu/bory_almaznye_k379_014f_hp/","P0_COMMERCIAL","NEEDS_OFFICIAL_EVIDENCE","Официальная страница бренда, каталог производителя или подтверждённый прайс с артикулом"
"public-9c944c85890d32224663d017","Бор алмазный K847KR 016F FG","true","true","","","","https://amdgroup.kz/catalog/bory_po_tsirkonu/bory_almaznye_k847kr_016f_fg/","P0_COMMERCIAL","NEEDS_OFFICIAL_EVIDENCE","Официальная страница бренда, каталог производителя или подтверждённый прайс с артикулом"
"public-0a1de0dd9fb2fd1d3f282fd5","Бор алмазный K847KR 025F FG","true","true","","","","https://amdgroup.kz/catalog/bory_po_tsirkonu/bory_almaznye_k847kr_025f_fg/","P0_COMMERCIAL","NEEDS_OFFICIAL_EVIDENCE","Официальная страница бренда, каталог производителя или подтверждённый прайс с артикулом"
"public-9c466306932787d0602d8403","Бор алмазный K850 014M FG","true","true","","","","https://amdgroup.kz/catalog/bory_po_tsirkonu/bory_almaznye_k850_014m_fg/","P0_COMMERCIAL","NEEDS_OFFICIAL_EVIDENCE","Официальная страница бренда, каталог производителя или подтверждённый прайс с артикулом"
"public-0f8f9ae0489bd71d35ef7286","Бор алмазный K856 016SF FG","true","true","","","","https://amdgroup.kz/catalog/bory_po_tsirkonu/bory_almaznye_k856_016sf_fg/","P0_COMMERCIAL","NEEDS_OFFICIAL_EVIDENCE","Официальная страница бренда, каталог производителя или подтверждённый прайс с артикулом"
"public-1eff8e5b1c09a251bdfda5c1","Бор алмазный K879 014F FG","true","true","","","","https://amdgroup.kz/catalog/bory_po_tsirkonu/bory_almaznye_k879_014f_fg/","P0_COMMERCIAL","NEEDS_OFFICIAL_EVIDENCE","Официальная страница бренда, каталог производителя или подтверждённый прайс с артикулом"
"public-2d6551d9bf7a95c36e4e2421","Бор алмазный NTI LOGIC SET 3R","true","true","","","","https://amdgroup.kz/catalog/nabory_/bory_almaznye_nti_logic_set_3r/","P0_COMMERCIAL","NEEDS_OFFICIAL_EVIDENCE","Официальная страница бренда, каталог производителя или подтверждённый прайс с артикулом"
"public-c43748267d208a17aa87622c","Бор алмазный P1257G","true","true","","","","https://amdgroup.kz/catalog/poliry/bory_almaznye_p1257g/","P0_COMMERCIAL","NEEDS_OFFICIAL_EVIDENCE","Официальная страница бренда, каталог производителя или подтверждённый прайс с артикулом"
"public-7f42c38f8dd4e73ce0254127","Бор алмазный STOMATOLOGICHESKIE VOLFRAMOVYE KARBIDNYE DIAMETR 009 V UPAKOVKE 6SHT","true","true","","","","https://amdgroup.kz/catalog/konusovidnye/bory_stomatologicheskie_volframovye_karbidnye_diametr_009_v_upakovke_6sht_/","P0_COMMERCIAL","NEEDS_OFFICIAL_EVIDENCE","Официальная страница бренда, каталог производителя или подтверждённый прайс с артикулом"
"public-1e10dbc78cad3434e0e4ae5b","Бор алмазный STOMATOLOGICHESKIE VOLFRAMOVYE KARBIDNYE DIAMETR 009 V UPAKOVKE 6SHT 1","true","true","","","","https://amdgroup.kz/catalog/konusovidnye/bory_stomatologicheskie_volframovye_karbidnye_diametr_009_v_upakovke_6sht__1/","P0_COMMERCIAL","NEEDS_OFFICIAL_EVIDENCE","Официальная страница бренда, каталог производителя или подтверждённый прайс с артикулом"
"public-a47a41327c505e57bc178a91","Бор алмазный STOMATOLOGICHESKIE VOLFRAMOVYE KARBIDNYE DIAMETR 010 V UPAKOVKE 6SHT","true","true","","","","https://amdgroup.kz/catalog/plamevidnye/bory_stomatologicheskie_volframovye_karbidnye_diametr_010_v_upakovke_6sht_/","P0_COMMERCIAL","NEEDS_OFFICIAL_EVIDENCE","Официальная страница бренда, каталог производителя или подтверждённый прайс с артикулом"
"public-b5b6991d5d0e7705e77f51f0","Бор алмазный STOMATOLOGICHESKIE VOLFRAMOVYE KARBIDNYE DIAMETR 010 V UPAKOVKE 6SHT 1","true","true","","","","https://amdgroup.kz/catalog/plamevidnye/bory_stomatologicheskie_volframovye_karbidnye_diametr_010_v_upakovke_6sht__1/","P0_COMMERCIAL","NEEDS_OFFICIAL_EVIDENCE","Официальная страница бренда, каталог производителя или подтверждённый прайс с артикулом"
"public-952c510ec1ec2156090d411c","Бор алмазный STOMATOLOGICHESKIE VOLFRAMOVYE KARBIDNYE DIAMETR 012 V UPAKOVKE 6SHT","true","true","","","","https://amdgroup.kz/catalog/butonovidnye/bory_stomatologicheskie_volframovye_karbidnye_diametr_012_v_upakovke_6sht_/","P0_COMMERCIAL","NEEDS_OFFICIAL_EVIDENCE","Официальная страница бренда, каталог производителя или подтверждённый прайс с артикулом"
"public-d3b334bb3e587e95b5a237dd","Бор алмазный TVERDOSPLAVNYE H135S 014 FG","true","true","","","","https://amdgroup.kz/catalog/konicheskie/bory_tverdosplavnye_h135s_014_fg/","P0_COMMERCIAL","NEEDS_OFFICIAL_EVIDENCE","Официальная страница бренда, каталог производителя или подтверждённый прайс с артикулом"
"public-f8deed68e56280576fd8caae","Бор алмазный TVERDOSPLAVNYE H152 009 FGL","true","true","","","","https://amdgroup.kz/catalog/konicheskie/bory_tverdosplavnye_h152_009_fgl/","P0_COMMERCIAL","NEEDS_OFFICIAL_EVIDENCE","Официальная страница бренда, каталог производителя или подтверждённый прайс с артикулом"
"public-c14f61352baa65307c2518d3","Бор алмазный TVERDOSPLAVNYE H375R 012 FG","true","true","","","","https://amdgroup.kz/catalog/konusovidnyebory/bory_tverdosplavnye_h375r_012_fg/","P0_COMMERCIAL","NEEDS_OFFICIAL_EVIDENCE","Официальная страница бренда, каталог производителя или подтверждённый прайс с артикулом"
"public-d06cdb9b70a092fd026cf37a","Бор алмазный TVERDOSPLAVNYE T23RX 012 FG","true","true","","","","https://amdgroup.kz/catalog/konicheskie/bory_tverdosplavnye_t23rx_012_fg/","P0_COMMERCIAL","NEEDS_OFFICIAL_EVIDENCE","Официальная страница бренда, каталог производителя или подтверждённый прайс с артикулом"
"public-dc71d32180adc4bc45da13d8","Бор алмазный UP 100 SHT P0301G","true","true","","","","https://amdgroup.kz/catalog/poliry/bory_almaznye_up_100_sht_p0301g/","P0_COMMERCIAL","NEEDS_OFFICIAL_EVIDENCE","Официальная страница бренда, каталог производителя или подтверждённый прайс с артикулом"
"public-22a6a25dd01c92a20e0968ab","Бор алмазный UP 12 SHT P1823D","true","true","","","","https://amdgroup.kz/catalog/poliry/bory_almaznye_up_12_sht_p1823d/","P0_COMMERCIAL","NEEDS_OFFICIAL_EVIDENCE","Официальная страница бренда, каталог производителя или подтверждённый прайс с артикулом"
"public-84f61b1d8216bcb3e47150dd","Бор алмазный UP12SHT P1269D","true","true","","","","https://amdgroup.kz/catalog/poliry/bory_almaznye_up12sht_p1269d/","P0_COMMERCIAL","NEEDS_OFFICIAL_EVIDENCE","Официальная страница бренда, каталог производителя или подтверждённый прайс с артикулом"
"public-225b25904e0e74efcbbcda7c","Бор алмазный V NABORE NTI LOGIC SET 6R","true","true","","","","https://amdgroup.kz/catalog/nabory_/bory_almaznye_v_nabore_nti_logic_set_6r/","P0_COMMERCIAL","NEEDS_OFFICIAL_EVIDENCE","Официальная страница бренда, каталог производителя или подтверждённый прайс с артикулом"
"public-cb82c1d22d801f269b112965","Бор для разрезания коронок TVERDOSPLAVNYE H245MF 008 FG","true","true","","","","https://amdgroup.kz/catalog/dlya_razrezaniya_koronok/bory_tverdosplavnye_h245mf_008_fg/","P0_COMMERCIAL","NEEDS_OFFICIAL_EVIDENCE","Официальная страница бренда, каталог производителя или подтверждённый прайс с артикулом"
"public-5ba0d175695a37f197e84974","Бор для разрезания коронок TVERDOSPLAVNYE H31R 010 FG","true","true","","","","https://amdgroup.kz/catalog/dlya_razrezaniya_koronok/bory_tverdosplavnye_h31r_010_fg/","P0_COMMERCIAL","NEEDS_OFFICIAL_EVIDENCE","Официальная страница бренда, каталог производителя или подтверждённый прайс с артикулом"
"public-b47b8e5483194a42330f2ec2","Бор для разрезания коронок TVERDOSPLAVNYE H31R 012 FG","true","true","","","","https://amdgroup.kz/catalog/dlya_razrezaniya_koronok/bory_tverdosplavnye_h31r_012_fg/","P0_COMMERCIAL","NEEDS_OFFICIAL_EVIDENCE","Официальная страница бренда, каталог производителя или подтверждённый прайс с артикулом"
"public-db21387df64cba6f16db5404","Бор для разрезания коронок TVERDOSPLAVNYE H31RMF 012 FG","true","true","","","","https://amdgroup.kz/catalog/dlya_razrezaniya_koronok/bory_tverdosplavnye_h31rmf_012_fg/","P0_COMMERCIAL","NEEDS_OFFICIAL_EVIDENCE","Официальная страница бренда, каталог производителя или подтверждённый прайс с артикулом"
"public-7b76d28b27e973ba25ae356e","Бор для разрезания коронок TVERDOSPLAVNYE H34L 012FG CUTTER","true","true","","","","https://amdgroup.kz/catalog/dlya_razrezaniya_koronok/bory_tverdosplavnye_h34l_012fg_cutter/","P0_COMMERCIAL","NEEDS_OFFICIAL_EVIDENCE","Официальная страница бренда, каталог производителя или подтверждённый прайс с артикулом"
"public-06bc54330d718849ad0723ee","Бор для разрезания коронок TVERDOSPLAVNYE H35L 012 FGL","true","true","","","","https://amdgroup.kz/catalog/dlya_razrezaniya_koronok/bory_tverdosplavnye_h35l_012_fgl/","P0_COMMERCIAL","NEEDS_OFFICIAL_EVIDENCE","Официальная страница бренда, каталог производителя или подтверждённый прайс с артикулом"
"public-d4ea1884f33ba22b682e6c3c","Бор для разрезания коронок TVERDOSPLAVNYE H4KMK 012 FG","true","true","","","","https://amdgroup.kz/catalog/dlya_razrezaniya_koronok/bory_tverdosplavnye_h4kmk_012_fg/","P0_COMMERCIAL","NEEDS_OFFICIAL_EVIDENCE","Официальная страница бренда, каталог производителя или подтверждённый прайс с артикулом"
"public-ddd3656859bba4b3ccbd7f53","Бор для разрезания коронок TVERDOSPLAVNYE H4KMKL 012 FG","true","true","","","","https://amdgroup.kz/catalog/dlya_razrezaniya_koronok/bory_tverdosplavnye_h4kmkl_012_fg/","P0_COMMERCIAL","NEEDS_OFFICIAL_EVIDENCE","Официальная страница бренда, каталог производителя или подтверждённый прайс с артикулом"
"public-221b9e7e855d1ef85761c5f1","Бор для удаления клея TVERDOSPLAVNYE H22AGK 016 FG","true","true","","","","https://amdgroup.kz/catalog/dlya_udaleniya_kleya/bory_tverdosplavnye_h22agk_016_fg/","P0_COMMERCIAL","NEEDS_OFFICIAL_EVIDENCE","Официальная страница бренда, каталог производителя или подтверждённый прайс с артикулом"
"public-b992b992a4f2ba6bf95dcba7","Бор для удаления клея TVERDOSPLAVNYE H22ALGK 016 FG","true","true","","","","https://amdgroup.kz/catalog/dlya_udaleniya_kleya/bory_tverdosplavnye_h22algk_016_fg/","P0_COMMERCIAL","NEEDS_OFFICIAL_EVIDENCE","Официальная страница бренда, каталог производителя или подтверждённый прайс с артикулом"
"public-dd1625809ab536c205947cb1","Бор для удаления клея TVERDOSPLAVNYE H22GK 016 FG","true","true","","","","https://amdgroup.kz/catalog/dlya_udaleniya_kleya/bory_tverdosplavnye_h22gk_016_fg/","P0_COMMERCIAL","NEEDS_OFFICIAL_EVIDENCE","Официальная страница бренда, каталог производителя или подтверждённый прайс с артикулом"
"public-545880e4f4666651a833768b","Бор для удаления клея TVERDOSPLAVNYE T21RX 012 FG","true","true","","","","https://amdgroup.kz/catalog/dlya_udaleniya_kleya/bory_tverdosplavnye_t21rx_012_fg/","P0_COMMERCIAL","NEEDS_OFFICIAL_EVIDENCE","Официальная страница бренда, каталог производителя или подтверждённый прайс с артикулом"
"public-2c11a6839890f058c98b885a","Бор хирургический FREZA KHIRURGICHESKAYA H141AX 050 HP","true","true","","","","https://amdgroup.kz/catalog/khirurgicheskie_bory/freza_khirurgicheskaya_h141ax_050_hp/","P0_COMMERCIAL","NEEDS_OFFICIAL_EVIDENCE","Официальная страница бренда, каталог производителя или подтверждённый прайс с артикулом"
"public-e6fbd067eff3eed18fa6ba2e","Бор хирургический FREZA KHIRURGICHESKAYA H162A 016 FGXL","true","true","","","","https://amdgroup.kz/catalog/khirurgicheskie_bory/freza_khirurgicheskaya_h162a_016_fgxl/","P0_COMMERCIAL","NEEDS_OFFICIAL_EVIDENCE","Официальная страница бренда, каталог производителя или подтверждённый прайс с артикулом"
"public-0a243ded8d3d2a76391d9a97","Бор хирургический FREZA KHIRURGICHESKAYA H166 021 HP","true","true","","","","https://amdgroup.kz/catalog/khirurgicheskie_bory/freza_khirurgicheskaya_h166_021_hp/","P0_COMMERCIAL","NEEDS_OFFICIAL_EVIDENCE","Официальная страница бренда, каталог производителя или подтверждённый прайс с артикулом"
"public-c0a603549c51f6508f05f27f","Бор хирургический FREZY KHIRURGICHESKIE C801 010M HP","true","true","","","","https://amdgroup.kz/catalog/khirurgicheskie_bory/frezy_khirurgicheskie_c801_010m_hp/","P0_COMMERCIAL","NEEDS_OFFICIAL_EVIDENCE","Официальная страница бренда, каталог производителя или подтверждённый прайс с артикулом"
"public-d52f5a7d94dfbb84a9382d83","Бор хирургический FREZY KHIRURGICHESKIE C801 012M HP","true","true","","","","https://amdgroup.kz/catalog/khirurgicheskie_bory/frezy_khirurgicheskie_c801_012m_hp/","P0_COMMERCIAL","NEEDS_OFFICIAL_EVIDENCE","Официальная страница бренда, каталог производителя или подтверждённый прайс с артикулом"
"public-9dabf58fe8683f7699c65e1f","Бор хирургический FREZY KHIRURGICHESKIE C801 018M HP","true","true","","","","https://amdgroup.kz/catalog/khirurgicheskie_bory/frezy_khirurgicheskie_c801_018m_hp/","P0_COMMERCIAL","NEEDS_OFFICIAL_EVIDENCE","Официальная страница бренда, каталог производителя или подтверждённый прайс с артикулом"
"public-da68bb4c1d6851502ee716a6","Бор хирургический FREZY KHIRURGICHESKIE C801 023M HP","true","true","","","","https://amdgroup.kz/catalog/khirurgicheskie_bory/frezy_khirurgicheskie_c801_023m_hp/","P0_COMMERCIAL","NEEDS_OFFICIAL_EVIDENCE","Официальная страница бренда, каталог производителя или подтверждённый прайс с артикулом"
"public-2613cb083ef1d41dbc3afd94","Бор хирургический FREZY KHIRURGICHESKIE C801 025M HP","true","true","","","","https://amdgroup.kz/catalog/khirurgicheskie_bory/frezy_khirurgicheskie_c801_025m_hp/","P0_COMMERCIAL","NEEDS_OFFICIAL_EVIDENCE","Официальная страница бренда, каталог производителя или подтверждённый прайс с артикулом"
"public-e8eb41c3eb2304f52b062cf9","Бор хирургический FREZY KHIRURGICHESKIE C801 035M HP","true","true","","","","https://amdgroup.kz/catalog/khirurgicheskie_bory/frezy_khirurgicheskie_c801_035m_hp/","P0_COMMERCIAL","NEEDS_OFFICIAL_EVIDENCE","Официальная страница бренда, каталог производителя или подтверждённый прайс с артикулом"
"public-da19feac56245a663ff57b65","Бор хирургический FREZY KHIRURGICHESKIE CDS1 016SC FG","true","true","","","","https://amdgroup.kz/catalog/khirurgicheskie_bory/frezy_khirurgicheskie_cds1_016sc_fg/","P0_COMMERCIAL","NEEDS_OFFICIAL_EVIDENCE","Официальная страница бренда, каталог производителя или подтверждённый прайс с артикулом"
"public-d3881c3d863661ec70c08ba5","Бор хирургический FREZY KHIRURGICHESKIE CDS1 018SC FGL","true","true","","","","https://amdgroup.kz/catalog/khirurgicheskie_bory/frezy_khirurgicheskie_cds1_018sc_fgl/","P0_COMMERCIAL","NEEDS_OFFICIAL_EVIDENCE","Официальная страница бренда, каталог производителя или подтверждённый прайс с артикулом"
"public-d0a1e69818a4b5f483c25698","Бор хирургический FREZY KHIRURGICHESKIE CDS1 021C FGL","true","true","","","","https://amdgroup.kz/catalog/khirurgicheskie_bory/frezy_khirurgicheskie_cds1_021c_fgl/","P0_COMMERCIAL","NEEDS_OFFICIAL_EVIDENCE","Официальная страница бренда, каталог производителя или подтверждённый прайс с артикулом"
"public-3a126e08c12146b6e6f2b324","Бор хирургический FREZY KHIRURGICHESKIE CDS1 021SC FGL","true","true","","","","https://amdgroup.kz/catalog/khirurgicheskie_bory/frezy_khirurgicheskie_cds1_021sc_fgl/","P0_COMMERCIAL","NEEDS_OFFICIAL_EVIDENCE","Официальная страница бренда, каталог производителя или подтверждённый прайс с артикулом"
"public-702011264bc1f404916a785d","Бор хирургический FREZY KHIRURGICHESKIE CDS1 023C HP","true","true","","","","https://amdgroup.kz/catalog/khirurgicheskie_bory/frezy_khirurgicheskie_cds1_023c_hp/","P0_COMMERCIAL","NEEDS_OFFICIAL_EVIDENCE","Официальная страница бренда, каталог производителя или подтверждённый прайс с артикулом"
"public-dc2815c030e35b30f3f95268","Бор хирургический FREZY KHIRURGICHESKIE H141 014 FGXL","true","true","","","","https://amdgroup.kz/catalog/khirurgicheskie_bory/frezy_khirurgicheskie_h141_014_fgxl/","P0_COMMERCIAL","NEEDS_OFFICIAL_EVIDENCE","Официальная страница бренда, каталог производителя или подтверждённый прайс с артикулом"
"public-cc315db5bca020f5d954b315","Бор хирургический FREZY KHIRURGICHESKIE H141 018 FGXL","true","true","","","","https://amdgroup.kz/catalog/khirurgicheskie_bory/frezy_khirurgicheskie_h141_018_fgxl/","P0_COMMERCIAL","NEEDS_OFFICIAL_EVIDENCE","Официальная страница бренда, каталог производителя или подтверждённый прайс с артикулом"
"public-1d710b89d5c5be5af8d7078e","Бор хирургический FREZY KHIRURGICHESKIE H141 021 FGXL","true","true","","","","https://amdgroup.kz/catalog/khirurgicheskie_bory/frezy_khirurgicheskie_h141_021_fgxl/","P0_COMMERCIAL","NEEDS_OFFICIAL_EVIDENCE","Официальная страница бренда, каталог производителя или подтверждённый прайс с артикулом"
"public-46673d7b6e0a2fd6ec7046d1","Бор хирургический FREZY KHIRURGICHESKIE H141 023 FGXL","true","true","","","","https://amdgroup.kz/catalog/khirurgicheskie_bory/frezy_khirurgicheskie_h141_023_fgxl/","P0_COMMERCIAL","NEEDS_OFFICIAL_EVIDENCE","Официальная страница бренда, каталог производителя или подтверждённый прайс с артикулом"
"public-3de116be6a89201d61d7a6f7","Бор хирургический FREZY KHIRURGICHESKIE H141AX 023 HP","true","true","","","","https://amdgroup.kz/catalog/khirurgicheskie_bory/frezy_khirurgicheskie_h141ax_023_hp/","P0_COMMERCIAL","NEEDS_OFFICIAL_EVIDENCE","Официальная страница бренда, каталог производителя или подтверждённый прайс с артикулом"
"public-5c06ba4029030a5b6ac9dd15","Бор хирургический FREZY KHIRURGICHESKIE H141AX 023 RAL","true","true","","","","https://amdgroup.kz/catalog/khirurgicheskie_bory/frezy_khirurgicheskie_h141ax_023_ral/","P0_COMMERCIAL","NEEDS_OFFICIAL_EVIDENCE","Официальная страница бренда, каталог производителя или подтверждённый прайс с артикулом"
"public-37cfec24cadde581da2d4c98","Бор хирургический FREZY KHIRURGICHESKIE H141AX 023 RAXL","true","true","","","","https://amdgroup.kz/catalog/khirurgicheskie_bory/frezy_khirurgicheskie_h141ax_023_raxl/","P0_COMMERCIAL","NEEDS_OFFICIAL_EVIDENCE","Официальная страница бренда, каталог производителя или подтверждённый прайс с артикулом"
"public-2dee6ffaa2a60c285f5614e5","Бор хирургический FREZY KHIRURGICHESKIE H141AX 027 HP","true","true","","","","https://amdgroup.kz/catalog/khirurgicheskie_bory/frezy_khirurgicheskie_h141ax_027_hp/","P0_COMMERCIAL","NEEDS_OFFICIAL_EVIDENCE","Официальная страница бренда, каталог производителя или подтверждённый прайс с артикулом"
"public-00302c5823e16e30980e4b77","Бор хирургический FREZY KHIRURGICHESKIE H141AX 027 RAL","true","true","","","","https://amdgroup.kz/catalog/khirurgicheskie_bory/frezy_khirurgicheskie_h141ax_027_ral/","P0_COMMERCIAL","NEEDS_OFFICIAL_EVIDENCE","Официальная страница бренда, каталог производителя или подтверждённый прайс с артикулом"
"public-63342e13caec06bce57c5270","Бор хирургический FREZY KHIRURGICHESKIE H141AX 027 RAXL","true","true","","","","https://amdgroup.kz/catalog/khirurgicheskie_bory/frezy_khirurgicheskie_h141ax_027_raxl/","P0_COMMERCIAL","NEEDS_OFFICIAL_EVIDENCE","Официальная страница бренда, каталог производителя или подтверждённый прайс с артикулом"
"public-4650be8e401e9ad85105656d","Бор хирургический FREZY KHIRURGICHESKIE H141AX 031 HP","true","true","","","","https://amdgroup.kz/catalog/khirurgicheskie_bory/frezy_khirurgicheskie_h141ax_031_hp/","P0_COMMERCIAL","NEEDS_OFFICIAL_EVIDENCE","Официальная страница бренда, каталог производителя или подтверждённый прайс с артикулом"
"public-77ed23305728064f511d6415","Бор хирургический FREZY KHIRURGICHESKIE H141AX 031 RAL","true","true","","","","https://amdgroup.kz/catalog/khirurgicheskie_bory/frezy_khirurgicheskie_h141ax_031_ral/","P0_COMMERCIAL","NEEDS_OFFICIAL_EVIDENCE","Официальная страница бренда, каталог производителя или подтверждённый прайс с артикулом"
"public-ec2dcee6e7d1b60beb130f4c","Бор хирургический FREZY KHIRURGICHESKIE H141AX 031 RAXL","true","true","","","","https://amdgroup.kz/catalog/khirurgicheskie_bory/frezy_khirurgicheskie_h141ax_031_raxl/","P0_COMMERCIAL","NEEDS_OFFICIAL_EVIDENCE","Официальная страница бренда, каталог производителя или подтверждённый прайс с артикулом"
"public-fe8b1d156ca72fefcb3c73e9","Бор хирургический FREZY KHIRURGICHESKIE H141AX 035 HP","true","true","","","","https://amdgroup.kz/catalog/khirurgicheskie_bory/frezy_khirurgicheskie_h141ax_035_hp/","P0_COMMERCIAL","NEEDS_OFFICIAL_EVIDENCE","Официальная страница бренда, каталог производителя или подтверждённый прайс с артикулом"
"public-74b3934da33a4b43de265d7d","Бор хирургический FREZY KHIRURGICHESKIE H141AX 035 RAL","true","true","","","","https://amdgroup.kz/catalog/khirurgicheskie_bory/frezy_khirurgicheskie_h141ax_035_ral/","P0_COMMERCIAL","NEEDS_OFFICIAL_EVIDENCE","Официальная страница бренда, каталог производителя или подтверждённый прайс с артикулом"
"public-9a64bde6d917d1f8b19ebd9a","Бор хирургический FREZY KHIRURGICHESKIE H141AX 035 RAXL","true","true","","","","https://amdgroup.kz/catalog/khirurgicheskie_bory/frezy_khirurgicheskie_h141ax_035_raxl/","P0_COMMERCIAL","NEEDS_OFFICIAL_EVIDENCE","Официальная страница бренда, каталог производителя или подтверждённый прайс с артикулом"
"public-82954ba02d42b3208071f594","Бор хирургический FREZY KHIRURGICHESKIE H141AX 040 HP","true","true","","","","https://amdgroup.kz/catalog/khirurgicheskie_bory/frezy_khirurgicheskie_h141ax_040_hp/","P0_COMMERCIAL","NEEDS_OFFICIAL_EVIDENCE","Официальная страница бренда, каталог производителя или подтверждённый прайс с артикулом"
"public-f4eddb460f6ed33155d21b79","Бор хирургический FREZY KHIRURGICHESKIE H141AX 040 RAL","true","true","","","","https://amdgroup.kz/catalog/khirurgicheskie_bory/frezy_khirurgicheskie_h141ax_040_ral/","P0_COMMERCIAL","NEEDS_OFFICIAL_EVIDENCE","Официальная страница бренда, каталог производителя или подтверждённый прайс с артикулом"
"public-419d9c7a76360c6a3c432887","Бор хирургический FREZY KHIRURGICHESKIE H141AX 040 RAXL","true","true","","","","https://amdgroup.kz/catalog/khirurgicheskie_bory/frezy_khirurgicheskie_h141ax_040_raxl/","P0_COMMERCIAL","NEEDS_OFFICIAL_EVIDENCE","Официальная страница бренда, каталог производителя или подтверждённый прайс с артикулом"
"public-65a0665c26562e01abc06a8f","Бор хирургический FREZY KHIRURGICHESKIE H141AX 050 RAXL","true","true","","","","https://amdgroup.kz/catalog/khirurgicheskie_bory/frezy_khirurgicheskie_h141ax_050_raxl/","P0_COMMERCIAL","NEEDS_OFFICIAL_EVIDENCE","Официальная страница бренда, каталог производителя или подтверждённый прайс с артикулом"
"public-609edac53b897e9f494f2ca0","Бор хирургический FREZY KHIRURGICHESKIE H151 015 FGXL","true","true","","","","https://amdgroup.kz/catalog/khirurgicheskie_bory/frezy_khirurgicheskie_h151_015_fgxl/","P0_COMMERCIAL","NEEDS_OFFICIAL_EVIDENCE","Официальная страница бренда, каталог производителя или подтверждённый прайс с артикулом"
"public-8ab6fabee4500dda0c428e1a","Бор хирургический FREZY KHIRURGICHESKIE H151 015 FGXXL","true","true","","","","https://amdgroup.kz/catalog/khirurgicheskie_bory/frezy_khirurgicheskie_h151_015_fgxxl/","P0_COMMERCIAL","NEEDS_OFFICIAL_EVIDENCE","Официальная страница бренда, каталог производителя или подтверждённый прайс с артикулом"
"public-61549394f985ca240e0ee8f2","Бор хирургический FREZY KHIRURGICHESKIE H161 016 FGXL","true","true","","","","https://amdgroup.kz/catalog/khirurgicheskie_bory/frezy_khirurgicheskie_h161_016_fgxl/","P0_COMMERCIAL","NEEDS_OFFICIAL_EVIDENCE","Официальная страница бренда, каталог производителя или подтверждённый прайс с артикулом"
"public-e218c1b756a6ae57d4b5f40c","Бор хирургический FREZY KHIRURGICHESKIE H161 016 HP","true","true","","","","https://amdgroup.kz/catalog/khirurgicheskie_bory/frezy_khirurgicheskie_h161_016_hp/","P0_COMMERCIAL","NEEDS_OFFICIAL_EVIDENCE","Официальная страница бренда, каталог производителя или подтверждённый прайс с артикулом"
"public-b5cda0410d621bba5ea2b396","Бор хирургический FREZY KHIRURGICHESKIE H162 016 FGXL","true","true","","","","https://amdgroup.kz/catalog/khirurgicheskie_bory/frezy_khirurgicheskie_h162_016_fgxl/","P0_COMMERCIAL","NEEDS_OFFICIAL_EVIDENCE","Официальная страница бренда, каталог производителя или подтверждённый прайс с артикулом"
"public-5f2c6aca64914a4c4d59f458","Бор хирургический FREZY KHIRURGICHESKIE H162 016 HP","true","true","","","","https://amdgroup.kz/catalog/khirurgicheskie_bory/frezy_khirurgicheskie_h162_016_hp/","P0_COMMERCIAL","NEEDS_OFFICIAL_EVIDENCE","Официальная страница бренда, каталог производителя или подтверждённый прайс с артикулом"
"public-db374e3d6189c29cf0c99018","Бор хирургический FREZY KHIRURGICHESKIE H162A 016 FGXXL","true","true","","","","https://amdgroup.kz/catalog/khirurgicheskie_bory/frezy_khirurgicheskie_h162a_016_fgxxl/","P0_COMMERCIAL","NEEDS_OFFICIAL_EVIDENCE","Официальная страница бренда, каталог производителя или подтверждённый прайс с артикулом"
"public-f895eeea4a79566dddc98334","Бор хирургический FREZY KHIRURGICHESKIE H162A 016 HP","true","true","","","","https://amdgroup.kz/catalog/khirurgicheskie_bory/frezy_khirurgicheskie_h162a_016_hp/","P0_COMMERCIAL","NEEDS_OFFICIAL_EVIDENCE","Официальная страница бренда, каталог производителя или подтверждённый прайс с артикулом"
"public-9ab4f8c33192c1bdcc0d4fda","Бор хирургический FREZY KHIRURGICHESKIE H162A 016 RAXL","true","true","","","","https://amdgroup.kz/catalog/khirurgicheskie_bory/frezy_khirurgicheskie_h162a_016_raxl/","P0_COMMERCIAL","NEEDS_OFFICIAL_EVIDENCE","Официальная страница бренда, каталог производителя или подтверждённый прайс с артикулом"
"public-66c4d14140f8946744df82e8","Бор хирургический FREZY KHIRURGICHESKIE H162S 016 HP","true","true","","","","https://amdgroup.kz/catalog/khirurgicheskie_bory/frezy_khirurgicheskie_h162s_016_hp/","P0_COMMERCIAL","NEEDS_OFFICIAL_EVIDENCE","Официальная страница бренда, каталог производителя или подтверждённый прайс с артикулом"
"public-ae1d0bfdc3ae7b3f16339852","Бор хирургический FREZY KHIRURGICHESKIE H166 021 RAL","true","true","","","","https://amdgroup.kz/catalog/khirurgicheskie_bory/frezy_khirurgicheskie_h166_021_ral/","P0_COMMERCIAL","NEEDS_OFFICIAL_EVIDENCE","Официальная страница бренда, каталог производителя или подтверждённый прайс с артикулом"
"public-95c5ce22b5b343a57f5fa211","Бор хирургический FREZY KHIRURGICHESKIE H254A 012 FGXL","true","true","","","","https://amdgroup.kz/catalog/khirurgicheskie_bory/frezy_khirurgicheskie_h254a_012_fgxl/","P0_COMMERCIAL","NEEDS_OFFICIAL_EVIDENCE","Официальная страница бренда, каталог производителя или подтверждённый прайс с артикулом"
"public-290452710fd37ac2bc8e8b07","Бор хирургический FREZY KHIRURGICHESKIE H254A 012 HP","true","true","","","","https://amdgroup.kz/catalog/khirurgicheskie_bory/frezy_khirurgicheskie_h254a_012_hp/","P0_COMMERCIAL","NEEDS_OFFICIAL_EVIDENCE","Официальная страница бренда, каталог производителя или подтверждённый прайс с артикулом"
"public-c10f214d7ce012773c2834f8","Бор хирургический FREZY KHIRURGICHESKIE H254A 012 RAL","true","true","","","","https://amdgroup.kz/catalog/khirurgicheskie_bory/frezy_khirurgicheskie_h254a_012_ral/","P0_COMMERCIAL","NEEDS_OFFICIAL_EVIDENCE","Официальная страница бренда, каталог производителя или подтверждённый прайс с артикулом"
"public-edd683f9a74164ce6c564f1e","Бор хирургический FREZY KHIRURGICHESKIE H254A 012 RAXL","true","true","","","","https://amdgroup.kz/catalog/khirurgicheskie_bory/frezy_khirurgicheskie_h254a_012_raxl/","P0_COMMERCIAL","NEEDS_OFFICIAL_EVIDENCE","Официальная страница бренда, каталог производителя или подтверждённый прайс с артикулом"
"public-c486fafcaa8bd9f7efed61d8","Бор хирургический FREZY KHIRURGICHESKIE H269 016 FGXL","true","true","","","","https://amdgroup.kz/catalog/khirurgicheskie_bory/frezy_khirurgicheskie_h269_016_fgxl/","P0_COMMERCIAL","NEEDS_OFFICIAL_EVIDENCE","Официальная страница бренда, каталог производителя или подтверждённый прайс с артикулом"
"public-b6e96dfc8edbaec4936befcd","Бор хирургический FREZY KHIRURGICHESKIE H269 016 FGXXL","true","true","","","","https://amdgroup.kz/catalog/khirurgicheskie_bory/frezy_khirurgicheskie_h269_016_fgxxl/","P0_COMMERCIAL","NEEDS_OFFICIAL_EVIDENCE","Официальная страница бренда, каталог производителя или подтверждённый прайс с артикулом"
"public-a0f4af4b22cb8b1ae0280fd3","Бор хирургический FREZY KHIRURGICHESKIE H269 016 HP","true","true","","","","https://amdgroup.kz/catalog/khirurgicheskie_bory/frezy_khirurgicheskie_h269_016_hp/","P0_COMMERCIAL","NEEDS_OFFICIAL_EVIDENCE","Официальная страница бренда, каталог производителя или подтверждённый прайс с артикулом"
"public-02aec04c12603e6680aa6506","Бор хирургический FREZY KHIRURGICHESKIE H269 016 RAXL","true","true","","","","https://amdgroup.kz/catalog/khirurgicheskie_bory/frezy_khirurgicheskie_h269_016_raxl/","P0_COMMERCIAL","NEEDS_OFFICIAL_EVIDENCE","Официальная страница бренда, каталог производителя или подтверждённый прайс с артикулом"
"public-30c31234944201c530728eb3","Бор хирургический FREZY KHIRURGICHESKIE RF229 040 RAL","true","true","","","","https://amdgroup.kz/catalog/khirurgicheskie_bory/frezy_khirurgicheskie_rf229_040_ral/","P0_COMMERCIAL","NEEDS_OFFICIAL_EVIDENCE","Официальная страница бренда, каталог производителя или подтверждённый прайс с артикулом"
"public-7b33d0a965c0267d195215ca","Бор STOMATOLOGICHESKIE VOLFRAMOVYE KARBIDNYE DIAMETR 003 V UPAKOVKE 6SHT","true","true","","","","https://amdgroup.kz/catalog/instrumenty2/bory_stomatologicheskie_volframovye_karbidnye_diametr_003_v_upakovke_6sht_/","P0_COMMERCIAL","NEEDS_OFFICIAL_EVIDENCE","Официальная страница бренда, каталог производителя или подтверждённый прайс с артикулом"
"public-72dbac5eff34a317f9493fab","Бор STOMATOLOGICHESKIE VOLFRAMOVYE KARBIDNYE DIAMETR 003 V UPAKOVKE 6SHT 1","true","true","","","","https://amdgroup.kz/catalog/instrumenty2/bory_stomatologicheskie_volframovye_karbidnye_diametr_003_v_upakovke_6sht__1/","P0_COMMERCIAL","NEEDS_OFFICIAL_EVIDENCE","Официальная страница бренда, каталог производителя или подтверждённый прайс с артикулом"
"public-86fc95bc32350e15dd8f7004","Бор STOMATOLOGICHESKIE VOLFRAMOVYE KARBIDNYE DIAMETR 003 V UPAKOVKE 6SHT 2","true","true","","","","https://amdgroup.kz/catalog/instrumenty2/bory_stomatologicheskie_volframovye_karbidnye_diametr_003_v_upakovke_6sht__2/","P0_COMMERCIAL","NEEDS_OFFICIAL_EVIDENCE","Официальная страница бренда, каталог производителя или подтверждённый прайс с артикулом"
"public-3046aec208f106423978605b","Бор STOMATOLOGICHESKIE VOLFRAMOVYE KARBIDNYE DIAMETR 003 V UPAKOVKE 6SHT 3","true","true","","","","https://amdgroup.kz/catalog/instrumenty2/bory_stomatologicheskie_volframovye_karbidnye_diametr_003_v_upakovke_6sht__3/","P0_COMMERCIAL","NEEDS_OFFICIAL_EVIDENCE","Официальная страница бренда, каталог производителя или подтверждённый прайс с артикулом"
"public-6089e4a10eff6088f2752175","Бор STOMATOLOGICHESKIE VOLFRAMOVYE KARBIDNYE DIAMETR 003 V UPAKOVKE 6SHT 4","true","true","","","","https://amdgroup.kz/catalog/instrumenty2/bory_stomatologicheskie_volframovye_karbidnye_diametr_003_v_upakovke_6sht__4/","P0_COMMERCIAL","NEEDS_OFFICIAL_EVIDENCE","Официальная страница бренда, каталог производителя или подтверждённый прайс с артикулом"
"public-ed04789e0c58422f2843e796","Бор STOMATOLOGICHESKIE VOLFRAMOVYE KARBIDNYE DIAMETR 005 V UPAKOVKE 6SHT","true","true","","","","https://amdgroup.kz/catalog/instrumenty2/bory_stomatologicheskie_volframovye_karbidnye_diametr_005_v_upakovke_6sht_/","P0_COMMERCIAL","NEEDS_OFFICIAL_EVIDENCE","Официальная страница бренда, каталог производителя или подтверждённый прайс с артикулом"
"public-92ab8e986e94dfb95efdf4b1","Бор STOMATOLOGICHESKIE VOLFRAMOVYE KARBIDNYE DIAMETR 005 V UPAKOVKE 6SHT 1","true","true","","","","https://amdgroup.kz/catalog/instrumenty2/bory_stomatologicheskie_volframovye_karbidnye_diametr_005_v_upakovke_6sht__1/","P0_COMMERCIAL","NEEDS_OFFICIAL_EVIDENCE","Официальная страница бренда, каталог производителя или подтверждённый прайс с артикулом"
"public-44b3f349a349cce5667380f9","Бор STOMATOLOGICHESKIE VOLFRAMOVYE KARBIDNYE DIAMETR 005 V UPAKOVKE 6SHT 2","true","true","","","","https://amdgroup.kz/catalog/instrumenty2/bory_stomatologicheskie_volframovye_karbidnye_diametr_005_v_upakovke_6sht__2/","P0_COMMERCIAL","NEEDS_OFFICIAL_EVIDENCE","Официальная страница бренда, каталог производителя или подтверждённый прайс с артикулом"
"public-04339c7bb39b549bcbb21634","Бор STOMATOLOGICHESKIE VOLFRAMOVYE KARBIDNYE DIAMETR 005 V UPAKOVKE 6SHT 3","true","true","","","","https://amdgroup.kz/catalog/instrumenty2/bory_stomatologicheskie_volframovye_karbidnye_diametr_005_v_upakovke_6sht__3/","P0_COMMERCIAL","NEEDS_OFFICIAL_EVIDENCE","Официальная страница бренда, каталог производителя или подтверждённый прайс с артикулом"
"public-38ef48261721ffce191d4bb3","Бор STOMATOLOGICHESKIE VOLFRAMOVYE KARBIDNYE DIAMETR 006 V UPAKOVKE 6SHT","true","true","","","","https://amdgroup.kz/catalog/instrumenty2/bory_stomatologicheskie_volframovye_karbidnye_diametr_006_v_upakovke_6sht_/","P0_COMMERCIAL","NEEDS_OFFICIAL_EVIDENCE","Официальная страница бренда, каталог производителя или подтверждённый прайс с артикулом"
"public-90a62b2ee244ec4d01239600","Бор STOMATOLOGICHESKIE VOLFRAMOVYE KARBIDNYE DIAMETR 007 V UPAKOVKE 6SHT","true","true","","","","https://amdgroup.kz/catalog/instrumenty2/bory_stomatologicheskie_volframovye_karbidnye_diametr_007_v_upakovke_6sht_/","P0_COMMERCIAL","NEEDS_OFFICIAL_EVIDENCE","Официальная страница бренда, каталог производителя или подтверждённый прайс с артикулом"
"public-1e01294c1609e097ad2c4547","Бор STOMATOLOGICHESKIE VOLFRAMOVYE KARBIDNYE DIAMETR 008 V UPAKOVKE 6SHT","true","true","","","","https://amdgroup.kz/catalog/poliry/bory_stomatologicheskie_volframovye_karbidnye_diametr_008_v_upakovke_6sht_/","P0_COMMERCIAL","NEEDS_OFFICIAL_EVIDENCE","Официальная страница бренда, каталог производителя или подтверждённый прайс с артикулом"
"public-a1dee1b34a32b8396ec3a49d","Бор STOMATOLOGICHESKIE VOLFRAMOVYE KARBIDNYE DIAMETR 008 V UPAKOVKE 6SHT 1","true","true","","","","https://amdgroup.kz/catalog/poliry/bory_stomatologicheskie_volframovye_karbidnye_diametr_008_v_upakovke_6sht__1/","P0_COMMERCIAL","NEEDS_OFFICIAL_EVIDENCE","Официальная страница бренда, каталог производителя или подтверждённый прайс с артикулом"
"public-3a9df9d902cfcc2904decf48","Бор STOMATOLOGICHESKIE VOLFRAMOVYE KARBIDNYE DIAMETR 014 V UPAKOVKE 6SHT","true","true","","","","https://amdgroup.kz/catalog/poliry/bory_stomatologicheskie_volframovye_karbidnye_diametr_014_v_upakovke_6sht_/","P0_COMMERCIAL","NEEDS_OFFICIAL_EVIDENCE","Официальная страница бренда, каталог производителя или подтверждённый прайс с артикулом"
"public-19733f82c62e7ee9a537f6d8","Бор STOMATOLOGICHESKIE VOLFRAMOVYE KARBIDNYE DIAMETR 014 V UPAKOVKE 6SHT 1","true","true","","","","https://amdgroup.kz/catalog/poliry/bory_stomatologicheskie_volframovye_karbidnye_diametr_014_v_upakovke_6sht__1/","P0_COMMERCIAL","NEEDS_OFFICIAL_EVIDENCE","Официальная страница бренда, каталог производителя или подтверждённый прайс с артикулом"
"public-4fc32822bcad317d9c93545c","Бор STOMATOLOGICHESKIE VOLFRAMOVYE KARBIDNYE DIAMETR 014 V UPAKOVKE 6SHT 2","true","true","","","","https://amdgroup.kz/catalog/poliry/bory_stomatologicheskie_volframovye_karbidnye_diametr_014_v_upakovke_6sht__2/","P0_COMMERCIAL","NEEDS_OFFICIAL_EVIDENCE","Официальная страница бренда, каталог производителя или подтверждённый прайс с артикулом"
"public-eb42043329c4400c8a3c0133","Бор TVERDOSPLAVNYE HF021FT 010","true","true","","","","https://amdgroup.kz/catalog/frezy_dlya_cad_cam/bory_tverdosplavnye_hf021ft_010/","P0_COMMERCIAL","NEEDS_OFFICIAL_EVIDENCE","Официальная страница бренда, каталог производителя или подтверждённый прайс с артикулом"
"public-a65d7cb6bd5d77516483503e","Бор TVERDOSPLAVNYE HF021FT 012","true","true","","","","https://amdgroup.kz/catalog/frezy_dlya_cad_cam/bory_tverdosplavnye_hf021ft_012/","P0_COMMERCIAL","NEEDS_OFFICIAL_EVIDENCE","Официальная страница бренда, каталог производителя или подтверждённый прайс с артикулом"
"public-e7299847d2ed2bc02736326a","Боры для хирургии IQ Dent (за шт)","false","true","IQ Dent","","MSK-B-81","https://medstom.kz/catalog","P0_COMMERCIAL","NEEDS_OFFICIAL_EVIDENCE","Официальная страница бренда, каталог производителя или подтверждённый прайс с артикулом"
"public-678afc863fd506ac7b7a415d","Боры хирургические твердосплавные Длина 25 /28","true","true","","","","https://a4d.kz/content/bory-hirurgicheskie-tverdosplavnye-dlina-25-28","P0_COMMERCIAL","NEEDS_OFFICIAL_EVIDENCE","Официальная страница бренда, каталог производителя или подтверждённый прайс с артикулом"
"public-01e892789ef774c14fee344f","Брекеты 1st Molar /2nd Molar","true","true","","","","https://a4d.kz/content/brekety-1st-molar-2nd-molar","P0_COMMERCIAL","NEEDS_OFFICIAL_EVIDENCE","Официальная страница бренда, каталог производителя или подтверждённый прайс с артикулом"
"public-fa1e66169a191feea271f6a5","Брекеты керамические паз 0,22 Rooth, MBT","true","true","","","","https://a4d.kz/content/brekety-keramicheskie-paz-022-rooth-mbt","P0_COMMERCIAL","NEEDS_OFFICIAL_EVIDENCE","Официальная страница бренда, каталог производителя или подтверждённый прайс с артикулом"
"public-6499e5b673ef54a95ca66353","Брекеты керамические самолегирующие паз 0,22","true","true","","","","https://a4d.kz/content/brekety-keramicheskie-samolegiruyushchie-paz-022","P0_COMMERCIAL","NEEDS_OFFICIAL_EVIDENCE","Официальная страница бренда, каталог производителя или подтверждённый прайс с артикулом"
"public-b26ded13794424b2ed4bfa1d","Брекеты лингвальные","true","true","","","","https://a4d.kz/content/brekety-lingvalnye","P0_COMMERCIAL","NEEDS_OFFICIAL_EVIDENCE","Официальная страница бренда, каталог производителя или подтверждённый прайс с артикулом"
"public-f49409de16c255aba59f5d02","Брекеты металл Galaxy 022","true","true","","","BR-GALAXY","https://medstom.kz/catalog","P0_COMMERCIAL","NEEDS_OFFICIAL_EVIDENCE","Официальная страница бренда, каталог производителя или подтверждённый прайс с артикулом"
"public-6d25a5fb6bf60dd18bec89ea","Брекеты металлические","false","true","IMD","","CKB-101","https://stomir.kz/","P0_COMMERCIAL","NEEDS_OFFICIAL_EVIDENCE","Официальная страница бренда, каталог производителя или подтверждённый прайс с артикулом"
"public-a7eb78ff0eb05a314dd45420","Брекеты металлические 0,018/0,022 (MIM технология)","true","true","","","BR-METAL-018","https://medstom.kz/catalog","P0_COMMERCIAL","NEEDS_OFFICIAL_EVIDENCE","Официальная страница бренда, каталог производителя или подтверждённый прайс с артикулом"
"public-e209f08de36c933db818cdde","Брекеты металлические 1G","true","true","","","","https://a4d.kz/content/brekety-metallicheskie-1g","P0_COMMERCIAL","NEEDS_OFFICIAL_EVIDENCE","Официальная страница бренда, каталог производителя или подтверждённый прайс с артикулом"
"public-74b2c37a6b23ea25657e84c5","Брекеты металлические в форме Gemini","true","true","","","","https://a4d.kz/content/brekety-metallicheskie-v-forme-gemini","P0_COMMERCIAL","NEEDS_OFFICIAL_EVIDENCE","Официальная страница бренда, каталог производителя или подтверждённый прайс с артикулом"
"public-af4741c45518875e27c6c5d1","Брекеты металлические верх или низ","true","true","","","","https://a4d.kz/content/brekety-metallicheskie-verh-ili-niz","P0_COMMERCIAL","NEEDS_OFFICIAL_EVIDENCE","Официальная страница бренда, каталог производителя или подтверждённый прайс с артикулом"
"public-72b3def077d192843c3c6b90","Брекеты металлические паз 0,22","true","true","","","","https://a4d.kz/content/brekety-metallicheskie-paz-022","P0_COMMERCIAL","NEEDS_OFFICIAL_EVIDENCE","Официальная страница бренда, каталог производителя или подтверждённый прайс с артикулом"
"public-d27a29d7aa91e5125a15de11","Брекеты металлические паз 0,22 mini Rooth","true","true","","","","https://a4d.kz/content/brekety-metallicheskie-paz-022-mini-rooth","P0_COMMERCIAL","NEEDS_OFFICIAL_EVIDENCE","Официальная страница бренда, каталог производителя или подтверждённый прайс с артикулом"
"public-f34cad414755a35a4848d204","Брекеты металлические Ricketts","true","true","","","","https://a4d.kz/content/brekety-metallicheskie-ricketts","P0_COMMERCIAL","NEEDS_OFFICIAL_EVIDENCE","Официальная страница бренда, каталог производителя или подтверждённый прайс с артикулом"
"public-7bcd875871c760888797eb81","Брекеты самолигирующие","true","true","","","","https://a4d.kz/content/brekety-samoligiruyushchie-1","P0_COMMERCIAL","NEEDS_OFFICIAL_EVIDENCE","Официальная страница бренда, каталог производителя или подтверждённый прайс с артикулом"
"public-49937b54c1c47e51f5f774eb","Брекеты самолигирующие металлические 0,022 (MIM технология)","true","true","","","BR-SAMO","https://medstom.kz/catalog","P0_COMMERCIAL","NEEDS_OFFICIAL_EVIDENCE","Официальная страница бренда, каталог производителя или подтверждённый прайс с артикулом"
"public-ac6b520d29babdb35b54efd9","Брекеты самолигирующие Active 1G","true","true","","","","https://a4d.kz/content/brekety-samoligiruyushchie-active-1g","P0_COMMERCIAL","NEEDS_OFFICIAL_EVIDENCE","Официальная страница бренда, каталог производителя или подтверждённый прайс с артикулом"
"public-f1b66e85942de7570a214110","Брекеты самолигирующие Passive 3G","true","true","","","","https://a4d.kz/content/brekety-samoligiruyushchie-passive-3g","P0_COMMERCIAL","NEEDS_OFFICIAL_EVIDENCE","Официальная страница бренда, каталог производителя или подтверждённый прайс с артикулом"
"public-5928a7fd3da9dfbee501dc06","Брекеты самолигирующие Passive 5G","true","true","","","","https://a4d.kz/content/brekety-samoligiruyushchie-passive-5g","P0_COMMERCIAL","NEEDS_OFFICIAL_EVIDENCE","Официальная страница бренда, каталог производителя или подтверждённый прайс с артикулом"
"public-a3c3118bc584d0d07fb3711c","Брекеты самолигирующие Passive 7G (Damon Q)","true","true","","","","https://a4d.kz/content/brekety-samoligiruyushchie-passive-7g-damon-q","P0_COMMERCIAL","NEEDS_OFFICIAL_EVIDENCE","Официальная страница бренда, каталог производителя или подтверждённый прайс с артикулом"
"public-a86d50ba7ec257f64c212c40","Брекеты сапфировые","true","true","","","CKB-174","https://stomir.kz/","P0_COMMERCIAL","NEEDS_OFFICIAL_EVIDENCE","Официальная страница бренда, каталог производителя или подтверждённый прайс с артикулом"
"public-5aa229f092d8b93a8c79c73a","Брекеты сапфировые паз 0,22 Rooth, MBT","true","true","","","","https://a4d.kz/content/brekety-sapfirovye-paz-022-rooth-mbt-0","P0_COMMERCIAL","NEEDS_OFFICIAL_EVIDENCE","Официальная страница бренда, каталог производителя или подтверждённый прайс с артикулом"
"public-7d88d6496dffd72704a7867d","Бумага для запечатывания 5,5 x 200м","true","true","","","","https://a4d.kz/content/bumaga-dlya-zapechatyvaniya-55-x-200m","P0_COMMERCIAL","NEEDS_OFFICIAL_EVIDENCE","Официальная страница бренда, каталог производителя или подтверждённый прайс с артикулом"
"public-de0c0a5076f17b40a172144b","Бурав (напильник) корневой ручной Тип К и H","true","true","","","","https://a4d.kz/content/burav-napilnik-kornevoy-ruchnoy-tip-k-i-h","P0_COMMERCIAL","NEEDS_OFFICIAL_EVIDENCE","Официальная страница бренда, каталог производителя или подтверждённый прайс с артикулом"
"public-952e587066bb143d7f66b8be","Бутылка для промывания орокуп 0780 350 00","true","true","","","","https://amdgroup.kz/catalog/dlya_aspiratsionnykh_sistem/butylka_dlya_promyvaniya_orocup_0780_350_00/","P0_COMMERCIAL","NEEDS_OFFICIAL_EVIDENCE","Официальная страница бренда, каталог производителя или подтверждённый прайс с артикулом"
"public-e283be3dbc76d35b23d71096","Бутыль стеклянная с пипеткой","true","true","","","","https://a4d.kz/content/butyl-steklyannaya-s-pipetkoy","P0_COMMERCIAL","NEEDS_OFFICIAL_EVIDENCE","Официальная страница бренда, каталог производителя или подтверждённый прайс с артикулом"
"public-e14e1b2896a5dd3406574d36","В блуе (рекипрок)","true","true","","","","https://a4d.kz/content/v-blue-reciproc","P0_COMMERCIAL","NEEDS_OFFICIAL_EVIDENCE","Официальная страница бренда, каталог производителя или подтверждённый прайс с артикулом"
"public-60b7900f1099af14d9c92cb4","Вакуумный пылеуловитель AX-MX800","true","true","","","","https://a4d.kz/content/vakuumnyy-pyleulovitel-ax-mx800","P0_COMMERCIAL","NEEDS_OFFICIAL_EVIDENCE","Официальная страница бренда, каталог производителя или подтверждённый прайс с артикулом"
"public-57c181b659cf3b600a95ea8e","Валики ватные","true","true","","","","https://a4d.kz/content/valiki-vatnye","P0_COMMERCIAL","NEEDS_OFFICIAL_EVIDENCE","Официальная страница бренда, каталог производителя или подтверждённый прайс с артикулом"
"public-a09fd1e7019fc82a246585b9","Валики ватные (уп-15рол)","true","true","","","VALIK-15","https://medstom.kz/catalog","P0_COMMERCIAL","NEEDS_OFFICIAL_EVIDENCE","Официальная страница бренда, каталог производителя или подтверждённый прайс с артикулом"
"public-7da00be98524360480dabbf0","Валики ватные (уп-20рол)","true","true","","","VALIK-20","https://medstom.kz/catalog","P0_COMMERCIAL","NEEDS_OFFICIAL_EVIDENCE","Официальная страница бренда, каталог производителя или подтверждённый прайс с артикулом"
"public-d8a2c2cc3c6fbf0e546b51e3","Валики ватные Clean+Safe 8мм, 300 гр (840 шт)","true","true","","","CLEAN-SAFE","https://medstom.kz/catalog","P0_COMMERCIAL","NEEDS_OFFICIAL_EVIDENCE","Официальная страница бренда, каталог производителя или подтверждённый прайс с артикулом"
"public-4c3240f36c42c62f553aa946","Вектор флуид полиш","true","true","","","","https://amdgroup.kz/catalog/materialy_/","P0_COMMERCIAL","NEEDS_OFFICIAL_EVIDENCE","Официальная страница бренда, каталог производителя или подтверждённый прайс с артикулом"
"public-67fdcb421cddb8e444621210","Веры бест","true","true","","","MSK-T-3","https://medstom.kz/catalog","P0_COMMERCIAL","NEEDS_OFFICIAL_EVIDENCE","Официальная страница бренда, каталог производителя или подтверждённый прайс с артикулом"
"public-0dc76a9becc68ac42d29bd64","Вибростолик","true","true","","","","https://a4d.kz/content/vibrostolik","P0_COMMERCIAL","NEEDS_OFFICIAL_EVIDENCE","Официальная страница бренда, каталог производителя или подтверждённый прайс с артикулом"
"public-179701d16b8595df5991abb2","Вибростолик AX-Z2 мощность: 100 Вт Max. Нагрузка: 2 кг Размеры:10x18x22 см Вес: 5,5Kg","true","true","","","","https://a4d.kz/content/vibrostolik-ax-z2-moshchnost-100-vt-max-nagruzka-2-kg-razmery10x18x22-sm-ves-55kg","P0_COMMERCIAL","NEEDS_OFFICIAL_EVIDENCE","Официальная страница бренда, каталог производителя или подтверждённый прайс с артикулом"
"public-d19157c481fb9af37bb8a650","Визиограф Handy HDR500","true","true","","","","https://medstom.kz/catalog","P0_COMMERCIAL","NEEDS_OFFICIAL_EVIDENCE","Официальная страница бренда, каталог производителя или подтверждённый прайс с артикулом"
"public-467791321032afa944e4e3c0","Викрил -3/0, 4/0, 5/0 стерильный рассасывающийся шовный материал с иглой","true","true","","","","https://a4d.kz/content/vikril-30-40-50-sterilnyy-rassasyvayushchiysya-shovnyy-material-s-igloy","P0_COMMERCIAL","NEEDS_OFFICIAL_EVIDENCE","Официальная страница бренда, каталог производителя или подтверждённый прайс с артикулом"
"public-efa92303073ac28c2c0b64ce","Винт для колпачка мултиюнитного протеза 3 5 4 8","true","true","","","","https://amdgroup.kz/catalog/komponenty/vint_dlya_kolpachka_multiyunitnogo_proteza_3_5_4_8/","P0_COMMERCIAL","NEEDS_OFFICIAL_EVIDENCE","Официальная страница бренда, каталог производителя или подтверждённый прайс с артикулом"
"public-25cf00523038088232f378a5","Винт короткий 3 5 4 8","true","true","","","","https://amdgroup.kz/catalog/komponenty/vint_korotkiy_3_5_4_8/","P0_COMMERCIAL","NEEDS_OFFICIAL_EVIDENCE","Официальная страница бренда, каталог производителя или подтверждённый прайс с артикулом"
"public-401a2199b7031d09380a1894","Винт лабораторный одноетапный гибридный 3 5 4 8","true","true","","","","https://amdgroup.kz/catalog/kolpachki_/vint_laboratornyy_odnoetapnyy_gibridnyy_3_5_4_8/","P0_COMMERCIAL","NEEDS_OFFICIAL_EVIDENCE","Официальная страница бренда, каталог производителя или подтверждённый прайс с артикулом"
"public-b4bd65da5df93b8b862ef9d5","Винты ортодонтические 8mm, 9mm, 11mm, 13mm,14 mm","true","true","","","","https://a4d.kz/content/vinty-ortodonticheskie-8mm-9mm-11mm-13mm14-mm-0","P0_COMMERCIAL","NEEDS_OFFICIAL_EVIDENCE","Официальная страница бренда, каталог производителя или подтверждённый прайс с артикулом"
"public-1c5e52ba3ca2ef5283bf78a3","Винты ортодонтические стандарт","true","true","","","","https://a4d.kz/content/vinty-ortodonticheskie-standart","P0_COMMERCIAL","NEEDS_OFFICIAL_EVIDENCE","Официальная страница бренда, каталог производителя или подтверждённый прайс с артикулом"
"public-b3a96432dbc5d0eda4484999","Внутренний триммер AX-MTB выпиливания арок внутри моделей из гипса оснащен мощным двигателем.Количество оборотов-2,800rpm","true","true","","","","https://a4d.kz/content/vnutrenniy-trimmer-ax-mtb-vypilivaniya-arok-vnutri-modeley-iz-gipsa-osnashchen-moshchnym","P0_COMMERCIAL","NEEDS_OFFICIAL_EVIDENCE","Официальная страница бренда, каталог производителя или подтверждённый прайс с артикулом"
"public-330c05613ad3fc27ec360bbc","Водяная бутылка","true","true","","","","https://a4d.kz/content/vodyanaya-butylka","P0_COMMERCIAL","NEEDS_OFFICIAL_EVIDENCE","Официальная страница бренда, каталог производителя или подтверждённый прайс с артикулом"
"public-38663cca9030c6964c1c7ffa","Воздушный микромотор","true","true","","","","https://a4d.kz/content/vozdushnyy-mikromotor","P0_COMMERCIAL","NEEDS_OFFICIAL_EVIDENCE","Официальная страница бренда, каталог производителя или подтверждённый прайс с артикулом"
"public-3c16074d3ea7ba02dd1a434d","Волдент 1","true","true","","","","https://a4d.kz/content/voldent-1","P0_COMMERCIAL","NEEDS_OFFICIAL_EVIDENCE","Официальная страница бренда, каталог производителя или подтверждённый прайс с артикулом"
"public-e79bc3a89772b92adf99b701","Воск базисный моделировочный для мостовидных протезов","true","true","","","","https://a4d.kz/content/vosk-bazisnyy-modelirovochnyy-dlya-mostovidnyh-protezov","P0_COMMERCIAL","NEEDS_OFFICIAL_EVIDENCE","Официальная страница бренда, каталог производителя или подтверждённый прайс с артикулом"
"public-4bd89cad9e56a1131c5102f7","Воск моделировочный WAX LINE восковая проволка для моделирования литниковой системы","true","true","","","","https://a4d.kz/content/vosk-modelirovochnyy-wax-line-voskovaya-provolka-dlya-modelirovaniya-litnikovoy-sistemy","P0_COMMERCIAL","NEEDS_OFFICIAL_EVIDENCE","Официальная страница бренда, каталог производителя или подтверждённый прайс с артикулом"
"public-4bdf65701ae49199a3da9de0","Воск ортодонтический","true","true","","","","https://a4d.kz/content/vosk-ortodonticheskiy","P0_COMMERCIAL","NEEDS_OFFICIAL_EVIDENCE","Официальная страница бренда, каталог производителя или подтверждённый прайс с артикулом"
"public-a52e9aa14c8522eb15d6e1fd","Воск погружной Pattern former wax dipping желтый","true","true","","","","https://a4d.kz/content/vosk-pogruzhnoy-pattern-former-wax-dipping-zheltyy","P0_COMMERCIAL","NEEDS_OFFICIAL_EVIDENCE","Официальная страница бренда, каталог производителя или подтверждённый прайс с артикулом"
"public-4bc41fb13976848825622602","Восковая проволка","true","true","","","","https://a4d.kz/content/voskovaya-provolka","P0_COMMERCIAL","NEEDS_OFFICIAL_EVIDENCE","Официальная страница бренда, каталог производителя или подтверждённый прайс с артикулом"
"public-868166701accd9441f08b019","Воскотопка","true","true","","","","https://a4d.kz/content/voskotopka","P0_COMMERCIAL","NEEDS_OFFICIAL_EVIDENCE","Официальная страница бренда, каталог производителя или подтверждённый прайс с артикулом"
"public-e0731e8eee9332d0fd5345e2","Гейтс дрили","true","true","","","","https://a4d.kz/content/geyts-drili","P0_COMMERCIAL","NEEDS_OFFICIAL_EVIDENCE","Официальная страница бренда, каталог производителя или подтверждённый прайс с артикулом"
"public-7737d0bd8bafd5bf70fcc147","Гейтсы Denсo (Assortii, 1, 2)","true","true","","","DENCO-G","https://medstom.kz/catalog","P0_COMMERCIAL","NEEDS_OFFICIAL_EVIDENCE","Официальная страница бренда, каталог производителя или подтверждённый прайс с артикулом"
"public-8cf4c2c2a8977a4c20cfc954","Гель протравочный Владмива","true","true","","","","https://medstom.kz/catalog","P0_COMMERCIAL","NEEDS_OFFICIAL_EVIDENCE","Официальная страница бренда, каталог производителя или подтверждённый прайс с артикулом"
"public-54de4d5fd9d01b6b039d9555","Гель травильный 37%","true","true","","","","https://a4d.kz/content/gel-travilnyy-37","P0_COMMERCIAL","NEEDS_OFFICIAL_EVIDENCE","Официальная страница бренда, каталог производителя или подтверждённый прайс с артикулом"
"public-520d96dbb7ace950d0d3393a","Гемостаб AlCl3","true","false","","Омега Дент","","https://nordstom.kz/","P0_COMMERCIAL","NEEDS_OFFICIAL_EVIDENCE","Официальная страница бренда, каталог производителя или подтверждённый прайс с артикулом"
"public-58fdf31e81c025f5608013ab","Гладилка реставрацион обратная 464 494XSI","true","true","","","","https://amdgroup.kz/catalog/restavratsiya/gladilka_restavratsion_obratnaya_464_494xsi/","P0_COMMERCIAL","NEEDS_OFFICIAL_EVIDENCE","Официальная страница бренда, каталог производителя или подтверждённый прайс с артикулом"
"public-f65c09e501fd63c7e53639cd","Гладилка с режущей граню 444 445XSI","true","true","","","","https://amdgroup.kz/catalog/restavratsiya/gladilka_s_rezhushchey_granyu_444_445xsi/","P0_COMMERCIAL","NEEDS_OFFICIAL_EVIDENCE","Официальная страница бренда, каталог производителя или подтверждённый прайс с артикулом"
"public-e0cbbdd396edca6ff06601cc","Гладилка серповидная","true","true","","","","https://a4d.kz/content/gladilka-serpovidnaya","P0_COMMERCIAL","NEEDS_OFFICIAL_EVIDENCE","Официальная страница бренда, каталог производителя или подтверждённый прайс с артикулом"
"public-04979ec8f71e2bbe2ce9481f","Гладилка серповидная 43 47DDES","true","true","","","","https://amdgroup.kz/catalog/restavratsiya/gladilka_serpovidnaya_43_47ddes/","P0_COMMERCIAL","NEEDS_OFFICIAL_EVIDENCE","Официальная страница бренда, каталог производителя или подтверждённый прайс с артикулом"
"public-61284ce77bab8c8bd512e234","Гладилка серповидная 442 443XSI","true","true","","","","https://amdgroup.kz/catalog/restavratsiya/gladilka_serpovidnaya_442_443xsi/","P0_COMMERCIAL","NEEDS_OFFICIAL_EVIDENCE","Официальная страница бренда, каталог производителя или подтверждённый прайс с артикулом"
"public-77be3b21c6236a4b427c4004","Гладилка серповидная 46 49XSI","true","true","","","","https://amdgroup.kz/catalog/restavratsiya/gladilka_serpovidnaya_46_49xsi_/","P0_COMMERCIAL","NEEDS_OFFICIAL_EVIDENCE","Официальная страница бренда, каталог производителя или подтверждённый прайс с артикулом"
"public-5ffdcca810c2a0f571cd8b7e","Гладилка серповидная 48 702DDES","true","true","","","","https://amdgroup.kz/catalog/restavratsiya/gladilka_serpovidnaya_48_702ddes/","P0_COMMERCIAL","NEEDS_OFFICIAL_EVIDENCE","Официальная страница бренда, каталог производителя или подтверждённый прайс с артикулом"
"public-96e6b384da11e63497018450","Гладилка серповидная 48 702XSI","true","true","","","","https://amdgroup.kz/catalog/restavratsiya/gladilka_serpovidnaya_48_702xsi/","P0_COMMERCIAL","NEEDS_OFFICIAL_EVIDENCE","Официальная страница бренда, каталог производителя или подтверждённый прайс с артикулом"
"public-5d1212bd900a2f5433d3ac98","Гладилка серповидная 482 483XSI","true","true","","","","https://amdgroup.kz/catalog/restavratsiya/gladilka_serpovidnaya_482_483xsi/","P0_COMMERCIAL","NEEDS_OFFICIAL_EVIDENCE","Официальная страница бренда, каталог производителя или подтверждённый прайс с артикулом"
"public-45d749f6edea2b7747b0242b","Гладилка серповидная 482 702XSI","true","true","","","","https://amdgroup.kz/catalog/restavratsiya/gladilka_serpovidnaya_482_702xsi/","P0_COMMERCIAL","NEEDS_OFFICIAL_EVIDENCE","Официальная страница бренда, каталог производителя или подтверждённый прайс с артикулом"
"public-ebaf7e0c1c3b1af35a051c09","Гладилка серповидная 483 703XSI","true","true","","","","https://amdgroup.kz/catalog/restavratsiya/gladilka_serpovidnaya_483_703xsi/","P0_COMMERCIAL","NEEDS_OFFICIAL_EVIDENCE","Официальная страница бренда, каталог производителя или подтверждённый прайс с артикулом"
"public-d5df48af52bb6fecbf37ca66","Гладилка серповидная 490 491XSI","true","true","","","","https://amdgroup.kz/catalog/restavratsiya/gladilka_serpovidnaya_490_491xsi/","P0_COMMERCIAL","NEEDS_OFFICIAL_EVIDENCE","Официальная страница бренда, каталог производителя или подтверждённый прайс с артикулом"
"public-fd6a1615f505456ce74fe315","Гладилка серповидная 71 72XSI","true","true","","","","https://amdgroup.kz/catalog/restavratsiya/gladilka_serpovidnaya_71_72xsi/","P0_COMMERCIAL","NEEDS_OFFICIAL_EVIDENCE","Официальная страница бренда, каталог производителя или подтверждённый прайс с артикулом"
"public-7387c3bb0578106b0dfa9157","Гладилка серповидная 71 73XSI","true","true","","","","https://amdgroup.kz/catalog/restavratsiya/gladilka_serpovidnaya_71_73xsi/","P0_COMMERCIAL","NEEDS_OFFICIAL_EVIDENCE","Официальная страница бренда, каталог производителя или подтверждённый прайс с артикулом"
"public-503ebab11442a5b75ce30b10","Гладилка серповидная 74 75XSI","true","true","","","","https://amdgroup.kz/catalog/restavratsiya/gladilka_serpovidnaya_74_75xsi/","P0_COMMERCIAL","NEEDS_OFFICIAL_EVIDENCE","Официальная страница бренда, каталог производителя или подтверждённый прайс с артикулом"
"public-d012d05557c565b96bd434cf","Гладилка серповидная 741 751XSI","true","true","","","","https://amdgroup.kz/catalog/restavratsiya/gladilka_serpovidnaya_741_751xsi/","P0_COMMERCIAL","NEEDS_OFFICIAL_EVIDENCE","Официальная страница бренда, каталог производителя или подтверждённый прайс с артикулом"
"public-b325fd2bf060c5262d9139b7","Гладилка серповидная 76 77XSI","true","true","","","","https://amdgroup.kz/catalog/restavratsiya/gladilka_serpovidnaya_76_77xsi/","P0_COMMERCIAL","NEEDS_OFFICIAL_EVIDENCE","Официальная страница бренда, каталог производителя или подтверждённый прайс с артикулом"
"public-84259eb269b0eab52459f946","Гладилка штопфер 41 42XSI","true","true","","","","https://amdgroup.kz/catalog/restavratsiya/gladilka_shtopfer_41_42xsi/","P0_COMMERCIAL","NEEDS_OFFICIAL_EVIDENCE","Официальная страница бренда, каталог производителя или подтверждённый прайс с артикулом"
"public-1772c72ba5f80f30a4cf5414","Гладилка штопфер 482 483DDES","true","true","","","","https://amdgroup.kz/catalog/restavratsiya/gladilka_shtopfer_482_483ddes/","P0_COMMERCIAL","NEEDS_OFFICIAL_EVIDENCE","Официальная страница бренда, каталог производителя или подтверждённый прайс с артикулом"
"public-fe9d55103a89850474a73331","Гладилка штопфер спатула 450 460XSI","true","true","","","","https://amdgroup.kz/catalog/restavratsiya/gladilka_shtopfer_spatula_450_460xsi/","P0_COMMERCIAL","NEEDS_OFFICIAL_EVIDENCE","Официальная страница бренда, каталог производителя или подтверждённый прайс с артикулом"
"public-eceb0910449782245faf7cca","Глюма бонд 5 1,4 мл","true","true","","","","https://amdgroup.kz/catalog/bondingovye_sistemy/glyuma_bond_5_1_4ml/","P0_COMMERCIAL","NEEDS_OFFICIAL_EVIDENCE","Официальная страница бренда, каталог производителя или подтверждённый прайс с артикулом"
"public-ba77ac5b18b33e00e3c4fa34","Глюма бонд универсал боттле рефилл 1,4 мл","true","true","","","","https://amdgroup.kz/catalog/bondingovye_sistemy/glyuma_bond_universal_bottle_refill_1_4ml/","P0_COMMERCIAL","NEEDS_OFFICIAL_EVIDENCE","Официальная страница бренда, каталог производителя или подтверждённый прайс с артикулом"
"public-d76e7e948ba711e196f8ebd8","Горелка","true","true","","","","https://a4d.kz/content/gorelka-0","P0_COMMERCIAL","NEEDS_OFFICIAL_EVIDENCE","Официальная страница бренда, каталог производителя или подтверждённый прайс с артикулом"
"public-54f940539a64f468dcab6324","Губной кольцевой ретрактор взрослый, детский","true","true","","","","https://a4d.kz/content/gubnoy-kolcevoy-retraktor-vzroslyy-detskiy","P0_COMMERCIAL","NEEDS_OFFICIAL_EVIDENCE","Официальная страница бренда, каталог производителя или подтверждённый прайс с артикулом"
"public-cd9a8bfa3876bfacb56de389","Губной ретрактор","true","true","","","","https://a4d.kz/content/gubnoy-retraktor","P0_COMMERCIAL","NEEDS_OFFICIAL_EVIDENCE","Официальная страница бренда, каталог производителя или подтверждённый прайс с артикулом"
"public-fbed3a198427dc112f8550d2","Гутаперчевые штифты F F1,F2,F3,F4,F5 ассорти F1-F5","true","true","","","","https://a4d.kz/content/gutaperchevye-shtifty-f-f1f2f3f4f5-assorti-f1-f5","P0_COMMERCIAL","NEEDS_OFFICIAL_EVIDENCE","Официальная страница бренда, каталог производителя или подтверждённый прайс с артикулом"
"public-4d081b8be3a67541c6b12614","Гутта перча бар","true","true","","","","https://a4d.kz/content/gutta-percha-bar","P0_COMMERCIAL","NEEDS_OFFICIAL_EVIDENCE","Официальная страница бренда, каталог производителя или подтверждённый прайс с артикулом"
"public-788a6cf5facf1898178edebd","Гутта перча обтуратион пен","true","true","","","","https://a4d.kz/content/gutta-percha-obturation-pen","P0_COMMERCIAL","NEEDS_OFFICIAL_EVIDENCE","Официальная страница бренда, каталог производителя или подтверждённый прайс с артикулом"
"public-bdc75bb77e3c5d4249f5871e","Гуттаперча SANI (02, 04, 06 конусность)","true","true","","","SANI-GUTTA-02","https://medstom.kz/catalog","P0_COMMERCIAL","NEEDS_OFFICIAL_EVIDENCE","Официальная страница бренда, каталог производителя или подтверждённый прайс с артикулом"
"public-e34253df566b331f7ecbcf18","Гуттаперча SANI (3-Конусность)","true","true","","","SANI-GUTTA-3","https://medstom.kz/catalog","P0_COMMERCIAL","NEEDS_OFFICIAL_EVIDENCE","Официальная страница бренда, каталог производителя или подтверждённый прайс с артикулом"
"public-e306172910eee6f71eb76730","Гуттаперча SANI (4-конусность)","true","true","","","SANI-GUTTA-04","https://medstom.kz/catalog","P0_COMMERCIAL","NEEDS_OFFICIAL_EVIDENCE","Официальная страница бренда, каталог производителя или подтверждённый прайс с артикулом"
"public-abb2f9a825c5e9a8dbdeea22","Гуттаперча SANI (6-конусность)","true","true","","","SANI-GUTTA-06","https://medstom.kz/catalog","P0_COMMERCIAL","NEEDS_OFFICIAL_EVIDENCE","Официальная страница бренда, каталог производителя или подтверждённый прайс с артикулом"
"public-56f4708bfc0436bf5985413b","Гуттаперчевые штифты RECIPROC","true","true","","","","https://a4d.kz/content/guttaperchevye-shtifty-reciproc","P0_COMMERCIAL","NEEDS_OFFICIAL_EVIDENCE","Официальная страница бренда, каталог производителя или подтверждённый прайс с артикулом"
"public-40d42b56ca72cbebb51f7526","Д (U,L)уги Reverse 0,12;0,14;0,16;0,18;0,20","true","true","","","","https://a4d.kz/content/d-ulugi-reverse-012014016018020","P0_COMMERCIAL","NEEDS_OFFICIAL_EVIDENCE","Официальная страница бренда, каталог производителя или подтверждённый прайс с артикулом"
"public-c74f892025091f3dc1790dff","Дез средство вектор ринс ендо 2 5L","true","true","","","","https://amdgroup.kz/catalog/dlya_apparata_vektor/dez_sredstvo_vector_rins_endo_2_5l/","P0_COMMERCIAL","NEEDS_OFFICIAL_EVIDENCE","Официальная страница бренда, каталог производителя или подтверждённый прайс с артикулом"
"public-2e3f28bad0027104bcac7def","Дез SR VO вектор клеанер 2 5L","true","true","","","","https://amdgroup.kz/catalog/dlya_apparata_vektor/dez_sr_vo_vector_cleaner_2_5l/","P0_COMMERCIAL","NEEDS_OFFICIAL_EVIDENCE","Официальная страница бренда, каталог производителя или подтверждённый прайс с артикулом"
"public-88f37b8409f34d6214b6a935","Дез SR VO оротол Plus для стом уст 2 5L","true","true","","","","https://amdgroup.kz/catalog/dlya_aspiratsionnykh_sistem/dez_sr_vo_orotol_plus_d_stom_ust_2_5l_/","P0_COMMERCIAL","NEEDS_OFFICIAL_EVIDENCE","Официальная страница бренда, каталог производителя или подтверждённый прайс с артикулом"
"public-3b9c2fe0ccc85b9693746617","Дез SR VO FD 312 для стен полов 2 5L","true","true","","","","https://amdgroup.kz/catalog/dlya_poverkhnosti/dez_sr_vo_fd_312_d_sten_polov_2_5l_/","P0_COMMERCIAL","NEEDS_OFFICIAL_EVIDENCE","Официальная страница бренда, каталог производителя или подтверждённый прайс с артикулом"
"public-256e8d568cd2dc843bec4123","Дез SR VO FD 322 для поверхн 2 5L","true","true","","","","https://amdgroup.kz/catalog/dlya_poverkhnosti/dez_sr_vo_fd_322_d_poverkhn_2_5l/","P0_COMMERCIAL","NEEDS_OFFICIAL_EVIDENCE","Официальная страница бренда, каталог производителя или подтверждённый прайс с артикулом"
"public-a46c0e77bf25ae7033972119","Дез SR VO FD 366 2 5L для анализатора гематологического абкс микрос ES 60","true","true","","","","https://amdgroup.kz/catalog/dlya_poverkhnosti/dez_sr_vo_fd_366_2_5l_d_analizatora_gematologicheskogo_abx_micros_es_60_/","P0_COMMERCIAL","NEEDS_OFFICIAL_EVIDENCE","Официальная страница бренда, каталог производителя или подтверждённый прайс с артикулом"
"public-e5d7df8f4153906bad11d429","Дез SR VO ID 212 для общ хирург инстр 2 5L","true","true","","","","https://amdgroup.kz/catalog/dlya_instrumentov/dez_sr_vo_id_212_d_obshch_khirurg_instr_2_5l/","P0_COMMERCIAL","NEEDS_OFFICIAL_EVIDENCE","Официальная страница бренда, каталог производителя или подтверждённый прайс с артикулом"
"public-0295d75dce34df773943597f","Дез SR VO ID 220 для вращ инстр 2 5L ултразвук","true","true","","","","https://amdgroup.kz/catalog/dlya_instrumentov/dez_sr_vo_id_220_d_vrashch_instr_2_5l_ultrazvuk_/","P0_COMMERCIAL","NEEDS_OFFICIAL_EVIDENCE","Официальная страница бренда, каталог производителя или подтверждённый прайс с артикулом"
"public-75866be09ad3af0654626eb6","Дез SR VO MD 520 для зуб техн изд 2 5L","true","true","","","","https://amdgroup.kz/catalog/dlya_ottiskov_/dez_sr_vo_md_520_d_zub_tekhn_izd_2_5l_/","P0_COMMERCIAL","NEEDS_OFFICIAL_EVIDENCE","Официальная страница бренда, каталог производителя или подтверждённый прайс с артикулом"
"public-9dd46692430c58d18182a8ee","Дез SR VO MD 555 2 5L для стом уст","true","true","","","","https://amdgroup.kz/catalog/dlya_aspiratsionnykh_sistem/dez_sr_vo_md_555_2_5l_d_stom_ust/","P0_COMMERCIAL","NEEDS_OFFICIAL_EVIDENCE","Официальная страница бренда, каталог производителя или подтверждённый прайс с артикулом"
"public-ae5a37cf375769692b70493f","Дентин герметизирующий ликвид 2×20 мл","true","true","","","","https://amdgroup.kz/catalog/lechenie_i_profilaktika/dentin_germetiziruyushchiy_likvid_2kh20ml/","P0_COMMERCIAL","NEEDS_OFFICIAL_EVIDENCE","Официальная страница бренда, каталог производителя или подтверждённый прайс с артикулом"
"public-bcef9760df14f1b951a4ab4f","Дентин герметизирующий ликвид 2×5 мл","true","true","","","","https://amdgroup.kz/catalog/lechenie_i_profilaktika/dentin_germetiziruyushchiy_likvid_2kh5ml/","P0_COMMERCIAL","NEEDS_OFFICIAL_EVIDENCE","Официальная страница бренда, каталог производителя или подтверждённый прайс с артикулом"
"public-50b8fad2b7ff35b6985defbb","Дентин паста детская (клубника) или (цитрон) 50гр.","true","true","","","DENTIN-P","https://medstom.kz/catalog","P0_COMMERCIAL","NEEDS_OFFICIAL_EVIDENCE","Официальная страница бренда, каталог производителя или подтверждённый прайс с артикулом"
"public-6295488767fbcadde7a0f3eb","Дену йиг пасте","true","true","","","","https://medstom.kz/catalog","P0_COMMERCIAL","NEEDS_OFFICIAL_EVIDENCE","Официальная страница бренда, каталог производителя или подтверждённый прайс с артикулом"
"public-be816c663b531a31d0c34fbc","Дену йиг ханды","true","true","","","","https://medstom.kz/catalog","P0_COMMERCIAL","NEEDS_OFFICIAL_EVIDENCE","Официальная страница бренда, каталог производителя или подтверждённый прайс с артикулом"
"public-b716fe90d54d2b616994d13c","Дену клеар варниш","true","true","","","","https://medstom.kz/catalog","P0_COMMERCIAL","NEEDS_OFFICIAL_EVIDENCE","Официальная страница бренда, каталог производителя или подтверждённый прайс с артикулом"
"public-4aa5a0861f7192da8812cbb3","Дену путты Set","true","true","","","","https://medstom.kz/catalog","P0_COMMERCIAL","NEEDS_OFFICIAL_EVIDENCE","Официальная страница бренда, каталог производителя или подтверждённый прайс с артикулом"
"public-c5ba8116509660f94efb7e5b","Дену сеал","true","true","","","","https://medstom.kz/catalog","P0_COMMERCIAL","NEEDS_OFFICIAL_EVIDENCE","Официальная страница бренда, каталог производителя или подтверждённый прайс с артикулом"
"public-f8af16bf5f2e93e432f553aa","Дену спаркле ( Kit 2)","true","true","","","","https://medstom.kz/catalog","P0_COMMERCIAL","NEEDS_OFFICIAL_EVIDENCE","Официальная страница бренда, каталог производителя или подтверждённый прайс с артикулом"
"public-99ab98adc7bd93c020f146d0","Дену темтоотх","true","true","","","","https://medstom.kz/catalog","P0_COMMERCIAL","NEEDS_OFFICIAL_EVIDENCE","Официальная страница бренда, каталог производителя или подтверждённый прайс с артикулом"
"public-48ac094b51d22ee51e645bbf","Дену флуориде гел трай","true","true","","","","https://medstom.kz/catalog","P0_COMMERCIAL","NEEDS_OFFICIAL_EVIDENCE","Официальная страница бренда, каталог производителя или подтверждённый прайс с артикулом"
"public-d697d364d76f471a3c23a36b","Держатель бутылки","true","true","","","","https://a4d.kz/content/derzhatel-butylki","P0_COMMERCIAL","NEEDS_OFFICIAL_EVIDENCE","Официальная страница бренда, каталог производителя или подтверждённый прайс с артикулом"
"public-57811e9c86a39df00b375074","Держатель для валиков","true","true","","","","https://a4d.kz/content/derzhatel-dlya-valikov-0","P0_COMMERCIAL","NEEDS_OFFICIAL_EVIDENCE","Официальная страница бренда, каталог производителя или подтверждённый прайс с артикулом"
"public-3dd4d266e7e2eb3e91fa278a","Держатель для зеркал со светом","true","true","","","","https://a4d.kz/content/derzhatel-dlya-zerkal-so-svetom","P0_COMMERCIAL","NEEDS_OFFICIAL_EVIDENCE","Официальная страница бренда, каталог производителя или подтверждённый прайс с артикулом"
"public-eb71d943cb4d5e643f67c233","Держатель для оттисных ложек пластиковый каркас и полочки.","true","true","","","","https://a4d.kz/content/derzhatel-dlya-ottisnyh-lozhek-plastikovyy-karkas-i-polochki","P0_COMMERCIAL","NEEDS_OFFICIAL_EVIDENCE","Официальная страница бренда, каталог производителя или подтверждённый прайс с артикулом"
"public-8cb5c238e47e1a07c618caf6","Держатель пленок","true","true","","","","https://a4d.kz/content/derzhatel-plenok","P0_COMMERCIAL","NEEDS_OFFICIAL_EVIDENCE","Официальная страница бренда, каталог производителя или подтверждённый прайс с артикулом"
"public-f26243e2826e8e3d0b49311e","ДЗ клинер дезинфицирующие салфетки","true","true","","","","https://a4d.kz/content/dz-kliner-dezinficiruyushchie-salfetki","P0_COMMERCIAL","NEEDS_OFFICIAL_EVIDENCE","Официальная страница бренда, каталог производителя или подтверждённый прайс с артикулом"
"public-089089f42dbc3879c725d3f4","Динаметрический ключ","true","true","","","","https://amdgroup.kz/catalog/komponenty_/dinametricheskiy_klyuch/","P0_COMMERCIAL","NEEDS_OFFICIAL_EVIDENCE","Официальная страница бренда, каталог производителя или подтверждённый прайс с артикулом"
"public-4d301be52873edca22a7a112","Дисилан плюс спрей 30мл. для аппликационной анестезии","true","true","","","","https://a4d.kz/content/disilan-plyus-sprey-30ml-dlya-applikacionnoy-anestezii","P0_COMMERCIAL","NEEDS_OFFICIAL_EVIDENCE","Официальная страница бренда, каталог производителя или подтверждённый прайс с артикулом"
"public-22df30dc2506500801391e4f","Диск алмазный 806 104 335 524 220","true","true","","","","https://amdgroup.kz/catalog/obratnokonusnye/diski_almaznye_806_104_335_524_220/","P0_COMMERCIAL","NEEDS_OFFICIAL_EVIDENCE","Официальная страница бренда, каталог производителя или подтверждённый прайс с артикулом"
"public-774491461676e560a80fafb0","Диск алмазный 806 104 350 514 220","true","true","","","","https://amdgroup.kz/catalog/obratnokonusnye/diski_almaznye_806_104_350_514_220/","P0_COMMERCIAL","NEEDS_OFFICIAL_EVIDENCE","Официальная страница бренда, каталог производителя или подтверждённый прайс с артикулом"
"public-af370d1b600fe12dc8cd8f23","Диск алмазный 806 104 350 524 190","true","true","","","","https://amdgroup.kz/catalog/obratnokonusnye/diski_almaznye_806_104_350_524_190/","P0_COMMERCIAL","NEEDS_OFFICIAL_EVIDENCE","Официальная страница бренда, каталог производителя или подтверждённый прайс с артикулом"
"public-34da117eb22f0ff7da3cf3c5","Диск алмазный 806 104 350 524 220","true","true","","","","https://amdgroup.kz/catalog/obratnokonusnye/diski_almaznye_806_104_350_524_220/","P0_COMMERCIAL","NEEDS_OFFICIAL_EVIDENCE","Официальная страница бренда, каталог производителя или подтверждённый прайс с артикулом"
"public-7368425cc02ec89940297f45","Диск алмазный 806 104 351 524 220","true","true","","","","https://amdgroup.kz/catalog/obratnokonusnye/diski_almaznye_806_104_351_524_220/","P0_COMMERCIAL","NEEDS_OFFICIAL_EVIDENCE","Официальная страница бренда, каталог производителя или подтверждённый прайс с артикулом"
"public-90f8c50123a7500fc1b09308","Диск алмазный 806 104 393 514 220","true","true","","","","https://amdgroup.kz/catalog/obratnokonusnye/diski_almaznye_806_104_393_514_220/","P0_COMMERCIAL","NEEDS_OFFICIAL_EVIDENCE","Официальная страница бренда, каталог производителя или подтверждённый прайс с артикулом"
"public-aee28dacba04cac4f4ebbc51","Диск алмазный 806 104 505 504 190","true","true","","","","https://amdgroup.kz/catalog/obratnokonusnye/diski_almaznye_806_104_505_504_190/","P0_COMMERCIAL","NEEDS_OFFICIAL_EVIDENCE","Официальная страница бренда, каталог производителя или подтверждённый прайс с артикулом"
"public-3b599c0e7b41530a5e9a7a35","Диск алмазный 806 104 605 514 220","true","true","","","","https://amdgroup.kz/catalog/obratnokonusnye/diski_almaznye_806_104_605_514_220/","P0_COMMERCIAL","NEEDS_OFFICIAL_EVIDENCE","Официальная страница бренда, каталог производителя или подтверждённый прайс с артикулом"
"public-537cf26f29f27f98edba673b","Диск алмазный 806 104 705 514 190","true","true","","","","https://amdgroup.kz/catalog/obratnokonusnye/diski_almaznye_806_104_705_514_190/","P0_COMMERCIAL","NEEDS_OFFICIAL_EVIDENCE","Официальная страница бренда, каталог производителя или подтверждённый прайс с артикулом"
"public-ab2aca33f80c572f24537d99","Диски","true","true","","","","https://amdgroup.kz/catalog/obratnokonusnye/diski/","P0_COMMERCIAL","NEEDS_OFFICIAL_EVIDENCE","Официальная страница бренда, каталог производителя или подтверждённый прайс с артикулом"
"public-8e7859e376152dfba86c2152","Диски металические","true","true","","","","https://a4d.kz/content/diski-metalicheskie","P0_COMMERCIAL","NEEDS_OFFICIAL_EVIDENCE","Официальная страница бренда, каталог производителя или подтверждённый прайс с артикулом"
"public-e1ede61aa963da5cb49082e0","Диски полировочные на прямой наконечник","true","true","","","","https://a4d.kz/content/diski-polirovochnye-na-pryamoy-nakonechnik","P0_COMMERCIAL","NEEDS_OFFICIAL_EVIDENCE","Официальная страница бренда, каталог производителя или подтверждённый прайс с артикулом"
"public-088daab027125d168687ae07","Дискодержатель на прямой наконечник под диски металические и полировочные","true","true","","","","https://a4d.kz/content/diskoderzhatel-na-pryamoy-nakonechnik-pod-diski-metalicheskie-i-polirovochnye","P0_COMMERCIAL","NEEDS_OFFICIAL_EVIDENCE","Официальная страница бренда, каталог производителя или подтверждённый прайс с артикулом"
"public-96368c90568f2307e8400406","Диспенсер для валиков","true","true","","","","https://a4d.kz/content/dispenser-dlya-valikov-2","P0_COMMERCIAL","NEEDS_OFFICIAL_EVIDENCE","Официальная страница бренда, каталог производителя или подтверждённый прайс с артикулом"
"public-45db0fcccbe2ca7f10063420","Диспенсер для материалов №1","true","true","","","","https://a4d.kz/content/dispenser-dlya-materialov-no1","P0_COMMERCIAL","NEEDS_OFFICIAL_EVIDENCE","Официальная страница бренда, каталог производителя или подтверждённый прайс с артикулом"
"public-839fa30b7544f3395a632dde","Диспенсер для материалов №2","true","true","","","","https://a4d.kz/content/dispenser-dlya-materialov-no2","P0_COMMERCIAL","NEEDS_OFFICIAL_EVIDENCE","Официальная страница бренда, каталог производителя или подтверждённый прайс с артикулом"
"public-106075bde1b207c1c9ba4241","Диспенсер для материалов №3","true","true","","","","https://a4d.kz/content/dispenser-dlya-materialov-no3","P0_COMMERCIAL","NEEDS_OFFICIAL_EVIDENCE","Официальная страница бренда, каталог производителя или подтверждённый прайс с артикулом"
"public-96efd71532aa151f780fa3af","Диспенсер для материалов №4","true","true","","","","https://a4d.kz/content/dispenser-dlya-materialov-no4","P0_COMMERCIAL","NEEDS_OFFICIAL_EVIDENCE","Официальная страница бренда, каталог производителя или подтверждённый прайс с артикулом"
"public-a74be8b01178baca42a6e92d","Диспенсер для материалов №5","true","true","","","","https://a4d.kz/content/dispenser-dlya-materialov-no5","P0_COMMERCIAL","NEEDS_OFFICIAL_EVIDENCE","Официальная страница бренда, каталог производителя или подтверждённый прайс с артикулом"
"public-68192f28bc3749dcbd43b11b","Дисталная балка","true","true","","","","https://amdgroup.kz/catalog/komponenty_/distalnaya_balka/","P0_COMMERCIAL","NEEDS_OFFICIAL_EVIDENCE","Официальная страница бренда, каталог производителя или подтверждённый прайс с артикулом"
"public-88db6da054306d00e59fa38f","Дистальные кусачки Пакистан","true","true","","","","https://a4d.kz/content/distalnye-kusachki-pakistan","P0_COMMERCIAL","NEEDS_OFFICIAL_EVIDENCE","Официальная страница бренда, каталог производителя или подтверждённый прайс с артикулом"
"public-95a263c67b1d0fbbae9c0676","Дистиллятор 3л","true","true","","","","https://a4d.kz/content/distillyator-3l","P0_COMMERCIAL","NEEDS_OFFICIAL_EVIDENCE","Официальная страница бренда, каталог производителя или подтверждённый прайс с артикулом"
"public-2427a1b08862527d1db0acce","Дистиллятор AQUA FOMOS","false","true","FOMOS","","","https://medstom.kz/catalog","P0_COMMERCIAL","NEEDS_OFFICIAL_EVIDENCE","Официальная страница бренда, каталог производителя или подтверждённый прайс с артикулом"
"public-2d60b5b174ab5225c07fc843","Дистиллятор AQUA-S FOMOS","false","true","FOMOS","","","https://medstom.kz/catalog","P0_COMMERCIAL","NEEDS_OFFICIAL_EVIDENCE","Официальная страница бренда, каталог производителя или подтверждённый прайс с артикулом"
"public-c064129e160db8a1af4dea6a","Дрел началная","true","true","","","","https://amdgroup.kz/catalog/komponenty_/drel_nachalnaya/","P0_COMMERCIAL","NEEDS_OFFICIAL_EVIDENCE","Официальная страница бренда, каталог производителя или подтверждённый прайс с артикулом"
"public-42f58aeeecf5e514590f3da1","Дрел удлинител","true","true","","","","https://amdgroup.kz/catalog/komponenty_/drel_udlinitel/","P0_COMMERCIAL","NEEDS_OFFICIAL_EVIDENCE","Официальная страница бренда, каталог производителя или подтверждённый прайс с артикулом"
"public-f22f6e17744bb114636a6028","Дрили калибровочные ассорти","true","true","","","DRIL-K","https://medstom.kz/catalog","P0_COMMERCIAL","NEEDS_OFFICIAL_EVIDENCE","Официальная страница бренда, каталог производителя или подтверждённый прайс с артикулом"
"public-6cd0323d869343d1d1e6d8b1","Дуга облицовочная NITI","false","true","NIC","","CKB-153","https://stomir.kz/","P0_COMMERCIAL","NEEDS_OFFICIAL_EVIDENCE","Официальная страница бренда, каталог производителя или подтверждённый прайс с артикулом"
"public-a68096afa2b7a7114bb7eba6","Дуга облицовочная SS","false","true","NIC","","CKB-155","https://stomir.kz/","P0_COMMERCIAL","NEEDS_OFFICIAL_EVIDENCE","Официальная страница бренда, каталог производителя или подтверждённый прайс с артикулом"
"public-d03b79bf3d2f6e624075927c","Дуга CU-Alloy","false","true","IMD","","CKB-151","https://stomir.kz/","P0_COMMERCIAL","NEEDS_OFFICIAL_EVIDENCE","Официальная страница бренда, каталог производителя или подтверждённый прайс с артикулом"
"public-9fe9031a0176051267006ce0","Дуга SS круглая","false","true","IMD","","CKB-149","https://stomir.kz/","P0_COMMERCIAL","NEEDS_OFFICIAL_EVIDENCE","Официальная страница бренда, каталог производителя или подтверждённый прайс с артикулом"
"public-1501c7be9d3d6ce23911413b","Дуга SS прямоугольная","false","true","IMD","","CKB-150","https://stomir.kz/","P0_COMMERCIAL","NEEDS_OFFICIAL_EVIDENCE","Официальная страница бренда, каталог производителя или подтверждённый прайс с артикулом"
"public-d6b66c3e09065707093efb57","Дуги лингвальные (U,L) 0,12;0,14;0,16;0,18;0,20","true","true","","","","https://a4d.kz/content/dugi-lingvalnye-ul-012014016018020","P0_COMMERCIAL","NEEDS_OFFICIAL_EVIDENCE","Официальная страница бренда, каталог производителя или подтверждённый прайс с артикулом"
"public-fa935a9823ce9b7813bb2b7d","Дуги лингвальные (U,L) 14x25,16x16, 16x22,16x25, 17x22, 17x25,18x18, 18x22, 18x25, 19x25, 21x25,20x20","true","true","","","","https://a4d.kz/content/dugi-lingvalnye-ul-14x2516x16-16x2216x25-17x22-17x2518x18-18x22-18x25-19x25-21x2520x20","P0_COMMERCIAL","NEEDS_OFFICIAL_EVIDENCE","Официальная страница бренда, каталог производителя или подтверждённый прайс с артикулом"
"public-2dd1f282125b0b9465f1b590","Дуги Cu-NiTi 0,13;0,14;0,16;0,18;0,20","true","true","","","","https://a4d.kz/content/dugi-cu-niti-013014016018020","P0_COMMERCIAL","NEEDS_OFFICIAL_EVIDENCE","Официальная страница бренда, каталог производителя или подтверждённый прайс с артикулом"
"public-8af24aaf4d6dda9f8caf150e","Дуги Cu-Niti 14x25 16x25 17x25 18x25 19x25","true","true","","","","https://a4d.kz/content/dugi-cu-niti-14x25-16x25-17x25-18x25-19x25","P0_COMMERCIAL","NEEDS_OFFICIAL_EVIDENCE","Официальная страница бренда, каталог производителя или подтверждённый прайс с артикулом"
"public-f5029ecdf4b3dc3275f4e900","Дуги NiTi (U,L) облицовочные 0,12;0,14;0,16;0,18;0,20","true","true","","","","https://a4d.kz/content/dugi-niti-ul-oblicovochnye-012014016018020","P0_COMMERCIAL","NEEDS_OFFICIAL_EVIDENCE","Официальная страница бренда, каталог производителя или подтверждённый прайс с артикулом"
"public-2983539978f3c61641d26f06","Дуги Niti (U,L) облицовочные 14x25 16x16 16x25 17x22 17x25 18x18 18x22 18x25 19x25 21x25 20x20","true","true","","","","https://a4d.kz/content/dugi-niti-ul-oblichovochnye-14x25-16x16-16x25-17x22-17x25-18x18-18x22-18x25-19x25-21x25","P0_COMMERCIAL","NEEDS_OFFICIAL_EVIDENCE","Официальная страница бренда, каталог производителя или подтверждённый прайс с артикулом"
"public-25081a14e656d40e1ea09cbe","Дуги NITI Super Elastic","false","true","IMD","","CKB-145","https://stomir.kz/","P0_COMMERCIAL","NEEDS_OFFICIAL_EVIDENCE","Официальная страница бренда, каталог производителя или подтверждённый прайс с артикулом"
"public-58f9957f23128bc051c68572","Дуги NITI Super Elastic Square","false","true","IMD","","CKB-146","https://stomir.kz/","P0_COMMERCIAL","NEEDS_OFFICIAL_EVIDENCE","Официальная страница бренда, каталог производителя или подтверждённый прайс с артикулом"
"public-e49be21a2a7b0fa15ef077d9","Дуги RCS Wires CKB-147","false","true","IMD","","CKB-147","https://stomir.kz/","P0_COMMERCIAL","NEEDS_OFFICIAL_EVIDENCE","Официальная страница бренда, каталог производителя или подтверждённый прайс с артикулом"
"public-abb0dda794cb3f6f120b7d79","Дуги RCS Wires CKB-148","false","true","IMD","","CKB-148","https://stomir.kz/","P0_COMMERCIAL","NEEDS_OFFICIAL_EVIDENCE","Официальная страница бренда, каталог производителя или подтверждённый прайс с артикулом"
"public-eb5bca388a359f977a166451","Дуги Reverse (U,L) 16х16, 16х22, 17х22, 17х25, 18х22, 18х25, 19х25, 21х25","true","true","","","","https://a4d.kz/content/dugi-reverse-ul-16h16-16h22-17h22-17h25-18h22-18h25-19h25-21h25","P0_COMMERCIAL","NEEDS_OFFICIAL_EVIDENCE","Официальная страница бренда, каталог производителя или подтверждённый прайс с артикулом"
"public-f0ee95735a4be4722df7b79e","Дуги SS (U,L) облицовочные 0,12;0,14;0,16;0,18;0,20","true","true","","","","https://a4d.kz/content/dugi-ss-ul-oblicovochnye-012014016018020","P0_COMMERCIAL","NEEDS_OFFICIAL_EVIDENCE","Официальная страница бренда, каталог производителя или подтверждённый прайс с артикулом"
"public-1f3b34ed30503781756a797d","Дуги SS(U,L) облицовочные 14x25, 16x16, 16x22,16x25, 17x22, 17x25,18x18, 18x22, 18x25, 19x25, 21x25,20x20","true","true","","","","https://a4d.kz/content/dugi-ssul-oblichovochnye-14x25-16x16-16x2216x25-17x22-17x2518x18-18x22-18x25-19x25","P0_COMMERCIAL","NEEDS_OFFICIAL_EVIDENCE","Официальная страница бренда, каталог производителя или подтверждённый прайс с артикулом"
"public-3731ca084a1fad09548d6a87","Дуги Thermal Active (U,L) 0,12;0,14;0,16;0,18,020","true","true","","","","https://a4d.kz/content/dugi-thermal-active-ul-012014016018020","P0_COMMERCIAL","NEEDS_OFFICIAL_EVIDENCE","Официальная страница бренда, каталог производителя или подтверждённый прайс с артикулом"
"public-5a35cd3a83c86668735f71f5","Дуги Thermal Active (U,L) 14x25,16x16, 16x22,16x25, 17x22, 17x25,18x18, 18x22, 18x25, 19x25, 21x25,20x20","true","true","","","","https://a4d.kz/content/dugi-thermal-active-ul-14x2516x16-16x2216x25-17x22-17x2518x18-18x22-18x25-19x25-21x2520x20","P0_COMMERCIAL","NEEDS_OFFICIAL_EVIDENCE","Официальная страница бренда, каталог производителя или подтверждённый прайс с артикулом"
"public-04ed227d670baa538e38432f","Дуги TMA (U,L) 0,12;0,14;0,16;0,18;0,20","true","true","","","","https://a4d.kz/content/dugi-tma-ul-012014016018020","P0_COMMERCIAL","NEEDS_OFFICIAL_EVIDENCE","Официальная страница бренда, каталог производителя или подтверждённый прайс с артикулом"
"public-c5be92fb735e23062f32ac8d","Дуги TMA (U,L) 14x25 16x16 16x25 17x22 17x25 18x18 18x22 18x25 19x25 21x25 20x20","true","true","","","","https://a4d.kz/content/dugi-tma-ul-14x25-16x16-16x25-17x22-17x25-18x18-18x22-18x25-19x25-21x25-20x20","P0_COMMERCIAL","NEEDS_OFFICIAL_EVIDENCE","Официальная страница бренда, каталог производителя или подтверждённый прайс с артикулом"
"public-430bc443d8324d8f05e8ddf9","Екскаватор 301 302SDES","true","true","","","","https://amdgroup.kz/catalog/ekskavatory/ekskavator_301_302sdes/","P0_COMMERCIAL","NEEDS_OFFICIAL_EVIDENCE","Официальная страница бренда, каталог производителя или подтверждённый прайс с артикулом"
"public-b53212f9cf55069386e403a9","Екскаватор 522 523XSI","true","true","","","","https://amdgroup.kz/catalog/ekskavatory/ekskavator_522_523xsi/","P0_COMMERCIAL","NEEDS_OFFICIAL_EVIDENCE","Официальная страница бренда, каталог производителя или подтверждённый прайс с артикулом"
"public-43c8eb16bb57be0534f2f4d1","Екскаватор 533 534XSI","true","true","","","","https://amdgroup.kz/catalog/ekskavatory/ekskavator_533_534xsi/","P0_COMMERCIAL","NEEDS_OFFICIAL_EVIDENCE","Официальная страница бренда, каталог производителя или подтверждённый прайс с артикулом"
"public-a346f5e6df34c59d3d9f4553","Екскаватор 6121 6221XSI","true","true","","","","https://amdgroup.kz/catalog/ekskavatory/ekskavator_6121_6221xsi/","P0_COMMERCIAL","NEEDS_OFFICIAL_EVIDENCE","Официальная страница бренда, каталог производителя или подтверждённый прайс с артикулом"
"public-c31023828a29151e3c758a85","Екскаватор 6321 6421XSI","true","true","","","","https://amdgroup.kz/catalog/ekskavatory/ekskavator_6321_6421xsi/","P0_COMMERCIAL","NEEDS_OFFICIAL_EVIDENCE","Официальная страница бренда, каталог производителя или подтверждённый прайс с артикулом"
"public-1bd4472a1ab67f950151acc1","Екскаватор 6322 6422XSI","true","true","","","","https://amdgroup.kz/catalog/ekskavatory/ekskavator_6322_6422xsi/","P0_COMMERCIAL","NEEDS_OFFICIAL_EVIDENCE","Официальная страница бренда, каталог производителя или подтверждённый прайс с артикулом"
"public-2c3b506c31519af5b7018f6b","Екскаватор 65 66XSI","true","true","","","","https://amdgroup.kz/catalog/ekskavatory/ekskavator_65_66xsi/","P0_COMMERCIAL","NEEDS_OFFICIAL_EVIDENCE","Официальная страница бренда, каталог производителя или подтверждённый прайс с артикулом"
"public-7ac52755371a85f78f7bcb97","Екскаватор 764 766XSI","true","true","","","","https://amdgroup.kz/catalog/ekskavatory/ekskavator_764_766xsi/","P0_COMMERCIAL","NEEDS_OFFICIAL_EVIDENCE","Официальная страница бренда, каталог производителя или подтверждённый прайс с артикулом"
"public-c148d47aca462ff33a767cae","Екскаватор для корневых каналов 1,0 мм 612 622XSI","true","true","","","","https://amdgroup.kz/catalog/ekskavatory/ekskavator_dlya_kornevykh_kanalov_1_0_mm_612_622xsi/","P0_COMMERCIAL","NEEDS_OFFICIAL_EVIDENCE","Официальная страница бренда, каталог производителя или подтверждённый прайс с артикулом"
"public-47c72501b64946fe226eefe8","Екскаватор трехугловой круглый 1,0 мм","true","true","","","","https://amdgroup.kz/catalog/ekskavatory/ekskavator_trekhuglovoy_kruglyy_1_0_mm/","P0_COMMERCIAL","NEEDS_OFFICIAL_EVIDENCE","Официальная страница бренда, каталог производителя или подтверждённый прайс с артикулом"
"public-066d1dc8ef9a251d3d4ee01b","Елеватор 61 62XSI","true","true","","","","https://amdgroup.kz/catalog/elevatory/elevator_61_62xsi/","P0_COMMERCIAL","NEEDS_OFFICIAL_EVIDENCE","Официальная страница бренда, каталог производителя или подтверждённый прайс с артикулом"
"public-a49b6b5a0cd6f0974fd0ce56","Елеватор 63 64XSI","true","true","","","","https://amdgroup.kz/catalog/elevatory/elevator_63_64xsi/","P0_COMMERCIAL","NEEDS_OFFICIAL_EVIDENCE","Официальная страница бренда, каталог производителя или подтверждённый прайс с артикулом"
"public-a76c0d5a70f1718b56d8b873","Елеватор 632 642XSI","true","true","","","","https://amdgroup.kz/catalog/elevatory/elevator_632_642xsi/","P0_COMMERCIAL","NEEDS_OFFICIAL_EVIDENCE","Официальная страница бренда, каталог производителя или подтверждённый прайс с артикулом"
"public-203b98702ac0debbdd26426f","Елеватор 7500","true","true","","","","https://amdgroup.kz/catalog/elevatory/elevator_7500/","P0_COMMERCIAL","NEEDS_OFFICIAL_EVIDENCE","Официальная страница бренда, каталог производителя или подтверждённый прайс с артикулом"
"public-9320a9532b77fdf2ecb2f462","Елеватор 812210","true","true","","","","https://amdgroup.kz/catalog/elevatory/elevator_812210/","P0_COMMERCIAL","NEEDS_OFFICIAL_EVIDENCE","Официальная страница бренда, каталог производителя или подтверждённый прайс с артикулом"
"public-d123a580209494057398bd1f","Елеватор 812430","true","true","","","","https://amdgroup.kz/catalog/elevatory/elevator_812430/","P0_COMMERCIAL","NEEDS_OFFICIAL_EVIDENCE","Официальная страница бренда, каталог производителя или подтверждённый прайс с артикулом"
"public-3199f2408e8479f3ca9658b4","Елеватор прямой 812230","true","true","","","","https://amdgroup.kz/catalog/elevatory/elevator_pryamoy_812230/","P0_COMMERCIAL","NEEDS_OFFICIAL_EVIDENCE","Официальная страница бренда, каталог производителя или подтверждённый прайс с артикулом"
"public-f2bca344cd6e062350876e18","Елеватор прямой 812650","true","true","","","","https://amdgroup.kz/catalog/elevatory/elevator_pryamoy_812650/","P0_COMMERCIAL","NEEDS_OFFICIAL_EVIDENCE","Официальная страница бренда, каталог производителя или подтверждённый прайс с артикулом"
"public-be76301df320aea90a59e3eb","Емал глубокий фторид 2 20 мл","true","true","","","","https://amdgroup.kz/catalog/lechenie_i_profilaktika/emal_glubokiy_ftorid_2_20ml_/","P0_COMMERCIAL","NEEDS_OFFICIAL_EVIDENCE","Официальная страница бренда, каталог производителя или подтверждённый прайс с артикулом"
"public-9a495cb04bf735decf7ee801","Емал глубокий фторид 2,5 мл","true","true","","","","https://amdgroup.kz/catalog/lechenie_i_profilaktika/emal_glubokiy_ftorid_2_5ml_/","P0_COMMERCIAL","NEEDS_OFFICIAL_EVIDENCE","Официальная страница бренда, каталог производителя или подтверждённый прайс с артикулом"
"public-a428a361692891139dafc362","Емкость с краном для стоматологических растворов","true","true","","","","https://a4d.kz/content/emkost-s-kranom-dlya-stomatologicheskih-rastvorov","P0_COMMERCIAL","NEEDS_OFFICIAL_EVIDENCE","Официальная страница бренда, каталог производителя или подтверждённый прайс с артикулом"
"public-7d87049de3f007e8957f584f","Енгине филе пластик","true","true","","","","https://a4d.kz/content/engine-file-plastic","P0_COMMERCIAL","NEEDS_OFFICIAL_EVIDENCE","Официальная страница бренда, каталог производителя или подтверждённый прайс с артикулом"
"public-f27632ae93faa47dddfbb3d7","Ендо дебридер (H тыпе) ендо опенерс (к тыпе)","true","true","","","","https://a4d.kz/content/endo-debrider-h-type-endo-openers-k-type","P0_COMMERCIAL","NEEDS_OFFICIAL_EVIDENCE","Официальная страница бренда, каталог производителя или подтверждённый прайс с артикулом"
"public-6fb594e529676866a2d57bb3","Ендо ключ DT 018A","true","true","","","","https://amdgroup.kz/catalog/instrumenty2/endo_klyuch_dt_018a/","P0_COMMERCIAL","NEEDS_OFFICIAL_EVIDENCE","Официальная страница бренда, каталог производителя или подтверждённый прайс с артикулом"
"public-ef1fa83744d51db5c400b205","Ендофайл 6820 225","true","true","","","","https://amdgroup.kz/catalog/instrumenty2/endofayl_6820_225_/","P0_COMMERCIAL","NEEDS_OFFICIAL_EVIDENCE","Официальная страница бренда, каталог производителя или подтверждённый прайс с артикулом"
"public-0ab6234558e07591b97c3fc8","Ендофайл 6820 231","true","true","","","","https://amdgroup.kz/catalog/instrumenty2/endofayl_6820_231_/","P0_COMMERCIAL","NEEDS_OFFICIAL_EVIDENCE","Официальная страница бренда, каталог производителя или подтверждённый прайс с артикулом"
"public-6af3d35691711d1a2bcf87f9","Ендофайл 6820 300 5SHT","true","true","","","","https://amdgroup.kz/catalog/instrumenty2/endofayl_6820_300_5sht/","P0_COMMERCIAL","NEEDS_OFFICIAL_EVIDENCE","Официальная страница бренда, каталог производителя или подтверждённый прайс с артикулом"
"public-1e009c0dbdd5fdc5a6b0d4e9","Ендофайл 6820 325 5SHT","true","true","","","","https://amdgroup.kz/catalog/instrumenty2/endofayl_6820_325_5sht/","P0_COMMERCIAL","NEEDS_OFFICIAL_EVIDENCE","Официальная страница бренда, каталог производителя или подтверждённый прайс с артикулом"
"public-ee762878e895870c356165be","Ендофайл 6820 331","true","true","","","","https://amdgroup.kz/catalog/instrumenty2/endofayl_6820_331/","P0_COMMERCIAL","NEEDS_OFFICIAL_EVIDENCE","Официальная страница бренда, каталог производителя или подтверждённый прайс с артикулом"
"public-3c2ee5679f277c66a5495f08","Ендофайл 6820 835 5SHT","true","true","","","","https://amdgroup.kz/catalog/instrumenty2/endofayl_6820_835_5sht/","P0_COMMERCIAL","NEEDS_OFFICIAL_EVIDENCE","Официальная страница бренда, каталог производителя или подтверждённый прайс с артикулом"
"public-84d1b188949874a56a971002","Ендофайл 6825 210 5SHT","true","true","","","","https://amdgroup.kz/catalog/instrumenty2/endofayl_6825_210_5sht/","P0_COMMERCIAL","NEEDS_OFFICIAL_EVIDENCE","Официальная страница бренда, каталог производителя или подтверждённый прайс с артикулом"
"public-7792527e79739b41f3a3fc11","Ендофайл 6825 215","true","true","","","","https://amdgroup.kz/catalog/instrumenty2/endofayl_6825_215/","P0_COMMERCIAL","NEEDS_OFFICIAL_EVIDENCE","Официальная страница бренда, каталог производителя или подтверждённый прайс с артикулом"
"public-b0551c1cc160553f368d30a7","Ендофайл 6825 220 5SHT","true","true","","","","https://amdgroup.kz/catalog/instrumenty2/endofayl_6825_220_5sht/","P0_COMMERCIAL","NEEDS_OFFICIAL_EVIDENCE","Официальная страница бренда, каталог производителя или подтверждённый прайс с артикулом"
"public-44589a1309edd1fd61b309d6","Ендофайл 6825 630","true","true","","","","https://amdgroup.kz/catalog/instrumenty2/endofayl_6825_630/","P0_COMMERCIAL","NEEDS_OFFICIAL_EVIDENCE","Официальная страница бренда, каталог производителя или подтверждённый прайс с артикулом"
"public-ef775982c41accf263ed315d","Енклосуре дие бокс","true","true","","","","https://a4d.kz/content/enclosure-die-box","P0_COMMERCIAL","NEEDS_OFFICIAL_EVIDENCE","Официальная страница бренда, каталог производителя или подтверждённый прайс с артикулом"
"public-7c80fb9ed79cf04c1876fca8","Ершики 0,7/0,8/1,0/1,2 мм","true","true","","","","https://a4d.kz/content/ershiki-07081012-mm-0","P0_COMMERCIAL","NEEDS_OFFICIAL_EVIDENCE","Официальная страница бренда, каталог производителя или подтверждённый прайс с артикулом"
"public-874a3c26aad737addf2338dc","Загибатор для лигатур","true","true","","","","https://amdgroup.kz/catalog/ortodontiya2/zagibator_dlya_ligatur/","P0_COMMERCIAL","NEEDS_OFFICIAL_EVIDENCE","Официальная страница бренда, каталог производителя или подтверждённый прайс с артикулом"
"public-76c71c7a9eb8899502afbbd5","Загубники металлические","true","true","","","ZAGUBNIK","https://medstom.kz/catalog","P0_COMMERCIAL","NEEDS_OFFICIAL_EVIDENCE","Официальная страница бренда, каталог производителя или подтверждённый прайс с артикулом"
"public-702180b5aa7a857ec54671dd","Зажим кровоостанавливающий","true","true","","","","https://medstom.kz/catalog","P0_COMMERCIAL","NEEDS_OFFICIAL_EVIDENCE","Официальная страница бренда, каталог производителя или подтверждённый прайс с артикулом"
"public-030f8364366f2df5e1a8c8f4","Зажим кровоостанавливающий Англия","true","true","","","","https://a4d.kz/content/zazhim-krovoostanavlivayushchiy-angliya","P0_COMMERCIAL","NEEDS_OFFICIAL_EVIDENCE","Официальная страница бренда, каталог производителя или подтверждённый прайс с артикулом"
"public-cfccfd927720552f8f781e1b","Зажим кровоостанавливающий зубчатый","true","true","","","","https://a4d.kz/content/zazhim-krovoostanavlivayushchiy-zubchatyy","P0_COMMERCIAL","NEEDS_OFFICIAL_EVIDENCE","Официальная страница бренда, каталог производителя или подтверждённый прайс с артикулом"
"public-ca7f8a7ea281a2d9ffd8447d","Зажим кровоостанавливающий Пакистан","true","true","","","","https://a4d.kz/content/zazhim-krovoostanavlivayushchiy-pakistan","P0_COMMERCIAL","NEEDS_OFFICIAL_EVIDENCE","Официальная страница бренда, каталог производителя или подтверждённый прайс с артикулом"
"public-80e88bac8712d0a01cecfefb","Зажим Мэтью (Англия)","true","true","","","","https://a4d.kz/content/zazhim-metyu-angliya","P0_COMMERCIAL","NEEDS_OFFICIAL_EVIDENCE","Официальная страница бренда, каталог производителя или подтверждённый прайс с артикулом"
"public-82892668ea94f7c6b61f0366","Зажим Мэтью с мелкой крестообразной насечкой","true","true","","","CKB-157","https://stomir.kz/","P0_COMMERCIAL","NEEDS_OFFICIAL_EVIDENCE","Официальная страница бренда, каталог производителя или подтверждённый прайс с артикулом"
"public-04ef19349e9fa2b1139c55dd","Зажим Пакистан","true","true","","","","https://a4d.kz/content/zazhim-pakistan","P0_COMMERCIAL","NEEDS_OFFICIAL_EVIDENCE","Официальная страница бренда, каталог производителя или подтверждённый прайс с артикулом"
"public-c2252bbc370df91d7025afa1","Зажимное кольцо / мягкийсредний/ жетский","true","true","","","","https://a4d.kz/content/zazhimnoe-kolco-myagkiysredniy-zhetskiy","P0_COMMERCIAL","NEEDS_OFFICIAL_EVIDENCE","Официальная страница бренда, каталог производителя или подтверждённый прайс с артикулом"
"public-2170b90b7e67cdea593042c6","Замки ортодонтические на 6-ые зубы Monoblock","true","true","","","","https://a4d.kz/content/zamki-ortodonticheskie-na-6-ye-zuby-monoblock-0","P0_COMMERCIAL","NEEDS_OFFICIAL_EVIDENCE","Официальная страница бренда, каталог производителя или подтверждённый прайс с артикулом"
"public-7f265fdff1d5ab0658eb6799","Замки ортодонтические на 6-ые зубы-1G","true","true","","","","https://a4d.kz/content/zamki-ortodonticheskie-na-6-ye-zuby-1g-0","P0_COMMERCIAL","NEEDS_OFFICIAL_EVIDENCE","Официальная страница бренда, каталог производителя или подтверждённый прайс с артикулом"
"public-cfa99f8257e7434c8b5223b9","Замки ортодонтические на 6-ые зубы-3G","true","true","","","","https://a4d.kz/content/zamki-ortodonticheskie-na-6-ye-zuby-3g-0","P0_COMMERCIAL","NEEDS_OFFICIAL_EVIDENCE","Официальная страница бренда, каталог производителя или подтверждённый прайс с артикулом"
"public-115d2359680cea8be636368b","Замки ортодонтические на 6-ые зубы-5G","true","true","","","","https://a4d.kz/content/zamki-ortodonticheskie-na-6-ye-zuby-5g-0","P0_COMMERCIAL","NEEDS_OFFICIAL_EVIDENCE","Официальная страница бренда, каталог производителя или подтверждённый прайс с артикулом"
"public-73cb1eed70099cef9b74ce7d","Замки ортодонтические на 6-ые зубы-Combnation buccal tubes","true","true","","","","https://a4d.kz/content/zamki-ortodonticheskie-na-6-ye-zuby-combnation-buccal-tubes-0","P0_COMMERCIAL","NEEDS_OFFICIAL_EVIDENCE","Официальная страница бренда, каталог производителя или подтверждённый прайс с артикулом"
"public-730cfaba41a22064fd23f89c","Замки ортодонтические на 6-ые зубы-Sgl","true","true","","","","https://a4d.kz/content/zamki-ortodonticheskie-na-6-ye-zuby-sgl-0","P0_COMMERCIAL","NEEDS_OFFICIAL_EVIDENCE","Официальная страница бренда, каталог производителя или подтверждённый прайс с артикулом"
"public-699127fdf419198b0bfd6a48","Запечатывающее устройство FOMOS для упаковки инструмента FoSeal","false","true","FOMOS","","","https://medstom.kz/catalog","P0_COMMERCIAL","NEEDS_OFFICIAL_EVIDENCE","Официальная страница бренда, каталог производителя или подтверждённый прайс с артикулом"
"public-de664f23b35cdabf242b7edb","Запечатывающее устройство FOMOS для упаковки инструмента FoSeal-01","false","true","FOMOS","","","https://medstom.kz/catalog","P0_COMMERCIAL","NEEDS_OFFICIAL_EVIDENCE","Официальная страница бренда, каталог производителя или подтверждённый прайс с артикулом"
"public-1863681f7b7d78ac50cb43cc","Запечатывающее устройство FOMOS для упаковки инструмента FoSeal-02","false","true","FOMOS","","","https://medstom.kz/catalog","P0_COMMERCIAL","NEEDS_OFFICIAL_EVIDENCE","Официальная страница бренда, каталог производителя или подтверждённый прайс с артикулом"
"public-b4b7346e553567fec60d18a5","Запечатывающее устройство FOMOS для упаковки инструменты-Foseal Ap","false","true","FOMOS","","","https://medstom.kz/catalog","P0_COMMERCIAL","NEEDS_OFFICIAL_EVIDENCE","Официальная страница бренда, каталог производителя или подтверждённый прайс с артикулом"
"public-2af7e964b5a1ec46be7c87a2","Защитные очки красные","true","true","","","","https://a4d.kz/content/zashchitnye-ochki-krasnye-0","P0_COMMERCIAL","NEEDS_OFFICIAL_EVIDENCE","Официальная страница бренда, каталог производителя или подтверждённый прайс с артикулом"
"public-08d253aed8c8dc06a5ce3090","Защитные свинцовые очки","true","true","","","","https://a4d.kz/content/zashchitnye-svincovye-ochki-0","P0_COMMERCIAL","NEEDS_OFFICIAL_EVIDENCE","Официальная страница бренда, каталог производителя или подтверждённый прайс с артикулом"
"public-93c98cd5cea4047f80f89143","Зеркало","true","true","","","","https://a4d.kz/content/zerkalo","P0_COMMERCIAL","NEEDS_OFFICIAL_EVIDENCE","Официальная страница бренда, каталог производителя или подтверждённый прайс с артикулом"
"public-582281aaf4747a60892d593c","Зеркало для осмтора","true","true","","","","https://a4d.kz/content/zerkalo-dlya-osmtora","P0_COMMERCIAL","NEEDS_OFFICIAL_EVIDENCE","Официальная страница бренда, каталог производителя или подтверждённый прайс с артикулом"
"public-219166229f676dacc2cc0af2","Зеркало для пациента","true","true","","","ZERKALO","https://medstom.kz/catalog","P0_COMMERCIAL","NEEDS_OFFICIAL_EVIDENCE","Официальная страница бренда, каталог производителя или подтверждённый прайс с артикулом"
"public-3b2831923b000eb780e35d6e","Зеркало с ручкой","true","true","","","","https://a4d.kz/content/zerkalo-s-ruchkoy","P0_COMMERCIAL","NEEDS_OFFICIAL_EVIDENCE","Официальная страница бренда, каталог производителя или подтверждённый прайс с артикулом"
"public-04249b5a891c2f044aa6524b","Зетаплус линтро Kit","true","true","","","","https://a4d.kz/content/zetaplus-lintro-kit","P0_COMMERCIAL","NEEDS_OFFICIAL_EVIDENCE","Официальная страница бренда, каталог производителя или подтверждённый прайс с артикулом"
"public-50ba6d25702e3277a63c284e","Зубная фея","true","true","","","","https://a4d.kz/content/zubnaya-feya","P0_COMMERCIAL","NEEDS_OFFICIAL_EVIDENCE","Официальная страница бренда, каталог производителя или подтверждённый прайс с артикулом"
"public-52a5f16ce4a4f9c733a0db20","Зубные щетки детские","true","true","","","","https://a4d.kz/content/zubnye-shchetki-detskie","P0_COMMERCIAL","NEEDS_OFFICIAL_EVIDENCE","Официальная страница бренда, каталог производителя или подтверждённый прайс с артикулом"
"public-74aef3dcbbaf7e13e13b574d","Зуботехническая наклон ная плоскость для сглажи вания окклюзионной поверхности восковых валиков Сонис 5,001 НП","true","true","","","","https://a4d.kz/content/zubotehnicheskaya-naklon-naya-ploskost-dlya-sglazhi-vaniya-okklyuzionnoy-poverhnosti-0","P0_COMMERCIAL","NEEDS_OFFICIAL_EVIDENCE","Официальная страница бренда, каталог производителя или подтверждённый прайс с артикулом"
"public-b66d4efca6ab0e1888295485","Зуботехнические полиры набор","true","true","","","","https://a4d.kz/content/zubotehnicheskie-poliry-nabor","P0_COMMERCIAL","NEEDS_OFFICIAL_EVIDENCE","Официальная страница бренда, каталог производителя или подтверждённый прайс с артикулом"
"public-b4d4f98a7e65e96db1936938","Зуботехнический пылесос AX-SUPER800 для удаления пыли","true","true","","","","https://a4d.kz/content/zubotehnicheskiy-pylesos-ax-super800-dlya-udaleniya-pyli","P0_COMMERCIAL","NEEDS_OFFICIAL_EVIDENCE","Официальная страница бренда, каталог производителя или подтверждённый прайс с артикулом"
"public-29efe2741cb42292a7dc6a7c","Зубы акриловые","true","true","","","","https://a4d.kz/content/zuby-akrilovye","P0_COMMERCIAL","NEEDS_OFFICIAL_EVIDENCE","Официальная страница бренда, каталог производителя или подтверждённый прайс с артикулом"
"public-299e7743258e2d5ff27113ff","Иглодержатель (Англия)","true","true","","","","https://a4d.kz/content/igloderzhatel-angliya","P0_COMMERCIAL","NEEDS_OFFICIAL_EVIDENCE","Официальная страница бренда, каталог производителя или подтверждённый прайс с артикулом"
"public-e0730094b150337d611a017c","Иглодержатель 18 см (Англия)","true","true","","","","https://a4d.kz/content/igloderzhatel-18-sm-angliya","P0_COMMERCIAL","NEEDS_OFFICIAL_EVIDENCE","Официальная страница бренда, каталог производителя или подтверждённый прайс с артикулом"
"public-0e9baf4c8f22117736c89af6","Иглодержатель 25-300 14 см или Иглодержатель 25-132 18см","true","true","","","","https://medstom.kz/catalog","P0_COMMERCIAL","NEEDS_OFFICIAL_EVIDENCE","Официальная страница бренда, каталог производителя или подтверждённый прайс с артикулом"
"public-e98c0bc84843445b624015a0","Иглодержатель 25-302 17см","true","true","","","","https://medstom.kz/catalog","P0_COMMERCIAL","NEEDS_OFFICIAL_EVIDENCE","Официальная страница бренда, каталог производителя или подтверждённый прайс с артикулом"
"public-165f66884f84b56d49e4ce78","Иглодержатель общехиругический прямой Truewin TW4-263","true","true","","","","https://medstom.kz/catalog","P0_COMMERCIAL","NEEDS_OFFICIAL_EVIDENCE","Официальная страница бренда, каталог производителя или подтверждённый прайс с артикулом"
"public-69fe221b6db0e64518e3974c","Иглодержатель Hold the needle detector 14cm Англия","true","true","","","","https://a4d.kz/content/igloderzhatel-hold-needle-detector-14cm-angliya","P0_COMMERCIAL","NEEDS_OFFICIAL_EVIDENCE","Официальная страница бренда, каталог производителя или подтверждённый прайс с артикулом"
"public-6cbbbdb2c4be06c985a3ac41","Иглы карпульные CE ISO Sterile (12мм/21мм/25мм/32мм)","true","true","","","CE-ISO","https://medstom.kz/catalog","P0_COMMERCIAL","NEEDS_OFFICIAL_EVIDENCE","Официальная страница бренда, каталог производителя или подтверждённый прайс с артикулом"
"public-62feecfdf301805fda53e536","Иглы карпульные Spident (ассортимент)","true","true","","","SPIDENT-04","https://medstom.kz/catalog","P0_COMMERCIAL","NEEDS_OFFICIAL_EVIDENCE","Официальная страница бренда, каталог производителя или подтверждённый прайс с артикулом"
"public-77eb9e44acaf9a68c32d2752","Иглы корневые КМИЗ №1, №2, №3, ассорти","true","true","","","","https://a4d.kz/content/igly-kornevye-kmiz-no1-no2-no3-assorti","P0_COMMERCIAL","NEEDS_OFFICIAL_EVIDENCE","Официальная страница бренда, каталог производителя или подтверждённый прайс с артикулом"
"public-ad9173d7897820cf2c8ae32a","Измерител высоты CF NP","true","true","","","","https://amdgroup.kz/catalog/komponenty_/izmeritel_vysoty_cf_np/","P0_COMMERCIAL","NEEDS_OFFICIAL_EVIDENCE","Официальная страница бренда, каталог производителя или подтверждённый прайс с артикулом"
"public-3eb8cbe3f6fae2b4b309f4a7","Измерител высоты CF SP","true","true","","","","https://amdgroup.kz/catalog/komponenty_/izmeritel_vysoty_cf_sp/","P0_COMMERCIAL","NEEDS_OFFICIAL_EVIDENCE","Официальная страница бренда, каталог производителя или подтверждённый прайс с артикулом"
"public-7ea1ad7fc0101872bc7bc6fb","Имплантат аналоговый CF NP","true","true","","","","https://amdgroup.kz/catalog/analogi/implantat_analogovyy_cf_np/","P0_COMMERCIAL","NEEDS_OFFICIAL_EVIDENCE","Официальная страница бренда, каталог производителя или подтверждённый прайс с артикулом"
"public-e3592cb4d5d2390ed666198d","Имплантат аналоговый CF SP","true","true","","","","https://amdgroup.kz/catalog/analogi/implantat_analogovyy_cf_sp/","P0_COMMERCIAL","NEEDS_OFFICIAL_EVIDENCE","Официальная страница бренда, каталог производителя или подтверждённый прайс с артикулом"
"public-736941ff63a6d5d30c97639f","Имплантат конический CF 3 75×10 NP","true","true","","","","https://amdgroup.kz/catalog/3_75/implantat_konicheskiy_cf_3_75x10_np/","P0_COMMERCIAL","NEEDS_OFFICIAL_EVIDENCE","Официальная страница бренда, каталог производителя или подтверждённый прайс с артикулом"
"public-8d65ee15d97a6d229e635df0","Имплантат конический CF 3 75×11 5 NP","true","true","","","","https://amdgroup.kz/catalog/3_75/implantat_konicheskiy_cf_3_75x11_5_np/","P0_COMMERCIAL","NEEDS_OFFICIAL_EVIDENCE","Официальная страница бренда, каталог производителя или подтверждённый прайс с артикулом"
"public-e0b7ba60c6c9e55332b403f4","Имплантат конический CF 3 75×13 NP","true","true","","","","https://amdgroup.kz/catalog/3_75/implantat_konicheskiy_cf_3_75x13_np/","P0_COMMERCIAL","NEEDS_OFFICIAL_EVIDENCE","Официальная страница бренда, каталог производителя или подтверждённый прайс с артикулом"
"public-05630bc232a604d41078a2ba","Имплантат конический CF 3 75×16 NP","true","true","","","","https://amdgroup.kz/catalog/3_75/implantat_konicheskiy_cf_3_75x16_np/","P0_COMMERCIAL","NEEDS_OFFICIAL_EVIDENCE","Официальная страница бренда, каталог производителя или подтверждённый прайс с артикулом"
"public-a69a31eed59011694332d8d5","Имплантат конический CF 3 75×18 NP","true","true","","","","https://amdgroup.kz/catalog/3_75/implantat_konicheskiy_cf_3_75x18_np/","P0_COMMERCIAL","NEEDS_OFFICIAL_EVIDENCE","Официальная страница бренда, каталог производителя или подтверждённый прайс с артикулом"
"public-7f22998e763d88b640dc2d27","Имплантат конический CF 3 75×8 NP","true","true","","","","https://amdgroup.kz/catalog/3_75/implantat_konicheskiy_cf_3_75x8_np/","P0_COMMERCIAL","NEEDS_OFFICIAL_EVIDENCE","Официальная страница бренда, каталог производителя или подтверждённый прайс с артикулом"
"public-287604b06626fbf660c04916","Имплантат конический CF 3,5×10 NP","true","true","","","","https://amdgroup.kz/catalog/3_5/implantat_konicheskiy_cf_3_5x10_np/","P0_COMMERCIAL","NEEDS_OFFICIAL_EVIDENCE","Официальная страница бренда, каталог производителя или подтверждённый прайс с артикулом"
"public-75f42f7e22ddcfa4e4872ac9","Имплантат конический CF 3,5×11 5 NP","true","true","","","","https://amdgroup.kz/catalog/3_5/implantat_konicheskiy_cf_3_5x11_5_np/","P0_COMMERCIAL","NEEDS_OFFICIAL_EVIDENCE","Официальная страница бренда, каталог производителя или подтверждённый прайс с артикулом"
"public-91804c05f911f2bdf953470d","Имплантат конический CF 3,5×13 NP","true","true","","","","https://amdgroup.kz/catalog/3_5/implantat_konicheskiy_cf_3_5x13_np/","P0_COMMERCIAL","NEEDS_OFFICIAL_EVIDENCE","Официальная страница бренда, каталог производителя или подтверждённый прайс с артикулом"
"public-535c0bf8412f11f1ba7cbe6a","Имплантат конический CF 3,5×16 NP","true","true","","","","https://amdgroup.kz/catalog/3_5/implantat_konicheskiy_cf_3_5x16_np/","P0_COMMERCIAL","NEEDS_OFFICIAL_EVIDENCE","Официальная страница бренда, каталог производителя или подтверждённый прайс с артикулом"
"public-9f73c8a60641b763df0ffe9c","Имплантат конический CF 3,5×18 NP","true","true","","","","https://amdgroup.kz/catalog/3_5/implantat_konicheskiy_cf_3_5x18_np/","P0_COMMERCIAL","NEEDS_OFFICIAL_EVIDENCE","Официальная страница бренда, каталог производителя или подтверждённый прайс с артикулом"
"public-e979345d58d14e21e4737975","Имплантат конический CF 3,5×8 NP","true","true","","","","https://amdgroup.kz/catalog/3_5/implantat_konicheskiy_cf_3_5x8_np/","P0_COMMERCIAL","NEEDS_OFFICIAL_EVIDENCE","Официальная страница бренда, каталог производителя или подтверждённый прайс с артикулом"
"public-7397142dff6c55d77732990e","Имплантат конический CF 4,0×10 SP","true","true","","","","https://amdgroup.kz/catalog/4_0/implantat_konicheskiy_cf_4_0x10_sp/","P0_COMMERCIAL","NEEDS_OFFICIAL_EVIDENCE","Официальная страница бренда, каталог производителя или подтверждённый прайс с артикулом"
"public-82f7d07c6a76f2b389322583","Имплантат конический CF 4,0×11 5 SP","true","true","","","","https://amdgroup.kz/catalog/4_0/implantat_konicheskiy_cf_4_0x11_5_sp/","P0_COMMERCIAL","NEEDS_OFFICIAL_EVIDENCE","Официальная страница бренда, каталог производителя или подтверждённый прайс с артикулом"
"public-d9a5da15103cef4a641823c9","Имплантат конический CF 4,0×13 SP","true","true","","","","https://amdgroup.kz/catalog/4_0/implantat_konicheskiy_cf_4_0x13_sp/","P0_COMMERCIAL","NEEDS_OFFICIAL_EVIDENCE","Официальная страница бренда, каталог производителя или подтверждённый прайс с артикулом"
"public-69778a7000acfc0ebe4fcdd0","Имплантат конический CF 4,0×16 SP","true","true","","","","https://amdgroup.kz/catalog/4_0/implantat_konicheskiy_cf_4_0x16_sp/","P0_COMMERCIAL","NEEDS_OFFICIAL_EVIDENCE","Официальная страница бренда, каталог производителя или подтверждённый прайс с артикулом"
"public-900effe70aa60e2976cd7d4a","Имплантат конический CF 4,0×18 SP","true","true","","","","https://amdgroup.kz/catalog/4_0/implantat_konicheskiy_cf_4_0x18_sp/","P0_COMMERCIAL","NEEDS_OFFICIAL_EVIDENCE","Официальная страница бренда, каталог производителя или подтверждённый прайс с артикулом"
"public-259f793f284ebc66f3ed2d64","Имплантат конический CF 4,0×7 SP","true","true","","","","https://amdgroup.kz/catalog/4_0/implantat_konicheskiy_cf_4_0x7_sp/","P0_COMMERCIAL","NEEDS_OFFICIAL_EVIDENCE","Официальная страница бренда, каталог производителя или подтверждённый прайс с артикулом"
"public-9ad37e992da7b396680faebe","Имплантат конический CF 4,0×8 SP","true","true","","","","https://amdgroup.kz/catalog/4_0/implantat_konicheskiy_cf_4_0x8_sp/","P0_COMMERCIAL","NEEDS_OFFICIAL_EVIDENCE","Официальная страница бренда, каталог производителя или подтверждённый прайс с артикулом"
"public-8618a15ff0b2057861ccc52d","Имплантат конический CF 4,3×10 SP","true","true","","","","https://amdgroup.kz/catalog/4_3/implantat_konicheskiy_cf_4_3x10_sp/","P0_COMMERCIAL","NEEDS_OFFICIAL_EVIDENCE","Официальная страница бренда, каталог производителя или подтверждённый прайс с артикулом"
"public-4c24fc0fd77a07432e4ce3d8","Имплантат конический CF 4,3×11 5 SP","true","true","","","","https://amdgroup.kz/catalog/4_3/implantat_konicheskiy_cf_4_3x11_5_sp/","P0_COMMERCIAL","NEEDS_OFFICIAL_EVIDENCE","Официальная страница бренда, каталог производителя или подтверждённый прайс с артикулом"
"public-aa3e31a2d488f2caf521b733","Имплантат конический CF 4,3×13 SP","true","true","","","","https://amdgroup.kz/catalog/4_3/implantat_konicheskiy_cf_4_3x13_sp/","P0_COMMERCIAL","NEEDS_OFFICIAL_EVIDENCE","Официальная страница бренда, каталог производителя или подтверждённый прайс с артикулом"
"public-4c9c2a308de1ae5925b3dc5e","Имплантат конический CF 4,3×16 SP","true","true","","","","https://amdgroup.kz/catalog/4_3/implantat_konicheskiy_cf_4_3x16_sp/","P0_COMMERCIAL","NEEDS_OFFICIAL_EVIDENCE","Официальная страница бренда, каталог производителя или подтверждённый прайс с артикулом"
"public-18e6842cd0f3b2dc5c22c7ae","Имплантат конический CF 4,3×18 SP","true","true","","","","https://amdgroup.kz/catalog/4_3/implantat_konicheskiy_cf_4_3x18_sp/","P0_COMMERCIAL","NEEDS_OFFICIAL_EVIDENCE","Официальная страница бренда, каталог производителя или подтверждённый прайс с артикулом"
"public-c69c7fe72e8cd403f341be56","Имплантат конический CF 4,3×7 SP","true","true","","","","https://amdgroup.kz/catalog/4_3/implantat_konicheskiy_cf_4_3x7_sp/","P0_COMMERCIAL","NEEDS_OFFICIAL_EVIDENCE","Официальная страница бренда, каталог производителя или подтверждённый прайс с артикулом"
"public-4d1f2ed48a739f0ab8ee79ba","Имплантат конический CF 4,3×8 SP","true","true","","","","https://amdgroup.kz/catalog/4_3/implantat_konicheskiy_cf_4_3x8_sp/","P0_COMMERCIAL","NEEDS_OFFICIAL_EVIDENCE","Официальная страница бренда, каталог производителя или подтверждённый прайс с артикулом"
"public-c1e644958e2eb7420b8857e8","Имплантат конический CF 5,0×10 SP","true","true","","","","https://amdgroup.kz/catalog/5_0/implantat_konicheskiy_cf_5_0x10_sp/","P0_COMMERCIAL","NEEDS_OFFICIAL_EVIDENCE","Официальная страница бренда, каталог производителя или подтверждённый прайс с артикулом"
"public-84f03ef6e9d8a483d941d9fd","Имплантат конический CF 5,0×11 5 SP","true","true","","","","https://amdgroup.kz/catalog/5_0/implantat_konicheskiy_cf_5_0x11_5_sp/","P0_COMMERCIAL","NEEDS_OFFICIAL_EVIDENCE","Официальная страница бренда, каталог производителя или подтверждённый прайс с артикулом"
"public-6180616c1ccc642c1a116f95","Имплантат конический CF 5,0×13 SP","true","true","","","","https://amdgroup.kz/catalog/5_0/implantat_konicheskiy_cf_5_0x13_sp/","P0_COMMERCIAL","NEEDS_OFFICIAL_EVIDENCE","Официальная страница бренда, каталог производителя или подтверждённый прайс с артикулом"
"public-a62d812528112d0fb6531f40","Имплантат конический CF 5,0×16 SP","true","true","","","","https://amdgroup.kz/catalog/5_0/implantat_konicheskiy_cf_5_0x16_sp/","P0_COMMERCIAL","NEEDS_OFFICIAL_EVIDENCE","Официальная страница бренда, каталог производителя или подтверждённый прайс с артикулом"
"public-021f9096b45fc3fba6919750","Имплантат конический CF 5,0×7 SP","true","true","","","","https://amdgroup.kz/catalog/5_0/implantat_konicheskiy_cf_5_0x7_sp/","P0_COMMERCIAL","NEEDS_OFFICIAL_EVIDENCE","Официальная страница бренда, каталог производителя или подтверждённый прайс с артикулом"
"public-047a2292fdb62d3509f7ba6d","Имплантат конический CF 5,0×8 SP","true","true","","","","https://amdgroup.kz/catalog/5_0/implantat_konicheskiy_cf_5_0x8_sp/","P0_COMMERCIAL","NEEDS_OFFICIAL_EVIDENCE","Официальная страница бренда, каталог производителя или подтверждённый прайс с артикулом"
"public-eab9b5ba30f632b70880c42a","Индивидуальные ложки","true","true","","","","https://a4d.kz/content/individualnye-lozhki","P0_COMMERCIAL","NEEDS_OFFICIAL_EVIDENCE","Официальная страница бренда, каталог производителя или подтверждённый прайс с артикулом"
"public-8d4a7da1d45a5df8e0ebfdce","Индикаторная лента 12 mm","true","true","","","","https://a4d.kz/content/indikatornaya-lenta-12-mm","P0_COMMERCIAL","NEEDS_OFFICIAL_EVIDENCE","Официальная страница бренда, каталог производителя или подтверждённый прайс с артикулом"
"public-b2ff7380ff27657557055fb5","Инструмент для досаживания бандажных колец","true","true","","","","https://a4d.kz/content/instrument-dlya-dosazhivaniya-bandazhnyh-kolec","P0_COMMERCIAL","NEEDS_OFFICIAL_EVIDENCE","Официальная страница бренда, каталог производителя или подтверждённый прайс с артикулом"
"public-2dc5da17bb0d7ec472144604","Инструмент для закладывания ретракционных нитей","true","true","","","CKT-6","https://stomir.kz/","P0_COMMERCIAL","NEEDS_OFFICIAL_EVIDENCE","Официальная страница бренда, каталог производителя или подтверждённый прайс с артикулом"
"public-145c37a583cb53231d3ef74b","Инструмент для лигатурной проволки","true","true","","","","https://a4d.kz/content/instrument-dlya-ligaturnoy-provolki","P0_COMMERCIAL","NEEDS_OFFICIAL_EVIDENCE","Официальная страница бренда, каталог производителя или подтверждённый прайс с артикулом"
"public-073b03bcefc75b89c8cb42c8","Инструмент для полировки композитных пломб","true","true","","","","https://a4d.kz/content/instrument-dlya-polirovki-kompozitnyh-plomb","P0_COMMERCIAL","NEEDS_OFFICIAL_EVIDENCE","Официальная страница бренда, каталог производителя или подтверждённый прайс с артикулом"
"public-4249a71a40ed97f233f73263","Инструмент для припасовки колец (Band pusher)","true","true","","","","https://a4d.kz/content/instrument-dlya-pripasovki-kolec-band-pusher","P0_COMMERCIAL","NEEDS_OFFICIAL_EVIDENCE","Официальная страница бренда, каталог производителя или подтверждённый прайс с артикулом"
"public-ba5a6a39d9790fe94447a454","Инструмент для соскабливания костных материалов (Англия)","true","true","","","","https://a4d.kz/content/instrument-dlya-soskablivaniya-kostnyh-materialov-angliya-0","P0_COMMERCIAL","NEEDS_OFFICIAL_EVIDENCE","Официальная страница бренда, каталог производителя или подтверждённый прайс с артикулом"
"public-4eeb4a05c861d9fd2e1b1092","Инструмент для удаления пломбировочного материала","true","true","","","","https://amdgroup.kz/catalog/emalevye_nozhy/instrument_d_udaleniya_plombirovochnogo_materiala/","P0_COMMERCIAL","NEEDS_OFFICIAL_EVIDENCE","Официальная страница бренда, каталог производителя или подтверждённый прайс с артикулом"
"public-eaf4d071e29682700a125511","Инструмент для фиксации сепарационных колец","true","true","","","","https://a4d.kz/content/instrument-dlya-fiksacii-separacionnyh-kolec","P0_COMMERCIAL","NEEDS_OFFICIAL_EVIDENCE","Официальная страница бренда, каталог производителя или подтверждённый прайс с артикулом"
"public-d9ddbdf85f846e48316bb8b6","Инструмент для чистки","true","true","","","","https://a4d.kz/content/instrument-dlya-chistki","P0_COMMERCIAL","NEEDS_OFFICIAL_EVIDENCE","Официальная страница бренда, каталог производителя или подтверждённый прайс с артикулом"
"public-d08859321d077406446afd42","Инструмент для: • Ретракции десневой ткани • Вставки ретракционной нити Разделения зубов при установке матриц, раббердама","true","true","","","","https://a4d.kz/content/instrument-dlya-retrakcii-desnevoy-tkani-vstavki-retrakcionnoy-niti-razdeleniya-zubov-pri","P0_COMMERCIAL","NEEDS_OFFICIAL_EVIDENCE","Официальная страница бренда, каталог производителя или подтверждённый прайс с артикулом"
"public-7f3e18cc61e739245b02c96a","Инструмент стом для подгибания ортодонтической дуги","true","true","","","","https://amdgroup.kz/catalog/ortodontiya2/instrument_stom_dlya_podgibaniya_ortodonticheskoy_dugi/","P0_COMMERCIAL","NEEDS_OFFICIAL_EVIDENCE","Официальная страница бренда, каталог производителя или подтверждённый прайс с артикулом"
"public-0da831a75a34110fba50cbab","Инструмент B3","true","true","","","","https://amdgroup.kz/catalog/nasadki_dlya_pezo_apparata/instrument_b3/","P0_COMMERCIAL","NEEDS_OFFICIAL_EVIDENCE","Официальная страница бренда, каталог производителя или подтверждённый прайс с артикулом"
"public-41e10fec9ad3d8f844cc0cd3","Инструмент Retainer retrievers","true","true","","","","https://a4d.kz/content/instrument-retainer-retrievers","P0_COMMERCIAL","NEEDS_OFFICIAL_EVIDENCE","Официальная страница бренда, каталог производителя или подтверждённый прайс с артикулом"
"public-8fdfd1fec8fc478e25665023","Инструмент V6","true","true","","","","https://amdgroup.kz/catalog/nasadki_dlya_pezo_apparata/instrument_v6/","P0_COMMERCIAL","NEEDS_OFFICIAL_EVIDENCE","Официальная страница бренда, каталог производителя или подтверждённый прайс с артикулом"
"public-2ea9bddc5891336d2ed97042","Инструмент V7","true","true","","","","https://amdgroup.kz/catalog/nasadki_dlya_pezo_apparata/instrument_v7/","P0_COMMERCIAL","NEEDS_OFFICIAL_EVIDENCE","Официальная страница бренда, каталог производителя или подтверждённый прайс с артикулом"
"public-63add6b35effd79c7bd28486","Инструменты для эндодонтии","true","true","","","","https://amdgroup.kz/catalog/materialy_/","P0_COMMERCIAL","NEEDS_OFFICIAL_EVIDENCE","Официальная страница бренда, каталог производителя или подтверждённый прайс с артикулом"
"public-05cb20648a8e35de88f7b1e9","Инструменты измерителне 6820ES","true","true","","","","https://amdgroup.kz/catalog/nabory2/instrumenty_izmeritelnye_6820es/","P0_COMMERCIAL","NEEDS_OFFICIAL_EVIDENCE","Официальная страница бренда, каталог производителя или подтверждённый прайс с артикулом"
"public-44bb4192819ae8c14d1d62cc","Интраоралная рентгеновская система Veraview IX тыпе R","true","true","","","","https://amdgroup.kz/catalog/rentgen_apparaty_/intraoralnaya_rentgenovskaya_sistema_veraview_ix_type_r/","P0_COMMERCIAL","NEEDS_OFFICIAL_EVIDENCE","Официальная страница бренда, каталог производителя или подтверждённый прайс с артикулом"
"public-36fc7804b854712c3be19bce","Интраоральный сканер Рanda P3 — компактный и точный интраоральный сканер для быстрой цифровой фиксации оттисков","true","true","","","","https://medstom.kz/catalog","P0_COMMERCIAL","NEEDS_OFFICIAL_EVIDENCE","Официальная страница бренда, каталог производителя или подтверждённый прайс с артикулом"
"public-8ef8fb0408fe5e3f85154513","Ионосил 3×2,5 г","true","true","","","","https://amdgroup.kz/catalog/prokladochnye_lechebnye_i_izoliruyushchie_materialy/ionosil_3kh2_5g_/","P0_COMMERCIAL","NEEDS_OFFICIAL_EVIDENCE","Официальная страница бренда, каталог производителя или подтверждённый прайс с артикулом"
"public-68a25b6918f7b3e64e9cee9a","Ирригационные системы для физиодиспенсераО","true","true","","","","https://a4d.kz/content/irrigacionnye-sistemy-dlya-fiziodispenserao","P0_COMMERCIAL","NEEDS_OFFICIAL_EVIDENCE","Официальная страница бренда, каталог производителя или подтверждённый прайс с артикулом"
"public-3bbcc6887ac59ae02450e05d","К-файл стальные","true","true","","","","https://a4d.kz/content/k-fayl-stalnye","P0_COMMERCIAL","NEEDS_OFFICIAL_EVIDENCE","Официальная страница бренда, каталог производителя или подтверждённый прайс с артикулом"
"public-efe8d59c09aa0db448b67d06","К-файлы Niti SANI","true","true","","","","https://a4d.kz/content/k-fayly-niti-sani","P0_COMMERCIAL","NEEDS_OFFICIAL_EVIDENCE","Официальная страница бренда, каталог производителя или подтверждённый прайс с артикулом"
"public-a4e6b681c857388c05c81223","Калцимол лц 2×2,5 г","true","true","","","","https://amdgroup.kz/catalog/prokladochnye_lechebnye_i_izoliruyushchie_materialy/kaltsimol_lts_2kh2_5g_/","P0_COMMERCIAL","NEEDS_OFFICIAL_EVIDENCE","Официальная страница бренда, каталог производителя или подтверждённый прайс с артикулом"
"public-74bee1392d5aca3ad98088a2","Камера интраоральная Zzlinker","true","true","","","","https://medstom.kz/catalog","P0_COMMERCIAL","NEEDS_OFFICIAL_EVIDENCE","Официальная страница бренда, каталог производителя или подтверждённый прайс с артикулом"
"public-a08afb989fc24aab3a812bc7","Каналонаполнители КМИЗ","true","true","","","","https://a4d.kz/content/kanalonapolniteli-kmiz","P0_COMMERCIAL","NEEDS_OFFICIAL_EVIDENCE","Официальная страница бренда, каталог производителя или подтверждённый прайс с артикулом"
"public-2d2aaabd2b8897f421862002","Каналонаполнитель Paste carriers","true","true","","","","https://a4d.kz/content/kanalonapolnitel-paste-carriers","P0_COMMERCIAL","NEEDS_OFFICIAL_EVIDENCE","Официальная страница бренда, каталог производителя или подтверждённый прайс с артикулом"
"public-2770cb64f764f8bffa029600","Каналорасширители КМИЗ","true","true","","","","https://a4d.kz/content/kanalorasshiriteli-kmiz","P0_COMMERCIAL","NEEDS_OFFICIAL_EVIDENCE","Официальная страница бренда, каталог производителя или подтверждённый прайс с артикулом"
"public-2f336e3918c304b156526d64","Каналорасширители ручные КМИЗ","true","true","","","","https://a4d.kz/content/kanalorasshiriteli-ruchnye-kmiz","P0_COMMERCIAL","NEEDS_OFFICIAL_EVIDENCE","Официальная страница бренда, каталог производителя или подтверждённый прайс с артикулом"
"public-22ef698bc48b2d62c26e0703","Канюли 7001 для смещивания желтые 1:1","true","true","","","","https://a4d.kz/content/kanyuli-7001-dlya-smeshchivaniya-zheltye-11","P0_COMMERCIAL","NEEDS_OFFICIAL_EVIDENCE","Официальная страница бренда, каталог производителя или подтверждённый прайс с артикулом"
"public-87cd823a3e46a0d4ab7d064e","Канюли 7002 для смешивания бирюзовый 1:1","true","true","","","","https://a4d.kz/content/kanyuli-7002-dlya-smeshivaniya-biryuzovyy-11","P0_COMMERCIAL","NEEDS_OFFICIAL_EVIDENCE","Официальная страница бренда, каталог производителя или подтверждённый прайс с артикулом"
"public-fcdf8e46abb0131b6006bdd4","Канюли 7003 для смешивания розовые 1:1","true","true","","","","https://a4d.kz/content/kanyuli-7003-dlya-smeshivaniya-rozovye-11","P0_COMMERCIAL","NEEDS_OFFICIAL_EVIDENCE","Официальная страница бренда, каталог производителя или подтверждённый прайс с артикулом"
"public-64afc3d3c11c1e01c4077e83","Канюли 7005 для смешивания фиолетовые 1:1","true","true","","","","https://a4d.kz/content/kanyuli-7005-dlya-smeshivaniya-fioletovye-11","P0_COMMERCIAL","NEEDS_OFFICIAL_EVIDENCE","Официальная страница бренда, каталог производителя или подтверждённый прайс с артикулом"
"public-0b8e441ddb788735cb10d34d","Канюли 7010 для смещивания синие/ оранжевые 10:1","true","true","","","","https://a4d.kz/content/kanyuli-7010-dlya-smeshchivaniya-sinie-oranzhevye-101","P0_COMMERCIAL","NEEDS_OFFICIAL_EVIDENCE","Официальная страница бренда, каталог производителя или подтверждённый прайс с артикулом"
"public-f0da9b21f899e683421e3042","Канюли 7011 для смещивания синие 1:1","true","true","","","","https://a4d.kz/content/kanyuli-7011-dlya-smeshchivaniya-sinie-11","P0_COMMERCIAL","NEEDS_OFFICIAL_EVIDENCE","Официальная страница бренда, каталог производителя или подтверждённый прайс с артикулом"
"public-2ba15e886dd16e289374ef53","Канюли 7012 для смещивания синие короткие1:1","true","true","","","","https://a4d.kz/content/kanyuli-7012-dlya-smeshchivaniya-sinie-korotkie11","P0_COMMERCIAL","NEEDS_OFFICIAL_EVIDENCE","Официальная страница бренда, каталог производителя или подтверждённый прайс с артикулом"
"public-2c5790e09c04a022cabef2bc","Канюли 7014 для смешивания коричневые с коротким носиком","true","true","","","","https://a4d.kz/content/kanyuli-7014-dlya-smeshivaniya-korichnevye-s-korotkim-nosikom","P0_COMMERCIAL","NEEDS_OFFICIAL_EVIDENCE","Официальная страница бренда, каталог производителя или подтверждённый прайс с артикулом"
"public-9b2d91fd63d1b8a151a91c79","Канюли 7015 для смешивания коричневые","true","true","","","","https://a4d.kz/content/kanyuli-7015-dlya-smeshivaniya-korichnevye","P0_COMMERCIAL","NEEDS_OFFICIAL_EVIDENCE","Официальная страница бренда, каталог производителя или подтверждённый прайс с артикулом"
"public-ce03733f2e7508125044e7da","Канюли 7016 для смешивания коричневые с коротким носиком","true","true","","","","https://a4d.kz/content/kanyuli-7016-dlya-smeshivaniya-korichnevye-s-korotkim-nosikom","P0_COMMERCIAL","NEEDS_OFFICIAL_EVIDENCE","Официальная страница бренда, каталог производителя или подтверждённый прайс с артикулом"
"public-f0b5029ffa34dc130d9cd597","Канюли 7018 для смешивания коричневые с длинным носиком","true","true","","","","https://a4d.kz/content/kanyuli-7018-dlya-smeshivaniya-korichnevye-s-dlinnym-nosikom","P0_COMMERCIAL","NEEDS_OFFICIAL_EVIDENCE","Официальная страница бренда, каталог производителя или подтверждённый прайс с артикулом"
"public-d729965deef5e3fe72263035","Канюли 7055 для смешивания на пентамикс","true","true","","","","https://a4d.kz/content/kanyuli-7055-dlya-smeshivaniya-na-pentamiks","P0_COMMERCIAL","NEEDS_OFFICIAL_EVIDENCE","Официальная страница бренда, каталог производителя или подтверждённый прайс с артикулом"
"public-0bed311136ed9aee3cebbdea","Каппы для отбеливания","true","true","","","","https://a4d.kz/content/kappy-dlya-otbelivaniya","P0_COMMERCIAL","NEEDS_OFFICIAL_EVIDENCE","Официальная страница бренда, каталог производителя или подтверждённый прайс с артикулом"
"public-960c14f4970f6172fc2b26a4","Карандаш химический, L=177 мм, d=7,15 мм","true","true","","","","https://a4d.kz/content/karandash-himicheskiy-l177-mm-d715-mm","P0_COMMERCIAL","NEEDS_OFFICIAL_EVIDENCE","Официальная страница бренда, каталог производителя или подтверждённый прайс с артикулом"
"public-0a71790be598995e4f9cd3cf","Карборундовые диски","true","true","","","","https://a4d.kz/content/karborundovye-diski","P0_COMMERCIAL","NEEDS_OFFICIAL_EVIDENCE","Официальная страница бренда, каталог производителя или подтверждённый прайс с артикулом"
"public-f2e72e2e2ca4fc6850a7e062","Кариес детектор","true","true","","","","https://a4d.kz/content/karies-detektor","P0_COMMERCIAL","NEEDS_OFFICIAL_EVIDENCE","Официальная страница бренда, каталог производителя или подтверждённый прайс с артикулом"
"public-17fb353923c30cf46a696a9e","Кассета для протезирования","true","true","","","","https://amdgroup.kz/catalog/nabory/kasseta_dlya_protezirovaniya/","P0_COMMERCIAL","NEEDS_OFFICIAL_EVIDENCE","Официальная страница бренда, каталог производителя или подтверждённый прайс с артикулом"
"public-a3ae94af3c93e0519e885880","Кассета для протезирования CD1001002 1","true","true","","","","https://amdgroup.kz/catalog/nabory/kasseta_dlya_protezirovaniya_cd1001002_1/","P0_COMMERCIAL","NEEDS_OFFICIAL_EVIDENCE","Официальная страница бренда, каталог производителя или подтверждённый прайс с артикулом"
"public-823090226555dc573cd824e7","Кассета для стерилизации инструментов метал-6 инстр","true","true","","","","https://a4d.kz/content/kasseta-dlya-sterilizacii-instrumentov-metal-6-instr","P0_COMMERCIAL","NEEDS_OFFICIAL_EVIDENCE","Официальная страница бренда, каталог производителя или подтверждённый прайс с артикулом"
"public-5c26ba2bccdeee6aaa1b2126","Кассета для стерилизации на 8 инструментов пластик","true","true","","","","https://a4d.kz/content/kasseta-dlya-sterilizacii-na-8-instrumentov-plastik","P0_COMMERCIAL","NEEDS_OFFICIAL_EVIDENCE","Официальная страница бренда, каталог производителя или подтверждённый прайс с артикулом"
"public-afb5460c3a0d8da8e27388bb","Кассеты для инструментов -3 инструмента","true","true","","","","https://a4d.kz/content/kassety-dlya-instrumentov-3-instrumenta","P0_COMMERCIAL","NEEDS_OFFICIAL_EVIDENCE","Официальная страница бренда, каталог производителя или подтверждённый прайс с артикулом"
"public-9cad063f41e398714eef6304","Керамические брекеты 0,022 (Класс А, В, С)","true","true","","","BR-KER-A","https://medstom.kz/catalog","P0_COMMERCIAL","NEEDS_OFFICIAL_EVIDENCE","Официальная страница бренда, каталог производителя или подтверждённый прайс с артикулом"
"public-b5a42e9873041f8ac91bf369","Кетгут -3/0, 4/0, 5/0 стерильный рассасывающийся шовный материал с иглой","true","true","","","","https://a4d.kz/content/ketgut-30-40-50-sterilnyy-rassasyvayushchiysya-shovnyy-material-s-igloy","P0_COMMERCIAL","NEEDS_OFFICIAL_EVIDENCE","Официальная страница бренда, каталог производителя или подтверждённый прайс с артикулом"
"public-e46fac69de6f3bdbf5e38679","Кисточки аппликационные с держателем","true","true","","","","https://a4d.kz/content/kistochki-applikacionnye-s-derzhatelem-0","P0_COMMERCIAL","NEEDS_OFFICIAL_EVIDENCE","Официальная страница бренда, каталог производителя или подтверждённый прайс с артикулом"
"public-e267fdfe699338e3c7b54929","Клампы Бринкера ретракторы десневого края","true","true","","","","https://a4d.kz/content/klampy-brinkera-retraktory-desnevogo-kraya","P0_COMMERCIAL","NEEDS_OFFICIAL_EVIDENCE","Официальная страница бренда, каталог производителя или подтверждённый прайс с артикулом"
"public-721a0e66f8b65e3ebee47c0c","Клампы детские 3,016","true","true","","","","https://a4d.kz/content/klampy-detskie-3016","P0_COMMERCIAL","NEEDS_OFFICIAL_EVIDENCE","Официальная страница бренда, каталог производителя или подтверждённый прайс с артикулом"
"public-55f9925f9436137a374ef981","Клампы для детских зубов Правый -Левый Россия","true","true","","","","https://a4d.kz/content/klampy-dlya-detskih-zubov-pravyy-levyy-rossiya","P0_COMMERCIAL","NEEDS_OFFICIAL_EVIDENCE","Официальная страница бренда, каталог производителя или подтверждённый прайс с артикулом"
"public-6572f4e3e0028d75181ce043","Клампы для моляров симметричные Россия","true","true","","","","https://a4d.kz/content/klampy-dlya-molyarov-simmetrichnye-rossiya","P0_COMMERCIAL","NEEDS_OFFICIAL_EVIDENCE","Официальная страница бренда, каталог производителя или подтверждённый прайс с артикулом"
"public-56aa59a84990ee1da364bc87","Клампы для передних зубов Россия","true","true","","","","https://a4d.kz/content/klampy-dlya-perednih-zubov-rossiya","P0_COMMERCIAL","NEEDS_OFFICIAL_EVIDENCE","Официальная страница бренда, каталог производителя или подтверждённый прайс с артикулом"
"public-8661dcc4cb09a2bb6d1ee76a","Клампы для премоляров симетричные Россия","true","true","","","","https://a4d.kz/content/klampy-dlya-premolyarov-simetrichnye-rossiya","P0_COMMERCIAL","NEEDS_OFFICIAL_EVIDENCE","Официальная страница бренда, каталог производителя или подтверждённый прайс с артикулом"
"public-fc73a4a29b5265dd16e3aac4","Клампы набор 3,014","true","true","","","","https://a4d.kz/content/klampy-nabor-3014","P0_COMMERCIAL","NEEDS_OFFICIAL_EVIDENCE","Официальная страница бренда, каталог производителя или подтверждённый прайс с артикулом"
"public-06b3051299786d945f07040d","Клампы набор 3,017 № 1, № 7, № 8, № 8А, № 9, № 14, № 201, № 202, № 212 Россия","true","true","","","","https://a4d.kz/content/klampy-nabor-3017-no-1-no-7-no-8-no-8a-no-9-no-14-no-201-no-202-no-212-rossiya","P0_COMMERCIAL","NEEDS_OFFICIAL_EVIDENCE","Официальная страница бренда, каталог производителя или подтверждённый прайс с артикулом"
"public-6b1f245284a2837765346cc2","Клампы Пакистан","true","true","","","","https://a4d.kz/content/klampy-pakistan","P0_COMMERCIAL","NEEDS_OFFICIAL_EVIDENCE","Официальная страница бренда, каталог производителя или подтверждённый прайс с артикулом"
"public-9b31d13ef1f0e20efbeb822c","Клампы Правый -Левый Россия","true","true","","","","https://a4d.kz/content/klampy-pravyy-levyy-rossiya","P0_COMMERCIAL","NEEDS_OFFICIAL_EVIDENCE","Официальная страница бренда, каталог производителя или подтверждённый прайс с артикулом"
"public-2f03f1b10e28c119f072ca9d","Клей ортодонтический световой 3 шприца протравка,бонд 8 мл","true","true","","","","https://a4d.kz/content/kley-ortodonticheskiy-svetovoy-3-shprica-protravkabond-8-ml","P0_COMMERCIAL","NEEDS_OFFICIAL_EVIDENCE","Официальная страница бренда, каталог производителя или подтверждённый прайс с артикулом"
"public-2a698a4b294bf3d3bd9003b0","Клей ортодонтический Blue glue","true","true","","","","https://a4d.kz/content/kley-ortodonticheskiy-blue-glue","P0_COMMERCIAL","NEEDS_OFFICIAL_EVIDENCE","Официальная страница бренда, каталог производителя или подтверждённый прайс с артикулом"
"public-9dafbbcbaac081b248998886","Клин-стенд","true","true","","","","https://a4d.kz/content/klin-stend","P0_COMMERCIAL","NEEDS_OFFICIAL_EVIDENCE","Официальная страница бренда, каталог производителя или подтверждённый прайс с артикулом"
"public-1cf301907cfb92ffa084da7c","Клин-стенд для очистки и временного хранения использованных файлов","true","true","","","","https://a4d.kz/content/klin-stend-dlya-ochistki-i-vremennogo-hraneniya-ispolzovannyh-faylov","P0_COMMERCIAL","NEEDS_OFFICIAL_EVIDENCE","Официальная страница бренда, каталог производителя или подтверждённый прайс с артикулом"
"public-bc548e745fd092b0475543d2","Клин-стенд малый","true","true","","","","https://a4d.kz/content/klin-stend-malyy","P0_COMMERCIAL","NEEDS_OFFICIAL_EVIDENCE","Официальная страница бренда, каталог производителя или подтверждённый прайс с артикулом"
"public-e8bcd9b68c1891d28af1c826","Клин-стенд Premium автоклавируемые","true","true","","","","https://a4d.kz/content/klin-stend-premium-avtoklaviruemye","P0_COMMERCIAL","NEEDS_OFFICIAL_EVIDENCE","Официальная страница бренда, каталог производителя или подтверждённый прайс с артикулом"
"public-158340ed038ab06b400e37e8","Клип F трипакк 3,4 г","true","true","","","","https://amdgroup.kz/catalog/plombirovochnye_materialy/klip_f_tripack_3_4g_/","P0_COMMERCIAL","NEEDS_OFFICIAL_EVIDENCE","Официальная страница бренда, каталог производителя или подтверждённый прайс с артикулом"
"public-23ce5ba1efc9327151141ae7","Ключ для винтов","true","true","","","","https://a4d.kz/content/klyuch-dlya-vintov-0","P0_COMMERCIAL","NEEDS_OFFICIAL_EVIDENCE","Официальная страница бренда, каталог производителя или подтверждённый прайс с артикулом"
"public-36be62a98b5c566934b89534","Ключ к насадкам EMS , SIRONA,NSK, AMDENT","true","true","","","","https://a4d.kz/content/klyuch-k-nasadkam-ems-sironansk-amdent","P0_COMMERCIAL","NEEDS_OFFICIAL_EVIDENCE","Официальная страница бренда, каталог производителя или подтверждённый прайс с артикулом"
"public-d7680080d1ed71c40ac93cbd","Ключ к насадкам U-file","true","true","","","","https://a4d.kz/content/klyuch-k-nasadkam-u-file-0","P0_COMMERCIAL","NEEDS_OFFICIAL_EVIDENCE","Официальная страница бренда, каталог производителя или подтверждённый прайс с артикулом"
"public-8c519787e36fa1021e25c920","Кнопка бондируемая с цепочкой","true","true","","","","https://a4d.kz/content/knopka-bondiruemaya-s-cepochkoy","P0_COMMERCIAL","NEEDS_OFFICIAL_EVIDENCE","Официальная страница бренда, каталог производителя или подтверждённый прайс с артикулом"
"public-b513aadbc9ea468a0301f9b2","Кнопки ортодонтические","true","true","","","","https://a4d.kz/content/knopki-ortodonticheskie","P0_COMMERCIAL","NEEDS_OFFICIAL_EVIDENCE","Официальная страница бренда, каталог производителя или подтверждённый прайс с артикулом"
"public-108cad2ef5571ded726485e5","Кнопки с хуком","true","true","","","","https://a4d.kz/content/knopki-s-hukom","P0_COMMERCIAL","NEEDS_OFFICIAL_EVIDENCE","Официальная страница бренда, каталог производителя или подтверждённый прайс с артикулом"
"public-4c7bf08cb2be18a096ab3e09","Кокр колпачок на Multi Unit 3 5","true","true","","","","https://amdgroup.kz/catalog/komponenty/cocr_kolpachok_na_multi_unit_3_5/","P0_COMMERCIAL","NEEDS_OFFICIAL_EVIDENCE","Официальная страница бренда, каталог производителя или подтверждённый прайс с артикулом"
"public-1cb26e6d014deff863055ddb","Кокр колпачок на Multi Unit 4 8","true","true","","","","https://amdgroup.kz/catalog/komponenty/cocr_kolpachok_na_multi_unit_4_8/","P0_COMMERCIAL","NEEDS_OFFICIAL_EVIDENCE","Официальная страница бренда, каталог производителя или подтверждённый прайс с артикулом"
"public-6d503ba0cdd3b471a9306475","Коллаген Resorba 1,8Х3,6 см","true","true","","","RESORBA-K","https://medstom.kz/catalog","P0_COMMERCIAL","NEEDS_OFFICIAL_EVIDENCE","Официальная страница бренда, каталог производителя или подтверждённый прайс с артикулом"
"public-2ba34dc5d9aec9c6407f258b","Колпачок временный с цементной фиксацией 3 5","true","true","","","","https://amdgroup.kz/catalog/kolpachki_/kolpachok_vremennyy_s_tsementnoy_fiksatsiey_3_5/","P0_COMMERCIAL","NEEDS_OFFICIAL_EVIDENCE","Официальная страница бренда, каталог производителя или подтверждённый прайс с артикулом"
"public-bfb579363d99702e393eee3a","Колпачок временный с цементной фиксацией 4 5","true","true","","","","https://amdgroup.kz/catalog/kolpachki_/kolpachok_vremennyy_s_tsementnoy_fiksatsiey_4_5/","P0_COMMERCIAL","NEEDS_OFFICIAL_EVIDENCE","Официальная страница бренда, каталог производителя или подтверждённый прайс с артикулом"
"public-87ffff002b526bb278d79147","Колпачок защитный для Multi Unit 3 5","true","true","","","","https://amdgroup.kz/catalog/komponenty/kolpachok_zashchitnyy_dlya_multi_unit_3_5/","P0_COMMERCIAL","NEEDS_OFFICIAL_EVIDENCE","Официальная страница бренда, каталог производителя или подтверждённый прайс с артикулом"
"public-508930cb499d27dae15dad4b","Колпачок защитный для Multi Unit 4 8","true","true","","","","https://amdgroup.kz/catalog/komponenty/kolpachok_zashchitnyy_dlya_multi_unit_4_8/","P0_COMMERCIAL","NEEDS_OFFICIAL_EVIDENCE","Официальная страница бренда, каталог производителя или подтверждённый прайс с артикулом"
"public-21b4ca12cb8fcc94903743e1","Колпачок лабораторный одноетапный кузн 4 8","true","true","","","","https://amdgroup.kz/catalog/kolpachki_/kolpachok_laboratornyy_odnoetapnyy_cuzn_4_8/","P0_COMMERCIAL","NEEDS_OFFICIAL_EVIDENCE","Официальная страница бренда, каталог производителя или подтверждённый прайс с артикулом"
"public-2f587f16aaeba4acaef5b001","Колпачок лабораторный одноетапный литой 4 8","true","true","","","","https://amdgroup.kz/catalog/kolpachki_/kolpachok_laboratornyy_odnoetapnyy_litoy_4_8/","P0_COMMERCIAL","NEEDS_OFFICIAL_EVIDENCE","Официальная страница бренда, каталог производителя или подтверждённый прайс с артикулом"
"public-ac23b111013467593a1e32b9","Колпачок лабораторный одноетапный титановый 4 8","true","true","","","","https://amdgroup.kz/catalog/kolpachki_/kolpachok_laboratornyy_odnoetapnyy_titanovyy_4_8/","P0_COMMERCIAL","NEEDS_OFFICIAL_EVIDENCE","Официальная страница бренда, каталог производителя или подтверждённый прайс с артикулом"
"public-920cefb732717d1c0b79bbcd","Колпачок литой с цементной фиксацией 4 5","true","true","","","","https://amdgroup.kz/catalog/kolpachki_/kolpachok_litoy_s_tsementnoy_fiksatsiey_4_5/","P0_COMMERCIAL","NEEDS_OFFICIAL_EVIDENCE","Официальная страница бренда, каталог производителя или подтверждённый прайс с артикулом"
"public-674662ba67fda562e4905e4c","Колпачок литой с цементной фиксацией 4 8","true","true","","","","https://amdgroup.kz/catalog/kolpachki_/kolpachok_litoy_s_tsementnoy_fiksatsiey_4_8/","P0_COMMERCIAL","NEEDS_OFFICIAL_EVIDENCE","Официальная страница бренда, каталог производителя или подтверждённый прайс с артикулом"
"public-09357d46e0b05e8ea34b391e","Колпачок литой Multi Unit Unit 4 8","true","true","","","","https://amdgroup.kz/catalog/komponenty/kolpachok_litoy_multi_unit_unit_4_8/","P0_COMMERCIAL","NEEDS_OFFICIAL_EVIDENCE","Официальная страница бренда, каталог производителя или подтверждённый прайс с артикулом"
"public-f61d8314307fdccc59dbfab7","Колпачок литой Multi Unit Unit 4 8 1","true","true","","","","https://amdgroup.kz/catalog/komponenty/kolpachok_litoy_multi_unit_unit_4_8_1/","P0_COMMERCIAL","NEEDS_OFFICIAL_EVIDENCE","Официальная страница бренда, каталог производителя или подтверждённый прайс с артикулом"
"public-64777ceb43e3af85794e13e1","Колпачок титановый Multi Unit 3 5","true","true","","","","https://amdgroup.kz/catalog/komponenty/kolpachok_titanovyy_multi_unit_3_5/","P0_COMMERCIAL","NEEDS_OFFICIAL_EVIDENCE","Официальная страница бренда, каталог производителя или подтверждённый прайс с артикулом"
"public-2351a7dda4eb8a47b6986626","Колпачок титановый Multi Unit с винт фиксацией 4 8","true","true","","","","https://amdgroup.kz/catalog/komponenty/kolpachok_titanovyy_multi_unit_s_vint_fiksatsiey_4_8/","P0_COMMERCIAL","NEEDS_OFFICIAL_EVIDENCE","Официальная страница бренда, каталог производителя или подтверждённый прайс с артикулом"
"public-62f017b56ad742b0d29aab8e","Кольца","true","true","","","","https://a4d.kz/content/kolca","P0_COMMERCIAL","NEEDS_OFFICIAL_EVIDENCE","Официальная страница бренда, каталог производителя или подтверждённый прайс с артикулом"
"public-3b70079d26ed5b89f86a48fa","Кольца на инструменты болшие, малые","true","true","","","","https://a4d.kz/content/kolca-na-instrumenty-bolshie-malye","P0_COMMERCIAL","NEEDS_OFFICIAL_EVIDENCE","Официальная страница бренда, каталог производителя или подтверждённый прайс с артикулом"
"public-7e24172f698e03e250442b8d","Кольца ортодонтические с трубкой размерами 34-44","true","true","","","","https://a4d.kz/content/kolca-ortodonticheskie-s-trubkoy-razmerami-34-44","P0_COMMERCIAL","NEEDS_OFFICIAL_EVIDENCE","Официальная страница бренда, каталог производителя или подтверждённый прайс с артикулом"
"public-6babd17a4311b76e978315cd","Комплект инструментов для снятия зубных отложений (4инстр.) ""ММИЗ""","true","true","","","","https://medstom.kz/catalog","P0_COMMERCIAL","NEEDS_OFFICIAL_EVIDENCE","Официальная страница бренда, каталог производителя или подтверждённый прайс с артикулом"
"public-5b2a82f29bdd2a95263d958e","Комплект инструментов для снятия зубных отложений (9инстр.), ""ММИЗ""","true","true","","","","https://medstom.kz/catalog","P0_COMMERCIAL","NEEDS_OFFICIAL_EVIDENCE","Официальная страница бренда, каталог производителя или подтверждённый прайс с артикулом"
"public-35a7ffc10663d63775a57652","Комплект стоматологический №2","false","true","ZT Dental","","CKD-103_2","https://stomir.kz/","P0_COMMERCIAL","NEEDS_OFFICIAL_EVIDENCE","Официальная страница бренда, каталог производителя или подтверждённый прайс с артикулом"
"public-bc19432cbefbd458d9086596","Комплект стопора сверла предв установл","true","true","","","","https://amdgroup.kz/catalog/nabory/komplekt_stopora_sverla_predv_ustanovl/","P0_COMMERCIAL","NEEDS_OFFICIAL_EVIDENCE","Официальная страница бренда, каталог производителя или подтверждённый прайс с артикулом"
"public-3732dd9db76691b24a23fb15","Комплект эластичных опоковых колец","true","true","","","","https://a4d.kz/content/komplekt-elastichnyh-opokovyh-kolec","P0_COMMERCIAL","NEEDS_OFFICIAL_EVIDENCE","Официальная страница бренда, каталог производителя или подтверждённый прайс с артикулом"
"public-98d6735c9f80467887cb45fa","Компрессор стоматологический","true","false","","Coral","","https://nordstom.kz/","P0_COMMERCIAL","NEEDS_OFFICIAL_EVIDENCE","Официальная страница бренда, каталог производителя или подтверждённый прайс с артикулом"
"public-41af35de82ec443a9a7057c2","Компрессор стоматологический 32л","true","true","","","","https://a4d.kz/content/kompressor-stomatologicheskiy-32l","P0_COMMERCIAL","NEEDS_OFFICIAL_EVIDENCE","Официальная страница бренда, каталог производителя или подтверждённый прайс с артикулом"
"public-833e736d103a0a070f8dcd3c","Компрессор стоматологический куатро тандем","true","true","","","","https://amdgroup.kz/catalog/kompressory/kompressor_stomatologicheskiy_quatro_tandem/","P0_COMMERCIAL","NEEDS_OFFICIAL_EVIDENCE","Официальная страница бренда, каталог производителя или подтверждённый прайс с артикулом"
"public-d3244ddb945e14f89b8cf5e8","Компрессор TORNADO осуш 1UST","false","true","TORNADO","","","https://amdgroup.kz/catalog/kompressory/kompressor_tornado_osush_1ust/","P0_COMMERCIAL","NEEDS_OFFICIAL_EVIDENCE","Официальная страница бренда, каталог производителя или подтверждённый прайс с артикулом"
"public-834ca7adf621ad8eaa7dc2ef","Компрессор TORNADO осуш 2 уст","false","true","TORNADO","","","https://amdgroup.kz/catalog/kompressory/kompressor_tornado_osush_2_ust/","P0_COMMERCIAL","NEEDS_OFFICIAL_EVIDENCE","Официальная страница бренда, каталог производителя или подтверждённый прайс с артикулом"
"public-93eb95fd6326d6710ceb9b23","Компрессор TORNADO осуш 4 уст","false","true","TORNADO","","","https://amdgroup.kz/catalog/kompressory/kompressor_tornado_osush_4_ust/","P0_COMMERCIAL","NEEDS_OFFICIAL_EVIDENCE","Официальная страница бренда, каталог производителя или подтверждённый прайс с артикулом"
"public-466b1b3929f69a3892e1a3f3","Контейнер 14 магнитный для боров и штифтов","true","true","","","","https://a4d.kz/content/konteyner-14-magnitnyy-dlya-borov-i-shtiftov","P0_COMMERCIAL","NEEDS_OFFICIAL_EVIDENCE","Официальная страница бренда, каталог производителя или подтверждённый прайс с артикулом"
"public-9040cd3f077479e8c2c89b5d","Контейнер 16 Контейнер 30 для хранения и стерилизации боров металический","true","true","","","","https://a4d.kz/content/konteyner-16-konteyner-30-dlya-hraneniya-i-sterilizacii-borov-metalicheskiy","P0_COMMERCIAL","NEEDS_OFFICIAL_EVIDENCE","Официальная страница бренда, каталог производителя или подтверждённый прайс с артикулом"
"public-266e49a4179c191825cb6467","Контейнер 24 для хранения,стерилизации боров металлический","true","true","","","","https://a4d.kz/content/konteyner-24-dlya-hraneniyasterilizacii-borov-metallicheskiy","P0_COMMERCIAL","NEEDS_OFFICIAL_EVIDENCE","Официальная страница бренда, каталог производителя или подтверждённый прайс с артикулом"
"public-31f86a0daa476536460fde97","Контейнер 60","true","true","","","","https://a4d.kz/content/konteyner-60","P0_COMMERCIAL","NEEDS_OFFICIAL_EVIDENCE","Официальная страница бренда, каталог производителя или подтверждённый прайс с артикулом"
"public-3d6aa1168d4169c95b973a82","Контейнер 72","true","true","","","","https://a4d.kz/content/konteyner-72","P0_COMMERCIAL","NEEDS_OFFICIAL_EVIDENCE","Официальная страница бренда, каталог производителя или подтверждённый прайс с артикулом"
"public-5a5d1b09827a9e166c657174","Контейнер 72 для хранения и стерилизации боров металический","true","true","","","","https://a4d.kz/content/konteyner-72-dlya-hraneniya-i-sterilizacii-borov-metalicheskiy","P0_COMMERCIAL","NEEDS_OFFICIAL_EVIDENCE","Официальная страница бренда, каталог производителя или подтверждённый прайс с артикулом"
"public-1e8384238d840bb0a347a865","Контейнер 8 магнитный для боров и штифтов","true","true","","","","https://a4d.kz/content/konteyner-8-magnitnyy-dlya-borov-i-shtiftov","P0_COMMERCIAL","NEEDS_OFFICIAL_EVIDENCE","Официальная страница бренда, каталог производителя или подтверждённый прайс с артикулом"
"public-eba112c6bff95ead92103a64","Контейнер для боров","true","true","","","","https://a4d.kz/content/konteyner-dlya-borov-0","P0_COMMERCIAL","NEEDS_OFFICIAL_EVIDENCE","Официальная страница бренда, каталог производителя или подтверждённый прайс с артикулом"
"public-45437edd9bafd4a2878acd33","Контейнер для боров/файлов","true","true","","","","https://a4d.kz/content/konteyner-dlya-borovfaylov","P0_COMMERCIAL","NEEDS_OFFICIAL_EVIDENCE","Официальная страница бренда, каталог производителя или подтверждённый прайс с артикулом"
"public-1e6e5819664dccc16ed249b0","Контейнер для ватных роликов","true","true","","","","https://a4d.kz/content/konteyner-dlya-vatnyh-rolikov-0","P0_COMMERCIAL","NEEDS_OFFICIAL_EVIDENCE","Официальная страница бренда, каталог производителя или подтверждённый прайс с артикулом"
"public-cf66c9d31b4b6053abc7650c","Контейнер для замачивания боров, файлов ,мелких инструментарий","true","true","","","","https://a4d.kz/content/konteyner-dlya-zamachivaniya-borov-faylov-melkih-instrumentariy","P0_COMMERCIAL","NEEDS_OFFICIAL_EVIDENCE","Официальная страница бренда, каталог производителя или подтверждённый прайс с артикулом"
"public-32a9e755e6592ea0ae13a87c","Контейнер для мелких инструментов","true","true","","","","https://a4d.kz/content/konteyner-dlya-melkih-instrumentov","P0_COMMERCIAL","NEEDS_OFFICIAL_EVIDENCE","Официальная страница бренда, каталог производителя или подтверждённый прайс с артикулом"
"public-62658f759310d1fc22110162","Контейнер для файлов","true","true","","","","https://a4d.kz/content/konteyner-dlya-faylov","P0_COMMERCIAL","NEEDS_OFFICIAL_EVIDENCE","Официальная страница бренда, каталог производителя или подтверждённый прайс с артикулом"
"public-f41e2d166a8400bf1af60da6","Контейнер для хранения гутаперчи","true","true","","","","https://a4d.kz/content/konteyner-dlya-hraneniya-gutaperchi","P0_COMMERCIAL","NEEDS_OFFICIAL_EVIDENCE","Официальная страница бренда, каталог производителя или подтверждённый прайс с артикулом"
"public-bd8fe3a4f90e7346f2e273f2","Контейнер для хранения зубных протезов и др.","true","true","","","","https://a4d.kz/content/konteyner-dlya-hraneniya-zubnyh-protezov-i-dr","P0_COMMERCIAL","NEEDS_OFFICIAL_EVIDENCE","Официальная страница бренда, каталог производителя или подтверждённый прайс с артикулом"
"public-27077455bdb66bbf6507e032","Контейнер с зеркалом для хранения зубных протезов и др.","true","true","","","","https://a4d.kz/content/konteyner-s-zerkalom-dlya-hraneniya-zubnyh-protezov-i-dr","P0_COMMERCIAL","NEEDS_OFFICIAL_EVIDENCE","Официальная страница бренда, каталог производителя или подтверждённый прайс с артикулом"
"public-6444fc03a852c3fd10c3b87d","Контейнер эндодонтический","true","true","","","","https://a4d.kz/content/konteyner-endodonticheskiy","P0_COMMERCIAL","NEEDS_OFFICIAL_EVIDENCE","Официальная страница бренда, каталог производителя или подтверждённый прайс с артикулом"
"public-79607b6bf6ddcc8c4712dfaf","Контейнеры для кап/элайнеров Invisalign","true","true","","","","https://a4d.kz/content/konteynery-dlya-kapelaynerov-invisalign","P0_COMMERCIAL","NEEDS_OFFICIAL_EVIDENCE","Официальная страница бренда, каталог производителя или подтверждённый прайс с артикулом"
"public-c128244f25a55acdf98ad835","Контейнеры для ортодонтических пластинок, протезов","true","true","","","","https://a4d.kz/content/konteynery-dlya-ortodonticheskih-plastinok-protezov","P0_COMMERCIAL","NEEDS_OFFICIAL_EVIDENCE","Официальная страница бренда, каталог производителя или подтверждённый прайс с артикулом"
"public-63301b6dfa2ea97bc070a774","Контейнеры для стерилизации","true","true","","","","https://a4d.kz/content/konteynery-dlya-sterilizacii","P0_COMMERCIAL","NEEDS_OFFICIAL_EVIDENCE","Официальная страница бренда, каталог производителя или подтверждённый прайс с артикулом"
"public-d55cc996b80fa966a8baadca","Контейнеры для хранения кап/элайнеров","true","true","","","","https://a4d.kz/content/konteynery-dlya-hraneniya-kapelaynerov-0","P0_COMMERCIAL","NEEDS_OFFICIAL_EVIDENCE","Официальная страница бренда, каталог производителя или подтверждённый прайс с артикулом"
"public-2deda920cb586a39ce4fa931","Контейнеры для хранения кап/элайнеров детские","true","true","","","","https://a4d.kz/content/konteynery-dlya-hraneniya-kapelaynerov-detskie","P0_COMMERCIAL","NEEDS_OFFICIAL_EVIDENCE","Официальная страница бренда, каталог производителя или подтверждённый прайс с артикулом"
"public-14c3f76fbe87169aa7499038","Контрастер","true","true","","","","https://a4d.kz/content/kontraster-1","P0_COMMERCIAL","NEEDS_OFFICIAL_EVIDENCE","Официальная страница бренда, каталог производителя или подтверждённый прайс с артикулом"
"public-c8a355809a044af97e8b27c9","Контрастеры","true","true","","","","https://a4d.kz/content/kontrastery","P0_COMMERCIAL","NEEDS_OFFICIAL_EVIDENCE","Официальная страница бренда, каталог производителя или подтверждённый прайс с артикулом"
"public-bcab18e2db22b7d8018b1b09","Корнцанг изогнутый","true","true","","","","https://medstom.kz/catalog","P0_COMMERCIAL","NEEDS_OFFICIAL_EVIDENCE","Официальная страница бренда, каталог производителя или подтверждённый прайс с артикулом"
"public-6e4e5fcb57752b5d44c58720","Коронки","true","true","","","","https://a4d.kz/content/koronki","P0_COMMERCIAL","NEEDS_OFFICIAL_EVIDENCE","Официальная страница бренда, каталог производителя или подтверждённый прайс с артикулом"
"public-beb8b7e0c732a9a65e959de7","Коронки Kids crown","true","true","","","","https://a4d.kz/content/koronki-kids-crown","P0_COMMERCIAL","NEEDS_OFFICIAL_EVIDENCE","Официальная страница бренда, каталог производителя или подтверждённый прайс с артикулом"
"public-9075a0fe31a45d6b8e0b77a2","Коронкорезы IQ Dent (за шт)","false","true","IQ Dent","","MSK-B-82","https://medstom.kz/catalog","P0_COMMERCIAL","NEEDS_OFFICIAL_EVIDENCE","Официальная страница бренда, каталог производителя или подтверждённый прайс с артикулом"
"public-a76d3957f2375c0a3fba5a7d","Коронкосниматели 767 768XSI","true","true","","","","https://amdgroup.kz/catalog/ortodontiya2/koronkosnimateli_767_768xsi/","P0_COMMERCIAL","NEEDS_OFFICIAL_EVIDENCE","Официальная страница бренда, каталог производителя или подтверждённый прайс с артикулом"
"public-8239c858415de06e20a4f064","Коронкосниматель автоматический Asim DE-1216","true","true","","","","https://a4d.kz/content/koronkosnimatel-avtomaticheskiy-asim-de-1216","P0_COMMERCIAL","NEEDS_OFFICIAL_EVIDENCE","Официальная страница бренда, каталог производителя или подтверждённый прайс с артикулом"
"public-4c2a1be14d6bca318010eba1","Коронкосниматель КОП (Турция) иннерционный\кнопка (комплект 3 насадки)","true","true","","","","https://a4d.kz/content/koronkosnimatel-kop-turciya-innercionnyyknopka-komplekt-3-nasadki","P0_COMMERCIAL","NEEDS_OFFICIAL_EVIDENCE","Официальная страница бренда, каталог производителя или подтверждённый прайс с артикулом"
"public-d5316dcd35cbb87c954664aa","Костная мельница для измельчения полученного костного фрагмента (Англия)","true","true","","","","https://a4d.kz/content/kostnaya-melnica-dlya-izmelcheniya-poluchennogo-kostnogo-fragmenta-angliya","P0_COMMERCIAL","NEEDS_OFFICIAL_EVIDENCE","Официальная страница бренда, каталог производителя или подтверждённый прайс с артикулом"
"public-217bdd11d924f9512860e92d","Кровоостанавливающая губка GENTA-COLL","true","true","","","GENTA-COLL","https://medstom.kz/catalog","P0_COMMERCIAL","NEEDS_OFFICIAL_EVIDENCE","Официальная страница бренда, каталог производителя или подтверждённый прайс с артикулом"
"public-566b595263e0f5bd7b7e8f0f","Крючки на апекслокатор","true","true","","","","https://a4d.kz/content/kryuchki-na-apekslokator","P0_COMMERCIAL","NEEDS_OFFICIAL_EVIDENCE","Официальная страница бренда, каталог производителя или подтверждённый прайс с артикулом"
"public-11a7d0dd8b0fc49092bfb2d5","Крючок пластинчатый по Фараберу детский №1 100мм","true","true","","","","https://medstom.kz/catalog","P0_COMMERCIAL","NEEDS_OFFICIAL_EVIDENCE","Официальная страница бренда, каталог производителя или подтверждённый прайс с артикулом"
"public-2166acd44299c1d7664fa8b9","Кусачки в ассортименте","true","true","","","","https://a4d.kz/content/kusachki-v-assortimente","P0_COMMERCIAL","NEEDS_OFFICIAL_EVIDENCE","Официальная страница бренда, каталог производителя или подтверждённый прайс с артикулом"
"public-eb50e124d3cb82a91ca17b59","Кусачки для лигатурной проволоки (Пакистан)","true","true","","","","https://a4d.kz/content/kusachki-dlya-ligaturnoy-provoloki-pakistan","P0_COMMERCIAL","NEEDS_OFFICIAL_EVIDENCE","Официальная страница бренда, каталог производителя или подтверждённый прайс с артикулом"
"public-dbb56087bbe0891d6bf1305e","Кювета для дублирования","true","true","","","","https://a4d.kz/content/kyuveta-dlya-dublirovaniya","P0_COMMERCIAL","NEEDS_OFFICIAL_EVIDENCE","Официальная страница бренда, каталог производителя или подтверждённый прайс с артикулом"
"public-3b317c32a2c6a5f7797ea6f2","Кювета для дублирования аллюминий","true","true","","","","https://a4d.kz/content/kyuveta-dlya-dublirovaniya-allyuminiy","P0_COMMERCIAL","NEEDS_OFFICIAL_EVIDENCE","Официальная страница бренда, каталог производителя или подтверждённый прайс с артикулом"
"public-b12c976b4fdc5b4ef15bbc53","Кюрета 201 202XSI","true","true","","","","https://amdgroup.kz/catalog/kyurety/kyureta_201_202xsi/","P0_COMMERCIAL","NEEDS_OFFICIAL_EVIDENCE","Официальная страница бренда, каталог производителя или подтверждённый прайс с артикулом"
"public-d7ab5d000d6eb5e251e05b33","Кюрета 205 206XSI","true","true","","","","https://amdgroup.kz/catalog/kyurety/kyureta_205_206xsi/","P0_COMMERCIAL","NEEDS_OFFICIAL_EVIDENCE","Официальная страница бренда, каталог производителя или подтверждённый прайс с артикулом"
"public-3a91aaf71408f1a2f93845d4","Кюрета 209 210XSI","true","true","","","","https://amdgroup.kz/catalog/kyurety/kyureta_209_210xsi/","P0_COMMERCIAL","NEEDS_OFFICIAL_EVIDENCE","Официальная страница бренда, каталог производителя или подтверждённый прайс с артикулом"
"public-f5c8b4c56d97a751178ce8c2","Кюрета 219 220XSI","true","true","","","","https://amdgroup.kz/catalog/kyurety/kyureta_219_220xsi/","P0_COMMERCIAL","NEEDS_OFFICIAL_EVIDENCE","Официальная страница бренда, каталог производителя или подтверждённый прайс с артикулом"
"public-20435ab7d4bb611971584649","Кюрета 227 228XSI","true","true","","","","https://amdgroup.kz/catalog/kyurety/kyureta_227_228xsi/","P0_COMMERCIAL","NEEDS_OFFICIAL_EVIDENCE","Официальная страница бренда, каталог производителя или подтверждённый прайс с артикулом"
"public-a468d8d62df3e1f3897e394b","Кюрета 235 236XSI","true","true","","","","https://amdgroup.kz/catalog/kyurety/kyureta_235_236xsi/","P0_COMMERCIAL","NEEDS_OFFICIAL_EVIDENCE","Официальная страница бренда, каталог производителя или подтверждённый прайс с артикулом"
"public-0dda2b98f73fce8ae890b94e","Кюрета 247 248 ксси","true","true","","","","https://amdgroup.kz/catalog/kyurety/kyureta_247_248_xsi/","P0_COMMERCIAL","NEEDS_OFFICIAL_EVIDENCE","Официальная страница бренда, каталог производителя или подтверждённый прайс с артикулом"
"public-1c5564845fe56e541e4d7175","Кюрета 247 248MSDES","true","true","","","","https://amdgroup.kz/catalog/kyurety/kyureta_247_248msdes/","P0_COMMERCIAL","NEEDS_OFFICIAL_EVIDENCE","Официальная страница бренда, каталог производителя или подтверждённый прайс с артикулом"
"public-9cafdfc81406e9cca14c4c91","Кюрета 266 267XSI","true","true","","","","https://amdgroup.kz/catalog/kyurety/kyureta_266_267xsi/","P0_COMMERCIAL","NEEDS_OFFICIAL_EVIDENCE","Официальная страница бренда, каталог производителя или подтверждённый прайс с артикулом"
"public-eebedde0cf601ea7858248dd","Кюрета 279 280XSI","true","true","","","","https://amdgroup.kz/catalog/kyurety/kyureta_279_280xsi/","P0_COMMERCIAL","NEEDS_OFFICIAL_EVIDENCE","Официальная страница бренда, каталог производителя или подтверждённый прайс с артикулом"
"public-c81f97d127659697382fcf28","Кюрета 283 284XSI","true","true","","","","https://amdgroup.kz/catalog/kyurety/kyureta_283_284xsi/","P0_COMMERCIAL","NEEDS_OFFICIAL_EVIDENCE","Официальная страница бренда, каталог производителя или подтверждённый прайс с артикулом"
"public-0e2bd1da1947bc1b04be5da2","Кюрета 731 732XSI","true","true","","","","https://amdgroup.kz/catalog/kyurety/kyureta_731_732xsi/","P0_COMMERCIAL","NEEDS_OFFICIAL_EVIDENCE","Официальная страница бренда, каталог производителя или подтверждённый прайс с артикулом"
"public-d515f62f7fcfe543675e96f1","Кюрета паро 3SHT","true","true","","","","https://amdgroup.kz/catalog/kyurety/kyureta_paro_3sht/","P0_COMMERCIAL","NEEDS_OFFICIAL_EVIDENCE","Официальная страница бренда, каталог производителя или подтверждённый прайс с артикулом"
"public-620916baedbbf1bd73adf8d3","Кюрета пародонтологическая","true","true","","","","https://amdgroup.kz/catalog/kyurety/kyureta_parodontologicheskaya/","P0_COMMERCIAL","NEEDS_OFFICIAL_EVIDENCE","Официальная страница бренда, каталог производителя или подтверждённый прайс с артикулом"
"public-b6ef5599adf5e1bb48830048","Кюрета пародонтологическая 1","true","true","","","","https://amdgroup.kz/catalog/kyurety/kyureta_parodontologicheskaya_1/","P0_COMMERCIAL","NEEDS_OFFICIAL_EVIDENCE","Официальная страница бренда, каталог производителя или подтверждённый прайс с артикулом"
"public-fe495749bdd4cde8ee8553f8","Кюрета пародонтологическая 15 16 225 226XSI","true","true","","","","https://amdgroup.kz/catalog/kyurety/kyureta_parodontologicheskaya_15_16_225_226xsi/","P0_COMMERCIAL","NEEDS_OFFICIAL_EVIDENCE","Официальная страница бренда, каталог производителя или подтверждённый прайс с артикулом"
"public-8be4c31fa4905e0870876827","Кюрета пародонтологическая 2","true","true","","","","https://amdgroup.kz/catalog/kyurety/kyureta_parodontologicheskaya_2/","P0_COMMERCIAL","NEEDS_OFFICIAL_EVIDENCE","Официальная страница бренда, каталог производителя или подтверждённый прайс с артикулом"
"public-70edbabd5e2270c5390849b2","Кюрета пародонтологическая 203 204XSI","true","true","","","","https://amdgroup.kz/catalog/kyurety/kyureta_parodontologicheskaya_203_204xsi/","P0_COMMERCIAL","NEEDS_OFFICIAL_EVIDENCE","Официальная страница бренда, каталог производителя или подтверждённый прайс с артикулом"
"public-1006e18166b54f943b4c083c","Кюрета пародонтологическая 207 208MSDES","true","true","","","","https://amdgroup.kz/catalog/kyurety/kyureta_parodontologicheskaya_207_208msdes/","P0_COMMERCIAL","NEEDS_OFFICIAL_EVIDENCE","Официальная страница бренда, каталог производителя или подтверждённый прайс с артикулом"
"public-8ad1364dbc19047591048556","Кюрета пародонтологическая 211 212MXSI","true","true","","","","https://amdgroup.kz/catalog/kyurety/kyureta_parodontologicheskaya_211_212mxsi/","P0_COMMERCIAL","NEEDS_OFFICIAL_EVIDENCE","Официальная страница бренда, каталог производителя или подтверждённый прайс с артикулом"
"public-7538e7980dfb336340d8ef2c","Кюрета пародонтологическая 212 213MXSI","true","true","","","","https://amdgroup.kz/catalog/kyurety/kyureta_parodontologicheskaya_212_213mxsi/","P0_COMMERCIAL","NEEDS_OFFICIAL_EVIDENCE","Официальная страница бренда, каталог производителя или подтверждённый прайс с артикулом"
"public-411ef03bd51837e4d22ff0a0","Кюрета пародонтологическая 212 213XSI","true","true","","","","https://amdgroup.kz/catalog/kyurety/kyureta_parodontologicheskaya_212_213xsi/","P0_COMMERCIAL","NEEDS_OFFICIAL_EVIDENCE","Официальная страница бренда, каталог производителя или подтверждённый прайс с артикулом"
"public-92a89a42212f46c9735cdd93","Кюрета пародонтологическая 213 214XSI","true","true","","","","https://amdgroup.kz/catalog/kyurety/kyureta_parodontologicheskaya_213_214xsi/","P0_COMMERCIAL","NEEDS_OFFICIAL_EVIDENCE","Официальная страница бренда, каталог производителя или подтверждённый прайс с артикулом"
"public-cf0633719b6f7f818a76d3e2","Кюрета пародонтологическая 215 216XSI","true","true","","","","https://amdgroup.kz/catalog/kyurety/kyureta_parodontologicheskaya_215_216xsi/","P0_COMMERCIAL","NEEDS_OFFICIAL_EVIDENCE","Официальная страница бренда, каталог производителя или подтверждённый прайс с артикулом"
"public-0ce3540b0e6c0df2dc091f47","Кюрета пародонтологическая 217 218XSI","true","true","","","","https://amdgroup.kz/catalog/kyurety/kyureta_parodontologicheskaya_217_218xsi/","P0_COMMERCIAL","NEEDS_OFFICIAL_EVIDENCE","Официальная страница бренда, каталог производителя или подтверждённый прайс с артикулом"
"public-59b8a190cda41c90347f93e5","Кюрета пародонтологическая 222 223MXSI","true","true","","","","https://amdgroup.kz/catalog/kyurety/kyureta_parodontologicheskaya_222_223mxsi/","P0_COMMERCIAL","NEEDS_OFFICIAL_EVIDENCE","Официальная страница бренда, каталог производителя или подтверждённый прайс с артикулом"
"public-786dcf316caf0a840c26d012","Кюрета пародонтологическая 222 223XSI","true","true","","","","https://amdgroup.kz/catalog/kyurety/kyureta_parodontologicheskaya_222_223xsi/","P0_COMMERCIAL","NEEDS_OFFICIAL_EVIDENCE","Официальная страница бренда, каталог производителя или подтверждённый прайс с артикулом"
"public-bf71a0e14575a6ed15228ee3","Кюрета пародонтологическая 225 226ES","true","true","","","","https://amdgroup.kz/catalog/kyurety/kyureta_parodontologicheskaya_225_226es/","P0_COMMERCIAL","NEEDS_OFFICIAL_EVIDENCE","Официальная страница бренда, каталог производителя или подтверждённый прайс с артикулом"
"public-dab26beee2733ab845ecced4","Кюрета пародонтологическая 233 234XSI","true","true","","","","https://amdgroup.kz/catalog/kyurety/kyureta_parodontologicheskaya_233_234xsi/","P0_COMMERCIAL","NEEDS_OFFICIAL_EVIDENCE","Официальная страница бренда, каталог производителя или подтверждённый прайс с артикулом"
"public-ac0689d0264ee5fc66d13194","Кюрета пародонтологическая 245 246MXSI","true","true","","","","https://amdgroup.kz/catalog/kyurety/kyureta_parodontologicheskaya_245_246mxsi/","P0_COMMERCIAL","NEEDS_OFFICIAL_EVIDENCE","Официальная страница бренда, каталог производителя или подтверждённый прайс с артикулом"
"public-3a963c1a42e77a5195073369","Кюрета пародонтологическая 247 248MXSI","true","true","","","","https://amdgroup.kz/catalog/kyurety/kyureta_parodontologicheskaya_247_248mxsi/","P0_COMMERCIAL","NEEDS_OFFICIAL_EVIDENCE","Официальная страница бренда, каталог производителя или подтверждённый прайс с артикулом"
"public-865048662a8aee7d3dfc9466","Кюрета пародонтологическая 259 260XSI","true","true","","","","https://amdgroup.kz/catalog/kyurety/kyureta_parodontologicheskaya_259_260xsi/","P0_COMMERCIAL","NEEDS_OFFICIAL_EVIDENCE","Официальная страница бренда, каталог производителя или подтверждённый прайс с артикулом"
"public-9ca31b22e5d48fa575f4af8a","Кюрета пародонтологическая 281 282MXSI","true","true","","","","https://amdgroup.kz/catalog/kyurety/kyureta_parodontologicheskaya_281_282mxsi/","P0_COMMERCIAL","NEEDS_OFFICIAL_EVIDENCE","Официальная страница бренда, каталог производителя или подтверждённый прайс с артикулом"
"public-3b3ffd11671dd3e103513736","Кюрета пародонтологическая 283 284MES","true","true","","","","https://amdgroup.kz/catalog/kyurety/kyureta_parodontologicheskaya_283_284mes/","P0_COMMERCIAL","NEEDS_OFFICIAL_EVIDENCE","Официальная страница бренда, каталог производителя или подтверждённый прайс с артикулом"
"public-40865a91791b5d50b02537d7","Кюрета пародонтологическая 285 286XSI","true","true","","","","https://amdgroup.kz/catalog/kyurety/kyureta_parodontologicheskaya_285_286xsi/","P0_COMMERCIAL","NEEDS_OFFICIAL_EVIDENCE","Официальная страница бренда, каталог производителя или подтверждённый прайс с артикулом"
"public-44ffc86d37268efb7e1fafb4","Кюрета пародонтологическая 3","true","true","","","","https://amdgroup.kz/catalog/kyurety/kyureta_parodontologicheskaya_3/","P0_COMMERCIAL","NEEDS_OFFICIAL_EVIDENCE","Официальная страница бренда, каталог производителя или подтверждённый прайс с артикулом"
"public-eeb21ffd2e191a2b4f03f05b","Кюрета пародонтологическая граке T 16 17 мини мес дис","true","true","","","","https://amdgroup.kz/catalog/kyurety/kyureta_parodontologicheskaya_grace_t_16_17_mini_mes_dis/","P0_COMMERCIAL","NEEDS_OFFICIAL_EVIDENCE","Официальная страница бренда, каталог производителя или подтверждённый прайс с артикулом"
"public-52641274cb721485ce07322a","Кюрета пародонтологическая гракей 11 12 мини SD","true","true","","","","https://amdgroup.kz/catalog/kyurety/kyureta_parodontologicheskaya_gracey_11_12_mini_sd_/","P0_COMMERCIAL","NEEDS_OFFICIAL_EVIDENCE","Официальная страница бренда, каталог производителя или подтверждённый прайс с артикулом"
"public-b5d3b09083ec6a8f41ab6305","Кюрета пародонтологическая гракей 15 16","true","true","","","","https://amdgroup.kz/catalog/kyurety/kyureta_parodontologicheskaya_gracey_15_16/","P0_COMMERCIAL","NEEDS_OFFICIAL_EVIDENCE","Официальная страница бренда, каталог производителя или подтверждённый прайс с артикулом"
"public-ca36e0735a20212a19b4fda6","Кюрета пародонтологическая мини сиккле SD 311 312SDES","true","true","","","","https://amdgroup.kz/catalog/kyurety/kyureta_parodontologicheskaya_mini_sickle_sd_311_312sdes_/","P0_COMMERCIAL","NEEDS_OFFICIAL_EVIDENCE","Официальная страница бренда, каталог производителя или подтверждённый прайс с артикулом"
"public-bfc8e349e0771f07d4936b7f","Кюрета рекалл кфк 3SHT","true","true","","","","https://amdgroup.kz/catalog/kyurety/kyureta_recall_cfk_3sht/","P0_COMMERCIAL","NEEDS_OFFICIAL_EVIDENCE","Официальная страница бренда, каталог производителя или подтверждённый прайс с артикулом"
"public-420eb837c8c9a8f5ea5478fd","Кюретки 207 208XSI","true","true","","","","https://amdgroup.kz/catalog/kyurety/kyuretki_207_208xsi/","P0_COMMERCIAL","NEEDS_OFFICIAL_EVIDENCE","Официальная страница бренда, каталог производителя или подтверждённый прайс с артикулом"
"public-004266cbf38c26ace5903c53","Кюретки костне 211 212 ксси","true","true","","","","https://amdgroup.kz/catalog/kyurety/kyuretki_kostnye_211_212_xsi/","P0_COMMERCIAL","NEEDS_OFFICIAL_EVIDENCE","Официальная страница бренда, каталог производителя или подтверждённый прайс с артикулом"
"public-bf136f6d28f6daa829800934","Лампа для отбеливанияз зубов","true","true","","","","https://a4d.kz/content/lampa-dlya-otbelivaniyaz-zubov","P0_COMMERCIAL","NEEDS_OFFICIAL_EVIDENCE","Официальная страница бренда, каталог производителя или подтверждённый прайс с артикулом"
"public-813a5d1d0c6fd3f758f0d82f","Лампа на установку галоген LA-H1 23-04","true","true","","","","https://a4d.kz/content/lampa-na-ustanovku-galogen-la-h1-23-04","P0_COMMERCIAL","NEEDS_OFFICIAL_EVIDENCE","Официальная страница бренда, каталог производителя или подтверждённый прайс с артикулом"
"public-7cf16c1df8d7f8b4e7ffffb8","Лампа на установку LED LA-64 23-07","true","true","","","","https://a4d.kz/content/lampa-na-ustanovku-led-la-64-23-07","P0_COMMERCIAL","NEEDS_OFFICIAL_EVIDENCE","Официальная страница бренда, каталог производителя или подтверждённый прайс с артикулом"
"public-5cb0fcc90d156f41225f6b90","Лампа на установку LED LA-R6 23-02","true","true","","","","https://a4d.kz/content/lampa-na-ustanovku-led-la-r6-23-02","P0_COMMERCIAL","NEEDS_OFFICIAL_EVIDENCE","Официальная страница бренда, каталог производителя или подтверждённый прайс с артикулом"
"public-4d753dec7548b37d970bd6d6","Лампа нагреватель композитных материалов","true","true","","","","https://a4d.kz/content/lampa-nagrevatel-kompozitnyh-materialov","P0_COMMERCIAL","NEEDS_OFFICIAL_EVIDENCE","Официальная страница бренда, каталог производителя или подтверждённый прайс с артикулом"
"public-1ca5ca4489af350229558d32","Латексный шнур для фиксации коффердама","true","true","","","","https://a4d.kz/content/lateksnyy-shnur-dlya-fiksacii-kofferdama","P0_COMMERCIAL","NEEDS_OFFICIAL_EVIDENCE","Официальная страница бренда, каталог производителя или подтверждённый прайс с артикулом"
"public-cd65a8bddc4dbd14840b9046","Лателукс про 50","true","true","","","MSK-T-1","https://medstom.kz/catalog","P0_COMMERCIAL","NEEDS_OFFICIAL_EVIDENCE","Официальная страница бренда, каталог производителя или подтверждённый прайс с артикулом"
"public-d70a1a17fc0f76293094339c","Легатуре такер","true","true","","","","https://a4d.kz/content/legature-taker","P0_COMMERCIAL","NEEDS_OFFICIAL_EVIDENCE","Официальная страница бренда, каталог производителя или подтверждённый прайс с артикулом"
"public-06d544dc92986842782e3993","Лепестки для файлов","true","true","","","","https://a4d.kz/content/lepestki-dlya-faylov","P0_COMMERCIAL","NEEDS_OFFICIAL_EVIDENCE","Официальная страница бренда, каталог производителя или подтверждённый прайс с артикулом"
"public-d08e24af352a2a165f1a14a6","Лечебный материал для корневых каналов","true","true","","","","https://amdgroup.kz/catalog/materialy_/","P0_COMMERCIAL","NEEDS_OFFICIAL_EVIDENCE","Официальная страница бренда, каталог производителя или подтверждённый прайс с артикулом"
"public-24d255b865dcd8dedded5edd","Лигатура для брекетов прозрачная / цветная (40 шт)","true","true","","","LIGA","https://medstom.kz/catalog","P0_COMMERCIAL","NEEDS_OFFICIAL_EVIDENCE","Официальная страница бренда, каталог производителя или подтверждённый прайс с артикулом"
"public-b570093203e3d176ce1428df","Лигатуры металлические короткие (Кобаяши)","true","true","","","","https://a4d.kz/content/ligatury-metallicheskie-korotkie-kobayashi","P0_COMMERCIAL","NEEDS_OFFICIAL_EVIDENCE","Официальная страница бренда, каталог производителя или подтверждённый прайс с артикулом"
"public-357a1a78922e03e0e601a948","Лимекс AC мамелон саффрон 12 г для облицовки керам каркасных материалов","true","true","","","","https://amdgroup.kz/catalog/lumex/limex_ac_mamelon_saffron_12_g_d_oblitsovki_keram_karkasnykh_materialov/","P0_COMMERCIAL","NEEDS_OFFICIAL_EVIDENCE","Официальная страница бренда, каталог производителя или подтверждённый прайс с артикулом"
"public-465b84673708e901f5eaa250","Лимекс AC пеарл шелл 12 г для облицовки керам каркасных материалов","true","true","","","","https://amdgroup.kz/catalog/lumex/limex_ac_pearl_shell_12_g_d_oblitsovki_keram_karkasnykh_materialov/","P0_COMMERCIAL","NEEDS_OFFICIAL_EVIDENCE","Официальная страница бренда, каталог производителя или подтверждённый прайс с артикулом"
"public-5b7ac489d38dcaf3ee7fec26","Лимекс AC транслукент 12 г для облицовки керам каркасных материалов","true","true","","","","https://amdgroup.kz/catalog/lumex/limex_ac_translucent_12_g_d_oblitsovki_keram_karkasnykh_materialov/","P0_COMMERCIAL","NEEDS_OFFICIAL_EVIDENCE","Официальная страница бренда, каталог производителя или подтверждённый прайс с артикулом"
"public-340415daa1472b4eaf0e1643","Лингвальные ретейнеры","true","true","","","","https://a4d.kz/content/lingvalnye-reteynery","P0_COMMERCIAL","NEEDS_OFFICIAL_EVIDENCE","Официальная страница бренда, каталог производителя или подтверждённый прайс с артикулом"
"public-eda35889de581c0df08a7489","Лингвальные ретейнеры, металлические","true","true","","","","https://a4d.kz/content/lingvalnye-reteynery-metallicheskie","P0_COMMERCIAL","NEEDS_OFFICIAL_EVIDENCE","Официальная страница бренда, каталог производителя или подтверждённый прайс с артикулом"
"public-cd5acbecf7c89d8956317b96","Линейка ортодонтическая 2 ортосизе","true","true","","","","https://amdgroup.kz/catalog/ortodontiya2/lineyka_ortodonticheskaya_2_ortosize/","P0_COMMERCIAL","NEEDS_OFFICIAL_EVIDENCE","Официальная страница бренда, каталог производителя или подтверждённый прайс с артикулом"
"public-cb904f3248fdfa68ef8428bc","Линейка ортодонтическая ортосизер 9400","true","true","","","","https://amdgroup.kz/catalog/ortodontiya2/lineyka_ortodonticheskaya_ortosizer_9400/","P0_COMMERCIAL","NEEDS_OFFICIAL_EVIDENCE","Официальная страница бренда, каталог производителя или подтверждённый прайс с артикулом"
"public-0dc8a60a868baeb054bdab5b","Лицевая маска","true","true","","","","https://a4d.kz/content/licevaya-maska-1","P0_COMMERCIAL","NEEDS_OFFICIAL_EVIDENCE","Официальная страница бренда, каталог производителя или подтверждённый прайс с артикулом"
"public-4d704a5f033fccea716f097e","Лобзик зуботехнический","true","true","","","","https://a4d.kz/content/lobzik-zubotehnicheskiy","P0_COMMERCIAL","NEEDS_OFFICIAL_EVIDENCE","Официальная страница бренда, каталог производителя или подтверждённый прайс с артикулом"
"public-ae084e35b1b12b4f16f78e02","Ложки автоклавируемые","true","true","","","","https://a4d.kz/content/lozhki-avtoklaviruemye","P0_COMMERCIAL","NEEDS_OFFICIAL_EVIDENCE","Официальная страница бренда, каталог производителя или подтверждённый прайс с артикулом"
"public-1d3089987e0223da77704385","Ложки для двойных слепков","true","true","","","","https://a4d.kz/content/lozhki-dlya-dvoynyh-slepkov","P0_COMMERCIAL","NEEDS_OFFICIAL_EVIDENCE","Официальная страница бренда, каталог производителя или подтверждённый прайс с артикулом"
"public-ebf8424908173903c7441b4c","Ложки для фтор геля большие, средние, малые","true","true","","","","https://a4d.kz/content/lozhki-dlya-ftor-gelya-bolshie-srednie-malye","P0_COMMERCIAL","NEEDS_OFFICIAL_EVIDENCE","Официальная страница бренда, каталог производителя или подтверждённый прайс с артикулом"
"public-29e060ac1bb66f9204c6058c","Лотки с разделением","true","true","","","","https://a4d.kz/content/lotki-s-razdeleniem","P0_COMMERCIAL","NEEDS_OFFICIAL_EVIDENCE","Официальная страница бренда, каталог производителя или подтверждённый прайс с артикулом"
"public-80ceae02bd1c130e9e3ad5a5","Лотки с разделением одноразовые","true","true","","","","https://a4d.kz/content/lotki-s-razdeleniem-odnorazovye","P0_COMMERCIAL","NEEDS_OFFICIAL_EVIDENCE","Официальная страница бренда, каталог производителя или подтверждённый прайс с артикулом"
"public-5070b6d1459733b9e67898cb","Лоток","true","true","","","","https://a4d.kz/content/lotok","P0_COMMERCIAL","NEEDS_OFFICIAL_EVIDENCE","Официальная страница бренда, каталог производителя или подтверждённый прайс с артикулом"
"public-4c7ba6e4590cf79b6e252b3a","Лоток для автоклавирования инструментов","true","true","","","","https://a4d.kz/content/lotok-dlya-avtoklavirovaniya-instrumentov","P0_COMMERCIAL","NEEDS_OFFICIAL_EVIDENCE","Официальная страница бренда, каталог производителя или подтверждённый прайс с артикулом"
"public-810fac30eb302f503f635e3b","Лоток для инструментов","true","true","","","","https://a4d.kz/content/lotok-dlya-instrumentov","P0_COMMERCIAL","NEEDS_OFFICIAL_EVIDENCE","Официальная страница бренда, каталог производителя или подтверждённый прайс с артикулом"
"public-4d17430477860da474680e5d","Лоток для инструментов (8 пред.) ""Дента-М""","true","true","","","LOTOK","https://medstom.kz/catalog","P0_COMMERCIAL","NEEDS_OFFICIAL_EVIDENCE","Официальная страница бренда, каталог производителя или подтверждённый прайс с артикулом"
"public-8953b862e5eb1b4ba7990723","Лоток для инструментов автоклавируемый","true","true","","","","https://a4d.kz/content/lotok-dlya-instrumentov-avtoklaviruemyy","P0_COMMERCIAL","NEEDS_OFFICIAL_EVIDENCE","Официальная страница бренда, каталог производителя или подтверждённый прайс с артикулом"
"public-b294f50139e5c6fcb688c91b","Лоток стоматологический","true","true","","","","https://a4d.kz/content/lotok-stomatologicheskiy","P0_COMMERCIAL","NEEDS_OFFICIAL_EVIDENCE","Официальная страница бренда, каталог производителя или подтверждённый прайс с артикулом"
"public-d3c0a257e37505236179c970","Люксаторы","true","true","","","","https://a4d.kz/content/lyuksatory","P0_COMMERCIAL","NEEDS_OFFICIAL_EVIDENCE","Официальная страница бренда, каталог производителя или подтверждённый прайс с артикулом"
"public-71c6db8f2995fa34fd75c6f5","Люксаторы LM лифтоут C4","true","true","","","","https://amdgroup.kz/catalog/lyuksatory/lyuksatory_lm_liftout_c4/","P0_COMMERCIAL","NEEDS_OFFICIAL_EVIDENCE","Официальная страница бренда, каталог производителя или подтверждённый прайс с артикулом"
"public-c5dc8292dbd8f54780e7c43c","Люксаторы LM лифтоут C5","true","true","","","","https://amdgroup.kz/catalog/lyuksatory/lyuksatory_lm_liftout_c5/","P0_COMMERCIAL","NEEDS_OFFICIAL_EVIDENCE","Официальная страница бренда, каталог производителя или подтверждённый прайс с артикулом"
"public-53028b19ba2f3fa111628c31","Люксаторы LM лифтоут S2","true","true","","","","https://amdgroup.kz/catalog/lyuksatory/lyuksatory_lm_liftout_s2/","P0_COMMERCIAL","NEEDS_OFFICIAL_EVIDENCE","Официальная страница бренда, каталог производителя или подтверждённый прайс с артикулом"
"public-803550669675ab392832aa16","Люксаторы LM лифтоут S4","true","true","","","","https://amdgroup.kz/catalog/lyuksatory/lyuksatory_lm_liftout_s4/","P0_COMMERCIAL","NEEDS_OFFICIAL_EVIDENCE","Официальная страница бренда, каталог производителя или подтверждённый прайс с артикулом"
"public-57b614ea8f392e09495e63c2","Люксаторы LM лифтоут S5","true","true","","","","https://amdgroup.kz/catalog/lyuksatory/lyuksatory_lm_liftout_s5/","P0_COMMERCIAL","NEEDS_OFFICIAL_EVIDENCE","Официальная страница бренда, каталог производителя или подтверждённый прайс с артикулом"
"public-4cb088938f9b6c333cea4c6c","Люксаторы LM слимлифт C4","true","true","","","","https://amdgroup.kz/catalog/lyuksatory/lyuksatory_lm_slimlift_c4/","P0_COMMERCIAL","NEEDS_OFFICIAL_EVIDENCE","Официальная страница бренда, каталог производителя или подтверждённый прайс с артикулом"
"public-70d401b65f2ed50b3e5946c5","Люксаторы LM слимлифт C5","true","true","","","","https://amdgroup.kz/catalog/lyuksatory/lyuksatory_lm_slimlift_c5/","P0_COMMERCIAL","NEEDS_OFFICIAL_EVIDENCE","Официальная страница бренда, каталог производителя или подтверждённый прайс с артикулом"
"public-18289d07da638519c9e7a7aa","Люксаторы LM слимлифт S3","true","true","","","","https://amdgroup.kz/catalog/lyuksatory/lyuksatory_lm_slimlift_s3/","P0_COMMERCIAL","NEEDS_OFFICIAL_EVIDENCE","Официальная страница бренда, каталог производителя или подтверждённый прайс с артикулом"
"public-a173a599c86dde9633e5687e","Люксаторы LM слимлифт S4","true","true","","","","https://amdgroup.kz/catalog/lyuksatory/lyuksatory_lm_slimlift_s4/","P0_COMMERCIAL","NEEDS_OFFICIAL_EVIDENCE","Официальная страница бренда, каталог производителя или подтверждённый прайс с артикулом"
"public-974e8b9a7366c0b0224cb8f2","Люксаторы LM твистоут C3","true","true","","","","https://amdgroup.kz/catalog/lyuksatory/lyuksatory_lm_twistout_c3/","P0_COMMERCIAL","NEEDS_OFFICIAL_EVIDENCE","Официальная страница бренда, каталог производителя или подтверждённый прайс с артикулом"
"public-c6a4040e27ca3eda908e8c76","Люксаторы LM твистоут C4","true","true","","","","https://amdgroup.kz/catalog/lyuksatory/lyuksatory_lm_twistout_c4/","P0_COMMERCIAL","NEEDS_OFFICIAL_EVIDENCE","Официальная страница бренда, каталог производителя или подтверждённый прайс с артикулом"
"public-8c3075d9728a19af06c8f9ef","Люксаторы LM твистоут C5","true","true","","","","https://amdgroup.kz/catalog/lyuksatory/lyuksatory_lm_twistout_c5/","P0_COMMERCIAL","NEEDS_OFFICIAL_EVIDENCE","Официальная страница бренда, каталог производителя или подтверждённый прайс с артикулом"
"public-a6eb567bbb3a566546196a1d","Люксаторы LM твистоут S3","true","true","","","","https://amdgroup.kz/catalog/lyuksatory/lyuksatory_lm_twistout_s3/","P0_COMMERCIAL","NEEDS_OFFICIAL_EVIDENCE","Официальная страница бренда, каталог производителя или подтверждённый прайс с артикулом"
"public-cefa9c3f66642bc085b66341","Люксаторы LM твистоут S4","true","true","","","","https://amdgroup.kz/catalog/lyuksatory/lyuksatory_lm_twistout_s4/","P0_COMMERCIAL","NEEDS_OFFICIAL_EVIDENCE","Официальная страница бренда, каталог производителя или подтверждённый прайс с артикулом"
"public-2c0335b8b346bb5620d27280","Люксаторы LM твистоут S5","true","true","","","","https://amdgroup.kz/catalog/lyuksatory/lyuksatory_lm_twistout_s5/","P0_COMMERCIAL","NEEDS_OFFICIAL_EVIDENCE","Официальная страница бренда, каталог производителя или подтверждённый прайс с артикулом"
"public-6a647dc6b9262a2e5449e31c","Магнитный держатель для боров","true","true","","","","https://a4d.kz/content/magnitnyy-derzhatel-dlya-borov","P0_COMMERCIAL","NEEDS_OFFICIAL_EVIDENCE","Официальная страница бренда, каталог производителя или подтверждённый прайс с артикулом"
"public-dd378434dc46d920b506cd1e","Манжета резиновая для слюноотсоса","true","true","","","","https://a4d.kz/content/manzheta-rezinovaya-dlya-slyunootsosa","P0_COMMERCIAL","NEEDS_OFFICIAL_EVIDENCE","Официальная страница бренда, каталог производителя или подтверждённый прайс с артикулом"
"public-ea396a59c4c835da1d46b01c","Масло в аппарат для смазки наконечника 500 мл","true","true","","","","https://a4d.kz/content/maslo-v-apparat-dlya-smazki-nakonenchika-500-ml","P0_COMMERCIAL","NEEDS_OFFICIAL_EVIDENCE","Официальная страница бренда, каталог производителя или подтверждённый прайс с артикулом"
"public-608eb2ccd1b115a9879dd1e8","Масло для смазки наконечников","true","true","","","","https://amdgroup.kz/catalog/materialy_/","P0_COMMERCIAL","NEEDS_OFFICIAL_EVIDENCE","Официальная страница бренда, каталог производителя или подтверждённый прайс с артикулом"
"public-99a9e08ef88ca914674bf2a1","Масло сервисное F1 MD 400","true","true","","","","https://amdgroup.kz/catalog/maslo_dlya_smazki_nakonechnikov_/maslo_servisnoe_f1_md_400/","P0_COMMERCIAL","NEEDS_OFFICIAL_EVIDENCE","Официальная страница бренда, каталог производителя или подтверждённый прайс с артикулом"
"public-df8d28ea801f5d7b479b64cf","Масло спрей для смазки наконечников","true","true","","","","https://a4d.kz/content/maslo-sprey-dlya-smazki-nakonechnikov","P0_COMMERCIAL","NEEDS_OFFICIAL_EVIDENCE","Официальная страница бренда, каталог производителя или подтверждённый прайс с артикулом"
"public-8c6e60ffb2e764fa79eeafbe","Материал шовный ПГА ресорба 4/0, 3/0","true","true","","","PGA-4/0","https://medstom.kz/catalog","P0_COMMERCIAL","NEEDS_OFFICIAL_EVIDENCE","Официальная страница бренда, каталог производителя или подтверждённый прайс с артикулом"
"public-601fbe757ff0b9bc27473525","Материал шовный GLYCOLON 4/0","true","true","","","GLYCOLON-4/0","https://medstom.kz/catalog","P0_COMMERCIAL","NEEDS_OFFICIAL_EVIDENCE","Официальная страница бренда, каталог производителя или подтверждённый прайс с артикулом"
"public-c37951c2c3d805e5e81bf470","Материал шовный MOPYLEN 4/0, 5/0 usp","true","true","","","MOPYLEN-4/0","https://medstom.kz/catalog","P0_COMMERCIAL","NEEDS_OFFICIAL_EVIDENCE","Официальная страница бренда, каталог производителя или подтверждённый прайс с артикулом"
"public-9f5db56fed871e40d608d335","Материал Quicks Flow Blue","false","true","DentKist","","1401792","https://stomir.kz/","P0_COMMERCIAL","NEEDS_OFFICIAL_EVIDENCE","Официальная страница бренда, каталог производителя или подтверждённый прайс с артикулом"
"public-5f0589e4e4606ae0777948d1","Матрицы 1,320 контурные замковые + кольцо","true","true","","","","https://a4d.kz/content/matricy-1320-konturnye-zamkovye-kolco","P0_COMMERCIAL","NEEDS_OFFICIAL_EVIDENCE","Официальная страница бренда, каталог производителя или подтверждённый прайс с артикулом"
"public-1f85f108cc068f8eb1d9eb50","Матрицы контурные лавсановые (секционные) 1,923-широкие","true","true","","","","https://a4d.kz/content/matricy-konturnye-lavsanovye-sekcionnye-1923-shirokie","P0_COMMERCIAL","NEEDS_OFFICIAL_EVIDENCE","Официальная страница бренда, каталог производителя или подтверждённый прайс с артикулом"
"public-a1ba9966a49b87e2f6a08b50","Матрицы контурные металические ПОНИ 1,343большие 12шт","true","true","","","","https://a4d.kz/content/matricy-konturnye-metalicheskie-poni-1343bolshie-12sht","P0_COMMERCIAL","NEEDS_OFFICIAL_EVIDENCE","Официальная страница бренда, каталог производителя или подтверждённый прайс с артикулом"
"public-a1aa94847b80e5ae4f039fd8","Матрицы металл. в рулоне","true","true","","","","https://a4d.kz/content/matricy-metall-v-rulone","P0_COMMERCIAL","NEEDS_OFFICIAL_EVIDENCE","Официальная страница бренда, каталог производителя или подтверждённый прайс с артикулом"
"public-f5fd955232f31ee44998f36d","Медицинская (лабораторная) центрифуга для стоматологии/плазмолифтинга-CGF 4000 оборотов (8×20ml)","true","true","","","","https://medstom.kz/catalog","P0_COMMERCIAL","NEEDS_OFFICIAL_EVIDENCE","Официальная страница бренда, каталог производителя или подтверждённый прайс с артикулом"
"public-0a307106f0d8cd816ea36db6","Междуговая система QUAD HELIX","true","true","","","","https://a4d.kz/content/mezhdugovaya-sistema-quad-helix","P0_COMMERCIAL","NEEDS_OFFICIAL_EVIDENCE","Официальная страница бренда, каталог производителя или подтверждённый прайс с артикулом"
"public-2ce7e5da213518c3bc3f79cd","Мерон порошок 35 г жидкост 15 мл","true","true","","","","https://amdgroup.kz/catalog/materialy_/meron_poroshok_35g_zhidkost_15ml_/","P0_COMMERCIAL","NEEDS_OFFICIAL_EVIDENCE","Официальная страница бренда, каталог производителя или подтверждённый прайс с артикулом"
"public-07dd1dae0882a14a31e98b9e","Металлические неперфорированные слепочные ложки Размеры-S, M, L","true","true","","","","https://a4d.kz/content/metallicheskie-neperforirovannye-slepochnye-lozhki-razmery-s-m-l","P0_COMMERCIAL","NEEDS_OFFICIAL_EVIDENCE","Официальная страница бренда, каталог производителя или подтверждённый прайс с артикулом"
"public-c365a706ee939a13c51dc9c4","Металлические слепочные ложки","true","true","","","","https://a4d.kz/content/metallicheskie-slepochnye-lozhki","P0_COMMERCIAL","NEEDS_OFFICIAL_EVIDENCE","Официальная страница бренда, каталог производителя или подтверждённый прайс с артикулом"
"public-0aca742e5fe855f60db0f14b","Металлические слепочные ложки для снятия оттиска. Размеры-S, M, L полу/ложки","true","true","","","","https://a4d.kz/content/metallicheskie-slepochnye-lozhki-dlya-snyatiya-ottiska-razmery-s-m-l-polulozhki-1","P0_COMMERCIAL","NEEDS_OFFICIAL_EVIDENCE","Официальная страница бренда, каталог производителя или подтверждённый прайс с артикулом"
"public-313024b98ffb5ba8c1c94f97","Микро иглодержатель 18 см Пакистан","true","true","","","","https://a4d.kz/content/mikro-igloderzhatel-18-sm-pakistan","P0_COMMERCIAL","NEEDS_OFFICIAL_EVIDENCE","Официальная страница бренда, каталог производителя или подтверждённый прайс с артикулом"
"public-f2779b3666399de56c6f74ae","Микро импланты","true","true","","","","https://a4d.kz/content/mikro-implanty","P0_COMMERCIAL","NEEDS_OFFICIAL_EVIDENCE","Официальная страница бренда, каталог производителя или подтверждённый прайс с артикулом"
"public-dfc06134bf662f7d4aef4a5f","Микро импланты инструмент","true","true","","","","https://a4d.kz/content/mikro-implanty-instrument","P0_COMMERCIAL","NEEDS_OFFICIAL_EVIDENCE","Официальная страница бренда, каталог производителя или подтверждённый прайс с артикулом"
"public-9d910eef7261d2640b97e575","Микробраши 100 шт","true","true","","","","https://a4d.kz/content/mikrobrashi-100-sht","P0_COMMERCIAL","NEEDS_OFFICIAL_EVIDENCE","Официальная страница бренда, каталог производителя или подтверждённый прайс с артикулом"
"public-7570329dd0935c1abb9e7ba7","Микрометр зуботехнический","true","true","","","","https://a4d.kz/content/mikrometr-zubotehnicheskiy","P0_COMMERCIAL","NEEDS_OFFICIAL_EVIDENCE","Официальная страница бренда, каталог производителя или подтверждённый прайс с артикулом"
"public-ae692bba6701bf69f8369e82","Микромотор воздушный M-3B","true","true","","","","https://a4d.kz/content/mikromotor-vozdushnyy-m-3b","P0_COMMERCIAL","NEEDS_OFFICIAL_EVIDENCE","Официальная страница бренда, каталог производителя или подтверждённый прайс с артикулом"
"public-ef1e2e4d3651e1e06a9aafbb","Микромотор воздушный M-3F","true","true","","","","https://a4d.kz/content/mikromotor-vozdushnyy-m-3f","P0_COMMERCIAL","NEEDS_OFFICIAL_EVIDENCE","Официальная страница бренда, каталог производителя или подтверждённый прайс с артикулом"
"public-21e50bad2873bace1548e965","Микромотор зуботехнический на угловой наконечник №1","true","true","","","","https://a4d.kz/content/mikromotor-zubotehnicheskiy-na-uglovoy-nakonechnik-no1","P0_COMMERCIAL","NEEDS_OFFICIAL_EVIDENCE","Официальная страница бренда, каталог производителя или подтверждённый прайс с артикулом"
"public-f780d7d8a51bf29c1323a397","Микромотор зуботехнический №2","true","true","","","","https://a4d.kz/content/mikromotor-zubotehnicheskiy-no2","P0_COMMERCIAL","NEEDS_OFFICIAL_EVIDENCE","Официальная страница бренда, каталог производителя или подтверждённый прайс с артикулом"
"public-0084ddd7569d961f08f6ac52","Микромотор зуботехнический №5 SY-III","true","true","","","","https://a4d.kz/content/mikromotor-zubotehnicheskiy-no5-sy-iii","P0_COMMERCIAL","NEEDS_OFFICIAL_EVIDENCE","Официальная страница бренда, каталог производителя или подтверждённый прайс с артикулом"
"public-16b4b322fe10a070673ddd1b","Микромотор зуботехнический №6 S300","true","true","","","","https://a4d.kz/content/mikromotor-zubotehnicheskiy-no6-s300","P0_COMMERCIAL","NEEDS_OFFICIAL_EVIDENCE","Официальная страница бренда, каталог производителя или подтверждённый прайс с артикулом"
"public-36ff6bbaf6d944a74fbbbf63","Микромотор зуботехнический №7 S200","true","true","","","","https://a4d.kz/content/mikromotor-zubotehnicheskiy-no7-s200","P0_COMMERCIAL","NEEDS_OFFICIAL_EVIDENCE","Официальная страница бренда, каталог производителя или подтверждённый прайс с артикулом"
"public-59d9f4c12d36d11a346e914f","Микромотор зуботехнический№3","true","true","","","","https://a4d.kz/content/mikromotor-zubotehnicheskiyno3","P0_COMMERCIAL","NEEDS_OFFICIAL_EVIDENCE","Официальная страница бренда, каталог производителя или подтверждённый прайс с артикулом"
"public-7ca8f503a04bd640d0ca0c40","Микромотор зуботехнический№4 на угловой наконечник","true","true","","","","https://a4d.kz/content/mikromotor-zubotehnicheskiyno4-na-uglovoy-nakonechnik","P0_COMMERCIAL","NEEDS_OFFICIAL_EVIDENCE","Официальная страница бренда, каталог производителя или подтверждённый прайс с артикулом"
"public-47bea2f640f8cc61870c53ef","Микроскоп оптика Leica С-CLEAR 1","true","true","","","","https://a4d.kz/content/mikroskop-optika-leica-s-clear-1","P0_COMMERCIAL","NEEDS_OFFICIAL_EVIDENCE","Официальная страница бренда, каталог производителя или подтверждённый прайс с артикулом"
"public-0148f7c1797f12857be24486","Микроскоп оптика Leica C-CLEAR 2+ фотопаппарат Canon, монитор","true","true","","","","https://a4d.kz/content/mikroskop-optika-leica-c-clear-2-fotopapparat-canon-monitor","P0_COMMERCIAL","NEEDS_OFFICIAL_EVIDENCE","Официальная страница бренда, каталог производителя или подтверждённый прайс с артикулом"
"public-504c8eb689b935ef2536dae1","Миксер альгинатный","true","true","","","","https://a4d.kz/content/mikser-alginatnyy","P0_COMMERCIAL","NEEDS_OFFICIAL_EVIDENCE","Официальная страница бренда, каталог производителя или подтверждённый прайс с артикулом"
"public-1345fe887e92b6ddc2eec74a","Миксер вакуумный AX-2000C Скорость 550 об /мин; Емкость(чаша):550 мл Вакуум: 0,08 ~ 0,09 Мпа;","true","true","","","","https://a4d.kz/content/mikser-vakuumnyy-ax-2000c-skorost-550-ob-min-emkostchasha550-ml-vakuum-008-009-mpa","P0_COMMERCIAL","NEEDS_OFFICIAL_EVIDENCE","Официальная страница бренда, каталог производителя или подтверждённый прайс с артикулом"
"public-2e6f3879342ecfd84a43a6ca","Миксеры для корригирующих материалов","true","true","","","MIKSER","https://medstom.kz/catalog","P0_COMMERCIAL","NEEDS_OFFICIAL_EVIDENCE","Официальная страница бренда, каталог производителя или подтверждённый прайс с артикулом"
"public-6587687cea6f36fc396d4eab","ММИЗ Пинцет стоматологический изогнутый ПСи (150*0,8)","true","true","","","","https://medstom.kz/catalog","P0_COMMERCIAL","NEEDS_OFFICIAL_EVIDENCE","Официальная страница бренда, каталог производителя или подтверждённый прайс с артикулом"
"public-22170425b456b7286d0e41ba","Мобильный стоматологический аспиратор (вакуумная система) модели CX-370X","true","true","","","","https://medstom.kz/catalog","P0_COMMERCIAL","NEEDS_OFFICIAL_EVIDENCE","Официальная страница бренда, каталог производителя или подтверждённый прайс с артикулом"
"public-4fc7407fe9016c748bcdae88","Молоток стальной","true","true","","","","https://a4d.kz/content/molotok-stalnoy","P0_COMMERCIAL","NEEDS_OFFICIAL_EVIDENCE","Официальная страница бренда, каталог производителя или подтверждённый прайс с артикулом"
"public-5365c0fb5c37d309e3550fc2","Мотор со шлангом для эндомотора с апекслокатором C-SMART-1 +","true","true","","","","https://a4d.kz/content/motor-so-shlangom-dlya-endomotora-s-apekslokatorom-c-smart-1","P0_COMMERCIAL","NEEDS_OFFICIAL_EVIDENCE","Официальная страница бренда, каталог производителя или подтверждённый прайс с артикулом"
"public-425b89165a6ac2745d56668d","Мотор со шлангом для эндомотора с апекслокатором C-SMART-1 PRO","true","true","","","","https://a4d.kz/content/motor-so-shlangom-dlya-endomotora-s-apekslokatorom-c-smart-1-pro","P0_COMMERCIAL","NEEDS_OFFICIAL_EVIDENCE","Официальная страница бренда, каталог производителя или подтверждённый прайс с артикулом"
"public-c9fd67bb6e40e2d26e0f9ae9","Набор 3D акрыл","true","true","","","","https://amdgroup.kz/catalog/nabory_/nabor_3d_acryl/","P0_COMMERCIAL","NEEDS_OFFICIAL_EVIDENCE","Официальная страница бренда, каталог производителя или подтверждённый прайс с артикулом"
"public-d984b58fde599ee9046bb1b2","Набор аирфловмакс FS 476","true","true","","","","https://amdgroup.kz/catalog/oborudovanie_dlya_professionalnoy_gigieny_/nabor_airflowmax_fs_476/","P0_COMMERCIAL","NEEDS_OFFICIAL_EVIDENCE","Официальная страница бренда, каталог производителя или подтверждённый прайс с артикулом"
"public-c058883d0f2fdbbb73e6d167","Набор детских щипцов Англия","true","true","","","","https://a4d.kz/content/nabor-detskih-shchipcov-angliya","P0_COMMERCIAL","NEEDS_OFFICIAL_EVIDENCE","Официальная страница бренда, каталог производителя или подтверждённый прайс с артикулом"
"public-f86bb2b06341d336b89e1c41","Набор для имплантатов с наконечником «C-TW1» Kit","true","true","","","","https://a4d.kz/content/nabor-dlya-implantatov-s-nakonechnikom-c-tw1-kit","P0_COMMERCIAL","NEEDS_OFFICIAL_EVIDENCE","Официальная страница бренда, каталог производителя или подтверждённый прайс с артикулом"
"public-da762901be73c3710160b359","Набор для имплантатов с наконечником «C-TW2» Kit","true","true","","","","https://a4d.kz/content/nabor-dlya-implantatov-s-nakonechnikom-c-tw2-kit","P0_COMMERCIAL","NEEDS_OFFICIAL_EVIDENCE","Официальная страница бренда, каталог производителя или подтверждённый прайс с артикулом"
"public-932132a79ca484ba2bd2ce5f","Набор для обучения","true","true","","","","https://a4d.kz/content/nabor-dlya-obucheniya","P0_COMMERCIAL","NEEDS_OFFICIAL_EVIDENCE","Официальная страница бренда, каталог производителя или подтверждённый прайс с артикулом"
"public-ff9c282dadbe61c4bada44d7","Набор для пломбирования 9 инструментов","true","true","","","","https://a4d.kz/content/nabor-dlya-plombirovaniya-9-instrumentov","P0_COMMERCIAL","NEEDS_OFFICIAL_EVIDENCE","Официальная страница бренда, каталог производителя или подтверждённый прайс с артикулом"
"public-f80b1e699737c1c2c803baa1","Набор для снятия зубных отложений 4 инструмента","true","true","","","","https://a4d.kz/content/nabor-dlya-snyatiya-zubnyh-otlozheniy-4-instrumenta","P0_COMMERCIAL","NEEDS_OFFICIAL_EVIDENCE","Официальная страница бренда, каталог производителя или подтверждённый прайс с артикулом"
"public-6d7d7d41b4e4391b6bcf2de5","Набор для снятия зубных отложений 9 инструмента","true","true","","","","https://a4d.kz/content/nabor-dlya-snyatiya-zubnyh-otlozheniy-9-instrumenta","P0_COMMERCIAL","NEEDS_OFFICIAL_EVIDENCE","Официальная страница бренда, каталог производителя или подтверждённый прайс с артикулом"
"public-39a68cd7de6e5446682009fb","Набор зеркал 4 штуки Micro Mirror SANI","true","true","","","","https://medstom.kz/catalog","P0_COMMERCIAL","NEEDS_OFFICIAL_EVIDENCE","Официальная страница бренда, каталог производителя или подтверждённый прайс с артикулом"
"public-a7a75e5563322e9002d3f193","Набор зеркало пинцет зонд","true","true","","","","https://a4d.kz/content/nabor-zerkalo-pincet-zond","P0_COMMERCIAL","NEEDS_OFFICIAL_EVIDENCE","Официальная страница бренда, каталог производителя или подтверждённый прайс с артикулом"
"public-aa3a699e20252a614f45c767","Набор инструментов","true","true","","","","https://a4d.kz/content/nabor-instrumentov","P0_COMMERCIAL","NEEDS_OFFICIAL_EVIDENCE","Официальная страница бренда, каталог производителя или подтверждённый прайс с артикулом"
"public-a550ab07c5a74b2a0ee6e2d0","Набор инструментов для зубного техника","true","true","","","","https://a4d.kz/content/nabor-instrumentov-dlya-zubnogo-tehnika","P0_COMMERCIAL","NEEDS_OFFICIAL_EVIDENCE","Официальная страница бренда, каталог производителя или подтверждённый прайс с артикулом"
"public-dc5fdf4a9b093da68344a59b","Набор инструментов для реставраций","true","true","","","","https://a4d.kz/content/nabor-instrumentov-dlya-restavraciy-0","P0_COMMERCIAL","NEEDS_OFFICIAL_EVIDENCE","Официальная страница бренда, каталог производителя или подтверждённый прайс с артикулом"
"public-7454d71884d924948e5c9a01","Набор инструментов паро из 5 шт.","true","true","","","","https://amdgroup.kz/catalog/nasadki_dlya_apparata_vektor/nabor_instrumentov_paro_iz_5_sht/","P0_COMMERCIAL","NEEDS_OFFICIAL_EVIDENCE","Официальная страница бренда, каталог производителя или подтверждённый прайс с артикулом"
"public-698638e79be8795b3225c926","Набор инструментов рекалл имплант из 3 шт.","true","true","","","","https://amdgroup.kz/catalog/nasadki_dlya_apparata_vektor/nabor_instrumentov_recall_implant_iz_3_sht/","P0_COMMERCIAL","NEEDS_OFFICIAL_EVIDENCE","Официальная страница бренда, каталог производителя или подтверждённый прайс с артикулом"
"public-928d9a88eda354bd8e567e7f","Набор инструментов curving instrument set","true","true","","","","https://a4d.kz/content/nabor-instrumentov-curving-instrument-set","P0_COMMERCIAL","NEEDS_OFFICIAL_EVIDENCE","Официальная страница бренда, каталог производителя или подтверждённый прайс с артикулом"
"public-d9491b152244f16574d2be41","Набор Коффердам Англия","true","true","","","","https://a4d.kz/content/nabor-kofferdam-angliya","P0_COMMERCIAL","NEEDS_OFFICIAL_EVIDENCE","Официальная страница бренда, каталог производителя или подтверждённый прайс с артикулом"
"public-180367c0d340912b4b67c4d4","Набор Коффердам Пакистан","true","true","","","","https://a4d.kz/content/nabor-kofferdam-pakistan","P0_COMMERCIAL","NEEDS_OFFICIAL_EVIDENCE","Официальная страница бренда, каталог производителя или подтверждённый прайс с артикулом"
"public-cecb6bccc68dd85c96b1f5b1","Набор логик Set 3","true","true","","","","https://amdgroup.kz/catalog/nabory_/nabor_logic_set_3/","P0_COMMERCIAL","NEEDS_OFFICIAL_EVIDENCE","Официальная страница бренда, каталог производителя или подтверждённый прайс с артикулом"
"public-29d284c2ab8acb95060b0353","Набор логик Set 4","true","true","","","","https://amdgroup.kz/catalog/nabory_/nabor_logic_set_4/","P0_COMMERCIAL","NEEDS_OFFICIAL_EVIDENCE","Официальная страница бренда, каталог производителя или подтверждённый прайс с артикулом"
"public-e6493ab2bb99421d134e8a70","Набор логик Set 6","true","true","","","","https://amdgroup.kz/catalog/nabory_/nabor_logic_set_6/","P0_COMMERCIAL","NEEDS_OFFICIAL_EVIDENCE","Официальная страница бренда, каталог производителя или подтверждённый прайс с артикулом"
"public-e2f89b2681f52abcb6eeb451","Набор нанокомпозитов CharmFil Plus Kit","false","true","DentKist","","1401592","https://stomir.kz/","P0_COMMERCIAL","NEEDS_OFFICIAL_EVIDENCE","Официальная страница бренда, каталог производителя или подтверждённый прайс с артикулом"
"public-59d449bdb95be2f8430ff7fb","Набор насадок 7624","true","true","","","","https://amdgroup.kz/catalog/nabory2/nabor_nasadok_7624/","P0_COMMERCIAL","NEEDS_OFFICIAL_EVIDENCE","Официальная страница бренда, каталог производителя или подтверждённый прайс с артикулом"
"public-110a1280f76adf1981073dc2","Набор насадок 7626","true","true","","","","https://amdgroup.kz/catalog/nabory2/nabor_nasadok_7626/","P0_COMMERCIAL","NEEDS_OFFICIAL_EVIDENCE","Официальная страница бренда, каталог производителя или подтверждённый прайс с артикулом"
"public-3563c3c6c11884b2103e5bb7","Набор насадок 7628","true","true","","","","https://amdgroup.kz/catalog/nabory2/nabor_nasadok_7628/","P0_COMMERCIAL","NEEDS_OFFICIAL_EVIDENCE","Официальная страница бренда, каталог производителя или подтверждённый прайс с артикулом"
"public-702fcbc3bc69da1481607f13","Набор Пакистан","true","true","","","","https://a4d.kz/content/nabor-pakistan","P0_COMMERCIAL","NEEDS_OFFICIAL_EVIDENCE","Официальная страница бренда, каталог производителя или подтверждённый прайс с артикулом"
"public-2d95932a2bc2850c92f9085e","Набор пародонтологический 6652XSI","true","true","","","","https://amdgroup.kz/catalog/nabory2/nabor_parodontologicheskiy_6652xsi/","P0_COMMERCIAL","NEEDS_OFFICIAL_EVIDENCE","Официальная страница бренда, каталог производителя или подтверждённый прайс с артикулом"
"public-446c466a2bbdab32e9d29cbe","Набор полировочный (кисти+резинки) 100 шт.","true","true","","","NAB-POL","https://medstom.kz/catalog","P0_COMMERCIAL","NEEDS_OFFICIAL_EVIDENCE","Официальная страница бренда, каталог производителя или подтверждённый прайс с артикулом"
"public-8cad0d66163ba9a59b21cbf6","Набор реставрационный","true","true","","","","https://a4d.kz/content/nabor-restavracionnyy","P0_COMMERCIAL","NEEDS_OFFICIAL_EVIDENCE","Официальная страница бренда, каталог производителя или подтверждённый прайс с артикулом"
"public-e6941df2f1ed5d9c1951f655","Набор реставрационный 6840 ксси","true","true","","","","https://amdgroup.kz/catalog/nabory2/nabor_restavratsionnyy_6840_xsi_/","P0_COMMERCIAL","NEEDS_OFFICIAL_EVIDENCE","Официальная страница бренда, каталог производителя или подтверждённый прайс с артикулом"
"public-49b0e485f75cd5b2327eaf98","Набор ретракторов 7502","true","true","","","","https://amdgroup.kz/catalog/nabory2/nabor_retraktorov_7502/","P0_COMMERCIAL","NEEDS_OFFICIAL_EVIDENCE","Официальная страница бренда, каталог производителя или подтверждённый прайс с артикулом"
"public-140c2d98100485d98f3f81d0","Набор ретракторов 7504","true","true","","","","https://amdgroup.kz/catalog/nabory2/nabor_retraktorov_7504/","P0_COMMERCIAL","NEEDS_OFFICIAL_EVIDENCE","Официальная страница бренда, каталог производителя или подтверждённый прайс с артикулом"
"public-34005ee097d6b50ba1ccf1d5","Набор ретракторов 7506","true","true","","","","https://amdgroup.kz/catalog/nabory2/nabor_retraktorov_7506/","P0_COMMERCIAL","NEEDS_OFFICIAL_EVIDENCE","Официальная страница бренда, каталог производителя или подтверждённый прайс с артикулом"
"public-a7dd4e2ea55cdb31f2bdd5da","Набор с микромотором, прямым и угловым наконечниками со светом, внутренняя подача воды, модель 235-E","true","true","","","","https://a4d.kz/content/235-e-nabor-mikromotor-pryamoy-uglovoy-nakonenchik-so-svetom-i-vnutreney-podachi-vody","P0_COMMERCIAL","NEEDS_OFFICIAL_EVIDENCE","Официальная страница бренда, каталог производителя или подтверждённый прайс с артикулом"
"public-5b06964633c0ef53c41f758c","Набор с микромотором, прямым и угловым наконечниками, внутренняя подача воды, модель 235-B","true","true","","","","https://a4d.kz/content/235-b-nabor-mikromotor-pryamoy-uglovoy-nakonenchik-c-vnutreney-podachi-vody","P0_COMMERCIAL","NEEDS_OFFICIAL_EVIDENCE","Официальная страница бренда, каталог производителя или подтверждённый прайс с артикулом"
"public-c83ab2de012b98bf0caf21da","Набор сервис масло MD 500 жидкост MS 1000 для AP TA Assistina 301PLUS","true","true","","","","https://amdgroup.kz/catalog/maslo_dlya_smazki_nakonechnikov_/nabor_servis_maslo_md_500_zhidkost_ms_1000_d_ap_ta_assistina_301plus/","P0_COMMERCIAL","NEEDS_OFFICIAL_EVIDENCE","Официальная страница бренда, каталог производителя или подтверждённый прайс с артикулом"
"public-abb944d74787d07a5462932f","Набор слепочных ложек","true","true","","","","https://a4d.kz/content/nabor-slepochnyh-lozhek","P0_COMMERCIAL","NEEDS_OFFICIAL_EVIDENCE","Официальная страница бренда, каталог производителя или подтверждённый прайс с артикулом"
"public-57933201c1a2718aaacfaf28","Набор терапевтический","true","true","","","","https://amdgroup.kz/catalog/nabory2/nabor_terapevticheskiy/","P0_COMMERCIAL","NEEDS_OFFICIAL_EVIDENCE","Официальная страница бренда, каталог производителя или подтверждённый прайс с артикулом"
"public-dfbbc0676ecb5b3508022ecd","Набор терапевтический 6657XSI","true","true","","","","https://amdgroup.kz/catalog/nabory2/nabor_terapevticheskiy_6657xsi_/","P0_COMMERCIAL","NEEDS_OFFICIAL_EVIDENCE","Официальная страница бренда, каталог производителя или подтверждённый прайс с артикулом"
"public-da0754402297583bbcf42014","Набор хирургческий Пакистан","true","true","","","","https://a4d.kz/content/nabor-hirurgcheskiy-pakistan","P0_COMMERCIAL","NEEDS_OFFICIAL_EVIDENCE","Официальная страница бренда, каталог производителя или подтверждённый прайс с артикулом"
"public-842120d53667756576111209","Набор щипцов Англия","true","true","","","","https://a4d.kz/content/nabor-shchipcov-angliya","P0_COMMERCIAL","NEEDS_OFFICIAL_EVIDENCE","Официальная страница бренда, каталог производителя или подтверждённый прайс с артикулом"
"public-c86c5625acd03c3620d06cb8","Набор щипцов Пакистан","true","true","","","","https://a4d.kz/content/nabor-shchipcov-pakistan","P0_COMMERCIAL","NEEDS_OFFICIAL_EVIDENCE","Официальная страница бренда, каталог производителя или подтверждённый прайс с артикулом"
"public-f0a7e4b6180c796f41af3253","Набор элеваторов Англия","true","true","","","","https://a4d.kz/content/nabor-elevatorov-angliya-1","P0_COMMERCIAL","NEEDS_OFFICIAL_EVIDENCE","Официальная страница бренда, каталог производителя или подтверждённый прайс с артикулом"
"public-82fe8322e968d822e8f20eca","Набор элеваторов Пакистан","true","true","","","","https://a4d.kz/content/nabor-elevatorov-pakistan-0","P0_COMMERCIAL","NEEDS_OFFICIAL_EVIDENCE","Официальная страница бренда, каталог производителя или подтверждённый прайс с артикулом"
"public-35f9406e7611b3bcba3910ed","Набор эндо","true","true","","","","https://a4d.kz/content/nabor-endo","P0_COMMERCIAL","NEEDS_OFFICIAL_EVIDENCE","Официальная страница бренда, каталог производителя или подтверждённый прайс с артикулом"
"public-2faeeea0a38cfe92adbb86c4","Набор Set 1540","true","true","","","","https://amdgroup.kz/catalog/nabory_/nabor_set_1540/","P0_COMMERCIAL","NEEDS_OFFICIAL_EVIDENCE","Официальная страница бренда, каталог производителя или подтверждённый прайс с артикулом"
"public-a69212a93019079edf7f79e9","Нагрудники стоматологические КРИСТИДЕНТ Премиум Интенсив","true","false","","КРИСТИДЕНТ","","https://nordstom.kz/","P0_COMMERCIAL","NEEDS_OFFICIAL_EVIDENCE","Официальная страница бренда, каталог производителя или подтверждённый прайс с артикулом"
"public-2c3f471cc43840ba26a4031b","Наклейка с индикатором","true","true","","","","https://a4d.kz/content/nakleyka-s-indikatorom","P0_COMMERCIAL","NEEDS_OFFICIAL_EVIDENCE","Официальная страница бренда, каталог производителя или подтверждённый прайс с артикулом"
"public-78f30a9c58d1b885af3c3ea6","Наковальня","true","true","","","","https://a4d.kz/content/nakovalnya","P0_COMMERCIAL","NEEDS_OFFICIAL_EVIDENCE","Официальная страница бренда, каталог производителя или подтверждённый прайс с артикулом"
"public-631c52ec7fcfc83e8ce6cfa1","Наконечник вектор паро 2031 700 00","true","true","","","","https://amdgroup.kz/catalog/nasadki_dlya_apparata_vektor/nakonechnik_vector_paro_2031_700_00/","P0_COMMERCIAL","NEEDS_OFFICIAL_EVIDENCE","Официальная страница бренда, каталог производителя или подтверждённый прайс с артикулом"
"public-25ed9de8ffbd3db5ba6af133","Наконечник микропила SGO","true","true","","","","https://a4d.kz/content/nakonechnik-mikropila-sgo","P0_COMMERCIAL","NEEDS_OFFICIAL_EVIDENCE","Официальная страница бренда, каталог производителя или подтверждённый прайс с артикулом"
"public-c908ada6255d0cbf3c40f32a","Наконечник на микромотор","true","true","","","","https://a4d.kz/content/nakonechnik-na-mikromotor-0","P0_COMMERCIAL","NEEDS_OFFICIAL_EVIDENCE","Официальная страница бренда, каталог производителя или подтверждённый прайс с артикулом"
"public-e206461b1b38f5ea261618fb","Наконечник на микромотор 102LN","true","true","","","","https://a4d.kz/content/nakonechnik-na-mikromotor-102ln","P0_COMMERCIAL","NEEDS_OFFICIAL_EVIDENCE","Официальная страница бренда, каталог производителя или подтверждённый прайс с артикулом"
"public-ae55be7acaf93d40dc508db4","Наконечник на микромотор 108E","true","true","","","","https://a4d.kz/content/nakonechnik-na-mikromotor-108e","P0_COMMERCIAL","NEEDS_OFFICIAL_EVIDENCE","Официальная страница бренда, каталог производителя или подтверждённый прайс с артикулом"
"public-c5ac4aee2234dc97d24dd10a","Наконечник на скалер","true","true","","","","https://a4d.kz/content/nakonechnik-na-skaler","P0_COMMERCIAL","NEEDS_OFFICIAL_EVIDENCE","Официальная страница бренда, каталог производителя или подтверждённый прайс с артикулом"
"public-59cda5465e933ec1e388566a","Наконечник на эндомотор","true","true","","","","https://a4d.kz/content/nakonechnik-na-endomotor","P0_COMMERCIAL","NEEDS_OFFICIAL_EVIDENCE","Официальная страница бренда, каталог производителя или подтверждённый прайс с артикулом"
"public-74a9153731a6d0fa15a4d08a","Наконечник на эндомотор C-SMART- I pro , NSK endo-mate","true","true","","","","https://a4d.kz/content/nakonechnik-na-endomotor-c-smart-i-pro-nsk-endo-mate","P0_COMMERCIAL","NEEDS_OFFICIAL_EVIDENCE","Официальная страница бренда, каталог производителя или подтверждённый прайс с артикулом"
"public-0615a030bc112018b62e695d","Наконечник пезон хандпиеке универсалный","true","true","","","","https://amdgroup.kz/catalog/nasadki_dlya_pezo_apparata/nakonechnik_pezon_handpiece_universalnyy/","P0_COMMERCIAL","NEEDS_OFFICIAL_EVIDENCE","Официальная страница бренда, каталог производителя или подтверждённый прайс с артикулом"
"public-7ca3012ddc179c20ebba98df","Наконечник пиезон хандпиеке LED","true","true","","","","https://amdgroup.kz/catalog/nasadki_dlya_pezo_apparata/nakonechnik_piezon_handpiece_led/","P0_COMMERCIAL","NEEDS_OFFICIAL_EVIDENCE","Официальная страница бренда, каталог производителя или подтверждённый прайс с артикулом"
"public-77df108520a6236c917caee6","Наконечник прямой с 11 1 1 30056000","true","true","","","","https://amdgroup.kz/catalog/pryamye_/nakonechnik_pryamoy_s_11_1_1_30056000/","P0_COMMERCIAL","NEEDS_OFFICIAL_EVIDENCE","Официальная страница бренда, каталог производителя или подтверждённый прайс с артикулом"
"public-afb3035270888032d8221ece","Наконечник прямой с 9 1 1","true","true","","","","https://amdgroup.kz/catalog/khirurgicheskie_/nakonechnik_pryamoy_s_9_1_1/","P0_COMMERCIAL","NEEDS_OFFICIAL_EVIDENCE","Официальная страница бренда, каталог производителя или подтверждённый прайс с артикулом"
"public-5dad5eeb004a60659be3352e","Наконечник прямой со светом D24-S","true","true","","","","https://a4d.kz/content/nakonechnik-pryamoy-so-svetom-d24-s","P0_COMMERCIAL","NEEDS_OFFICIAL_EVIDENCE","Официальная страница бренда, каталог производителя или подтверждённый прайс с артикулом"
"public-a77499d305a9028885e19e68","Наконечник прямой S-2B","true","true","","","","https://a4d.kz/content/nakonechnik-pryamoy-s-2b","P0_COMMERCIAL","NEEDS_OFFICIAL_EVIDENCE","Официальная страница бренда, каталог производителя или подтверждённый прайс с артикулом"
"public-43a8d71265a1427b3961c0b8","Наконечник с мотором три ауто ZX2","true","true","","","","https://amdgroup.kz/catalog/endodonticheskoe_obarudovanie_/nakonechnik_s_motorom_tri_auto_zx2/","P0_COMMERCIAL","NEEDS_OFFICIAL_EVIDENCE","Официальная страница бренда, каталог производителя или подтверждённый прайс с артикулом"
"public-f8e2f0ebde4a6a8194e1fedf","Наконечник сепарационный","true","true","","","","https://a4d.kz/content/nakonechnik-separacionnyy","P0_COMMERCIAL","NEEDS_OFFICIAL_EVIDENCE","Официальная страница бренда, каталог производителя или подтверждённый прайс с артикулом"
"public-550888455a5028d6f093c8b9","Наконечник скейлер 2032 200 00","true","true","","","","https://amdgroup.kz/catalog/nasadki_dlya_skeylera/nakonechnik_skeyler_2032_200_00/","P0_COMMERCIAL","NEEDS_OFFICIAL_EVIDENCE","Официальная страница бренда, каталог производителя или подтверждённый прайс с артикулом"
"public-c652277b03e13dfd4fada31e","Наконечник турбинный H-14 Coxo","false","true","COXO","","","https://a4d.kz/content/nakonechnik-turbinnyy-h-14-coxo-0","P0_COMMERCIAL","NEEDS_OFFICIAL_EVIDENCE","Официальная страница бренда, каталог производителя или подтверждённый прайс с артикулом"
"public-b457c5c7761ba9e205fa4e4c","Наконечник угловой повышающий1:5 со светом C7-4 (B5-4)","true","true","","","","https://a4d.kz/content/nakonechnik-uglovoy-povyshayushchiy15-so-svetom-c7-4-b5-4","P0_COMMERCIAL","NEEDS_OFFICIAL_EVIDENCE","Официальная страница бренда, каталог производителя или подтверждённый прайс с артикулом"
"public-5f418ecc8947523afad2b438","Наконечник угловой С3-4 понижающий Передача: 4:1","true","true","","","","https://a4d.kz/content/nakonechnik-uglovoy-s3-4-ponizhayushchiy-peredacha-41","P0_COMMERCIAL","NEEDS_OFFICIAL_EVIDENCE","Официальная страница бренда, каталог производителя или подтверждённый прайс с артикулом"
"public-2fb64b9a282a28e6308941b6","Наконечник угловой хир разб WS 75 LED г 30032000","true","true","","","","https://amdgroup.kz/catalog/khirurgicheskie_/nakonechnik_uglovoy_khir_razb_ws_75_led_g_30032000_/","P0_COMMERCIAL","NEEDS_OFFICIAL_EVIDENCE","Официальная страница бренда, каталог производителя или подтверждённый прайс с артикулом"
"public-0bcb6d47a8d07e9831e20199","Наконечник угловой C1-2","true","true","","","","https://a4d.kz/content/nakonechnik-uglovoy-c1-2","P0_COMMERCIAL","NEEDS_OFFICIAL_EVIDENCE","Официальная страница бренда, каталог производителя или подтверждённый прайс с артикулом"
"public-5a1967b6359ec7a0320ff718","Наконечник угловой C1-4 кнопочный","true","true","","","","https://a4d.kz/content/nakonechnik-uglovoy-c1-4-knopochnyy","P0_COMMERCIAL","NEEDS_OFFICIAL_EVIDENCE","Официальная страница бренда, каталог производителя или подтверждённый прайс с артикулом"
"public-6fe04b3665c999e35c14f8db","Наконечник угловой C1-Е со светом (D23-F)","true","true","","","","https://a4d.kz/content/nakonechnik-uglovoy-c1-e-so-svetom-d23-f","P0_COMMERCIAL","NEEDS_OFFICIAL_EVIDENCE","Официальная страница бренда, каталог производителя или подтверждённый прайс с артикулом"
"public-966f17bd2540f0951adb1454","Наконечник угловой C1-B кнопочный (D17-C)","true","true","","","","https://a4d.kz/content/nakonechnik-uglovoy-c1-b-knopochnyy-d17-c","P0_COMMERCIAL","NEEDS_OFFICIAL_EVIDENCE","Официальная страница бренда, каталог производителя или подтверждённый прайс с артикулом"
"public-bfda93ea8690ee817fa571da","Наконечник угловой WI 75 E KM 10207550","true","true","","","","https://amdgroup.kz/catalog/khirurgicheskie_/nakonechnik_uglovoy_wi_75_e_km_10207550/","P0_COMMERCIAL","NEEDS_OFFICIAL_EVIDENCE","Официальная страница бренда, каталог производителя или подтверждённый прайс с артикулом"
"public-aed2d1b258b4214838a189bc","Наконечник ханды 3 0 перио EL 545 A 001","true","true","","","","https://amdgroup.kz/catalog/oborudovanie_dlya_professionalnoy_gigieny_/nakonechnik_handy_3_0_perio_el_545_a_001/","P0_COMMERCIAL","NEEDS_OFFICIAL_EVIDENCE","Официальная страница бренда, каталог производителя или подтверждённый прайс с артикулом"
"public-2fc59424fd004f93307646d5","Наконечник хир прямой с 11LG 1 1 30057000","true","true","","","","https://amdgroup.kz/catalog/khirurgicheskie_/nakonechnik_khir_pryamoy_s_11lg_1_1_30057000/","P0_COMMERCIAL","NEEDS_OFFICIAL_EVIDENCE","Официальная страница бренда, каталог производителя или подтверждённый прайс с артикулом"
"public-e7c645e32e4363dc27e81232","Наконечник Air Flow хандпиеке на 120 белый","true","true","","","","https://amdgroup.kz/catalog/nasadki_dlya_air_flow/nakonechnik_air_flow_handpiece_na_120_belyy/","P0_COMMERCIAL","NEEDS_OFFICIAL_EVIDENCE","Официальная страница бренда, каталог производителя или подтверждённый прайс с артикулом"
"public-f6506d89d3a9a8e63f4e901a","Наконечник Air Flow ханды 2 120 антхраките","true","true","","","","https://amdgroup.kz/catalog/nasadki_dlya_air_flow/nakonechnik_air_flow_handy_2_120_anthracite_/","P0_COMMERCIAL","NEEDS_OFFICIAL_EVIDENCE","Официальная страница бренда, каталог производителя или подтверждённый прайс с артикулом"
"public-78092509d70b8cd8e7237af0","Наконечник Air Flow ханды 2 120 блуе","true","true","","","","https://amdgroup.kz/catalog/nasadki_dlya_air_flow/nakonechnik_air_flow_handy_2_120_blue_/","P0_COMMERCIAL","NEEDS_OFFICIAL_EVIDENCE","Официальная страница бренда, каталог производителя или подтверждённый прайс с артикулом"
"public-58b90173543da0e164b8d671","Наконечник Air Flow ханды 2 120 оранге","true","true","","","","https://amdgroup.kz/catalog/nasadki_dlya_air_flow/nakonechnik_air_flow_handy_2_120_orange_/","P0_COMMERCIAL","NEEDS_OFFICIAL_EVIDENCE","Официальная страница бренда, каталог производителя или подтверждённый прайс с артикулом"
"public-d2caa97f58c3b8d0982180f2","Наконечник Air Flow ханды 2 ревисион Kit EQ 140","true","true","","","","https://amdgroup.kz/catalog/nasadki_dlya_air_flow/nakonechnik_air_flow_handy_2_revision_kit_eq_140/","P0_COMMERCIAL","NEEDS_OFFICIAL_EVIDENCE","Официальная страница бренда, каталог производителя или подтверждённый прайс с артикулом"
"public-e17466e95ab8721614d89899","Наконечники д/слюноотсосов Monoart"" №100","true","true","","","MONOART","https://medstom.kz/catalog","P0_COMMERCIAL","NEEDS_OFFICIAL_EVIDENCE","Официальная страница бренда, каталог производителя или подтверждённый прайс с артикулом"
"public-4c006801bae294183767d365","Наконечники для пистолета воздух-вода","true","true","","","NAK-AIR","https://medstom.kz/catalog","P0_COMMERCIAL","NEEDS_OFFICIAL_EVIDENCE","Официальная страница бренда, каталог производителя или подтверждённый прайс с артикулом"
"public-9b7e7c246568e16456eb7db3","Наконечники для слюноотсоca EURONDA","true","true","","","EURONDA","https://medstom.kz/catalog","P0_COMMERCIAL","NEEDS_OFFICIAL_EVIDENCE","Официальная страница бренда, каталог производителя или подтверждённый прайс с артикулом"
"public-fe87d437ceedc3ab25a1a428","Наконечники на микромотор102 и 102L","true","true","","","","https://a4d.kz/content/nakonechniki-na-mikromotor102-i-102l","P0_COMMERCIAL","NEEDS_OFFICIAL_EVIDENCE","Официальная страница бренда, каталог производителя или подтверждённый прайс с артикулом"
"public-acc35d76ecf8dcfd8e3df706","Наполнитель MTA (Англия)","true","true","","","","https://a4d.kz/content/napolnitel-mta-angliya","P0_COMMERCIAL","NEEDS_OFFICIAL_EVIDENCE","Официальная страница бренда, каталог производителя или подтверждённый прайс с артикулом"
"public-df234223b2a610d1c265c699","Направители 481 487XSI","true","true","","","","https://amdgroup.kz/catalog/restavratsiya/napraviteli_481_487xsi/","P0_COMMERCIAL","NEEDS_OFFICIAL_EVIDENCE","Официальная страница бренда, каталог производителя или подтверждённый прайс с артикулом"
"public-345c5fd65b5d9688aca1efe9","Направители 488 489XSI","true","true","","","","https://amdgroup.kz/catalog/restavratsiya/napraviteli_488_489xsi/","P0_COMMERCIAL","NEEDS_OFFICIAL_EVIDENCE","Официальная страница бренда, каталог производителя или подтверждённый прайс с артикулом"
"public-5638ef7688b265445a03811f","Направители 498 499XSI","true","true","","","","https://amdgroup.kz/catalog/restavratsiya/napraviteli_498_499xsi/","P0_COMMERCIAL","NEEDS_OFFICIAL_EVIDENCE","Официальная страница бренда, каталог производителя или подтверждённый прайс с артикулом"
"public-786ce49782d361df0d7c6f37","Насадка алмазная P3D/PD3D для очистки, для формирования краев коронки, и для расшир. фуркации зубов","true","true","","","","https://a4d.kz/content/nasadka-almaznaya-p3dpd3d-dlya-ochistki-dlya-formirovaniya-kraev-koronki-i-dlya-rasshir","P0_COMMERCIAL","NEEDS_OFFICIAL_EVIDENCE","Официальная страница бренда, каталог производителя или подтверждённый прайс с артикулом"
"public-15c551f4907520efd545027d","Насадка для кости B1 05530100","true","true","","","","https://amdgroup.kz/catalog/nasadki_dlya_pezo_apparata/nasadka_d_kosti_b1_05530100/","P0_COMMERCIAL","NEEDS_OFFICIAL_EVIDENCE","Официальная страница бренда, каталог производителя или подтверждённый прайс с артикулом"
"public-14b5ada264825f5d9a96cb7f","Насадка для формир костного окна S1 05542900","true","true","","","","https://amdgroup.kz/catalog/nasadki_dlya_pezo_apparata/nasadka_d_formir_kostnogo_okna_s1_05542900/","P0_COMMERCIAL","NEEDS_OFFICIAL_EVIDENCE","Официальная страница бренда, каталог производителя или подтверждённый прайс с артикулом"
"public-a942a770fa1cfec33d70847e","Насадка для G2/GD2 снятия более значительныхотложений зубного камня и адгезивного налета. Плоский конец","true","true","","","","https://a4d.kz/content/nasadka-dlya-g2gd2-snyatiya-bolee-znachitelnyhotlozheniy-zubnogo-kamnya-i-adgezivnogo-naleta","P0_COMMERCIAL","NEEDS_OFFICIAL_EVIDENCE","Официальная страница бренда, каталог производителя или подтверждённый прайс с артикулом"
"public-cf3012581e7988b2e8a34d44","Насадка для G5/GD5 пигментированного налета и зубного камня","true","true","","","","https://a4d.kz/content/nasadka-dlya-g5gd5-pigmentirovannogo-naleta-i-zubnogo-kamnya","P0_COMMERCIAL","NEEDS_OFFICIAL_EVIDENCE","Официальная страница бренда, каталог производителя или подтверждённый прайс с артикулом"
"public-f7852c375097eaf19dc95fe1","Насадка для P1/PD1 работы в неглубоких карманахдля работы с проксимальными поверхностями","true","true","","","","https://a4d.kz/content/nasadka-dlya-p1pd1-raboty-v-neglubokih-karmanahdlya-raboty-s-proksimalnymi-poverhnostyami","P0_COMMERCIAL","NEEDS_OFFICIAL_EVIDENCE","Официальная страница бренда, каталог производителя или подтверждённый прайс с артикулом"
"public-8fc00b2ffa1a698da4fe7802","Насадка для P10/PD10 обработки среднего и глубокого десневого кармана","true","true","","","","https://a4d.kz/content/nasadka-dlya-p10pd10-obrabotki-srednego-i-glubokogo-desnevogo-karmana","P0_COMMERCIAL","NEEDS_OFFICIAL_EVIDENCE","Официальная страница бренда, каталог производителя или подтверждённый прайс с артикулом"
"public-59b903c4e971691a0ab80e69","Насадка для P11/PD11 обработки среднего и глубокого десневого кармана","true","true","","","","https://a4d.kz/content/nasadka-dlya-p11pd11-obrabotki-srednego-i-glubokogo-desnevogo-karmana","P0_COMMERCIAL","NEEDS_OFFICIAL_EVIDENCE","Официальная страница бренда, каталог производителя или подтверждённый прайс с артикулом"
"public-daca5d86e035e32f3cbfe973","Насадка для P5/PD5 удаления поддесневого налета или камня","true","true","","","","https://a4d.kz/content/nasadka-dlya-p5pd5-udaleniya-poddesnevogo-naleta-ili-kamnya","P0_COMMERCIAL","NEEDS_OFFICIAL_EVIDENCE","Официальная страница бренда, каталог производителя или подтверждённый прайс с артикулом"
"public-eee0f4a4a5a30ed24fa2a874","Насадка для P6/PD6 удаления поддесневого налета или камня","true","true","","","","https://a4d.kz/content/nasadka-dlya-p6pd6-udaleniya-poddesnevogo-naleta-ili-kamnya","P0_COMMERCIAL","NEEDS_OFFICIAL_EVIDENCE","Официальная страница бренда, каталог производителя или подтверждённый прайс с артикулом"
"public-98b0fc0f72eca02ef97b06e8","Насадка на пылесос","true","true","","","","https://a4d.kz/content/nasadka-na-pylesos","P0_COMMERCIAL","NEEDS_OFFICIAL_EVIDENCE","Официальная страница бренда, каталог производителя или подтверждённый прайс с артикулом"
"public-b96da36b3f8f677b4d6add56","Насадка на слюноотсос","true","true","","","","https://a4d.kz/content/nasadka-na-slyunootsos","P0_COMMERCIAL","NEEDS_OFFICIAL_EVIDENCE","Официальная страница бренда, каталог производителя или подтверждённый прайс с артикулом"
"public-90a6f783d5c9f0e9894aa6f0","Насадка округлая для формир костного окна S2 05534700","true","true","","","","https://amdgroup.kz/catalog/nasadki_dlya_pezo_apparata/nasadka_okruglaya_d_formir_kostnogo_okna_s2_05534700/","P0_COMMERCIAL","NEEDS_OFFICIAL_EVIDENCE","Официальная страница бренда, каталог производителя или подтверждённый прайс с артикулом"
"public-a4f06df71ff70c0bb2f64ccc","Насадка периимплант софт 3 шт.","true","true","","","","https://amdgroup.kz/catalog/nasadki_dlya_apparata_vektor/nasadka_periimplant_soft_3_sht/","P0_COMMERCIAL","NEEDS_OFFICIAL_EVIDENCE","Официальная страница бренда, каталог производителя или подтверждённый прайс с артикулом"
"public-1d2cf95e67406c58f1d517a8","Насадка периимплант хард 3 шт.","true","true","","","","https://amdgroup.kz/catalog/nasadki_dlya_apparata_vektor/nasadka_periimplant_hard_3_sht_/","P0_COMMERCIAL","NEEDS_OFFICIAL_EVIDENCE","Официальная страница бренда, каталог производителя или подтверждённый прайс с артикулом"
"public-26681ce137d6d97a8075c7aa","Насадка пилка для кости B2L 05544400","true","true","","","","https://amdgroup.kz/catalog/nasadki_dlya_pezo_apparata/nasadka_pilka_dlya_kosti_b2l_05544400/","P0_COMMERCIAL","NEEDS_OFFICIAL_EVIDENCE","Официальная страница бренда, каталог производителя или подтверждённый прайс с артикулом"
"public-92bd06863786371f0e30248f","Насадка пилка для кости B2R 06958600","true","true","","","","https://amdgroup.kz/catalog/nasadki_dlya_pezo_apparata/nasadka_pilka_dlya_kosti_b2r_06958600/","P0_COMMERCIAL","NEEDS_OFFICIAL_EVIDENCE","Официальная страница бренда, каталог производителя или подтверждённый прайс с артикулом"
"public-a32f21e2e6a22b37ada5dff5","Насадка E1/ED1 Эндочак 120°","true","true","","","","https://a4d.kz/content/nasadka-e1ed1-endochak-120deg","P0_COMMERCIAL","NEEDS_OFFICIAL_EVIDENCE","Официальная страница бренда, каталог производителя или подтверждённый прайс с артикулом"
"public-69101554219dcf3b76e91116","Насадка E10/ED10","true","true","","","","https://a4d.kz/content/nasadka-e10ed10","P0_COMMERCIAL","NEEDS_OFFICIAL_EVIDENCE","Официальная страница бренда, каталог производителя или подтверждённый прайс с артикулом"
"public-26ec29c7aa4e40e539a0cd8e","Насадка E10D/ED10D","true","true","","","","https://a4d.kz/content/nasadka-e10ded10d","P0_COMMERCIAL","NEEDS_OFFICIAL_EVIDENCE","Официальная страница бренда, каталог производителя или подтверждённый прайс с артикулом"
"public-6917c4caabb8fc1ae5520c12","Насадка E11или (с алмаз. крошкой) для эффективной полиров верхушки корня зуба ретроградной подгото вке зубных каналов","true","true","","","","https://a4d.kz/content/nasadka-e11ili-s-almaz-kroshkoy-dlya-effektivnoy-polirov-verhushki-kornya-zuba-retrogradnoy","P0_COMMERCIAL","NEEDS_OFFICIAL_EVIDENCE","Официальная страница бренда, каталог производителя или подтверждённый прайс с артикулом"
"public-d19d6d4dc26b912da8364cdd","Насадка E11D или (с алмаз. крошкой) для эффективной полиров верхушки корня зуба ретроградной подгото вке зубных каналов","true","true","","","","https://a4d.kz/content/nasadka-e11d-ili-s-almaz-kroshkoy-dlya-effektivnoy-polirov-verhushki-kornya-zuba","P0_COMMERCIAL","NEEDS_OFFICIAL_EVIDENCE","Официальная страница бренда, каталог производителя или подтверждённый прайс с артикулом"
"public-8e94c2ce2396d253570cba9f","Насадка E12D/ED12D","true","true","","","","https://a4d.kz/content/nasadka-e12ded12d","P0_COMMERCIAL","NEEDS_OFFICIAL_EVIDENCE","Официальная страница бренда, каталог производителя или подтверждённый прайс с артикулом"
"public-254006fa8385b451dafa6069","Насадка E14/ED14 для удаления сломанных файлов внутри канала","true","true","","","","https://a4d.kz/content/nasadka-e14ed14-dlya-udaleniya-slomannyh-faylov-vnutri-kanala","P0_COMMERCIAL","NEEDS_OFFICIAL_EVIDENCE","Официальная страница бренда, каталог производителя или подтверждённый прайс с артикулом"
"public-9bd4cd1e7c46bf7352f4a1d5","Насадка E14D/ED14D для удаления кальцифированных фрагментов в канале зуба","true","true","","","","https://a4d.kz/content/nasadka-e14ded14d-dlya-udaleniya-kalcifirovannyh-fragmentov-v-kanale-zuba","P0_COMMERCIAL","NEEDS_OFFICIAL_EVIDENCE","Официальная страница бренда, каталог производителя или подтверждённый прайс с артикулом"
"public-abdb9842205df8ef5686b12e","Насадка E15/ED15для удаления сломанных файлов внутри канала","true","true","","","","https://a4d.kz/content/nasadka-e15ed15dlya-udaleniya-slomannyh-faylov-vnutri-kanala","P0_COMMERCIAL","NEEDS_OFFICIAL_EVIDENCE","Официальная страница бренда, каталог производителя или подтверждённый прайс с артикулом"
"public-3ab633496f1f624011fdba43","Насадка E15D/ED15D для удаления кальцифированных фрагментов в канале зуба","true","true","","","","https://a4d.kz/content/nasadka-e15ded15d-dlya-udaleniya-kalcifirovannyh-fragmentov-v-kanale-zuba","P0_COMMERCIAL","NEEDS_OFFICIAL_EVIDENCE","Официальная страница бренда, каталог производителя или подтверждённый прайс с артикулом"
"public-acfee97b9668c280158ff023","Насадка E2/ED2 Эндочак 95°","true","true","","","","https://a4d.kz/content/nasadka-e2ed2-endochak-95deg","P0_COMMERCIAL","NEEDS_OFFICIAL_EVIDENCE","Официальная страница бренда, каталог производителя или подтверждённый прайс с артикулом"
"public-f666f355423100189af34498","Насадка E3 (с алмаз. крошкой) для растапливания гуттаперчи","true","true","","","","https://a4d.kz/content/nasadka-e3-s-almaz-kroshkoy-dlya-rastaplivaniya-guttaperchi","P0_COMMERCIAL","NEEDS_OFFICIAL_EVIDENCE","Официальная страница бренда, каталог производителя или подтверждённый прайс с артикулом"
"public-96df8e55f66de1eb85efe1a6","Насадка E3D (с алмаз. крошкой) для растапливания гуттаперчи","true","true","","","","https://a4d.kz/content/nasadka-e3d-s-almaz-kroshkoy-dlya-rastaplivaniya-guttaperchi","P0_COMMERCIAL","NEEDS_OFFICIAL_EVIDENCE","Официальная страница бренда, каталог производителя или подтверждённый прайс с артикулом"
"public-09e90d38c56faada16a753c0","Насадка E4 (с алмаз. крошкой) для удаления кальцифицированных фрагментов и пломбиро вочного материала","true","true","","","","https://a4d.kz/content/nasadka-e4-s-almaz-kroshkoy-dlya-udaleniya-kalcificirovannyh-fragmentov-i-plombiro-vochnogo","P0_COMMERCIAL","NEEDS_OFFICIAL_EVIDENCE","Официальная страница бренда, каталог производителя или подтверждённый прайс с артикулом"
"public-45779bdd3fbf3fa9ee85a809","Насадка E4D (с алмаз. крошкой) для удаления кальцифицированных фрагментов и пломбиро вочного материала","true","true","","","","https://a4d.kz/content/nasadka-e4d-s-almaz-kroshkoy-dlya-udaleniya-kalcificirovannyh-fragmentov-i-plombiro-vochnogo","P0_COMMERCIAL","NEEDS_OFFICIAL_EVIDENCE","Официальная страница бренда, каталог производителя или подтверждённый прайс с артикулом"
"public-3385df09f8e8f66e06dc1c75","Насадка E5 (с алмаз. крошкой) для удаления препятствий при пломбировании корневого канала","true","true","","","","https://a4d.kz/content/nasadka-e5-s-almaz-kroshkoy-dlya-udaleniya-prepyatstviy-pri-plombirovanii-kornevogo-kanala","P0_COMMERCIAL","NEEDS_OFFICIAL_EVIDENCE","Официальная страница бренда, каталог производителя или подтверждённый прайс с артикулом"
"public-a8c0d5eb5f03072b53cf09cf","Насадка E5D (с алмаз. крошкой) для удаления препятствий при пломбировании корневого канала","true","true","","","","https://a4d.kz/content/nasadka-e5d-s-almaz-kroshkoy-dlya-udaleniya-prepyatstviy-pri-plombirovanii-kornevogo-kanala","P0_COMMERCIAL","NEEDS_OFFICIAL_EVIDENCE","Официальная страница бренда, каталог производителя или подтверждённый прайс с артикулом"
"public-197933583377b57d2823353d","Насадка E6","true","true","","","","https://a4d.kz/content/nasadka-e6","P0_COMMERCIAL","NEEDS_OFFICIAL_EVIDENCE","Официальная страница бренда, каталог производителя или подтверждённый прайс с артикулом"
"public-99b225abda2080bddddde1f7","Насадка E60 к скалеру Эндочакс файлом при работе в корневых каналах","true","true","","","","https://a4d.kz/content/nasadka-e60-k-skaleru-endochaks-faylom-pri-rabote-v-kornevyh-kanalah","P0_COMMERCIAL","NEEDS_OFFICIAL_EVIDENCE","Официальная страница бренда, каталог производителя или подтверждённый прайс с артикулом"
"public-ef1d6c074ba5364d16765d6c","Насадка E62 к скалеру Эндочакс файлом при работе в корневых каналах","true","true","","","","https://a4d.kz/content/nasadka-e62-k-skaleru-endochaks-faylom-pri-rabote-v-kornevyh-kanalah","P0_COMMERCIAL","NEEDS_OFFICIAL_EVIDENCE","Официальная страница бренда, каталог производителя или подтверждённый прайс с артикулом"
"public-2b034b1887c332a6554be4b4","Насадка E7/ED7 имеет форму тонкой очень острой иглы;для удаления инородных тел из корневого канала","true","true","","","","https://a4d.kz/content/nasadka-e7ed7-imeet-formu-tonkoy-ochen-ostroy-iglydlya-udaleniya-inorodnyh-tel-iz-kornevogo","P0_COMMERCIAL","NEEDS_OFFICIAL_EVIDENCE","Официальная страница бренда, каталог производителя или подтверждённый прайс с артикулом"
"public-0f3f611486c0418f5982a084","Насадка E8/ED8","true","true","","","","https://a4d.kz/content/nasadka-e8ed8","P0_COMMERCIAL","NEEDS_OFFICIAL_EVIDENCE","Официальная страница бренда, каталог производителя или подтверждённый прайс с артикулом"
"public-99da16bd73675c3fbbf14925","Насадка E9/ED9","true","true","","","","https://a4d.kz/content/nasadka-e9ed9","P0_COMMERCIAL","NEEDS_OFFICIAL_EVIDENCE","Официальная страница бренда, каталог производителя или подтверждённый прайс с артикулом"
"public-afe83531d1786e5c27d26315","Насадка G1/GD1 для снятия незначительных отложений зубного камня","true","true","","","","https://a4d.kz/content/nasadka-g1gd1-dlya-snyatiya-neznachitelnyh-otlozheniy-zubnogo-kamnya","P0_COMMERCIAL","NEEDS_OFFICIAL_EVIDENCE","Официальная страница бренда, каталог производителя или подтверждённый прайс с артикулом"
"public-47d8a1c5cf4bd11ee27393bd","Насадка G10/GD10 для удаления наддесневого камня, пришеечных зубных отложений, и отложений с шейки зуба","true","true","","","","https://a4d.kz/content/nasadka-g10gd10-dlya-udaleniya-naddesnevogo-kamnya-prisheechnyh-zubnyh-otlozheniy-i","P0_COMMERCIAL","NEEDS_OFFICIAL_EVIDENCE","Официальная страница бренда, каталог производителя или подтверждённый прайс с артикулом"
"public-28da737249222449dc7ad241","Насадка G12/GD12","true","true","","","","https://a4d.kz/content/nasadka-g12gd12","P0_COMMERCIAL","NEEDS_OFFICIAL_EVIDENCE","Официальная страница бренда, каталог производителя или подтверждённый прайс с артикулом"
"public-cfb01ceab694f281583808fe","Насадка G20/GD20","true","true","","","","https://a4d.kz/content/nasadka-g20gd20","P0_COMMERCIAL","NEEDS_OFFICIAL_EVIDENCE","Официальная страница бренда, каталог производителя или подтверждённый прайс с артикулом"
"public-c689b7e9c4657a0552d9e676","Насадка G21/GD21","true","true","","","","https://a4d.kz/content/nasadka-g21gd21","P0_COMMERCIAL","NEEDS_OFFICIAL_EVIDENCE","Официальная страница бренда, каталог производителя или подтверждённый прайс с артикулом"
"public-dc5d697e475c8cc2ed731a20","Насадка G28/GD28","true","true","","","","https://a4d.kz/content/nasadka-g28gd28","P0_COMMERCIAL","NEEDS_OFFICIAL_EVIDENCE","Официальная страница бренда, каталог производителя или подтверждённый прайс с артикулом"
"public-19445f0ad6f9b166da50df16","Насадка G3/GD3 для удаления наддесневого налета во всех включая межзубные промежутки и десневые бороздки","true","true","","","","https://a4d.kz/content/nasadka-g3gd3-dlya-udaleniya-naddesnevogo-naleta-vo-vseh-vklyuchaya-mezhzubnye-promezhutki-i","P0_COMMERCIAL","NEEDS_OFFICIAL_EVIDENCE","Официальная страница бренда, каталог производителя или подтверждённый прайс с артикулом"
"public-7364ac6aca76f938996c27d1","Насадка G30/GD30","true","true","","","","https://a4d.kz/content/nasadka-g30gd30","P0_COMMERCIAL","NEEDS_OFFICIAL_EVIDENCE","Официальная страница бренда, каталог производителя или подтверждённый прайс с артикулом"
"public-a74b7620cc3536b0208acb8c","Насадка G31/GD31","true","true","","","","https://a4d.kz/content/nasadka-g31gd31","P0_COMMERCIAL","NEEDS_OFFICIAL_EVIDENCE","Официальная страница бренда, каталог производителя или подтверждённый прайс с артикулом"
"public-ea3ef129c5b70406b7c0b263","Насадка G32/GD32","true","true","","","","https://a4d.kz/content/nasadka-g32gd32","P0_COMMERCIAL","NEEDS_OFFICIAL_EVIDENCE","Официальная страница бренда, каталог производителя или подтверждённый прайс с артикулом"
"public-2eac12b1c67d2e96ae76220a","Насадка G33/GD33","true","true","","","","https://a4d.kz/content/nasadka-g33gd33","P0_COMMERCIAL","NEEDS_OFFICIAL_EVIDENCE","Официальная страница бренда, каталог производителя или подтверждённый прайс с артикулом"
"public-6f524b467a4c87d37fe76334","Насадка G4//GD4 для обработки межзубных промежутков и для удаления наддесневого налета или камня","true","true","","","","https://a4d.kz/content/nasadka-g4gd4-dlya-obrabotki-mezhzubnyh-promezhutkov-i-dlya-udaleniya-naddesnevogo-naleta","P0_COMMERCIAL","NEEDS_OFFICIAL_EVIDENCE","Официальная страница бренда, каталог производителя или подтверждённый прайс с артикулом"
"public-300d94f38c7e99537956d382","Насадка G6/GD6 для удаления большого количества зубных отложений.плоским концом Н","true","true","","","","https://a4d.kz/content/nasadka-g6gd6-dlya-udaleniya-bolshogo-kolichestva-zubnyh-otlozheniyploskim-koncom-n","P0_COMMERCIAL","NEEDS_OFFICIAL_EVIDENCE","Официальная страница бренда, каталог производителя или подтверждённый прайс с артикулом"
"public-2ff5948a88f4859edbc18a8e","Насадка G8/GD8","true","true","","","","https://a4d.kz/content/nasadka-g8gd8","P0_COMMERCIAL","NEEDS_OFFICIAL_EVIDENCE","Официальная страница бренда, каталог производителя или подтверждённый прайс с артикулом"
"public-ea48537f56856cf81e9b713c","Насадка G9/GD9","true","true","","","","https://a4d.kz/content/nasadka-g9gd9","P0_COMMERCIAL","NEEDS_OFFICIAL_EVIDENCE","Официальная страница бренда, каталог производителя или подтверждённый прайс с артикулом"
"public-a6514173f5f33149afc862d9","Насадка P12/PD12 для обработки среднего и глубокого десневого кармана","true","true","","","","https://a4d.kz/content/nasadka-p12pd12-dlya-obrabotki-srednego-i-glubokogo-desnevogo-karmana","P0_COMMERCIAL","NEEDS_OFFICIAL_EVIDENCE","Официальная страница бренда, каталог производителя или подтверждённый прайс с артикулом"
"public-876571960bce370e3f775b92","Насадка P14L/PD14L","true","true","","","","https://a4d.kz/content/nasadka-p14lpd14l","P0_COMMERCIAL","NEEDS_OFFICIAL_EVIDENCE","Официальная страница бренда, каталог производителя или подтверждённый прайс с артикулом"
"public-7e4465aa528d4b11e0dbc742","Насадка P14R/PD14R","true","true","","","","https://a4d.kz/content/nasadka-p14rpd14r","P0_COMMERCIAL","NEEDS_OFFICIAL_EVIDENCE","Официальная страница бренда, каталог производителя или подтверждённый прайс с артикулом"
"public-6e7928a73cea07cc148e1366","Насадка P18/PD18","true","true","","","","https://a4d.kz/content/nasadka-p18pd18","P0_COMMERCIAL","NEEDS_OFFICIAL_EVIDENCE","Официальная страница бренда, каталог производителя или подтверждённый прайс с артикулом"
"public-5a1681dfe2b5f8360e89f88b","Насадка P20/PD20","true","true","","","","https://a4d.kz/content/nasadka-p20pd20","P0_COMMERCIAL","NEEDS_OFFICIAL_EVIDENCE","Официальная страница бренда, каталог производителя или подтверждённый прайс с артикулом"
"public-3a72178508239c46b64c3dc9","Насадка P20L/PD20L","true","true","","","","https://a4d.kz/content/nasadka-p20lpd20l","P0_COMMERCIAL","NEEDS_OFFICIAL_EVIDENCE","Официальная страница бренда, каталог производителя или подтверждённый прайс с артикулом"
"public-6b8d563b7e5520ef4a8fa4ac","Насадка P20R/PD20R","true","true","","","","https://a4d.kz/content/nasadka-p20rpd20r","P0_COMMERCIAL","NEEDS_OFFICIAL_EVIDENCE","Официальная страница бренда, каталог производителя или подтверждённый прайс с артикулом"
"public-2ef1de8c3dbde375fb08be31","Насадка P21L/PD21L","true","true","","","","https://a4d.kz/content/nasadka-p21lpd21l","P0_COMMERCIAL","NEEDS_OFFICIAL_EVIDENCE","Официальная страница бренда, каталог производителя или подтверждённый прайс с артикулом"
"public-40f1f97c2c75f81806ab9afa","Насадка P21R/PD21R Пародонтологическа насадка","true","true","","","","https://a4d.kz/content/nasadka-p21rpd21r-parodontologicheska-nasadka","P0_COMMERCIAL","NEEDS_OFFICIAL_EVIDENCE","Официальная страница бренда, каталог производителя или подтверждённый прайс с артикулом"
"public-e9b2c7aa0d15ec7e48a16bb5","Насадка P22L/PD22L Пародонтологическая насадка","true","true","","","","https://a4d.kz/content/nasadka-p22lpd22l-parodontologicheskaya-nasadka","P0_COMMERCIAL","NEEDS_OFFICIAL_EVIDENCE","Официальная страница бренда, каталог производителя или подтверждённый прайс с артикулом"
"public-6630d59426145eb2e6fb9800","Насадка P22R/PD22R","true","true","","","","https://a4d.kz/content/nasadka-p22rpd22r","P0_COMMERCIAL","NEEDS_OFFICIAL_EVIDENCE","Официальная страница бренда, каталог производителя или подтверждённый прайс с артикулом"
"public-4d766d1d6aa92bd1053d8503","Насадка P2L/PD2L","true","true","","","","https://a4d.kz/content/nasadka-p2lpd2l","P0_COMMERCIAL","NEEDS_OFFICIAL_EVIDENCE","Официальная страница бренда, каталог производителя или подтверждённый прайс с артикулом"
"public-8446ac78670f8b49be89cfc7","Насадка P2LD/PD2LD","true","true","","","","https://a4d.kz/content/nasadka-p2ldpd2ld","P0_COMMERCIAL","NEEDS_OFFICIAL_EVIDENCE","Официальная страница бренда, каталог производителя или подтверждённый прайс с артикулом"
"public-c4c4c285bbf4f2b570f29005","Насадка P2R/PD2R","true","true","","","","https://a4d.kz/content/nasadka-p2rpd2r","P0_COMMERCIAL","NEEDS_OFFICIAL_EVIDENCE","Официальная страница бренда, каталог производителя или подтверждённый прайс с артикулом"
"public-2377f9651ee4a6bd02a7944e","Насадка P2RD/PD2RD","true","true","","","","https://a4d.kz/content/nasadka-p2rdpd2rd","P0_COMMERCIAL","NEEDS_OFFICIAL_EVIDENCE","Официальная страница бренда, каталог производителя или подтверждённый прайс с артикулом"
"public-2f917308ef7c2640bf2e5462","Насадка P3/PD3 для снятия зубного камня в глубоких карманах.","true","true","","","","https://a4d.kz/content/nasadka-p3pd3-dlya-snyatiya-zubnogo-kamnya-v-glubokih-karmanah","P0_COMMERCIAL","NEEDS_OFFICIAL_EVIDENCE","Официальная страница бренда, каталог производителя или подтверждённый прайс с артикулом"
"public-986e0bda40efcfeb1db48cfd","Насадка P4/PD4 для очистки и промывания неглубоких десневых карманов","true","true","","","","https://a4d.kz/content/nasadka-p4pd4-dlya-ochistki-i-promyvaniya-neglubokih-desnevyh-karmanov","P0_COMMERCIAL","NEEDS_OFFICIAL_EVIDENCE","Официальная страница бренда, каталог производителя или подтверждённый прайс с артикулом"
"public-472b9a7f6f59ff38bf626207","Насадка P4D/PD4D алмазная для зубного канала, для удаления кальцифицированных фрагментов","true","true","","","","https://a4d.kz/content/nasadka-p4dpd4d-almaznaya-dlya-zubnogo-kanala-dlya-udaleniya-kalcificirovannyh-fragmentov","P0_COMMERCIAL","NEEDS_OFFICIAL_EVIDENCE","Официальная страница бренда, каталог производителя или подтверждённый прайс с артикулом"
"public-0fb3fd6d496c79ce569e81aa","Насадка P50L/PD50L","true","true","","","","https://a4d.kz/content/nasadka-p50lpd50l","P0_COMMERCIAL","NEEDS_OFFICIAL_EVIDENCE","Официальная страница бренда, каталог производителя или подтверждённый прайс с артикулом"
"public-004102012531adbd4bc2d513","Насадка P50R/PD50R","true","true","","","","https://a4d.kz/content/nasadka-p50rpd50r","P0_COMMERCIAL","NEEDS_OFFICIAL_EVIDENCE","Официальная страница бренда, каталог производителя или подтверждённый прайс с артикулом"
"public-4231e34c41acc103461f34b0","Насадка P51L","true","true","","","","https://a4d.kz/content/nasadka-p51l","P0_COMMERCIAL","NEEDS_OFFICIAL_EVIDENCE","Официальная страница бренда, каталог производителя или подтверждённый прайс с артикулом"
"public-beb33878e583c02b88c248ce","Насадка P51R","true","true","","","","https://a4d.kz/content/nasadka-p51r","P0_COMMERCIAL","NEEDS_OFFICIAL_EVIDENCE","Официальная страница бренда, каталог производителя или подтверждённый прайс с артикулом"
"public-a8c7ca3f2a471e122879c0ce","Насадка P52/PD52","true","true","","","","https://a4d.kz/content/nasadka-p52pd52","P0_COMMERCIAL","NEEDS_OFFICIAL_EVIDENCE","Официальная страница бренда, каталог производителя или подтверждённый прайс с артикулом"
"public-103d451aa626f85d0e4e1553","Насадка P53L/PD53L","true","true","","","","https://a4d.kz/content/nasadka-p53lpd53l","P0_COMMERCIAL","NEEDS_OFFICIAL_EVIDENCE","Официальная страница бренда, каталог производителя или подтверждённый прайс с артикулом"
"public-ce478b3c4d4fa6f2ffd2f14e","Насадка P53R/PD53R","true","true","","","","https://a4d.kz/content/nasadka-p53rpd53r","P0_COMMERCIAL","NEEDS_OFFICIAL_EVIDENCE","Официальная страница бренда, каталог производителя или подтверждённый прайс с артикулом"
"public-a42f29b6f5aa2068ff5009e0","Насадка P56/PD56","true","true","","","","https://a4d.kz/content/nasadka-p56pd56","P0_COMMERCIAL","NEEDS_OFFICIAL_EVIDENCE","Официальная страница бренда, каталог производителя или подтверждённый прайс с артикулом"
"public-1719e619c0c1a0aa345d3307","Насадка P59/PD59 титановая насадка для ультразвукового воздействия на ткани пародонта.","true","true","","","","https://a4d.kz/content/nasadka-p59pd59-titanovaya-nasadka-dlya-ultrazvukovogo-vozdeystviya-na-tkani-parodonta-0","P0_COMMERCIAL","NEEDS_OFFICIAL_EVIDENCE","Официальная страница бренда, каталог производителя или подтверждённый прайс с артикулом"
"public-0e3a68705a122793c1c17f82","Насадка P7/PD7 для удаления поддесневого налета или камня","true","true","","","","https://a4d.kz/content/nasadka-p7pd7-dlya-udaleniya-poddesnevogo-naleta-ili-kamnya","P0_COMMERCIAL","NEEDS_OFFICIAL_EVIDENCE","Официальная страница бренда, каталог производителя или подтверждённый прайс с артикулом"
"public-b0d8c305942b761efe731a91","Насадка P8/PD8 для для удаления поддесневого налета или камня","true","true","","","","https://a4d.kz/content/nasadka-p8pd8-dlya-dlya-udaleniya-poddesnevogo-naleta-ili-kamnya","P0_COMMERCIAL","NEEDS_OFFICIAL_EVIDENCE","Официальная страница бренда, каталог производителя или подтверждённый прайс с артикулом"
"public-c4353db50ae15a1f9db2ef07","Насадка P90/PD90 Титановая насадка для очистки шейки имплантов","true","true","","","","https://a4d.kz/content/nasadka-p90pd90-titanovaya-nasadka-dlya-ochistki-sheyki-implantov","P0_COMMERCIAL","NEEDS_OFFICIAL_EVIDENCE","Официальная страница бренда, каталог производителя или подтверждённый прайс с артикулом"
"public-a175720962db17002b57ccc1","Насадка SB1","true","true","","","","https://a4d.kz/content/nasadka-sb1","P0_COMMERCIAL","NEEDS_OFFICIAL_EVIDENCE","Официальная страница бренда, каталог производителя или подтверждённый прайс с артикулом"
"public-321312043dc71bbc3de21a11","Насадка SB2","true","true","","","","https://a4d.kz/content/nasadka-sb2","P0_COMMERCIAL","NEEDS_OFFICIAL_EVIDENCE","Официальная страница бренда, каталог производителя или подтверждённый прайс с артикулом"
"public-e093412e428440c6968be027","Насадка SB3","true","true","","","","https://a4d.kz/content/nasadka-sb3","P0_COMMERCIAL","NEEDS_OFFICIAL_EVIDENCE","Официальная страница бренда, каталог производителя или подтверждённый прайс с артикулом"
"public-ff06d05d859fab2883eb4d35","Насадка SBL","true","true","","","","https://a4d.kz/content/nasadka-sbl","P0_COMMERCIAL","NEEDS_OFFICIAL_EVIDENCE","Официальная страница бренда, каталог производителя или подтверждённый прайс с артикулом"
"public-2962e4c42347b0f93c705fd6","Насадка SBR","true","true","","","","https://a4d.kz/content/nasadka-sbr","P0_COMMERCIAL","NEEDS_OFFICIAL_EVIDENCE","Официальная страница бренда, каталог производителя или подтверждённый прайс с артикулом"
"public-c162dcdcdcd1ed9ebc0c48be","Насадки для протравки жидкотекучих и прокладочных","true","true","","","","https://a4d.kz/content/nasadki-dlya-protravki-zhidkotekuchih-i-prokladochnyh","P0_COMMERCIAL","NEEDS_OFFICIAL_EVIDENCE","Официальная страница бренда, каталог производителя или подтверждённый прайс с артикулом"
"public-de554f405b8b3fd8156a5012","Насадки на эндоактиватор","true","true","","","","https://a4d.kz/content/nasadki-na-endoaktivator-0","P0_COMMERCIAL","NEEDS_OFFICIAL_EVIDENCE","Официальная страница бренда, каталог производителя или подтверждённый прайс с артикулом"
"public-28a9d041a2053ae0ea50d28d","Насадки на Amdent","true","true","","","","https://a4d.kz/content/nasadki-na-amdent","P0_COMMERCIAL","NEEDS_OFFICIAL_EVIDENCE","Официальная страница бренда, каталог производителя или подтверждённый прайс с артикулом"
"public-632e073f25865e794c7ff98e","Насадки на KaVo","true","true","","","","https://a4d.kz/content/nasadki-na-kavo","P0_COMMERCIAL","NEEDS_OFFICIAL_EVIDENCE","Официальная страница бренда, каталог производителя или подтверждённый прайс с артикулом"
"public-59e4984e323af1f02c9c8897","Насадки поддесневые","true","true","","","","https://a4d.kz/content/nasadki-poddesnevye","P0_COMMERCIAL","NEEDS_OFFICIAL_EVIDENCE","Официальная страница бренда, каталог производителя или подтверждённый прайс с артикулом"
"public-c8f9931946ec8102627e59eb","Насадки G7/GD7","true","true","","","","https://a4d.kz/content/nasadki-g7gd7","P0_COMMERCIAL","NEEDS_OFFICIAL_EVIDENCE","Официальная страница бренда, каталог производителя или подтверждённый прайс с артикулом"
"public-a64b4c3e122af2cf0076361b","Нити ролл 12/14/16/18/20","true","true","","","","https://a4d.kz/content/niti-roll-1214161820","P0_COMMERCIAL","NEEDS_OFFICIAL_EVIDENCE","Официальная страница бренда, каталог производителя или подтверждённый прайс с артикулом"
"public-59d820af3b67b5d82bd74083","Нить ретракционная Ретрикс фибро размеры 0/1/2/3","true","true","","","","https://a4d.kz/content/nit-retrakcionnaya-retriks-fibro-razmery-0123","P0_COMMERCIAL","NEEDS_OFFICIAL_EVIDENCE","Официальная страница бренда, каталог производителя или подтверждённый прайс с артикулом"
"public-b816801d2f75ba0ee069ad7e","Нить ретракционная Ретрикс фибро Эпи размеры 0/1/2/3","true","true","","","","https://a4d.kz/content/nit-retrakcionnaya-retriks-fibro-epi-razmery-0123","P0_COMMERCIAL","NEEDS_OFFICIAL_EVIDENCE","Официальная страница бренда, каталог производителя или подтверждённый прайс с артикулом"
"public-a0bf3b27a5cad7d1a7585b18","Нить ретракционная Ретрикс эпи размеры 0/1/2","true","true","","","","https://a4d.kz/content/nit-retrakcionnaya-retriks-epi-razmery-012","P0_COMMERCIAL","NEEDS_OFFICIAL_EVIDENCE","Официальная страница бренда, каталог производителя или подтверждённый прайс с артикулом"
"public-f0cb62f1572753bdbf0abdee","Нить ретракционная Gingi-FEEK Китай размеры 0/00/000/1/2","true","true","","","","https://a4d.kz/content/nit-retrakcionnaya-gingi-feek-kitay-razmery-00000012","P0_COMMERCIAL","NEEDS_OFFICIAL_EVIDENCE","Официальная страница бренда, каталог производителя или подтверждённый прайс с артикулом"
"public-09435368ec4cdb5533c41352","Нить ретракционная Gingi-PAK Корея размеры 0/00/000/1/2","true","true","","","","https://a4d.kz/content/nit-retrakcionnaya-gingi-pak-koreya-razmery-00000012","P0_COMMERCIAL","NEEDS_OFFICIAL_EVIDENCE","Официальная страница бренда, каталог производителя или подтверждённый прайс с артикулом"
"public-42859ac3e14c58b05e4fe562","Нить ретракционная HUMMER-PAK","false","true","Hummer-Pak","","CKT-5","https://stomir.kz/","P0_COMMERCIAL","NEEDS_OFFICIAL_EVIDENCE","Официальная страница бренда, каталог производителя или подтверждённый прайс с артикулом"
"public-3ecff9c9f684c9dc80856e31","Нож 307 308XSI","true","true","","","","https://amdgroup.kz/catalog/emalevye_nozhy/nozh_307_308xsi/","P0_COMMERCIAL","NEEDS_OFFICIAL_EVIDENCE","Официальная страница бренда, каталог производителя или подтверждённый прайс с артикулом"
"public-e9f106059e39d88465dcb951","Нож для гипса","true","true","","","","https://a4d.kz/content/nozh-dlya-gipsa","P0_COMMERCIAL","NEEDS_OFFICIAL_EVIDENCE","Официальная страница бренда, каталог производителя или подтверждённый прайс с артикулом"
"public-13ff5532ecb5dd74adb358e7","Нож емалевый 1,2 мм","true","true","","","","https://amdgroup.kz/catalog/emalevye_nozhy/nozh_emalevyy_1_2_mm/","P0_COMMERCIAL","NEEDS_OFFICIAL_EVIDENCE","Официальная страница бренда, каталог производителя или подтверждённый прайс с артикулом"
"public-8299e7c884db97749e3521e0","Ножницы микро хирургические (Англия)","true","true","","","","https://a4d.kz/content/nozhnicy-mikro-hirurgicheskie-angliya","P0_COMMERCIAL","NEEDS_OFFICIAL_EVIDENCE","Официальная страница бренда, каталог производителя или подтверждённый прайс с артикулом"
"public-992cd1a09d4b22ba620c7824","Ножницы прямые 12 см (Англия)","true","true","","","","https://a4d.kz/content/nozhnicy-pryamye-12-sm-angliya","P0_COMMERCIAL","NEEDS_OFFICIAL_EVIDENCE","Официальная страница бренда, каталог производителя или подтверждённый прайс с артикулом"
"public-0bf8182494de50c2de5a359a","Ножницы прямые 12 см-Пакистан","true","true","","","","https://a4d.kz/content/nozhnicy-pryamye-12-sm-pakistan","P0_COMMERCIAL","NEEDS_OFFICIAL_EVIDENCE","Официальная страница бренда, каталог производителя или подтверждённый прайс с артикулом"
"public-fb6c8b4958928d81e77a8691","Ножницы прямые Truewin","true","true","","","","https://medstom.kz/catalog","P0_COMMERCIAL","NEEDS_OFFICIAL_EVIDENCE","Официальная страница бренда, каталог производителя или подтверждённый прайс с артикулом"
"public-e035d0902cc335d80728cfae","Носики 0085 для смещивания к канюлям","true","true","","","","https://a4d.kz/content/nosiki-0085-dlya-smeshchivaniya-k-kanyulyam","P0_COMMERCIAL","NEEDS_OFFICIAL_EVIDENCE","Официальная страница бренда, каталог производителя или подтверждённый прайс с артикулом"
"public-0e36c7ea4214a27337141cdc","Носики 0086 для смещивания к канюлям","true","true","","","","https://a4d.kz/content/nosiki-0086-dlya-smeshchivaniya-k-kanyulyam","P0_COMMERCIAL","NEEDS_OFFICIAL_EVIDENCE","Официальная страница бренда, каталог производителя или подтверждённый прайс с артикулом"
"public-0505ddfe3f38c6e88eb0d075","Носики автоклавируемые на Хирургические пылесосы","true","true","","","","https://a4d.kz/content/nosiki-avtoklaviruemye-na-hirurgicheskie-pylesosy","P0_COMMERCIAL","NEEDS_OFFICIAL_EVIDENCE","Официальная страница бренда, каталог производителя или подтверждённый прайс с артикулом"
"public-84d5ebbb1798a24b9283e7c0","Носики для наконечника 40SHT","true","true","","","","https://amdgroup.kz/catalog/bystrosemnoe_soedinenie_/nosiki_d_nakonechnika_40sht/","P0_COMMERCIAL","NEEDS_OFFICIAL_EVIDENCE","Официальная страница бренда, каталог производителя или подтверждённый прайс с артикулом"
"public-a3fa99cd58b3adcaae6d41c6","Носики для пистолета капсул","true","true","","","","https://a4d.kz/content/nosiki-dlya-pistoleta-kapsul","P0_COMMERCIAL","NEEDS_OFFICIAL_EVIDENCE","Официальная страница бренда, каталог производителя или подтверждённый прайс с артикулом"
"public-78b5bb4e023245aea484471c","Обогреватель воска с элекронным сенсором","true","true","","","","https://a4d.kz/content/obogrevatel-voska-s-elekronnym-sensorom","P0_COMMERCIAL","NEEDS_OFFICIAL_EVIDENCE","Официальная страница бренда, каталог производителя или подтверждённый прайс с артикулом"
"public-c6da88bb99e40a4b193cd68b","Обратный пинцет","true","true","","","","https://a4d.kz/content/obratnyy-pincet","P0_COMMERCIAL","NEEDS_OFFICIAL_EVIDENCE","Официальная страница бренда, каталог производителя или подтверждённый прайс с артикулом"
"public-234dcfaf38370b9a23544fbd","Обтурационная система","true","true","","","","https://a4d.kz/content/obturacionnaya-sistema","P0_COMMERCIAL","NEEDS_OFFICIAL_EVIDENCE","Официальная страница бренда, каталог производителя или подтверждённый прайс с артикулом"
"public-cda918ad2c2e997132f13f75","Обтурационная система COXO C-Blade","false","true","COXO","","","https://medstom.kz/catalog","P0_COMMERCIAL","NEEDS_OFFICIAL_EVIDENCE","Официальная страница бренда, каталог производителя или подтверждённый прайс с артикулом"
"public-067281797814f53f9594f6d1","Окклюдатор","true","true","","","","https://a4d.kz/content/okklyudator","P0_COMMERCIAL","NEEDS_OFFICIAL_EVIDENCE","Официальная страница бренда, каталог производителя или подтверждённый прайс с артикулом"
"public-93df16f7c6d3fcda12a05022","Окклюдатор магнитный","true","true","","","","https://a4d.kz/content/okklyudator-magnitnyy","P0_COMMERCIAL","NEEDS_OFFICIAL_EVIDENCE","Официальная страница бренда, каталог производителя или подтверждённый прайс с артикулом"
"public-70a4b7658ce18e29f5028c7f","Оксид алюминия 50 мкр","true","true","","","","https://a4d.kz/content/oksid-alyuminiya-50-mkr","P0_COMMERCIAL","NEEDS_OFFICIAL_EVIDENCE","Официальная страница бренда, каталог производителя или подтверждённый прайс с артикулом"
"public-f18f8187a96661322383c30f","Олидент олилукс Set","true","true","","","","https://medstom.kz/catalog","P0_COMMERCIAL","NEEDS_OFFICIAL_EVIDENCE","Официальная страница бренда, каталог производителя или подтверждённый прайс с артикулом"
"public-ac03a650780bc5abbd993aaa","Олидент-оливеттингадхесиве","true","true","","","","https://medstom.kz/catalog","P0_COMMERCIAL","NEEDS_OFFICIAL_EVIDENCE","Официальная страница бренда, каталог производителя или подтверждённый прайс с артикулом"
"public-7b00b841c6537fec1e531fff","Олидент-олиетч бонд","true","true","","","","https://medstom.kz/catalog","P0_COMMERCIAL","NEEDS_OFFICIAL_EVIDENCE","Официальная страница бренда, каталог производителя или подтверждённый прайс с артикулом"
"public-dcb723fb71e0c64a0b300ad5","Олидент-олизиркоре нано","true","true","","","","https://medstom.kz/catalog","P0_COMMERCIAL","NEEDS_OFFICIAL_EVIDENCE","Официальная страница бренда, каталог производителя или подтверждённый прайс с артикулом"
"public-9a6fe882e8c59e884f759787","Олидент-олинаносеал","true","true","","","","https://medstom.kz/catalog","P0_COMMERCIAL","NEEDS_OFFICIAL_EVIDENCE","Официальная страница бренда, каталог производителя или подтверждённый прайс с артикулом"
"public-091c4f861ab25d4c9f81b2cf","Олидент-олитемпестхетик","true","true","","","","https://medstom.kz/catalog","P0_COMMERCIAL","NEEDS_OFFICIAL_EVIDENCE","Официальная страница бренда, каталог производителя или подтверждённый прайс с артикулом"
"public-ac76abf182884d2d72d9682e","Оптра Гейт-ретрактор (малый, стандартный)","true","true","","","OPTRAGATE","https://medstom.kz/catalog","P0_COMMERCIAL","NEEDS_OFFICIAL_EVIDENCE","Официальная страница бренда, каталог производителя или подтверждённый прайс с артикулом"
"public-46d55c38bd0d83f2981f71ac","Ортодонтическая проволка 0,6mm/0,7mm/0,8mm 0,9mm/1,0mm","true","true","","","","https://a4d.kz/content/ortodonticheskaya-provolka-06mm07mm08mm-09mm10mm","P0_COMMERCIAL","NEEDS_OFFICIAL_EVIDENCE","Официальная страница бренда, каталог производителя или подтверждённый прайс с артикулом"
"public-00332fcb1b6a2968564f04e0","Ортодонтические зеркала","true","true","","","","https://a4d.kz/content/ortodonticheskie-zerkala","P0_COMMERCIAL","NEEDS_OFFICIAL_EVIDENCE","Официальная страница бренда, каталог производителя или подтверждённый прайс с артикулом"
"public-87edb248df59976b4ae4d65b","Ортодонтические зеркала металл","true","true","","","","https://a4d.kz/content/ortodonticheskie-zerkala-metall","P0_COMMERCIAL","NEEDS_OFFICIAL_EVIDENCE","Официальная страница бренда, каталог производителя или подтверждённый прайс с артикулом"
"public-eb629e629f9225ed4f825608","Ортодонтические зеркала стекло","true","true","","","","https://a4d.kz/content/ortodonticheskie-zerkala-steklo","P0_COMMERCIAL","NEEDS_OFFICIAL_EVIDENCE","Официальная страница бренда, каталог производителя или подтверждённый прайс с артикулом"
"public-a390c7dacf2aff83153c52f2","Ортодонтический набор для ухода за брекетами","true","true","","","","https://a4d.kz/content/ortodonticheskiy-nabor-dlya-uhoda-za-breketami","P0_COMMERCIAL","NEEDS_OFFICIAL_EVIDENCE","Официальная страница бренда, каталог производителя или подтверждённый прайс с артикулом"
"public-1158903d44cd3a67ac003e03","Ортодонтическй набор инструментов","true","true","","","","https://a4d.kz/content/ortodontichesky-nabor-instrumentov","P0_COMMERCIAL","NEEDS_OFFICIAL_EVIDENCE","Официальная страница бренда, каталог производителя или подтверждённый прайс с артикулом"
"public-e36e2b12f8bc606da3c45e1b","Ортопедический элеватор для раскрытия коронки. (Англия)","true","true","","","","https://a4d.kz/content/ortopedicheskiy-elevator-dlya-raskrytiya-koronki-angliya","P0_COMMERCIAL","NEEDS_OFFICIAL_EVIDENCE","Официальная страница бренда, каталог производителя или подтверждённый прайс с артикулом"
"public-f96aa49b3a4aee49c613b077","Ортопедический элеватордля раскрытия коронки. (Англия)","true","true","","","","https://a4d.kz/content/ortopedicheskiy-elevatordlya-raskrytiya-koronki-angliya","P0_COMMERCIAL","NEEDS_OFFICIAL_EVIDENCE","Официальная страница бренда, каталог производителя или подтверждённый прайс с артикулом"
"public-7a667bcf55e1438cda5da20c","Основа титановая для коронки 3,5×6,0×0,5 CF NP","true","true","","","","https://amdgroup.kz/catalog/dlya_koronki_/osnova_titanovaya_dlya_koronki_3_5kh6_0kh0_5_cf_np/","P0_COMMERCIAL","NEEDS_OFFICIAL_EVIDENCE","Официальная страница бренда, каталог производителя или подтверждённый прайс с артикулом"
"public-e8c5520ade4c174358156d8e","Основа титановая для коронки 3,5×6,0×1,0 CF NP","true","true","","","","https://amdgroup.kz/catalog/dlya_koronki_/osnova_titanovaya_dlya_koronki_3_5x6_0x1_0_cf_np/","P0_COMMERCIAL","NEEDS_OFFICIAL_EVIDENCE","Официальная страница бренда, каталог производителя или подтверждённый прайс с артикулом"
"public-1f359efb6776186e02c7c016","Основа титановая для коронки 3,5×6,0×3,0 CF NP","true","true","","","","https://amdgroup.kz/catalog/dlya_koronki_/osnova_titanovaya_dlya_koronki_3_5x6_0x3_0_cf_np/","P0_COMMERCIAL","NEEDS_OFFICIAL_EVIDENCE","Официальная страница бренда, каталог производителя или подтверждённый прайс с артикулом"
"public-3402ea2f73e32c1aa6928de1","Основа титановая для коронки 4,5×6,0×0,5 CF NP","true","true","","","","https://amdgroup.kz/catalog/dlya_koronki_/osnova_titanovaya_dlya_koronki_4_5kh6_0kh0_5_cf_np/","P0_COMMERCIAL","NEEDS_OFFICIAL_EVIDENCE","Официальная страница бренда, каталог производителя или подтверждённый прайс с артикулом"
"public-265ccd429ad1554767fe6ce8","Основа титановая для коронки 4,5×6,0×0,5 CF SP","true","true","","","","https://amdgroup.kz/catalog/dlya_koronki_/osnova_titanovaya_dlya_koronki_4_5x6_0x0_5_cf_sp/","P0_COMMERCIAL","NEEDS_OFFICIAL_EVIDENCE","Официальная страница бренда, каталог производителя или подтверждённый прайс с артикулом"
"public-11dc51f50aea690ad68c989c","Основа титановая для коронки 4,5×6,0×1,0 CF NP","true","true","","","","https://amdgroup.kz/catalog/dlya_koronki_/osnova_titanovaya_dlya_koronki_4_5x6_0x1_0_cf_np/","P0_COMMERCIAL","NEEDS_OFFICIAL_EVIDENCE","Официальная страница бренда, каталог производителя или подтверждённый прайс с артикулом"
"public-d4ed3601981716ce1bcaf5c4","Основа титановая для коронки 4,5×6,0×1,0 CF SP","true","true","","","","https://amdgroup.kz/catalog/dlya_koronki_/osnova_titanovaya_dlya_koronki_4_5x6_0x1_0_cf_sp/","P0_COMMERCIAL","NEEDS_OFFICIAL_EVIDENCE","Официальная страница бренда, каталог производителя или подтверждённый прайс с артикулом"
"public-2da89718224a3afa64445e01","Основа титановая для коронки 4,5×6,0×3,0 CF NP","true","true","","","","https://amdgroup.kz/catalog/dlya_koronki_/osnova_titanovaya_dlya_koronki_4_5x6_0x3_0_cf_np/","P0_COMMERCIAL","NEEDS_OFFICIAL_EVIDENCE","Официальная страница бренда, каталог производителя или подтверждённый прайс с артикулом"
"public-f478f6c5a64d84300e5bbfbf","Основа титановая для коронки 4,5×6,0×3,0 CF SP","true","true","","","","https://amdgroup.kz/catalog/dlya_koronki_/osnova_titanovaya_dlya_koronki_4_5x6_0x3_0_cf_sp/","P0_COMMERCIAL","NEEDS_OFFICIAL_EVIDENCE","Официальная страница бренда, каталог производителя или подтверждённый прайс с артикулом"
"public-6c4c33d32b0ef73bbcd2f48c","Основа титановая для коронки 5,5×6,0×0,5 CF SP","true","true","","","","https://amdgroup.kz/catalog/dlya_koronki_/osnova_titanovaya_dlya_koronki_5_5x6_0x0_5_cf_sp/","P0_COMMERCIAL","NEEDS_OFFICIAL_EVIDENCE","Официальная страница бренда, каталог производителя или подтверждённый прайс с артикулом"
"public-acaea1416b18c2540bfe86b8","Основа титановая для коронки 5,5×6,0×1,0 CF SP","true","true","","","","https://amdgroup.kz/catalog/dlya_koronki_/osnova_titanovaya_dlya_koronki_5_5x6_0x1_0_cf_sp/","P0_COMMERCIAL","NEEDS_OFFICIAL_EVIDENCE","Официальная страница бренда, каталог производителя или подтверждённый прайс с артикулом"
"public-799cd556df93f3b4c7646999","Основа титановая для коронки 5,5×6,0×3,0 CF SP","true","true","","","","https://amdgroup.kz/catalog/dlya_koronki_/osnova_titanovaya_dlya_koronki_5_5x6_0x3_0_cf_sp/","P0_COMMERCIAL","NEEDS_OFFICIAL_EVIDENCE","Официальная страница бренда, каталог производителя или подтверждённый прайс с артикулом"
"public-8d3377c81ca15e34dbd17d0d","Основа титановая для моста 3,5×4,5×0,5 CF NP","true","true","","","","https://amdgroup.kz/catalog/dlya_mosta_/osnova_titanovaya_dlya_mosta_3_5kh4_5kh0_5_cf_np/","P0_COMMERCIAL","NEEDS_OFFICIAL_EVIDENCE","Официальная страница бренда, каталог производителя или подтверждённый прайс с артикулом"
"public-82bc3f20a75904a88c8ad529","Основа титановая для моста 3,5×4,5×1,0 CF NP","true","true","","","","https://amdgroup.kz/catalog/dlya_mosta_/osnova_titanovaya_dlya_mosta_3_5kh4_5kh1_0_cf_np/","P0_COMMERCIAL","NEEDS_OFFICIAL_EVIDENCE","Официальная страница бренда, каталог производителя или подтверждённый прайс с артикулом"
"public-db0173d31a0bfeedf2fbab93","Основа титановая для моста 3,5×4,5×3,0 CF NP","true","true","","","","https://amdgroup.kz/catalog/dlya_mosta_/osnova_titanovaya_dlya_mosta_3_5kh4_5kh3_0_cf_np/","P0_COMMERCIAL","NEEDS_OFFICIAL_EVIDENCE","Официальная страница бренда, каталог производителя или подтверждённый прайс с артикулом"
"public-50f84fa85de439ef5f1d2ae8","Основа титановая для моста 4,5×4,5×0,5 CF NP","true","true","","","","https://amdgroup.kz/catalog/dlya_mosta_/osnova_titanovaya_dlya_mosta_4_5kh4_5kh0_5_cf_np/","P0_COMMERCIAL","NEEDS_OFFICIAL_EVIDENCE","Официальная страница бренда, каталог производителя или подтверждённый прайс с артикулом"
"public-ed6c309a11b7e23e6b4dfc22","Основа титановая для моста 4,5×4,5×0,5 CF SP","true","true","","","","https://amdgroup.kz/catalog/dlya_mosta_/osnova_titanovaya_dlya_mosta_4_5kh4_5kh0_5_cf_sp/","P0_COMMERCIAL","NEEDS_OFFICIAL_EVIDENCE","Официальная страница бренда, каталог производителя или подтверждённый прайс с артикулом"
"public-e53f83f8e59fdee53710080f","Основа титановая для моста 4,5×4,5×1,0 CF NP","true","true","","","","https://amdgroup.kz/catalog/dlya_mosta_/osnova_titanovaya_dlya_mosta_4_5kh4_5kh1_0_cf_np/","P0_COMMERCIAL","NEEDS_OFFICIAL_EVIDENCE","Официальная страница бренда, каталог производителя или подтверждённый прайс с артикулом"
"public-964246c568beea934b85bb03","Основа титановая для моста 4,5×4,5×1,0 CF SP","true","true","","","","https://amdgroup.kz/catalog/dlya_mosta_/osnova_titanovaya_dlya_mosta_4_5x4_5x1_0_cf_sp/","P0_COMMERCIAL","NEEDS_OFFICIAL_EVIDENCE","Официальная страница бренда, каталог производителя или подтверждённый прайс с артикулом"
"public-e56d9aaec924b964c402ce7c","Основа титановая для моста 4,5×4,5×3,0 CF NP","true","true","","","","https://amdgroup.kz/catalog/dlya_mosta_/osnova_titanovaya_dlya_mosta_4_5kh4_5kh3_0_cf_np/","P0_COMMERCIAL","NEEDS_OFFICIAL_EVIDENCE","Официальная страница бренда, каталог производителя или подтверждённый прайс с артикулом"
"public-d2a631507a406a80a8fc8051","Основа титановая для моста 4,5×4,5×3,0 CF SP","true","true","","","","https://amdgroup.kz/catalog/dlya_mosta_/osnova_titanovaya_dlya_mosta_4_5x4_5x3_0_cf_sp/","P0_COMMERCIAL","NEEDS_OFFICIAL_EVIDENCE","Официальная страница бренда, каталог производителя или подтверждённый прайс с артикулом"
"public-4d65541cf3a8851a3c77c52b","Основа титановая для моста 5,5×4,5×0,5 CF SP","true","true","","","","https://amdgroup.kz/catalog/dlya_mosta_/osnova_titanovaya_dlya_mosta_5_5kh4_5kh0_5_cf_sp/","P0_COMMERCIAL","NEEDS_OFFICIAL_EVIDENCE","Официальная страница бренда, каталог производителя или подтверждённый прайс с артикулом"
"public-23af0cf41260517439eb3f9c","Основа титановая для моста 5,5×4,5×1,0 CF SP","true","true","","","","https://amdgroup.kz/catalog/dlya_mosta_/osnova_titanovaya_dlya_mosta_5_5x4_5x1_0_cf_sp/","P0_COMMERCIAL","NEEDS_OFFICIAL_EVIDENCE","Официальная страница бренда, каталог производителя или подтверждённый прайс с артикулом"
"public-8c0a46ce1b3fc00d5ac90d3a","Основа титановая для моста 5,5×4,5×3,0 CF SP","true","true","","","","https://amdgroup.kz/catalog/dlya_mosta_/osnova_titanovaya_dlya_mosta_5_5kh4_5kh3_0_cf_sp/","P0_COMMERCIAL","NEEDS_OFFICIAL_EVIDENCE","Официальная страница бренда, каталог производителя или подтверждённый прайс с артикулом"
"public-0c4ae359fe040c3b1d9f421b","Отвертка для Multi Unit","true","true","","","","https://amdgroup.kz/catalog/komponenty/otvertka_dlya_multi_unit/","P0_COMMERCIAL","NEEDS_OFFICIAL_EVIDENCE","Официальная страница бренда, каталог производителя или подтверждённый прайс с артикулом"
"public-575c48b202639411547c316d","Отвертка для Multi Unit с фиксатором","true","true","","","","https://amdgroup.kz/catalog/komponenty/otvertka_dlya_multi_unit_s_fiksatorom/","P0_COMMERCIAL","NEEDS_OFFICIAL_EVIDENCE","Официальная страница бренда, каталог производителя или подтверждённый прайс с артикулом"
"public-f8408ec06a877e897f147290","Отвертка шестигранная 1 2 для трещетки","true","true","","","","https://amdgroup.kz/catalog/komponenty_/otvertka_shestigrannaya_1_2_dlya_treshchetki/","P0_COMMERCIAL","NEEDS_OFFICIAL_EVIDENCE","Официальная страница бренда, каталог производителя или подтверждённый прайс с артикулом"
"public-dcb5ea3187e8343ec9c2ac9c","Отвертка шестигранная 1 2 для трещетки длинная","true","true","","","","https://amdgroup.kz/catalog/komponenty_/otvertka_shestigrannaya_1_2_dlya_treshchetki_dlinnaya/","P0_COMMERCIAL","NEEDS_OFFICIAL_EVIDENCE","Официальная страница бренда, каталог производителя или подтверждённый прайс с артикулом"
"public-b66c4b8069181aafe6d49bb3","Отвертка шестигранная 1 2 для трещетки короткая","true","true","","","","https://amdgroup.kz/catalog/komponenty_/otvertka_shestigrannaya_1_2_dlya_treshchetki_korotkaya/","P0_COMMERCIAL","NEEDS_OFFICIAL_EVIDENCE","Официальная страница бренда, каталог производителя или подтверждённый прайс с артикулом"
"public-c66cc8d1a168952d337a8b0a","Отвертка шестигранная 1 2 ручная","true","true","","","","https://amdgroup.kz/catalog/komponenty_/otvertka_shestigrannaya_1_2_ruchnaya/","P0_COMMERCIAL","NEEDS_OFFICIAL_EVIDENCE","Официальная страница бренда, каталог производителя или подтверждённый прайс с артикулом"
"public-ab42df431538def284e25e3e","Отвертка шестигранная 1 2 ручная длинная","true","true","","","","https://amdgroup.kz/catalog/komponenty_/otvertka_shestigrannaya_1_2_ruchnaya_dlinnaya/","P0_COMMERCIAL","NEEDS_OFFICIAL_EVIDENCE","Официальная страница бренда, каталог производителя или подтверждённый прайс с артикулом"
"public-def5b163ff80dbc2e7156056","Отвертка HEX 1 2 для отвертки","true","true","","","","https://amdgroup.kz/catalog/komponenty_/otvyertka_hex_1_2_d_otvertki/","P0_COMMERCIAL","NEEDS_OFFICIAL_EVIDENCE","Официальная страница бренда, каталог производителя или подтверждённый прайс с артикулом"
"public-baddd194f3737716d0504e12","Отвертка HEX 1 2 короткий для отвертки","true","true","","","","https://amdgroup.kz/catalog/komponenty_/otvyertka_hex_1_2_korotkiy_d_otvertki/","P0_COMMERCIAL","NEEDS_OFFICIAL_EVIDENCE","Официальная страница бренда, каталог производителя или подтверждённый прайс с артикулом"
"public-4bfb8cdfbc8e4fccb56d158c","Оттягиваюший ретрактор","true","true","","","","https://a4d.kz/content/ottyagivayushiy-retraktor","P0_COMMERCIAL","NEEDS_OFFICIAL_EVIDENCE","Официальная страница бренда, каталог производителя или подтверждённый прайс с артикулом"
"public-f15687136460f26595ce174b","Очистител стоматологический нигхт клеанер 6","true","true","","","","https://amdgroup.kz/catalog/oborudovanie_dlya_professionalnoy_gigieny_/ochistitel_stomatologicheskiy_night_cleaner_6/","P0_COMMERCIAL","NEEDS_OFFICIAL_EVIDENCE","Официальная страница бренда, каталог производителя или подтверждённый прайс с артикулом"
"public-a0b0ea7e1c8b9feb2946a866","Очки защитные","true","true","","","","https://a4d.kz/content/ochki-zashchitnye-2","P0_COMMERCIAL","NEEDS_OFFICIAL_EVIDENCE","Официальная страница бренда, каталог производителя или подтверждённый прайс с артикулом"
"public-ad53ef9156683de8843331de","ОLIDЕNT-OliCoXPнанокерамический","true","true","","","","https://medstom.kz/catalog","P0_COMMERCIAL","NEEDS_OFFICIAL_EVIDENCE","Официальная страница бренда, каталог производителя или подтверждённый прайс с артикулом"
"public-7760b9558ce9508d14f44147","ОLIDENT-набор VIP Esthetic( 8 x5g)","true","true","","","","https://medstom.kz/catalog","P0_COMMERCIAL","NEEDS_OFFICIAL_EVIDENCE","Официальная страница бренда, каталог производителя или подтверждённый прайс с артикулом"
"public-210fa3e26d3af1399aed36d1","ОLIDENT-OliBOND","true","true","","","","https://medstom.kz/catalog","P0_COMMERCIAL","NEEDS_OFFICIAL_EVIDENCE","Официальная страница бренда, каталог производителя или подтверждённый прайс с артикулом"
"public-968e2b4dbec65dfb098bd730","ОLIDENT-OliCemSE","true","true","","","","https://medstom.kz/catalog","P0_COMMERCIAL","NEEDS_OFFICIAL_EVIDENCE","Официальная страница бренда, каталог производителя или подтверждённый прайс с артикулом"
"public-21334a3c44a17fdbe38dbbf8","Пакер","true","true","","","","https://a4d.kz/content/paker","P0_COMMERCIAL","NEEDS_OFFICIAL_EVIDENCE","Официальная страница бренда, каталог производителя или подтверждённый прайс с артикулом"
"public-434cc8741816bc30bb2091ea","Палитра 1","true","true","","","","https://a4d.kz/content/palitra-1","P0_COMMERCIAL","NEEDS_OFFICIAL_EVIDENCE","Официальная страница бренда, каталог производителя или подтверждённый прайс с артикулом"
"public-b2ec0cbc9cfaede2ad16aef9","Палитра 12","true","true","","","","https://a4d.kz/content/palitra-12","P0_COMMERCIAL","NEEDS_OFFICIAL_EVIDENCE","Официальная страница бренда, каталог производителя или подтверждённый прайс с артикулом"
"public-b11532db5f97eb2e1ca69316","Паро ланцет 3SHT","true","true","","","","https://amdgroup.kz/catalog/nasadki_dlya_apparata_vektor/paro_lantset_3sht/","P0_COMMERCIAL","NEEDS_OFFICIAL_EVIDENCE","Официальная страница бренда, каталог производителя или подтверждённый прайс с артикулом"
"public-a9f3766afcbc375003494b77","Пароструйный аппарат AX-SCB для очистки оттисков и инструментов, обезжиривания","true","true","","","","https://a4d.kz/content/parostruynyy-apparat-ax-scb-dlya-ochistki-ottiskov-i-instrumentov-obezzhirivaniya-0","P0_COMMERCIAL","NEEDS_OFFICIAL_EVIDENCE","Официальная страница бренда, каталог производителя или подтверждённый прайс с артикулом"
"public-c62f2c3e0a587d8ac916c6c7","Паста гидроокис калция высокодисперсная 15 г","true","true","","","","https://amdgroup.kz/catalog/lechebnye_materialy_dlya_kanalov/pasta_gidrookis_kaltsiya_vysokodispersnaya_15g/","P0_COMMERCIAL","NEEDS_OFFICIAL_EVIDENCE","Официальная страница бренда, каталог производителя или подтверждённый прайс с артикулом"
"public-ef06fdc8a0cba889a6954b2b","Паста гидроокис меди калция купрал 15 г","true","true","","","","https://amdgroup.kz/catalog/lechebnye_materialy_dlya_kanalov/pasta_gidrookis_medi_kaltsiya_kupral_15_g/","P0_COMMERCIAL","NEEDS_OFFICIAL_EVIDENCE","Официальная страница бренда, каталог производителя или подтверждённый прайс с артикулом"
"public-64c88c10536dffe3d1531f0f","Педаль на установку","true","true","","","","https://a4d.kz/content/pedal-na-ustanovku","P0_COMMERCIAL","NEEDS_OFFICIAL_EVIDENCE","Официальная страница бренда, каталог производителя или подтверждённый прайс с артикулом"
"public-91d090fa710882f3f94caf40","Переходники автоклавируемые для слюноотсосов и пылесосов","true","true","","","","https://a4d.kz/content/perehodniki-avtoklaviruemye-dlya-slyunootsosov-i-pylesosov","P0_COMMERCIAL","NEEDS_OFFICIAL_EVIDENCE","Официальная страница бренда, каталог производителя или подтверждённый прайс с артикулом"
"public-b69894f6e1fe2d6ed5dc42f7","Переходники для слюноотсосов и пылесосов","true","true","","","","https://a4d.kz/content/perehodniki-dlya-slyunootsosov-i-pylesosov","P0_COMMERCIAL","NEEDS_OFFICIAL_EVIDENCE","Официальная страница бренда, каталог производителя или подтверждённый прайс с артикулом"
"public-4df8f31797438775dbcc6b65","Перчатки Mediok (Размеры: M, L)","true","true","","","MEDIOK","https://medstom.kz/catalog","P0_COMMERCIAL","NEEDS_OFFICIAL_EVIDENCE","Официальная страница бренда, каталог производителя или подтверждённый прайс с артикулом"
"public-3fffa43661b771d867bec330","Пескоструйный аппарат Sand Blasting без воды","true","true","","","","https://a4d.kz/content/peskostruynyy-apparat-sand-blasting-bez-vody","P0_COMMERCIAL","NEEDS_OFFICIAL_EVIDENCE","Официальная страница бренда, каталог производителя или подтверждённый прайс с артикулом"
"public-e15350a8532800ce042522de","Пескоструйный аппарат Twin pen","true","true","","","","https://a4d.kz/content/peskostruynyy-apparat-twin-pen","P0_COMMERCIAL","NEEDS_OFFICIAL_EVIDENCE","Официальная страница бренда, каталог производителя или подтверждённый прайс с артикулом"
"public-6d670864fba5d12189d5ee5c","Печь для разогрева композита CICADA CV-RH","false","true","CICADA","","","https://medstom.kz/catalog","P0_COMMERCIAL","NEEDS_OFFICIAL_EVIDENCE","Официальная страница бренда, каталог производителя или подтверждённый прайс с артикулом"
"public-2264553f5be0acfa8e4faa5b","Пилки для лобзика 12,7 см/9,8 см/6,8 см","true","true","","","","https://a4d.kz/content/pilki-dlya-lobzika-127-sm98-sm68-sm","P0_COMMERCIAL","NEEDS_OFFICIAL_EVIDENCE","Официальная страница бренда, каталог производителя или подтверждённый прайс с артикулом"
"public-372390abdf03e26ead097e80","Пиндекс","true","true","","","","https://a4d.kz/content/pindeks","P0_COMMERCIAL","NEEDS_OFFICIAL_EVIDENCE","Официальная страница бренда, каталог производителя или подтверждённый прайс с артикулом"
"public-e7a0a6e7ac2de91e63ae6b74","Пинцет","true","true","","","","https://a4d.kz/content/pincet","P0_COMMERCIAL","NEEDS_OFFICIAL_EVIDENCE","Официальная страница бренда, каталог производителя или подтверждённый прайс с артикулом"
"public-18ccf1527da56822a66ecf2b","Пинцет для брекетов","true","true","","","","https://amdgroup.kz/catalog/ortodontiya2/pintset_dlya_breketov/","P0_COMMERCIAL","NEEDS_OFFICIAL_EVIDENCE","Официальная страница бренда, каталог производителя или подтверждённый прайс с артикулом"
"public-3bba0fd157726e0717d7f607","Пинцет изогнутый","true","true","","","","https://a4d.kz/content/pincet-izognutyy","P0_COMMERCIAL","NEEDS_OFFICIAL_EVIDENCE","Официальная страница бренда, каталог производителя или подтверждённый прайс с артикулом"
"public-37e577106e2f5440a3ccb164","Пинцет хирургический–микро с алмазным покрытием изогнутый 18см Англия","true","true","","","","https://a4d.kz/content/pincet-hirurgicheskiy-mikro-s-almaznym-pokrytiem-izognutyy-18sm-angliya","P0_COMMERCIAL","NEEDS_OFFICIAL_EVIDENCE","Официальная страница бренда, каталог производителя или подтверждённый прайс с артикулом"
"public-62cd2d52666178c5d665e892","Пины SANI (02, 04, 06 конусность)","true","true","","","SANI-PIN","https://medstom.kz/catalog","P0_COMMERCIAL","NEEDS_OFFICIAL_EVIDENCE","Официальная страница бренда, каталог производителя или подтверждённый прайс с артикулом"
"public-f73a4732936afa34cec6cb2e","Пистолет «Воздух-Вода»","true","true","","","PISTOL-AIR","https://medstom.kz/catalog","P0_COMMERCIAL","NEEDS_OFFICIAL_EVIDENCE","Официальная страница бренда, каталог производителя или подтверждённый прайс с артикулом"
"public-b5b53969a1a9ba6fa27aeeda","Пистолет 1:1/2:1 к А-силиконовым слепочным массам, материалам для регистрации прикуса (оригинал)","true","true","","","","https://a4d.kz/content/pistolet-1121-k-silikonovym-slepochnym-massam-materialam-dlya-registracii-prikusa-original","P0_COMMERCIAL","NEEDS_OFFICIAL_EVIDENCE","Официальная страница бренда, каталог производителя или подтверждённый прайс с артикулом"
"public-5c83cf38298d3e9588ca4d22","Пистолет 10:1/4:1 при смешивании материалов для временных коронок; мостов,виниров (оригинал)","true","true","","","","https://a4d.kz/content/pistolet-10141-pri-smeshivanii-materialov-dlya-vremennyh-koronok-mostovvinirov-original","P0_COMMERCIAL","NEEDS_OFFICIAL_EVIDENCE","Официальная страница бренда, каталог производителя или подтверждённый прайс с артикулом"
"public-b3146b53872bf449dd1b50e8","Пистолет активатор для капсул","true","true","","","","https://a4d.kz/content/pistolet-aktivator-dlya-kapsul-0","P0_COMMERCIAL","NEEDS_OFFICIAL_EVIDENCE","Официальная страница бренда, каталог производителя или подтверждённый прайс с артикулом"
"public-f8bacb77b25c2bcf87dc025e","Пистолет Вода -воздух Германия","true","true","","","","https://a4d.kz/content/pistolet-voda-vozduh-germaniya","P0_COMMERCIAL","NEEDS_OFFICIAL_EVIDENCE","Официальная страница бренда, каталог производителя или подтверждённый прайс с артикулом"
"public-385a4b0c87491d607d44dcc6","Пистолет Вода -воздух Китай","true","true","","","","https://a4d.kz/content/pistolet-voda-vozduh-kitay","P0_COMMERCIAL","NEEDS_OFFICIAL_EVIDENCE","Официальная страница бренда, каталог производителя или подтверждённый прайс с артикулом"
"public-328c60e257b5734d07876c59","Пистолет для капсул (оригинал )","true","true","","","","https://a4d.kz/content/pistolet-dlya-kapsul-original","P0_COMMERCIAL","NEEDS_OFFICIAL_EVIDENCE","Официальная страница бренда, каталог производителя или подтверждённый прайс с артикулом"
"public-41220013dd0d633576348431","Пистолет для нанесения оттиска","true","true","","","PISTOL-OT","https://medstom.kz/catalog","P0_COMMERCIAL","NEEDS_OFFICIAL_EVIDENCE","Официальная страница бренда, каталог производителя или подтверждённый прайс с артикулом"
"public-6aebb2554b4f63b4bfab47ed","Пистолет иньекционный","true","true","","","","https://a4d.kz/content/pistolet-inekcionnyy","P0_COMMERCIAL","NEEDS_OFFICIAL_EVIDENCE","Официальная страница бренда, каталог производителя или подтверждённый прайс с артикулом"
"public-abb22fb44bac49eff9394a60","Пистолет ортодонтический для установки лигатур ластиков на брекет","true","true","","","","https://a4d.kz/content/pistolet-ortodonticheskiy-dlya-ustanovki-ligatur-lastikov-na-breket","P0_COMMERCIAL","NEEDS_OFFICIAL_EVIDENCE","Официальная страница бренда, каталог производителя или подтверждённый прайс с артикулом"
"public-97a8e61b611d59f40f193f75","Пластины","true","true","","","","https://a4d.kz/content/plastiny","P0_COMMERCIAL","NEEDS_OFFICIAL_EVIDENCE","Официальная страница бренда, каталог производителя или подтверждённый прайс с артикулом"
"public-8f22e64d0339438e0cc972ba","Пластины для капп 1,0/1,5/2,0/3,0 мягкие","true","true","","","","https://a4d.kz/content/plastiny-dlya-kapp-10152030-myagkie","P0_COMMERCIAL","NEEDS_OFFICIAL_EVIDENCE","Официальная страница бренда, каталог производителя или подтверждённый прайс с артикулом"
"public-f9b452b2147bca063bcb6e11","Пластины для капп 1,0/1,5/2,0/3,0 твердый","true","true","","","","https://a4d.kz/content/plastiny-dlya-kapp-10152030-tverdyy","P0_COMMERCIAL","NEEDS_OFFICIAL_EVIDENCE","Официальная страница бренда, каталог производителя или подтверждённый прайс с артикулом"
"public-5bfba1faa897cc5f92920fb9","Платки Dental Dam (для коффердама)","true","true","","","DENTAL-DAM","https://medstom.kz/catalog","P0_COMMERCIAL","NEEDS_OFFICIAL_EVIDENCE","Официальная страница бренда, каталог производителя или подтверждённый прайс с артикулом"
"public-c7d71a0e26ec60633cc6f9b0","Платочки коффердам Medium,Heavy","true","true","","","","https://a4d.kz/content/platochki-kofferdam-mediumheavy","P0_COMMERCIAL","NEEDS_OFFICIAL_EVIDENCE","Официальная страница бренда, каталог производителя или подтверждённый прайс с артикулом"
"public-a504a5acfaaa44dcc39212ef","Пленка рентгеновская","true","true","","","","https://a4d.kz/content/plenka-rentgenovskaya-0","P0_COMMERCIAL","NEEDS_OFFICIAL_EVIDENCE","Официальная страница бренда, каталог производителя или подтверждённый прайс с артикулом"
"public-4729ee10ae07dba4ebaac9ca","Пленка рентгеновская самопроявляющееся","true","true","","","","https://a4d.kz/content/plenka-rentgenovskaya-samoproyavlyayushcheesya","P0_COMMERCIAL","NEEDS_OFFICIAL_EVIDENCE","Официальная страница бренда, каталог производителя или подтверждённый прайс с артикулом"
"public-8a9496f88b2939876ebd0593","Пломбировочные материалы","true","true","","","","https://amdgroup.kz/catalog/materialy_/","P0_COMMERCIAL","NEEDS_OFFICIAL_EVIDENCE","Официальная страница бренда, каталог производителя или подтверждённый прайс с артикулом"
"public-85d2665b87327355019e85ce","Подбородочная тяга Combination Headgear L/M/S","true","true","","","","https://a4d.kz/content/podborodochnaya-tyaga-combination-headgear-lms","P0_COMMERCIAL","NEEDS_OFFICIAL_EVIDENCE","Официальная страница бренда, каталог производителя или подтверждённый прайс с артикулом"
"public-51b9cd3b36b819bda39c526a","Подбородочная тяга High-Pull Headgear Kit L/M/S","true","true","","","","https://a4d.kz/content/podborodochnaya-tyaga-high-pull-headgear-kit-lms","P0_COMMERCIAL","NEEDS_OFFICIAL_EVIDENCE","Официальная страница бренда, каталог производителя или подтверждённый прайс с артикулом"
"public-aa4305c11f2e137bd2a5f4b9","Подставка для боров ""Лесенка"" 4-х ступенчатая (56 мест)","true","true","","","","https://a4d.kz/content/podstavka-dlya-borov-lesenka-4-h-stupenchataya-56-mest","P0_COMMERCIAL","NEEDS_OFFICIAL_EVIDENCE","Официальная страница бренда, каталог производителя или подтверждённый прайс с артикулом"
"public-4a435c305aef6230295622cc","Подставка для дуг","true","true","","","","https://a4d.kz/content/podstavka-dlya-dug","P0_COMMERCIAL","NEEDS_OFFICIAL_EVIDENCE","Официальная страница бренда, каталог производителя или подтверждённый прайс с артикулом"
"public-b1018146f32c4e236996bd3e","Подставка для емкости 5 ячеек","true","true","","","","https://a4d.kz/content/podstavka-dlya-emkosti-5-yacheek","P0_COMMERCIAL","NEEDS_OFFICIAL_EVIDENCE","Официальная страница бренда, каталог производителя или подтверждённый прайс с артикулом"
"public-16abaefaa3de4c6be86cd9b3","Подставка для насадок","true","true","","","","https://a4d.kz/content/podstavka-dlya-nasadok","P0_COMMERCIAL","NEEDS_OFFICIAL_EVIDENCE","Официальная страница бренда, каталог производителя или подтверждённый прайс с артикулом"
"public-84ce1e7cd6aeefaa687f86c9","Подставка для стерилизации клампов 3,912(12 мест)","true","true","","","","https://a4d.kz/content/podstavka-dlya-sterilizacii-klampov-391212-mest","P0_COMMERCIAL","NEEDS_OFFICIAL_EVIDENCE","Официальная страница бренда, каталог производителя или подтверждённый прайс с артикулом"
"public-fe17d1088dacf8217d07189f","Подставка для файлов для храненния и дезинфекции 16 секций","true","true","","","","https://a4d.kz/content/podstavka-dlya-faylov-dlya-hranenniya-i-dezinfekcii-16-sekciy","P0_COMMERCIAL","NEEDS_OFFICIAL_EVIDENCE","Официальная страница бренда, каталог производителя или подтверждённый прайс с артикулом"
"public-bd5812184793c9745aec456d","Подставка под инсрументы","true","true","","","","https://a4d.kz/content/podstavka-pod-insrumenty","P0_COMMERCIAL","NEEDS_OFFICIAL_EVIDENCE","Официальная страница бренда, каталог производителя или подтверждённый прайс с артикулом"
"public-197220f69e7f806714e1a849","Позиционер","true","true","","","","https://a4d.kz/content/pozicioner","P0_COMMERCIAL","NEEDS_OFFICIAL_EVIDENCE","Официальная страница бренда, каталог производителя или подтверждённый прайс с артикулом"
"public-3b504ced2a604f2498b6234f","Позиционер 0,18 /0,22 ортодонтический размеры S,M,L","true","true","","","","https://a4d.kz/content/pozicioner-018-022-ortodonticheskiy-razmery-sml","P0_COMMERCIAL","NEEDS_OFFICIAL_EVIDENCE","Официальная страница бренда, каталог производителя или подтверждённый прайс с артикулом"
"public-cc2f0cedbb0951b2b5473d21","Позиционер 0,18 /0,22 ортодонтический размеры S,M,L Premium","true","true","","","","https://a4d.kz/content/pozicioner-018-022-ortodonticheskiy-razmery-sml-premium","P0_COMMERCIAL","NEEDS_OFFICIAL_EVIDENCE","Официальная страница бренда, каталог производителя или подтверждённый прайс с артикулом"
"public-01b713f2ef39b9d37b5d2cbc","Позиционер для визиографа","true","true","","","","https://a4d.kz/content/pozicioner-dlya-viziografa","P0_COMMERCIAL","NEEDS_OFFICIAL_EVIDENCE","Официальная страница бренда, каталог производителя или подтверждённый прайс с артикулом"
"public-443bd84c2879675140b02007","Позиционер для установки брекетов с регулируемой рабочей частью Размеры S/L/M","true","true","","","","https://a4d.kz/content/pozicioner-dlya-ustanovki-breketov-s-reguliruemoy-rabochey-chastyu-razmery-slm","P0_COMMERCIAL","NEEDS_OFFICIAL_EVIDENCE","Официальная страница бренда, каталог производителя или подтверждённый прайс с артикулом"
"public-67458006296d1677271e4366","Поли-панель для смешивания (100 листов)","true","true","","","POLY-PANEL","https://medstom.kz/catalog","P0_COMMERCIAL","NEEDS_OFFICIAL_EVIDENCE","Официальная страница бренда, каталог производителя или подтверждённый прайс с артикулом"
"public-f7b704d08a5b77be656ffa45","Поликрон-классик","true","false","","Целит","","https://nordstom.kz/","P0_COMMERCIAL","NEEDS_OFFICIAL_EVIDENCE","Официальная страница бренда, каталог производителя или подтверждённый прайс с артикулом"
"public-6bed554c336a9de81d4e09ab","Полимеризатор для пластмасс","true","true","","","","https://a4d.kz/content/polimerizator-dlya-plastmass","P0_COMMERCIAL","NEEDS_OFFICIAL_EVIDENCE","Официальная страница бренда, каталог производителя или подтверждённый прайс с артикулом"
"public-1fc3cff86ef60e92d4fa2974","Полир MET KOMP CHASHA OKONCH ZELEN P 0134 G","true","true","","","","https://amdgroup.kz/catalog/poliry/met_komp_chasha_okonch_zelen_p_0134_g/","P0_COMMERCIAL","NEEDS_OFFICIAL_EVIDENCE","Официальная страница бренда, каталог производителя или подтверждённый прайс с артикулом"
"public-d37ea28da539ef1187eb727c","Полир MET KOMP DISK PREDVAR KORICHN P 0038 G","true","true","","","","https://amdgroup.kz/catalog/poliry/met_komp_disk_predvar_korichn_p_0038_g/","P0_COMMERCIAL","NEEDS_OFFICIAL_EVIDENCE","Официальная страница бренда, каталог производителя или подтверждённый прайс с артикулом"
"public-b92b58420efe0206a3578c65","Полир MET KOMP MAL OSTR OKONCH ZELEN P 0132 G","true","true","","","","https://amdgroup.kz/catalog/poliry/met_komp_mal_ostr_okonch_zelen_p_0132_g/","P0_COMMERCIAL","NEEDS_OFFICIAL_EVIDENCE","Официальная страница бренда, каталог производителя или подтверждённый прайс с артикулом"
"public-1df74d5c550af493be6fed39","Полир MET KOMP OSTR PREDVAR KORICHN P 0032 G","true","true","","","","https://amdgroup.kz/catalog/poliry/met_komp_ostr_predvar_korichn_p_0032_g_/","P0_COMMERCIAL","NEEDS_OFFICIAL_EVIDENCE","Официальная страница бренда, каталог производителя или подтверждённый прайс с артикулом"
"public-faa4b7852f4154075fc4a10c","Полир MET KOMP UZK CHASHA OKONCH ZELEN P 0135 G","true","true","","","","https://amdgroup.kz/catalog/poliry/met_komp_uzk_chasha_okonch_zelen_p_0135_g_/","P0_COMMERCIAL","NEEDS_OFFICIAL_EVIDENCE","Официальная страница бренда, каталог производителя или подтверждённый прайс с артикулом"
"public-640318324a4e5fd39bdabfd7","Полир MET KOMP VYS OSTR OKONCH ZELEN P 0131 G","true","true","","","","https://amdgroup.kz/catalog/poliry/met_komp_vys_ostr_okonch_zelen_p_0131_g/","P0_COMMERCIAL","NEEDS_OFFICIAL_EVIDENCE","Официальная страница бренда, каталог производителя или подтверждённый прайс с артикулом"
"public-07a6cdd3830caeb4b6d56742","Полир P 1250 G","true","true","","","","https://amdgroup.kz/catalog/poliry/p_1250_g_/","P0_COMMERCIAL","NEEDS_OFFICIAL_EVIDENCE","Официальная страница бренда, каталог производителя или подтверждённый прайс с артикулом"
"public-59e3b5264ee0d63a016ad974","Полир P0138G POLIRY","true","true","","","","https://amdgroup.kz/catalog/poliry/p0138g_poliry/","P0_COMMERCIAL","NEEDS_OFFICIAL_EVIDENCE","Официальная страница бренда, каталог производителя или подтверждённый прайс с артикулом"
"public-ef77feb935b9eb612d5c2c90","Полир P0306G POLIRY","true","true","","","","https://amdgroup.kz/catalog/poliry/p0306g_poliry/","P0_COMMERCIAL","NEEDS_OFFICIAL_EVIDENCE","Официальная страница бренда, каталог производителя или подтверждённый прайс с артикулом"
"public-94678a4b2812ad677092be92","Полир P0310G POLIRY","true","true","","","","https://amdgroup.kz/catalog/poliry/p0310g_poliry/","P0_COMMERCIAL","NEEDS_OFFICIAL_EVIDENCE","Официальная страница бренда, каталог производителя или подтверждённый прайс с артикулом"
"public-e79c7fd5121b34461315a041","Полир P0316G POLIRY","true","true","","","","https://amdgroup.kz/catalog/poliry/p0316g_poliry/","P0_COMMERCIAL","NEEDS_OFFICIAL_EVIDENCE","Официальная страница бренда, каталог производителя или подтверждённый прайс с артикулом"
"public-537cdc381908a322f93c34d5","Полир P0321G POLIRY","true","true","","","","https://amdgroup.kz/catalog/poliry/p0321g_poliry/","P0_COMMERCIAL","NEEDS_OFFICIAL_EVIDENCE","Официальная страница бренда, каталог производителя или подтверждённый прайс с артикулом"
"public-3f00304e17749a08be20c5ac","Полир P0532G POLIRY","true","true","","","","https://amdgroup.kz/catalog/poliry/p0532g_poliry/","P0_COMMERCIAL","NEEDS_OFFICIAL_EVIDENCE","Официальная страница бренда, каталог производителя или подтверждённый прайс с артикулом"
"public-c8c04f28ca747cad0b54f051","Полир P11001G POLIRY","true","true","","","","https://amdgroup.kz/catalog/poliry/p11001g_poliry/","P0_COMMERCIAL","NEEDS_OFFICIAL_EVIDENCE","Официальная страница бренда, каталог производителя или подтверждённый прайс с артикулом"
"public-d2e8c294407ed113823fe7d5","Полир P11006G POLIRY","true","true","","","","https://amdgroup.kz/catalog/poliry/p11006g_poliry/","P0_COMMERCIAL","NEEDS_OFFICIAL_EVIDENCE","Официальная страница бренда, каталог производителя или подтверждённый прайс с артикулом"
"public-91965cfa6afd60e10d963317","Полир P1255G POLIRY","true","true","","","","https://amdgroup.kz/catalog/poliry/p1255g_poliry/","P0_COMMERCIAL","NEEDS_OFFICIAL_EVIDENCE","Официальная страница бренда, каталог производителя или подтверждённый прайс с артикулом"
"public-287699e6d51c2080ef440632","Полир P1256G POLIRY","true","true","","","","https://amdgroup.kz/catalog/poliry/p1256g_poliry/","P0_COMMERCIAL","NEEDS_OFFICIAL_EVIDENCE","Официальная страница бренда, каталог производителя или подтверждённый прайс с артикулом"
"public-0265d50e843776df9900979e","Полир P1258 POLIRY","true","true","","","","https://amdgroup.kz/catalog/poliry/p1258_poliry/","P0_COMMERCIAL","NEEDS_OFFICIAL_EVIDENCE","Официальная страница бренда, каталог производителя или подтверждённый прайс с артикулом"
"public-d2f0ccea58e874197de401d9","Полир P1301G POLIRY","true","true","","","","https://amdgroup.kz/catalog/poliry/p1301g_poliry/","P0_COMMERCIAL","NEEDS_OFFICIAL_EVIDENCE","Официальная страница бренда, каталог производителя или подтверждённый прайс с артикулом"
"public-f54b7c3ae0cbce8ee5ccf565","Полир P1423G POLIRY","true","true","","","","https://amdgroup.kz/catalog/poliry/p1423g_poliry/","P0_COMMERCIAL","NEEDS_OFFICIAL_EVIDENCE","Официальная страница бренда, каталог производителя или подтверждённый прайс с артикулом"
"public-8f66388d88fa6f9bac45899b","Полир P20033G POLIRY","true","true","","","","https://amdgroup.kz/catalog/poliry/p20033g_poliry/","P0_COMMERCIAL","NEEDS_OFFICIAL_EVIDENCE","Официальная страница бренда, каталог производителя или подтверждённый прайс с артикулом"
"public-e0ab299d3e66f8167d10a5ef","Полир POLIR DISK KOMP ZHELT P 0738 G","true","true","","","","https://amdgroup.kz/catalog/poliry/polir_disk_komp_zhelt_p_0738_g_/","P0_COMMERCIAL","NEEDS_OFFICIAL_EVIDENCE","Официальная страница бренда, каталог производителя или подтверждённый прайс с артикулом"
"public-a44a68a0f43201a2f0aa0efe","Полир POLIR DISKI MET ZEL P 0138G","true","true","","","","https://amdgroup.kz/catalog/poliry/polir_diski_met_zel_p_0138g_/","P0_COMMERCIAL","NEEDS_OFFICIAL_EVIDENCE","Официальная страница бренда, каталог производителя или подтверждённый прайс с артикулом"
"public-c75c556dba59dde10a003db3","Полир POLIR KOMP CHASHA ZHELT P 0734 G","true","true","","","","https://amdgroup.kz/catalog/poliry/polir_komp_chasha_zhelt_p_0734_g/","P0_COMMERCIAL","NEEDS_OFFICIAL_EVIDENCE","Официальная страница бренда, каталог производителя или подтверждённый прайс с артикулом"
"public-95f197e7ab70febf9f0c1206","Полир POLIR P0332B","true","true","","","","https://amdgroup.kz/catalog/poliry/polir_p0332b/","P0_COMMERCIAL","NEEDS_OFFICIAL_EVIDENCE","Официальная страница бренда, каталог производителя или подтверждённый прайс с артикулом"
"public-b4fd57190c610c750cb878bc","Полир POLIR P0333B","true","true","","","","https://amdgroup.kz/catalog/poliry/polir_p0333b/","P0_COMMERCIAL","NEEDS_OFFICIAL_EVIDENCE","Официальная страница бренда, каталог производителя или подтверждённый прайс с артикулом"
"public-15395b82c4b0a90efc51b73f","Полир POLIR P0334B","true","true","","","","https://amdgroup.kz/catalog/poliry/polir_p0334b/","P0_COMMERCIAL","NEEDS_OFFICIAL_EVIDENCE","Официальная страница бренда, каталог производителя или подтверждённый прайс с артикулом"
"public-8615336f06fc08244f37c4cb","Полир POLIR P0335B","true","true","","","","https://amdgroup.kz/catalog/poliry/polir_p0335b/","P0_COMMERCIAL","NEEDS_OFFICIAL_EVIDENCE","Официальная страница бренда, каталог производителя или подтверждённый прайс с артикулом"
"public-546f195597f9988e1a8a9ee1","Полир POLIR P1039B","true","true","","","","https://amdgroup.kz/catalog/poliry/polir_p1039b/","P0_COMMERCIAL","NEEDS_OFFICIAL_EVIDENCE","Официальная страница бренда, каталог производителя или подтверждённый прайс с артикулом"
"public-f07b5f59205004ad87aabd09","Полир POLIR P1139B","true","true","","","","https://amdgroup.kz/catalog/poliry/polir_p1139b/","P0_COMMERCIAL","NEEDS_OFFICIAL_EVIDENCE","Официальная страница бренда, каталог производителя или подтверждённый прайс с артикулом"
"public-0c3f238400d215ba99fe6bef","Полир POLIR P1244G","true","true","","","","https://amdgroup.kz/catalog/poliry/polir_p1244g/","P0_COMMERCIAL","NEEDS_OFFICIAL_EVIDENCE","Официальная страница бренда, каталог производителя или подтверждённый прайс с артикулом"
"public-a954d90f8eab516b86526e5c","Полир POLIR P2830B","true","true","","","","https://amdgroup.kz/catalog/poliry/polir_p2830b/","P0_COMMERCIAL","NEEDS_OFFICIAL_EVIDENCE","Официальная страница бренда, каталог производителя или подтверждённый прайс с артикулом"
"public-969a176a16bbebedd7f79e77","Полир POLIR P30001","true","true","","","","https://amdgroup.kz/catalog/poliry/polir_p30001/","P0_COMMERCIAL","NEEDS_OFFICIAL_EVIDENCE","Официальная страница бренда, каталог производителя или подтверждённый прайс с артикулом"
"public-17ab8725ef8609e94940ea17","Полир POLIR P30032B","true","true","","","","https://amdgroup.kz/catalog/poliry/polir_p30032b/","P0_COMMERCIAL","NEEDS_OFFICIAL_EVIDENCE","Официальная страница бренда, каталог производителя или подтверждённый прайс с артикулом"
"public-fe099b4b3d0c36f543b3437f","Полир POLIR P30035B","true","true","","","","https://amdgroup.kz/catalog/poliry/polir_p30035b/","P0_COMMERCIAL","NEEDS_OFFICIAL_EVIDENCE","Официальная страница бренда, каталог производителя или подтверждённый прайс с артикулом"
"public-2864866cc3a6084b79f54d7e","Полир POLIR P30039B","true","true","","","","https://amdgroup.kz/catalog/poliry/polir_p30039b/","P0_COMMERCIAL","NEEDS_OFFICIAL_EVIDENCE","Официальная страница бренда, каталог производителя или подтверждённый прайс с артикулом"
"public-85df3d35f8e2d69a31f3e603","Полир POLIR P301","true","true","","","","https://amdgroup.kz/catalog/poliry/polir_p301/","P0_COMMERCIAL","NEEDS_OFFICIAL_EVIDENCE","Официальная страница бренда, каталог производителя или подтверждённый прайс с артикулом"
"public-cfdd66f290c23cc0a09d86c2","Полир POLIR P3032B","true","true","","","","https://amdgroup.kz/catalog/poliry/polir_p3032b/","P0_COMMERCIAL","NEEDS_OFFICIAL_EVIDENCE","Официальная страница бренда, каталог производителя или подтверждённый прайс с артикулом"
"public-3e8b4fd5a7d38b47beec9e36","Полир POLIR P3039B","true","true","","","","https://amdgroup.kz/catalog/poliry/polir_p3039b/","P0_COMMERCIAL","NEEDS_OFFICIAL_EVIDENCE","Официальная страница бренда, каталог производителя или подтверждённый прайс с артикулом"
"public-896d2d2c0e81fbafa06a8eba","Полир POLIR P332B","true","true","","","","https://amdgroup.kz/catalog/poliry/polir_p332b/","P0_COMMERCIAL","NEEDS_OFFICIAL_EVIDENCE","Официальная страница бренда, каталог производителя или подтверждённый прайс с артикулом"
"public-fd54974169e847df91cdcd1b","Полир POLIR P335B","true","true","","","","https://amdgroup.kz/catalog/poliry/polir_p335b/","P0_COMMERCIAL","NEEDS_OFFICIAL_EVIDENCE","Официальная страница бренда, каталог производителя или подтверждённый прайс с артикулом"
"public-552b7039f2c6c5676f949f27","Полир POLIR SET 1588","true","true","","","","https://amdgroup.kz/catalog/poliry/polir_set_1588/","P0_COMMERCIAL","NEEDS_OFFICIAL_EVIDENCE","Официальная страница бренда, каталог производителя или подтверждённый прайс с артикулом"
"public-935a6e9bb189709e1ab2c158","Полир POLIRY DLYA KOMPOZITOV ZHELT P 0730 G","true","true","","","","https://amdgroup.kz/catalog/poliry/poliry_dlya_kompozitov_zhelt_p_0730_g_/","P0_COMMERCIAL","NEEDS_OFFICIAL_EVIDENCE","Официальная страница бренда, каталог производителя или подтверждённый прайс с артикулом"
"public-8cf4b5fac32f7b2b91edc7f8","Полир POLIRY DLYA KOMPOZITOV ZHELT P 0732 G","true","true","","","","https://amdgroup.kz/catalog/poliry/poliry_dlya_kompozitov_zhelt_p_0732_g_/","P0_COMMERCIAL","NEEDS_OFFICIAL_EVIDENCE","Официальная страница бренда, каталог производителя или подтверждённый прайс с артикулом"
"public-8b61bb041e091eaa81f0eee9","Полир POLIRY DLYA KOMPOZITOV ZHELT P 0733 G","true","true","","","","https://amdgroup.kz/catalog/poliry/poliry_dlya_kompozitov_zhelt_p_0733_g/","P0_COMMERCIAL","NEEDS_OFFICIAL_EVIDENCE","Официальная страница бренда, каталог производителя или подтверждённый прайс с артикулом"
"public-4e237ee0dcfeb1166e582b90","Полир POLIRY DLYA KOMPOZITOV ZHELT P 0735 G","true","true","","","","https://amdgroup.kz/catalog/poliry/poliry_dlya_kompozitov_zhelt_p_0735_g_/","P0_COMMERCIAL","NEEDS_OFFICIAL_EVIDENCE","Официальная страница бренда, каталог производителя или подтверждённый прайс с артикулом"
"public-a6ec4778417b3aa633eb8140","Полир POLIRY P1500","true","true","","","","https://amdgroup.kz/catalog/poliry/poliry_p1500/","P0_COMMERCIAL","NEEDS_OFFICIAL_EVIDENCE","Официальная страница бренда, каталог производителя или подтверждённый прайс с артикулом"
"public-6706c68e35c8fdf0321941e4","Полир POLIRY P1501","true","true","","","","https://amdgroup.kz/catalog/poliry/poliry_p1501/","P0_COMMERCIAL","NEEDS_OFFICIAL_EVIDENCE","Официальная страница бренда, каталог производителя или подтверждённый прайс с артикулом"
"public-8b5fb7eb98df68ba177f45fe","Полир POLIRY P20039G","true","true","","","","https://amdgroup.kz/catalog/poliry/poliry_p20039g/","P0_COMMERCIAL","NEEDS_OFFICIAL_EVIDENCE","Официальная страница бренда, каталог производителя или подтверждённый прайс с артикулом"
"public-15a749d099d1529e90243395","Полир POLIRY P2840G","true","true","","","","https://amdgroup.kz/catalog/poliry/poliry_p2840g/","P0_COMMERCIAL","NEEDS_OFFICIAL_EVIDENCE","Официальная страница бренда, каталог производителя или подтверждённый прайс с артикулом"
"public-75211b7c17fb912c77ea3377","Полир SHCHETKI MONTIROVANNYE P1470G","true","true","","","","https://amdgroup.kz/catalog/poliry/shchetki_montirovannye_p1470g/","P0_COMMERCIAL","NEEDS_OFFICIAL_EVIDENCE","Официальная страница бренда, каталог производителя или подтверждённый прайс с артикулом"
"public-06711ab1e6e12202c2ce4e97","Полир SHCHETKI MONTIROVANNYE P1477G","true","true","","","","https://amdgroup.kz/catalog/poliry/shchetki_montirovannye_p1477g/","P0_COMMERCIAL","NEEDS_OFFICIAL_EVIDENCE","Официальная страница бренда, каталог производителя или подтверждённый прайс с артикулом"
"public-1ea41327ca058d527f40f826","Полир SHLIF KAMNI G8001C","true","true","","","","https://amdgroup.kz/catalog/poliry/shlif_kamni_g8001c_/","P0_COMMERCIAL","NEEDS_OFFICIAL_EVIDENCE","Официальная страница бренда, каталог производителя или подтверждённый прайс с артикулом"
"public-d480b7a6f4526e226e9f27dc","Полир SHLIF KAMNI G9001","true","true","","","","https://amdgroup.kz/catalog/poliry/shlif_kamni_g9001/","P0_COMMERCIAL","NEEDS_OFFICIAL_EVIDENCE","Официальная страница бренда, каталог производителя или подтверждённый прайс с артикулом"
"public-88090b5dc8c6baf651affa2e","Полир SHLIF KAMNI G9007","true","true","","","","https://amdgroup.kz/catalog/poliry/shlif_kamni_g9007/","P0_COMMERCIAL","NEEDS_OFFICIAL_EVIDENCE","Официальная страница бренда, каталог производителя или подтверждённый прайс с артикулом"
"public-ad2d27bd13efbdbfec192a73","Полир UNIVERS BEL SILIKON UZK CHASHA P 0535 G","true","true","","","","https://amdgroup.kz/catalog/poliry/univers_bel_silikon_uzk_chasha_p_0535_g/","P0_COMMERCIAL","NEEDS_OFFICIAL_EVIDENCE","Официальная страница бренда, каталог производителя или подтверждённый прайс с артикулом"
"public-a93192cd229a4f6d9a9fb9bf","Полировочные резинки набор 6 шт.","true","true","","","REZ-POL","https://medstom.kz/catalog","P0_COMMERCIAL","NEEDS_OFFICIAL_EVIDENCE","Официальная страница бренда, каталог производителя или подтверждённый прайс с артикулом"
"public-e485673b59b13a8d58e84485","Полировочные щетки","true","true","","","","https://a4d.kz/content/polirovochnye-shchetki-0","P0_COMMERCIAL","NEEDS_OFFICIAL_EVIDENCE","Официальная страница бренда, каталог производителя или подтверждённый прайс с артикулом"
"public-74f9665d96fce701b14db4dd","Полировочные щетки металические","true","true","","","","https://a4d.kz/content/polirovochnye-shchetki-metalicheskie","P0_COMMERCIAL","NEEDS_OFFICIAL_EVIDENCE","Официальная страница бренда, каталог производителя или подтверждённый прайс с артикулом"
"public-b54f308d3187933e4945420b","Полировочные щетки на прямой наконечник","true","true","","","","https://a4d.kz/content/polirovochnye-shchetki-na-pryamoy-nakonechnik-0","P0_COMMERCIAL","NEEDS_OFFICIAL_EVIDENCE","Официальная страница бренда, каталог производителя или подтверждённый прайс с артикулом"
"public-a673265a04bc48396f3bbdab","Полиры зуботехнические","true","true","","","","https://a4d.kz/content/poliry-zubotehnicheskie","P0_COMMERCIAL","NEEDS_OFFICIAL_EVIDENCE","Официальная страница бренда, каталог производителя или подтверждённый прайс с артикулом"
"public-356dbc583466224306eeabc4","Полиры NAIS чашки","true","true","","","NAIS","https://medstom.kz/catalog","P0_COMMERCIAL","NEEDS_OFFICIAL_EVIDENCE","Официальная страница бренда, каталог производителя или подтверждённый прайс с артикулом"
"public-fff74ff4d98b9e592c1c0ee5","Поло футболка Straumann","true","true","","","","https://amdgroup.kz/catalog/merchi/polo_futbolka_straumann/","P0_COMMERCIAL","NEEDS_OFFICIAL_EVIDENCE","Официальная страница бренда, каталог производителя или подтверждённый прайс с артикулом"
"public-fab8196444406790821da056","Полоски алмазные крупнозернистые ТОР ВМ (5 шт)","true","true","","","","https://medstom.kz/catalog","P0_COMMERCIAL","NEEDS_OFFICIAL_EVIDENCE","Официальная страница бренда, каталог производителя или подтверждённый прайс с артикулом"
"public-680ab3a56891d63ac5ba29ca","Понижающий наконечник 20:1 CX-235C6-19 (B-20-4) двойная система изоляции головки","true","true","","","","https://a4d.kz/content/ponizhayushchiy-nakonechnik-201-cx-235c6-19-b-20-4-dvoynaya-sistema-izolyacii-golovki","P0_COMMERCIAL","NEEDS_OFFICIAL_EVIDENCE","Официальная страница бренда, каталог производителя или подтверждённый прайс с артикулом"
"public-b36fc8bab91497c4cf9febf2","Понижающий наконечник 20:1 CX-235C6-22кнопочный Свет – фиброоптика Торк-более 75 НСМ.","true","true","","","","https://a4d.kz/content/ponizhayushchiy-nakonechnik-201-cx-235c6-22knopochnyy-svet-fibrooptika-tork-bolee-75-nsm","P0_COMMERCIAL","NEEDS_OFFICIAL_EVIDENCE","Официальная страница бренда, каталог производителя или подтверждённый прайс с артикулом"
"public-8ab807b0ccc7933e24a5d240","Понижающий наконечник 20:1 CX-235C6-23 (B20-8)","true","true","","","","https://a4d.kz/content/ponizhayushchiy-nakonechnik-201-cx-235c6-23-b20-8","P0_COMMERCIAL","NEEDS_OFFICIAL_EVIDENCE","Официальная страница бренда, каталог производителя или подтверждённый прайс с артикулом"
"public-f357abd6270b745bfb076504","Порошкоструйный аппарат Air Flow VRN DP-10","false","true","VRN","","","https://medstom.kz/catalog","P0_COMMERCIAL","NEEDS_OFFICIAL_EVIDENCE","Официальная страница бренда, каталог производителя или подтверждённый прайс с артикулом"
"public-1979ec3bad7617f0b36108dc","Порошок AF Plus 120 г","true","true","","","","https://amdgroup.kz/catalog/poroshki_air_flow/poroshok_af_plus_120g/","P0_COMMERCIAL","NEEDS_OFFICIAL_EVIDENCE","Официальная страница бренда, каталог производителя или подтверждённый прайс с артикулом"
"public-cc60dc9983d52cf354d78329","Порошок Air Flow","true","true","","","","https://amdgroup.kz/catalog/materialy_/","P0_COMMERCIAL","NEEDS_OFFICIAL_EVIDENCE","Официальная страница бренда, каталог производителя или подтверждённый прайс с артикулом"
"public-b65c9da51e5a7558a8560203","Порошок Air Flow 300 г со вкусом Cherry","true","true","","","","https://amdgroup.kz/catalog/poroshki_air_flow/poroshok_air_flow_300g_so_vkusom_cherry_/","P0_COMMERCIAL","NEEDS_OFFICIAL_EVIDENCE","Официальная страница бренда, каталог производителя или подтверждённый прайс с артикулом"
"public-5220195e464b963f3e288536","Порошок Air Flow 300 г со вкусом Lemon","true","true","","","","https://amdgroup.kz/catalog/poroshki_air_flow/poroshok_air_flow_300g_so_vkusom_lemon_/","P0_COMMERCIAL","NEEDS_OFFICIAL_EVIDENCE","Официальная страница бренда, каталог производителя или подтверждённый прайс с артикулом"
"public-07284ddc7960a3fba60425bf","Порошок Air Flow 300 г со вкусом Mint","true","true","","","","https://amdgroup.kz/catalog/poroshki_air_flow/poroshok_air_flow_300g_so_vkusom_mint_/","P0_COMMERCIAL","NEEDS_OFFICIAL_EVIDENCE","Официальная страница бренда, каталог производителя или подтверждённый прайс с артикулом"
"public-e9a6b968992dd9f7fe384413","Порошок Air Flow 300 г со вкусом Neutral","true","true","","","","https://amdgroup.kz/catalog/poroshki_air_flow/poroshok_air_flow_300g_so_vkusom_neutral/","P0_COMMERCIAL","NEEDS_OFFICIAL_EVIDENCE","Официальная страница бренда, каталог производителя или подтверждённый прайс с артикулом"
"public-4ffa6d9004fae09d69bce70f","Посадочная коробка с раздельной пресс-формой","true","true","","","","https://a4d.kz/content/posadochnaya-korobka-s-razdelnoy-press-formoy","P0_COMMERCIAL","NEEDS_OFFICIAL_EVIDENCE","Официальная страница бренда, каталог производителя или подтверждённый прайс с артикулом"
"public-f0db1d6532798cbc21c8fbc2","Прессформы AX-HMP1 для гидродин. протезирования для предварительного прессования зубных фляг для реставрации","true","true","","","","https://a4d.kz/content/pressformy-ax-hmp1-dlya-gidrodin-protezirovaniya-dlya-predvaritelnogo-pressovaniya-zubnyh","P0_COMMERCIAL","NEEDS_OFFICIAL_EVIDENCE","Официальная страница бренда, каталог производителя или подтверждённый прайс с артикулом"
"public-55004492dceeb74ff6f35109","Прецизионный нож с насадками","true","true","","","","https://a4d.kz/content/precizionnyy-nozh-s-nasadkami","P0_COMMERCIAL","NEEDS_OFFICIAL_EVIDENCE","Официальная страница бренда, каталог производителя или подтверждённый прайс с артикулом"
"public-b53a1f531f9f1d231669c5fc","Прибор для препаривания корневых каналов дентапорт ZX","true","true","","","","https://amdgroup.kz/catalog/endodonticheskoe_obarudovanie_/pribor_dlya_preparivaniya_kornevykh_kanalov_dentaport_zx_/","P0_COMMERCIAL","NEEDS_OFFICIAL_EVIDENCE","Официальная страница бренда, каталог производителя или подтверждённый прайс с артикулом"
"public-48b92e81dccf6f7b2eedbcfe","ПРИЗМАФИЛ набор","true","false","","СтомаДент","","https://nordstom.kz/","P0_COMMERCIAL","NEEDS_OFFICIAL_EVIDENCE","Официальная страница бренда, каталог производителя или подтверждённый прайс с артикулом"
"public-c91fd609e81725b7becfbeec","Прикусные блоки Взрослый, средний детский","true","true","","","","https://a4d.kz/content/prikusnye-bloki-vzroslyy-sredniy-detskiy-2","P0_COMMERCIAL","NEEDS_OFFICIAL_EVIDENCE","Официальная страница бренда, каталог производителя или подтверждённый прайс с артикулом"
"public-ea799c49301e9baedbf44603","Проволока лигатурная в бобине 0,020/0,025/0,030","true","true","","","","https://a4d.kz/content/provoloka-ligaturnaya-v-bobine-002000250030","P0_COMMERCIAL","NEEDS_OFFICIAL_EVIDENCE","Официальная страница бренда, каталог производителя или подтверждённый прайс с артикулом"
"public-1cc94121082b1c115817ce92","Пропхы пасте ринг","true","true","","","","https://a4d.kz/content/prophy-paste-ring","P0_COMMERCIAL","NEEDS_OFFICIAL_EVIDENCE","Официальная страница бренда, каталог производителя или подтверждённый прайс с артикулом"
"public-47975797e937a28e74e9f69e","Протравочный гель ДС Полир","true","true","","","","https://a4d.kz/content/protravochnyy-gel-ds-polir","P0_COMMERCIAL","NEEDS_OFFICIAL_EVIDENCE","Официальная страница бренда, каталог производителя или подтверждённый прайс с артикулом"
"public-de46e045a4de6b8a4ba56ce4","Протравочный гель CharmEtch-35 HV","false","true","DentKist","","1400029","https://stomir.kz/","P0_COMMERCIAL","NEEDS_OFFICIAL_EVIDENCE","Официальная страница бренда, каталог производителя или подтверждённый прайс с артикулом"
"public-e0a970174e79fb6dee7cafc7","Пружина нитиноловая открывающая","true","true","","","PRUZHINA","https://medstom.kz/catalog","P0_COMMERCIAL","NEEDS_OFFICIAL_EVIDENCE","Официальная страница бренда, каталог производителя или подтверждённый прайс с артикулом"
"public-7bae1ce08483889e2035196d","Прямой наконечник стоматологический","true","true","","","","https://amdgroup.kz/catalog/materialy_/","P0_COMMERCIAL","NEEDS_OFFICIAL_EVIDENCE","Официальная страница бренда, каталог производителя или подтверждённый прайс с артикулом"
"public-5535d14a344fba276c39afa0","Пульпоэкстрактор","true","true","","","","https://a4d.kz/content/pulpoekstraktor","P0_COMMERCIAL","NEEDS_OFFICIAL_EVIDENCE","Официальная страница бренда, каталог производителя или подтверждённый прайс с артикулом"
"public-54021727f510aa7177d546d1","Пульпоэкстракторы КМИЗ малый (100 шт)","true","true","","","KMIZ-P","https://medstom.kz/catalog","P0_COMMERCIAL","NEEDS_OFFICIAL_EVIDENCE","Официальная страница бренда, каталог производителя или подтверждённый прайс с артикулом"
"public-6b378ffb39370c6c5e766e00","Пылесосы автоклавируемые 11 mm","true","true","","","","https://a4d.kz/content/pylesosy-avtoklaviruemye-11-mm","P0_COMMERCIAL","NEEDS_OFFICIAL_EVIDENCE","Официальная страница бренда, каталог производителя или подтверждённый прайс с артикулом"
"public-42b73e555e71878cfea37f17","Пылесосы автоклавируемые 16 mm","true","true","","","","https://a4d.kz/content/pylesosy-avtoklaviruemye-16-mm","P0_COMMERCIAL","NEEDS_OFFICIAL_EVIDENCE","Официальная страница бренда, каталог производителя или подтверждённый прайс с артикулом"
"public-a7cf7381931fed369067e33c","Пылесосы взрослый","true","true","","","","https://a4d.kz/content/pylesosy-vzroslyy","P0_COMMERCIAL","NEEDS_OFFICIAL_EVIDENCE","Официальная страница бренда, каталог производителя или подтверждённый прайс с артикулом"
"public-ab29c760c5e932cc69699204","Пылесосы детский","true","true","","","","https://a4d.kz/content/pylesosy-detskiy","P0_COMMERCIAL","NEEDS_OFFICIAL_EVIDENCE","Официальная страница бренда, каталог производителя или подтверждённый прайс с артикулом"
"public-0dba4b0584c5a89f01f510e7","Пьезо римерс","true","true","","","","https://a4d.kz/content/pezo-rimers","P0_COMMERCIAL","NEEDS_OFFICIAL_EVIDENCE","Официальная страница бренда, каталог производителя или подтверждённый прайс с артикулом"
"public-70d9a2332013655b3fa0359a","Рамка для коффердама с фиксаторами нити 110 мм х 100 мм средняя 3,402B","true","true","","","","https://a4d.kz/content/ramka-dlya-kofferdama-s-fiksatorami-niti-110-mm-h-100-mm-srednyaya-3402b","P0_COMMERCIAL","NEEDS_OFFICIAL_EVIDENCE","Официальная страница бренда, каталог производителя или подтверждённый прайс с артикулом"
"public-4e5e0ca9bc7c765d3d5c255d","Рамка для коффердама с фиксаторами нити 128 мм х 125 мм большая 3,403B","true","true","","","","https://a4d.kz/content/ramka-dlya-kofferdama-s-fiksatorami-niti-128-mm-h-125-mm-bolshaya-3403b","P0_COMMERCIAL","NEEDS_OFFICIAL_EVIDENCE","Официальная страница бренда, каталог производителя или подтверждённый прайс с артикулом"
"public-189fe6b8dfd2aa4f142eeece","Рамка для коффердама с фиксаторами нити, 93 мм х 91 мм детская 1,401A","true","true","","","","https://a4d.kz/content/ramka-dlya-kofferdama-s-fiksatorami-niti-93-mm-h-91-mm-detskaya-1401a","P0_COMMERCIAL","NEEDS_OFFICIAL_EVIDENCE","Официальная страница бренда, каталог производителя или подтверждённый прайс с артикулом"
"public-80c4ca43713dd227d7750c53","Рамка коффердама","true","true","","","","https://a4d.kz/content/ramka-kofferdama","P0_COMMERCIAL","NEEDS_OFFICIAL_EVIDENCE","Официальная страница бренда, каталог производителя или подтверждённый прайс с артикулом"
"public-3705d41b89c6aaad97510d96","Расцветка 3D","true","true","","","","https://a4d.kz/content/rascvetka-3d","P0_COMMERCIAL","NEEDS_OFFICIAL_EVIDENCE","Официальная страница бренда, каталог производителя или подтверждённый прайс с артикулом"
"public-8527a7c2397ce74cba939260","Расцветка класическая","true","true","","","","https://a4d.kz/content/rascvetka-klasicheskaya","P0_COMMERCIAL","NEEDS_OFFICIAL_EVIDENCE","Официальная страница бренда, каталог производителя или подтверждённый прайс с артикулом"
"public-3b8268bdef4267cc6ddbe7e4","Резинка для нанесения полировочной пасты","true","true","","","REZINKA","https://medstom.kz/catalog","P0_COMMERCIAL","NEEDS_OFFICIAL_EVIDENCE","Официальная страница бренда, каталог производителя или подтверждённый прайс с артикулом"
"public-7319b1f21c6e7a3113293c28","Резинки полировочные Prophy cups","true","true","","","","https://a4d.kz/content/rezinki-polirovochnye-prophy-cups-2","P0_COMMERCIAL","NEEDS_OFFICIAL_EVIDENCE","Официальная страница бренда, каталог производителя или подтверждённый прайс с артикулом"
"public-7437c9bfbfa3792dfd9aeaa8","Резиновая форма","true","true","","","","https://a4d.kz/content/rezinovaya-forma","P0_COMMERCIAL","NEEDS_OFFICIAL_EVIDENCE","Официальная страница бренда, каталог производителя или подтверждённый прайс с артикулом"
"public-1d13e6f99bdbd7c6b3869534","Резиновые тяги 2,5Oz 3,5Oz 4,5Oz 5,0Oz 6,5Oz Лиса 1/4 , Белка 1/8 , Обезьяна 3/8 ,Кролик3/16 , Пигвин 5/16","true","true","","","","https://a4d.kz/content/rezinovye-tyagi-25oz-35oz-45oz-50oz-65oz-lisa-14-belka-18-obezyana-38-krolik316-pigvin-516","P0_COMMERCIAL","NEEDS_OFFICIAL_EVIDENCE","Официальная страница бренда, каталог производителя или подтверждённый прайс с артикулом"
"public-246396b28ec04eaa70b2679a","Резиновые тяги Zoo 2,5Oz 3,5Oz 4,5Oz 5,0Oz 6,5Oz Лиса 1/4 , Белка 1/8 , Обезьяна 3/8 ,Кролик3/16 , Пигвин 5/16","true","true","","","","https://a4d.kz/content/rezinovye-tyagi-zoo-25oz-35oz-45oz-50oz-65oz-lisa-14-belka-18-obezyana-38-krolik316-pigvin","P0_COMMERCIAL","NEEDS_OFFICIAL_EVIDENCE","Официальная страница бренда, каталог производителя или подтверждённый прайс с артикулом"
"public-7a46fa96ddbcdce2087420da","Рентг манипулятор для установки имплантатов с резбой 4 0","true","true","","","","https://amdgroup.kz/catalog/komponenty_/rentg_manipulyator_dlya_ustanovki_implantatov_s_rezboy_4_0/","P0_COMMERCIAL","NEEDS_OFFICIAL_EVIDENCE","Официальная страница бренда, каталог производителя или подтверждённый прайс с артикулом"
"public-46c9f8621c4de566a26b8590","Рентг манипулятор для установки имплантатов с резбой 4 3","true","true","","","","https://amdgroup.kz/catalog/komponenty_/rentg_manipulyator_dlya_ustanovki_implantatov_s_rezboy_4_3/","P0_COMMERCIAL","NEEDS_OFFICIAL_EVIDENCE","Официальная страница бренда, каталог производителя или подтверждённый прайс с артикулом"
"public-fd4aa45db50e0b3b9209ce15","Рентг манипулятор для установки имплантатов с резбой 5 0","true","true","","","","https://amdgroup.kz/catalog/komponenty_/rentg_manipulyator_dlya_ustanovki_implantatov_s_rezboy_5_0/","P0_COMMERCIAL","NEEDS_OFFICIAL_EVIDENCE","Официальная страница бренда, каталог производителя или подтверждённый прайс с артикулом"
"public-4b5ff0a304536b118230f028","Рентген аппарат С27","true","true","","","","https://a4d.kz/content/rentgen-apparat-s27","P0_COMMERCIAL","NEEDS_OFFICIAL_EVIDENCE","Официальная страница бренда, каталог производителя или подтверждённый прайс с артикулом"
"public-52043392e2d9c5f051c3d604","Рентген аппарат С28P + визиографC62","true","true","","","","https://a4d.kz/content/rentgen-apparat-s28p-viziografc62","P0_COMMERCIAL","NEEDS_OFFICIAL_EVIDENCE","Официальная страница бренда, каталог производителя или подтверждённый прайс с артикулом"
"public-d5de1d584378461cf492e7f0","Рентген аппарат С28P + визиографC62B","true","true","","","","https://a4d.kz/content/rentgen-apparat-s28p-viziografc62b","P0_COMMERCIAL","NEEDS_OFFICIAL_EVIDENCE","Официальная страница бренда, каталог производителя или подтверждённый прайс с артикулом"
"public-d6d79578f6679812a9a29b59","Рентген аппарат SIGER","true","true","","","","https://a4d.kz/content/rentgen-apparat-siger","P0_COMMERCIAL","NEEDS_OFFICIAL_EVIDENCE","Официальная страница бренда, каталог производителя или подтверждённый прайс с артикулом"
"public-75e0b6a5a0a001fd7003ebde","Рентген аппаратC27A","true","true","","","","https://a4d.kz/content/rentgen-apparatc27a","P0_COMMERCIAL","NEEDS_OFFICIAL_EVIDENCE","Официальная страница бренда, каталог производителя или подтверждённый прайс с артикулом"
"public-8fccb9afbeac9c27bc47e69d","Рентгеновский аппарат стоматологический","true","true","","","","https://amdgroup.kz/catalog/materialy_/","P0_COMMERCIAL","NEEDS_OFFICIAL_EVIDENCE","Официальная страница бренда, каталог производителя или подтверждённый прайс с артикулом"
"public-7aeac3e835ce86139521e22b","Ретейнер","true","true","","","CKB-125","https://stomir.kz/","P0_COMMERCIAL","NEEDS_OFFICIAL_EVIDENCE","Официальная страница бренда, каталог производителя или подтверждённый прайс с артикулом"
"public-950560973284832d4dddc3f8","Ретрактор","true","true","","","","https://a4d.kz/content/retraktor-1","P0_COMMERCIAL","NEEDS_OFFICIAL_EVIDENCE","Официальная страница бренда, каталог производителя или подтверждённый прайс с артикулом"
"public-f314615abe8e6408fcd61673","Ретрактор 3D","true","true","","","","https://a4d.kz/content/3d-retraktor","P0_COMMERCIAL","NEEDS_OFFICIAL_EVIDENCE","Официальная страница бренда, каталог производителя или подтверждённый прайс с артикулом"
"public-16fa24cdc3fe73ccc5509c56","Ретрактор двухсторонний","true","true","","","","https://a4d.kz/content/retraktor-dvuhstoronniy","P0_COMMERCIAL","NEEDS_OFFICIAL_EVIDENCE","Официальная страница бренда, каталог производителя или подтверждённый прайс с артикулом"
"public-8b49b800da8c46eab48d6167","Ретрактор для губ и языка взрослый, подростковый или детский","true","true","","","","https://a4d.kz/content/retraktor-dlya-gub-i-yazyka-vzroslyy-podrostkovyy-ili-detskiy","P0_COMMERCIAL","NEEDS_OFFICIAL_EVIDENCE","Официальная страница бренда, каталог производителя или подтверждённый прайс с артикулом"
"public-1b746f088ba5c181d3337f8b","Ретрактор для губ и языка с зеркалом","true","true","","","","https://a4d.kz/content/retraktor-dlya-gub-i-yazyka-s-zerkalom","P0_COMMERCIAL","NEEDS_OFFICIAL_EVIDENCE","Официальная страница бренда, каталог производителя или подтверждённый прайс с артикулом"
"public-26d33fa3bfec1c9de383c560","Ретрактор для колец","true","true","","","","https://a4d.kz/content/retraktor-dlya-kolec","P0_COMMERCIAL","NEEDS_OFFICIAL_EVIDENCE","Официальная страница бренда, каталог производителя или подтверждённый прайс с артикулом"
"public-3e758591789c91156c08b2d8","Ретрактор оттягивающий взрослый","true","true","","","","https://a4d.kz/content/retraktor-ottyagivayushchiy-vzroslyy","P0_COMMERCIAL","NEEDS_OFFICIAL_EVIDENCE","Официальная страница бренда, каталог производителя или подтверждённый прайс с артикулом"
"public-3e87620d0d68d1dd5a7dfeaf","Ретрактор оттягивающий взрослый или детский","true","true","","","","https://a4d.kz/content/retraktor-ottyagivayushchiy-vzroslyy-ili-detskiy-3","P0_COMMERCIAL","NEEDS_OFFICIAL_EVIDENCE","Официальная страница бренда, каталог производителя или подтверждённый прайс с артикулом"
"public-d962d261f60503fce89049a1","Ретрактор TS","true","true","","","","https://a4d.kz/content/retraktor-ts","P0_COMMERCIAL","NEEDS_OFFICIAL_EVIDENCE","Официальная страница бренда, каталог производителя или подтверждённый прайс с артикулом"
"public-9f4c2437d3b3251caa45df81","Ретракторы половинчатые","true","true","","","","https://a4d.kz/content/retraktory-polovinchatye","P0_COMMERCIAL","NEEDS_OFFICIAL_EVIDENCE","Официальная страница бренда, каталог производителя или подтверждённый прайс с артикулом"
"public-2f508791a66a022cd14f0aa9","Римеры Niti","true","true","","","","https://a4d.kz/content/rimery-niti-0","P0_COMMERCIAL","NEEDS_OFFICIAL_EVIDENCE","Официальная страница бренда, каталог производителя или подтверждённый прайс с артикулом"
"public-a13a881c902d23351d5f6dc2","Ротоквик 4N Coupling SR4 WO для турбины TwinPower","true","true","","","","https://amdgroup.kz/catalog/bystrosemnoe_soedinenie_/rotokvik_4n_coupling_sr4_wo_dlya_turbiny_twinpower_/","P0_COMMERCIAL","NEEDS_OFFICIAL_EVIDENCE","Официальная страница бренда, каталог производителя или подтверждённый прайс с артикулом"
"public-2724ae6eef0ca5654daa5d73","Ротоквик для наконечника RQ 24 924 10402400","true","true","","","","https://amdgroup.kz/catalog/bystrosemnoe_soedinenie_/rotokvik_dlya_nakonechnika_rq_24_924_10402400/","P0_COMMERCIAL","NEEDS_OFFICIAL_EVIDENCE","Официальная страница бренда, каталог производителя или подтверждённый прайс с артикулом"
"public-c23199408d15b43cafff956b","Ротоквик RQ 54 для наконечника TE 97 LQ 10405400","true","true","","","","https://amdgroup.kz/catalog/bystrosemnoe_soedinenie_/rotokvik_rq_54_dlya_nakonechnika_te_97_lq_10405400/","P0_COMMERCIAL","NEEDS_OFFICIAL_EVIDENCE","Официальная страница бренда, каталог производителя или подтверждённый прайс с артикулом"
"public-cc0c1591203b1a4e6c701d4c","Роторасширитель","true","true","","","","https://a4d.kz/content/rotorasshiritel","P0_COMMERCIAL","NEEDS_OFFICIAL_EVIDENCE","Официальная страница бренда, каталог производителя или подтверждённый прайс с артикулом"
"public-f58d4989d653ca8f4e9bd462","Роторные файлы NIC A","true","true","","","","https://a4d.kz/content/rotornye-fayly-nic","P0_COMMERCIAL","NEEDS_OFFICIAL_EVIDENCE","Официальная страница бренда, каталог производителя или подтверждённый прайс с артикулом"
"public-1f81920b3108af407049c704","Ручка 1,109 для держателя (1,369)","true","true","","","","https://a4d.kz/content/ruchka-1109-dlya-derzhatelya-1369","P0_COMMERCIAL","NEEDS_OFFICIAL_EVIDENCE","Официальная страница бренда, каталог производителя или подтверждённый прайс с артикулом"
"public-889a88de5936f9f03c9cedd7","Ручка скалера -со светом","true","true","","","","https://a4d.kz/content/ruchka-skalera-so-svetom","P0_COMMERCIAL","NEEDS_OFFICIAL_EVIDENCE","Официальная страница бренда, каталог производителя или подтверждённый прайс с артикулом"
"public-da44d3586361d78eed648385","Ручка скальпеля","true","true","","","","https://a4d.kz/content/ruchka-skalpelya","P0_COMMERCIAL","NEEDS_OFFICIAL_EVIDENCE","Официальная страница бренда, каталог производителя или подтверждённый прайс с артикулом"
"public-1e5173d0103ca55bab19db02","Ручка скальпеля 2","true","true","","","","https://a4d.kz/content/ruchka-skalpelya-2","P0_COMMERCIAL","NEEDS_OFFICIAL_EVIDENCE","Официальная страница бренда, каталог производителя или подтверждённый прайс с артикулом"
"public-ec8a2b1db5ed59d9ef6a9da2","Ручка скальпеля 3","true","true","","","","https://a4d.kz/content/ruchka-skalpelya-3","P0_COMMERCIAL","NEEDS_OFFICIAL_EVIDENCE","Официальная страница бренда, каталог производителя или подтверждённый прайс с артикулом"
"public-b109ccf5d9aa76f96d9fc65b","Ручной плагер для вертикальной конденсации","true","true","","","","https://a4d.kz/content/ruchnoy-plager-dlya-vertikalnoy-kondensacii-0","P0_COMMERCIAL","NEEDS_OFFICIAL_EVIDENCE","Официальная страница бренда, каталог производителя или подтверждённый прайс с артикулом"
"public-ac07f03ac1fb10bde2dabb09","С16 -01 модель","true","true","","","","https://a4d.kz/content/s16-01-model","P0_COMMERCIAL","NEEDS_OFFICIAL_EVIDENCE","Официальная страница бренда, каталог производителя или подтверждённый прайс с артикулом"
"public-87ce620278a43141738a0003","С16 модель","true","true","","","","https://a4d.kz/content/s16-model","P0_COMMERCIAL","NEEDS_OFFICIAL_EVIDENCE","Официальная страница бренда, каталог производителя или подтверждённый прайс с артикулом"
"public-2a83b069c0de38387e726ce0","Саген етч","true","true","","","","https://medstom.kz/catalog","P0_COMMERCIAL","NEEDS_OFFICIAL_EVIDENCE","Официальная страница бренда, каталог производителя или подтверждённый прайс с артикулом"
"public-3327c86599f7d1db9a36a423","Саген Flow","true","true","","","","https://medstom.kz/catalog","P0_COMMERCIAL","NEEDS_OFFICIAL_EVIDENCE","Официальная страница бренда, каталог производителя или подтверждённый прайс с артикулом"
"public-44a4b31f25b7242f95f1dd82","Салфетки для дезинфекции","true","true","","","","https://amdgroup.kz/catalog/dlya_poverkhnosti/salfetki_dlya_dezinfektsii_/","P0_COMMERCIAL","NEEDS_OFFICIAL_EVIDENCE","Официальная страница бренда, каталог производителя или подтверждённый прайс с артикулом"
"public-707fa6218ceb9c743467a059","Самолигирующая брекет система керамик","true","true","","","BR-SAMO-K","https://medstom.kz/catalog","P0_COMMERCIAL","NEEDS_OFFICIAL_EVIDENCE","Официальная страница бренда, каталог производителя или подтверждённый прайс с артикулом"
"public-c35fc8e90df17fde2b7f545e","Самолигирующие замки","true","true","","","","https://a4d.kz/content/samoligiruyushchie-zamki","P0_COMMERCIAL","NEEDS_OFFICIAL_EVIDENCE","Официальная страница бренда, каталог производителя или подтверждённый прайс с артикулом"
"public-4c2701a1f3ab22fa4f8f2a4b","Светодиодная лампа","true","true","","","","https://a4d.kz/content/svetodiodnaya-lampa-0","P0_COMMERCIAL","NEEDS_OFFICIAL_EVIDENCE","Официальная страница бренда, каталог производителя или подтверждённый прайс с артикулом"
"public-37dd4184f3eabd9d9bb61ec1","Семный протез с креплением CF GH 2,0 NP","true","true","","","","https://amdgroup.kz/catalog/abatment_dlya_semnogo_proteza/semnyy_protez_s_krepleniem_cf_gh_2_0_np/","P0_COMMERCIAL","NEEDS_OFFICIAL_EVIDENCE","Официальная страница бренда, каталог производителя или подтверждённый прайс с артикулом"
"public-d418e03eb98ed2dc8e53d380","Семный протез с креплением CF GH 2,0 SP","true","true","","","","https://amdgroup.kz/catalog/abatment_dlya_semnogo_proteza/semnyy_protez_s_krepleniem_cf_gh_2_0_sp/","P0_COMMERCIAL","NEEDS_OFFICIAL_EVIDENCE","Официальная страница бренда, каталог производителя или подтверждённый прайс с артикулом"
"public-209fa34cbbfac0cabb1a3d6b","Семный протез с креплением CF GH 3,0 NP","true","true","","","","https://amdgroup.kz/catalog/abatment_dlya_semnogo_proteza/semnyy_protez_s_krepleniem_cf_gh_3_0_np/","P0_COMMERCIAL","NEEDS_OFFICIAL_EVIDENCE","Официальная страница бренда, каталог производителя или подтверждённый прайс с артикулом"
"public-30473c8dcf8db64c1fd2a048","Семный протез с креплением CF GH 3,0 SP","true","true","","","","https://amdgroup.kz/catalog/abatment_dlya_semnogo_proteza/semnyy_protez_s_krepleniem_cf_gh_3_0_sp/","P0_COMMERCIAL","NEEDS_OFFICIAL_EVIDENCE","Официальная страница бренда, каталог производителя или подтверждённый прайс с артикулом"
"public-d430624d811744ab33a43874","Семный протез с креплением CF GH 4,0 NP","true","true","","","","https://amdgroup.kz/catalog/abatment_dlya_semnogo_proteza/semnyy_protez_s_krepleniem_cf_gh_4_0_np/","P0_COMMERCIAL","NEEDS_OFFICIAL_EVIDENCE","Официальная страница бренда, каталог производителя или подтверждённый прайс с артикулом"
"public-6444c3df6f0564b10f47ce99","Семный протез с креплением CF GH 4,0 SP","true","true","","","","https://amdgroup.kz/catalog/abatment_dlya_semnogo_proteza/semnyy_protez_s_krepleniem_cf_gh_4_0_sp/","P0_COMMERCIAL","NEEDS_OFFICIAL_EVIDENCE","Официальная страница бренда, каталог производителя или подтверждённый прайс с артикулом"
"public-b103812cce9834159d58c722","Сепаратор","true","true","","","","https://a4d.kz/content/separator","P0_COMMERCIAL","NEEDS_OFFICIAL_EVIDENCE","Официальная страница бренда, каталог производителя или подтверждённый прайс с артикулом"
"public-7ef529f34672b03a0b44ffb1","Септаксин КА антисептик для рук","true","false","","Септаксин","","https://nordstom.kz/","P0_COMMERCIAL","NEEDS_OFFICIAL_EVIDENCE","Официальная страница бренда, каталог производителя или подтверждённый прайс с артикулом"
"public-6c0d80a9620d6426c7f9d4f1","Силиконовые кисточки с большой головой для реставрации","true","true","","","","https://a4d.kz/content/silikonovye-kistochki-s-bolshoy-golovoy-dlya-restavracii","P0_COMMERCIAL","NEEDS_OFFICIAL_EVIDENCE","Официальная страница бренда, каталог производителя или подтверждённый прайс с артикулом"
"public-a01cacc9ac0fb505d5a4dd8c","Система для извлечения сломанных инстрментов","true","true","","","","https://a4d.kz/content/sistema-dlya-izvlecheniya-slomannyh-instrmentov","P0_COMMERCIAL","NEEDS_OFFICIAL_EVIDENCE","Официальная страница бренда, каталог производителя или подтверждённый прайс с артикулом"
"public-24dc37af0274344320666705","Система обтурации EASY FILL + EASY PACK SANI","true","true","","","","https://medstom.kz/catalog","P0_COMMERCIAL","NEEDS_OFFICIAL_EVIDENCE","Официальная страница бренда, каталог производителя или подтверждённый прайс с артикулом"
"public-49b40992357eb20820ed1e25","Скайсы стразы для зубов ассорти, прозрачные","true","true","","","","https://a4d.kz/content/skaysy-strazy-dlya-zubov-assorti-prozrachnye-0","P0_COMMERCIAL","NEEDS_OFFICIAL_EVIDENCE","Официальная страница бренда, каталог производителя или подтверждённый прайс с артикулом"
"public-dbba818d25554b237a86d429","Скалер встраиваемый в установку без света","true","true","","","","https://a4d.kz/content/skaler-vstraivaemyy-v-ustanovku-bez-sveta","P0_COMMERCIAL","NEEDS_OFFICIAL_EVIDENCE","Официальная страница бренда, каталог производителя или подтверждённый прайс с артикулом"
"public-a88897d84c6c0085bb9c4be8","Скальпель одноразовый с ручкой №10, №11, №12, №13, №14, №15,№15C","true","true","","","","https://a4d.kz/content/skalpel-odnorazovyy-s-ruchkoy-no10-no11-no12-no13-no14-no15no15c","P0_COMMERCIAL","NEEDS_OFFICIAL_EVIDENCE","Официальная страница бренда, каталог производителя или подтверждённый прайс с артикулом"
"public-477e047697bb204efdf7faf3","Скальпель одноразовый №10, №11, №12, №13, №14, №15, №15C","true","true","","","","https://a4d.kz/content/skalpel-odnorazovyy-no10-no11-no12-no13-no14-no15-no15c","P0_COMMERCIAL","NEEDS_OFFICIAL_EVIDENCE","Официальная страница бренда, каталог производителя или подтверждённый прайс с артикулом"
"public-3d77355a564d5766f2bf6c8e","Скальпель №10 Biolancet","true","true","","","","https://medstom.kz/catalog","P0_COMMERCIAL","NEEDS_OFFICIAL_EVIDENCE","Официальная страница бренда, каталог производителя или подтверждённый прайс с артикулом"
"public-e8fd65c6c31beaccd3de5bbb","Сканбоди Multi Unit 3 5","true","true","","","","https://amdgroup.kz/catalog/komponenty/skanbodi_multi_unit_3_5/","P0_COMMERCIAL","NEEDS_OFFICIAL_EVIDENCE","Официальная страница бренда, каталог производителя или подтверждённый прайс с артикулом"
"public-9663630a64797462309375a9","Сканбоди Multi Unit 4 8","true","true","","","","https://amdgroup.kz/catalog/komponenty/skanbodi_multi_unit_4_8/","P0_COMMERCIAL","NEEDS_OFFICIAL_EVIDENCE","Официальная страница бренда, каталог производителя или подтверждённый прайс с артикулом"
"public-67cb9fd74b64c10d333f54d7","Сканер EQ600 передача изображения на ПК","true","true","","","","https://a4d.kz/content/skaner-eq600-peredacha-izobrazheniya-na-pk","P0_COMMERCIAL","NEEDS_OFFICIAL_EVIDENCE","Официальная страница бренда, каталог производителя или подтверждённый прайс с артикулом"
"public-1033aab81bd7937324cf87c1","Скрев пост реамер (спр) 1-6 32 мм","true","true","","","","https://a4d.kz/content/screw-post-reamer-spr-1-6-32mm","P0_COMMERCIAL","NEEDS_OFFICIAL_EVIDENCE","Официальная страница бренда, каталог производителя или подтверждённый прайс с артикулом"
"public-56ba3b3b62ddbccf88259a43","Слепочная масса альгинатная","true","true","","","","https://amdgroup.kz/catalog/materialy_/","P0_COMMERCIAL","NEEDS_OFFICIAL_EVIDENCE","Официальная страница бренда, каталог производителя или подтверждённый прайс с артикулом"
"public-c86fc96a150528b822f02821","Слепочная масса A-силикон","true","true","","","","https://amdgroup.kz/catalog/materialy_/","P0_COMMERCIAL","NEEDS_OFFICIAL_EVIDENCE","Официальная страница бренда, каталог производителя или подтверждённый прайс с артикулом"
"public-efa5dabb97034b009a4cadab","Слепочные ложки для имплантации","true","true","","","","https://a4d.kz/content/slepochnye-lozhki-dlya-implantacii","P0_COMMERCIAL","NEEDS_OFFICIAL_EVIDENCE","Официальная страница бренда, каталог производителя или подтверждённый прайс с артикулом"
"public-64cb3124cfead2837994c36c","Слепочные ложки оттискные перфорированные пластмассовые ложки","true","true","","","","https://a4d.kz/content/slepochnye-lozhki-ottisknye-perforirovannye-plastmassovye-lozhki-5","P0_COMMERCIAL","NEEDS_OFFICIAL_EVIDENCE","Официальная страница бренда, каталог производителя или подтверждённый прайс с артикулом"
"public-3ed806336d2cf6894993ec36","Слюноотсосы одноразовые гибкие из ПВХ","true","true","","","SL-OTS","https://medstom.kz/catalog","P0_COMMERCIAL","NEEDS_OFFICIAL_EVIDENCE","Официальная страница бренда, каталог производителя или подтверждённый прайс с артикулом"
"public-c8fee01ef4053620b6590357","СОХО DB686 NANO Фотополимеризационная лампа с функцией обнаружения кариеса","false","true","COXO","","","https://medstom.kz/catalog","P0_COMMERCIAL","NEEDS_OFFICIAL_EVIDENCE","Официальная страница бренда, каталог производителя или подтверждённый прайс с артикулом"
"public-332933aca511e9c33c282283","Спиртовка","true","true","","","","https://a4d.kz/content/spirtovka","P0_COMMERCIAL","NEEDS_OFFICIAL_EVIDENCE","Официальная страница бренда, каталог производителя или подтверждённый прайс с артикулом"
"public-6c8e01e653e1a192d0230bd8","Спредеры Niti","true","true","","","","https://a4d.kz/content/spredery-niti","P0_COMMERCIAL","NEEDS_OFFICIAL_EVIDENCE","Официальная страница бренда, каталог производителя или подтверждённый прайс с артикулом"
"public-aca523f72299ae53237651a0","Спрей масло для наконечников Bendechk 550 мл","true","true","","","SPRAY-OIL","https://medstom.kz/catalog","P0_COMMERCIAL","NEEDS_OFFICIAL_EVIDENCE","Официальная страница бренда, каталог производителя или подтверждённый прайс с артикулом"
"public-163ae253b8bc665b34e6141c","Средство для аппарата Vector","true","true","","","","https://amdgroup.kz/catalog/materialy_/","P0_COMMERCIAL","NEEDS_OFFICIAL_EVIDENCE","Официальная страница бренда, каталог производителя или подтверждённый прайс с артикулом"
"public-d1eb078d18ad0d68d7aec0f7","Средство для аспирационных систем","true","true","","","","https://amdgroup.kz/catalog/materialy_/","P0_COMMERCIAL","NEEDS_OFFICIAL_EVIDENCE","Официальная страница бренда, каталог производителя или подтверждённый прайс с артикулом"
"public-30c4f1185704a1d6c3f49ca7","Средство для обработки инструментов","true","true","","","","https://amdgroup.kz/catalog/materialy_/","P0_COMMERCIAL","NEEDS_OFFICIAL_EVIDENCE","Официальная страница бренда, каталог производителя или подтверждённый прайс с артикулом"
"public-af1bc4dc5704eec9ae98eb4b","Средство для обработки оттисков","true","true","","","","https://amdgroup.kz/catalog/materialy_/","P0_COMMERCIAL","NEEDS_OFFICIAL_EVIDENCE","Официальная страница бренда, каталог производителя или подтверждённый прайс с артикулом"
"public-bd3e814c816c1887150ec6a8","Средство для обработки поверхностей","true","true","","","","https://amdgroup.kz/catalog/materialy_/","P0_COMMERCIAL","NEEDS_OFFICIAL_EVIDENCE","Официальная страница бренда, каталог производителя или подтверждённый прайс с артикулом"
"public-70b0ad4a020bd6be8196d606","Стальные штифты набор 120 шт","true","true","","","","https://a4d.kz/content/stalnye-shtifty-nabor-120-sht","P0_COMMERCIAL","NEEDS_OFFICIAL_EVIDENCE","Официальная страница бренда, каталог производителя или подтверждённый прайс с артикулом"
"public-e29afb7ee7cdf3b5b0229013","Стальные штифты Размеры L1/L2/L3/M1/M2/M3/ S1/S2/S3","true","true","","","","https://a4d.kz/content/stalnye-shtifty-razmery-l1l2l3m1m2m3-s1s2s3","P0_COMMERCIAL","NEEDS_OFFICIAL_EVIDENCE","Официальная страница бренда, каталог производителя или подтверждённый прайс с артикулом"
"public-60c2c45f041787731a5a36c0","Станок лазерный для сверления AX-88 Штифтование разборных моделей;Изготовления протяжённых мостов с максимальной точностью;","true","true","","","","https://a4d.kz/content/stanok-lazernyy-dlya-sverleniya-ax-88-shtiftovanie-razbornyh-modeleyizgotovleniya","P0_COMMERCIAL","NEEDS_OFFICIAL_EVIDENCE","Официальная страница бренда, каталог производителя или подтверждённый прайс с артикулом"
"public-791f46c623489b37a96cec92","Стартовый комплект","true","true","","","","https://amdgroup.kz/catalog/nabory2/startovyy_komplekt/","P0_COMMERCIAL","NEEDS_OFFICIAL_EVIDENCE","Официальная страница бренда, каталог производителя или подтверждённый прайс с артикулом"
"public-5624e3fb57f594e738f1f103","Стекло для замешивания без лунок 2,090-1","true","true","","","","https://a4d.kz/content/steklo-dlya-zameshivaniya-bez-lunok-2090-1","P0_COMMERCIAL","NEEDS_OFFICIAL_EVIDENCE","Официальная страница бренда, каталог производителя или подтверждённый прайс с артикулом"
"public-6846ac31a0abadbd7ea13518","Стекловоконные штифты GALAX (10 шт) Германия","true","true","","","GALAX","https://medstom.kz/catalog","P0_COMMERCIAL","NEEDS_OFFICIAL_EVIDENCE","Официальная страница бренда, каталог производителя или подтверждённый прайс с артикулом"
"public-1aca902b2c944300e3f0f6d3","Стекловолоконные штифты (Размеры: S1, S2, S3 и др.)","true","true","","","ST-VOL","https://medstom.kz/catalog","P0_COMMERCIAL","NEEDS_OFFICIAL_EVIDENCE","Официальная страница бренда, каталог производителя или подтверждённый прайс с артикулом"
"public-b7899dc69bb9ed108f7ef225","Стекловолоконные штифты FiberPost Размеры 1,1/1,3","true","true","","","","https://a4d.kz/content/steklovolokonnye-shtifty-fiberpost-razmery-1113","P0_COMMERCIAL","NEEDS_OFFICIAL_EVIDENCE","Официальная страница бренда, каталог производителя или подтверждённый прайс с артикулом"
"public-2d1bbebf8c2e0bf582795990","Стерилизатор лина рик 122","true","true","","","","https://amdgroup.kz/catalog/avtoklavy_/sterilizator_lina_rik_122/","P0_COMMERCIAL","NEEDS_OFFICIAL_EVIDENCE","Официальная страница бренда, каталог производителя или подтверждённый прайс с артикулом"
"public-770074e40136e66326d552b3","Стерилизационное оборудование","true","true","","","","https://amdgroup.kz/catalog/materialy_/","P0_COMMERCIAL","NEEDS_OFFICIAL_EVIDENCE","Официальная страница бренда, каталог производителя или подтверждённый прайс с артикулом"
"public-1111acd4cb8ba7af5ed5a9ae","Стерилизационные пакеты в уп 200 шт 57 x 130мм","true","true","","","","https://a4d.kz/content/sterilizacionnye-pakety-v-200-sht-57-x-130mm","P0_COMMERCIAL","NEEDS_OFFICIAL_EVIDENCE","Официальная страница бренда, каталог производителя или подтверждённый прайс с артикулом"
"public-75fe4490ee0e96fc3a392557","Стоматологическая установка","true","true","","","","https://medstom.kz/catalog","P0_COMMERCIAL","NEEDS_OFFICIAL_EVIDENCE","Официальная страница бренда, каталог производителя или подтверждённый прайс с артикулом"
"public-890cea016f200ffde4a01b3d","Стоматологическая установка Дарта 1600 2000","true","false","","Coral","","https://nordstom.kz/","P0_COMMERCIAL","NEEDS_OFFICIAL_EVIDENCE","Официальная страница бренда, каталог производителя или подтверждённый прайс с артикулом"
"public-9282e11469aa97054e633b01","Стоматологическая установка EXW","true","true","","","","https://medstom.kz/catalog","P0_COMMERCIAL","NEEDS_OFFICIAL_EVIDENCE","Официальная страница бренда, каталог производителя или подтверждённый прайс с артикулом"
"public-f403e13da2d4a520c6d0616e","Стоматологическая установка EXW 2","true","true","","","","https://medstom.kz/catalog","P0_COMMERCIAL","NEEDS_OFFICIAL_EVIDENCE","Официальная страница бренда, каталог производителя или подтверждённый прайс с артикулом"
"public-2a7f69a2127c03d4f7ca2c65","Стоматологическая установка EXW 3","true","true","","","","https://medstom.kz/catalog","P0_COMMERCIAL","NEEDS_OFFICIAL_EVIDENCE","Официальная страница бренда, каталог производителя или подтверждённый прайс с артикулом"
"public-15e022a1f78587d26a8f5bb4","Стоматологическая цифровая рентген система VistaVox с Ceph System","true","true","","","","https://amdgroup.kz/catalog/rentgen_apparaty_/stomatologicheskaya_tsifrovaya_rentgen_sistema_vistavox_s_ceph_system/","P0_COMMERCIAL","NEEDS_OFFICIAL_EVIDENCE","Официальная страница бренда, каталог производителя или подтверждённый прайс с артикулом"
"public-346021f91ea337280e6a0194","Стоматологические перчатки","true","false","","KristiDent","","https://nordstom.kz/","P0_COMMERCIAL","NEEDS_OFFICIAL_EVIDENCE","Официальная страница бренда, каталог производителя или подтверждённый прайс с артикулом"
"public-f014655c19c2370bdbde3790","Стоматологический компрессор","true","true","","","","https://amdgroup.kz/catalog/materialy_/","P0_COMMERCIAL","NEEDS_OFFICIAL_EVIDENCE","Официальная страница бренда, каталог производителя или подтверждённый прайс с артикулом"
"public-6e3e1aec47c4195562a985f0","Стоматологический пилный диск с 6","true","true","","","","https://amdgroup.kz/catalog/nasadki_dlya_pezo_apparata/stomatologicheskiy_pilnyy_disk_s_6/","P0_COMMERCIAL","NEEDS_OFFICIAL_EVIDENCE","Официальная страница бренда, каталог производителя или подтверждённый прайс с артикулом"
"public-da6a02aa44d75bc6ad9520aa","Стоматологический рентген аппарат Veraview X800L F150 CP","true","true","","","","https://amdgroup.kz/catalog/rentgen_apparaty_/stomatologicheskiy_rentgen_apparat_veraview_x800l_f150_cp/","P0_COMMERCIAL","NEEDS_OFFICIAL_EVIDENCE","Официальная страница бренда, каталог производителя или подтверждённый прайс с артикулом"
"public-1f8c3885e0d24dbe7d80f28d","Стоматологический рентген аппарат Veraview X800L F150 P","true","true","","","","https://amdgroup.kz/catalog/rentgen_apparaty_/stomatologicheskiy_rentgen_apparat_veraview_x800l_f150_p/","P0_COMMERCIAL","NEEDS_OFFICIAL_EVIDENCE","Официальная страница бренда, каталог производителя или подтверждённый прайс с артикулом"
"public-80d821ff0974e33da4901f8a","Стоматологический рентген аппарат Veraviewepocs 3D R100","true","true","","","","https://amdgroup.kz/catalog/rentgen_apparaty_/stomatologicheskiy_rentgen_apparat_veraviewepocs_3d_r100/","P0_COMMERCIAL","NEEDS_OFFICIAL_EVIDENCE","Официальная страница бренда, каталог производителя или подтверждённый прайс с артикулом"
"public-8627180392a2398e94f85630","Стул врача SCD05","true","true","","","","https://a4d.kz/content/stul-vracha-scd05","P0_COMMERCIAL","NEEDS_OFFICIAL_EVIDENCE","Официальная страница бренда, каталог производителя или подтверждённый прайс с артикулом"
"public-2ee703918d20fcef7f4bd567","Стул врача SCD06","true","true","","","","https://a4d.kz/content/stul-vracha-scd06","P0_COMMERCIAL","NEEDS_OFFICIAL_EVIDENCE","Официальная страница бренда, каталог производителя или подтверждённый прайс с артикулом"
"public-ff2a2cc041258d0781f191c3","Стул доктора 25-01","true","true","","","","https://a4d.kz/content/stul-doktora-25-01","P0_COMMERCIAL","NEEDS_OFFICIAL_EVIDENCE","Официальная страница бренда, каталог производителя или подтверждённый прайс с артикулом"
"public-3c696cbdbeb61cd1d6ab70b1","Стул доктора 25-02","true","true","","","","https://a4d.kz/content/stul-doktora-25-02","P0_COMMERCIAL","NEEDS_OFFICIAL_EVIDENCE","Официальная страница бренда, каталог производителя или подтверждённый прайс с артикулом"
"public-6aea9a50da0d53f5fd5c5eb1","Стул доктора 25-03","true","true","","","","https://a4d.kz/content/stul-doktora-25-03","P0_COMMERCIAL","NEEDS_OFFICIAL_EVIDENCE","Официальная страница бренда, каталог производителя или подтверждённый прайс с артикулом"
"public-08c6b58f68678a5fa53650d9","Стул доктора 25-04","true","true","","","","https://a4d.kz/content/stul-doktora-25-04","P0_COMMERCIAL","NEEDS_OFFICIAL_EVIDENCE","Официальная страница бренда, каталог производителя или подтверждённый прайс с артикулом"
"public-b60213f7cf64448a70fcdc11","Сушилка","true","true","","","","https://a4d.kz/content/sushilka","P0_COMMERCIAL","NEEDS_OFFICIAL_EVIDENCE","Официальная страница бренда, каталог производителя или подтверждённый прайс с артикулом"
"public-0657da2e7a6ac02be5f1dbdb","СOXO C-FILL X Set – беспроводная обтурационная система.","false","true","COXO","","","https://medstom.kz/catalog","P0_COMMERCIAL","NEEDS_OFFICIAL_EVIDENCE","Официальная страница бренда, каталог производителя или подтверждённый прайс с артикулом"
"public-b77e91193831cb4753c55d2c","Твердосплавные боры IQ Dent (за шт)","false","true","IQ Dent","","MSK-B-83","https://medstom.kz/catalog","P0_COMMERCIAL","NEEDS_OFFICIAL_EVIDENCE","Официальная страница бренда, каталог производителя или подтверждённый прайс с артикулом"
"public-7db12a8d6dd58a7cf1623070","Твинки ктар 40×0 25 капс. 1680","true","true","","","","https://amdgroup.kz/catalog/plombirovochnye_materialy/tvinki_ctar_40kh0_25_kaps_1680/","P0_COMMERCIAL","NEEDS_OFFICIAL_EVIDENCE","Официальная страница бренда, каталог производителя или подтверждённый прайс с артикулом"
"public-2abf62894ad3cec4bdf0585f","Тигли 30мл","true","true","","","","https://a4d.kz/content/tigli-30ml","P0_COMMERCIAL","NEEDS_OFFICIAL_EVIDENCE","Официальная страница бренда, каталог производителя или подтверждённый прайс с артикулом"
"public-70d75572e4eed5ac6eb6d1a7","Тигли зуботехнические","true","true","","","","https://a4d.kz/content/tigli-zubotehnicheskie","P0_COMMERCIAL","NEEDS_OFFICIAL_EVIDENCE","Официальная страница бренда, каталог производителя или подтверждённый прайс с артикулом"
"public-3dc5588b54872c1e39cb5814","Титановые штифты 120 шт","true","true","","","","https://a4d.kz/content/titanovye-shtifty-120-sht","P0_COMMERCIAL","NEEDS_OFFICIAL_EVIDENCE","Официальная страница бренда, каталог производителя или подтверждённый прайс с артикулом"
"public-1ddd894edc32098e22e652be","Торсион пад","true","true","","","","https://a4d.kz/content/torsion-pad","P0_COMMERCIAL","NEEDS_OFFICIAL_EVIDENCE","Официальная страница бренда, каталог производителя или подтверждённый прайс с артикулом"
"public-bf84d804ea2f55417be8cf5d","Трансфер Multi Unit 3 5 для откр ложки","true","true","","","","https://amdgroup.kz/catalog/komponenty/transfer_multi_unit_3_5_d_otkr_lozhki/","P0_COMMERCIAL","NEEDS_OFFICIAL_EVIDENCE","Официальная страница бренда, каталог производителя или подтверждённый прайс с артикулом"
"public-3b6880dfe22aac2287b1a373","Трансфер Multi Unit для закр ложки 4 8","true","true","","","","https://amdgroup.kz/catalog/komponenty/transfer_multi_unit_d_zakr_lozhki_4_8/","P0_COMMERCIAL","NEEDS_OFFICIAL_EVIDENCE","Официальная страница бренда, каталог производителя или подтверждённый прайс с артикулом"
"public-763a1f54d24a530ab23f5f13","Трансфер Multi Unit для откр ложки 4 8","true","true","","","","https://amdgroup.kz/catalog/komponenty/transfer_multi_unit_d_otkr_lozhki_4_8/","P0_COMMERCIAL","NEEDS_OFFICIAL_EVIDENCE","Официальная страница бренда, каталог производителя или подтверждённый прайс с артикулом"
"public-ccd9b2455e9d76a8063c0e83","Трейнер","true","true","","","","https://a4d.kz/content/treyner","P0_COMMERCIAL","NEEDS_OFFICIAL_EVIDENCE","Официальная страница бренда, каталог производителя или подтверждённый прайс с артикулом"
"public-7d577c3bd4162f66f48fee91","Трейнер при бруксизме","true","true","","","","https://a4d.kz/content/treyner-pri-bruksizme","P0_COMMERCIAL","NEEDS_OFFICIAL_EVIDENCE","Официальная страница бренда, каталог производителя или подтверждённый прайс с артикулом"
"public-492659e281338a8ae3c882ee","Трейнер финишный T4F ретенционный","true","true","","","","https://a4d.kz/content/treyner-finishnyy-t4f-retencionnyy","P0_COMMERCIAL","NEEDS_OFFICIAL_EVIDENCE","Официальная страница бренда, каталог производителя или подтверждённый прайс с артикулом"
"public-241ffe63f9a841d63d267dec","Трейнер TMJ суставная шина для для устранения болевого синдрома при (ВНЧС)","true","true","","","","https://a4d.kz/content/treyner-tmj-sustavnaya-shina-dlya-dlya-ustraneniya-bolevogo-sindroma-pri-vnchs","P0_COMMERCIAL","NEEDS_OFFICIAL_EVIDENCE","Официальная страница бренда, каталог производителя или подтверждённый прайс с артикулом"
"public-047d5f2074ca9183c3f18c5c","Трейнеры дестские i-3 от 2 до 8лет","true","true","","","","https://a4d.kz/content/treynery-destskie-i-3-ot-2-do-8let","P0_COMMERCIAL","NEEDS_OFFICIAL_EVIDENCE","Официальная страница бренда, каталог производителя или подтверждённый прайс с артикулом"
"public-7b9580703bbe37fa8e7c0625","Трейнеры дестские Infant от 2 до 5 лет","true","true","","","","https://a4d.kz/content/treynery-destskie-infant-ot-2-do-5-let","P0_COMMERCIAL","NEEDS_OFFICIAL_EVIDENCE","Официальная страница бренда, каталог производителя или подтверждённый прайс с артикулом"
"public-478dd8845db0c5c9d96a3aaf","Трейнеры дестские T4K голубые , розовые от 6 до 12 лет","true","true","","","","https://a4d.kz/content/treynery-destskie-t4k-golubye-rozovye-ot-6-do-12-let","P0_COMMERCIAL","NEEDS_OFFICIAL_EVIDENCE","Официальная страница бренда, каталог производителя или подтверждённый прайс с артикулом"
"public-91c1fbdd4c1097fc8799ab90","Трейнеры для брекетов T4B, T4B2 от 12 лет и старше","true","true","","","","https://a4d.kz/content/treynery-dlya-breketov-t4b-t4b2-ot-12-let-i-starshe","P0_COMMERCIAL","NEEDS_OFFICIAL_EVIDENCE","Официальная страница бренда, каталог производителя или подтверждённый прайс с артикулом"
"public-04a6a93f29ef3bf92a7d68e4","Трейнеры ALIGNMENT","true","true","","","","https://a4d.kz/content/treynery-alignment","P0_COMMERCIAL","NEEDS_OFFICIAL_EVIDENCE","Официальная страница бренда, каталог производителя или подтверждённый прайс с артикулом"
"public-c0e886a5fc4a238212387a73","Трейнеры T4А голубые , розовые первая и вторая фаза от 12 лет и старше","true","true","","","","https://a4d.kz/content/treynery-t4a-golubye-rozovye-pervaya-i-vtoraya-faza-ot-12-let-i-starshe","P0_COMMERCIAL","NEEDS_OFFICIAL_EVIDENCE","Официальная страница бренда, каталог производителя или подтверждённый прайс с артикулом"
"public-2de29991e157101655ecec84","ТрейнерTMD суставная шина для диагностиктики и лечения дисфункции ВНЧС","true","true","","","","https://a4d.kz/content/treynertmd-sustavnaya-shina-dlya-diagnostiktiki-i-lecheniya-disfunkcii-vnchs","P0_COMMERCIAL","NEEDS_OFFICIAL_EVIDENCE","Официальная страница бренда, каталог производителя или подтверждённый прайс с артикулом"
"public-61fde1f5a7be28a024ac6a60","Триггер","true","true","","","","https://a4d.kz/content/trigger","P0_COMMERCIAL","NEEDS_OFFICIAL_EVIDENCE","Официальная страница бренда, каталог производителя или подтверждённый прайс с артикулом"
"public-54efe2bfd8e3fbc63d46a482","Триммер водяной AX-MTC(автоматическая подача воды)","true","true","","","","https://a4d.kz/content/trimmer-vodyanoy-ax-mtcavtomaticheskaya-podacha-vody","P0_COMMERCIAL","NEEDS_OFFICIAL_EVIDENCE","Официальная страница бренда, каталог производителя или подтверждённый прайс с артикулом"
"public-d7b528893b87070a8ba808e7","Триммер дисталный 1,2 мм емалевый нож","true","true","","","","https://amdgroup.kz/catalog/emalevye_nozhy/trimmer_distalnyy_1_2_mm_emalevyy_nozh/","P0_COMMERCIAL","NEEDS_OFFICIAL_EVIDENCE","Официальная страница бренда, каталог производителя или подтверждённый прайс с артикулом"
"public-ddf3a1d258b7910433b39ed9","Триоксидент","true","true","","","","https://medstom.kz/catalog","P0_COMMERCIAL","NEEDS_OFFICIAL_EVIDENCE","Официальная страница бренда, каталог производителя или подтверждённый прайс с артикулом"
"public-7428865a39c3823cfaba1c82","Тунгстен хеад","true","true","","","","https://a4d.kz/content/tungsten-head","P0_COMMERCIAL","NEEDS_OFFICIAL_EVIDENCE","Официальная страница бренда, каталог производителя или подтверждённый прайс с артикулом"
"public-ccf5639d1e344cbf96ea7b7f","Турбинный наконечник стоматологический","true","true","","","","https://amdgroup.kz/catalog/materialy_/","P0_COMMERCIAL","NEEDS_OFFICIAL_EVIDENCE","Официальная страница бренда, каталог производителя или подтверждённый прайс с артикулом"
"public-811a63ff7facc66b01be894f","Турбинный наконечник H17 терапия+ортопедия","true","true","","","","https://a4d.kz/content/turbinnyy-nakonechnik-h17-terapiyaortopediya","P0_COMMERCIAL","NEEDS_OFFICIAL_EVIDENCE","Официальная страница бренда, каталог производителя или подтверждённый прайс с артикулом"
"public-58933916e3875928c403ba7b","Туррета для формирования дуг с торком","true","true","","","","https://a4d.kz/content/turreta-dlya-formirovaniya-dug-s-torkom","P0_COMMERCIAL","NEEDS_OFFICIAL_EVIDENCE","Официальная страница бренда, каталог производителя или подтверждённый прайс с артикулом"
"public-e33fc997637a06ff2c62d4c5","Туррета для формирования дуг Arch former Aluminium","true","true","","","","https://a4d.kz/content/turreta-dlya-formirovaniya-dug-arch-former-aluminium","P0_COMMERCIAL","NEEDS_OFFICIAL_EVIDENCE","Официальная страница бренда, каталог производителя или подтверждённый прайс с артикулом"
"public-5016d8892ff452035ba7fd5b","Тхерафил-21","false","true","LaTus","","CKB-204","https://stomir.kz/","P0_COMMERCIAL","NEEDS_OFFICIAL_EVIDENCE","Официальная страница бренда, каталог производителя или подтверждённый прайс с артикулом"
"public-2592648733ef9f948bcf0e23","Тхерафил-31","false","true","LaTus","","1400025","https://stomir.kz/","P0_COMMERCIAL","NEEDS_OFFICIAL_EVIDENCE","Официальная страница бренда, каталог производителя или подтверждённый прайс с артикулом"
"public-283e5d8fc699acc051d3d58c","У-файлы (U-Files)-для обработки,расширения каналов, удаления омертвевших тканей","true","true","","","","https://a4d.kz/content/u-fayly-u-files-dlya-obrabotkirasshireniya-kanalov-udaleniya-omertvevshih-tkaney","P0_COMMERCIAL","NEEDS_OFFICIAL_EVIDENCE","Официальная страница бренда, каталог производителя или подтверждённый прайс с артикулом"
"public-76e0bdf074bb9b986eeeaf72","Угловой наконечник стоматологический","true","true","","","","https://amdgroup.kz/catalog/materialy_/","P0_COMMERCIAL","NEEDS_OFFICIAL_EVIDENCE","Официальная страница бренда, каталог производителя или подтверждённый прайс с артикулом"
"public-9272a21a76a4400164a9db1a","Ултразвуковой комб аппарат Air Flow","true","true","","","","https://amdgroup.kz/catalog/oborudovanie_dlya_professionalnoy_gigieny_/ultrazvukovoy_komb_apparat_air_flow_/","P0_COMMERCIAL","NEEDS_OFFICIAL_EVIDENCE","Официальная страница бренда, каталог производителя или подтверждённый прайс с артикулом"
"public-7c551154783ca063104b31b2","Ултрозвуковая ванна хыгосоник","true","true","","","","https://amdgroup.kz/catalog/avtoklavy_/ultrozvukovaya_vanna_hygosonic/","P0_COMMERCIAL","NEEDS_OFFICIAL_EVIDENCE","Официальная страница бренда, каталог производителя или подтверждённый прайс с артикулом"
"public-a70aa58c32065af8aec47d60","Ультразвуковая ванна Fomos Foclean 25 (2,5л)","false","true","FOMOS","","","https://medstom.kz/catalog","P0_COMMERCIAL","NEEDS_OFFICIAL_EVIDENCE","Официальная страница бренда, каталог производителя или подтверждённый прайс с артикулом"
"public-c1411eaf76fc06c43ee3da35","Ультразвуковая ванна Fomos Foclean 60 (6л)","false","true","FOMOS","","","https://medstom.kz/catalog","P0_COMMERCIAL","NEEDS_OFFICIAL_EVIDENCE","Официальная страница бренда, каталог производителя или подтверждённый прайс с артикулом"
"public-2bd226f22d7e3f3d23102dfb","Ультразвуковая ванна ZZLINKER","true","true","","","","https://medstom.kz/catalog","P0_COMMERCIAL","NEEDS_OFFICIAL_EVIDENCE","Официальная страница бренда, каталог производителя или подтверждённый прайс с артикулом"
"public-3c636d53516b58a513e6e0e7","Ультразвуковая мойка 5 л","true","true","","","","https://a4d.kz/content/ultrazvukovaya-moyka-5-l","P0_COMMERCIAL","NEEDS_OFFICIAL_EVIDENCE","Официальная страница бренда, каталог производителя или подтверждённый прайс с артикулом"
"public-32b153b82c1c6178e0302458","Ультразвуковая мойка для инструментов 2,5 л","true","true","","","","https://a4d.kz/content/ultrazvukovaya-moyka-dlya-instrumentov-25-l","P0_COMMERCIAL","NEEDS_OFFICIAL_EVIDENCE","Официальная страница бренда, каталог производителя или подтверждённый прайс с артикулом"
"public-0d9b3a6b4cccfb83dc24f57e","Ультразвуковая хирургическая система C-explorer","true","true","","","","https://a4d.kz/content/ultrazvukovaya-hirurgicheskaya-sistema-c-explorer","P0_COMMERCIAL","NEEDS_OFFICIAL_EVIDENCE","Официальная страница бренда, каталог производителя или подтверждённый прайс с артикулом"
"public-a3d410f5c9e8971563f9a2ab","Ультразвуковой скалер","true","false","","Soco","","https://nordstom.kz/","P0_COMMERCIAL","NEEDS_OFFICIAL_EVIDENCE","Официальная страница бренда, каталог производителя или подтверждённый прайс с артикулом"
"public-317bc07f12633ac61a10b51f","Универсальные щипцы №1 (Англия)","true","true","","","","https://a4d.kz/content/universalnye-shchipcy-no1-angliya","P0_COMMERCIAL","NEEDS_OFFICIAL_EVIDENCE","Официальная страница бренда, каталог производителя или подтверждённый прайс с артикулом"
"public-d9589388f468c33910a04ea6","Универсальные щипцы №2 (Англия)","true","true","","","","https://a4d.kz/content/universalnye-shchipcy-no2-angliya","P0_COMMERCIAL","NEEDS_OFFICIAL_EVIDENCE","Официальная страница бренда, каталог производителя или подтверждённый прайс с артикулом"
"public-5aaea2f793d69bad4d05158d","Универсальные щипцы №3 (Англия)","true","true","","","","https://a4d.kz/content/universalnye-shchipcy-no3-angliya","P0_COMMERCIAL","NEEDS_OFFICIAL_EVIDENCE","Официальная страница бренда, каталог производителя или подтверждённый прайс с артикулом"
"public-f065d48068674b26349deb86","Универсальный нанокомпозит CharmFil Plus UO","false","true","DentKist","","1401591","https://stomir.kz/","P0_COMMERCIAL","NEEDS_OFFICIAL_EVIDENCE","Официальная страница бренда, каталог производителя или подтверждённый прайс с артикулом"
"public-bd0163cc00b25151adb1b6ab","Уницем 100/60 белый","true","true","","","UNI-CEM","https://medstom.kz/catalog","P0_COMMERCIAL","NEEDS_OFFICIAL_EVIDENCE","Официальная страница бренда, каталог производителя или подтверждённый прайс с артикулом"
"public-5f9d719ed158321961927e68","Упаковочная бумага (индикаторы 1 класса)","true","true","","","UP-BUM","https://medstom.kz/catalog","P0_COMMERCIAL","NEEDS_OFFICIAL_EVIDENCE","Официальная страница бренда, каталог производителя или подтверждённый прайс с артикулом"
"public-4d9d9db6df6de4c161dea00e","Упаковочная машина для запечатывания инструментов","true","true","","","","https://a4d.kz/content/upakovochnaya-mashina-dlya-zapechatyvaniya-instrumentov-0","P0_COMMERCIAL","NEEDS_OFFICIAL_EVIDENCE","Официальная страница бренда, каталог производителя или подтверждённый прайс с артикулом"
"public-682730780dabdaaf948660b0","Уплотнение к двери для стерилизатора лина F460504X","true","true","","","","https://amdgroup.kz/catalog/avtoklavy_/uplotnenie_k_dveri_dlya_sterilizatora_lina_f460504x/","P0_COMMERCIAL","NEEDS_OFFICIAL_EVIDENCE","Официальная страница бренда, каталог производителя или подтверждённый прайс с артикулом"
"public-c52a808e598e3717a025d2bd","Установка имплант мед 923 физиодеспенсер для хир операций 90000161","true","true","","","","https://amdgroup.kz/catalog/fiziodispenser/ustanovka_implant_med_923_fiziodespenser_d_khir_operatsiy_90000161/","P0_COMMERCIAL","NEEDS_OFFICIAL_EVIDENCE","Официальная страница бренда, каталог производителя или подтверждённый прайс с артикулом"
"public-f9dfc3bced45536b01f22b8e","Установка имплант мед SI 1023 физиодеспенсер для хир операций 90000166","true","true","","","","https://amdgroup.kz/catalog/fiziodispenser/ustanovka_implant_med_si_1023_fiziodespenser_d_khir_operatsiy_90000166/","P0_COMMERCIAL","NEEDS_OFFICIAL_EVIDENCE","Официальная страница бренда, каталог производителя или подтверждённый прайс с артикулом"
"public-ab8c7258507fe9bdad9eb85b","УФ стерилизатор +лотки для инструментов","true","true","","","","https://a4d.kz/content/uf-sterilizator-lotki-dlya-instrumentov","P0_COMMERCIAL","NEEDS_OFFICIAL_EVIDENCE","Официальная страница бренда, каталог производителя или подтверждённый прайс с артикулом"
"public-256a5fa5c8761d56995d5662","Файл-держатель","true","true","","","","https://a4d.kz/content/fayl-derzhatel","P0_COMMERCIAL","NEEDS_OFFICIAL_EVIDENCE","Официальная страница бренда, каталог производителя или подтверждённый прайс с артикулом"
"public-9ec7e559c315d3d5e751b092","Фартук рентгенозащитный NITRILE","true","true","","","NITRILE","https://medstom.kz/catalog","P0_COMMERCIAL","NEEDS_OFFICIAL_EVIDENCE","Официальная страница бренда, каталог производителя или подтверждённый прайс с артикулом"
"public-4c9c024e9d80da14678ec76f","Физиодиспенсер COXO C-Sailor Pro","false","true","COXO","","","https://medstom.kz/catalog","P0_COMMERCIAL","NEEDS_OFFICIAL_EVIDENCE","Официальная страница бренда, каталог производителя или подтверждённый прайс с артикулом"
"public-21f7f403b8dd5fcafb6c1a40","Филтр водный аирфлов пропхылаксис мастер","true","true","","","","https://amdgroup.kz/catalog/oborudovanie_dlya_professionalnoy_gigieny_/filtr_vodnyy_airflow_prophylaxis_master_/","P0_COMMERCIAL","NEEDS_OFFICIAL_EVIDENCE","Официальная страница бренда, каталог производителя или подтверждённый прайс с артикулом"
"public-eda33cd284f3c9f6145713ce","Филтр воздушный аирфлов пропхылаксис мастер","true","true","","","","https://amdgroup.kz/catalog/oborudovanie_dlya_professionalnoy_gigieny_/filtr_vozdushnyy_airflow_prophylaxis_master_/","P0_COMMERCIAL","NEEDS_OFFICIAL_EVIDENCE","Официальная страница бренда, каталог производителя или подтверждённый прайс с артикулом"
"public-c0336b300a617fc1b09cf6a4","Филтр пылевой для стерилизатора лина F364502X","true","true","","","","https://amdgroup.kz/catalog/avtoklavy_/filtr_pylevoy_dlya_sterilizatora_lina_f364502x/","P0_COMMERCIAL","NEEDS_OFFICIAL_EVIDENCE","Официальная страница бренда, каталог производителя или подтверждённый прайс с артикулом"
"public-36f02b8074c5027f4629d705","Филтр пылевой F364511KH","true","true","","","","https://amdgroup.kz/catalog/avtoklavy_/filtr_pylevoy_f364511kh/","P0_COMMERCIAL","NEEDS_OFFICIAL_EVIDENCE","Официальная страница бренда, каталог производителя или подтверждённый прайс с артикулом"
"public-e1a3eee891a6bfd4aac9ff7f","Фиссурит FX 2 2,5 г шприцы","true","true","","","","https://amdgroup.kz/catalog/lechenie_i_profilaktika/fissurit_fx_2_2_5g_shpritsy_/","P0_COMMERCIAL","NEEDS_OFFICIAL_EVIDENCE","Официальная страница бренда, каталог производителя или подтверждённый прайс с артикулом"
"public-24e826fc7951e84c9408dc94","Флосы 50 м","true","true","","","","https://a4d.kz/content/flosy-50-m","P0_COMMERCIAL","NEEDS_OFFICIAL_EVIDENCE","Официальная страница бренда, каталог производителя или подтверждённый прайс с артикулом"
"public-9f4e56e2c78f29f12ff9d89d","Флосы с держателем","true","true","","","","https://a4d.kz/content/flosy-s-derzhatelem","P0_COMMERCIAL","NEEDS_OFFICIAL_EVIDENCE","Официальная страница бренда, каталог производителя или подтверждённый прайс с артикулом"
"public-5533db747bb8be6f6359506d","Формировател десны 3,5 CF GH 1,0 NP","true","true","","","","https://amdgroup.kz/catalog/formirovateli_desny/formirovatel_desny_3_5_cf_gh_1_0_np/","P0_COMMERCIAL","NEEDS_OFFICIAL_EVIDENCE","Официальная страница бренда, каталог производителя или подтверждённый прайс с артикулом"
"public-3959f503ef9840666dd6fed8","Формировател десны 3,5 CF GH 2,0 NP","true","true","","","","https://amdgroup.kz/catalog/formirovateli_desny/formirovatel_desny_3_5_cf_gh_2_0_np_/","P0_COMMERCIAL","NEEDS_OFFICIAL_EVIDENCE","Официальная страница бренда, каталог производителя или подтверждённый прайс с артикулом"
"public-c470050e686310d1fafb68af","Формировател десны 3,5 CF GH 3,0 NP","true","true","","","","https://amdgroup.kz/catalog/formirovateli_desny/formirovatel_desny_3_5_cf_gh_3_0_np/","P0_COMMERCIAL","NEEDS_OFFICIAL_EVIDENCE","Официальная страница бренда, каталог производителя или подтверждённый прайс с артикулом"
"public-62cc95864f0c2954db55fffd","Формировател десны 3,5 CF GH 4,0 NP","true","true","","","","https://amdgroup.kz/catalog/formirovateli_desny/formirovatel_desny_3_5_cf_gh_4_0_np/","P0_COMMERCIAL","NEEDS_OFFICIAL_EVIDENCE","Официальная страница бренда, каталог производителя или подтверждённый прайс с артикулом"
"public-42d27cf1339bc592392e7349","Формировател десны 3,5 CF GH 5,0 NP","true","true","","","","https://amdgroup.kz/catalog/formirovateli_desny/formirovatel_desny_3_5_cf_gh_5_0_np/","P0_COMMERCIAL","NEEDS_OFFICIAL_EVIDENCE","Официальная страница бренда, каталог производителя или подтверждённый прайс с артикулом"
"public-a8becc689d3b4d53fe4936c5","Формировател десны 4,5 CF GH 1,0 NP","true","true","","","","https://amdgroup.kz/catalog/formirovateli_desny/formirovatel_desny_4_5_cf_gh_1_0_np/","P0_COMMERCIAL","NEEDS_OFFICIAL_EVIDENCE","Официальная страница бренда, каталог производителя или подтверждённый прайс с артикулом"
"public-37f77bee7acaa34d16a4becc","Формировател десны 4,5 CF GH 1,0 SP","true","true","","","","https://amdgroup.kz/catalog/formirovateli_desny/formirovatel_desny_4_5_cf_gh_1_0_sp/","P0_COMMERCIAL","NEEDS_OFFICIAL_EVIDENCE","Официальная страница бренда, каталог производителя или подтверждённый прайс с артикулом"
"public-959359829b71ac6f42809ff9","Формировател десны 4,5 CF GH 2,0 NP","true","true","","","","https://amdgroup.kz/catalog/formirovateli_desny/formirovatel_desny_4_5_cf_gh_2_0_np/","P0_COMMERCIAL","NEEDS_OFFICIAL_EVIDENCE","Официальная страница бренда, каталог производителя или подтверждённый прайс с артикулом"
"public-784ed79d08164a7946bd7957","Формировател десны 4,5 CF GH 3,0 NP","true","true","","","","https://amdgroup.kz/catalog/formirovateli_desny/formirovatel_desny_4_5_cf_gh_3_0_np/","P0_COMMERCIAL","NEEDS_OFFICIAL_EVIDENCE","Официальная страница бренда, каталог производителя или подтверждённый прайс с артикулом"
"public-14a749c53525895216964865","Формировател десны 4,5 CF GH 3,0 SP","true","true","","","","https://amdgroup.kz/catalog/formirovateli_desny/formirovatel_desny_4_5_cf_gh_3_0_sp/","P0_COMMERCIAL","NEEDS_OFFICIAL_EVIDENCE","Официальная страница бренда, каталог производителя или подтверждённый прайс с артикулом"
"public-b82a4347ee82d356b95a4463","Формировател десны 4,5 CF GH 4,0 NP","true","true","","","","https://amdgroup.kz/catalog/formirovateli_desny/formirovatel_desny_4_5_cf_gh_4_0_np/","P0_COMMERCIAL","NEEDS_OFFICIAL_EVIDENCE","Официальная страница бренда, каталог производителя или подтверждённый прайс с артикулом"
"public-055918da0d30d0d662b32627","Формировател десны 4,5 CF GH 4,0 SP","true","true","","","","https://amdgroup.kz/catalog/formirovateli_desny/formirovatel_desny_4_5_cf_gh_4_0_sp/","P0_COMMERCIAL","NEEDS_OFFICIAL_EVIDENCE","Официальная страница бренда, каталог производителя или подтверждённый прайс с артикулом"
"public-77889ddeae5b621d545b51b0","Формировател десны 4,5 CF GH 5,0 NP","true","true","","","","https://amdgroup.kz/catalog/formirovateli_desny/formirovatel_desny_4_5_cf_gh_5_0_np/","P0_COMMERCIAL","NEEDS_OFFICIAL_EVIDENCE","Официальная страница бренда, каталог производителя или подтверждённый прайс с артикулом"
"public-7d1f1045b20a04bf7f00d59b","Формировател десны 4,5 CF GH 5,0 SP","true","true","","","","https://amdgroup.kz/catalog/formirovateli_desny/formirovatel_desny_4_5_cf_gh_5_0_sp/","P0_COMMERCIAL","NEEDS_OFFICIAL_EVIDENCE","Официальная страница бренда, каталог производителя или подтверждённый прайс с артикулом"
"public-d5803a433c15b04d3124c1dd","Формировател десны 5,5 CF GH 1,0 SP","true","true","","","","https://amdgroup.kz/catalog/formirovateli_desny/formirovatel_desny_5_5_cf_gh_1_0_sp/","P0_COMMERCIAL","NEEDS_OFFICIAL_EVIDENCE","Официальная страница бренда, каталог производителя или подтверждённый прайс с артикулом"
"public-c8eb57bde700a85770d98ec8","Формировател десны 5,5 CF GH 2,0 SP","true","true","","","","https://amdgroup.kz/catalog/formirovateli_desny/formirovatel_desny_5_5_cf_gh_2_0_sp/","P0_COMMERCIAL","NEEDS_OFFICIAL_EVIDENCE","Официальная страница бренда, каталог производителя или подтверждённый прайс с артикулом"
"public-303436e126dccc209c25587c","Формировател десны 5,5 CF GH 4,0 SP","true","true","","","","https://amdgroup.kz/catalog/formirovateli_desny/formirovatel_desny_5_5_cf_gh_4_0_sp/","P0_COMMERCIAL","NEEDS_OFFICIAL_EVIDENCE","Официальная страница бренда, каталог производителя или подтверждённый прайс с артикулом"
"public-cd4e1800739f6d06689e0c06","Формировател десны 5,5 CF GH 5,0 SP","true","true","","","","https://amdgroup.kz/catalog/formirovateli_desny/formirovatel_desny_5_5_cf_gh_5_0_sp/","P0_COMMERCIAL","NEEDS_OFFICIAL_EVIDENCE","Официальная страница бренда, каталог производителя или подтверждённый прайс с артикулом"
"public-c7b0bbb07fae15f62559fd50","Формировател хеалинг 4,5 CF GH 2,0 SP","true","true","","","","https://amdgroup.kz/catalog/formirovateli_desny/formirovatel_healing_4_5_cf_gh_2_0_sp/","P0_COMMERCIAL","NEEDS_OFFICIAL_EVIDENCE","Официальная страница бренда, каталог производителя или подтверждённый прайс с артикулом"
"public-fc8901bd335b04e181800847","Формировател хеалинг 5,5 CF GH 3,0 SP","true","true","","","","https://amdgroup.kz/catalog/formirovateli_desny/formirovatel_healing_5_5_cf_gh_3_0_sp/","P0_COMMERCIAL","NEEDS_OFFICIAL_EVIDENCE","Официальная страница бренда, каталог производителя или подтверждённый прайс с артикулом"
"public-9e2970793be8f029aa99b448","Формы цоколя","true","true","","","","https://a4d.kz/content/formy-cokolya","P0_COMMERCIAL","NEEDS_OFFICIAL_EVIDENCE","Официальная страница бренда, каталог производителя или подтверждённый прайс с артикулом"
"public-471e4b40d1cc9173d15c4c1c","Формы цоколя для подгонки размеров модели.","true","true","","","","https://a4d.kz/content/formy-cokolya-dlya-podgonki-razmerov-modeli","P0_COMMERCIAL","NEEDS_OFFICIAL_EVIDENCE","Официальная страница бренда, каталог производителя или подтверждённый прайс с артикулом"
"public-2c2a4e97b779a86d01960624","Фотополимерная лампа COXO DB686 Swift","false","true","COXO","","","https://a4d.kz/content/fotopolimernaya-lampa-coxo-db686-swift","P0_COMMERCIAL","NEEDS_OFFICIAL_EVIDENCE","Официальная страница бренда, каталог производителя или подтверждённый прайс с артикулом"
"public-4cdfce341adbff50ceb0376b","Фрезы Корея","true","true","","","","https://a4d.kz/content/frezy-koreya","P0_COMMERCIAL","NEEDS_OFFICIAL_EVIDENCE","Официальная страница бренда, каталог производителя или подтверждённый прайс с артикулом"
"public-af6390b7ed74dabc6679b60f","Футболка поло нуво","true","true","","","","https://amdgroup.kz/catalog/merchi/futbolka_polo_nuvo/","P0_COMMERCIAL","NEEDS_OFFICIAL_EVIDENCE","Официальная страница бренда, каталог производителя или подтверждённый прайс с артикулом"
"public-58c35f0902b1b9eb00363b86","Хирург","true","true","","","","https://a4d.kz/content/hirurg","P0_COMMERCIAL","NEEDS_OFFICIAL_EVIDENCE","Официальная страница бренда, каталог производителя или подтверждённый прайс с артикулом"
"public-a93c51c1ad3d987b18c86122","Хирургическая Лампа на установку","true","true","","","","https://a4d.kz/content/hirurgicheskaya-lampa-na-ustanovku","P0_COMMERCIAL","NEEDS_OFFICIAL_EVIDENCE","Официальная страница бренда, каталог производителя или подтверждённый прайс с артикулом"
"public-5818170b362f77825e2eb38d","Хирургические наконечники H01-DSP","true","true","","","","https://a4d.kz/content/hirurgicheskie-nakonechniki-h01-dsp","P0_COMMERCIAL","NEEDS_OFFICIAL_EVIDENCE","Официальная страница бренда, каталог производителя или подтверждённый прайс с артикулом"
"public-f536294e9928f9afb436c664","Хирургические наконечники H05-DSP со светом","true","true","","","","https://a4d.kz/content/hirurgicheskie-nakonechniki-h05-dsp-so-svetom","P0_COMMERCIAL","NEEDS_OFFICIAL_EVIDENCE","Официальная страница бренда, каталог производителя или подтверждённый прайс с артикулом"
"public-507bdf6a527ffba5615b8d6f","Хирургические наконечники S-2S (D-29S)","true","true","","","","https://a4d.kz/content/hirurgicheskie-nakonechniki-s-2s-d-29s","P0_COMMERCIAL","NEEDS_OFFICIAL_EVIDENCE","Официальная страница бренда, каталог производителя или подтверждённый прайс с артикулом"
"public-2569977074275446fd075b9e","Хирургические наконечники S-2S2 (D29-S2)","true","true","","","","https://a4d.kz/content/hirurgicheskie-nakonechniki-s-2s2-d29-s2","P0_COMMERCIAL","NEEDS_OFFICIAL_EVIDENCE","Официальная страница бренда, каталог производителя или подтверждённый прайс с артикулом"
"public-d161046b82df237e47c4e96d","Хирургические пылесосы","true","true","","","","https://a4d.kz/content/hirurgicheskie-pylesosy-1","P0_COMMERCIAL","NEEDS_OFFICIAL_EVIDENCE","Официальная страница бренда, каталог производителя или подтверждённый прайс с артикулом"
"public-d24a73a614ce511c10ba590e","Хирургические пылесосы автоклавируемые","true","true","","","","https://a4d.kz/content/hirurgicheskie-pylesosy-avtoklaviruemye-0","P0_COMMERCIAL","NEEDS_OFFICIAL_EVIDENCE","Официальная страница бренда, каталог производителя или подтверждённый прайс с артикулом"
"public-aacee35ba93e532e27bb6a03","Хирургические слюноотсосы металические","true","true","","","","https://a4d.kz/content/hirurgicheskie-slyunootsosy-metalicheskie","P0_COMMERCIAL","NEEDS_OFFICIAL_EVIDENCE","Официальная страница бренда, каталог производителя или подтверждённый прайс с артикулом"
"public-09aa59bf6d88db7d044de44e","Хирургический костюм","true","true","","","","https://amdgroup.kz/catalog/merchi/khirurgicheskiy_kostyum/","P0_COMMERCIAL","NEEDS_OFFICIAL_EVIDENCE","Официальная страница бренда, каталог производителя или подтверждённый прайс с артикулом"
"public-0206ac1b644783e20bde5a15","Хирургический костюм нуво","true","true","","","","https://amdgroup.kz/catalog/merchi/khirurgicheskiy_kostyum_nuvo/","P0_COMMERCIAL","NEEDS_OFFICIAL_EVIDENCE","Официальная страница бренда, каталог производителя или подтверждённый прайс с артикулом"
"public-73c8622e8b90448864646732","Хирургический набор CF предварит установл","true","true","","","","https://amdgroup.kz/catalog/nabory/khirurgicheskiy_nabor_cf_predvarit_ustanovl/","P0_COMMERCIAL","NEEDS_OFFICIAL_EVIDENCE","Официальная страница бренда, каталог производителя или подтверждённый прайс с артикулом"
"public-56da425e8a0235f9fe869bad","Хирургический наконечник","true","true","","","","https://amdgroup.kz/catalog/materialy_/","P0_COMMERCIAL","NEEDS_OFFICIAL_EVIDENCE","Официальная страница бренда, каталог производителя или подтверждённый прайс с артикулом"
"public-33a3d4e10c8862697a08d097","Холодные Плаггеры SANI","true","true","","","","https://medstom.kz/catalog","P0_COMMERCIAL","NEEDS_OFFICIAL_EVIDENCE","Официальная страница бренда, каталог производителя или подтверждённый прайс с артикулом"
"public-742ffd75b81abed14df5d17a","Хст-B9","true","true","","","","https://a4d.kz/content/hst-b9","P0_COMMERCIAL","NEEDS_OFFICIAL_EVIDENCE","Официальная страница бренда, каталог производителя или подтверждённый прайс с артикулом"
"public-864a8c101fac7a626f436216","Хыдрохум","true","true","","","HYDROHUM","https://medstom.kz/catalog","P0_COMMERCIAL","NEEDS_OFFICIAL_EVIDENCE","Официальная страница бренда, каталог производителя или подтверждённый прайс с артикулом"
"public-17714dbd3ec23b949c9be02f","Цемент стеклоиономерный","true","true","","","CKT-131","https://stomir.kz/","P0_COMMERCIAL","NEEDS_OFFICIAL_EVIDENCE","Официальная страница бренда, каталог производителя или подтверждённый прайс с артикулом"
"public-97aa07ca99f80e931553698e","Цемент стоматологический","true","true","","","","https://amdgroup.kz/catalog/materialy_/","P0_COMMERCIAL","NEEDS_OFFICIAL_EVIDENCE","Официальная страница бренда, каталог производителя или подтверждённый прайс с артикулом"
"public-4cb4bf77f91e41020d0f10a1","Цемент Very Best Dual Cure","true","true","","","MSK-T-43","https://medstom.kz/catalog","P0_COMMERCIAL","NEEDS_OFFICIAL_EVIDENCE","Официальная страница бренда, каталог производителя или подтверждённый прайс с артикулом"
"public-13e955f8b548e0b01a0d2954","Цифровая рентгенографическая установка New Tom гиано HR","true","true","","","","https://amdgroup.kz/catalog/rentgen_apparaty_/tsifrovaya_rentgenograficheskaya_ustanovka_new_tom_giano_hr/","P0_COMMERCIAL","NEEDS_OFFICIAL_EVIDENCE","Официальная страница бренда, каталог производителя или подтверждённый прайс с артикулом"
"public-4979fb5e1006e02b79fd7c12","Чашка для замешивания акрила гипса слепочной массы и альгината.","true","true","","","","https://a4d.kz/content/chashka-dlya-zameshivaniya-akrila-gipsa-slepochnoy-massy-i-alginata","P0_COMMERCIAL","NEEDS_OFFICIAL_EVIDENCE","Официальная страница бренда, каталог производителя или подтверждённый прайс с артикулом"
"public-10d9086bc9f1c6e808367b32","Чашка для замешивания гипса, слепочной массы , альгината","true","true","","","","https://a4d.kz/content/chashka-dlya-zameshivaniya-gipsa-slepochnoy-massy-alginata","P0_COMMERCIAL","NEEDS_OFFICIAL_EVIDENCE","Официальная страница бренда, каталог производителя или подтверждённый прайс с артикулом"
"public-72d9f194be6fc63a2b2b2dbe","Чашка для замешивания с крышкой","true","true","","","","https://a4d.kz/content/chashka-dlya-zameshivaniya-s-kryshkoy","P0_COMMERCIAL","NEEDS_OFFICIAL_EVIDENCE","Официальная страница бренда, каталог производителя или подтверждённый прайс с артикулом"
"public-b91232f29c43e9787b90717b","Чашка для замешивания XLгипса слепочной массы , альгината","true","true","","","","https://a4d.kz/content/chashka-dlya-zameshivaniya-xlgipsa-slepochnoy-massy-alginata","P0_COMMERCIAL","NEEDS_OFFICIAL_EVIDENCE","Официальная страница бренда, каталог производителя или подтверждённый прайс с артикулом"
"public-c608b211d64f7820e72e2f5e","Чашка стеклянная с восьмью делениями","true","true","","","CHASHKA","https://medstom.kz/catalog","P0_COMMERCIAL","NEEDS_OFFICIAL_EVIDENCE","Официальная страница бренда, каталог производителя или подтверждённый прайс с артикулом"
"public-4a853c7c92ef810e9c9231af","Чашки Петри","true","true","","","CKB-194","https://stomir.kz/","P0_COMMERCIAL","NEEDS_OFFICIAL_EVIDENCE","Официальная страница бренда, каталог производителя или подтверждённый прайс с артикулом"
"public-656424a3df1fd5dd7bf9897e","Чехлы для сканера 3 размера","true","true","","","","https://a4d.kz/content/chehly-dlya-skanera-3-razmera","P0_COMMERCIAL","NEEDS_OFFICIAL_EVIDENCE","Официальная страница бренда, каталог производителя или подтверждённый прайс с артикулом"
"public-9f5175f06972f3e399a9eb08","Чехол для датчика визиографа medium","true","true","","","","https://a4d.kz/content/chehol-dlya-datchika-viziografa-medium","P0_COMMERCIAL","NEEDS_OFFICIAL_EVIDENCE","Официальная страница бренда, каталог производителя или подтверждённый прайс с артикулом"
"public-d0e47d049134786d56b75378","Чехол для датчика визиографа Premium Medium","true","true","","","","https://a4d.kz/content/chehol-dlya-datchika-viziografa-premium-medium","P0_COMMERCIAL","NEEDS_OFFICIAL_EVIDENCE","Официальная страница бренда, каталог производителя или подтверждённый прайс с артикулом"
"public-e5a93bac1cb692ce3dbc970d","Чеxлы для надкусочного блока панорамного рентген аппарата","true","true","","","","https://a4d.kz/content/chexly-dlya-nadkusochnogo-bloka-panoramnogo-rentgen-apparata","P0_COMMERCIAL","NEEDS_OFFICIAL_EVIDENCE","Официальная страница бренда, каталог производителя или подтверждённый прайс с артикулом"
"public-a876ad178289d68bedfc20f4","Чистея Плюс","true","false","","Чистея","","https://nordstom.kz/","P0_COMMERCIAL","NEEDS_OFFICIAL_EVIDENCE","Официальная страница бренда, каталог производителя или подтверждённый прайс с артикулом"
"public-11450b1986cb8185ce3fbf51","Шелк -3/0, 4/0 стерильный нерассасывающийся шовный материал с иглой","true","true","","","","https://a4d.kz/content/shelk-30-40-sterilnyy-nerassasyvayushchiysya-shovnyy-material-s-igloy","P0_COMMERCIAL","NEEDS_OFFICIAL_EVIDENCE","Официальная страница бренда, каталог производителя или подтверждённый прайс с артикулом"
"public-b871fde3c62256d2722e1ba7","Шланг 4-х канальный","true","true","","","","https://a4d.kz/content/shlang-4-h-kanalnyy","P0_COMMERCIAL","NEEDS_OFFICIAL_EVIDENCE","Официальная страница бренда, каталог производителя или подтверждённый прайс с артикулом"
"public-78ab55764180f00588f5841b","Шланг 6-х канальный Германия","true","true","","","","https://a4d.kz/content/shlang-6-h-kanalnyy-germaniya","P0_COMMERCIAL","NEEDS_OFFICIAL_EVIDENCE","Официальная страница бренда, каталог производителя или подтверждённый прайс с артикулом"
"public-1695ce43df059c4682c82854","Шлем -очки+ 10 экранов синий,белый, розовый","true","true","","","","https://a4d.kz/content/shlem-ochki-10-ekranov-siniybelyy-rozovyy","P0_COMMERCIAL","NEEDS_OFFICIAL_EVIDENCE","Официальная страница бренда, каталог производителя или подтверждённый прайс с артикулом"
"public-83e431a8777edd97a45ab07f","Шлем защитный + 1 экран","true","true","","","","https://a4d.kz/content/shlem-zashchitnyy-1-ekran","P0_COMMERCIAL","NEEDS_OFFICIAL_EVIDENCE","Официальная страница бренда, каталог производителя или подтверждённый прайс с артикулом"
"public-48f11e269270a0f1c508b218","Шлем защитный + 10 экранов","true","true","","","","https://a4d.kz/content/shlem-zashchitnyy-10-ekranov","P0_COMMERCIAL","NEEDS_OFFICIAL_EVIDENCE","Официальная страница бренда, каталог производителя или подтверждённый прайс с артикулом"
"public-c66dad99f881091044f17f70","Шлем защитный Premium+ 3 плотных экрана","true","true","","","","https://a4d.kz/content/shlem-zashchitnyy-premium-3-plotnyh-ekrana","P0_COMMERCIAL","NEEDS_OFFICIAL_EVIDENCE","Официальная страница бренда, каталог производителя или подтверждённый прайс с артикулом"
"public-f4cceb263830ae95b6e407b9","Шлифмотор AX-J4 с полировальным боксом Предназначен для шлифовки и полировки.","true","true","","","","https://a4d.kz/content/shlifmotor-ax-j4-s-polirovalnym-boksom-prednaznachen-dlya-shlifovki-i-polirovki","P0_COMMERCIAL","NEEDS_OFFICIAL_EVIDENCE","Официальная страница бренда, каталог производителя или подтверждённый прайс с артикулом"
"public-271a36abf66ab171e5651e25","Шлифовальный станок AX-J1 для полировки отливок","true","true","","","","https://a4d.kz/content/shlifovalnyy-stanok-ax-j1-dlya-polirovki-otlivok","P0_COMMERCIAL","NEEDS_OFFICIAL_EVIDENCE","Официальная страница бренда, каталог производителя или подтверждённый прайс с артикулом"
"public-deb432b5bf4eeeddbd71db66","Шпател 43 47XSI","true","true","","","","https://amdgroup.kz/catalog/restavratsiya/shpatel_43_47xsi/","P0_COMMERCIAL","NEEDS_OFFICIAL_EVIDENCE","Официальная страница бренда, каталог производителя или подтверждённый прайс с артикулом"
"public-8b39761044c71e558063068e","Шпател 446 447XSI","true","true","","","","https://amdgroup.kz/catalog/restavratsiya/shpatel_446_447xsi/","P0_COMMERCIAL","NEEDS_OFFICIAL_EVIDENCE","Официальная страница бренда, каталог производителя или подтверждённый прайс с артикулом"
"public-c87980e4ebb615f7ab454e68","Шпатель для замешивания","true","true","","","","https://a4d.kz/content/shpatel-dlya-zameshivaniya","P0_COMMERCIAL","NEEDS_OFFICIAL_EVIDENCE","Официальная страница бренда, каталог производителя или подтверждённый прайс с артикулом"
"public-98bd9f35ece88f2e0740cdc8","Шпатель для цемента","true","true","","","","https://a4d.kz/content/shpatel-dlya-cementa","P0_COMMERCIAL","NEEDS_OFFICIAL_EVIDENCE","Официальная страница бренда, каталог производителя или подтверждённый прайс с артикулом"
"public-5ab1f3842d252b229979eb08","Шпатель для цемента, ""Дента-М""","true","true","","","","https://medstom.kz/catalog","P0_COMMERCIAL","NEEDS_OFFICIAL_EVIDENCE","Официальная страница бренда, каталог производителя или подтверждённый прайс с артикулом"
"public-727783e098bce8d94fee2149","Шприц для внесения костного материала Bone meal filler (Англия)","true","true","","","","https://a4d.kz/content/shpric-dlya-vneseniya-kostnogo-materiala-bone-meal-filler-angliya","P0_COMMERCIAL","NEEDS_OFFICIAL_EVIDENCE","Официальная страница бренда, каталог производителя или подтверждённый прайс с артикулом"
"public-3858e331f451cae350fd30f0","Шприц для промывания корневого канала без иглы","true","true","","","","https://a4d.kz/content/shpric-dlya-promyvaniya-kornevogo-kanala-bez-igly","P0_COMMERCIAL","NEEDS_OFFICIAL_EVIDENCE","Официальная страница бренда, каталог производителя или подтверждённый прайс с артикулом"
"public-93f312b77e6193213d2b415c","Шприц карпульный","true","true","","","","https://a4d.kz/content/shpric-karpulnyy","P0_COMMERCIAL","NEEDS_OFFICIAL_EVIDENCE","Официальная страница бренда, каталог производителя или подтверждённый прайс с артикулом"
"public-2342bd06b71fabcc4027b3e9","Шприц с носиком","true","true","","","","https://a4d.kz/content/shpric-s-nosikom","P0_COMMERCIAL","NEEDS_OFFICIAL_EVIDENCE","Официальная страница бренда, каталог производителя или подтверждённый прайс с артикулом"
"public-fd6e7fedd0ed5fa5baea1597","Штангенциркуль, цифровой микрометр","true","true","","","","https://a4d.kz/content/shtangencirkul-cifrovoy-mikrometr","P0_COMMERCIAL","NEEDS_OFFICIAL_EVIDENCE","Официальная страница бренда, каталог производителя или подтверждённый прайс с артикулом"
"public-9add2f6ce47de1d3a4dd7a61","Штифт титановый ФОРМА 108L №3 (25 шт.)","true","true","","","F-108L","https://medstom.kz/catalog","P0_COMMERCIAL","NEEDS_OFFICIAL_EVIDENCE","Официальная страница бренда, каталог производителя или подтверждённый прайс с артикулом"
"public-31f02e32f1d81650c0aeb407","Штифты анкерные (Размеры: 51, S3, L2, L3, L4)","true","true","","","ANK-SH","https://medstom.kz/catalog","P0_COMMERCIAL","NEEDS_OFFICIAL_EVIDENCE","Официальная страница бренда, каталог производителя или подтверждённый прайс с артикулом"
"public-f52769bf204d666770ca5e13","Штифты анкерные (TITAN/GOLD/METAL) 240 шт. (ассорти)","true","true","","","TITAN-ANK","https://medstom.kz/catalog","P0_COMMERCIAL","NEEDS_OFFICIAL_EVIDENCE","Официальная страница бренда, каталог производителя или подтверждённый прайс с артикулом"
"public-1d8ec2721a1a033e1adc3992","Штифты стекловолоконные 200 шт","true","true","","","","https://a4d.kz/content/shtifty-steklovolokonnye-200-sht","P0_COMMERCIAL","NEEDS_OFFICIAL_EVIDENCE","Официальная страница бренда, каталог производителя или подтверждённый прайс с артикулом"
"public-26d283377a6d335005832cc4","Штифты стекловолоконные набор","true","true","","","","https://a4d.kz/content/shtifty-steklovolokonnye-nabor","P0_COMMERCIAL","NEEDS_OFFICIAL_EVIDENCE","Официальная страница бренда, каталог производителя или подтверждённый прайс с артикулом"
"public-9caaebf5740f8a3b6cff14b3","Штифты стекловолоконные Тип 1 1,0,1,2,1,4,1,6,1,8","true","true","","","","https://a4d.kz/content/shtifty-steklovolokonnye-tip-1-1012141618","P0_COMMERCIAL","NEEDS_OFFICIAL_EVIDENCE","Официальная страница бренда, каталог производителя или подтверждённый прайс с артикулом"
"public-6c223abf78b3a46de81d33ab","Штифты Link Pins внутриканальные, парапульпарные штифты,","true","true","","","","https://a4d.kz/content/shtifty-link-pins-vnutrikanalnye-parapulparnye-shtifty-0","P0_COMMERCIAL","NEEDS_OFFICIAL_EVIDENCE","Официальная страница бренда, каталог производителя или подтверждённый прайс с артикулом"
"public-4253c4663abd4ee880db7be4","Штопфер гладилка 29H 30HXSI","true","true","","","","https://amdgroup.kz/catalog/restavratsiya/shtopfer_gladilka_29h_30hxsi/","P0_COMMERCIAL","NEEDS_OFFICIAL_EVIDENCE","Официальная страница бренда, каталог производителя или подтверждённый прайс с артикулом"
"public-88b07b8c609e0c1f32685173","Штопфер гладилка 30H 34XSI","true","true","","","","https://amdgroup.kz/catalog/restavratsiya/shtopfer_gladilka_30h_34xsi/","P0_COMMERCIAL","NEEDS_OFFICIAL_EVIDENCE","Официальная страница бренда, каталог производителя или подтверждённый прайс с артикулом"
"public-833e9334b5267e8c66173c2f","Штопфер гладилка 31 32DDES","true","true","","","","https://amdgroup.kz/catalog/restavratsiya/shtopfer_gladilka_31_32ddes/","P0_COMMERCIAL","NEEDS_OFFICIAL_EVIDENCE","Официальная страница бренда, каталог производителя или подтверждённый прайс с артикулом"
"public-96e1c01ccec2d46bfcbc9b66","Штопфер гладилка 31 32XSI","true","true","","","","https://amdgroup.kz/catalog/restavratsiya/shtopfer_gladilka_31_32xsi/","P0_COMMERCIAL","NEEDS_OFFICIAL_EVIDENCE","Официальная страница бренда, каталог производителя или подтверждённый прайс с артикулом"
"public-659e2b9bdf2cb6b92351d433","Штопфер гладилка 330 331XSI","true","true","","","","https://amdgroup.kz/catalog/restavratsiya/shtopfer_gladilka_330_331xsi/","P0_COMMERCIAL","NEEDS_OFFICIAL_EVIDENCE","Официальная страница бренда, каталог производителя или подтверждённый прайс с артикулом"
"public-50ad32e72807b4bca3e6d157","Штопфер гладилка 330 350XSI","true","true","","","","https://amdgroup.kz/catalog/restavratsiya/shtopfer_gladilka_330_350xsi/","P0_COMMERCIAL","NEEDS_OFFICIAL_EVIDENCE","Официальная страница бренда, каталог производителя или подтверждённый прайс с артикулом"
"public-a20feb69f04b656b3ba16211","Штопфер гладилка 340 360XSI","true","true","","","","https://amdgroup.kz/catalog/restavratsiya/shtopfer_gladilka_340_360xsi/","P0_COMMERCIAL","NEEDS_OFFICIAL_EVIDENCE","Официальная страница бренда, каталог производителя или подтверждённый прайс с артикулом"
"public-e7df61c625c0190ffd45ad5e","Штопфер гладилка 354 355XSI","true","true","","","","https://amdgroup.kz/catalog/restavratsiya/shtopfer_gladilka_354_355xsi/","P0_COMMERCIAL","NEEDS_OFFICIAL_EVIDENCE","Официальная страница бренда, каталог производителя или подтверждённый прайс с артикулом"
"public-e629671203f1c5bbe9f77700","Штопфер-гладилка №1/№2/№3","true","true","","","","https://a4d.kz/content/shtopfer-gladilka-no1no2no3","P0_COMMERCIAL","NEEDS_OFFICIAL_EVIDENCE","Официальная страница бренда, каталог производителя или подтверждённый прайс с артикулом"
"public-d744a549f8f57c6714619bb7","Штрипсы полистироловые Microdont","true","true","","","","https://a4d.kz/content/shtripsy-polistirolovye-microdont","P0_COMMERCIAL","NEEDS_OFFICIAL_EVIDENCE","Официальная страница бренда, каталог производителя или подтверждённый прайс с артикулом"
"public-f109c08026bebda06285f7cb","Щетка","true","true","","","","https://a4d.kz/content/shchetka-2","P0_COMMERCIAL","NEEDS_OFFICIAL_EVIDENCE","Официальная страница бренда, каталог производителя или подтверждённый прайс с артикулом"
"public-a7e8e65c76f3e9650d93812c","Щетка козья","true","true","","","","https://a4d.kz/content/shchetka-kozya-0","P0_COMMERCIAL","NEEDS_OFFICIAL_EVIDENCE","Официальная страница бренда, каталог производителя или подтверждённый прайс с артикулом"
"public-729f0e31928936ff29b4cf3f","Щетки","true","true","","","","https://a4d.kz/content/shchetki","P0_COMMERCIAL","NEEDS_OFFICIAL_EVIDENCE","Официальная страница бренда, каталог производителя или подтверждённый прайс с артикулом"
"public-c47e69147a5f2417eb0dbe56","Щетки для чистки инструментов,","true","true","","","","https://a4d.kz/content/shchetki-dlya-chistki-instrumentov","P0_COMMERCIAL","NEEDS_OFFICIAL_EVIDENCE","Официальная страница бренда, каталог производителя или подтверждённый прайс с артикулом"
"public-4269d534986a5f6e3f0eed18","Щетки для чистки инструментов, боров,фрез","true","true","","","","https://a4d.kz/content/shchetki-dlya-chistki-instrumentov-borovfrez","P0_COMMERCIAL","NEEDS_OFFICIAL_EVIDENCE","Официальная страница бренда, каталог производителя или подтверждённый прайс с артикулом"
"public-886f01a8a64b84f8d2c8fb44","Щетки терапевтические ассорти","true","true","","","","https://a4d.kz/content/shchetki-terapevticheskie-assorti-3","P0_COMMERCIAL","NEEDS_OFFICIAL_EVIDENCE","Официальная страница бренда, каталог производителя или подтверждённый прайс с артикулом"
"public-3edad84d614f3cc7a3756291","Щеточка для чистки зубных протезов","true","true","","","","https://a4d.kz/content/shchetochka-dlya-chistki-zubnyh-protezov","P0_COMMERCIAL","NEEDS_OFFICIAL_EVIDENCE","Официальная страница бренда, каталог производителя или подтверждённый прайс с артикулом"
"public-35cd31e7d8c3923d9c0e0835","Щечный ретрактор (детский)","true","true","","","","https://a4d.kz/content/shchechnyy-retraktor-detskiy","P0_COMMERCIAL","NEEDS_OFFICIAL_EVIDENCE","Официальная страница бренда, каталог производителя или подтверждённый прайс с артикулом"
"public-466befa9bbc7931a40bf1f53","Щечный ретрактор взрослый","true","true","","","","https://a4d.kz/content/shchechnyy-retraktor-vzroslyy-0","P0_COMMERCIAL","NEEDS_OFFICIAL_EVIDENCE","Официальная страница бренда, каталог производителя или подтверждённый прайс с артикулом"
"public-92cad586bc9c2559be90c62f","Щечный ретрактор малый","true","true","","","","https://a4d.kz/content/shchechnyy-retraktor-malyy","P0_COMMERCIAL","NEEDS_OFFICIAL_EVIDENCE","Официальная страница бренда, каталог производителя или подтверждённый прайс с артикулом"
"public-910774aedd80ea98c9fd08b3","Щечный ретрактор подростковый","true","true","","","","https://a4d.kz/content/shchechnyy-retraktor-podrostkovyy-0","P0_COMMERCIAL","NEEDS_OFFICIAL_EVIDENCE","Официальная страница бренда, каталог производителя или подтверждённый прайс с артикулом"
"public-2d6f3a7d707f504f7f492dc4","Щипцы Адамса для формирования изгибов на дуге","true","true","","","","https://a4d.kz/content/shchipcy-adamsa-dlya-formirovaniya-izgibov-na-duge","P0_COMMERCIAL","NEEDS_OFFICIAL_EVIDENCE","Официальная страница бренда, каталог производителя или подтверждённый прайс с артикулом"
"public-f4ba8d7502ee74464ff7a515","Щипцы Вайнгард для захвата проволоки при ее введении/ выведении из полости рта (Пакистан)","true","true","","","","https://a4d.kz/content/shchipcy-vayngard-dlya-zahvata-provoloki-pri-ee-vvedenii-vyvedenii-iz-polosti-rta-pakistan","P0_COMMERCIAL","NEEDS_OFFICIAL_EVIDENCE","Официальная страница бренда, каталог производителя или подтверждённый прайс с артикулом"
"public-766fad7be7aa50f09d893227","Щипцы для изгибания дуг End bending pliers Пакистан","true","true","","","","https://a4d.kz/content/shchipcy-dlya-izgibaniya-dug-end-bending-pliers-pakistan","P0_COMMERCIAL","NEEDS_OFFICIAL_EVIDENCE","Официальная страница бренда, каталог производителя или подтверждённый прайс с артикулом"
"public-4b7216faa375bb9472a9ce22","Щипцы для изгибания проволоки Free hook traction pliers Пакистан","true","true","","","","https://a4d.kz/content/shchipcy-dlya-izgibaniya-provoloki-free-hook-traction-pliers-pakistan","P0_COMMERCIAL","NEEDS_OFFICIAL_EVIDENCE","Официальная страница бренда, каталог производителя или подтверждённый прайс с артикулом"
"public-d8167cb5c7f2998349705612","Щипцы для раздвигания краёв коронки Crown breaker (Англия)","true","true","","","","https://a4d.kz/content/shchipcy-dlya-razdviganiya-krayov-koronki-crown-breaker-angliya-0","P0_COMMERCIAL","NEEDS_OFFICIAL_EVIDENCE","Официальная страница бренда, каталог производителя или подтверждённый прайс с артикулом"
"public-ba6e690c994458a98d29305d","Щипцы для снятия брекетов","true","true","","","","https://a4d.kz/content/shchipcy-dlya-snyatiya-breketov","P0_COMMERCIAL","NEEDS_OFFICIAL_EVIDENCE","Официальная страница бренда, каталог производителя или подтверждённый прайс с артикулом"
"public-a2c90a54d0c9bc5f99988786","Щипцы для снятия клея Пакистан","true","true","","","","https://a4d.kz/content/shchipcy-dlya-snyatiya-kleya-pakistan","P0_COMMERCIAL","NEEDS_OFFICIAL_EVIDENCE","Официальная страница бренда, каталог производителя или подтверждённый прайс с артикулом"
"public-40d1b4d870178353716dc6d9","Щипцы для снятия колец (Пакистан)","true","true","","","","https://a4d.kz/content/shchipcy-dlya-snyatiya-kolec-pakistan","P0_COMMERCIAL","NEEDS_OFFICIAL_EVIDENCE","Официальная страница бренда, каталог производителя или подтверждённый прайс с артикулом"
"public-f018523df671a4194d84ab10","Щипцы для удаления зубов AGILE ( в ассортименте )","true","true","","","","https://medstom.kz/catalog","P0_COMMERCIAL","NEEDS_OFFICIAL_EVIDENCE","Официальная страница бренда, каталог производителя или подтверждённый прайс с артикулом"
"public-7673c959462e17c03b6f825f","Щипцы для установки пружинных держателей колец 1,099-1","true","true","","","","https://a4d.kz/content/shchipcy-dlya-ustanovki-pruzhinnyh-derzhateley-kolec-1099-1-0","P0_COMMERCIAL","NEEDS_OFFICIAL_EVIDENCE","Официальная страница бренда, каталог производителя или подтверждённый прайс с артикулом"
"public-00348b039d9454d432952fc2","Щипцы Кима для изгиба проволоки и формирования петель Пакистан","true","true","","","","https://a4d.kz/content/shchipcy-kima-dlya-izgiba-provoloki-i-formirovaniya-petel-pakistan","P0_COMMERCIAL","NEEDS_OFFICIAL_EVIDENCE","Официальная страница бренда, каталог производителя или подтверждённый прайс с артикулом"
"public-ee3ee4943e6ab6a09ec19671","Щипцы ортодонтические","true","true","","","","https://a4d.kz/content/shchipcy-ortodonticheskie","P0_COMMERCIAL","NEEDS_OFFICIAL_EVIDENCE","Официальная страница бренда, каталог производителя или подтверждённый прайс с артикулом"
"public-af6f825f874033b4ddc976fb","Щипцы с плоским носиком для работы с проволокой","true","true","","","","https://a4d.kz/content/shchipcy-s-ploskim-nosikom-dlya-raboty-s-provolokoy","P0_COMMERCIAL","NEEDS_OFFICIAL_EVIDENCE","Официальная страница бренда, каталог производителя или подтверждённый прайс с артикулом"
"public-1abd60374c9d848a1bdd5160","Щипцы универсальные для работы с дугами и стальными лигатурами в полости рта. (Пакистан)","true","true","","","","https://a4d.kz/content/shchipcy-universalnye-dlya-raboty-s-dugami-i-stalnymi-ligaturami-v-polosti-rta-pakistan","P0_COMMERCIAL","NEEDS_OFFICIAL_EVIDENCE","Официальная страница бренда, каталог производителя или подтверждённый прайс с артикулом"
"public-517f81ae839ddafbcc2cdb46","Щипцы установочные 3,991","true","true","","","","https://a4d.kz/content/shchipcy-ustanovochnye-3991","P0_COMMERCIAL","NEEDS_OFFICIAL_EVIDENCE","Официальная страница бренда, каталог производителя или подтверждённый прайс с артикулом"
"public-8eed36868d01b71124a93995","Щипцы установочные 3,993","true","true","","","","https://a4d.kz/content/shchipcy-ustanovochnye-3993","P0_COMMERCIAL","NEEDS_OFFICIAL_EVIDENCE","Официальная страница бренда, каталог производителя или подтверждённый прайс с артикулом"
"public-1517c8a45e09b34a02031e83","Щипцы хирургические","true","true","","","","https://a4d.kz/content/shchipcy-hirurgicheskie","P0_COMMERCIAL","NEEDS_OFFICIAL_EVIDENCE","Официальная страница бренда, каталог производителя или подтверждённый прайс с артикулом"
"public-da8dc1580cf2bad2346bff6a","Щипцы Nance для формирования петли (Пакистан)","true","true","","","","https://a4d.kz/content/shchipcy-nance-dlya-formirovaniya-petli-pakistan","P0_COMMERCIAL","NEEDS_OFFICIAL_EVIDENCE","Официальная страница бренда, каталог производителя или подтверждённый прайс с артикулом"
"public-ea81dc08dca8bb36b7e3471c","Щипцы Torque для проволоки прямоугольного сечения (Пакистан)","true","true","","","","https://a4d.kz/content/shchipcy-torque-dlya-provoloki-pryamougolnogo-secheniya-pakistan","P0_COMMERCIAL","NEEDS_OFFICIAL_EVIDENCE","Официальная страница бренда, каталог производителя или подтверждённый прайс с артикулом"
"public-1e08f71fc468d3aabd7fdc06","Щипцы-кусачки используются для изгибания, откусывания или удержания проволоки (Пакистан)","true","true","","","","https://a4d.kz/content/shchipcy-kusachki-ispolzuyutsya-dlya-izgibaniya-otkusyvaniya-ili-uderzhaniya-provoloki-0","P0_COMMERCIAL","NEEDS_OFFICIAL_EVIDENCE","Официальная страница бренда, каталог производителя или подтверждённый прайс с артикулом"
"public-b413511ea0aa725c8d9c37f7","Щипцы-пробойник","true","true","","","","https://a4d.kz/content/shchipcy-proboynik","P0_COMMERCIAL","NEEDS_OFFICIAL_EVIDENCE","Официальная страница бренда, каталог производителя или подтверждённый прайс с артикулом"
"public-eee2156593dc66bb6e3490bc","Эвакуаторы слюноотсосыдля бесконтактного удаления жидкостей","true","true","","","","https://a4d.kz/content/evakuatory-slyunootsosydlya-beskontaktnogo-udaleniya-zhidkostey","P0_COMMERCIAL","NEEDS_OFFICIAL_EVIDENCE","Официальная страница бренда, каталог производителя или подтверждённый прайс с артикулом"
"public-16271d462a0c2388cee992fd","Эйр фло аппарат","true","true","","","","https://a4d.kz/content/eyr-flo-apparat","P0_COMMERCIAL","NEEDS_OFFICIAL_EVIDENCE","Официальная страница бренда, каталог производителя или подтверждённый прайс с артикулом"
"public-abb8adddaf1b77956aec85e4","Эйр фло наконечник Air Jet 1S пескоструйный аппарат","true","true","","","","https://a4d.kz/content/eyr-flo-nakonechnik-air-jet-1s-peskostruynyy-apparat","P0_COMMERCIAL","NEEDS_OFFICIAL_EVIDENCE","Официальная страница бренда, каталог производителя или подтверждённый прайс с артикулом"
"public-c13f94ed1126a94f0eaf9f6a","Эйр фло наконечник Coxo","false","true","COXO","","","https://a4d.kz/content/eyr-flo-nakonechnik-coxo","P0_COMMERCIAL","NEEDS_OFFICIAL_EVIDENCE","Официальная страница бренда, каталог производителя или подтверждённый прайс с артикулом"
"public-7fc56f8aa85067ce5b4ebed6","Эйр фло наконечник COXO New","false","true","COXO","","","https://a4d.kz/content/eyr-flo-nakonechnik-coxo-new","P0_COMMERCIAL","NEEDS_OFFICIAL_EVIDENCE","Официальная страница бренда, каталог производителя или подтверждённый прайс с артикулом"
"public-21dbf1f177092d086aada586","Эйр фло порошок 3 вкуса клубника, ментол, лемон","true","true","","","","https://a4d.kz/content/eyr-flo-poroshok-3-vkusa-klubnika-mentol-lemon","P0_COMMERCIAL","NEEDS_OFFICIAL_EVIDENCE","Официальная страница бренда, каталог производителя или подтверждённый прайс с артикулом"
"public-f08e993cba9cafd7cb53c2ea","Экскаватор №1/№2/№3","true","true","","","","https://a4d.kz/content/ekskavator-no1no2no3","P0_COMMERCIAL","NEEDS_OFFICIAL_EVIDENCE","Официальная страница бренда, каталог производителя или подтверждённый прайс с артикулом"
"public-10292ffc23fd8289c638c3f3","Эластичная лигатура ассорти","true","true","","","","https://a4d.kz/content/elastichnaya-ligatura-assorti","P0_COMMERCIAL","NEEDS_OFFICIAL_EVIDENCE","Официальная страница бренда, каталог производителя или подтверждённый прайс с артикулом"
"public-f2283137a31e65e421bdda98","Эластичная лигатура на выбор 20 цветов или ассорти","true","true","","","","https://a4d.kz/content/elastichnaya-ligatura-na-vybor-20-cvetov-ili-assorti","P0_COMMERCIAL","NEEDS_OFFICIAL_EVIDENCE","Официальная страница бренда, каталог производителя или подтверждённый прайс с артикулом"
"public-493dc4d2afc297a5a098879a","Эластичная лигатура на выбор 20 цветов или ассорти большие кольца","true","true","","","","https://a4d.kz/content/elastichnaya-ligatura-na-vybor-20-cvetov-ili-assorti-bolshie-kolca","P0_COMMERCIAL","NEEDS_OFFICIAL_EVIDENCE","Официальная страница бренда, каталог производителя или подтверждённый прайс с артикулом"
"public-73aecda6604187658fb80527","Эластичная лигатура прозрачная","true","true","","","","https://a4d.kz/content/elastichnaya-ligatura-prozrachnaya","P0_COMMERCIAL","NEEDS_OFFICIAL_EVIDENCE","Официальная страница бренда, каталог производителя или подтверждённый прайс с артикулом"
"public-c0ca7368e7a2a7f760a2e40f","Эластичная лигатура серая","true","true","","","","https://a4d.kz/content/elastichnaya-ligatura-seraya","P0_COMMERCIAL","NEEDS_OFFICIAL_EVIDENCE","Официальная страница бренда, каталог производителя или подтверждённый прайс с артикулом"
"public-3fb50f4d2d2e91053dc1be47","Эластичная трубка Archwire Sleeve","true","true","","","","https://a4d.kz/content/elastichnaya-trubka-archwire-sleeve","P0_COMMERCIAL","NEEDS_OFFICIAL_EVIDENCE","Официальная страница бренда, каталог производителя или подтверждённый прайс с артикулом"
"public-e0b4e7f9c06f1384f745608e","Эластичные аппликаторы","true","true","","","","https://a4d.kz/content/elastichnye-applikatory","P0_COMMERCIAL","NEEDS_OFFICIAL_EVIDENCE","Официальная страница бренда, каталог производителя или подтверждённый прайс с артикулом"
"public-41b56349e50640461c3162f6","Эластофор (нелатексный) (длинный/средний/короткий)","true","true","","","ELASTOFOR","https://medstom.kz/catalog","P0_COMMERCIAL","NEEDS_OFFICIAL_EVIDENCE","Официальная страница бренда, каталог производителя или подтверждённый прайс с артикулом"
"public-70ab560046c0ef02c93d4c60","Эластофорс Power Chain прозрачный continue, short,long, closed","true","true","","","","https://a4d.kz/content/elastofors-power-chain-prozrachnyy-continue-shortlong-closed","P0_COMMERCIAL","NEEDS_OFFICIAL_EVIDENCE","Официальная страница бренда, каталог производителя или подтверждённый прайс с артикулом"
"public-7200012f80aea4d7638611b5","Эластофорс Power Chain разные цвета continue, short,long, closed","true","true","","","","https://a4d.kz/content/elastofors-power-chain-raznye-cveta-continue-shortlong-closed","P0_COMMERCIAL","NEEDS_OFFICIAL_EVIDENCE","Официальная страница бренда, каталог производителя или подтверждённый прайс с артикулом"
"public-d3bafd344e1364ec831dd44c","Элеватор AGI-02-149 №720/3 или Элеватор AGI-02-148 №720/2","true","true","","","","https://medstom.kz/catalog","P0_COMMERCIAL","NEEDS_OFFICIAL_EVIDENCE","Официальная страница бренда, каталог производителя или подтверждённый прайс с артикулом"
"public-f2294666c486be28fa3296b9","Электрический мотор","true","true","","","","https://a4d.kz/content/elektricheskiy-motor","P0_COMMERCIAL","NEEDS_OFFICIAL_EVIDENCE","Официальная страница бренда, каталог производителя или подтверждённый прайс с артикулом"
"public-9c13dca59ed383369f64fdec","Электрический мотор с наконечником 1:5","true","true","","","","https://a4d.kz/content/elektricheskiy-motor-s-nakonechnikom-15","P0_COMMERCIAL","NEEDS_OFFICIAL_EVIDENCE","Официальная страница бренда, каталог производителя или подтверждённый прайс с артикулом"
"public-c48e3d56699eeeaeaec16a5f","Электролитический полировщик AX-D2 для полировки деталей из хромированной и нержавеющей стали.","true","true","","","","https://a4d.kz/content/elektroliticheskiy-polirovshchik-ax-d2-dlya-polirovki-detaley-iz-hromirovannoy-i","P0_COMMERCIAL","NEEDS_OFFICIAL_EVIDENCE","Официальная страница бренда, каталог производителя или подтверждённый прайс с артикулом"
"public-80d3b435f6fa057f506c19de","Электромотор C-Puma","true","true","","","","https://a4d.kz/content/elektromotor-c-puma","P0_COMMERCIAL","NEEDS_OFFICIAL_EVIDENCE","Официальная страница бренда, каталог производителя или подтверждённый прайс с артикулом"
"public-01d0b30168c0a145c5b16cf8","Электромотор C-Puma встраиваемый в установку без наконечника","true","true","","","","https://a4d.kz/content/elektromotor-c-puma-vstraivaemyy-v-ustanovku-bez-nakonechnika","P0_COMMERCIAL","NEEDS_OFFICIAL_EVIDENCE","Официальная страница бренда, каталог производителя или подтверждённый прайс с артикулом"
"public-0c52ddd699beb50cd986af78","Электронная анестезия","true","true","","","","https://medstom.kz/catalog","P0_COMMERCIAL","NEEDS_OFFICIAL_EVIDENCE","Официальная страница бренда, каталог производителя или подтверждённый прайс с артикулом"
"public-2effd2f67dab4af3165da7ca","Электрошпатель","true","true","","","","https://a4d.kz/content/elektroshpatel","P0_COMMERCIAL","NEEDS_OFFICIAL_EVIDENCE","Официальная страница бренда, каталог производителя или подтверждённый прайс с артикулом"
"public-37d43f01f6ceb0d98bc28dcb","Эндо губка","true","true","","","ENDO-G","https://medstom.kz/catalog","P0_COMMERCIAL","NEEDS_OFFICIAL_EVIDENCE","Официальная страница бренда, каталог производителя или подтверждённый прайс с артикулом"
"public-f9936bc8c953f83afed0c48f","Эндо часы держатель и чистка файлов на руке","true","true","","","","https://a4d.kz/content/endo-chasy-derzhatel-i-chistka-faylov-na-ruke","P0_COMMERCIAL","NEEDS_OFFICIAL_EVIDENCE","Официальная страница бренда, каталог производителя или подтверждённый прайс с артикулом"
"public-40019f358a480dd064f8d8c1","Эндо-бор","true","true","","","","https://a4d.kz/content/endo-bor-0","P0_COMMERCIAL","NEEDS_OFFICIAL_EVIDENCE","Официальная страница бренда, каталог производителя или подтверждённый прайс с артикулом"
"public-8bf7eb4a21e5b622fdaafc7f","Эндоактиватор CICADA CV-EA","false","true","CICADA","","","https://medstom.kz/catalog","P0_COMMERCIAL","NEEDS_OFFICIAL_EVIDENCE","Официальная страница бренда, каталог производителя или подтверждённый прайс с артикулом"
"public-e4cd715d0dbc7b59aa7ba229","Эндоаспиратор","true","true","","","","https://a4d.kz/content/endoaspirator","P0_COMMERCIAL","NEEDS_OFFICIAL_EVIDENCE","Официальная страница бренда, каталог производителя или подтверждённый прайс с артикулом"
"public-05aebbe28969dae447719367","Эндоблок с эндолинейкой","true","true","","","","https://a4d.kz/content/endoblok-s-endolineykoy","P0_COMMERCIAL","NEEDS_OFFICIAL_EVIDENCE","Официальная страница бренда, каталог производителя или подтверждённый прайс с артикулом"
"public-d98c6faf18552d2e552d4d77","Эндоблок с эндолинейкой Premium","true","true","","","","https://a4d.kz/content/endoblok-s-endolineykoy-premium","P0_COMMERCIAL","NEEDS_OFFICIAL_EVIDENCE","Официальная страница бренда, каталог производителя или подтверждённый прайс с артикулом"
"public-0b36c692b24a06b1eaeed860","Эндобокс","true","true","","","","https://a4d.kz/content/endoboks-1","P0_COMMERCIAL","NEEDS_OFFICIAL_EVIDENCE","Официальная страница бренда, каталог производителя или подтверждённый прайс с артикулом"
"public-aa6ae749e2fce92aa97c9546","Эндобокс 2х-секционный для файлов,штифтов, боров","true","true","","","","https://a4d.kz/content/endoboks-2h-sekcionnyy-dlya-faylovshtiftov-borov","P0_COMMERCIAL","NEEDS_OFFICIAL_EVIDENCE","Официальная страница бренда, каталог производителя или подтверждённый прайс с артикулом"
"public-480df89644aeb3b93e7140f5","Эндобокс 2х-секционный для файлов,штифтов, гутаперчи,боров","true","true","","","","https://a4d.kz/content/endoboks-2h-sekcionnyy-dlya-faylovshtiftov-gutaperchiborov","P0_COMMERCIAL","NEEDS_OFFICIAL_EVIDENCE","Официальная страница бренда, каталог производителя или подтверждённый прайс с артикулом"
"public-fb1dd4f91ac384e29fc91b2c","Эндобокс для гутаперчи","true","true","","","","https://a4d.kz/content/endoboks-dlya-gutaperchi","P0_COMMERCIAL","NEEDS_OFFICIAL_EVIDENCE","Официальная страница бренда, каталог производителя или подтверждённый прайс с артикулом"
"public-db0c6f4ef95b237e3f20fec1","Эндобокс для гуттаперчи","true","true","","","","https://a4d.kz/content/endoboks-dlya-guttaperchi","P0_COMMERCIAL","NEEDS_OFFICIAL_EVIDENCE","Официальная страница бренда, каталог производителя или подтверждённый прайс с артикулом"
"public-dd3ee60bf21c2338fa6097d9","Эндобокс для файлов и гуттаперчи","true","true","","","","https://a4d.kz/content/endoboks-dlya-faylov-i-guttaperchi-0","P0_COMMERCIAL","NEEDS_OFFICIAL_EVIDENCE","Официальная страница бренда, каталог производителя или подтверждённый прайс с артикулом"
"public-657f4d50a296c7b91ff59d91","Эндобокс для файлов со счетчиком","true","true","","","","https://a4d.kz/content/endoboks-dlya-faylov-so-schetchikom","P0_COMMERCIAL","NEEDS_OFFICIAL_EVIDENCE","Официальная страница бренда, каталог производителя или подтверждённый прайс с артикулом"
"public-ef96768a27e2a75c4f61a364","Эндобокс для файлов, боров, гуттаперчи","true","true","","","","https://a4d.kz/content/endoboks-dlya-faylov-borov-guttaperchi","P0_COMMERCIAL","NEEDS_OFFICIAL_EVIDENCE","Официальная страница бренда, каталог производителя или подтверждённый прайс с артикулом"
"public-d12c1cb5444cd8aee03fe4e9","Эндобокс для файлов, боров, гуттаперчи+ cleanstand","true","true","","","","https://a4d.kz/content/endoboks-dlya-faylov-borov-guttaperchi-cleanstand","P0_COMMERCIAL","NEEDS_OFFICIAL_EVIDENCE","Официальная страница бренда, каталог производителя или подтверждённый прайс с артикулом"
"public-6867bfeade1db7de3aa58c73","Эндобокс для файлов,штифтов, боров","true","true","","","","https://a4d.kz/content/endoboks-dlya-faylovshtiftov-borov","P0_COMMERCIAL","NEEDS_OFFICIAL_EVIDENCE","Официальная страница бренда, каталог производителя или подтверждённый прайс с артикулом"
"public-55ac84c1739c87282afb1496","Эндодонтические аппликаторыдля дозирования паст, кремов и других препаратов.","true","true","","","","https://a4d.kz/content/endodonticheskie-applikatorydlya-dozirovaniya-past-kremov-i-drugih-preparatov","P0_COMMERCIAL","NEEDS_OFFICIAL_EVIDENCE","Официальная страница бренда, каталог производителя или подтверждённый прайс с артикулом"
"public-4981f8ec3ec5a9ba7807b92a","Эндожи №4 15мл.","true","true","","","ENDOJI","https://medstom.kz/catalog","P0_COMMERCIAL","NEEDS_OFFICIAL_EVIDENCE","Официальная страница бренда, каталог производителя или подтверждённый прайс с артикулом"
"public-729bfe3f32b332fd53adc5e2","Эндоиглы для промыванияканалас одним или двумя отверстиями","true","true","","","","https://a4d.kz/content/endoigly-dlya-promyvaniyakanalas-odnim-ili-dvumya-otverstiyami","P0_COMMERCIAL","NEEDS_OFFICIAL_EVIDENCE","Официальная страница бренда, каталог производителя или подтверждённый прайс с артикулом"
"public-264731ff8ee02696c3503330","Эндокольцо","false","true","IMD","","CKB-195","https://stomir.kz/","P0_COMMERCIAL","NEEDS_OFFICIAL_EVIDENCE","Официальная страница бренда, каталог производителя или подтверждённый прайс с артикулом"
"public-b9314e43bd524463c12467d9","Эндолинейка","true","true","","","","https://a4d.kz/content/endolineyka","P0_COMMERCIAL","NEEDS_OFFICIAL_EVIDENCE","Официальная страница бренда, каталог производителя или подтверждённый прайс с артикулом"
"public-8e06fb61fb6c27971cc2dd3a","Эндолинейка (Линейка от 1 до 30 мм)","true","true","","","ENDO-L","https://medstom.kz/catalog","P0_COMMERCIAL","NEEDS_OFFICIAL_EVIDENCE","Официальная страница бренда, каталог производителя или подтверждённый прайс с артикулом"
"public-c8794399b41a79a48d7e7fde","Эндолинейка Алюминиевая","true","true","","","","https://a4d.kz/content/endolineyka-alyuminievaya","P0_COMMERCIAL","NEEDS_OFFICIAL_EVIDENCE","Официальная страница бренда, каталог производителя или подтверждённый прайс с артикулом"
"public-e27d1cb626a17a9ea2954b65","Эндолинейка Пластиковая","true","true","","","","https://a4d.kz/content/endolineyka-plastikovaya","P0_COMMERCIAL","NEEDS_OFFICIAL_EVIDENCE","Официальная страница бренда, каталог производителя или подтверждённый прайс с артикулом"
"public-a5af70f7e997b78337a3964b","Эндомотор C-smart -I Pilot апекслокатором","true","true","","","","https://a4d.kz/content/endomotor-c-smart-i-pilot-apekslokatorom","P0_COMMERCIAL","NEEDS_OFFICIAL_EVIDENCE","Официальная страница бренда, каталог производителя или подтверждённый прайс с артикулом"
"public-d1394f7265bb419badbe4724","Эндомотор COXO C-SMART MINI AP","false","true","COXO","","","https://medstom.kz/catalog","P0_COMMERCIAL","NEEDS_OFFICIAL_EVIDENCE","Официальная страница бренда, каталог производителя или подтверждённый прайс с артикулом"
"public-db5f7d9d97cbd904c120ca7f","Эндонаперсник с линейкой","true","true","","","","https://a4d.kz/content/endonapersnik-s-lineykoy-1","P0_COMMERCIAL","NEEDS_OFFICIAL_EVIDENCE","Официальная страница бренда, каталог производителя или подтверждённый прайс с артикулом"
"public-833a02de2bcfe089d2415056","Энхансы (диски, чашечки, конусы)","true","true","","","ENHANCE","https://medstom.kz/catalog","P0_COMMERCIAL","NEEDS_OFFICIAL_EVIDENCE","Официальная страница бренда, каталог производителя или подтверждённый прайс с артикулом"
"public-95031f6c6add29aaaacf22ff","Ячейки для замешивания","true","true","","","","https://a4d.kz/content/yacheyki-dlya-zameshivaniya-0","P0_COMMERCIAL","NEEDS_OFFICIAL_EVIDENCE","Официальная страница бренда, каталог производителя или подтверждённый прайс с артикулом"
"public-caa131ce39fd46d0566f0b53","A-08 ультразвуковой скалер.","true","true","","","","https://a4d.kz/content/08-ultrazvukovoy-skaler","P0_COMMERCIAL","NEEDS_OFFICIAL_EVIDENCE","Официальная страница бренда, каталог производителя или подтверждённый прайс с артикулом"
"public-8bae29ccb805df6131744445","Admira 7×4 г шприцы 1","false","true","VOCO","","","https://amdgroup.kz/catalog/plombirovochnye_materialy/admira_7kh4g_shpritsy__1/","P0_COMMERCIAL","NEEDS_OFFICIAL_EVIDENCE","Официальная страница бренда, каталог производителя или подтверждённый прайс с артикулом"
"public-f3f8f15c94a39abcdda160a3","Admira бонд 4,0 мл","false","true","VOCO","","","https://amdgroup.kz/catalog/bondingovye_sistemy/admira_bond_4_0_ml/","P0_COMMERCIAL","NEEDS_OFFICIAL_EVIDENCE","Официальная страница бренда, каталог производителя или подтверждённый прайс с артикулом"
"public-3f5c2a1639d3b13d02b623bb","Air Flow CP-1 (COXO) с одним наконечником","false","true","COXO","","","https://medstom.kz/catalog","P0_COMMERCIAL","NEEDS_OFFICIAL_EVIDENCE","Официальная страница бренда, каталог производителя или подтверждённый прайс с артикулом"
"public-b1ad23df8124dc41df8b490d","Amaris 4 г O1","true","true","","","","https://amdgroup.kz/catalog/plombirovochnye_materialy/amaris_4g_o1/","P0_COMMERCIAL","NEEDS_OFFICIAL_EVIDENCE","Официальная страница бренда, каталог производителя или подтверждённый прайс с артикулом"
"public-0e38239516feecdc4b2ce52c","Amaris 4,0 г O2","true","true","","","","https://amdgroup.kz/catalog/plombirovochnye_materialy/amaris_4_0g_o2/","P0_COMMERCIAL","NEEDS_OFFICIAL_EVIDENCE","Официальная страница бренда, каталог производителя или подтверждённый прайс с артикулом"
"public-99de9ded9213e85d8167ef52","Amaris 4,0 г TL","true","true","","","","https://amdgroup.kz/catalog/plombirovochnye_materialy/amaris_4_0g_tl/","P0_COMMERCIAL","NEEDS_OFFICIAL_EVIDENCE","Официальная страница бренда, каталог производителя или подтверждённый прайс с артикулом"
"public-08348f67c477cf4e81347005","Amaris 4,0 г TN","true","true","","","","https://amdgroup.kz/catalog/plombirovochnye_materialy/amaris_4_0g_tn/","P0_COMMERCIAL","NEEDS_OFFICIAL_EVIDENCE","Официальная страница бренда, каталог производителя или подтверждённый прайс с артикулом"
"public-230122ee2ea59994a8d33858","Amaris 8×4 г набор шприцов","true","true","","","","https://amdgroup.kz/catalog/plombirovochnye_materialy/amaris_8kh4g_nabor_shpritsov/","P0_COMMERCIAL","NEEDS_OFFICIAL_EVIDENCE","Официальная страница бренда, каталог производителя или подтверждённый прайс с артикулом"
"public-dde287d71d89bb72317accaa","Amaris флоу 1×1,8 г NO шприц","true","true","","","","https://amdgroup.kz/catalog/plombirovochnye_materialy/amaris_flou_1kh1_8g_no_shprits/","P0_COMMERCIAL","NEEDS_OFFICIAL_EVIDENCE","Официальная страница бренда, каталог производителя или подтверждённый прайс с артикулом"
"public-4c5697acaa3e33e848e5a91a","Ambria набор для пресс керамики классикал A1 D4","true","true","","","","https://amdgroup.kz/catalog/ambria/ambria_nabor_d_press_keramiki_classical_a1_d4/","P0_COMMERCIAL","NEEDS_OFFICIAL_EVIDENCE","Официальная страница бренда, каталог производителя или подтверждённый прайс с артикулом"
"public-dfca6dbef57d09268d81636e","Ambria плунгер для пресс керам D13 мм","true","true","","","","https://amdgroup.kz/catalog/ambria/ambria_plunger_d_press_keram_d13mm_/","P0_COMMERCIAL","NEEDS_OFFICIAL_EVIDENCE","Официальная страница бренда, каталог производителя или подтверждённый прайс с артикулом"
"public-382aa3f745859a01207959db","Ambria таблетки для пресс керам 0M1 T с 5 пск","true","true","","","","https://amdgroup.kz/catalog/ambria/ambria_tabletki_d_press_keram_0m1_t_s_5_psc_/","P0_COMMERCIAL","NEEDS_OFFICIAL_EVIDENCE","Официальная страница бренда, каталог производителя или подтверждённый прайс с артикулом"
"public-8cad9621fa82c4239118a807","Ambria таблетки для пресс керам A1 HT L 3 пкс","true","true","","","","https://amdgroup.kz/catalog/ambria/ambria_tabletki_d_press_keram_a1_ht_l_3_pcs/","P0_COMMERCIAL","NEEDS_OFFICIAL_EVIDENCE","Официальная страница бренда, каталог производителя или подтверждённый прайс с артикулом"
"public-2d8199c05e54fddb718a603b","Ambria таблетки для пресс керам A2 HT с 5 пкс","true","true","","","","https://amdgroup.kz/catalog/ambria/ambria_tabletki_d_press_keram_a2_ht_s_5_pcs/","P0_COMMERCIAL","NEEDS_OFFICIAL_EVIDENCE","Официальная страница бренда, каталог производителя или подтверждённый прайс с артикулом"
"public-d124e0425f2209ad2e338fa3","Ambria таблетки для пресс керам A2 T L 3 пск","true","true","","","","https://amdgroup.kz/catalog/ambria/ambria_tabletki_d_press_keram_a2_t_l_3_psc_/","P0_COMMERCIAL","NEEDS_OFFICIAL_EVIDENCE","Официальная страница бренда, каталог производителя или подтверждённый прайс с артикулом"
"public-23d0ea12fa4bd7852a22103f","Ani-Flex Bite А-силикон для регистрации прикуса 50мл.*2шт","true","true","","","","https://a4d.kz/content/ani-flex-bite-silikon-dlya-registracii-prikusa-50ml2sht","P0_COMMERCIAL","NEEDS_OFFICIAL_EVIDENCE","Официальная страница бренда, каталог производителя или подтверждённый прайс с артикулом"
"public-d2643ab2c2d17948f5cb4587","Ani-Flex Clear прозрачный А-силикон средней вязкости для создания прозрачных ключей. 50мл.*4 шт.","true","true","","","","https://a4d.kz/content/ani-flex-clear-prozrachnyy-silikon-sredney-vyazkosti-dlya-sozdaniya-prozrachnyh-klyuchey","P0_COMMERCIAL","NEEDS_OFFICIAL_EVIDENCE","Официальная страница бренда, каталог производителя или подтверждённый прайс с артикулом"
"public-e972411727c1cb5aa2bd50f9","Any-Com 4 гр. шприц","true","true","","","","https://a4d.kz/content/any-com-4-gr-shpric","P0_COMMERCIAL","NEEDS_OFFICIAL_EVIDENCE","Официальная страница бренда, каталог производителя или подтверждённый прайс с артикулом"
"public-4b2f5501ec1b537ad90b8226","Any-Com Flow Kit жидкотекучий , нано гибридный усиленный наполнителем композит","true","true","","","","https://a4d.kz/content/any-com-flow-kit-zhidkotekuchiy-nano-gibridnyy-usilennyy-napolnitelem-kompozit","P0_COMMERCIAL","NEEDS_OFFICIAL_EVIDENCE","Официальная страница бренда, каталог производителя или подтверждённый прайс с артикулом"
"public-d4b2696d8970cfb2760f3f08","Any-Core – композит двойного отверждения для фиксации штифтов и формирования культи зуба","true","true","","","","https://a4d.kz/content/any-core-kompozit-dvoynogo-otverzhdeniya-dlya-fiksacii-shtiftov-i-formirovaniya-kulti-zuba","P0_COMMERCIAL","NEEDS_OFFICIAL_EVIDENCE","Официальная страница бренда, каталог производителя или подтверждённый прайс с артикулом"
"public-6f64c440aaf6bcb25ba586ad","Any-Etch протравочный гель","true","true","","","","https://a4d.kz/content/any-etch-protravochnyy-gel","P0_COMMERCIAL","NEEDS_OFFICIAL_EVIDENCE","Официальная страница бренда, каталог производителя или подтверждённый прайс с артикулом"
"public-955477c749fb9452cb2aa460","Any-Temp NE цемент с оксидом цинка для временной фиксации любых ортопедических конструкций 30гр.","true","true","","","","https://a4d.kz/content/any-temp-ne-cement-s-oksidom-cinka-dlya-vremennoy-fiksacii-lyubyh-ortopedicheskih","P0_COMMERCIAL","NEEDS_OFFICIAL_EVIDENCE","Официальная страница бренда, каталог производителя или подтверждённый прайс с артикулом"
"public-2a9a56a10be8b6d6a4728b44","AP T пиезон 250 компактный ултразвуковой 1","true","true","","","","https://amdgroup.kz/catalog/oborudovanie_dlya_professionalnoy_gigieny_/ap_t_piezon_250_kompaktnyy_ultrazvukovoy__1/","P0_COMMERCIAL","NEEDS_OFFICIAL_EVIDENCE","Официальная страница бренда, каталог производителя или подтверждённый прайс с артикулом"
"public-8208472563427bf17f35be74","AX-4-10A Муфельная печь","true","true","","","","https://a4d.kz/content/ax-4-10a-mufelnaya-pech","P0_COMMERCIAL","NEEDS_OFFICIAL_EVIDENCE","Официальная страница бренда, каталог производителя или подтверждённый прайс с артикулом"
"public-cee26b237d05831ed0922535","AX-ZL3 индукционный литейный аппарат","true","true","","","","https://a4d.kz/content/ax-zl3-indukcionnyy-liteynyy-apparat","P0_COMMERCIAL","NEEDS_OFFICIAL_EVIDENCE","Официальная страница бренда, каталог производителя или подтверждённый прайс с артикулом"
"public-721bf858c5d6598eddee5804","Bean flap holder (Англия)","true","true","","","","https://a4d.kz/content/bean-flap-holder-angliya","P0_COMMERCIAL","NEEDS_OFFICIAL_EVIDENCE","Официальная страница бренда, каталог производителя или подтверждённый прайс с артикулом"
"public-cd1f60ae8465dec583f1ffa0","Bifluorid 12,4 г","true","true","","","","https://amdgroup.kz/catalog/prokladochnye_lechebnye_i_izoliruyushchie_materialy/bifluorid_12_4g_/","P0_COMMERCIAL","NEEDS_OFFICIAL_EVIDENCE","Официальная страница бренда, каталог производителя или подтверждённый прайс с артикулом"
"public-ec559762ed3e661c03c904f3","Bulk-Flo фотополимерный, усиле нный наполнителем композит для реставраций","true","true","","","","https://a4d.kz/content/bulk-flo-fotopolimernyy-usile-nnyy-napolnitelem-kompozit-dlya-restavraciy","P0_COMMERCIAL","NEEDS_OFFICIAL_EVIDENCE","Официальная страница бренда, каталог производителя или подтверждённый прайс с артикулом"
"public-ecb90b0a58708318e04c9328","C-филес","true","true","","","","https://a4d.kz/content/c-files","P0_COMMERCIAL","NEEDS_OFFICIAL_EVIDENCE","Официальная страница бренда, каталог производителя или подтверждённый прайс с артикулом"
"public-adffda84dec2216ee1c0ad0e","C-bright 1-Zoom система для профессионального отбеливания","true","true","","","","https://a4d.kz/content/c-bright-1-zoom-sistema-dlya-professionalnogo-otbelivaniya","P0_COMMERCIAL","NEEDS_OFFICIAL_EVIDENCE","Официальная страница бренда, каталог производителя или подтверждённый прайс с артикулом"
"public-dab81338db02a9a98ed23363","C-gutta гуаперча для обтурационной системы","true","true","","","","https://a4d.kz/content/c-gutta-guapercha-dlya-obturacionnoy-sistemy-0","P0_COMMERCIAL","NEEDS_OFFICIAL_EVIDENCE","Официальная страница бренда, каталог производителя или подтверждённый прайс с артикулом"
"public-b4f74c931b8d62daecc0fece","C-Sailor Pro-физиодиспенсер c наконечником, с оптикой","true","true","","","","https://a4d.kz/content/c-sailor-pro-fiziodispenser-c-nakonechnikom-s-optikoy","P0_COMMERCIAL","NEEDS_OFFICIAL_EVIDENCE","Официальная страница бренда, каталог производителя или подтверждённый прайс с артикулом"
"public-03f6b67a39df46f5bf813ac5","C-Smart mini AP Беспроводной эндодонтический аппарат с апекслокатором","true","true","","","","https://a4d.kz/content/c-smart-mini-ap-besprovodnoy-endodonticheskiy-apparat-s-apekslokatorom","P0_COMMERCIAL","NEEDS_OFFICIAL_EVIDENCE","Официальная страница бренда, каталог производителя или подтверждённый прайс с артикулом"
"public-e7e8df86a80185c3f9a66032","C-SMART-C лампа CICADA-Аппарат для отбеливания зубов","false","true","CICADA","","","https://medstom.kz/catalog","P0_COMMERCIAL","NEEDS_OFFICIAL_EVIDENCE","Официальная страница бренда, каталог производителя или подтверждённый прайс с артикулом"
"public-6088d69bb5e45020ca3d4cd6","CA-1 пескоструйный аппарат с подачей воды","true","true","","","","https://a4d.kz/content/ca-1-peskostruynyy-apparat-s-podachey-vody","P0_COMMERCIAL","NEEDS_OFFICIAL_EVIDENCE","Официальная страница бренда, каталог производителя или подтверждённый прайс с артикулом"
"public-e229ff5e5b3dd62d4e9bc135","CAD/CAM ВОСК 14MM/16ММ","true","true","","","","https://a4d.kz/content/cadcam-vosk-14mm16mm","P0_COMMERCIAL","NEEDS_OFFICIAL_EVIDENCE","Официальная страница бренда, каталог производителя или подтверждённый прайс с артикулом"
"public-a9e2e1e2625af185301b2110","Charisma смарт 4 г V1","false","true","Kulzer","","","https://amdgroup.kz/catalog/plombirovochnye_materialy/karizma_smart_4g_v1/","P0_COMMERCIAL","NEEDS_OFFICIAL_EVIDENCE","Официальная страница бренда, каталог производителя или подтверждённый прайс с артикулом"
"public-2e76c4742e4fee9325d716ed","Charisma смарт 4 г V2","false","true","Kulzer","","","https://amdgroup.kz/catalog/plombirovochnye_materialy/karizma_smart_4g_v2/","P0_COMMERCIAL","NEEDS_OFFICIAL_EVIDENCE","Официальная страница бренда, каталог производителя или подтверждённый прайс с артикулом"
"public-c4149bc0afe576e3c597c013","Charisma смарт комби 4,4 г GB5","false","true","Kulzer","","","https://amdgroup.kz/catalog/plombirovochnye_materialy/karizma_smart_combi_4_4g_gb5/","P0_COMMERCIAL","NEEDS_OFFICIAL_EVIDENCE","Официальная страница бренда, каталог производителя или подтверждённый прайс с артикулом"
"public-15fcb979f4b04ef74d82224a","Charisma смарт комби 8,4 г G2B","false","true","Kulzer","","","https://amdgroup.kz/catalog/plombirovochnye_materialy/karizma_smart_combi_8_4g_g2b/","P0_COMMERCIAL","NEEDS_OFFICIAL_EVIDENCE","Официальная страница бренда, каталог производителя или подтверждённый прайс с артикулом"
"public-09405fdd6836f844ac471f2e","Charisma топаз сыринге мастер Kit гбу 10 4","false","true","Kulzer","","","https://amdgroup.kz/catalog/plombirovochnye_materialy/karizma_topaz_syringe_master_kit_gbu_10_4/","P0_COMMERCIAL","NEEDS_OFFICIAL_EVIDENCE","Официальная страница бренда, каталог производителя или подтверждённый прайс с артикулом"
"public-01733b67bfa3aa22ffe84249","Charisma Bulk сыр 1 X 2 г оне","false","true","Kulzer","","","https://amdgroup.kz/catalog/plombirovochnye_materialy/karizma_bulk_syr_1_x_2g_one/","P0_COMMERCIAL","NEEDS_OFFICIAL_EVIDENCE","Официальная страница бренда, каталог производителя или подтверждённый прайс с артикулом"
"public-08fc6ab663be9be9b70c600b","Charisma Classic 4 г S2","false","true","Kulzer","","","https://amdgroup.kz/catalog/plombirovochnye_materialy/karizma_klassik_4g_s2/","P0_COMMERCIAL","NEEDS_OFFICIAL_EVIDENCE","Официальная страница бренда, каталог производителя или подтверждённый прайс с артикулом"
"public-20e48c4c2644a7216bbb9f4c","Charisma Classic 4 г V2","false","true","Kulzer","","","https://amdgroup.kz/catalog/plombirovochnye_materialy/karizma_klassik_4g_v2/","P0_COMMERCIAL","NEEDS_OFFICIAL_EVIDENCE","Официальная страница бренда, каталог производителя или подтверждённый прайс с артикулом"
"public-37def49c3547a96d737cf00b","Charisma Classic 4 г V3","false","true","Kulzer","","","https://amdgroup.kz/catalog/plombirovochnye_materialy/karizma_klassik_4g_v3/","P0_COMMERCIAL","NEEDS_OFFICIAL_EVIDENCE","Официальная страница бренда, каталог производителя или подтверждённый прайс с артикулом"
"public-5b45ef2b0606e010870a7e77","Charisma Classic в ассортименте 8,4 г","false","true","Kulzer","","","https://amdgroup.kz/catalog/plombirovochnye_materialy/karizma_klassik_v_assortimente_8_4g/","P0_COMMERCIAL","NEEDS_OFFICIAL_EVIDENCE","Официальная страница бренда, каталог производителя или подтверждённый прайс с артикулом"
"public-81ec4f0ded6a8b1a0d22fe8b","Charisma Classic комби Kit 6,4 г G2B","false","true","Kulzer","","","https://amdgroup.kz/catalog/plombirovochnye_materialy/karizma_klassik_combi_kit_6_4g_g2b/","P0_COMMERCIAL","NEEDS_OFFICIAL_EVIDENCE","Официальная страница бренда, каталог производителя или подтверждённый прайс с артикулом"
"public-c5cc349e8a5994c885f47f97","Charisma Classic комби Kit 8,4 г G2B","false","true","Kulzer","","","https://amdgroup.kz/catalog/plombirovochnye_materialy/karizma_klassik_combi_kit_8_4g_g2b/","P0_COMMERCIAL","NEEDS_OFFICIAL_EVIDENCE","Официальная страница бренда, каталог производителя или подтверждённый прайс с артикулом"
"public-0411c4be75847e6c5f4bad1f","CICADA повышающий угловой наконечник","false","true","CICADA","","","https://medstom.kz/catalog","P0_COMMERCIAL","NEEDS_OFFICIAL_EVIDENCE","Официальная страница бренда, каталог производителя или подтверждённый прайс с артикулом"
"public-8299be51ca04e1d0915ab825","CICADA прямой и угловой наконечники (набор)","false","true","CICADA","","","https://medstom.kz/catalog","P0_COMMERCIAL","NEEDS_OFFICIAL_EVIDENCE","Официальная страница бренда, каталог производителя или подтверждённый прайс с артикулом"
"public-a9ab95f753ad0efa5d323269","CICADA SN25B2501-055 наконечник на эндомотор","false","true","CICADA","","","https://medstom.kz/catalog","P0_COMMERCIAL","NEEDS_OFFICIAL_EVIDENCE","Официальная страница бренда, каталог производителя или подтверждённый прайс с артикулом"
"public-3a6156487b1414f08261588d","COXO Воздушный микромотор с внешней системой подачи охлаждения CX235-3F или CX235 M-3F -4","false","true","COXO","","","https://medstom.kz/catalog","P0_COMMERCIAL","NEEDS_OFFICIAL_EVIDENCE","Официальная страница бренда, каталог производителя или подтверждённый прайс с артикулом"
"public-ce1e3b03dbb78359e9e87744","COXO Воздушный микромотор с внутренней системой подачи охлаждения CX235-3B","false","true","COXO","","","https://medstom.kz/catalog","P0_COMMERCIAL","NEEDS_OFFICIAL_EVIDENCE","Официальная страница бренда, каталог производителя или подтверждённый прайс с артикулом"
"public-31edb7f6ee4f9f024b4dc628","COXO зарядный блок к лампе DB686 Nano","false","true","COXO","","","https://medstom.kz/catalog","P0_COMMERCIAL","NEEDS_OFFICIAL_EVIDENCE","Официальная страница бренда, каталог производителя или подтверждённый прайс с артикулом"
"public-e1f39417c1ffa7937c4047d8","COXO наконечник для Airflow CP-1","false","true","COXO","","","https://medstom.kz/catalog","P0_COMMERCIAL","NEEDS_OFFICIAL_EVIDENCE","Официальная страница бренда, каталог производителя или подтверждённый прайс с артикулом"
"public-023c68a81c2d2796319d939e","COXO наконечник на PT-Master","false","true","COXO","","","https://medstom.kz/catalog","P0_COMMERCIAL","NEEDS_OFFICIAL_EVIDENCE","Официальная страница бренда, каталог производителя или подтверждённый прайс с артикулом"
"public-c628336ba8eabf5925819e3a","COXO Наконечник угловой к эндодонтическому мотору C-Smart-I Pilot (C5-4M)","false","true","COXO","","","https://medstom.kz/catalog","P0_COMMERCIAL","NEEDS_OFFICIAL_EVIDENCE","Официальная страница бренда, каталог производителя или подтверждённый прайс с артикулом"
"public-9bd580404e8507ea58108edf","COXO Наконечники на Air Flow PROFY для PT MASTER","false","true","COXO","","","https://medstom.kz/catalog","P0_COMMERCIAL","NEEDS_OFFICIAL_EVIDENCE","Официальная страница бренда, каталог производителя или подтверждённый прайс с артикулом"
"public-c17807b7df064fafe7c81bd0","COXO Повышающий угловой наконечник без света CX235C7 (C7-6)","false","true","COXO","","","https://medstom.kz/catalog","P0_COMMERCIAL","NEEDS_OFFICIAL_EVIDENCE","Официальная страница бренда, каталог производителя или подтверждённый прайс с артикулом"
"public-ae10b9d95fff3fb27cb233e5","COXO Повышающий угловой наконечник CX235C7 (C7-5)","false","true","COXO","","","https://medstom.kz/catalog","P0_COMMERCIAL","NEEDS_OFFICIAL_EVIDENCE","Официальная страница бренда, каталог производителя или подтверждённый прайс с артикулом"
"public-d29ab87b0c5f36aad8924a7a","COXO Понижающий угловой наконечник","false","true","COXO","","","https://medstom.kz/catalog","P0_COMMERCIAL","NEEDS_OFFICIAL_EVIDENCE","Официальная страница бренда, каталог производителя или подтверждённый прайс с артикулом"
"public-0e0b5c12688a1e1913bce448","COXO Порошок Глицин","false","true","COXO","","","https://medstom.kz/catalog","P0_COMMERCIAL","NEEDS_OFFICIAL_EVIDENCE","Официальная страница бренда, каталог производителя или подтверждённый прайс с артикулом"
"public-088d8b454b4455da2127740a","COXO роторная группа","false","true","COXO","","","https://medstom.kz/catalog","P0_COMMERCIAL","NEEDS_OFFICIAL_EVIDENCE","Официальная страница бренда, каталог производителя или подтверждённый прайс с артикулом"
"public-f38944bf92e7d0ceaf770df3","COXO световод к лампе DB686 Nano или COXO корпус к лампе DB686 Nano","false","true","COXO","","","https://medstom.kz/catalog","P0_COMMERCIAL","NEEDS_OFFICIAL_EVIDENCE","Официальная страница бренда, каталог производителя или подтверждённый прайс с артикулом"
"public-ef8d1d1ff948857a19ef1158","COXO стоматологическая лампа DB-686 Latte","false","true","COXO","","","https://medstom.kz/catalog","P0_COMMERCIAL","NEEDS_OFFICIAL_EVIDENCE","Официальная страница бренда, каталог производителя или подтверждённый прайс с артикулом"
"public-8704c9d46839f0b3c2e64d64","COXO турбинный наконечник с подсветкой CX207-F H15-SP или TP","false","true","COXO","","","https://medstom.kz/catalog","P0_COMMERCIAL","NEEDS_OFFICIAL_EVIDENCE","Официальная страница бренда, каталог производителя или подтверждённый прайс с артикулом"
"public-3b030453b561a1fc7248bf4b","COXO Электромотор C PUMA MASTER и Эндомотор 2в1","false","true","COXO","","","https://medstom.kz/catalog","P0_COMMERCIAL","NEEDS_OFFICIAL_EVIDENCE","Официальная страница бренда, каталог производителя или подтверждённый прайс с артикулом"
"public-2bc6280c14891a387aef8cc2","COXO Эндоактиватор второго поколения для активации растворов ULTRA SMART","false","true","COXO","","","https://medstom.kz/catalog","P0_COMMERCIAL","NEEDS_OFFICIAL_EVIDENCE","Официальная страница бренда, каталог производителя или подтверждённый прайс с артикулом"
"public-00f184321354133f795e3023","COXO Эндомотор C-SMART I PILOT","false","true","COXO","","","https://medstom.kz/catalog","P0_COMMERCIAL","NEEDS_OFFICIAL_EVIDENCE","Официальная страница бренда, каталог производителя или подтверждённый прайс с артикулом"
"public-2bffc15f42c0a419402913e6","COXO C Root I (VI) апекслокатор с встроенным пульптестером","false","true","COXO","","","https://a4d.kz/content/coxo-c-root-i-vi-apekslokator-s-vstroennym-pulptesterom","P0_COMMERCIAL","NEEDS_OFFICIAL_EVIDENCE","Официальная страница бренда, каталог производителя или подтверждённый прайс с артикулом"
"public-43692d74a051eb1e9ae1767c","COXO C-смарт нова вирелесс","false","true","COXO","","","https://medstom.kz/catalog","P0_COMMERCIAL","NEEDS_OFFICIAL_EVIDENCE","Официальная страница бренда, каталог производителя или подтверждённый прайс с артикулом"
"public-e91f0eaf304c109ebcee89ac","COXO C-SAILOR S1 Система дентальной имплантации","false","true","COXO","","","https://medstom.kz/catalog","P0_COMMERCIAL","NEEDS_OFFICIAL_EVIDENCE","Официальная страница бренда, каталог производителя или подтверждённый прайс с артикулом"
"public-bc8c50e762c0501325110e91","COXO C-Smart mini AP+ эндомотор","false","true","COXO","","","https://medstom.kz/catalog","P0_COMMERCIAL","NEEDS_OFFICIAL_EVIDENCE","Официальная страница бренда, каталог производителя или подтверждённый прайс с артикулом"
"public-196ed42acd332452467c4a65","COXO CA-1 аирфлов полишер System витх спрай","false","true","COXO","","","https://medstom.kz/catalog","P0_COMMERCIAL","NEEDS_OFFICIAL_EVIDENCE","Официальная страница бренда, каталог производителя или подтверждённый прайс с артикулом"
"public-f0afd66eede243d2d559cda2","COXO CD-4820 ультразвуковая ванна 2,5л.","false","true","COXO","","","https://medstom.kz/catalog","P0_COMMERCIAL","NEEDS_OFFICIAL_EVIDENCE","Официальная страница бренда, каталог производителя или подтверждённый прайс с артикулом"
"public-687357fb28e856d7a0e9ef81","Coxo CP-1 kit – порошкоструйный аппарат с двумя наконечниками","false","true","COXO","","","https://medstom.kz/catalog","P0_COMMERCIAL","NEEDS_OFFICIAL_EVIDENCE","Официальная страница бренда, каталог производителя или подтверждённый прайс с артикулом"
"public-80f94959e41d9759f4398863","COXO CX207-B H33-SP4 турбинный наконечник титан","false","true","COXO","","","https://medstom.kz/catalog","P0_COMMERCIAL","NEEDS_OFFICIAL_EVIDENCE","Официальная страница бренда, каталог производителя или подтверждённый прайс с артикулом"
"public-86ccf6d90c694177fd3dd941","COXO CX235 C6-22 Наконечник угловой хирургический (для имплантов-20:1) Cо светом","false","true","COXO","","","https://medstom.kz/catalog","P0_COMMERCIAL","NEEDS_OFFICIAL_EVIDENCE","Официальная страница бренда, каталог производителя или подтверждённый прайс с артикулом"
"public-6ef7dad7a8caed41ad2a87be","COXO CX235-2A прямой наконечник","false","true","COXO","","","https://medstom.kz/catalog","P0_COMMERCIAL","NEEDS_OFFICIAL_EVIDENCE","Официальная страница бренда, каталог производителя или подтверждённый прайс с артикулом"
"public-6eb8b4adeb563bdf004fb02d","COXO CX235C6-23 понижающий наконечник 20:1","false","true","COXO","","","https://medstom.kz/catalog","P0_COMMERCIAL","NEEDS_OFFICIAL_EVIDENCE","Официальная страница бренда, каталог производителя или подтверждённый прайс с артикулом"
"public-46ffc3b7c478eb02579333f3","COXO CX235C7 повышающий наконечник","false","true","COXO","","","https://medstom.kz/catalog","P0_COMMERCIAL","NEEDS_OFFICIAL_EVIDENCE","Официальная страница бренда, каталог производителя или подтверждённый прайс с артикулом"
"public-e3d957aa6caab599bb9c166b","COXO DB-686 SUPER-LUX-беспроводная полимеризационная лампа","false","true","COXO","","","https://medstom.kz/catalog","P0_COMMERCIAL","NEEDS_OFFICIAL_EVIDENCE","Официальная страница бренда, каталог производителя или подтверждённый прайс с артикулом"
"public-d290e5a7c23e848dd0e45747","COXO DB686 HONOR Стоматологическая Светодиодная лампа для отбеливания полости рта, фоточувствительная лампа для отбеливания зубов, низкотемпературный отверждение","false","true","COXO","","","https://medstom.kz/catalog","P0_COMMERCIAL","NEEDS_OFFICIAL_EVIDENCE","Официальная страница бренда, каталог производителя или подтверждённый прайс с артикулом"
"public-090916645d23ac3d6108e44e","CX-1500 — стоматологический безмасляный компрессор","true","true","","","","https://medstom.kz/catalog","P0_COMMERCIAL","NEEDS_OFFICIAL_EVIDENCE","Официальная страница бренда, каталог производителя или подтверждённый прайс с артикулом"
"public-abd6c2ab3647fc898188620e","CX-500 — стоматологический безмасляный компрессор","true","true","","","","https://medstom.kz/catalog","P0_COMMERCIAL","NEEDS_OFFICIAL_EVIDENCE","Официальная страница бренда, каталог производителя или подтверждённый прайс с артикулом"
"public-299ca6a22d0e600ba336cbcd","CX-800 — стоматологический безмасляный компрессор","true","true","","","","https://medstom.kz/catalog","P0_COMMERCIAL","NEEDS_OFFICIAL_EVIDENCE","Официальная страница бренда, каталог производителя или подтверждённый прайс с артикулом"
"public-8c64a77bfe9a905f484ae942","DentexDental Бор алмазный","true","true","","","MSK-B-97","https://medstom.kz/catalog","P0_COMMERCIAL","NEEDS_OFFICIAL_EVIDENCE","Официальная страница бренда, каталог производителя или подтверждённый прайс с артикулом"
"public-e2f731c56e9bdf1b01f4a312","Dentto-Dam фотополимерный","true","true","","","","https://a4d.kz/content/dentto-dam-fotopolimernyy","P0_COMMERCIAL","NEEDS_OFFICIAL_EVIDENCE","Официальная страница бренда, каталог производителя или подтверждённый прайс с артикулом"
"public-e042d043bf1d08a578fab9c9","DENU Base Liner (Прокладка с кальцием)","true","true","","","MSK-T-24","https://medstom.kz/catalog","P0_COMMERCIAL","NEEDS_OFFICIAL_EVIDENCE","Официальная страница бренда, каталог производителя или подтверждённый прайс с артикулом"
"public-a50b80b3e61a990d83dd06c8","DENU Base Liner Биоактивный фотополимерный вкладыш (прокладка с кальцием)","true","true","","","","https://medstom.kz/catalog","P0_COMMERCIAL","NEEDS_OFFICIAL_EVIDENCE","Официальная страница бренда, каталог производителя или подтверждённый прайс с артикулом"
"public-c1396c112f1e771d144fc86f","Denu bite block cover-Крышка блока укуса","true","true","","","DENU-BITE","https://medstom.kz/catalog","P0_COMMERCIAL","NEEDS_OFFICIAL_EVIDENCE","Официальная страница бренда, каталог производителя или подтверждённый прайс с артикулом"
"public-d68bf6f397f30d764d35dd35","DENU Block-out Resin Светоотверждаемый полу текучий блокирующий материал","true","true","","","","https://medstom.kz/catalog","P0_COMMERCIAL","NEEDS_OFFICIAL_EVIDENCE","Официальная страница бренда, каталог производителя или подтверждённый прайс с артикулом"
"public-4af383daa62cf986ec2d2ad6","DENU Bond (Адгезив)","true","true","","","MSK-T-50","https://medstom.kz/catalog","P0_COMMERCIAL","NEEDS_OFFICIAL_EVIDENCE","Официальная страница бренда, каталог производителя или подтверждённый прайс с артикулом"
"public-fbff3052863547ff6f18f02e","DENU Bond Прикрепление композита к дентину, эмали и цементу","true","true","","","","https://medstom.kz/catalog","P0_COMMERCIAL","NEEDS_OFFICIAL_EVIDENCE","Официальная страница бренда, каталог производителя или подтверждённый прайс с артикулом"
"public-e96fba5da55cbab53d648b15","DENU Clear Varnish (Фторидный лак)","true","true","","","MSK-T-31","https://medstom.kz/catalog","P0_COMMERCIAL","NEEDS_OFFICIAL_EVIDENCE","Официальная страница бренда, каталог производителя или подтверждённый прайс с артикулом"
"public-4d3b64396fc15e3f849ae9f4","DENU Composite Resin Kit (Комплект 1)","true","true","","","MSK-T-6","https://medstom.kz/catalog","P0_COMMERCIAL","NEEDS_OFFICIAL_EVIDENCE","Официальная страница бренда, каталог производителя или подтверждённый прайс с артикулом"
"public-251aee40a83a6c0139511ef0","DENU Composite Resin Kit Композитная смола (Комплект 1, Комплект 2)","true","true","","","","https://medstom.kz/catalog","P0_COMMERCIAL","NEEDS_OFFICIAL_EVIDENCE","Официальная страница бренда, каталог производителя или подтверждённый прайс с артикулом"
"public-b66df5c9c830a86f7a91314d","DENU composite resin-композитная смола с наногибридным наполнителем","true","true","","","","https://medstom.kz/catalog","P0_COMMERCIAL","NEEDS_OFFICIAL_EVIDENCE","Официальная страница бренда, каталог производителя или подтверждённый прайс с артикулом"
"public-41f9c9220462e555afa0e1df","DENU Crown Kit Набор для временных коронок","true","true","","","MSK-T-7","https://medstom.kz/catalog","P0_COMMERCIAL","NEEDS_OFFICIAL_EVIDENCE","Официальная страница бренда, каталог производителя или подтверждённый прайс с артикулом"
"public-137ca3611107c0e562c5afac","DENU Cure CEM MTA [Белый порошок MTA]","true","true","","","","https://medstom.kz/catalog","P0_COMMERCIAL","NEEDS_OFFICIAL_EVIDENCE","Официальная страница бренда, каталог производителя или подтверждённый прайс с артикулом"
"public-0f054858fd0c4ebd779971fa","Denu DAM / Жидкий коффердам","true","true","","","","https://medstom.kz/catalog","P0_COMMERCIAL","NEEDS_OFFICIAL_EVIDENCE","Официальная страница бренда, каталог производителя или подтверждённый прайс с артикулом"
"public-9ddd02d24ab94377c7de9c0f","Denu digital sensor-Крышка цифрового датчика","true","true","","","DENU-SENSOR","https://medstom.kz/catalog","P0_COMMERCIAL","NEEDS_OFFICIAL_EVIDENCE","Официальная страница бренда, каталог производителя или подтверждённый прайс с артикулом"
"public-5900c0c5c0a1a149c736f639","DENU Dilaner (Слепочная масса)","true","true","","","MSK-T-53","https://medstom.kz/catalog","P0_COMMERCIAL","NEEDS_OFFICIAL_EVIDENCE","Официальная страница бренда, каталог производителя или подтверждённый прайс с артикулом"
"public-296aecae5b7a6d39202c564a","DENU Dual Core (Двойной полимеризующийся материал)","true","true","","","MSK-T-42","https://medstom.kz/catalog","P0_COMMERCIAL","NEEDS_OFFICIAL_EVIDENCE","Официальная страница бренда, каталог производителя или подтверждённый прайс с артикулом"
"public-ee839a68af6723daca9e9004","DENU Dual Core Двойной полимеризующийся строительный материал","true","true","","","","https://medstom.kz/catalog","P0_COMMERCIAL","NEEDS_OFFICIAL_EVIDENCE","Официальная страница бренда, каталог производителя или подтверждённый прайс с артикулом"
"public-787db1d53fbaf65235ee36a3","DENU EDTA CREAM (для пломбирования корневых каналов)","true","true","","","MSK-T-28","https://medstom.kz/catalog","P0_COMMERCIAL","NEEDS_OFFICIAL_EVIDENCE","Официальная страница бренда, каталог производителя или подтверждённый прайс с артикулом"
"public-a4000ba44ed0fc7557453a22","DENU EDTA CREAM-пломбирование корневых каналов","true","true","","","","https://medstom.kz/catalog","P0_COMMERCIAL","NEEDS_OFFICIAL_EVIDENCE","Официальная страница бренда, каталог производителя или подтверждённый прайс с артикулом"
"public-b352f31606bf762d8059c4b7","DENU Etch-37 (для обработки эмали и дентина)","true","true","","","MSK-T-29","https://medstom.kz/catalog","P0_COMMERCIAL","NEEDS_OFFICIAL_EVIDENCE","Официальная страница бренда, каталог производителя или подтверждённый прайс с артикулом"
"public-402741559ac1de21e2e2fc48","DENU Etch-37 для обработки эмали и дентина. Ортофосфорная кислота 37%","true","true","","","","https://medstom.kz/catalog","P0_COMMERCIAL","NEEDS_OFFICIAL_EVIDENCE","Официальная страница бренда, каталог производителя или подтверждённый прайс с артикулом"
"public-bea5d65cbb032fba237969c3","DENU Fil Flow для имплантов","true","true","","","MSK-T-34","https://medstom.kz/catalog","P0_COMMERCIAL","NEEDS_OFFICIAL_EVIDENCE","Официальная страница бренда, каталог производителя или подтверждённый прайс с артикулом"
"public-f8438afce511b6e1797ae3a9","DENU Flow Resin Жидкий фотополимер","true","true","","","","https://medstom.kz/catalog","P0_COMMERCIAL","NEEDS_OFFICIAL_EVIDENCE","Официальная страница бренда, каталог производителя или подтверждённый прайс с артикулом"
"public-17072bb18788d8d717ce8ef1","DENU Fluoride Gel assorti (1,23% фторид-ион)","true","true","","","DENU-F","https://medstom.kz/catalog","P0_COMMERCIAL","NEEDS_OFFICIAL_EVIDENCE","Официальная страница бренда, каталог производителя или подтверждённый прайс с артикулом"
"public-69d9036d847b79a0a2c96958","DENU GingiCord Ретракционная нить","true","true","","","","https://medstom.kz/catalog","P0_COMMERCIAL","NEEDS_OFFICIAL_EVIDENCE","Официальная страница бренда, каталог производителя или подтверждённый прайс с артикулом"
"public-114e03e7d84a1fec77b04200","Denu Light Body (Корригирующий слепочный материал)","true","true","","","MSK-T-52","https://medstom.kz/catalog","P0_COMMERCIAL","NEEDS_OFFICIAL_EVIDENCE","Официальная страница бренда, каталог производителя или подтверждённый прайс с артикулом"
"public-f00c1b157f20a3d907986cfb","Denu Light Body 4 картриджа (50 по гр+3 канюли)","true","true","","","","https://medstom.kz/catalog","P0_COMMERCIAL","NEEDS_OFFICIAL_EVIDENCE","Официальная страница бренда, каталог производителя или подтверждённый прайс с артикулом"
"public-413f8a34c3d71d43683a0d7b","DENU Pumice Paste (Полировочная паста)","true","true","","","MSK-T-33","https://medstom.kz/catalog","P0_COMMERCIAL","NEEDS_OFFICIAL_EVIDENCE","Официальная страница бренда, каталог производителя или подтверждённый прайс с артикулом"
"public-ca610c5211a06b879b0fd64c","DENU Putty Set (Слепочный материал)","true","true","","","MSK-T-51","https://medstom.kz/catalog","P0_COMMERCIAL","NEEDS_OFFICIAL_EVIDENCE","Официальная страница бренда, каталог производителя или подтверждённый прайс с артикулом"
"public-15738384e75f42c156272af4","DENU Root Seal (Эндодонтический материал)","true","true","","","MSK-T-26","https://medstom.kz/catalog","P0_COMMERCIAL","NEEDS_OFFICIAL_EVIDENCE","Официальная страница бренда, каталог производителя или подтверждённый прайс с артикулом"
"public-6d783e1d53f7fae8857b6c83","DENU Seal (Герметизация ямок и фиссур)","true","true","","","MSK-T-30","https://medstom.kz/catalog","P0_COMMERCIAL","NEEDS_OFFICIAL_EVIDENCE","Официальная страница бренда, каталог производителя или подтверждённый прайс с артикулом"
"public-d9e223e71f4b1226a08133ac","DENU Temp Cement EZ Temр (Цемент для легкого удаления)","true","true","","","MSK-T-40","https://medstom.kz/catalog","P0_COMMERCIAL","NEEDS_OFFICIAL_EVIDENCE","Официальная страница бренда, каталог производителя или подтверждённый прайс с артикулом"
"public-9a8e33cc46029ada3524d4e1","DENU Temp Cement EZ Temp цемент без эвгенола для легкого удаления","true","true","","","","https://medstom.kz/catalog","P0_COMMERCIAL","NEEDS_OFFICIAL_EVIDENCE","Официальная страница бренда, каталог производителя или подтверждённый прайс с артикулом"
"public-1eab82c19499f9ec7c10272f","DENU Temp Cement Implant Временный цемент для имплантов","true","true","","","","https://medstom.kz/catalog","P0_COMMERCIAL","NEEDS_OFFICIAL_EVIDENCE","Официальная страница бренда, каталог производителя или подтверждённый прайс с артикулом"
"public-3098756fae1a0065e74a4661","DENU Temp Cement NE Временный цемент без эвгенола","true","true","","","","https://medstom.kz/catalog","P0_COMMERCIAL","NEEDS_OFFICIAL_EVIDENCE","Официальная страница бренда, каталог производителя или подтверждённый прайс с артикулом"
"public-6c0011591caf95005ba14afd","DENU Temp Flow (Жидкотекучий пломбировочный материал)","true","true","","","MSK-T-35","https://medstom.kz/catalog","P0_COMMERCIAL","NEEDS_OFFICIAL_EVIDENCE","Официальная страница бренда, каталог производителя или подтверждённый прайс с артикулом"
"public-9a9ce1b22c1152e144691000","Ds7+ ультразвуковой скалер автономная подача светом","true","true","","","","https://a4d.kz/content/ds7-ultrazvukovoy-skaler-avtonomnaya-podacha-svetom","P0_COMMERCIAL","NEEDS_OFFICIAL_EVIDENCE","Официальная страница бренда, каталог производителя или подтверждённый прайс с артикулом"
"public-8771ec08a487663c19a332b9","Easy Fill обтурационная система","true","true","","","","https://a4d.kz/content/easy-fill-obturacionnaya-sistema","P0_COMMERCIAL","NEEDS_OFFICIAL_EVIDENCE","Официальная страница бренда, каталог производителя или подтверждённый прайс с артикулом"
"public-325a64d8ea101d09e56549de","Easy Pack обтурационная система","true","true","","","","https://a4d.kz/content/easy-pack-obturacionnaya-sistema","P0_COMMERCIAL","NEEDS_OFFICIAL_EVIDENCE","Официальная страница бренда, каталог производителя или подтверждённый прайс с артикулом"
"public-815514e84588c4738a107969","EDO-1 PRO SANI ( с апекслокатором) Эндомотор","true","true","","","","https://medstom.kz/catalog","P0_COMMERCIAL","NEEDS_OFFICIAL_EVIDENCE","Официальная страница бренда, каталог производителя или подтверждённый прайс с артикулом"
"public-39ca1a2d8bc4d061a92e08f6","EDO-1 SANI Эндомотор","true","true","","","","https://medstom.kz/catalog","P0_COMMERCIAL","NEEDS_OFFICIAL_EVIDENCE","Официальная страница бренда, каталог производителя или подтверждённый прайс с артикулом"
"public-48b495e7d9118c06f7c3fa36","Endo sponges Диски поролоновые","true","true","","","","https://a4d.kz/content/endo-sponges-diski-porolonovye","P0_COMMERCIAL","NEEDS_OFFICIAL_EVIDENCE","Официальная страница бренда, каталог производителя или подтверждённый прайс с артикулом"
"public-030868f1a024f3b464507ab4","Endo sponges Premium Диски","true","true","","","","https://a4d.kz/content/endo-sponges-premium-diski","P0_COMMERCIAL","NEEDS_OFFICIAL_EVIDENCE","Официальная страница бренда, каталог производителя или подтверждённый прайс с артикулом"
"public-2fbecbf76045e51e705a90c2","Endo sponges Premium Диски малые","true","true","","","","https://a4d.kz/content/endo-sponges-premium-diski-malye","P0_COMMERCIAL","NEEDS_OFFICIAL_EVIDENCE","Официальная страница бренда, каталог производителя или подтверждённый прайс с артикулом"
"public-b90f5f0a18856279dd594044","Endo@Prep GEL EDTA","true","true","","","","https://a4d.kz/content/endoprep-gel-edta","P0_COMMERCIAL","NEEDS_OFFICIAL_EVIDENCE","Официальная страница бренда, каталог производителя или подтверждённый прайс с артикулом"
"public-a5f8d12921c30e2e6b0563e2","FАLCON Iris Ножницы изогнутыеBS51,115илиFALCON Iris Ножн и цы пр ям ые B S 540,15","true","true","","","","https://medstom.kz/catalog","P0_COMMERCIAL","NEEDS_OFFICIAL_EVIDENCE","Официальная страница бренда, каталог производителя или подтверждённый прайс с артикулом"
"public-e7e3ec534531b837cf596f7d","Face Bow-Universal Асимметричные лицевые дуги","true","true","","","","https://a4d.kz/content/face-bow-universal-asimmetrichnye-licevye-dugi","P0_COMMERCIAL","NEEDS_OFFICIAL_EVIDENCE","Официальная страница бренда, каталог производителя или подтверждённый прайс с артикулом"
"public-0b411879cd56af452d658e13","FALСON Элеватор LuxatingDE.95874420,000 набор( 7ш т.)","true","true","","","","https://medstom.kz/catalog","P0_COMMERCIAL","NEEDS_OFFICIAL_EVIDENCE","Официальная страница бренда, каталог производителя или подтверждённый прайс с артикулом"
"public-b0c05ca6bed098b4a0c6dd33","FALCON иглодержатель Мэтью140ммBN.714,140","true","true","","","","https://medstom.kz/catalog","P0_COMMERCIAL","NEEDS_OFFICIAL_EVIDENCE","Официальная страница бренда, каталог производителя или подтверждённый прайс с артикулом"
"public-e94be09e9a85fd54f7279bef","FALCON набор для коффердамаDR .900,002","true","true","","","","https://medstom.kz/catalog","P0_COMMERCIAL","NEEDS_OFFICIAL_EVIDENCE","Официальная страница бренда, каталог производителя или подтверждённый прайс с артикулом"
"public-d47d062360b9d9f74bcd8b34","FALCON распаторDP.660,075","true","true","","","","https://medstom.kz/catalog","P0_COMMERCIAL","NEEDS_OFFICIAL_EVIDENCE","Официальная страница бренда, каталог производителя или подтверждённый прайс с артикулом"
"public-256fe632183d89e9cadc1bbd","FALCON элеватор изогнутый 3ммDE.920,0 40","true","true","","","","https://medstom.kz/catalog","P0_COMMERCIAL","NEEDS_OFFICIAL_EVIDENCE","Официальная страница бренда, каталог производителя или подтверждённый прайс с артикулом"
"public-f0340307ad4ad568c416c3cb","FALCON элеватор изогнутый 5ммDE.920,050","true","true","","","","https://medstom.kz/catalog","P0_COMMERCIAL","NEEDS_OFFICIAL_EVIDENCE","Официальная страница бренда, каталог производителя или подтверждённый прайс с артикулом"
"public-c4609c978acc5ecbfa1c9086","FALCON элеватор прямой2ммDE 20,0 10","true","true","","","","https://medstom.kz/catalog","P0_COMMERCIAL","NEEDS_OFFICIAL_EVIDENCE","Официальная страница бренда, каталог производителя или подтверждённый прайс с артикулом"
"public-cbba8675091e3fe18e58d5ea","FALCON элеватор прямой3ммDE.920,0 20","true","true","","","","https://medstom.kz/catalog","P0_COMMERCIAL","NEEDS_OFFICIAL_EVIDENCE","Официальная страница бренда, каталог производителя или подтверждённый прайс с артикулом"
"public-9b4c7513a040ae98b51fefab","FALCON элеватор прямой5ммDE.920,030","true","true","","","","https://medstom.kz/catalog","P0_COMMERCIAL","NEEDS_OFFICIAL_EVIDENCE","Официальная страница бренда, каталог производителя или подтверждённый прайс с артикулом"
"public-44fdcef039bac491def4edf0","FALCON элеватор СOF3ммDE.920,060","true","true","","","","https://medstom.kz/catalog","P0_COMMERCIAL","NEEDS_OFFICIAL_EVIDENCE","Официальная страница бренда, каталог производителя или подтверждённый прайс с артикулом"
"public-5c757bfabd48382fa3516d5d","FALCON элеватор BAYONET 3мм DE.920 .07 0","true","true","","","","https://medstom.kz/catalog","P0_COMMERCIAL","NEEDS_OFFICIAL_EVIDENCE","Официальная страница бренда, каталог производителя или подтверждённый прайс с артикулом"
"public-807ccb9014ce929649a7a2ab","FALCON-Зажим артериальный Halsted Mosquito прямой125mm BH.224,125илиFALCON Зажимтериальный Halsted Mosquito изогнутый125mmBH.225,215","true","true","","","","https://medstom.kz/catalog","P0_COMMERCIAL","NEEDS_OFFICIAL_EVIDENCE","Официальная страница бренда, каталог производителя или подтверждённый прайс с артикулом"
"public-265e14fd832ccd51d8b37e16","FALCONМини-дестальный концевой резакDO.542,200","true","true","","","","https://medstom.kz/catalog","P0_COMMERCIAL","NEEDS_OFFICIAL_EVIDENCE","Официальная страница бренда, каталог производителя или подтверждённый прайс с артикулом"
"public-b5b3b00f9af8853aa2b5eeec","FALCONпинцетDD945,010","true","true","","","","https://medstom.kz/catalog","P0_COMMERCIAL","NEEDS_OFFICIAL_EVIDENCE","Официальная страница бренда, каталог производителя или подтверждённый прайс с артикулом"
"public-1b83331e1c01492a178a289b","FALCONраспаторDP.660,085","true","true","","","","https://medstom.kz/catalog","P0_COMMERCIAL","NEEDS_OFFICIAL_EVIDENCE","Официальная страница бренда, каталог производителя или подтверждённый прайс с артикулом"
"public-c54135a04dbd6be0649804ce","FALCONраспаторDP.660,090","true","true","","","","https://medstom.kz/catalog","P0_COMMERCIAL","NEEDS_OFFICIAL_EVIDENCE","Официальная страница бренда, каталог производителя или подтверждённый прайс с артикулом"
"public-b9462cddb3d73e25c5f15175","FALCONраспаторDP635,155","true","true","","","","https://medstom.kz/catalog","P0_COMMERCIAL","NEEDS_OFFICIAL_EVIDENCE","Официальная страница бренда, каталог производителя или подтверждённый прайс с артикулом"
"public-0f24a43fa7518ed7d77c8328","FALCONщипцы дляудаленияDE.800,000 НАБОР (10 ш т)","true","true","","","","https://medstom.kz/catalog","P0_COMMERCIAL","NEEDS_OFFICIAL_EVIDENCE","Официальная страница бренда, каталог производителя или подтверждённый прайс с артикулом"
"public-a859841c96b63cad3e2774ec","G3 FILE для подготовки каналов SANI","true","true","","","","https://a4d.kz/content/g3-file-dlya-podgotovki-kanalov-sani","P0_COMMERCIAL","NEEDS_OFFICIAL_EVIDENCE","Официальная страница бренда, каталог производителя или подтверждённый прайс с артикулом"
"public-e8b126fe20d6f92ada03fa6d","Glycolon violet HR22 3\0 USP 70cm","true","true","","","GLY-VIOLET","https://medstom.kz/catalog","P0_COMMERCIAL","NEEDS_OFFICIAL_EVIDENCE","Официальная страница бренда, каталог производителя или подтверждённый прайс с артикулом"
"public-b569af20fa11c627b7b3bede","Gun needle иглы для обтурационной системы","true","true","","","","https://a4d.kz/content/gun-needle-igly-dlya-obturacionnoy-sistemy","P0_COMMERCIAL","NEEDS_OFFICIAL_EVIDENCE","Официальная страница бренда, каталог производителя или подтверждённый прайс с артикулом"
"public-0bce6e747ebf57c0d1c4c680","H-файл стальные","true","true","","","","https://a4d.kz/content/h-fayl-stalnye","P0_COMMERCIAL","NEEDS_OFFICIAL_EVIDENCE","Официальная страница бренда, каталог производителя или подтверждённый прайс с артикулом"
"public-29e5f330fe6ef3b1ca2efa3a","H-файл Niti","true","true","","","","https://a4d.kz/content/h-fayl-niti","P0_COMMERCIAL","NEEDS_OFFICIAL_EVIDENCE","Официальная страница бренда, каталог производителя или подтверждённый прайс с артикулом"
"public-d141884da3cae0caf9f44a76","H-файлы Niti","true","true","","","","https://a4d.kz/content/h-fayly-niti","P0_COMMERCIAL","NEEDS_OFFICIAL_EVIDENCE","Официальная страница бренда, каталог производителя или подтверждённый прайс с артикулом"
"public-3d0283de4f3a10efd61bc062","Hahnenkratt exatec-штифты набор (большой)","true","true","","","EXATEC-S","https://medstom.kz/catalog","P0_COMMERCIAL","NEEDS_OFFICIAL_EVIDENCE","Официальная страница бренда, каталог производителя или подтверждённый прайс с артикулом"
"public-45567ad92883c4751410a710","Hahnenkratt exatec-штифты набор (малый)","true","true","","","EXATEC-SH","https://medstom.kz/catalog","P0_COMMERCIAL","NEEDS_OFFICIAL_EVIDENCE","Официальная страница бренда, каталог производителя или подтверждённый прайс с артикулом"
"public-6b21b998bbb3a3657ed40815","HANDY Рентген-комплект","true","true","","","","https://medstom.kz/catalog","P0_COMMERCIAL","NEEDS_OFFICIAL_EVIDENCE","Официальная страница бренда, каталог производителя или подтверждённый прайс с артикулом"
"public-73e23afd5758316a001ce803","HANDY фотоаппарат","true","true","","","","https://medstom.kz/catalog","P0_COMMERCIAL","NEEDS_OFFICIAL_EVIDENCE","Официальная страница бренда, каталог производителя или подтверждённый прайс с артикулом"
"public-f7ac03fa3d6bf06156e1bae0","Heat plunger насадки для обтурационной системы","true","true","","","","https://a4d.kz/content/heat-plunger-nasadki-dlya-obturacionnoy-sistemy","P0_COMMERCIAL","NEEDS_OFFICIAL_EVIDENCE","Официальная страница бренда, каталог производителя или подтверждённый прайс с артикулом"
"public-e78c1ae0843170b0cab572d8","HST-A1 Модель тренировочная жесткая","true","true","","","","https://a4d.kz/content/hst-a1-model-trenirovochnaya-zhestkaya","P0_COMMERCIAL","NEEDS_OFFICIAL_EVIDENCE","Официальная страница бренда, каталог производителя или подтверждённый прайс с артикулом"
"public-aa50d24de1d9466665ef9542","HST-A15 Модель тренировочная со съемными зубами","true","true","","","","https://a4d.kz/content/hst-a15-model-trenirovochnaya-so-semnymi-zubami","P0_COMMERCIAL","NEEDS_OFFICIAL_EVIDENCE","Официальная страница бренда, каталог производителя или подтверждённый прайс с артикулом"
"public-32efb2a8870687edfed288ad","HST-A2 Модель тренировочная жесткая","true","true","","","","https://a4d.kz/content/hst-a2-model-trenirovochnaya-zhestkaya","P0_COMMERCIAL","NEEDS_OFFICIAL_EVIDENCE","Официальная страница бренда, каталог производителя или подтверждённый прайс с артикулом"
"public-dc3b0f39ec48561d79c25823","HST-A3 Модель тренировочная детская жесткая","true","true","","","","https://a4d.kz/content/hst-a3-model-trenirovochnaya-detskaya-zhestkaya","P0_COMMERCIAL","NEEDS_OFFICIAL_EVIDENCE","Официальная страница бренда, каталог производителя или подтверждённый прайс с артикулом"
"public-06402ff7f23b05ebc30dfe22","HST-A4 Модель тренировочная мягкая","true","true","","","","https://a4d.kz/content/hst-a4-model-trenirovochnaya-myagkaya","P0_COMMERCIAL","NEEDS_OFFICIAL_EVIDENCE","Официальная страница бренда, каталог производителя или подтверждённый прайс с артикулом"
"public-fdbf42ef71c5226bdeca859b","HST-A5 Модель тренировочная","true","true","","","","https://a4d.kz/content/hst-a5-model-trenirovochnaya","P0_COMMERCIAL","NEEDS_OFFICIAL_EVIDENCE","Официальная страница бренда, каталог производителя или подтверждённый прайс с артикулом"
"public-691240e16712db24592177cf","HST-A7 Модель тренировочная","true","true","","","","https://a4d.kz/content/hst-a7-model-trenirovochnaya","P0_COMMERCIAL","NEEDS_OFFICIAL_EVIDENCE","Официальная страница бренда, каталог производителя или подтверждённый прайс с артикулом"
"public-783866d3bd7db411f4fa8cf6","HST-A7-01 Модель тренировочная","true","true","","","","https://a4d.kz/content/hst-a7-01-model-trenirovochnaya","P0_COMMERCIAL","NEEDS_OFFICIAL_EVIDENCE","Официальная страница бренда, каталог производителя или подтверждённый прайс с артикулом"
"public-8227cfdfc30f95d2393d5b2b","HST-B1 Ортодонтическая модель","true","true","","","","https://a4d.kz/content/hst-b1-ortodonticheskaya-model","P0_COMMERCIAL","NEEDS_OFFICIAL_EVIDENCE","Официальная страница бренда, каталог производителя или подтверждённый прайс с артикулом"
"public-af34ac85a5f4fb7b9b498e20","HST-B1-01 Ортодонтическая модель брекеты металические","true","true","","","","https://a4d.kz/content/hst-b1-01-ortodonticheskaya-model-brekety-metalicheskie","P0_COMMERCIAL","NEEDS_OFFICIAL_EVIDENCE","Официальная страница бренда, каталог производителя или подтверждённый прайс с артикулом"
"public-3b1d59afbe55e35e1f635273","HST-B1-02 Ортодонтическая модель брекеты метал./керамические","true","true","","","","https://a4d.kz/content/hst-b1-02-ortodonticheskaya-model-brekety-metalkeramicheskie","P0_COMMERCIAL","NEEDS_OFFICIAL_EVIDENCE","Официальная страница бренда, каталог производителя или подтверждённый прайс с артикулом"
"public-e4c1145d9fc1e461af64bbec","HST-B1-03 Ортодонтическая модель брекеты керамические","true","true","","","","https://a4d.kz/content/hst-b1-03-ortodonticheskaya-model-brekety-keramicheskie","P0_COMMERCIAL","NEEDS_OFFICIAL_EVIDENCE","Официальная страница бренда, каталог производителя или подтверждённый прайс с артикулом"
"public-20fe8b7fbb14637bcd4e2fcf","HST-B2 Ортодонтическая модель","true","true","","","","https://a4d.kz/content/hst-b2-ortodonticheskaya-model","P0_COMMERCIAL","NEEDS_OFFICIAL_EVIDENCE","Официальная страница бренда, каталог производителя или подтверждённый прайс с артикулом"
"public-7d6e8420d05efd49f7d2c6a1","HST-B2-01 Ортодонтическая модель брекеты металические","true","true","","","","https://a4d.kz/content/hst-b2-01-ortodonticheskaya-model-brekety-metalicheskie","P0_COMMERCIAL","NEEDS_OFFICIAL_EVIDENCE","Официальная страница бренда, каталог производителя или подтверждённый прайс с артикулом"
"public-0a1ed77390e91c1f439a2c73","HST-B2-02 Ортодонтическая модель брекеты метал./керамические","true","true","","","","https://a4d.kz/content/hst-b2-02-ortodonticheskaya-model-brekety-metalkeramicheskie","P0_COMMERCIAL","NEEDS_OFFICIAL_EVIDENCE","Официальная страница бренда, каталог производителя или подтверждённый прайс с артикулом"
"public-651a81d3d4c457edec21cf82","HST-B2-03 Ортодонтическая модель брекеты керамические","true","true","","","","https://a4d.kz/content/hst-b2-03-ortodonticheskaya-model-brekety-keramicheskie","P0_COMMERCIAL","NEEDS_OFFICIAL_EVIDENCE","Официальная страница бренда, каталог производителя или подтверждённый прайс с артикулом"
"public-6612148b9dafb6afa1598a94","HST-B3 Ортодонтическая модель","true","true","","","","https://a4d.kz/content/hst-b3-ortodonticheskaya-model","P0_COMMERCIAL","NEEDS_OFFICIAL_EVIDENCE","Официальная страница бренда, каталог производителя или подтверждённый прайс с артикулом"
"public-09f9e00706313b9547c81f24","HST-B3-01 Ортодонтическая модель металические брекеты","true","true","","","","https://a4d.kz/content/hst-b3-01-ortodonticheskaya-model-metalicheskie-brekety","P0_COMMERCIAL","NEEDS_OFFICIAL_EVIDENCE","Официальная страница бренда, каталог производителя или подтверждённый прайс с артикулом"
"public-c3a42378900da8f299897ca4","HST-B3-02 Ортодонтическая модель брекеты метал./керамические","true","true","","","","https://a4d.kz/content/hst-b3-02-ortodonticheskaya-model-brekety-metalkeramicheskie","P0_COMMERCIAL","NEEDS_OFFICIAL_EVIDENCE","Официальная страница бренда, каталог производителя или подтверждённый прайс с артикулом"
"public-9ab09edc12676b5ec64c1c06","HST-B3-03 Ортодонтическая модель брекеты керамические","true","true","","","","https://a4d.kz/content/hst-b3-03-ortodonticheskaya-model-brekety-keramicheskie","P0_COMMERCIAL","NEEDS_OFFICIAL_EVIDENCE","Официальная страница бренда, каталог производителя или подтверждённый прайс с артикулом"
"public-80f267b36ebe51a8d0be2434","HST-B4 Ортодонтическая модель","true","true","","","","https://a4d.kz/content/hst-b4-ortodonticheskaya-model","P0_COMMERCIAL","NEEDS_OFFICIAL_EVIDENCE","Официальная страница бренда, каталог производителя или подтверждённый прайс с артикулом"
"public-6775fcd776d4cfb8a0620e67","HST-B4-01 Ортодонтическая модель брекеты металические","true","true","","","","https://a4d.kz/content/hst-b4-01-ortodonticheskaya-model-brekety-metalicheskie","P0_COMMERCIAL","NEEDS_OFFICIAL_EVIDENCE","Официальная страница бренда, каталог производителя или подтверждённый прайс с артикулом"
"public-0414f15e81fee16f66bede83","HST-B4-02 Ортодонтическая модель брекеты метал./керамические","true","true","","","","https://a4d.kz/content/hst-b4-02-ortodonticheskaya-model-brekety-metalkeramicheskie","P0_COMMERCIAL","NEEDS_OFFICIAL_EVIDENCE","Официальная страница бренда, каталог производителя или подтверждённый прайс с артикулом"
"public-15853bfea94d50340cc63679","HST-B4-03 Ортодонтическая модель брекеты керамические","true","true","","","","https://a4d.kz/content/hst-b4-03-ortodonticheskaya-model-brekety-keramicheskie","P0_COMMERCIAL","NEEDS_OFFICIAL_EVIDENCE","Официальная страница бренда, каталог производителя или подтверждённый прайс с артикулом"
"public-96b3e194f152b9fa2b196dcb","HST-B5 Ортодонтическая модель","true","true","","","","https://a4d.kz/content/hst-b5-ortodonticheskaya-model","P0_COMMERCIAL","NEEDS_OFFICIAL_EVIDENCE","Официальная страница бренда, каталог производителя или подтверждённый прайс с артикулом"
"public-0fce1c5d45bcdab4aa738076","HST-B5-01 Ортодонтическая модель металлические брекеты","true","true","","","","https://a4d.kz/content/hst-b5-01-ortodonticheskaya-model-metallicheskie-brekety","P0_COMMERCIAL","NEEDS_OFFICIAL_EVIDENCE","Официальная страница бренда, каталог производителя или подтверждённый прайс с артикулом"
"public-63a6e43654ddd93c9d3427ee","HST-B5-02 Ортодонтическая модель брекеты метал./керамические","true","true","","","","https://a4d.kz/content/hst-b5-02-ortodonticheskaya-model-brekety-metalkeramicheskie","P0_COMMERCIAL","NEEDS_OFFICIAL_EVIDENCE","Официальная страница бренда, каталог производителя или подтверждённый прайс с артикулом"
"public-d86006299b74fa0d0cffe3c9","HST-B5-03 Ортодонтическая модель брекеты керамические","true","true","","","","https://a4d.kz/content/hst-b5-03-ortodonticheskaya-model-brekety-keramicheskie","P0_COMMERCIAL","NEEDS_OFFICIAL_EVIDENCE","Официальная страница бренда, каталог производителя или подтверждённый прайс с артикулом"
"public-4d5ca20469d9cf0f0ca93787","HST-B6 Ортодонтическая модель","true","true","","","","https://a4d.kz/content/hst-b6-ortodonticheskaya-model","P0_COMMERCIAL","NEEDS_OFFICIAL_EVIDENCE","Официальная страница бренда, каталог производителя или подтверждённый прайс с артикулом"
"public-fa066e4ba806a24bc5494b7f","HST-B6-01 Ортодонтическая модель металлические брекеты","true","true","","","","https://a4d.kz/content/hst-b6-01-ortodonticheskaya-model-metallicheskie-brekety","P0_COMMERCIAL","NEEDS_OFFICIAL_EVIDENCE","Официальная страница бренда, каталог производителя или подтверждённый прайс с артикулом"
"public-ddd162baa5f15dec91de6716","HST-B6-02 Ортодонтическая модель металлические брекеты/керамические","true","true","","","","https://a4d.kz/content/hst-b6-02-ortodonticheskaya-model-metallicheskie-breketykeramicheskie","P0_COMMERCIAL","NEEDS_OFFICIAL_EVIDENCE","Официальная страница бренда, каталог производителя или подтверждённый прайс с артикулом"
"public-bb131b4e9e0c3761fc61e528","HST-B6-03 Ортодонтическая модель брекеты керамические","true","true","","","","https://a4d.kz/content/hst-b6-03-ortodonticheskaya-model-brekety-keramicheskie","P0_COMMERCIAL","NEEDS_OFFICIAL_EVIDENCE","Официальная страница бренда, каталог производителя или подтверждённый прайс с артикулом"
"public-7f30b81ba7cbd3ef1b08468e","HST-B7 Ортодонтическая модель","true","true","","","","https://a4d.kz/content/hst-b7-ortodonticheskaya-model","P0_COMMERCIAL","NEEDS_OFFICIAL_EVIDENCE","Официальная страница бренда, каталог производителя или подтверждённый прайс с артикулом"
"public-9168218e622a18c6b2185866","HST-B7-01 Ортодонтическая модель металлические брекеты","true","true","","","","https://a4d.kz/content/hst-b7-01-ortodonticheskaya-model-metallicheskie-brekety","P0_COMMERCIAL","NEEDS_OFFICIAL_EVIDENCE","Официальная страница бренда, каталог производителя или подтверждённый прайс с артикулом"
"public-bdf08a1910c5f75b602cc126","HST-B7-02 Ортодонтическая модель металлические брекеты","true","true","","","","https://a4d.kz/content/hst-b7-02-ortodonticheskaya-model-metallicheskie-brekety","P0_COMMERCIAL","NEEDS_OFFICIAL_EVIDENCE","Официальная страница бренда, каталог производителя или подтверждённый прайс с артикулом"
"public-574f84cfa1dacd67969fbcb0","HST-B7-03 Ортодонтическая модель керамические брекеты","true","true","","","","https://a4d.kz/content/hst-b7-03-ortodonticheskaya-model-keramicheskie-brekety","P0_COMMERCIAL","NEEDS_OFFICIAL_EVIDENCE","Официальная страница бренда, каталог производителя или подтверждённый прайс с артикулом"
"public-c65f805b538da8add1c8aad0","HST-B8 Ортодонтическая модель","true","true","","","","https://a4d.kz/content/hst-b8-ortodonticheskaya-model","P0_COMMERCIAL","NEEDS_OFFICIAL_EVIDENCE","Официальная страница бренда, каталог производителя или подтверждённый прайс с артикулом"
"public-252630c4d5d9165968620dfc","HST-B8-01 Ортодонтическая модель","true","true","","","","https://a4d.kz/content/hst-b8-01-ortodonticheskaya-model","P0_COMMERCIAL","NEEDS_OFFICIAL_EVIDENCE","Официальная страница бренда, каталог производителя или подтверждённый прайс с артикулом"
"public-862130d2a016b50e5a04e81a","HST-B8-02 Ортодонтическая модель металлические брекеты","true","true","","","","https://a4d.kz/content/hst-b8-02-ortodonticheskaya-model-metallicheskie-brekety","P0_COMMERCIAL","NEEDS_OFFICIAL_EVIDENCE","Официальная страница бренда, каталог производителя или подтверждённый прайс с артикулом"
"public-cd4e0b223cb9840d70f3b2a6","HST-B8-03 Ортодонтическая модель металлические брекеты","true","true","","","","https://a4d.kz/content/hst-b8-03-ortodonticheskaya-model-metallicheskie-brekety","P0_COMMERCIAL","NEEDS_OFFICIAL_EVIDENCE","Официальная страница бренда, каталог производителя или подтверждённый прайс с артикулом"
"public-68d285de3844055c396e1d7f","HST-B9-01 Ортодонтическая модель брекеты металические","true","true","","","","https://a4d.kz/content/hst-b9-01-ortodonticheskaya-model-brekety-metalicheskie","P0_COMMERCIAL","NEEDS_OFFICIAL_EVIDENCE","Официальная страница бренда, каталог производителя или подтверждённый прайс с артикулом"
"public-56e24dc1649c5524bc48918c","HST-C1 Модель с патологиями, имплантом","true","true","","","","https://a4d.kz/content/hst-c1-model-s-patologiyami-implantom","P0_COMMERCIAL","NEEDS_OFFICIAL_EVIDENCE","Официальная страница бренда, каталог производителя или подтверждённый прайс с артикулом"
"public-5a6e7abdb93a58dbc70b2f1b","HST-C11 Модель с патологиями","true","true","","","","https://a4d.kz/content/hst-c11-model-s-patologiyami","P0_COMMERCIAL","NEEDS_OFFICIAL_EVIDENCE","Официальная страница бренда, каталог производителя или подтверждённый прайс с артикулом"
"public-0e022007c63b01f900996ae8","HST-C12 Модель с кариесом","true","true","","","","https://a4d.kz/content/hst-c12-model-s-kariesom","P0_COMMERCIAL","NEEDS_OFFICIAL_EVIDENCE","Официальная страница бренда, каталог производителя или подтверждённый прайс с артикулом"
"public-cefca2483ecbadebd528eccf","HST-C13 Модель с патологиями, нерв","true","true","","","","https://a4d.kz/content/hst-c13-model-s-patologiyami-nerv","P0_COMMERCIAL","NEEDS_OFFICIAL_EVIDENCE","Официальная страница бренда, каталог производителя или подтверждённый прайс с артикулом"
"public-79ef117aa4edfc34777f4ff8","HST-C2 Модель с патологиями, без зуба","true","true","","","","https://a4d.kz/content/hst-c2-model-s-patologiyami-bez-zuba","P0_COMMERCIAL","NEEDS_OFFICIAL_EVIDENCE","Официальная страница бренда, каталог производителя или подтверждённый прайс с артикулом"
"public-5b282b4803fad6257cc17c81","HST-C4 Модель с патологиями, имплантом","true","true","","","","https://a4d.kz/content/hst-c4-model-s-patologiyami-implantom","P0_COMMERCIAL","NEEDS_OFFICIAL_EVIDENCE","Официальная страница бренда, каталог производителя или подтверждённый прайс с артикулом"
"public-a3cf8c92ebc840f82f547f2a","HST-C6 Модель с патологиями","true","true","","","","https://a4d.kz/content/hst-c6-model-s-patologiyami","P0_COMMERCIAL","NEEDS_OFFICIAL_EVIDENCE","Официальная страница бренда, каталог производителя или подтверждённый прайс с артикулом"
"public-7221ea4feb185e76b1020b31","HST-C7 Модель кариес","true","true","","","","https://a4d.kz/content/hst-c7-model-karies","P0_COMMERCIAL","NEEDS_OFFICIAL_EVIDENCE","Официальная страница бренда, каталог производителя или подтверждённый прайс с артикулом"
"public-9d4bda2fe1d3c63bc0c2dcb2","IQ Dent Набор боров для виниров (9 шт)","false","true","IQ Dent","","MSK-B-85","https://medstom.kz/catalog","P0_COMMERCIAL","NEEDS_OFFICIAL_EVIDENCE","Официальная страница бренда, каталог производителя или подтверждённый прайс с артикулом"
"public-43d90451d5e4f91c96981f36","IQ Dent Набор боров для виниров (9 шт) в боксе","false","true","IQ Dent","","MSK-B-92","https://medstom.kz/catalog","P0_COMMERCIAL","NEEDS_OFFICIAL_EVIDENCE","Официальная страница бренда, каталог производителя или подтверждённый прайс с артикулом"
"public-e7bf8bc323f456198785d159","IQ Dent Набор боров для коронки (10 шт)","false","true","IQ Dent","","MSK-B-84","https://medstom.kz/catalog","P0_COMMERCIAL","NEEDS_OFFICIAL_EVIDENCE","Официальная страница бренда, каталог производителя или подтверждённый прайс с артикулом"
"public-f08c8d369a2319f99c7a91e5","IQ Dent Набор боров для коронки (10 шт) в боксе","false","true","IQ Dent","","MSK-B-90","https://medstom.kz/catalog","P0_COMMERCIAL","NEEDS_OFFICIAL_EVIDENCE","Официальная страница бренда, каталог производителя или подтверждённый прайс с артикулом"
"public-1251768b4d8b3f16fbbb0169","IQ Dent Набор боров для обработки композита (10 шт)","false","true","IQ Dent","","MSK-B-87","https://medstom.kz/catalog","P0_COMMERCIAL","NEEDS_OFFICIAL_EVIDENCE","Официальная страница бренда, каталог производителя или подтверждённый прайс с артикулом"
"public-3d8f501e3f34e446c37dfff1","IQ Dent Набор боров твердосплавных детский (в боксе)","false","true","IQ Dent","","MSK-B-94","https://medstom.kz/catalog","P0_COMMERCIAL","NEEDS_OFFICIAL_EVIDENCE","Официальная страница бренда, каталог производителя или подтверждённый прайс с артикулом"
"public-9922d212564d4ff8bf9d796a","IQ Dent Набор боров хирургические (10 шт)","false","true","IQ Dent","","MSK-B-86","https://medstom.kz/catalog","P0_COMMERCIAL","NEEDS_OFFICIAL_EVIDENCE","Официальная страница бренда, каталог производителя или подтверждённый прайс с артикулом"
"public-240a61ecca36f4be2cc227de","IQ Dent Набор боров хирургические (10 шт) в боксе","false","true","IQ Dent","","MSK-B-91","https://medstom.kz/catalog","P0_COMMERCIAL","NEEDS_OFFICIAL_EVIDENCE","Официальная страница бренда, каталог производителя или подтверждённый прайс с артикулом"
"public-4abe30abb101f4691d7e29e6","IQ Dent Набор для обработки композита (10 шт) в боксе","false","true","IQ Dent","","MSK-B-93","https://medstom.kz/catalog","P0_COMMERCIAL","NEEDS_OFFICIAL_EVIDENCE","Официальная страница бренда, каталог производителя или подтверждённый прайс с артикулом"
"public-d205c92b8a9eea47ccdadd78","IQ Dent Набор для эндодонтического доступа (без бокса)","false","true","IQ Dent","","MSK-B-88","https://medstom.kz/catalog","P0_COMMERCIAL","NEEDS_OFFICIAL_EVIDENCE","Официальная страница бренда, каталог производителя или подтверждённый прайс с артикулом"
"public-d2ede38eaa236dfa5416283c","IQ Dent Набор для эндодонтического доступа (в боксе)","false","true","IQ Dent","","MSK-B-89","https://medstom.kz/catalog","P0_COMMERCIAL","NEEDS_OFFICIAL_EVIDENCE","Официальная страница бренда, каталог производителя или подтверждённый прайс с артикулом"
"public-a96b0b379318736615cfd1bd","J-хоок-витх кудпидхоок","true","true","","","","https://a4d.kz/content/j-hook-cudpidhook","P0_COMMERCIAL","NEEDS_OFFICIAL_EVIDENCE","Официальная страница бренда, каталог производителя или подтверждённый прайс с артикулом"
"public-a0c7cc6e0535cf07d0565718","K-файл Niti","true","true","","","","https://a4d.kz/content/k-fayl-niti","P0_COMMERCIAL","NEEDS_OFFICIAL_EVIDENCE","Официальная страница бренда, каталог производителя или подтверждённый прайс с артикулом"
"public-a0055cf1227c84b51cc889ff","K08A ультразвуковой скалер","true","true","","","","https://a4d.kz/content/k08a-ultrazvukovoy-skaler","P0_COMMERCIAL","NEEDS_OFFICIAL_EVIDENCE","Официальная страница бренда, каталог производителя или подтверждённый прайс с артикулом"
"public-5f437874fa0810c9bf924a3e","K08B ультразвуковой скалер.","true","true","","","","https://a4d.kz/content/k08b-ultrazvukovoy-skaler","P0_COMMERCIAL","NEEDS_OFFICIAL_EVIDENCE","Официальная страница бренда, каталог производителя или подтверждённый прайс с артикулом"
"public-b56d53130991ae803ab8d225","K08D","true","true","","","","https://a4d.kz/content/k08d","P0_COMMERCIAL","NEEDS_OFFICIAL_EVIDENCE","Официальная страница бренда, каталог производителя или подтверждённый прайс с артикулом"
"public-1cde40a055aed3805025be2d","Kagayaki Mira Zr Паста для чистки и полирования 50г","true","true","","","KAGAYAKI-ZR","https://medstom.kz/catalog","P0_COMMERCIAL","NEEDS_OFFICIAL_EVIDENCE","Официальная страница бренда, каталог производителя или подтверждённый прайс с артикулом"
"public-e942ce4f6254e7e82e1bd325","Kagayaki Mira-паста шлифовальная 45гр/120гр","true","true","","","KAGAYAKI-MIRA","https://medstom.kz/catalog","P0_COMMERCIAL","NEEDS_OFFICIAL_EVIDENCE","Официальная страница бренда, каталог производителя или подтверждённый прайс с артикулом"
"public-970e9e819b640bd087641966","LATELUX 5 г","true","true","","","","https://a4d.kz/content/latelux-5-g","P0_COMMERCIAL","NEEDS_OFFICIAL_EVIDENCE","Официальная страница бренда, каталог производителя или подтверждённый прайс с артикулом"
"public-7844b1400ea9586e26fd010e","LATELUX системный набор","false","true","LaTus","","1400024","https://stomir.kz/","P0_COMMERCIAL","NEEDS_OFFICIAL_EVIDENCE","Официальная страница бренда, каталог производителя или подтверждённый прайс с артикулом"
"public-f03c494c711c6baa23d7f27f","Latelux Pro 62 (Набор)","true","true","","","MSK-T-2","https://medstom.kz/catalog","P0_COMMERCIAL","NEEDS_OFFICIAL_EVIDENCE","Официальная страница бренда, каталог производителя или подтверждённый прайс с артикулом"
"public-1a11fd2fc26e0a53529587b9","LM активатор 2 высокий короткий 55","true","true","","","","https://amdgroup.kz/catalog/high_/lm_aktivator_2_vysokiy_korotkiy_55_/","P0_COMMERCIAL","NEEDS_OFFICIAL_EVIDENCE","Официальная страница бренда, каталог производителя или подтверждённый прайс с артикулом"
"public-e0a93974ffbd6e146e1d0ddd","LM активатор 2 высокий корткий 35","true","true","","","","https://amdgroup.kz/catalog/high_/lm_aktivator_2_vysokiy_kortkiy_35_/","P0_COMMERCIAL","NEEDS_OFFICIAL_EVIDENCE","Официальная страница бренда, каталог производителя или подтверждённый прайс с артикулом"
"public-58da6dcdcd40d3bdc6305d58","LM активатор 2 лов шорт 45 Narrow для ортодонтической и миофунк Y коррекции с при и","true","true","","","","https://amdgroup.kz/catalog/low_/lm_aktivator_2_low_short_45_narrow_dlya_ortodonticheskoy_i_miofunk_y_korrektsii_s_pri_i/","P0_COMMERCIAL","NEEDS_OFFICIAL_EVIDENCE","Официальная страница бренда, каталог производителя или подтверждённый прайс с артикулом"
"public-c133a9caf64a28aae64a0090","LM активатор 2 лов шорт 50","true","true","","","","https://amdgroup.kz/catalog/low_/lm_aktivator_2_low_short_50/","P0_COMMERCIAL","NEEDS_OFFICIAL_EVIDENCE","Официальная страница бренда, каталог производителя или подтверждённый прайс с артикулом"
"public-4e663bf8e7df780df0dd3ebc","LM активатор 2 лов шорт 50NARROW для ортодонтической и миофунк Y коррекции с при и","true","true","","","","https://amdgroup.kz/catalog/low_/lm_aktivator_2_low_short_50narrow_dlya_ortodonticheskoy_i_miofunk_y_korrektsii_s_pri_i/","P0_COMMERCIAL","NEEDS_OFFICIAL_EVIDENCE","Официальная страница бренда, каталог производителя или подтверждённый прайс с артикулом"
"public-dd629784270ced583dc05598","LM активатор 2 лов шорт 60 Narrow","true","true","","","","https://amdgroup.kz/catalog/low_/lm_aktivator_2_low_short_60_narrow/","P0_COMMERCIAL","NEEDS_OFFICIAL_EVIDENCE","Официальная страница бренда, каталог производителя или подтверждённый прайс с артикулом"
"public-ba207355358102fa45c89e3f","LM активатор 2 лов шорт 65 Narrow","true","true","","","","https://amdgroup.kz/catalog/low_/lm_aktivator_2_low_short_65_narrow/","P0_COMMERCIAL","NEEDS_OFFICIAL_EVIDENCE","Официальная страница бренда, каталог производителя или подтверждённый прайс с артикулом"
"public-256746ec843e2d81a2044d3d","LM активатор 2 лов шорт 70 Narrow","true","true","","","","https://amdgroup.kz/catalog/low_/lm_aktivator_2_low_short_70_narrow/","P0_COMMERCIAL","NEEDS_OFFICIAL_EVIDENCE","Официальная страница бренда, каталог производителя или подтверждённый прайс с артикулом"
"public-3c5d27ff0a1fbe97a5f4bebe","LM активатор 2 лов Long 45 Narrow для ортодонтической и миофунк Y коррекции с при и","true","true","","","","https://amdgroup.kz/catalog/low_/lm_aktivator_2_low_long_45_narrow_dlya_ortodonticheskoy_i_miofunk_y_korrektsii_s_pri_i/","P0_COMMERCIAL","NEEDS_OFFICIAL_EVIDENCE","Официальная страница бренда, каталог производителя или подтверждённый прайс с артикулом"
"public-a6a67147c2807abc177ee514","LM активатор 2 лов Long 50 Narrow для ортодонтической и миофунк Y коррекции с при и","true","true","","","","https://amdgroup.kz/catalog/low_/lm_aktivator_2_low_long_50_narrow_dlya_ortodonticheskoy_i_miofunk_y_korrektsii_s_pri_i/","P0_COMMERCIAL","NEEDS_OFFICIAL_EVIDENCE","Официальная страница бренда, каталог производителя или подтверждённый прайс с артикулом"
"public-9b71b14134c793f10547837d","LM активатор 2 лов Long 60 Narrow","true","true","","","","https://amdgroup.kz/catalog/low_/lm_aktivator_2_low_long_60_narrow_/","P0_COMMERCIAL","NEEDS_OFFICIAL_EVIDENCE","Официальная страница бренда, каталог производителя или подтверждённый прайс с артикулом"
"public-56dd42c1e5beb73c2301a722","LM активатор 2 низкий короткий 35","true","true","","","","https://amdgroup.kz/catalog/low_/lm_aktivator_2_nizkiy_korotkiy_35/","P0_COMMERCIAL","NEEDS_OFFICIAL_EVIDENCE","Официальная страница бренда, каталог производителя или подтверждённый прайс с артикулом"
"public-4c2e33fbdc17af2e82825406","LM активатор 2 низкий короткий 40","true","true","","","","https://amdgroup.kz/catalog/low_/lm_aktivator_2_nizkiy_korotkiy_40/","P0_COMMERCIAL","NEEDS_OFFICIAL_EVIDENCE","Официальная страница бренда, каталог производителя или подтверждённый прайс с артикулом"
"public-547e391a0e785872ce9a651d","LM активатор 2 низкий короткий 55","true","true","","","","https://amdgroup.kz/catalog/low_/lm_aktivator_2_nizkiy_korotkiy_55_/","P0_COMMERCIAL","NEEDS_OFFICIAL_EVIDENCE","Официальная страница бренда, каталог производителя или подтверждённый прайс с артикулом"
"public-601be09f22b2d3d19da24f27","LM активатор 2 High шорт 45 Narrow для ортодонтической и миофунк Y коррекции с при и","true","true","","","","https://amdgroup.kz/catalog/high_/lm_aktivator_2_high_short_45_narrow_dlya_ortodonticheskoy_i_miofunk_y_korrektsii_s_pri_i/","P0_COMMERCIAL","NEEDS_OFFICIAL_EVIDENCE","Официальная страница бренда, каталог производителя или подтверждённый прайс с артикулом"
"public-26e3eebf24aefdf6c6d6cdc4","LM активатор 2 High шорт 50 Narrow для ортодонтической и миофунк Y коррекции с при и","true","true","","","","https://amdgroup.kz/catalog/high_/lm_aktivator_2_high_short_50_narrow_dlya_ortodonticheskoy_i_miofunk_y_korrektsii_s_pri_i/","P0_COMMERCIAL","NEEDS_OFFICIAL_EVIDENCE","Официальная страница бренда, каталог производителя или подтверждённый прайс с артикулом"
"public-8822c1cca2ce3ddac23f9c84","LM активатор 2 High шорт 60 Narrow","true","true","","","","https://amdgroup.kz/catalog/high_/lm_aktivator_2_high_short_60_narrow/","P0_COMMERCIAL","NEEDS_OFFICIAL_EVIDENCE","Официальная страница бренда, каталог производителя или подтверждённый прайс с артикулом"
"public-2ae89363674cc41482f8b451","LM активатор 2 High шорт 65 Narrow","true","true","","","","https://amdgroup.kz/catalog/high_/lm_aktivator_2_high_short_65_narrow/","P0_COMMERCIAL","NEEDS_OFFICIAL_EVIDENCE","Официальная страница бренда, каталог производителя или подтверждённый прайс с артикулом"
"public-4f059d3dc53541f4807c8b49","LM активатор 2 High шорт 70 Narrow","true","true","","","","https://amdgroup.kz/catalog/high_/lm_aktivator_2_high_short_70_narrow/","P0_COMMERCIAL","NEEDS_OFFICIAL_EVIDENCE","Официальная страница бренда, каталог производителя или подтверждённый прайс с артикулом"
"public-5ae82bcceecea597d7a5a0a4","LM активатор 2 High Long 40 Narrow","true","true","","","","https://amdgroup.kz/catalog/high_/lm_aktivator_2_high_long_40_narrow_/","P0_COMMERCIAL","NEEDS_OFFICIAL_EVIDENCE","Официальная страница бренда, каталог производителя или подтверждённый прайс с артикулом"
"public-65bc75ded3ae51b00ea811d5","LM активатор 2 High Long 45 Narrow для ортодонтической и миофунк Y коррекции с при и","true","true","","","","https://amdgroup.kz/catalog/high_/lm_aktivator_2_high_long_45_narrow_dlya_ortodonticheskoy_i_miofunk_y_korrektsii_s_pri_i/","P0_COMMERCIAL","NEEDS_OFFICIAL_EVIDENCE","Официальная страница бренда, каталог производителя или подтверждённый прайс с артикулом"
"public-c9f3add940cbaf4657597576","LM активатор 2 High Long 50 Narrow для ортодонтической и миофунк Y коррекции с при и","true","true","","","","https://amdgroup.kz/catalog/high_/lm_aktivator_2_high_long_50_narrow_dlya_ortodonticheskoy_i_miofunk_y_korrektsii_s_pri_i/","P0_COMMERCIAL","NEEDS_OFFICIAL_EVIDENCE","Официальная страница бренда, каталог производителя или подтверждённый прайс с артикулом"
"public-0680b98742cf3223421e5982","LM активатор 2 High Long 55 Narrow","true","true","","","","https://amdgroup.kz/catalog/high_/lm_aktivator_2_high_long_55_narrow/","P0_COMMERCIAL","NEEDS_OFFICIAL_EVIDENCE","Официальная страница бренда, каталог производителя или подтверждённый прайс с артикулом"
"public-0f6853bda9ef608229536f49","LM активатор 2 High Long 60 Narrow","true","true","","","","https://amdgroup.kz/catalog/high_/lm_aktivator_2_high_long_60_narrow/","P0_COMMERCIAL","NEEDS_OFFICIAL_EVIDENCE","Официальная страница бренда, каталог производителя или подтверждённый прайс с артикулом"
"public-90ad0345d0f58f31bc49dcfe","LM активатор 2 High Long 65 Narrow","true","true","","","","https://amdgroup.kz/catalog/high_/lm_aktivator_2_high_long_65_narrow/","P0_COMMERCIAL","NEEDS_OFFICIAL_EVIDENCE","Официальная страница бренда, каталог производителя или подтверждённый прайс с артикулом"
"public-6ee9fbec7760c1b7368d6717","LM активатор 2 High Long 70 Narrow","true","true","","","","https://amdgroup.kz/catalog/high_/lm_aktivator_2_high_long_70_narrow/","P0_COMMERCIAL","NEEDS_OFFICIAL_EVIDENCE","Официальная страница бренда, каталог производителя или подтверждённый прайс с артикулом"
"public-bbb04c6948bf7f3b96418e74","LM активатор 20 высокий короткий","true","true","","","","https://amdgroup.kz/catalog/high/lm_aktivator_20_vysokiy_korotkiy/","P0_COMMERCIAL","NEEDS_OFFICIAL_EVIDENCE","Официальная страница бренда, каталог производителя или подтверждённый прайс с артикулом"
"public-97170f0fa2c72b3f98715c87","LM активатор 20 лов короткий","true","true","","","","https://amdgroup.kz/catalog/low/lm_aktivator_20_low_korotkiy/","P0_COMMERCIAL","NEEDS_OFFICIAL_EVIDENCE","Официальная страница бренда, каталог производителя или подтверждённый прайс с артикулом"
"public-61507dcd51063b36e97cc4ee","LM активатор 25 высокий короткий","true","true","","","","https://amdgroup.kz/catalog/high/lm_aktivator_25_vysokiy_korotkiy/","P0_COMMERCIAL","NEEDS_OFFICIAL_EVIDENCE","Официальная страница бренда, каталог производителя или подтверждённый прайс с артикулом"
"public-352c1eb9300bc9a6b04a4ae9","LM активатор 25 лов короткий","true","true","","","","https://amdgroup.kz/catalog/low/lm_aktivator_25_low_korotkiy/","P0_COMMERCIAL","NEEDS_OFFICIAL_EVIDENCE","Официальная страница бренда, каталог производителя или подтверждённый прайс с артикулом"
"public-7d3b8407544a35778d624cb1","LM активатор 30 высокий короткий","true","true","","","","https://amdgroup.kz/catalog/high/lm_aktivator_30_vysokiy_korotkiy/","P0_COMMERCIAL","NEEDS_OFFICIAL_EVIDENCE","Официальная страница бренда, каталог производителя или подтверждённый прайс с артикулом"
"public-786c57c2470fd07bfc2fd6b9","LM активатор 30 лов короткий","true","true","","","","https://amdgroup.kz/catalog/low/lm_aktivator_30_low_korotkiy/","P0_COMMERCIAL","NEEDS_OFFICIAL_EVIDENCE","Официальная страница бренда, каталог производителя или подтверждённый прайс с артикулом"
"public-d05f4cd77eaa7820e7a67004","LM активатор 35 высокий короткий","true","true","","","","https://amdgroup.kz/catalog/high/lm_aktivator_35_vysokiy_korotkiy/","P0_COMMERCIAL","NEEDS_OFFICIAL_EVIDENCE","Официальная страница бренда, каталог производителя или подтверждённый прайс с артикулом"
"public-4f39d464d837bc53c1e40e77","LM активатор 35 лов короткий","true","true","","","","https://amdgroup.kz/catalog/low/lm_aktivator_35_low_korotkiy/","P0_COMMERCIAL","NEEDS_OFFICIAL_EVIDENCE","Официальная страница бренда, каталог производителя или подтверждённый прайс с артикулом"
"public-7882a7e7d75a5eec5eff3655","LM активатор 40 высокий короткий","true","true","","","","https://amdgroup.kz/catalog/high/lm_aktivator_40_vysokiy_korotkiy/","P0_COMMERCIAL","NEEDS_OFFICIAL_EVIDENCE","Официальная страница бренда, каталог производителя или подтверждённый прайс с артикулом"
"public-fab96dd89b3374d3820d7515","LM активатор 40 лов короткий","true","true","","","","https://amdgroup.kz/catalog/low/lm_aktivator_40_low_korotkiy/","P0_COMMERCIAL","NEEDS_OFFICIAL_EVIDENCE","Официальная страница бренда, каталог производителя или подтверждённый прайс с артикулом"
"public-5d9771b27a1b4d37523914a8","LM активатор 45 лов для ортодонтической и миофунк Y коррекции с при и","true","true","","","","https://amdgroup.kz/catalog/low/lm_aktivator_45_low_dlya_ortodonticheskoy_i_miofunk_y_korrektsii_s_pri_i/","P0_COMMERCIAL","NEEDS_OFFICIAL_EVIDENCE","Официальная страница бренда, каталог производителя или подтверждённый прайс с артикулом"
"public-5a6f4d6d469c9665f101759d","LM активатор 45 лов шорт для ортодонтической и миофунк Y коррекции с при и","true","true","","","","https://amdgroup.kz/catalog/low/lm_aktivator_45_low_short_dlya_ortodonticheskoy_i_miofunk_y_korrektsii_s_pri_i/","P0_COMMERCIAL","NEEDS_OFFICIAL_EVIDENCE","Официальная страница бренда, каталог производителя или подтверждённый прайс с артикулом"
"public-6bd91dbbfb080d4770f2558f","LM активатор 45 High для ортодонтической и миофунк Y коррекции с при и","true","true","","","","https://amdgroup.kz/catalog/high/lm_aktivator_45_high_dlya_ortodonticheskoy_i_miofunk_y_korrektsii_s_pri_i/","P0_COMMERCIAL","NEEDS_OFFICIAL_EVIDENCE","Официальная страница бренда, каталог производителя или подтверждённый прайс с артикулом"
"public-164f10cf40d16f82a1983c54","LM активатор 45 High шорт для ортодонтической и миофунк Y коррекции с при и","true","true","","","","https://amdgroup.kz/catalog/high/lm_aktivator_45_high_short_dlya_ortodonticheskoy_i_miofunk_y_korrektsii_s_pri_i/","P0_COMMERCIAL","NEEDS_OFFICIAL_EVIDENCE","Официальная страница бренда, каталог производителя или подтверждённый прайс с артикулом"
"public-1cae57fae30c8105df50dc8c","LM активатор 50 лов для ортодонтической и миофунк Y коррекции с при и","true","true","","","","https://amdgroup.kz/catalog/low/lm_aktivator_50_low_dlya_ortodonticheskoy_i_miofunk_y_korrektsii_s_pri_i/","P0_COMMERCIAL","NEEDS_OFFICIAL_EVIDENCE","Официальная страница бренда, каталог производителя или подтверждённый прайс с артикулом"
"public-728d984db41a9dcea14e56ba","LM активатор 50 лов шорт для ортодонтической и миофунк Y коррекции с при и","true","true","","","","https://amdgroup.kz/catalog/low/lm_aktivator_50_low_short_dlya_ortodonticheskoy_i_miofunk_y_korrektsii_s_pri_i/","P0_COMMERCIAL","NEEDS_OFFICIAL_EVIDENCE","Официальная страница бренда, каталог производителя или подтверждённый прайс с артикулом"
"public-e79272897795208d68425e42","LM активатор 50 High для ортодонтической и миофунк Y коррекции с при и","true","true","","","","https://amdgroup.kz/catalog/high/lm_aktivator_50_high_dlya_ortodonticheskoy_i_miofunk_y_korrektsii_s_pri_i/","P0_COMMERCIAL","NEEDS_OFFICIAL_EVIDENCE","Официальная страница бренда, каталог производителя или подтверждённый прайс с артикулом"
"public-1d233aff7ca266cae21a1df7","LM активатор 50 High шорт для ортодонтической и миофунк Y коррекции с при и","true","true","","","","https://amdgroup.kz/catalog/high/lm_aktivator_50_high_short_dlya_ortodonticheskoy_i_miofunk_y_korrektsii_s_pri_i/","P0_COMMERCIAL","NEEDS_OFFICIAL_EVIDENCE","Официальная страница бренда, каталог производителя или подтверждённый прайс с артикулом"
"public-646d24c7b73103a321f92edc","LM активатор 55 высокий короткий","true","true","","","","https://amdgroup.kz/catalog/high/lm_aktivator_55_vysokiy_korotkiy/","P0_COMMERCIAL","NEEDS_OFFICIAL_EVIDENCE","Официальная страница бренда, каталог производителя или подтверждённый прайс с артикулом"
"public-24dc09ba79cef4732dbf399b","LM активатор 55 лов шорт","true","true","","","","https://amdgroup.kz/catalog/low/lm_aktivator_55_low_short/","P0_COMMERCIAL","NEEDS_OFFICIAL_EVIDENCE","Официальная страница бренда, каталог производителя или подтверждённый прайс с артикулом"
"public-4161f075d0647d879a8c6397","LM активатор 60 лов шорт","true","true","","","","https://amdgroup.kz/catalog/low/lm_aktivator_60_low_short/","P0_COMMERCIAL","NEEDS_OFFICIAL_EVIDENCE","Официальная страница бренда, каталог производителя или подтверждённый прайс с артикулом"
"public-fca838829dced2efb6ceec98","LM активатор 60 High шорт","true","true","","","","https://amdgroup.kz/catalog/high/lm_aktivator_60_high_short/","P0_COMMERCIAL","NEEDS_OFFICIAL_EVIDENCE","Официальная страница бренда, каталог производителя или подтверждённый прайс с артикулом"
"public-0baba16f21c2a6d97d9ac8bc","LM активатор 65 лов шорт","true","true","","","","https://amdgroup.kz/catalog/low/lm_aktivator_65_low_short/","P0_COMMERCIAL","NEEDS_OFFICIAL_EVIDENCE","Официальная страница бренда, каталог производителя или подтверждённый прайс с артикулом"
"public-e18fa99f17859515d013c5fa","LM активатор 65 High шорт","true","true","","","","https://amdgroup.kz/catalog/high/lm_aktivator_65_high_short/","P0_COMMERCIAL","NEEDS_OFFICIAL_EVIDENCE","Официальная страница бренда, каталог производителя или подтверждённый прайс с артикулом"
"public-4d88f09fdd793c8f4e784d64","LM активатор 70 лов шорт","true","true","","","","https://amdgroup.kz/catalog/low/lm_aktivator_70_low_short/","P0_COMMERCIAL","NEEDS_OFFICIAL_EVIDENCE","Официальная страница бренда, каталог производителя или подтверждённый прайс с артикулом"
"public-9c3c6e9743c40e99861e5bf3","LM активатор 70 High шорт","true","true","","","","https://amdgroup.kz/catalog/high/lm_aktivator_70_high_short/","P0_COMMERCIAL","NEEDS_OFFICIAL_EVIDENCE","Официальная страница бренда, каталог производителя или подтверждённый прайс с артикулом"
"public-37ee14cc745357d820f587ed","LM активатор для ортодонтической и миофункционалной коррекции с принадлежностями в вариантах","true","true","","","","https://amdgroup.kz/catalog/low_/lm_aktivator_dlya_ortodonticheskoy_i_miofunktsionalnoy_korrektsii_s_prinadlezhnostyami_v_variantakh_/","P0_COMMERCIAL","NEEDS_OFFICIAL_EVIDENCE","Официальная страница бренда, каталог производителя или подтверждённый прайс с артикулом"
"public-d4eb0e2614e70e274bc58dd9","LM активатор для ортодонтической и миофункционалной коррекции с принадлежностями в вариантах 1","true","true","","","","https://amdgroup.kz/catalog/low_/lm_aktivator_dlya_ortodonticheskoy_i_miofunktsionalnoy_korrektsii_s_prinadlezhnostyami_v_variantakh__1/","P0_COMMERCIAL","NEEDS_OFFICIAL_EVIDENCE","Официальная страница бренда, каталог производителя или подтверждённый прайс с артикулом"
"public-0a4efa9276af1f78a2014378","LM активатор для ортодонтической и миофункционалной коррекции с принадлежностями в вариантах 2","true","true","","","","https://amdgroup.kz/catalog/low_/lm_aktivator_dlya_ortodonticheskoy_i_miofunktsionalnoy_korrektsii_s_prinadlezhnostyami_v_variantakh__2/","P0_COMMERCIAL","NEEDS_OFFICIAL_EVIDENCE","Официальная страница бренда, каталог производителя или подтверждённый прайс с артикулом"
"public-06373cd88e8987a1ac1bf02f","LM активатор для ортодонтической и миофункционалной коррекции с принадлежностями в вариантах 3","true","true","","","","https://amdgroup.kz/catalog/low_/lm_aktivator_dlya_ortodonticheskoy_i_miofunktsionalnoy_korrektsii_s_prinadlezhnostyami_v_variantakh__3/","P0_COMMERCIAL","NEEDS_OFFICIAL_EVIDENCE","Официальная страница бренда, каталог производителя или подтверждённый прайс с артикулом"
"public-63be60eacd79ff94654e9e46","LM активатор для ортодонтической и миофункционалной коррекции с принадлежностями в вариантах 4","true","true","","","","https://amdgroup.kz/catalog/low_/lm_aktivator_dlya_ortodonticheskoy_i_miofunktsionalnoy_korrektsii_s_prinadlezhnostyami_v_variantakh__4/","P0_COMMERCIAL","NEEDS_OFFICIAL_EVIDENCE","Официальная страница бренда, каталог производителя или подтверждённый прайс с артикулом"
"public-ca221568ddc0517f2ddac827","LM активатор для ортодонтической и миофункционалной коррекции с принадлежностями в вариантах 5","true","true","","","","https://amdgroup.kz/catalog/low_/lm_aktivator_dlya_ortodonticheskoy_i_miofunktsionalnoy_korrektsii_s_prinadlezhnostyami_v_variantakh__5/","P0_COMMERCIAL","NEEDS_OFFICIAL_EVIDENCE","Официальная страница бренда, каталог производителя или подтверждённый прайс с артикулом"
"public-ff629f11a178857caee75af3","LM активатор для ортодонтической и миофункционалной коррекции с принадлежностями в вариантах 6","true","true","","","","https://amdgroup.kz/catalog/low_/lm_aktivator_dlya_ortodonticheskoy_i_miofunktsionalnoy_korrektsii_s_prinadlezhnostyami_v_variantakh__6/","P0_COMMERCIAL","NEEDS_OFFICIAL_EVIDENCE","Официальная страница бренда, каталог производителя или подтверждённый прайс с артикулом"
"public-22933023d07522a009c279b6","LM активаторп 2 высокий короткий 40","true","true","","","","https://amdgroup.kz/catalog/nabory2/lm_aktivatorp_2_vysokiy_korotkiy_40_/","P0_COMMERCIAL","NEEDS_OFFICIAL_EVIDENCE","Официальная страница бренда, каталог производителя или подтверждённый прайс с артикулом"
"public-f348a96916f131526529dca1","LM траинер 2 медиум","true","true","","","","https://amdgroup.kz/catalog/lm_trainer/lm_trainer_2_medium/","P0_COMMERCIAL","NEEDS_OFFICIAL_EVIDENCE","Официальная страница бренда, каталог производителя или подтверждённый прайс с артикулом"
"public-cc9aadc4c68e53f8caaf8fe8","LM траинер медиум","true","true","","","","https://amdgroup.kz/catalog/lm_trainer/lm_trainer_medium/","P0_COMMERCIAL","NEEDS_OFFICIAL_EVIDENCE","Официальная страница бренда, каталог производителя или подтверждённый прайс с артикулом"
"public-a7eb6dc1e71d4e11aaae88a7","LM траинер смалл","true","true","","","","https://amdgroup.kz/catalog/lm_trainer/lm_trainer_small/","P0_COMMERCIAL","NEEDS_OFFICIAL_EVIDENCE","Официальная страница бренда, каталог производителя или подтверждённый прайс с артикулом"
"public-081b2dfc1ab258d8c94b7138","LM трейнер для брекетов LM траинербракес","true","true","","","","https://amdgroup.kz/catalog/lm_trainer/lm_treyner_dlya_breketov_lm_trainerbraces/","P0_COMMERCIAL","NEEDS_OFFICIAL_EVIDENCE","Официальная страница бренда, каталог производителя или подтверждённый прайс с артикулом"
"public-c80a318554435f894e4057fc","LM AKTIVATOR2 высокий 35 длинный узкий","true","true","","","","https://amdgroup.kz/catalog/high_/lm_aktivator2_vysokiy_35_dlinnyy_uzkiy/","P0_COMMERCIAL","NEEDS_OFFICIAL_EVIDENCE","Официальная страница бренда, каталог производителя или подтверждённый прайс с артикулом"
"public-944e7d99e6f4f4069397fe18","LM AKTIVATOR2 низкий длинный узкий 35","true","true","","","","https://amdgroup.kz/catalog/low_/lm_aktivator2_nizkiy_dlinnyy_uzkiy_35/","P0_COMMERCIAL","NEEDS_OFFICIAL_EVIDENCE","Официальная страница бренда, каталог производителя или подтверждённый прайс с артикулом"
"public-0129ee49c4a9a0db9c04b4d4","LM AKTIVATOR2 низкий длинный узкий 40","true","true","","","","https://amdgroup.kz/catalog/low_/lm_aktivator2_nizkiy_dlinnyy_uzkiy_40/","P0_COMMERCIAL","NEEDS_OFFICIAL_EVIDENCE","Официальная страница бренда, каталог производителя или подтверждённый прайс с артикулом"
"public-41d4bea9f03a9cb7c83fe30d","LM AKTIVATOR2 низкий длинный узкий 55","true","true","","","","https://amdgroup.kz/catalog/low_/lm_aktivator2_nizkiy_dlinnyy_uzkiy_55/","P0_COMMERCIAL","NEEDS_OFFICIAL_EVIDENCE","Официальная страница бренда, каталог производителя или подтверждённый прайс с артикулом"
"public-9b09897d4fdf5bba3e2e9632","LM AKTIVATOR2 низкий длинный узкий 60","true","true","","","","https://amdgroup.kz/catalog/low_/lm_aktivator2_nizkiy_dlinnyy_uzkiy_60/","P0_COMMERCIAL","NEEDS_OFFICIAL_EVIDENCE","Официальная страница бренда, каталог производителя или подтверждённый прайс с артикулом"
"public-4dadd79d739d52d8aa6f1c17","LM AKTIVATOR2 низкий длинный узкий 65","true","true","","","","https://amdgroup.kz/catalog/low_/lm_aktivator2_nizkiy_dlinnyy_uzkiy_65/","P0_COMMERCIAL","NEEDS_OFFICIAL_EVIDENCE","Официальная страница бренда, каталог производителя или подтверждённый прайс с артикулом"
"public-723ed685454b4211e99b4c1a","LM AKTIVATOR2 низкий длинный узкий 70","true","true","","","","https://amdgroup.kz/catalog/low_/lm_aktivator2_nizkiy_dlinnyy_uzkiy_70/","P0_COMMERCIAL","NEEDS_OFFICIAL_EVIDENCE","Официальная страница бренда, каталог производителя или подтверждённый прайс с артикулом"
"public-b37e670a8957949f1277fb29","LM AKTIVATOR2 низкий короткий узкий усиленный 35 94235LSNR","true","true","","","","https://amdgroup.kz/catalog/low_/lm_aktivator2_nizkiy_korotkiy_uzkiy_usilennyy_35_94235lsnr/","P0_COMMERCIAL","NEEDS_OFFICIAL_EVIDENCE","Официальная страница бренда, каталог производителя или подтверждённый прайс с артикулом"
"public-52769b10369b86ea8372790c","LM AKTIVATOR2 низкий короткий узкий усиленный 40 94240LSNR","true","true","","","","https://amdgroup.kz/catalog/low_/lm_aktivator2_nizkiy_korotkiy_uzkiy_usilennyy_40_94240lsnr/","P0_COMMERCIAL","NEEDS_OFFICIAL_EVIDENCE","Официальная страница бренда, каталог производителя или подтверждённый прайс с артикулом"
"public-543c38fd5955da58d01c5c75","LM AKTIVATOR2 низкий короткий узкий усиленный 45","true","true","","","","https://amdgroup.kz/catalog/low_/lm_aktivator2_nizkiy_korotkiy_uzkiy_usilennyy_45/","P0_COMMERCIAL","NEEDS_OFFICIAL_EVIDENCE","Официальная страница бренда, каталог производителя или подтверждённый прайс с артикулом"
"public-36cefc7f78e509b622330544","LM AKTIVATOR2 низкий короткий узкий усиленный 55","true","true","","","","https://amdgroup.kz/catalog/low_/lm_aktivator2_nizkiy_korotkiy_uzkiy_usilennyy_55/","P0_COMMERCIAL","NEEDS_OFFICIAL_EVIDENCE","Официальная страница бренда, каталог производителя или подтверждённый прайс с артикулом"
"public-b54e7d3478be7da0700f360b","LM AKTIVATOR2 низкий короткий узкий усиленный 60","true","true","","","","https://amdgroup.kz/catalog/low_/lm_aktivator2_nizkiy_korotkiy_uzkiy_usilennyy_60/","P0_COMMERCIAL","NEEDS_OFFICIAL_EVIDENCE","Официальная страница бренда, каталог производителя или подтверждённый прайс с артикулом"
"public-833a8fa2dbb2daca5ca8fef0","LM AKTIVATOR2 низкий короткий узкий усиленный 65","true","true","","","","https://amdgroup.kz/catalog/low_/lm_aktivator2_nizkiy_korotkiy_uzkiy_usilennyy_65/","P0_COMMERCIAL","NEEDS_OFFICIAL_EVIDENCE","Официальная страница бренда, каталог производителя или подтверждённый прайс с артикулом"
"public-185cfcb891de6aa3c30efd9b","LM AKTIVATOR2 низкий короткий узкий усиленный 70","true","true","","","","https://amdgroup.kz/catalog/low_/lm_aktivator2_nizkiy_korotkiy_uzkiy_usilennyy_70/","P0_COMMERCIAL","NEEDS_OFFICIAL_EVIDENCE","Официальная страница бренда, каталог производителя или подтверждённый прайс с артикулом"
"public-e9b7d156b9b46e8695097c28","LUMEX AC гингива грапефруит 12 г масса для безметал керамики","false","true","VITA","","","https://amdgroup.kz/catalog/lumex/lumex_ac_gingiva_grapefruit_12_g_massa_d_bezmetal_keramiki/","P0_COMMERCIAL","NEEDS_OFFICIAL_EVIDENCE","Официальная страница бренда, каталог производителя или подтверждённый прайс с артикулом"
"public-cae4024c893f2b77786c3ed2","LUMEX AC енамел интенсе 12 г масса для безметал керамики","false","true","VITA","","","https://amdgroup.kz/catalog/lumex/lumex_ac_enamel_intense_12_g_massa_d_bezmetal_keramiki/","P0_COMMERCIAL","NEEDS_OFFICIAL_EVIDENCE","Официальная страница бренда, каталог производителя или подтверждённый прайс с артикулом"
"public-d9fef2368ff7ac79a6f19fc2","LUMEX AC енамел клеар 12 г масса для безметал керамики","false","true","VITA","","","https://amdgroup.kz/catalog/lumex/lumex_ac_enamel_clear_12_g_massa_d_bezmetal_keramiki/","P0_COMMERCIAL","NEEDS_OFFICIAL_EVIDENCE","Официальная страница бренда, каталог производителя или подтверждённый прайс с артикулом"
"public-a32016196616352845c604f6","LUMEX AC енамел клеар 50 г масса для безметал керамики","false","true","VITA","","","https://amdgroup.kz/catalog/lumex/lumex_ac_enamel_clear_50_g_massa_d_bezmetal_keramiki/","P0_COMMERCIAL","NEEDS_OFFICIAL_EVIDENCE","Официальная страница бренда, каталог производителя или подтверждённый прайс с артикулом"
"public-1df1d480456c4a2e3b5f5e47","LUMEX AC енамел лигхт 12 г масса для безметал керамики","false","true","VITA","","","https://amdgroup.kz/catalog/lumex/lumex_ac_enamel_light_12_g_massa_d_bezmetal_keramiki/","P0_COMMERCIAL","NEEDS_OFFICIAL_EVIDENCE","Официальная страница бренда, каталог производителя или подтверждённый прайс с артикулом"
"public-c1bb637ce79b949a846f25a8","LUMEX AC енамел медиум 12 г масса для безметал керамики","false","true","VITA","","","https://amdgroup.kz/catalog/lumex/lumex_ac_enamel_medium_12_g_massa_d_bezmetal_keramiki/","P0_COMMERCIAL","NEEDS_OFFICIAL_EVIDENCE","Официальная страница бренда, каталог производителя или подтверждённый прайс с артикулом"
"public-c19eb1a32e8d2de2899c4e75","LUMEX AC енамел фог 12 г масса для безметал керамики","false","true","VITA","","","https://amdgroup.kz/catalog/lumex/lumex_ac_enamel_fog_12_g_massa_d_bezmetal_keramiki/","P0_COMMERCIAL","NEEDS_OFFICIAL_EVIDENCE","Официальная страница бренда, каталог производителя или подтверждённый прайс с артикулом"
"public-1cadaa0ae81669e3f23a4b08","LUMEX AC енамел фог 50 г масса для безметал керамики","false","true","VITA","","","https://amdgroup.kz/catalog/lumex/lumex_ac_enamel_fog_50_g_massa_d_bezmetal_keramiki/","P0_COMMERCIAL","NEEDS_OFFICIAL_EVIDENCE","Официальная страница бренда, каталог производителя или подтверждённый прайс с артикулом"
"public-4a91f2f7708e8c5d584bf8b7","LUMEX AC Corrective Neutral 12 г масса для безметал керамики","false","true","VITA","","","https://amdgroup.kz/catalog/lumex/lumex_ac_corrective_neutral_12_g_massa_d_bezmetal_keramiki/","P0_COMMERCIAL","NEEDS_OFFICIAL_EVIDENCE","Официальная страница бренда, каталог производителя или подтверждённый прайс с артикулом"
"public-5ce6ae59ee79823176ca0f96","Medesy иглодержатель изогнутый малый","true","true","","","","https://medstom.kz/catalog","P0_COMMERCIAL","NEEDS_OFFICIAL_EVIDENCE","Официальная страница бренда, каталог производителя или подтверждённый прайс с артикулом"
"public-3cd8c9e98f173c4977b7901e","Medesy иглодержатель прямой 1521","true","true","","","","https://medstom.kz/catalog","P0_COMMERCIAL","NEEDS_OFFICIAL_EVIDENCE","Официальная страница бренда, каталог производителя или подтверждённый прайс с артикулом"
"public-d5dec5be366f412f3be38c3e","Medesy ножницы прямые","true","true","","","","https://medstom.kz/catalog","P0_COMMERCIAL","NEEDS_OFFICIAL_EVIDENCE","Официальная страница бренда, каталог производителя или подтверждённый прайс с артикулом"
"public-09758611b68a6271dea2ca4b","Medesy щипцы 2500/51-1","true","true","","","","https://medstom.kz/catalog","P0_COMMERCIAL","NEEDS_OFFICIAL_EVIDENCE","Официальная страница бренда, каталог производителя или подтверждённый прайс с артикулом"
"public-da9791b9cfec1e521f93e3b9","Medesy элеватор","true","true","","","","https://medstom.kz/catalog","P0_COMMERCIAL","NEEDS_OFFICIAL_EVIDENCE","Официальная страница бренда, каталог производителя или подтверждённый прайс с артикулом"
"public-bf2a33ef7220c634002c3925","Mini Mold – набор силиконовых форм, для изготовления аттачментов в ортодонтии","true","true","","","","https://a4d.kz/content/mini-mold-nabor-silikonovyh-form-dlya-izgotovleniya-attachmentov-v-ortodontii","P0_COMMERCIAL","NEEDS_OFFICIAL_EVIDENCE","Официальная страница бренда, каталог производителя или подтверждённый прайс с артикулом"
"public-280b2214b0b9caa0255ffecd","Niti K-файл","true","true","","","","https://a4d.kz/content/niti-k-fayl","P0_COMMERCIAL","NEEDS_OFFICIAL_EVIDENCE","Официальная страница бренда, каталог производителя или подтверждённый прайс с артикулом"
"public-3352e29f71ee29a042bb989b","OL и для E N T-азуре инкисал","true","true","","","","https://medstom.kz/catalog","P0_COMMERCIAL","NEEDS_OFFICIAL_EVIDENCE","Официальная страница бренда, каталог производителя или подтверждённый прайс с артикулом"
"public-87bd5b13278c9801a2d591de","OL I D E N T- ОliSPHERIC-Наногибридный композит","true","true","","","","https://medstom.kz/catalog","P0_COMMERCIAL","NEEDS_OFFICIAL_EVIDENCE","Официальная страница бренда, каталог производителя или подтверждённый прайс с артикулом"
"public-e733ea9686aa853a92f03380","OL I D E N T-O li Bulk F i l l MD и л и U D","true","true","","","","https://medstom.kz/catalog","P0_COMMERCIAL","NEEDS_OFFICIAL_EVIDENCE","Официальная страница бренда, каталог производителя или подтверждённый прайс с артикулом"
"public-66c985c5cbb42f5e3f9133d8","OL I D E N T-O li R E V O","true","true","","","","https://medstom.kz/catalog","P0_COMMERCIAL","NEEDS_OFFICIAL_EVIDENCE","Официальная страница бренда, каталог производителя или подтверждённый прайс с артикулом"
"public-fffb2230a89977d160605671","OL I D E N T-O n e Sh a d e","true","true","","","","https://medstom.kz/catalog","P0_COMMERCIAL","NEEDS_OFFICIAL_EVIDENCE","Официальная страница бренда, каталог производителя или подтверждённый прайс с артикулом"
"public-9a0c265eac878b7dd4af231d","OLIDEN T- Набор OliR EVO ( 8 x 5 g )","true","true","","","","https://medstom.kz/catalog","P0_COMMERCIAL","NEEDS_OFFICIAL_EVIDENCE","Официальная страница бренда, каталог производителя или подтверждённый прайс с артикулом"
"public-eabb7b935569f85fe4c85860","OLIDENT OlIREVO набор (6 шприцов) с бондом 5/7 поколения","true","true","","","MSK-T-14","https://medstom.kz/catalog","P0_COMMERCIAL","NEEDS_OFFICIAL_EVIDENCE","Официальная страница бренда, каталог производителя или подтверждённый прайс с артикулом"
"public-9e728d73b34095f43f378f30","OLIDENT VIP Esthetic набор (6 шприцов) с бондом 5/7 поколения","true","true","","","MSK-T-12","https://medstom.kz/catalog","P0_COMMERCIAL","NEEDS_OFFICIAL_EVIDENCE","Официальная страница бренда, каталог производителя или подтверждённый прайс с артикулом"
"public-3b41205e9dad83061af5efb1","OLIDENT-Набор OliCo XP (8 x 5g) с бондом 5/7 поколения","true","true","","","MSK-T-11","https://medstom.kz/catalog","P0_COMMERCIAL","NEEDS_OFFICIAL_EVIDENCE","Официальная страница бренда, каталог производителя или подтверждённый прайс с артикулом"
"public-ace7830158dd4b81fb0b9b19","OLIDENT-Набор OliREVO (8 x 5g) с бондом 5/7 поколения","true","true","","","MSK-T-9","https://medstom.kz/catalog","P0_COMMERCIAL","NEEDS_OFFICIAL_EVIDENCE","Официальная страница бренда, каталог производителя или подтверждённый прайс с артикулом"
"public-c42b27e9bfa11a836cab07fc","OLIDENT-Набор VIP Esthetic (8 x 5g) с бондом 5/7 поколения","true","true","","","MSK-T-10","https://medstom.kz/catalog","P0_COMMERCIAL","NEEDS_OFFICIAL_EVIDENCE","Официальная страница бренда, каталог производителя или подтверждённый прайс с артикулом"
"public-db552652f54d05cdd749fe9f","OLIDENT-НаборOliCoXP(8x 5g)","true","true","","","","https://medstom.kz/catalog","P0_COMMERCIAL","NEEDS_OFFICIAL_EVIDENCE","Официальная страница бренда, каталог производителя или подтверждённый прайс с артикулом"
"public-9295a2082ed2d14f9994bf84","OLIDENT-OliBOND 5-го поколения (Адгезив)","true","true","","","MSK-T-48","https://medstom.kz/catalog","P0_COMMERCIAL","NEEDS_OFFICIAL_EVIDENCE","Официальная страница бренда, каталог производителя или подтверждённый прайс с артикулом"
"public-17c6f546cc098bf037d50f1b","OLIDENT-OliBOND 7-го поколения (Адгезив)","true","true","","","MSK-T-47","https://medstom.kz/catalog","P0_COMMERCIAL","NEEDS_OFFICIAL_EVIDENCE","Официальная страница бренда, каталог производителя или подтверждённый прайс с артикулом"
"public-1a14604c3586b67b98478bda","OLIDENT-OliBulk Fill &amp; ONEshade (Универсальный композит)","true","true","","","MSK-T-17","https://medstom.kz/catalog","P0_COMMERCIAL","NEEDS_OFFICIAL_EVIDENCE","Официальная страница бренда, каталог производителя или подтверждённый прайс с артикулом"
"public-53760da8ed55b08425dbcd9a","OLIDENT-OliBulk Fill MD или UD (Шприц)","true","true","","","MSK-T-18","https://medstom.kz/catalog","P0_COMMERCIAL","NEEDS_OFFICIAL_EVIDENCE","Официальная страница бренда, каталог производителя или подтверждённый прайс с артикулом"
"public-2335798fa15233fe9f23b283","OLIDENT-OliBulkFill&amp;ONEshade(хамелеон)Универсальный стоматологический композит","true","true","","","","https://medstom.kz/catalog","P0_COMMERCIAL","NEEDS_OFFICIAL_EVIDENCE","Официальная страница бренда, каталог производителя или подтверждённый прайс с артикулом"
"public-32455837115e809969d921f5","OLIDENT-OliCo ХР набор (6 шприцов) нанокерамический","true","true","","","MSK-T-13","https://medstom.kz/catalog","P0_COMMERCIAL","NEEDS_OFFICIAL_EVIDENCE","Официальная страница бренда, каталог производителя или подтверждённый прайс с артикулом"
"public-bc01eaca769ef4d07c165967","OLIDENT-OliCo XP нанокерамический (Шприц 5 гр)","true","true","","","MSK-T-15","https://medstom.kz/catalog","P0_COMMERCIAL","NEEDS_OFFICIAL_EVIDENCE","Официальная страница бренда, каталог производителя или подтверждённый прайс с артикулом"
"public-6ff89930e4a970074c41c326","OLIDENT-OliCoXPнабор(6шприцов)нанокерамический","true","true","","","","https://medstom.kz/catalog","P0_COMMERCIAL","NEEDS_OFFICIAL_EVIDENCE","Официальная страница бренда, каталог производителя или подтверждённый прайс с артикулом"
"public-7c1579cf8b6460804c9b66a7","OLIDENT-OliFllowCORЕ","true","true","","","","https://medstom.kz/catalog","P0_COMMERCIAL","NEEDS_OFFICIAL_EVIDENCE","Официальная страница бренда, каталог производителя или подтверждённый прайс с артикулом"
"public-4545190cce0c51664a50124d","OLIDENT-Oliflow (Жидкотекучий пломбировочный материал)","true","true","","","MSK-T-20","https://medstom.kz/catalog","P0_COMMERCIAL","NEEDS_OFFICIAL_EVIDENCE","Официальная страница бренда, каталог производителя или подтверждённый прайс с артикулом"
"public-35c8c199bd8c0340cd66e888","OLIDENT-Oliflow Стоматологический пломбировочный матерал","true","true","","","","https://medstom.kz/catalog","P0_COMMERCIAL","NEEDS_OFFICIAL_EVIDENCE","Официальная страница бренда, каталог производителя или подтверждённый прайс с артикулом"
"public-f4c8030ed75bc36d15400f1e","OLIDENT-OliNano SEAL (Полупрозрачный лак)","true","true","","","MSK-T-46","https://medstom.kz/catalog","P0_COMMERCIAL","NEEDS_OFFICIAL_EVIDENCE","Официальная страница бренда, каталог производителя или подтверждённый прайс с артикулом"
"public-82cb09557a4a36a8d0f48a04","OLIDENT-OliPower Bleaching (Отбеливающий гель 35%)","true","true","","","MSK-T-45","https://medstom.kz/catalog","P0_COMMERCIAL","NEEDS_OFFICIAL_EVIDENCE","Официальная страница бренда, каталог производителя или подтверждённый прайс с артикулом"
"public-cf0807f5ace66cb354f5d0a2","OLIDENT-OliREVO (Шприц 5 г)","true","true","","","MSK-T-22","https://medstom.kz/catalog","P0_COMMERCIAL","NEEDS_OFFICIAL_EVIDENCE","Официальная страница бренда, каталог производителя или подтверждённый прайс с артикулом"
"public-5a97b2e5e68f59bb762a4c2e","OLIDENT-OliREVOнабор(6шприцов )","true","true","","","","https://medstom.kz/catalog","P0_COMMERCIAL","NEEDS_OFFICIAL_EVIDENCE","Официальная страница бренда, каталог производителя или подтверждённый прайс с артикулом"
"public-05d1484caea8d297d7c33884","OLIDENT-OliSPHERIC (Наногибридный композит)","true","true","","","MSK-T-21","https://medstom.kz/catalog","P0_COMMERCIAL","NEEDS_OFFICIAL_EVIDENCE","Официальная страница бренда, каталог производителя или подтверждённый прайс с артикулом"
"public-8abdbb404fc0e731d001a85b","OLIDENT-OliTemp (для временных коронок)","true","true","","","MSK-T-38","https://medstom.kz/catalog","P0_COMMERCIAL","NEEDS_OFFICIAL_EVIDENCE","Официальная страница бренда, каталог производителя или подтверждённый прайс с артикулом"
"public-9a0c56cd4ca6d5d7e1178075","OLIDENT-OliTemp esthetic (Бис-акриловый материал)","true","true","","","MSK-T-37","https://medstom.kz/catalog","P0_COMMERCIAL","NEEDS_OFFICIAL_EVIDENCE","Официальная страница бренда, каталог производителя или подтверждённый прайс с артикулом"
"public-efb16e26dd85f62bbe2d475b","OLIDENT-One Shade (Шприц)","true","true","","","MSK-T-19","https://medstom.kz/catalog","P0_COMMERCIAL","NEEDS_OFFICIAL_EVIDENCE","Официальная страница бренда, каталог производителя или подтверждённый прайс с артикулом"
"public-413765490bca442ebac4b775","OLIDENT-VIP Estheti c набор(6 шприцов)","true","true","","","","https://medstom.kz/catalog","P0_COMMERCIAL","NEEDS_OFFICIAL_EVIDENCE","Официальная страница бренда, каталог производителя или подтверждённый прайс с артикулом"
"public-dbc83048759fd7000a79a4e7","OLIDENT-VIP Esthetic Композит светового отверждения","true","true","","","","https://medstom.kz/catalog","P0_COMMERCIAL","NEEDS_OFFICIAL_EVIDENCE","Официальная страница бренда, каталог производителя или подтверждённый прайс с артикулом"
"public-04a6bbce8f963d4b04ff5830","OLIDENT-VIP Esthetic Композит светового отверждения (Шприц 5 гр)","true","true","","","MSK-T-16","https://medstom.kz/catalog","P0_COMMERCIAL","NEEDS_OFFICIAL_EVIDENCE","Официальная страница бренда, каталог производителя или подтверждённый прайс с артикулом"
"public-6e3d3bb1f42fb0e8301de715","Pluggers Плагер стальные","true","true","","","","https://a4d.kz/content/pluggers-plager-stalnye","P0_COMMERCIAL","NEEDS_OFFICIAL_EVIDENCE","Официальная страница бренда, каталог производителя или подтверждённый прайс с артикулом"
"public-6acb9c2208855f3c34505b30","Pluggers Плагер Niti","true","true","","","","https://a4d.kz/content/pluggers-plager-niti","P0_COMMERCIAL","NEEDS_OFFICIAL_EVIDENCE","Официальная страница бренда, каталог производителя или подтверждённый прайс с артикулом"
"public-99fe2204c414c9410f23b6ab","PRIMA Алмазный бор (разные размеры)","true","true","","","MSK-B-101","https://medstom.kz/catalog","P0_COMMERCIAL","NEEDS_OFFICIAL_EVIDENCE","Официальная страница бренда, каталог производителя или подтверждённый прайс с артикулом"
"public-5162cbdaec733d326a936031","PRIMA Бор хирургический (разные размеры)","true","true","","","MSK-B-98","https://medstom.kz/catalog","P0_COMMERCIAL","NEEDS_OFFICIAL_EVIDENCE","Официальная страница бренда, каталог производителя или подтверждённый прайс с артикулом"
"public-8425f834d039974a8c4f7931","PRIMA Твердосплавный бор FG3 Surg","true","true","","","MSK-B-100","https://medstom.kz/catalog","P0_COMMERCIAL","NEEDS_OFFICIAL_EVIDENCE","Официальная страница бренда, каталог производителя или подтверждённый прайс с артикулом"
"public-c4a05f6e1a7664983000ff0f","PRIMA Accu Prep коронкорез","true","true","","","MSK-B-99","https://medstom.kz/catalog","P0_COMMERCIAL","NEEDS_OFFICIAL_EVIDENCE","Официальная страница бренда, каталог производителя или подтверждённый прайс с артикулом"
"public-481b083ebf357a090afadea1","Provicol 2×25 г","true","true","","","","https://amdgroup.kz/catalog/materialy_/provikol_2kh25g/","P0_COMMERCIAL","NEEDS_OFFICIAL_EVIDENCE","Официальная страница бренда, каталог производителя или подтверждённый прайс с артикулом"
"public-562ab9dca790a42b588bf85c","Reamers Римеры","true","true","","","","https://a4d.kz/content/reamers-rimery","P0_COMMERCIAL","NEEDS_OFFICIAL_EVIDENCE","Официальная страница бренда, каталог производителя или подтверждённый прайс с артикулом"
"public-1b8534b65b1b7e5b85eb979d","S ретрактор- Англия","true","true","","","","https://a4d.kz/content/s-retraktor-angliya","P0_COMMERCIAL","NEEDS_OFFICIAL_EVIDENCE","Официальная страница бренда, каталог производителя или подтверждённый прайс с артикулом"
"public-cc7341ef6bbf5a969bfb3ff6","S TYPE стул стоматологический","true","true","","","","https://medstom.kz/catalog","P0_COMMERCIAL","NEEDS_OFFICIAL_EVIDENCE","Официальная страница бренда, каталог производителя или подтверждённый прайс с артикулом"
"public-b131c9b3d9029f357f2a40ae","SA 320 Piezomed","true","true","","","","https://amdgroup.kz/catalog/fiziodispenser/sa_320_piezomed/","P0_COMMERCIAL","NEEDS_OFFICIAL_EVIDENCE","Официальная страница бренда, каталог производителя или подтверждённый прайс с артикулом"
"public-637c7263e61b3f9075797a00","Sagen Бонд 5мл","true","true","","","","https://medstom.kz/catalog","P0_COMMERCIAL","NEEDS_OFFICIAL_EVIDENCE","Официальная страница бренда, каталог производителя или подтверждённый прайс с артикулом"
"public-c5932970aa1ca3e19f561903","Sagen Balance набор","true","true","","","","https://medstom.kz/catalog","P0_COMMERCIAL","NEEDS_OFFICIAL_EVIDENCE","Официальная страница бренда, каталог производителя или подтверждённый прайс с артикулом"
"public-fd885c563d0bb0f0db4fc1be","Sagen Balance нанокомпозит 4г ЕА1 (Шприц)","true","true","","","MSK-T-5","https://medstom.kz/catalog","P0_COMMERCIAL","NEEDS_OFFICIAL_EVIDENCE","Официальная страница бренда, каталог производителя или подтверждённый прайс с артикулом"
"public-7f48935ce73c763820d93caa","Sagen Flow Текущий фотополимерный композит","true","true","","","MSK-T-25","https://medstom.kz/catalog","P0_COMMERCIAL","NEEDS_OFFICIAL_EVIDENCE","Официальная страница бренда, каталог производителя или подтверждённый прайс с артикулом"
"public-1cacce29c5d378dbbe6e3368","SANI кабель на апекслокатор","true","true","","","","https://medstom.kz/catalog","P0_COMMERCIAL","NEEDS_OFFICIAL_EVIDENCE","Официальная страница бренда, каталог производителя или подтверждённый прайс с артикулом"
"public-711f09ef0299adbee81c2975","SANI наконечник на эндомотор (1:1)","true","true","","","","https://medstom.kz/catalog","P0_COMMERCIAL","NEEDS_OFFICIAL_EVIDENCE","Официальная страница бренда, каталог производителя или подтверждённый прайс с артикулом"
"public-d66880fb9a529c39adcd39d4","SANI TD-50 эндомотор","true","true","","","","https://medstom.kz/catalog","P0_COMMERCIAL","NEEDS_OFFICIAL_EVIDENCE","Официальная страница бренда, каталог производителя или подтверждённый прайс с артикулом"
"public-6150e88301f83f4d732a07ce","SANI ULTRA WHALE эндоактиватор","true","true","","","","https://medstom.kz/catalog","P0_COMMERCIAL","NEEDS_OFFICIAL_EVIDENCE","Официальная страница бренда, каталог производителя или подтверждённый прайс с артикулом"
"public-8cff14b2a758dc986da25975","Septanest с адреналином 1 100000 1,7 мл по 10 катриджей по 5 шт. в пачке","true","true","","","","https://amdgroup.kz/catalog/anestetik/septanest_s_adrenalinom_1_100000_1_7_ml_po_10_katridzhey_po_5_sht_v_pachke/","P0_COMMERCIAL","NEEDS_OFFICIAL_EVIDENCE","Официальная страница бренда, каталог производителя или подтверждённый прайс с артикулом"
"public-ac7bdf6a6c555290c5d57ebc","Shofu CX Plus (Стеклоиномерный цемент)","false","true","Shofu","","MSK-T-44","https://medstom.kz/catalog","P0_COMMERCIAL","NEEDS_OFFICIAL_EVIDENCE","Официальная страница бренда, каталог производителя или подтверждённый прайс с артикулом"
"public-aba0fed53541f9030bb30541","SOCO Прямой наконечник","true","true","","","","https://medstom.kz/catalog","P0_COMMERCIAL","NEEDS_OFFICIAL_EVIDENCE","Официальная страница бренда, каталог производителя или подтверждённый прайс с артикулом"
"public-40caeeb6cf00f542704a43d9","SOCO Турбинный наконечник (без подсветки)","true","true","","","","https://medstom.kz/catalog","P0_COMMERCIAL","NEEDS_OFFICIAL_EVIDENCE","Официальная страница бренда, каталог производителя или подтверждённый прайс с артикулом"
"public-6e004db43ab66103aed3b998","SOCO S-One, S-One plus 21/25/31мм машинные файлы с реципкроком","true","true","","","","https://a4d.kz/content/soco-s-one-s-one-plus-212531mm-mashinnye-fayly-s-recipkrokom","P0_COMMERCIAL","NEEDS_OFFICIAL_EVIDENCE","Официальная страница бренда, каталог производителя или подтверждённый прайс с артикулом"
"public-22038614e677df3f29b5da0c","Spreaders Спредеры","true","true","","","","https://a4d.kz/content/spreaders-spredery","P0_COMMERCIAL","NEEDS_OFFICIAL_EVIDENCE","Официальная страница бренда, каталог производителя или подтверждённый прайс с артикулом"
"public-3a680c4f3e2486953c60504f","SS лигатура 010/012","true","true","","","","https://a4d.kz/content/ss-ligatura-010012","P0_COMMERCIAL","NEEDS_OFFICIAL_EVIDENCE","Официальная страница бренда, каталог производителя или подтверждённый прайс с артикулом"
"public-258d7a2863b393507527e85d","Super Path файлы SANI","true","true","","","","https://a4d.kz/content/super-path-fayly-sani","P0_COMMERCIAL","NEEDS_OFFICIAL_EVIDENCE","Официальная страница бренда, каталог производителя или подтверждённый прайс с артикулом"
"public-7c93627348aa274e552e5834","Surgitip стерильные слюноотсосы обеспечивает превосходную аспирацию","true","true","","","","https://a4d.kz/content/surgitip-sterilnye-slyunootsosy-obespechivaet-prevoshodnuyu-aspiraciyu","P0_COMMERCIAL","NEEDS_OFFICIAL_EVIDENCE","Официальная страница бренда, каталог производителя или подтверждённый прайс с артикулом"
"public-bea136aa743908e7f40392a4","T+филе(патх филе)","true","true","","","","https://a4d.kz/content/tfilepath-file","P0_COMMERCIAL","NEEDS_OFFICIAL_EVIDENCE","Официальная страница бренда, каталог производителя или подтверждённый прайс с артикулом"
"public-ef32eca2b1dea036c9e64b58","TEALTH 45°-PL-Q-M4 турбинный наконечник со светом","false","true","Tealth","","","https://medstom.kz/catalog","P0_COMMERCIAL","NEEDS_OFFICIAL_EVIDENCE","Официальная страница бренда, каталог производителя или подтверждённый прайс с артикулом"
"public-23cca818b2ca0e20b336093b","TEALTH CEN-01C угловой кнопочный наконечник","false","true","Tealth","","","https://medstom.kz/catalog","P0_COMMERCIAL","NEEDS_OFFICIAL_EVIDENCE","Официальная страница бренда, каталог производителя или подтверждённый прайс с артикулом"
"public-0dac749e1593174cd491a96f","TEALTH CK-08-M4 турбинный наконечник без света","false","true","Tealth","","","https://medstom.kz/catalog","P0_COMMERCIAL","NEEDS_OFFICIAL_EVIDENCE","Официальная страница бренда, каталог производителя или подтверждённый прайс с артикулом"
"public-eecb20721249616c51767d78","TEALTH CK-11-M4 турбинный наконечний со светом","false","true","Tealth","","","https://medstom.kz/catalog","P0_COMMERCIAL","NEEDS_OFFICIAL_EVIDENCE","Официальная страница бренда, каталог производителя или подтверждённый прайс с артикулом"
"public-e8128a8f23d7a16d30668363","TEALTH CK-18-M4 турбинный наконечник со светом","false","true","Tealth","","","https://medstom.kz/catalog","P0_COMMERCIAL","NEEDS_OFFICIAL_EVIDENCE","Официальная страница бренда, каталог производителя или подтверждённый прайс с артикулом"
"public-0e08b85ea4ae4c55a95cc8da","TEALTH H2-01 роторная группа для моделей CK-01, CK-11","false","true","Tealth","","","https://medstom.kz/catalog","P0_COMMERCIAL","NEEDS_OFFICIAL_EVIDENCE","Официальная страница бренда, каталог производителя или подтверждённый прайс с артикулом"
"public-ef428f88f8fc02c8eec824c0","TEALTH H2-08 роторная группа для моделей CK-08, CK-18","false","true","Tealth","","","https://medstom.kz/catalog","P0_COMMERCIAL","NEEDS_OFFICIAL_EVIDENCE","Официальная страница бренда, каталог производителя или подтверждённый прайс с артикулом"
"public-7f57669473c19995a9e852d6","TEALTH SEN-10C хирургический наконечник для физиодиспенчера 20°","false","true","Tealth","","","https://medstom.kz/catalog","P0_COMMERCIAL","NEEDS_OFFICIAL_EVIDENCE","Официальная страница бренда, каталог производителя или подтверждённый прайс с артикулом"
"public-be9600d4b4dc792a0fa9c573","TEALTH SIN-02C хирургический наконечник для физиодиспенсера прямой","false","true","Tealth","","","https://medstom.kz/catalog","P0_COMMERCIAL","NEEDS_OFFICIAL_EVIDENCE","Официальная страница бренда, каталог производителя или подтверждённый прайс с артикулом"
"public-0151a8e4eacd420cd422db8b","THE-Block Out Resin (LC RESIN) универсальный фотополимерный материал","true","true","","","","https://a4d.kz/content/block-out-resin-lc-resin-universalnyy-fotopolimernyy-material","P0_COMMERCIAL","NEEDS_OFFICIAL_EVIDENCE","Официальная страница бренда, каталог производителя или подтверждённый прайс с артикулом"
"public-a6dd582dcc8a221deac3a577","U-филе","true","true","","","","https://a4d.kz/content/u-file","P0_COMMERCIAL","NEEDS_OFFICIAL_EVIDENCE","Официальная страница бренда, каталог производителя или подтверждённый прайс с артикулом"
"public-26105a71fdfc89d09c395996","Ufi гел хард 60 г 40 мл 20 мл к T","true","true","","","","https://amdgroup.kz/catalog/materialy_/ufi_gel_khard_60g_40ml_20ml_k_t_/","P0_COMMERCIAL","NEEDS_OFFICIAL_EVIDENCE","Официальная страница бренда, каталог производителя или подтверждённый прайс с артикулом"
"public-77de63073bd8d1dd8dd71b4a","Ufi гел P 50 мл 50 мл KAT10 10 10ADG","true","true","","","","https://amdgroup.kz/catalog/materialy_/ufi_gel_p_50ml_50ml_kat10_10_10adg_/","P0_COMMERCIAL","NEEDS_OFFICIAL_EVIDENCE","Официальная страница бренда, каталог производителя или подтверждённый прайс с артикулом"
"public-b25cd0c9a4daf4cc6d3c58f7","Ultra Smart AI Endo Ultrasonic Activator-эндоактиватор","true","true","","","","https://a4d.kz/content/ultra-smart-ai-endo-ultrasonic-activator-endoaktivator","P0_COMMERCIAL","NEEDS_OFFICIAL_EVIDENCE","Официальная страница бренда, каталог производителя или подтверждённый прайс с артикулом"
"public-f32539e21f56ca35fd855f09","Ultra Smart Endo Ultrasonic Activator эндоактиватор","true","true","","","","https://a4d.kz/content/ultra-smart-endo-ultrasonic-activator-endoaktivator","P0_COMMERCIAL","NEEDS_OFFICIAL_EVIDENCE","Официальная страница бренда, каталог производителя или подтверждённый прайс с артикулом"
"public-35ea917ff397d8751641528a","Ultra whale эндоактиватор","true","true","","","","https://a4d.kz/content/ultra-whale-endoaktivator","P0_COMMERCIAL","NEEDS_OFFICIAL_EVIDENCE","Официальная страница бренда, каталог производителя или подтверждённый прайс с артикулом"
"public-b66cd8e7c75ac75e42da332a","Ventura нанолукс в комплекте с принадлежностями 1167","true","true","","","","https://amdgroup.kz/catalog/plombirovochnye_materialy/ventura_nanolux_v_komplekte_s_prinadlezhnostyami_1167/","P0_COMMERCIAL","NEEDS_OFFICIAL_EVIDENCE","Официальная страница бренда, каталог производителя или подтверждённый прайс с артикулом"
"public-93a33d2f42a1d9fdeb7a5b84","Ventura нанолукс A 3 5,4 г","true","true","","","","https://amdgroup.kz/catalog/plombirovochnye_materialy/ventura_nanolux_a_3_5_4g_/","P0_COMMERCIAL","NEEDS_OFFICIAL_EVIDENCE","Официальная страница бренда, каталог производителя или подтверждённый прайс с артикулом"
"public-73c564f64d47277169e89aaf","Ventura нанолукс A1 4 г 1160","true","true","","","","https://amdgroup.kz/catalog/plombirovochnye_materialy/ventura_nanolux_a1_4g_1160/","P0_COMMERCIAL","NEEDS_OFFICIAL_EVIDENCE","Официальная страница бренда, каталог производителя или подтверждённый прайс с артикулом"
"public-2fa177f06ce99d384ca95c74","Ventura нанолукс A2 4 г 1161","true","true","","","","https://amdgroup.kz/catalog/plombirovochnye_materialy/ventura_nanolux_a2_4_g_1161/","P0_COMMERCIAL","NEEDS_OFFICIAL_EVIDENCE","Официальная страница бренда, каталог производителя или подтверждённый прайс с артикулом"
"public-ef2d967fb43938d693c10f39","Ventura нанолукс A3 4 г 1162","true","true","","","","https://amdgroup.kz/catalog/plombirovochnye_materialy/ventura_nanolux_a3_4_g_1162/","P0_COMMERCIAL","NEEDS_OFFICIAL_EVIDENCE","Официальная страница бренда, каталог производителя или подтверждённый прайс с артикулом"
"public-32f2282cb53cbb25a23537dd","Ventura симилукс в комлекте с принадлежностями 1643","true","true","","","","https://amdgroup.kz/catalog/plombirovochnye_materialy/ventura_similux_v_komlekte_s_prinadlezhnostyami_1643/","P0_COMMERCIAL","NEEDS_OFFICIAL_EVIDENCE","Официальная страница бренда, каталог производителя или подтверждённый прайс с артикулом"
"public-a2c68170c6181ce6064f2c83","Ventura симилукс A1 4 г 1630","true","true","","","","https://amdgroup.kz/catalog/plombirovochnye_materialy/ventura_similux_a1_4g_1630/","P0_COMMERCIAL","NEEDS_OFFICIAL_EVIDENCE","Официальная страница бренда, каталог производителя или подтверждённый прайс с артикулом"
"public-8520014bdbd15a7eb7250f49","Ventura симилукс A2 4 г 1631","true","true","","","","https://amdgroup.kz/catalog/plombirovochnye_materialy/ventura_similux_a2_4g_1631/","P0_COMMERCIAL","NEEDS_OFFICIAL_EVIDENCE","Официальная страница бренда, каталог производителя или подтверждённый прайс с артикулом"
"public-de76733f3ee0100f51302b11","Ventura симилукс A3 4 г 1632","true","true","","","","https://amdgroup.kz/catalog/plombirovochnye_materialy/ventura_similux_a3_4g_1632/","P0_COMMERCIAL","NEEDS_OFFICIAL_EVIDENCE","Официальная страница бренда, каталог производителя или подтверждённый прайс с артикулом"
"public-a84237eb10b8db262257cfbf","Ventura симилукс A3 5,4 г 1633","true","true","","","","https://amdgroup.kz/catalog/plombirovochnye_materialy/ventura_similux_a3_5_4g_1633/","P0_COMMERCIAL","NEEDS_OFFICIAL_EVIDENCE","Официальная страница бренда, каталог производителя или подтверждённый прайс с артикулом"
"public-e9070fc6258545ada1eea243","Ventura Flow A1 3,4 г 12 tips 1594","true","true","","","","https://amdgroup.kz/catalog/plombirovochnye_materialy/ventura_flow_a1_3_4_gr_12_tips_1594/","P0_COMMERCIAL","NEEDS_OFFICIAL_EVIDENCE","Официальная страница бренда, каталог производителя или подтверждённый прайс с артикулом"
"public-db18ad6e8ce849c8d51dd67d","VITA LUMEX AC триал Kit A2","false","true","VITA","","","https://amdgroup.kz/catalog/lumex/vita_lumex_ac_trial_kit_a2/","P0_COMMERCIAL","NEEDS_OFFICIAL_EVIDENCE","Официальная страница бренда, каталог производителя или подтверждённый прайс с артикулом"
"public-747535705a2e67c49b2d86ad","VRN Порошок для наддесневой обработки на основе бикарбоната натрия (в ассортименте: 25мкм,55мкм, 65мкм)","false","true","VRN","","","https://medstom.kz/catalog","P0_COMMERCIAL","NEEDS_OFFICIAL_EVIDENCE","Официальная страница бренда, каталог производителя или подтверждённый прайс с артикулом"
"public-4e2c5e6c5017eb2fa474dbf5","VRN A8-автономный ультразвуковой скалер с подсветкой","false","true","VRN","","","https://medstom.kz/catalog","P0_COMMERCIAL","NEEDS_OFFICIAL_EVIDENCE","Официальная страница бренда, каталог производителя или подтверждённый прайс с артикулом"
"public-eddfff4d5c0c53b8b6b264f5","VRN DA-1 эндоактиватор","false","true","VRN","","","https://medstom.kz/catalog","P0_COMMERCIAL","NEEDS_OFFICIAL_EVIDENCE","Официальная страница бренда, каталог производителя или подтверждённый прайс с артикулом"
"public-72a3282220cfd3c30bd77d90","VRN DM-1 беспроводной эндомотор со встроенным апесклокатором","false","true","VRN","","","https://medstom.kz/catalog","P0_COMMERCIAL","NEEDS_OFFICIAL_EVIDENCE","Официальная страница бренда, каталог производителя или подтверждённый прайс с артикулом"
"public-fa24389e06d9e3eee0ccca8d","VRN-Q6 AIR-MASTER Два аппарата в одном Ультразвуковой скалер +эйр фло.","false","true","VRN","","","https://a4d.kz/content/vrn-q6-air-master-dva-apparata-v-odnom-ultrazvukovoy-skaler-eyr-flo","P0_COMMERCIAL","NEEDS_OFFICIAL_EVIDENCE","Официальная страница бренда, каталог производителя или подтверждённый прайс с артикулом"
"public-f2d073e4a34cd3ac2e314087","W-филе (ваве оне)","true","true","","","","https://a4d.kz/content/w-file-wave-one","P0_COMMERCIAL","NEEDS_OFFICIAL_EVIDENCE","Официальная страница бренда, каталог производителя или подтверждённый прайс с артикулом"
"public-1b4cd22ce14856da687d3900","W-GEL – набор для клинического фото отбеливания зубов. (на 10 пациентов)","true","true","","","","https://a4d.kz/content/w-gel-nabor-dlya-klinicheskogo-foto-otbelivaniya-zubov-na-10-pacientov","P0_COMMERCIAL","NEEDS_OFFICIAL_EVIDENCE","Официальная страница бренда, каталог производителя или подтверждённый прайс с артикулом"
"public-65d259ad129a26f8556533ca","WJ Medical электромотор + WJ-422 повышающий наконечник","true","true","","","","https://medstom.kz/catalog","P0_COMMERCIAL","NEEDS_OFFICIAL_EVIDENCE","Официальная страница бренда, каталог производителя или подтверждённый прайс с артикулом"
"public-a88d8eb31283ac948d496e79","X-file перелечивание корневых каналов","true","true","","","","https://a4d.kz/content/x-file-perelechivanie-kornevyh-kanalov","P0_COMMERCIAL","NEEDS_OFFICIAL_EVIDENCE","Официальная страница бренда, каталог производителя или подтверждённый прайс с артикулом"
"public-fbaac10f2e7515aecc34004d","Z-Best Универсальный наногибридный композит","true","true","","","MSK-T-27","https://medstom.kz/catalog","P0_COMMERCIAL","NEEDS_OFFICIAL_EVIDENCE","Официальная страница бренда, каталог производителя или подтверждённый прайс с артикулом"
"public-39965d0c787aff69eb270d0c","Zetaplus L intro kit набор С-силиконовая слепочная масса","true","true","","","","https://medstom.kz/catalog","P0_COMMERCIAL","NEEDS_OFFICIAL_EVIDENCE","Официальная страница бренда, каталог производителя или подтверждённый прайс с артикулом"
