officialProductId,brand,manufacturer,name,manufacturerRef,manufacturerRefs,variants,variantCount,categoryPath,summary,description,imageUrls,imageCount,kzEvidence,status,sourcePageUrl
98,LaTus,Private Enterprise «Latus»,Latelux Pro 62 Professional system kit,2407,2407,Latelux Pro 62 User application=2407,1,Dental restorative materials,Universal nanohybrid light cure restorative composite. Use for all type of fine cosmetic restorations in dentistry.,"Universal microhybrid light cure restorative composite. Use for all type of fine cosmetic restorations in dentistry. Composition and main characteristic Latelux belongs to the group of nanohybrid composites hardening under the influence of light with a wavelength of 400-500 nm. The composite consists of a polymer matrix and an inorganic radiopaque modified filler. The basis of the polymer matrix is Bis-GMA, urethane dimethacrylate and other acrylic oligomers. Pasta Latelux has a high plasticity, good form stability, does not stick to the tool. The cured material has good polishability, is characterized by high strength with diametrical compression (55 MPa), microhardness (84 kg / mm2), low water absorption (7.4 μg / mm3). The material is radiopaque. Package: 50 g paste Latelux in 10 shades: А2, А3, А3.5, В1, В2, С2, ОА2, ОА3, ОВ3, In 1 shade condensable Latelux MS ОВ2 2 х 2,2 g Latelux flow (А2, ОА3) 2,2 g Reoliner-LC 3 g polishing paste Diapol-1.5 6 g bond Monotex 3 g glazing varnish Lateglint 2 x4 g etching gel Soft Etch 3 g dentin primer Saturol 25 applicating tips 20 brush tips tips holder 3 varnish brushes 100 matrix strips 20 black canulas polishing cup shades scale REF 2407 Latelux Pro 62 User application Picture instruction",https://www.latus.com.ua/components/com_jshopping/files/img_products/full_Pro_62__R5.jpg | https://www.latus.com.ua/components/com_jshopping/files/img_products/full_PRO_01_KOM.jpg,2,BRAND_AND_SELECTED_PRODUCTS_PRESENT_IN_STOMIR_KZ_CATALOG,OFFICIAL_PRODUCT_IDENTITY_READY_KZ_SKU_REVIEW_REQUIRED,https://www.latus.com.ua/en/products/dental-restorative-materials/latelux-pro-62.html
216,LaTus,Private Enterprise «Latus»,Latelux Pro 50 Professional system kit,2406,2406,Latelux Pro 50 User application=2406,1,Dental restorative materials,Universal nanohybrid light cure restorative composite. Use for all type of fine cosmetic restorations in dentistry.,"Universal microhybrid light cure restorative composite. Use for all type of fine cosmetic restorations in dentistry. Composition and main characteristic Latelux belongs to the group of nanohybrid composites hardening under the influence of light with a wavelength of 400-500 nm. The composite consists of a polymer matrix and an inorganic radiopaque modified filler. The basis of the polymer matrix is Bis-GMA, urethane dimethacrylate and other acrylic oligomers. Pasta Latelux has a high plasticity, good form stability, does not stick to the tool. The cured material has good polishability, is characterized by high strength with diametrical compression (55 MPa), microhardness (84 kg / mm2), low water absorption (7.4 μg / mm3). The material is radiopaque. Package: 38 g paste Latelux in 10 shades: A2-6,0 g, A3-6,0 g, A3.5-3,0 g, B1-2,0 g, В2-4,0 g, C2-2,0 g, OA2-5,0 g, OA3-5,0 g, OB3-3,0 g, In-2,0 g 1 shade condensable Latelux MS OB2-5,0 g 2 х 2,2 g Latelux flow (А2, ОА3) 2,2 g liner Reoliner-LC 3 g polishing paste Diapol-1.5 6 g bond Monotex 3 g glazing varnish Lateglint 2 x 4 g etching gel Soft Etch 3 g dentin primer Saturol 25 applicating tips 20 brush tips tips holder 3 varnish brushes 100 matrix strips 20 black canulas polishing cup shades scale REF 2406 Latelux Pro 50 User application Picture instruction",https://www.latus.com.ua/components/com_jshopping/files/img_products/full_Pro_50_R5.jpg | https://www.latus.com.ua/components/com_jshopping/files/img_products/full_PRO_02_KOM.jpg,2,BRAND_AND_SELECTED_PRODUCTS_PRESENT_IN_STOMIR_KZ_CATALOG,OFFICIAL_PRODUCT_IDENTITY_READY_KZ_SKU_REVIEW_REQUIRED,https://www.latus.com.ua/en/products/dental-restorative-materials/latelux-pro-50.html
97,LaTus,Private Enterprise «Latus»,Latelux System kit,1941,1941 | 1942 | 1943 | 1944,"Latelux / colour А2:А3:В1:ОА2:ОВ2=1941 | Latelux / colour А2:А3:В2:ОА2:ОВ2=1942 | Latelux / colour А2:А3:А3,5:В2:ОА2=1943 | Latelux / colour А1:А2:А3:В2:ОА2=1944",4,Dental restorative materials,Universal nanohybrid light cure restorative composite. Use for all type of fine cosmetic restorations in dentistry. Rediopaque.,"Universal microhybrid cure restorative composite. Use for all type of fine cosmetic restorations in dentistry. Rediopaque. Composition and main characteristic Latelux belongs to the group of nanohybrid composites hardening under the influence of light with a wavelength of 400-500 nm. The composite consists of a polymer matrix and an inorganic radiopaque modified filler. The basis of the polymer matrix is Bis-GMA, urethane dimethacrylate and other acrylic oligomers. Pasta Latelux has a high plasticity, good form stability, does not stick to the tool. The cured material has good polishability, is characterized by high strength with diametrical compression (55 MPa), microhardness (84 kg / mm2), low water absorption (7.4 μg / mm3). The material is radiopaque. Package: 25g paste Latelux 5g bond Monotex 8g etching gel 37% 20 applicators 5 canule REF 1941 Latelux / colour А2:А3:В1:ОА2:ОВ2/ REF 1942 Latelux / colour А2:А3:В2:ОА2:ОВ2/ REF 1943 Latelux / colour А2:А3:А3,5:В2:ОА2/ REF 1944 Latelux / colour А1:А2:А3:В2:ОА2/ Instruction for use Picture instruction",https://www.latus.com.ua/components/com_jshopping/files/img_products/full_ll_syst_big_box_new.jpg,1,BRAND_AND_SELECTED_PRODUCTS_PRESENT_IN_STOMIR_KZ_CATALOG,OFFICIAL_PRODUCT_IDENTITY_READY_KZ_SKU_REVIEW_REQUIRED,https://www.latus.com.ua/en/products/dental-restorative-materials/latelux-syst.html
92,LaTus,Private Enterprise «Latus»,Latelux flow Additional package,2515,2515,REF 2515=2515,1,Dental restorative materials,"Nanohybrid flowable light cure restorative composite. Use for filling V class carious cavities, eliminating minor defects of enamel and cosmetic correction of dental restorations in therapeutic dentistry.","Microhybrid flowable light cure restorative composite Use for filling V class carious cavities, eliminating minor defects of enamel and cosmetic correction of dental restorations in therapeutic dentistry . Composition and main characteristic Latelux flow the medium-filled nanohybrid composite solidifies under the influence of light with a wavelength of 400-500 nm. High fluidity and optimal thixotropic properties of the material allow it to be applied directly from the syringe to the surface to be restored or into the cavity. Lowered modulus of elasticity and adhesion properties provide a high-quality edge fit. Radiopaque.",https://www.latus.com.ua/components/com_jshopping/files/img_products/full_thumb_ll_fpow_2_r31.jpg,1,BRAND_AND_SELECTED_PRODUCTS_PRESENT_IN_STOMIR_KZ_CATALOG,OFFICIAL_PRODUCT_IDENTITY_READY_KZ_SKU_REVIEW_REQUIRED,https://www.latus.com.ua/en/products/dental-restorative-materials/latelux-flow-dop.html
1,LaTus,Private Enterprise «Latus»,Ionolat,2003,2003 | 2004 | 2005 | 2006,"Ionolat , colour А1=2003 | Ionolat , colour А2=2004 | Ionolat , colour А3=2005 | Ionolat , colour А3,5=2006",4,Dental restorative materials,Glass polyalkenate filling cement. Use for cavities I and II classes restorations of the second and baby teeth in dentistry.,"Glass polyalkenate filling cement. Use for cavities I and II classes restorations of the second and baby teeth in dentistry. Characteristic The cement powder is a fine-milled, chemically reactive fluorine-containing glass colored with inorganic pigments. A liquid for cement mixing is an aqueous solution of polyacrylic acid with additives of activity regulators. To clean the surfaces from contaminants and to provide adhesion, an air conditioner made on the basis of polyacrylic acid is used. The working time of cement is 1.5-2 minutes (at room temperature 18-23 ° C), the hardening time of the filling after placing the material in the tooth is 4-5 minutes. Prolonged release of fluoride ions provides a high anti-caries and antibacterial effect. Cement is radiopaque. Package: 20 g powder 15 g liquid 5 g conditioner 5 g of vamish coating measure spoon mixing pad REF 2003 Ionolat , colour А1 REF 2004 Ionolat , colour А2 REF 2005 Ionolat , colour А3 REF 2006 Ionolat , colour А3,5 Instruction for use",https://www.latus.com.ua/components/com_jshopping/files/img_products/full_ionolat_R1.jpg | https://www.latus.com.ua/components/com_jshopping/files/img_products/full_ionolat_R11.jpg,2,BRAND_AND_SELECTED_PRODUCTS_PRESENT_IN_STOMIR_KZ_CATALOG,OFFICIAL_PRODUCT_IDENTITY_READY_KZ_SKU_REVIEW_REQUIRED,https://www.latus.com.ua/en/products/dental-restorative-materials/ionolat.html
93,LaTus,Private Enterprise «Latus»,Latelux flow System kit,2502,2501 | 2502,"Latelux flow / colour А2, А3, В2, U=2501 | Latelux flow / colour А2, А3, В2, ОА2=2502",2,Dental restorative materials,"Nanohybrid flowable light cure restorative composite. Use for filling V class carious cavities, eliminating minor defects of enamel and cosmetic correction of dental restorations in therapeutic dentistry.","Microhybrid flowable light cure restorative composite Use for filling V class carious cavities, eliminating minor defects of enamel and cosmetic correction of dental restorations in therapeutic dentistry . Composition and main characteristic Latelux flow belongs to the group of medium-filled nanohybrid composites hardening under the influence of light with a wavelength of 400-500 nm. High fluidity and optimal thixotropic properties of the material allow it to be applied directly from the syringe to the surface to be restored or into the cavity. The lowered modulus of elasticity in combination with the adhesive properties provides a high-quality edge fit. The material is radiopaque. Package: 4 х 2,2 g paste Latelux flow 3 g 37% etching gel 2 g bond Latebond-LC 3 transparent and 10 black canulas 10 microapplicators shades scale REF 2501 Latelux flow / colour А2, А3, В2, U/ REF 2502 Latelux flow / colour А2, А3, В2, ОА2/ Instruction for use",https://www.latus.com.ua/components/com_jshopping/files/img_products/full_ll_flow_syst_r2.jpg | https://www.latus.com.ua/components/com_jshopping/files/img_products/full_ll_flow_syst_r21.jpg,2,BRAND_AND_SELECTED_PRODUCTS_PRESENT_IN_STOMIR_KZ_CATALOG,OFFICIAL_PRODUCT_IDENTITY_READY_KZ_SKU_REVIEW_REQUIRED,https://www.latus.com.ua/en/products/dental-restorative-materials/latelux-flow-syst.html
96,LaTus,Private Enterprise «Latus»,Latelux Additional package,1911,1911 | 1912 | 1913 | 1914 | 1915 | 1938 | 1916 | 1917 | 1918 | 1919 | 1920 | 1921 | 1922 | 1923 | 1924 | 1930 | 1931 | 1932 | 1933 | 1934 | 1935 | 1936 | 1937,"Latelux , colour А1=1911 | Latelux , colour А2=1912 | Latelux , colour А3=1913 | Latelux , colour А3,5=1914 | Latelux , colour А4=1915 | Latelux , colour W /for bleached teeth=1938 | Latelux , colour В1=1916 | Latelux , colour В2=1917 | Latelux , colour В3=1918 | Latelux , colour В4=1919 | Latelux , colour С2=1920 | Latelux , colour С3=1921 | Latelux , colour С4=1922 | Latelux , colour D2=1923 | Latelux , colour D3=1924 | Latelux , colour UD=1930 | Latelux , colour ОА2=1931 | Latelux , colour ОА3=1932 | Latelux , colour ОА3,5=1933 | Latelux , colour ОВ1=1934 | Latelux , colour ОВ2=1935 | Latelux , colour ОВ3=1936 | Latelux , colour In=1937",23,Dental restorative materials,Universal nanohybrid light cure restorative composite. Use for all type of fine cosmetic restorations in dentistry. Radiopaque.,"Universal microhybrid light cure restorative composite. Use for all type of fine cosmetic restorations in dentistry. Radiopaque. Composition and main characteristic Latelux nanohybrid composite, hardening under the influence of light with a wavelength of 400-500 nm. It consists of a polymer matrix and an inorganic radiopaque modified filler. The basis of the polymer matrix is Bis-GMA, urethane dimethacrylate and other acrylic oligomers. Has high plasticity, good form stability, does not stick to the tool. The cured material has good polishability, is characterized by high strength with diametrical compression (55 MPa), microhardness (84 kg / mm2), low water absorption (7.4 μg / mm3). Radiopaque. Package: 5 g paste Latelux in a syringe REF 1911 Latelux , colour А1 REF 1912 Latelux , colour А2 REF 1913 Latelux , colour А3 REF 1914 Latelux , colour А3,5 REF 1915 Latelux , colour А4 REF 1938 Latelux , colour W /for bleached teeth/ REF 1916 Latelux , colour В1 REF 1917 Latelux , colour В2 REF 1918 Latelux , colour В3 REF 1919 Latelux , colour В4 REF 1920 Latelux , colour С2 REF 1921 Latelux , colour С3 REF 1922 Latelux , colour С4 REF 1923 Latelux , colour D2 REF 1924 Latelux , colour D3 REF 1930 Latelux , colour UD REF 1931 Latelux , colour ОА2 REF 1932 Latelux , colour ОА3 REF 1933 Latelux , colour ОА3,5 REF 1934 Latelux , colour ОВ1 REF 1935 Latelux , colour ОВ2 REF 1936 Latelux , colour ОВ3 REF 1937 Latelux , colour In Instruction for use",https://www.latus.com.ua/components/com_jshopping/files/img_products/full_full_ll_dop_big_box_11.jpg,1,BRAND_AND_SELECTED_PRODUCTS_PRESENT_IN_STOMIR_KZ_CATALOG,OFFICIAL_PRODUCT_IDENTITY_READY_KZ_SKU_REVIEW_REQUIRED,https://www.latus.com.ua/en/products/dental-restorative-materials/latelux-dop.html
89,LaTus,Private Enterprise «Latus»,THERAFIL-31 System kit,1701,1701 | 1702,THERAFIL-31 / colour А1:А2:А2:А3:А3.5=1701 | THERAFIL-31 / colour А1:А2:А3:А3:В2=1702,2,Dental restorative materials,"Light cure restorative composite. Use for filling of carious cavities of I and II class and the opaque layer of all cavities, restore the anatomical shape of the crown parts of teeth in therapeutic dentistry.","Light cure restorative composite Use for filling of carious cavities of I and II class and the opaque layer of all cavities, restore the anatomical shape of the crown parts of teeth i n therapeutic dentistry . Composition and main characteristic THERAFIL-31 highly filled microhybrid composite hardening by visible light with a wavelength of 400-500 nm. Depth of curing of THERAFIL-31 by expose of illumination lamp 75Wt during 40 seconds is 4-6 mm. Seals from THERAFIL-31 have low shrinkage stress, high hardness and durability, optimal transparency, good color stability. Package: 5 х 5 g paste in 4 colours 5 g bond 2 х 4 g 37 % etching gel 20 microapplicators 5 canulas REF 1701 THERAFIL-31 / colour А1:А2:А2:А3:А3.5/ REF 1702 THERAFIL-31 / colour А1:А2:А3:А3:В2/ Instruction for use Picture instructions",https://www.latus.com.ua/components/com_jshopping/files/img_products/full_therafil_31_syst_r2.jpg | https://www.latus.com.ua/components/com_jshopping/files/img_products/full_therafil_31_syst_r21.jpg,2,BRAND_AND_SELECTED_PRODUCTS_PRESENT_IN_STOMIR_KZ_CATALOG,OFFICIAL_PRODUCT_IDENTITY_READY_KZ_SKU_REVIEW_REQUIRED,https://www.latus.com.ua/en/products/dental-restorative-materials/therafil-31-syst.html
84,LaTus,Private Enterprise «Latus»,THERAFIL-21,1401,1401 | 1402,"THERAFIL-21 , colour А2=1401 | THERAFIL-21 , colour А3=1402",2,Dental restorative materials,"Self cure hybrid composite. Use for filling of carious cavities of all classes, restore the anatomical shape of the crown parts of teeth in therapeutic dentistry.","Self cure hybrid composite Use for filling of carious cavities of all classes, restore the anatomical shape of the crown parts of teeth i n therapeutic dentistry Composition and main characteristic THERAFIL-21 is a highly filled microhybrid composite chemical curing, consisting from main and catalyst pastes and cured during of mixing this pastes. Working time of THERAFIL-21 mixed in a ratio of 1:1 by volume at temperature of +18...+23 °C is 2-4 minutes. The duration of curing of the seal at the oral cavity (+3...+32)°C is 1,5-2 minutes after being placed material in tooth. Seals from the THERAFIL 21 have low shrinkage stress, high hardness and durability, optimal clarity, color stability. Package: 2 х 15 g paste 2 х 3 g bond 2 х 2,8 g etching gel brushes canulas spatulas mixing pad. REF 1401 THERAFIL-21 , colour А2 REF 1402 THERAFIL-21 , colour А3 Instruction for use",https://www.latus.com.ua/components/com_jshopping/files/img_products/full_therafil21_syst.jpg,1,BRAND_AND_SELECTED_PRODUCTS_PRESENT_IN_STOMIR_KZ_CATALOG,OFFICIAL_PRODUCT_IDENTITY_READY_KZ_SKU_REVIEW_REQUIRED,https://www.latus.com.ua/en/products/dental-restorative-materials/therafil21.html
94,LaTus,Private Enterprise «Latus»,LATELUX MS Additional package,1811,1815 | 1810 | 1811 | 1812 | 1816 | 1813 | 1814,"LATELUX MS , colour А2=1815 | LATELUX MS , colour А3=1810 | LATELUX MS , colour В2=1811 | LATELUX MS , colour ОА2=1812 | LATELUX MS , colour ОА3=1816 | LATELUX MS , colour ОА3,5=1813 | LATELUX MS , colour ОВ2=1814",7,Dental restorative materials,"Condensable light cure restorative composite. Use for filling cavities classes I and II by Black, capacity stump at microprosthetics, manufacturing tabs, creating lasting opaque layer in cosmetic restoration. Radiopaque.","Condensable light cure restorative composite Use for filling cavities classes I and II by Black, capacity stump at microprosthetics, manufacturing tabs, creating lasting opaque layer in cosmetic restoration. Radiopaque. Composition and main characteristic Microhybrid composite, curing when exposed to light with a wavelength of 400 - 500 nm. The curing depth at illumination with a 75 W lamp for 40 s is 3.5 - 6 mm. It is prepared using a low-shrinkage formulation of an oligoether acrylate binder and traditional fillers for the LATELUX family. Thanks to the special technology of mixing the components of the composite paste, a high volume content of fillers (68.8%) was obtained while maintaining a sufficient degree of plasticity of the paste, which allows qualitative condensation of the paste in the carious cavity. LATELUX MS has the minimum shrinkage (1.9 - 1.95% vol.), The highest microhardness (92 kg / mm2) and the strength at diametrical compression (59 MPa) among most other materials. The material has good transparency (except opaque shades), does not stick to the instrument. The mono-component dentine-enamel light-curing adhesive Monotex, which is included in the system kit, provides reliable adhesion to cushion cement, phosphoric acid etched enamel and dentine. In the latter case, a special primer for dentin is required. Radiopaque. Package: 5 g paste in a syringe REF 1815 LATELUX MS , colour А2 REF 1810 LATELUX MS , colour А3 REF 1811 LATELUX MS , colour В2 REF 1812 LATELUX MS , colour ОА2 REF 1816 LATELUX MS , colour ОА3 REF 1813 LATELUX MS , colour ОА3,5 REF 1814 LATELUX MS , colour ОВ2 Instruction for use",https://www.latus.com.ua/components/com_jshopping/files/img_products/full_ll_ms_dop_r2.jpg | https://www.latus.com.ua/components/com_jshopping/files/img_products/full_ll_ms_dop_r21.jpg,2,BRAND_AND_SELECTED_PRODUCTS_PRESENT_IN_STOMIR_KZ_CATALOG,OFFICIAL_PRODUCT_IDENTITY_READY_KZ_SKU_REVIEW_REQUIRED,https://www.latus.com.ua/en/products/dental-restorative-materials/latelux-ms-dop.html
87,LaTus,Private Enterprise «Latus»,Latefil System kit,1501,1501 | 1502,Latefil / colour А2:А3:А3.5=1501 | Latefil / colour А2:А3:В1=1502,2,Dental restorative materials,Universal nanohybrid self cure composite. Use for all type of fine cosmetic restorations in dentistry. Rediopaque. Keep in 1m distance from hot devices and open flame.,"Universal microhybrid self cure composite Universal microhybrid self cure composite use for all type of fine cosmetic restorations in dentistry. Rediopaque. Keep in 1m distance from hot devices and open flame. Composition and main characteristic Latefil material belongs to the group of nanohybrid paste-paste composites. It is completed with two pastes: catalyst and main, the composition of the polymer base and fillers in both pastes is identical and close to the composition of the light-cured paste Latelux . But the main paste additionally contains fine pigments that allow to obtain the desired shade of the filling after mixing both Latefil pastes in a 1: 1 ratio. Material radiopaque. Package: 3 х 4 g base paste in 3 colours 3 х 4 g catalyst paste 2 х 3 g bond 2,8 х 2 g etching gel 10 brush tips tips holder 50 matrix strips shades scale 3 canulas 5 spatulas mixing pad flask attachment holder REF 1501 Latefil / colour А2:А3:А3.5/ REF 1502 Latefil / colour А2:А3:В1/ Instruction for use",https://www.latus.com.ua/components/com_jshopping/files/img_products/full_latefill_syst.png | https://www.latus.com.ua/components/com_jshopping/files/img_products/full_009.jpg | https://www.latus.com.ua/components/com_jshopping/files/img_products/full_0091.jpg,3,BRAND_AND_SELECTED_PRODUCTS_PRESENT_IN_STOMIR_KZ_CATALOG,OFFICIAL_PRODUCT_IDENTITY_READY_KZ_SKU_REVIEW_REQUIRED,https://www.latus.com.ua/en/products/dental-restorative-materials/latefil-syst.html
85,LaTus,Private Enterprise «Latus»,THERAFIL-10,0706,0706 | 0707,"THERAFIL-10, colour А2=0706 | THERAFIL-10, colour А3=0707",2,Dental restorative materials,"Self cure composite. Use for all type of restorations in dentistry. Keep at least 1 m away from heating appliances in closed, cool place, protected from rain and direct sunlight.","Self cure composite. Use for all type of restorations in dentistry. Keep at least 1 m away from heating appliances in closed, cool place, protected from rain and direct sunlight. Composition and main characteristic THERAFIL-10 is a composite material chemical curing type liquid-powder prepared as a paste immediately before use. Formulation of THERAFIL-10 - powder-liquid material allows to prepare material any consistency, depending on the kind of the work: from enough liquid to highly filled. Use not hard ways of mixing can get a paste of material with minimum content of air inclusions. Working time of THERAFIL-10 at temperature (+18...+23°C) is 2 - 4 min. The duration of curing of the seal at oral cavity(+30...+32 °C) 1,5-4 minutes after placing the material in a filling tooth. Seals from THERAFIL-10 characterized reduced shrinkage stress, high hardily and durability, optimal clarity, color stability. Package: 30 g powder 17 g liquid 15 g etching liquid 3 brushes mixing pad measure spoon REF 0706 THERAFIL-10, colour А2 REF 0707 THERAFIL-10, colour А3 Instruction for use",https://www.latus.com.ua/components/com_jshopping/files/img_products/full_therafil_10_R1.jpg | https://www.latus.com.ua/components/com_jshopping/files/img_products/full_therafil_10_R11.jpg,2,BRAND_AND_SELECTED_PRODUCTS_PRESENT_IN_STOMIR_KZ_CATALOG,OFFICIAL_PRODUCT_IDENTITY_READY_KZ_SKU_REVIEW_REQUIRED,https://www.latus.com.ua/en/products/dental-restorative-materials/therafil10.html
90,LaTus,Private Enterprise «Latus»,THERAFIL-31 Additional package,1711,1711 | 1712 | 1713 | 1714 | 1715 | 1716,"THERAFIL-31 , colour А1=1711 | THERAFIL-31 , colour А2=1712 | THERAFIL-31 , colour А3=1713 | THERAFIL-31 , colour А3.5=1714 | THERAFIL-31 , colour В2=1715 | THERAFIL-31 , colour UD=1716",6,Dental restorative materials,"Light cure restorative composite. Use for filling of carious cavities of I and II class and the opaque layer of all cavities, restore the anatomical shape of the crown parts of teeth in therapeutic dentistry.","Light cure restorative composite Use for filling of carious cavities of I and II class and the opaque layer of all cavities, restore the anatomical shape of the crown parts of teeth i n therapeutic dentistry . Composition and main characteristic THERAFIL-31 highly filled microhybrid composite hardening by visible light with a wavelength of 400-500 nm. Depth of curing of THERAFIL-31 by expose of illumination lamp 75Wt during 40 seconds is 4-6 mm. Seals from THERAFIL-31 have low shrinkage stress, high hardness and durability, optimal transparency, good color stability. Package: 5 g paste in a syringe REF 1711 THERAFIL-31 , colour А1 REF 1712 THERAFIL-31 , colour А2 REF 1713 THERAFIL-31 , colour А3 REF 1714 THERAFIL-31 , colour А3.5 REF 1715 THERAFIL-31 , colour В2 REF 1716 THERAFIL-31 , colour UD Instruction for use",https://www.latus.com.ua/components/com_jshopping/files/img_products/full_therafil_31_dop_r2_01.jpg | https://www.latus.com.ua/components/com_jshopping/files/img_products/full_therafil_31_dop_r2_011.jpg,2,BRAND_AND_SELECTED_PRODUCTS_PRESENT_IN_STOMIR_KZ_CATALOG,OFFICIAL_PRODUCT_IDENTITY_READY_KZ_SKU_REVIEW_REQUIRED,https://www.latus.com.ua/en/products/dental-restorative-materials/therafil-31-dop.html
101,LaTus,Private Enterprise «Latus»,Reoliner-LC,2201,2201 | 2202,"Reoliner-LC (2,2 g) paste Reoliner-LC in a syringe 5 canulas=2201 | Reoliner-LC (5,0 g)=2202",2,Dental liners,Light cure base liner. Use as isolating and dempfing base liner under composites in dentistry restorations.,"Light cure base liner. Use as isolating and dempfing base liner under composites in dentistry restorations. Composition and main characteristic Light cure base liner. Available in natural light brown without identification on the Vita scale. Depth of curing when exposed to light with a wavelength of 400-500 nm to 3 mm. Due to the special selection of components of the oligoether acrylate binder, the material has a high index to the pulp of the tooth, good adhesion to the dentin and elasticity. Package: paste Reoliner-LC in a syringe 3 canulas REF 2201 Reoliner-LC (2,2 g) paste Reoliner-LC in a syringe 5 canulas REF 2202 Reoliner-LC (5,0 g) Instruction for use",https://www.latus.com.ua/components/com_jshopping/files/img_products/full_reolainer_lc_2_R1.jpg | https://www.latus.com.ua/components/com_jshopping/files/img_products/full_reolainer_lc_5_R1.jpg,2,BRAND_AND_SELECTED_PRODUCTS_PRESENT_IN_STOMIR_KZ_CATALOG,OFFICIAL_PRODUCT_IDENTITY_READY_KZ_SKU_REVIEW_REQUIRED,https://www.latus.com.ua/en/products/dental-liners/reoliner-lc.html
102,LaTus,Private Enterprise «Latus»,Calcisole,2111,2111,Calcisole=2111,1,Dental liners,Hydroxide calcium regeneration paste. Use as base liner at deep caries treatment for the pulp protection from bacterial & chemical influence in dentistry restorations.,"Hydroxide calcium regeneration paste Use as base liner at deep caries treatment for the pulp protection from bacterial & chemical influence in dentistry restorations. Composition and main characteristic Calcisole is a white paste which contain: paste-former, calcium hydroxide, fluoride releasing filler, barium sulfate. Thanks to contained in the paste calcium hydroxide it supports for long time high alkaline reaction (to pH 12), stimulate regenerative processes in tissues of the tooth and has antimicrobial action. Evolved for long time fluoride give high anticaries effect. The paste has radiopacity. Package: 4 g paste Calcisole in a syringe 3 canulas REF 2111 Calcisole Instruction for use",https://www.latus.com.ua/components/com_jshopping/files/img_products/full_calcisol_R1.jpg | https://www.latus.com.ua/components/com_jshopping/files/img_products/full_calcisol_R11.jpg,2,BRAND_AND_SELECTED_PRODUCTS_PRESENT_IN_STOMIR_KZ_CATALOG,OFFICIAL_PRODUCT_IDENTITY_READY_KZ_SKU_REVIEW_REQUIRED,https://www.latus.com.ua/en/products/dental-liners/calcisole.html
100,LaTus,Private Enterprise «Latus»,Replex-LC,2101,2101,REF 2101=2101,1,Dental liners,"Light cure calcium hydroxide liner. Use at the deep caries treatment for protection of the pulp from bacterial, chemical, termal and mechanical influence in dentistry restorations.","Light cure calcium hydroxide liner Use at the deep caries treatment for protection of the pulp from bacterial, chemical, termal and mechanical influence in dentistry restorations. Composition and main characteristic It is a ready-to-use fluid paste containing 38% by weight of calcium hydroxide. Cement has the ability to long-term maintenance of a high alkaline reaction (up to pH = 12), stimulates regeneration processes in the tissues of the tooth, and has a strong antimicrobial effect. The depth of curing when exposed to light with a wavelength of 400-500 nm for 40 s is 2 - 2.5 mm.",https://www.latus.com.ua/components/com_jshopping/files/img_products/full_replex_lc_R1.jpg | https://www.latus.com.ua/components/com_jshopping/files/img_products/full_replex_lc_R11.jpg,2,BRAND_AND_SELECTED_PRODUCTS_PRESENT_IN_STOMIR_KZ_CATALOG,OFFICIAL_PRODUCT_IDENTITY_READY_KZ_SKU_REVIEW_REQUIRED,https://www.latus.com.ua/en/products/dental-liners/replex-lc.html
103,LaTus,Private Enterprise «Latus»,Ionolat-BL,2001,2001,Ionolat-BL=2001,1,Dental liners,"Glass ionomer luting cement. Use for restorative composite and amalgam liner, for desiduous teeth (I and II classes) in filling dentistry.","Glass ionomer luting cement. Use for restorative composite and amalgam liner, for desiduous teeth (I and II classes) in filling dentistry. Composition and main characteristic Ionolat-BL cement powder is chemically reactive fluorine-containing glass. Ionolat-BL fluid for cement mixing is an aqueous solution of polyacrylic acid with additives of activity regulators. To clean the surfaces from contaminants and to provide adhesion, Ionolat-BL conditioner, prepared on the basis of polyacrylic acid, is used. The working time of cement is 1.5-2 minutes (at room temperature 18-23 ° C), the hardening time of the filling after placing the material in the tooth is 4-5 minutes. Prolonged release of fluoride ions provides a high anti-caries and antibacterial effect. Cement is radiopaque. Package: 20 g powder Ionolat-BL 15 g liquid Ionolat-BL 10 g conditioner Ionolat-BL mixing pad measurer REF 2001 Ionolat-BL Instruction for use",https://www.latus.com.ua/components/com_jshopping/files/img_products/full_ionolat_BL_R1.jpg | https://www.latus.com.ua/components/com_jshopping/files/img_products/full_ionolat_BL_R11.jpg,2,BRAND_AND_SELECTED_PRODUCTS_PRESENT_IN_STOMIR_KZ_CATALOG,OFFICIAL_PRODUCT_IDENTITY_READY_KZ_SKU_REVIEW_REQUIRED,https://www.latus.com.ua/en/products/dental-liners/ionolat-bl.html
99,LaTus,Private Enterprise «Latus»,Replex-SC,2701,2701,Replex-SC=2701,1,Dental liners,"Hydroxide calcium self cure cement liner. Use for conservative dentistry at treatment of deep caries for pulp protecting from bacterial, chemical, thermal and mechanical influences.","Hydroxide calcium self cure cement liner Use for conservative dentistry at treatment of deep caries for pulp protecting from bacterial, chemical, thermal and mechanical influences. Composition and main characteristic Replex-SC consists of a base and a catalyst paste of a flowable consistency. It is prepared immediately before use. The main paste is colored white and contains 50% of calcium hydroxide, the catalyst paste is colored beige. The working time for mixing the main and catalyst pastes in a ratio of 1:1 by volume (at a room temperature of 18-23 °C) is at least 90 seconds. Duration of hardening in the oral cavity - no more than 5 minutes. Cement has the ability to long-term maintenance of a high alkaline reaction (up to pH = 12), stimulates regeneration processes in the tissues of the tooth, and has a strong antimicrobial effect. Package: 4 g base paste Replex-SC in a syringe 4 g catalyst paste in a syringe mixing pad REF 2701 Replex-SC Instruction for use",https://www.latus.com.ua/components/com_jshopping/files/img_products/full_replex_sc_R2.jpg | https://www.latus.com.ua/components/com_jshopping/files/img_products/full_replex_sc_R21.jpg,2,BRAND_AND_SELECTED_PRODUCTS_PRESENT_IN_STOMIR_KZ_CATALOG,OFFICIAL_PRODUCT_IDENTITY_READY_KZ_SKU_REVIEW_REQUIRED,https://www.latus.com.ua/en/products/dental-liners/replex-sc.html
106,LaTus,Private Enterprise «Latus»,Resodont,2708,2708,Resodont=2708,1,Endodontic filling materials,Cement resorcinol-formalin. Use for the root canal filling after pulp extirpation and periodontal treatment in dentistry.,"Cement resorcinol-formalin Use for the root canal filling after pulp extirpation and periodontal treatment in dentistry. Composition and main characteristic Resodont is a resorcinol-formalin chemical curing type material powder-liquid. The kit includes a powder, liquid №1 and t liquid №2. By mixing all the components formed the paste is, retaining the plasticity within 2 hours and hardening within 24 hours. The cured material has a disinfectant and antiseptic properties, radiopaque. Note: Not recommended to use the cement for filling the canals of front tooth, because it is possible coloration of crown part of the tooth. Package: 40 g powder Resodont 12 ml liquid №1 12 ml liquid №2 mixing pad measuring tank REF 2708 Resodont Instruction for use",https://www.latus.com.ua/components/com_jshopping/files/img_products/full_rezodont_R1.jpg | https://www.latus.com.ua/components/com_jshopping/files/img_products/full_rezodont_R11.jpg,2,BRAND_AND_SELECTED_PRODUCTS_PRESENT_IN_STOMIR_KZ_CATALOG,OFFICIAL_PRODUCT_IDENTITY_READY_KZ_SKU_REVIEW_REQUIRED,https://www.latus.com.ua/en/products/endodontic-filling-materials/resodont.html
259,LaTus,Private Enterprise «Latus»,Cresolat,2812,2812,Cresolat=2812,1,Endodontic filling materials,Antiseptic liquid for root canal. Use for antiseptic treatment of root canals and cavities.,Antiseptic liquid for root canal Use for antiseptic treatment of root canals and cavities. Main characteristic Cresolat is a liquid that easily penetrates even into poorly passable root canals. Non-irritating Cresolat allows you to get close to the pulp or apex without the risk of causing a strong reaction. Package: 10 ml of liquid Cresolat cap with pipette REF 2812 Cresolat Instruction for use,https://www.latus.com.ua/components/com_jshopping/files/img_products/full_cresolat_3kl2.jpg | https://www.latus.com.ua/components/com_jshopping/files/img_products/full_cresolat_3kl_R1.jpg,2,BRAND_AND_SELECTED_PRODUCTS_PRESENT_IN_STOMIR_KZ_CATALOG,OFFICIAL_PRODUCT_IDENTITY_READY_KZ_SKU_REVIEW_REQUIRED,https://www.latus.com.ua/en/products/endodontic-filling-materials/cresolat.html
113,LaTus,Private Enterprise «Latus»,Calcisole-C,2112,2112,Calcisole-C=2112,1,Endodontic filling materials,"Hydroxide calcium regeneration paste. Use for temporary filling, treatment of frectures and perforations of root canals in dentistry. Contains 42% of calcium hydroxide.","Hydroxide calcium regeneration paste Use for temporary filling, treatment of frectures and perforations of root canals in dentistry. Contains 42% of calcium hydroxide. Composition and main characteristic Calcisole-C is ready to use white paste prepared on the water-base. The high content of calcium hydroxide (42%) creates high alkaline reaction (to pH 12) are stimulated regeneration processes in tissues of the tooth, stabilize the tooth viability and antimicrobial action is. Calcisole-C actively helps regeneration of pulp and contributes to the formation of secondary dentine. Pasta is radio-opaque. Package: 2,8 g paste Calcisole-C in a syringe 3 canulas REF 2112 Calcisole-C Instruction for use",https://www.latus.com.ua/components/com_jshopping/files/img_products/full_calcisol_c_R12.jpg | https://www.latus.com.ua/components/com_jshopping/files/img_products/full_calcisol_c_R13.jpg,2,BRAND_AND_SELECTED_PRODUCTS_PRESENT_IN_STOMIR_KZ_CATALOG,OFFICIAL_PRODUCT_IDENTITY_READY_KZ_SKU_REVIEW_REQUIRED,https://www.latus.com.ua/en/products/endodontic-filling-materials/calcisol-c.html
111,LaTus,Private Enterprise «Latus»,Restapex,2721,2721,Restapex=2721,1,Endodontic filling materials,Hydraulic filling cement. Use for apex filling of top root canal and restorations in dentistry.,"Hydraulic filling cement. Use for apex filling of top root canal and restorations in dentistry Composition and main characteristic Restapex cement is white powder, slightly soluble in water and has the ability to harden in humid environments. It contains oxides of calcium, aluminum, silicon and barium. Initial setting of the material after 3-8 minutes after mixing with water, setting an end-after 30 minutes. The curing time is 1 hour. The material has a high radiopacity - more than 400 % for aluminum. Package: 5 g powder Restapex in a jar mixing pad measurer vial for water REF 2721 Restapex Instruction for use",https://www.latus.com.ua/components/com_jshopping/files/img_products/full_restapex_R1.jpg | https://www.latus.com.ua/components/com_jshopping/files/img_products/full_restapex_R11.jpg,2,BRAND_AND_SELECTED_PRODUCTS_PRESENT_IN_STOMIR_KZ_CATALOG,OFFICIAL_PRODUCT_IDENTITY_READY_KZ_SKU_REVIEW_REQUIRED,https://www.latus.com.ua/en/products/endodontic-filling-materials/restapex.html
254,LaTus,Private Enterprise «Latus»,Endohex,2823,2823 | 2709,REF 2823=2823 | Endohex=2709,2,Endodontic filling materials,Liquid to disinfect root canals. Use for disinfection of root canal of tooth cavities of the upper and lower jaw as an antiseptic and disinfectant after root canal treatment tool.,"Liquid to disinfect root canals Use for disinfection of root canal of tooth cavities of the upper and lower jaw as an antiseptic and disinfectant after root canal treatment tool. Composition and main characteristic Endohex is an aqueous solution of chlorhexidine with concentration of 2.0%. Endohex have sparing effect on the mucosa of the oral cavity. The drug is quite fast and effectively acts against most gram-positive and gram-negative aerobic and anaerobic microorganisms, and also to agents of various infections. Endohex display bacteriostatic and bactericidal action. It is characterized by stability. Saves the activity (though somewhat reduced) in the presence of blood, pus, various secretions and organic substances. Very rarely causes allergic reactions and tissue irritation, has no damaging effect on the objects which are made from glass, plastics and metals. Package: 100 ml liquid Endohex in a bottle dosing syringe REF 2709 Endohex Instruction for use",https://www.latus.com.ua/components/com_jshopping/files/img_products/full_endogex_R1.jpg | https://www.latus.com.ua/components/com_jshopping/files/img_products/full_endogex_R11.jpg,2,BRAND_AND_SELECTED_PRODUCTS_PRESENT_IN_STOMIR_KZ_CATALOG,OFFICIAL_PRODUCT_IDENTITY_READY_KZ_SKU_REVIEW_REQUIRED,https://www.latus.com.ua/en/products/endodontic-filling-materials/endohex.html
109,LaTus,Private Enterprise «Latus»,Trimgel,2810,2810,Trimgel=2810,1,Endodontic filling materials,Trimming and dilatation root canal gel with bleaching. Use for trimming and dilatation of teeth root canal,"Trimming and dilatation root canal gel with bleaching Use for trimming and dilatation of teeth root canal Composition and main characteristic Gel for expansion of root canal contains 17% EDTA and 10% urea peroxide in an aqueous glycol solution. The gel in the role of lubrication facilitates movement of the file and chemically acting expands the root canal. Reacting with peroxide, sodium hypochlorite begins actively foam, helping disclose obliterated narrow mouth of tooth root canals. It increases the penetration of drugs through the root canal system, causing it a thorough cleaning and opening the dentinal tubules. Package: 3 g gel Trimgel in a syringe canula REF 2810 Trimgel Instruction for use",https://www.latus.com.ua/components/com_jshopping/files/img_products/full_trimgel_R1.jpg | https://www.latus.com.ua/components/com_jshopping/files/img_products/full_trimgel_R11.jpg,2,BRAND_AND_SELECTED_PRODUCTS_PRESENT_IN_STOMIR_KZ_CATALOG,OFFICIAL_PRODUCT_IDENTITY_READY_KZ_SKU_REVIEW_REQUIRED,https://www.latus.com.ua/en/products/endodontic-filling-materials/trimgel.html
115,LaTus,Private Enterprise «Latus»,Dimesol,2737,2737,Dimesol=2737,1,Endodontic filling materials,"Means for unsealing of root canals. Use for root canal removing of composite filling materials based on oligoester acrylates, epoxy, resorcinol-formaldehyde resin and zinc oxide eugenol cements in dentistry.","Means for unsealing of root canals. Use for root canal removing of composite filling materials based on oligoester acrylates, epoxy, resorcinol-formaldehyde resin and zinc oxide eugenol cements in dentistry. Composition and main characteristic Dimesol is a mixture of low-volatile, water-soluble organic compound dimethyl sulfoxide with chloroform, able to soak into materials for filling canals rapidly reducing their strength. Package: 10 g liquid Dimesol in a bottle REF 2737 Dimesol Instruction for use",https://www.latus.com.ua/components/com_jshopping/files/img_products/full_dimesol_R1.jpg | https://www.latus.com.ua/components/com_jshopping/files/img_products/full_dimesol_R11.jpg,2,BRAND_AND_SELECTED_PRODUCTS_PRESENT_IN_STOMIR_KZ_CATALOG,OFFICIAL_PRODUCT_IDENTITY_READY_KZ_SKU_REVIEW_REQUIRED,https://www.latus.com.ua/en/products/endodontic-filling-materials/dimesol.html
116,LaTus,Private Enterprise «Latus»,Iodotemp 100,3331,3331,Iodoform=3331,1,Endodontic filling materials,"Bactericidal ingredient. Used ex tempora, for dentistry as a paste or suspension.","Bactericidal ingredient. Used ex tempora, for dentistry as a paste or suspension. Composition and main characteristic Iodine is released upon contact with tissues and tissue secrets, which acts bactericidally, and also stimulates the formation of granulations. Package: 10 g powder Iodoform in a bottle REF 3331 Iodoform",https://www.latus.com.ua/components/com_jshopping/files/img_products/full_jodotemp_100_R1.jpg | https://www.latus.com.ua/components/com_jshopping/files/img_products/full_jodotemp_100_R11.jpg,2,BRAND_AND_SELECTED_PRODUCTS_PRESENT_IN_STOMIR_KZ_CATALOG,OFFICIAL_PRODUCT_IDENTITY_READY_KZ_SKU_REVIEW_REQUIRED,https://www.latus.com.ua/en/products/endodontic-filling-materials/iodoformium.html
118,LaTus,Private Enterprise «Latus»,Devilat,2706,2706,Devilat=2706,1,Endodontic filling materials,Non-arsenic pulp devitalization dough. Use for devitalization pulp in the treatment of pulpitis by mortalnoy excision or amputation for the treatment of residual root pulpitis temporary and permanent teeth in dentistry,Non-arsenic pulp devitalization dough Use for devitalization pulp in the treatment of pulpitis by mortalnoy excision or amputation for the treatment of residual root pulpitis temporary and permanent teeth in dentistry. Composition and main characteristic Included in the paste Devilat lidocaine hydrochloride and paraformaldehyde allow for prolonged devitalization of the pulp almost without irritation and pain and eliminate the for further processing of root to neutralize arsenic salts in case of use pastes which contain arsenic. Package: 3 g paste Devilat in a syringe REF 2706 Devilat Instruction for use,https://www.latus.com.ua/components/com_jshopping/files/img_products/full_devilat_R1.jpg | https://www.latus.com.ua/components/com_jshopping/files/img_products/full_devilat_R11.jpg,2,BRAND_AND_SELECTED_PRODUCTS_PRESENT_IN_STOMIR_KZ_CATALOG,OFFICIAL_PRODUCT_IDENTITY_READY_KZ_SKU_REVIEW_REQUIRED,https://www.latus.com.ua/en/products/endodontic-filling-materials/devilat.html
110,LaTus,Private Enterprise «Latus»,Eugenol,3332,3332,Eugenol=3332,1,Endodontic filling materials,"Bactericidal ingredient. Use for the preparation of therapeutic pastes with zinc oxide, as an antiseptic and analgesic agent.","Bactericidal ingredient Use for the preparation of therapeutic pastes with zinc oxide, as an antiseptic and analgesic agent. Package: 10 g liquid Eugenol in a bottle REF 3332 Eugenol",https://www.latus.com.ua/components/com_jshopping/files/img_products/full_eugenol_R1.jpg | https://www.latus.com.ua/components/com_jshopping/files/img_products/full_eugenol_R11.jpg,2,BRAND_AND_SELECTED_PRODUCTS_PRESENT_IN_STOMIR_KZ_CATALOG,OFFICIAL_PRODUCT_IDENTITY_READY_KZ_SKU_REVIEW_REQUIRED,https://www.latus.com.ua/en/products/endodontic-filling-materials/eugenolum.html
114,LaTus,Private Enterprise «Latus»,Iodotemp 25,2705,2705,Iodotemp 25=2705,1,Endodontic filling materials,Jodoformium paste. Use for application in cases sharp and chronis periodontitis by the temporal ductings tooth filling with the purpose inflammatory cutting processes and disinfection in dentistry.,"Jodoformium paste Use for application in cases sharp and chronis periodontitis by the temporal ductings tooth filling with the purpose inflammatory cutting processes and disinfection in dentistry. Composition and main characteristic Iodoform paste contains 25% of iodoformium, camphor, thymol; zinc oxide and paste-former. Iodotemp 25 is plasticity paste with a characteristic smell of iodoformium. The paste is applied direct injection into the canal on the first or second visit, depending on the case, because Iodotemp 25 excludes pre-medication treatment of canals. The paste does not harden because of this treatment can be recommence in the next time of your visit eliminating the risk of making the canal inaccessible as result of complete or partial filling. Package: 1,8 g paste Iodotemp 25 in a syringe 3 canulas REF 2705 Iodotemp 25 Instruction for use",https://www.latus.com.ua/components/com_jshopping/files/img_products/full_jodotemp_25_R1.jpg | https://www.latus.com.ua/components/com_jshopping/files/img_products/full_jodotemp_25_R11.jpg,2,BRAND_AND_SELECTED_PRODUCTS_PRESENT_IN_STOMIR_KZ_CATALOG,OFFICIAL_PRODUCT_IDENTITY_READY_KZ_SKU_REVIEW_REQUIRED,https://www.latus.com.ua/en/products/endodontic-filling-materials/iodotemp-25.html
117,LaTus,Private Enterprise «Latus»,Desgel,2820,2820,Desgel=2820,1,Endodontic filling materials,"Root canal disinfection gel. Use for disinfection of the root canal after instrumental treatment of canal. Keep at least 1 m away from heating appliances in closed, cool place, protected from rain and direct sunlight.","Root canal disinfection gel Use for disinfection of the root canal after instrumental treatment of canal. Keep at least 1 m away from heating appliances in closed, cool place, protected from rain and direct sunlight. Composition and main characteristic Desgel made on the base of disinfectant active agent, active to gram-positive and gram-negative bacteria. The preparation is stable and retains activity in the presence of blood and pus. It has sufficient viscosity to process dental cavities of maxillary and have sparing effect on the oral mucosa. Package: 5 g gel Desgel in a syringe 3 canulas REF 2820 Desgel Instruction for use",https://www.latus.com.ua/components/com_jshopping/files/img_products/full_desgel_R1.jpg | https://www.latus.com.ua/components/com_jshopping/files/img_products/full_desgel_R11.jpg,2,BRAND_AND_SELECTED_PRODUCTS_PRESENT_IN_STOMIR_KZ_CATALOG,OFFICIAL_PRODUCT_IDENTITY_READY_KZ_SKU_REVIEW_REQUIRED,https://www.latus.com.ua/en/products/endodontic-filling-materials/desgel.html
108,LaTus,Private Enterprise «Latus»,Trimlat,2811,2811,Trimlat=2811,1,Endodontic filling materials,Liquid for processing root canals. Use for the expansion and cleaning root canal of teeth before sealing in preventive dentistry.,"Liquid for processing root canals Use for the expansion and cleaning root canal of teeth before sealing in preventive dentistry. Composition and main characteristic Trimlat contains EDTA - (15%), thickening additive, a detergent and water. Trimlat liquid like lubrication facilitates the movement of files and chemically acting expands the root canal. Liquid remains easily rinsed by water. Package: 100 g liquid Trimlat in a bottle dosing syringe REF 2811 Trimlat Instruction for use",https://www.latus.com.ua/components/com_jshopping/files/img_products/full_trimlat_R1.jpg | https://www.latus.com.ua/components/com_jshopping/files/img_products/full_trimlat_R11.jpg,2,BRAND_AND_SELECTED_PRODUCTS_PRESENT_IN_STOMIR_KZ_CATALOG,OFFICIAL_PRODUCT_IDENTITY_READY_KZ_SKU_REVIEW_REQUIRED,https://www.latus.com.ua/en/products/endodontic-filling-materials/trimlat.html
112,LaTus,Private Enterprise «Latus»,Iodotemp Z,3334,3334,Iodotemp Z=3334,1,Endodontic filling materials,"Iodotemp Z. Used in dental practice for the preparation of antiseptic protective pastes, with gingivoplasty. It is used as a drying and tanning agent in the form of a powder on the wound surface of the mucous membrane.","Iodotemp Z Used in dental practice for the preparation of antiseptic protective pastes, with gingivoplasty. It is used as a drying and tanning agent in the form of a powder on the wound surface of the mucous membrane. Package: 80 g powder Iodotemp Z in a bottle REF 3334 Iodotemp Z",https://www.latus.com.ua/components/com_jshopping/files/img_products/full_jodotemp_z_R1.jpg | https://www.latus.com.ua/components/com_jshopping/files/img_products/full_jodotemp_z_R11.jpg,2,BRAND_AND_SELECTED_PRODUCTS_PRESENT_IN_STOMIR_KZ_CATALOG,OFFICIAL_PRODUCT_IDENTITY_READY_KZ_SKU_REVIEW_REQUIRED,https://www.latus.com.ua/en/products/endodontic-filling-materials/zinc-oxide.html
278,LaTus,Private Enterprise «Latus»,Iodotemp 40,2709,2709,Iodotemp 40=2709,1,Endodontic filling materials,Jodoformium paste. Use for application in cases sharp and chronis periodontitis by the temporal ductings tooth filling with the purpose inflammatory cutting processes and disinfection in dentistry.,"Jodoformium paste Use for application in cases sharp and chronis periodontitis by the temporal ductings tooth filling with the purpose inflammatory cutting processes and disinfection in dentistry. Composition and main characteristic It is a ready-to-use plastic paste with a characteristic odor of iodoform. The paste contains 40% iodoform, camphor, thymol; zinc oxide and pasteurizer. The paste is applied directly to the canal on the first or second visit without preliminary treatment. It does not harden, due to this, treatment can be resumed during the next visit, eliminating the risk of making the channel inaccessible as a result of its full and final filling. Package: 1,8 g paste Iodotemp 40 in a syringe 3 canulas REF 2709 Iodotemp 40",https://www.latus.com.ua/components/com_jshopping/files/img_products/full_jodotemp_40_R1.jpg | https://www.latus.com.ua/components/com_jshopping/files/img_products/full_jodotemp_40_R11.jpg,2,BRAND_AND_SELECTED_PRODUCTS_PRESENT_IN_STOMIR_KZ_CATALOG,OFFICIAL_PRODUCT_IDENTITY_READY_KZ_SKU_REVIEW_REQUIRED,https://www.latus.com.ua/en/products/endodontic-filling-materials/iodotemp-40.html
320,LaTus,Private Enterprise «Latus»,Liquides 5% sodium hypochlorite,2827,2827,Liquides 5%=2827,1,Endodontic filling materials,Irrigation solution of sodium hypochlorite 5% for root canals Use for root canals disinfection before sealing.,Irrigation solution for root canals Use for root canals disinfection before sealing. Рroperties The product is an aqueous solution of sodium hypochlorite concentration of 5.0% with the addition of a stabilizer. Have sparing effect on the oral mucosa. Thanks to additional stabilize Liquides 5% during a long time keeps bactericidaland protolithicproperties of solution. Package: 215 g liquid dosing syringe REF 2827 Liquides 5% Instruction for use,https://www.latus.com.ua/components/com_jshopping/files/img_products/full_liquides_5_215_R1.jpg | https://www.latus.com.ua/components/com_jshopping/files/img_products/full_liquides_5_215_R11.jpg,2,BRAND_AND_SELECTED_PRODUCTS_PRESENT_IN_STOMIR_KZ_CATALOG,OFFICIAL_PRODUCT_IDENTITY_READY_KZ_SKU_REVIEW_REQUIRED,https://www.latus.com.ua/en/products/endodontic-filling-materials/liquides-5.html
319,LaTus,Private Enterprise «Latus»,Liquides 3% sodium hypochlorite,2826,2826,Liquides 3%=2826,1,Endodontic filling materials,Irrigation solution of sodium hypochlorite 3% for root canals. Use for root canals disinfection before sealing.,Irrigation solution root canals. Use for root canals disinfection before sealing. P roperties The product is an aqueous solution of sodium hypochlorite concentration of 3.0% with the addition of a stabilizer. Have sparing effect on the oral mucosa. Thanks to additional stabilize Liquides 3% during a long time keeps bactericidaland protolithicproperties of solution. Package: 215 g liquid dosing syringe REF 2826 Liquides 3% Instruction for use,https://www.latus.com.ua/components/com_jshopping/files/img_products/full_liquides_3_215_R1.jpg | https://www.latus.com.ua/components/com_jshopping/files/img_products/full_liquides_3_215_R11.jpg,2,BRAND_AND_SELECTED_PRODUCTS_PRESENT_IN_STOMIR_KZ_CATALOG,OFFICIAL_PRODUCT_IDENTITY_READY_KZ_SKU_REVIEW_REQUIRED,https://www.latus.com.ua/en/products/endodontic-filling-materials/liquides-3.html
316,LaTus,Private Enterprise «Latus»,Endocort-H,2710,2710 | 2707,REF 2710=2710 | Endocort=2707,2,Endodontic filling materials,"Zinc oxide eugenol cement. Use for the permanent stopping of canal of all groups of teeth, by either one material or with the use of pin. Keep at least 1 m away from heating appliances in closed, cool place, protected from rain and direct sunlight.","Zinc oxide eugenol cement Use for the permanent stopping of canal of all groups of teeth, by either one material or with the use of pin. Keep at least 1 m away from heating appliances in closed, cool place, protected from rain and direct sunlight. Main characteristic Endocort is a filling material class ""powder-liquid."" The liquid used for mixing — eugenolum. Working time of the material is 2-6 hours. Curing of material in the tooth canal about 24-48 hours. If necessary, the cured material can be easily removed from the canal. Package: 20 g powder Endocort 10 g liquid Endocort mixing pad measure spoon cap with pipet REF 2707 Endocort Instruction for use",https://www.latus.com.ua/components/com_jshopping/files/img_products/full_endocort_h_3kl_R1.jpg | https://www.latus.com.ua/components/com_jshopping/files/img_products/full_endocort_h_3kl_R11.jpg,2,BRAND_AND_SELECTED_PRODUCTS_PRESENT_IN_STOMIR_KZ_CATALOG,OFFICIAL_PRODUCT_IDENTITY_READY_KZ_SKU_REVIEW_REQUIRED,https://www.latus.com.ua/en/products/endodontic-filling-materials/endocort-h.html
129,LaTus,Private Enterprise «Latus»,Abigel,1341,1341,Abigel=1341,1,Prophylactic medications,"Antiparodontal prophylactic gel. Use for the parodontium and gums diseases prophylaxis, at often repetitive inflammatory processes in dentistry.","Antiparodontal prophylactic gel Use for the parodontium and gums diseases prophylaxis, at often repetitive inflammatory processes in dentistry. Composition and main characteristic Abigel is a semi-liquid gel containing fir oil, oak bark extract, synthetic polymer gellants and water. Abigel has an effective anti-inflammatory effect and stimulates the restoration of gingival tissue, is harmless to the gastrointestinal tract. The main property of the oak bark is astringent, it also has a anthemorrhagiic, antiseptic and anti-inflammatory effect. The applied gel is quickly absorbed by the mucous membrane. Package: 3 g gel Abigel in a syringe canula REF 1341 Abigel",https://www.latus.com.ua/components/com_jshopping/files/img_products/full_abigel_R1.jpg | https://www.latus.com.ua/components/com_jshopping/files/img_products/full_abigel_R11.jpg,2,BRAND_AND_SELECTED_PRODUCTS_PRESENT_IN_STOMIR_KZ_CATALOG,OFFICIAL_PRODUCT_IDENTITY_READY_KZ_SKU_REVIEW_REQUIRED,https://www.latus.com.ua/en/products/prophylactic-medications/abigel.html
273,LaTus,Private Enterprise «Latus»,PeroxiDam,2203,2203,PeroxiDam=2203,1,Prophylactic medications,Liquid rubber dam. Use for the isolation of soft tissues when teeth are whitened in cases of risk of irritation,Liquid rubber dam. Use for the isolation of soft tissues when teeth are whitened in cases of risk of irritation. Composition and main characteristic Liquid cofferdam is a light-curing material based on methacrylate resin. Package: 3 g PeroxiDam 3 cannulas REF 2203 PeroxiDam,https://www.latus.com.ua/components/com_jshopping/files/img_products/full_peroxidam_R1.jpg | https://www.latus.com.ua/components/com_jshopping/files/img_products/full_peroxidam_R11.jpg,2,BRAND_AND_SELECTED_PRODUCTS_PRESENT_IN_STOMIR_KZ_CATALOG,OFFICIAL_PRODUCT_IDENTITY_READY_KZ_SKU_REVIEW_REQUIRED,https://www.latus.com.ua/en/products/prophylactic-medications/peroxidam.html
123,LaTus,Private Enterprise «Latus»,Ftoroplen,0531,0531,Ftoroplen=0531,1,Prophylactic medications,"Prophylactic fluoride releasing varnish. Use for fluoride caries prevention, removal of tooth hypersensitivity, as well as to prevent the living teeth, prepared under the denture.","Prophylactic fluoride releasing varnish Use for fluoride caries prevention, removal of tooth hypersensitivity, as well as to prevent the living teeth, prepared under the denture. Composition and main characteristic One-component air drying varnish based on polymer film-forming. As an active agent contains a preparation of sodium fluoride and calcium fluoride, which contributes to the restoration of tooth enamel and protects teeth from the development of caries, eliminates the hypersensitivity of teeth. It dries quickly, forming a thin, unpainted film. Does not require etching and polymerization. Preserved on the tooth surface for 2 to 5 days. Package: 12 g varnish Ftoroplen in a bottle REF 0531 Ftoroplen",https://www.latus.com.ua/components/com_jshopping/files/img_products/full_ftoroplen_R1.jpg | https://www.latus.com.ua/components/com_jshopping/files/img_products/full_ftoroplen_R11.jpg,2,BRAND_AND_SELECTED_PRODUCTS_PRESENT_IN_STOMIR_KZ_CATALOG,OFFICIAL_PRODUCT_IDENTITY_READY_KZ_SKU_REVIEW_REQUIRED,https://www.latus.com.ua/en/products/prophylactic-medications/ftoroplen.html
120,LaTus,Private Enterprise «Latus»,Ftorcalcit-E,1332,1332,Ftorcalcit-E=1332,1,Prophylactic medications,Saline system for deep fluoridization of the enamel. Use in prophylactics mani- pulates on teeth enamel in dentistry.,"Saline system for deep fluoridization of the enamel Use in prophylactics mani- pulates on teeth enamel in dentistry. Composition and main characteristic The Ftorcalcit-E kit includes fluid No. 1 and liquid No. 2. Composition of liquid No. 1: magnesium fluorosilicate, copper fluorosilicate, distilled water. Composition of liquid No. 2: highly disperse calcium hydroxide, copper hydroxide, thickeners, distilled water. Sequential application of liquids No. 1 and No. 2 Ftorcalcit-E provides deep fluoridation of tooth enamel or bone cement of the neck of the tooth. As a result of the reaction between the components of the liquids, a gel of silicic acid and the crystals of calcium, magnesium and copper fluoride distributed in it are formed. High concentration of fluoride and copper ions provides tooth protection from cariogenic microorganisms, stimulates the regeneration of periodontal tissues. Package: 10 g liquid № 1 in a bottle 10 g liquid № 2 in a bottle flask REF 1332 Ftorcalcit-E",https://www.latus.com.ua/components/com_jshopping/files/img_products/full_ftorcalcit_e_R1.jpg | https://www.latus.com.ua/components/com_jshopping/files/img_products/full_ftorcalcit_e_R11.jpg,2,BRAND_AND_SELECTED_PRODUCTS_PRESENT_IN_STOMIR_KZ_CATALOG,OFFICIAL_PRODUCT_IDENTITY_READY_KZ_SKU_REVIEW_REQUIRED,https://www.latus.com.ua/en/products/prophylactic-medications/ftorcalcit-e.html
122,LaTus,Private Enterprise «Latus»,Ftoroplen-LC,1322,1322,Ftoroplen-LC=1322,1,Prophylactic medications,"Preventive fluoride light cure varnish. Use for applying a fluorine coating on teeth surface for prophylaxis of caries in dentistry. Keep in cool, protected from atmospheric fallouts and direct sunbeams.","Preventive fluoride light cure varnish Use for applying a fluorine coating on teeth surface for prophylaxis of caries in dentistry. Keep in cool, protected from atmospheric fallouts and direct sunbeams. Composition and main characteristic Ftoroplen-LC is a one-component lacquer based on a polymer film-forming, capable of polymerizing under the influence of visible light with a wavelength of 400-500 nm. As the active agent contains sodium and calcium fluoride. Emerging fluoride ions contribute to the restoration of tooth enamel and protect teeth from the development of caries. Before application, the etching of the tooth surface is not required. It dries quickly, forming a thin, elastic, unpainted film. An additional photopolymerization achieves increased film strength. It remains on the tooth surface for 3 to 10 days. Package: 10 g varnish Ftoroplen-LC in a bottle REF 1322 Ftoroplen-LC",https://www.latus.com.ua/components/com_jshopping/files/img_products/full_ftoroplen_lc_R1.jpg | https://www.latus.com.ua/components/com_jshopping/files/img_products/full_ftoroplen_lc_R11.jpg,2,BRAND_AND_SELECTED_PRODUCTS_PRESENT_IN_STOMIR_KZ_CATALOG,OFFICIAL_PRODUCT_IDENTITY_READY_KZ_SKU_REVIEW_REQUIRED,https://www.latus.com.ua/en/products/prophylactic-medications/ftoroplen-lc.html
213,LaTus,Private Enterprise «Latus»,Proclean Z,0314,0311 | 0314,Proclean Z 1 can of 50 g paste=0311 | Proclean Z=0314,2,Prophylactic medications,"Zircon prophy & polishing paste. Use for effective cleaning and polishing teeth, remove plaque, stones and plaque smoker with minimal damage to the enamel in dentistry.","Zircon prophy & polishing paste. Use for effective cleaning and polishing teeth, remove plaque, stones and plaque smoker with minimal damage to the enamel in dentistry. Composition and main characteristic The composition of the paste includes zirconium silicate with a particle size of 3 to 5 μm, a binder and flavor. Package: 8 g paste in a syring REF 0311 Proclean Z 1 can of 50 g paste REF 0314 Proclean Z",https://www.latus.com.ua/components/com_jshopping/files/img_products/full_proclin_z_50.jpg | https://www.latus.com.ua/components/com_jshopping/files/img_products/full_proclin_z_R1.jpg,2,BRAND_AND_SELECTED_PRODUCTS_PRESENT_IN_STOMIR_KZ_CATALOG,OFFICIAL_PRODUCT_IDENTITY_READY_KZ_SKU_REVIEW_REQUIRED,https://www.latus.com.ua/en/products/prophylactic-medications/proclean-z.html
258,LaTus,Private Enterprise «Latus»,Argelat,0533,0533,Argelat=0533,1,Prophylactic medications,Set for silvering. Use for the prevention of caries tooth structure by silvering in dental practice.,"Set for silvering Use for the prevention of caries tooth structure by silvering in dental practice Composition and main characteristic Set Argelat includes liquid No. 1, the liquid No. 2 and vaseline oil. The liquid composition No. 1: silver nitrate, distilled water. The liquid composition No. 2: a reducing agent, and distilled water. The method of silvering is based on the deposition of particles recovered ionic silver, which provides antiseptic treatment of carious dentine and not remote organic residues of the pulp in the root canal. Package: 5 g liquid № 1 Argelat 3 gl liquid № 2 Argelat 4 g vaseline oil REF 0533 Argelat",https://www.latus.com.ua/components/com_jshopping/files/img_products/full_argelat_R1.jpg | https://www.latus.com.ua/components/com_jshopping/files/img_products/full_argelat_R11.jpg,2,BRAND_AND_SELECTED_PRODUCTS_PRESENT_IN_STOMIR_KZ_CATALOG,OFFICIAL_PRODUCT_IDENTITY_READY_KZ_SKU_REVIEW_REQUIRED,https://www.latus.com.ua/en/products/prophylactic-medications/argelat.html
272,LaTus,Private Enterprise «Latus»,Peroxilat,0535,0535,Peroxilat=0535,1,Prophylactic medications,System for teeth whitening. Use for in dentistry in the bleaching of teeth.,System for tooth whitening Use for in dentistry in the bleaching of teeth. Composition and main characteristic The whitening system consists of a bleaching gel and a liquid cofferdam. The whitening gel contains carbamide peroxylate and a special soft thickener that prevents spreading of the gel over unprotected soft tissues. Liquid cofferdam is a light-curing material based on methacrylate resin. It serves to isolate soft tissues when teeth are whitened in cases of risk of irritation. Package: 3 x 3.5 g gel 1 x 3 g liquid rubber dam 3 brushes 6 canulas REF 0535 Peroxilat Picture instruction,https://www.latus.com.ua/components/com_jshopping/files/img_products/full_peroxilat_R1.jpg | https://www.latus.com.ua/components/com_jshopping/files/img_products/full_peroxilat_R11.jpg,2,BRAND_AND_SELECTED_PRODUCTS_PRESENT_IN_STOMIR_KZ_CATALOG,OFFICIAL_PRODUCT_IDENTITY_READY_KZ_SKU_REVIEW_REQUIRED,https://www.latus.com.ua/en/products/prophylactic-medications/peroxilat.html
121,LaTus,Private Enterprise «Latus»,Ftorcalcit-D,1331,1331,Ftorcalcit-D=1331,1,Prophylactic medications,Saline system for deep fluoridization of the dentine. Use in prophylactics manipu-lates on teeth dentine in dentistry.,"Saline system for deep fluoridization of the dentine Use in prophylactics manipu-lates on teeth dentine in dentistry. Composition and main characteristic The Ftorcalcit-D kit includes fluid No. 1 and liquid No. 2. The composition of liquid No. 1: magnesium fluorosilicate, copper sulfate, distilled water. Composition of liquid No. 2: highly disperse calcium hydroxide, thickeners, distilled water. Sealing of dentin occurs as a result of successive application of liquids No. 1 and No. 2. In this case, a gel of silicic acid is deposited in the dentinal tubules and on the bottom of the cavity, in which microscopic crystallites of fluorides of calcium, magnesium and copper are formed. The reaction product has alkaline properties and has the character of an ionic membrane preventing penetration of acids emitted from cements (including phosphate), monomers contained in composite materials, bacteria and viruses into the dentin and pulp. And the presence of copper and fluoride ions contribute to the high bactericidal activity of the drug. Package: 10 g liquid № 1 in a bottle 10 g liquid № 2 in a bottle flask REF 1331 Ftorcalcit-D",https://www.latus.com.ua/components/com_jshopping/files/img_products/full_ftorcalcit_d_R1.jpg | https://www.latus.com.ua/components/com_jshopping/files/img_products/full_ftorcalcit_d_R11.jpg,2,BRAND_AND_SELECTED_PRODUCTS_PRESENT_IN_STOMIR_KZ_CATALOG,OFFICIAL_PRODUCT_IDENTITY_READY_KZ_SKU_REVIEW_REQUIRED,https://www.latus.com.ua/en/products/prophylactic-medications/ftorcalcit-d.html
136,LaTus,Private Enterprise «Latus»,Izumrud,0532,0532,Izumrud=0532,1,Prophylactic medications,Caries-marker. Use for teeth as caries seek reagent in dentistry.,"Caries-marker Use for teeth as caries seek reagent in dentistry. Composition and main characteristic Izumrud contains in his composition surface active carrier, activator, dye and filler. Izumrud makes it easy to distinguish between caries and demineralized dentin layer by painting it in bright green outer layers of carious dentin. Izumrud does not stain normal healthy dentin and enamel. Izumrud connected to denatured collagen, contained in dentin caries and stain it for a short time, which allows removing only the outer portion of colored dentin without affecting uninfected area. Package: 5 g liquid Izumrud in a bottle REF 0532 Izumrud Instruction for use",https://www.latus.com.ua/components/com_jshopping/files/img_products/full_izumrud_R1.jpg | https://www.latus.com.ua/components/com_jshopping/files/img_products/full_izumrud_R11.jpg,2,BRAND_AND_SELECTED_PRODUCTS_PRESENT_IN_STOMIR_KZ_CATALOG,OFFICIAL_PRODUCT_IDENTITY_READY_KZ_SKU_REVIEW_REQUIRED,https://www.latus.com.ua/en/products/prophylactic-medications/izumrud.html
127,LaTus,Private Enterprise «Latus»,Dentalex-12F,1314,1314,Dentalex- 12F ( transparent)=1314,1,Prophylactic medications,Light cure fluorine-emitting pit and fissure sealant. Use for caries prophylaxis in pedodontics.,"Light cure fluorine-emitting pit and fissure sealant Use for caries prophylaxis in pedodontics. Composition and main characteristic Dentalex-12F belongs to the group of low-filled flowable composites, contains a fluoride-producing component - sodium fluoride, is characterized by improved adhesion, increased hardness and wear resistance. The sealant has a high processability, allowing it to be used in clinic and school dental surgeries. Dentalex-12F cures for 30 seconds with a dental photopolymerizer. The cured surface is resistant to cleaning with a toothbrush. Transparency provides visual control of the sealant on the fissure. Service life is 1,5-2 years. Package: 2 х 4 g paste Dentalex- 12F 8 g 37 % etching gel 10 canulas REF 1314 Dentalex- 12F ( transparent)",https://www.latus.com.ua/components/com_jshopping/files/img_products/full_dentalex_12f_R2.jpg | https://www.latus.com.ua/components/com_jshopping/files/img_products/full_dentalex_12f_R21.jpg,2,BRAND_AND_SELECTED_PRODUCTS_PRESENT_IN_STOMIR_KZ_CATALOG,OFFICIAL_PRODUCT_IDENTITY_READY_KZ_SKU_REVIEW_REQUIRED,https://www.latus.com.ua/en/products/prophylactic-medications/dentalex-12f.html
228,LaTus,Private Enterprise «Latus»,Proclean Z with fluorine,0312,0312,Proclean Z=0312,1,Prophylactic medications,"Zircon prophy & polishing paste with fluorine. Use for effective cleaning and polishing teeth, remove plaque, stones and plaque smoker with minimal damage to the enamel in dentistry.","Zircon prophy & polishing paste with fluorine. Use for effective cleaning and polishing teeth, remove plaque, stones and plaque smoker with minimal damage to the enamel in dentistry. Composition and main characteristic The composition of the paste includes zirconium silicate with a particle size of 3 to 5 μm, a binder and flavor. Contains fluoride excipient. Package: 8 g paste in a syring REF 0312 Proclean Z",https://www.latus.com.ua/components/com_jshopping/files/img_products/full_proclin_z_ftor_R1.jpg | https://www.latus.com.ua/components/com_jshopping/files/img_products/full_proclin_z_ftor_R11.jpg,2,BRAND_AND_SELECTED_PRODUCTS_PRESENT_IN_STOMIR_KZ_CATALOG,OFFICIAL_PRODUCT_IDENTITY_READY_KZ_SKU_REVIEW_REQUIRED,https://www.latus.com.ua/en/products/prophylactic-medications/proclean-z-with-fluorine.html
124,LaTus,Private Enterprise «Latus»,Dentalex-21F,0521,0521,Dentalex- 21F=0521,1,Prophylactic medications,Light cure fluorine-emitting pit and fissure sealant. Use for caries prophylaxis in pedodontics.,"Light cure fluorine-emitting pit and fissure sealant Use for caries prophylaxis in pedodontics. Composition and main characteristic The Dentalex-21F sealant is a low-filled, paste-liquid composite system. The active agent contains sodium fluoride. It is cured after mixing the main paste with the catalyst liquid in a ratio of 1: 1 by volume. Working time after mixing of components - 1,5-3 minutes, time of hardening in an oral cavity - 3-4 mines from the beginning of mixing. Uniform prolonged release of fluoride ions from the material promotes hardening of immature enamel of the teeth, and also prevents the development of secondary caries in the case of invasive sealing. The sealant easily flows into the fissures of the tooth, cracks in the enamel and grooves, has a stable adhesion to the etched surface of the enamel, high hardness and wear resistance. The life of the sealant is at least 12 months. Package: 2 х 4 g paste Dentalex- 21F 3 g catalyst liguid Dentalex 6 g 37 % etching gel 5 cannulas 5 brushes flask REF 0521 Dentalex- 21F",https://www.latus.com.ua/components/com_jshopping/files/img_products/full_dentalex_21f_R2.jpg | https://www.latus.com.ua/components/com_jshopping/files/img_products/full_dentalex_21f_R21.jpg,2,BRAND_AND_SELECTED_PRODUCTS_PRESENT_IN_STOMIR_KZ_CATALOG,OFFICIAL_PRODUCT_IDENTITY_READY_KZ_SKU_REVIEW_REQUIRED,https://www.latus.com.ua/en/products/prophylactic-medications/dentalex-21f.html
126,LaTus,Private Enterprise «Latus»,Dentalex-13F,1316,1316,Dentalex- 13F=1316,1,Prophylactic medications,Light cure fluoride sealant varnish. Use for caries prophylaxis in pedodontics.,"Light cure fluoride sealant varnish Use for caries prophylaxis in pedodontics. Composition and main characteristic Dentalex-13F as an active agent contains sodium and calcium fluoride. Due to the volatile solvent (25%) it dries quickly. Preserved on the tooth surface for 3 to 14 days (without pre-etching). For a longer period (from 20 days to 2 months), it is necessary to etch the surface of the enamel. To facilitate control over the state of the sealed fissure, the material is made transparent. Package: 6 g varnish Dentalex- 13F in a bottle 2 x 4 g 37 % etching gel 5 canulas 3 brushes REF 1316 Dentalex- 13F",https://www.latus.com.ua/components/com_jshopping/files/img_products/full_dentalex_13f_R2.jpg | https://www.latus.com.ua/components/com_jshopping/files/img_products/full_dentalex_13f_R21.jpg,2,BRAND_AND_SELECTED_PRODUCTS_PRESENT_IN_STOMIR_KZ_CATALOG,OFFICIAL_PRODUCT_IDENTITY_READY_KZ_SKU_REVIEW_REQUIRED,https://www.latus.com.ua/en/products/prophylactic-medications/dentalex-13f.html
128,LaTus,Private Enterprise «Latus»,Dentalex-12,1312,1312,Dentalex-12=1312,1,Prophylactic medications,Light cure pit and fissure sealant. Use for caries prophylaxis in pedodontics.,"Light cure pit and fissure sealant Use for caries prophylaxis in pedodontics Composition and main characteristic Dentalex-12 belongs to the group of low-filled flowable composites, characterized by increased hardness and wear resistance. The sealant has a high processability, allowing it to be used in clinic and school dental surgeries. Dentalex-12 cures for 30 seconds with a dental photopolymerizer. The cured surface is resistant to cleaning with a toothbrush. Transparency provides visual control of the sealant on the fissure. Service life 1,5-2 years. Package: 2 х 4 g paste Dentalex-12 8 g 37 % etching gel 10 canulas REF 1312 Dentalex-12",https://www.latus.com.ua/components/com_jshopping/files/img_products/full_dentalex_12_R2.jpg | https://www.latus.com.ua/components/com_jshopping/files/img_products/full_dentalex_12_R21.jpg,2,BRAND_AND_SELECTED_PRODUCTS_PRESENT_IN_STOMIR_KZ_CATALOG,OFFICIAL_PRODUCT_IDENTITY_READY_KZ_SKU_REVIEW_REQUIRED,https://www.latus.com.ua/en/products/prophylactic-medications/dentalex-12.html
125,LaTus,Private Enterprise «Latus»,Dentalex-20,0520,0520,Dentalex-20=0520,1,Prophylactic medications,Self cure pit & fissure sealant. Use for mass prevention of dental caries in children`s dentistry from 6 to 16 years of age.,"Self cure pit & fissure sealant Use for mass prevention of dental caries in children`s dentistry from 6 to 16 years of age. Composition and main characteristic The Dentalex-20 sealant is a low-filled, paste-liquid composite system. It is cured after mixing the main paste with the catalyst liquid in a ratio of 1: 1 by volume. Working time after mixing of components is 1,5-2 minutes, curing time in the oral cavity is 3-4 minutes from the beginning of mixing. The sealant easily flows into the fissures of the tooth, cracks in the enamel and grooves, has a stable adhesion to the etched surface of the enamel, high hardness and wear resistance. The life of the sealant is at least 12 months. Package: 2 х 4 g paste Dentalex-20 3 g catalyst liguid Dentalex 6 g 37 % etching gel 5 canulas 5 brushes flask REF 0520 Dentalex-20",https://www.latus.com.ua/components/com_jshopping/files/img_products/full_dentalex_20_R2.jpg | https://www.latus.com.ua/components/com_jshopping/files/img_products/full_dentalex_20_R21.jpg,2,BRAND_AND_SELECTED_PRODUCTS_PRESENT_IN_STOMIR_KZ_CATALOG,OFFICIAL_PRODUCT_IDENTITY_READY_KZ_SKU_REVIEW_REQUIRED,https://www.latus.com.ua/en/products/prophylactic-medications/dentalex-20.html
302,LaTus,Private Enterprise «Latus»,Proclean S,0317,0316 | 0317 | 0318,Proclean S=0316 | Proclean S Bubble Gum=0317 | Proclean S Tutti Frutti=0318,3,Prophylactic medications,"Powder for brushing teeth by abrasive jet. Use for professional toothbrushing, plaque removal and soft deposits","Powder for brushing teeth by abrasive jet Use for professional toothbrushing, plaque removal and soft deposits. Characteristic It is applied according to the instruction to sandblasting devices. Attention! Shake the powder bottle before use. Package: 115 g powder in а bottle REF 0316 Proclean S REF 0317 Proclean S Bubble Gum REF 0318 Proclean S Tutti Frutti",https://www.latus.com.ua/components/com_jshopping/files/img_products/full_proclin_S.jpg | https://www.latus.com.ua/components/com_jshopping/files/img_products/full_proclin_S_tutti.jpg | https://www.latus.com.ua/components/com_jshopping/files/img_products/full_proclin_S_bubl.jpg,3,BRAND_AND_SELECTED_PRODUCTS_PRESENT_IN_STOMIR_KZ_CATALOG,OFFICIAL_PRODUCT_IDENTITY_READY_KZ_SKU_REVIEW_REQUIRED,https://www.latus.com.ua/en/products/prophylactic-medications/proclean-s.html
141,LaTus,Private Enterprise «Latus»,"Etching Gel, 37%",0711,0711 | 0712 | 0714,Etching gel 37% 8 g gel in a syringe 3 canulas=0711 | Etching gel 37% 14 g gel in a syringe 5 canulas=0712 | Etching gel 37%=0714,3,Dental bonding,Etching gel 37%. Use for creation of micro on enamel and short time on dentine surface in front of drawing bonding or sealant.,"Etching gel 37% Use for creation of micro on enamel and short time on dentine surface in front of drawing bonding or sealant. Composition and main characteristic The gel has thixotropic properties, thanks to which it is easily fixed on the tooth surface and performs a quick and qualitative removal of the lubricated layer and etching of the tissues. Package: 4 g gel in a syringe canula REF 0711 Etching gel 37% 8 g gel in a syringe 3 canulas REF 0712 Etching gel 37% 14 g gel in a syringe 5 canulas REF 0714 Etching gel 37% Instruction for use",https://www.latus.com.ua/components/com_jshopping/files/img_products/full_gel_14g_R1.jpg | https://www.latus.com.ua/components/com_jshopping/files/img_products/full_gel_8g_R1.jpg | https://www.latus.com.ua/components/com_jshopping/files/img_products/full_gel_4g_R1.jpg,3,BRAND_AND_SELECTED_PRODUCTS_PRESENT_IN_STOMIR_KZ_CATALOG,OFFICIAL_PRODUCT_IDENTITY_READY_KZ_SKU_REVIEW_REQUIRED,https://www.latus.com.ua/en/products/dental-bonding/gel-travilnyj-37.html
133,LaTus,Private Enterprise «Latus»,Monotex,1821,1821 | 1822,Monotex=1821 | Monotex=1822,2,Dental bonding,Light cure universal dentine-enamel bond. Use for enamel and dentine as bonding agent under light cure restorative composite in dentistry.,"Light cure universal dentine-enamel bond Use for enamel and dentine as bonding agent under light cure restorative composite in dentistry. Composition and main characteristic Monotex made on the basis of a specially synthesized binder which are the basis BisGMA, HEMA and glutar aldehyde. The adhesive also contains an effective antiseptic detergent - benzalkonium chloride, 17% of a filler having a particle size of 0.4 microns and 15% multi component highly volatile solvent. Monotex have a highly stable adhesion to phosphoric acid etched dentine and enamel with the properties as a binder, and due to the penetration of micro-particles of filler to dentinal tubules on a greater depth than just the unfilled liquid adhesive systems. Package: 6 g bond Monotex in a bottle REF 1821 Monotex Instruction for use Bonding system (kit) 6 g bond Monotex in a bottle 3 g dentine-primer Saturol 2 х 4 g 37% etching gel 25 microapplicators 5 canulas REF 1822 Monotex Instruction for use",https://www.latus.com.ua/components/com_jshopping/files/img_products/full_monotex_6_R1.jpg | https://www.latus.com.ua/components/com_jshopping/files/img_products/full_monotex_syst_R1.jpg,2,BRAND_AND_SELECTED_PRODUCTS_PRESENT_IN_STOMIR_KZ_CATALOG,OFFICIAL_PRODUCT_IDENTITY_READY_KZ_SKU_REVIEW_REQUIRED,https://www.latus.com.ua/en/products/dental-bonding/monotex.html
132,LaTus,Private Enterprise «Latus»,Latebond-LC,1954,1954,Latebond-LC=1954,1,Dental bonding,Light cure universal dentine-enamel bond. Use for enamel and dentine as bonding agent under light cure restorative composite in dentistry.,"Light cure universal dentine-enamel bond Use for enamel and dentine as bonding agent under light cure restorative composite in dentistry. Composition and main characteristic Latebond-LC is a solution of BisGMA, TEGDMA and other acrylic monomers, catalysts and stabilizers in a multicomponent solvent. Formula of adhesive adapted to theproperties of etched by phosphoric acid surfaces of the enamel and dentin so that in the process of the formation of adhesive contact except micromechanical and adsorption relationships as arise strong ionic bonds. Latebond-LC has a high and stable adhesion to etched by phosphoric acid enamel, dentin and strips of glass ionomer, polycarboxylate and phosphate cements. Adhesive strength in shift to enamel and dentin is (20-23) MPa. Package: 5 g bond Latebond-LC in a bottle REF 1954 Latebond-LC Instruction for use",https://www.latus.com.ua/components/com_jshopping/files/img_products/full_latebond_lc_5_R1.jpg,1,BRAND_AND_SELECTED_PRODUCTS_PRESENT_IN_STOMIR_KZ_CATALOG,OFFICIAL_PRODUCT_IDENTITY_READY_KZ_SKU_REVIEW_REQUIRED,https://www.latus.com.ua/en/products/dental-bonding/latebond-lc.html
140,LaTus,Private Enterprise «Latus»,Soft Еtch,0713,0713,Soft Еtch=0713,1,Dental bonding,Etching gel. Use for creation of micro on enamel and short time on dentine surface in front of drawing bonding or sealant.,"Etching gel Use for creation of micro on enamel and short time on dentine surface in front of drawing bonding or sealant. Composition and main characteristic The active etching component of the gel is 35% phosphoric acid solution. The polymeric gelling agent thickens the gel, smoothest the etching process and facilitates complete washout from the treated surface gel. The gel provides an effective antiseptic detergent - benzalkonium chloride, a colorant, a stabilizer consistency. Package: 4 g gel Soft Еtch in a syringe canula REF 0713 Soft Еtch Instruction for use",https://www.latus.com.ua/components/com_jshopping/files/img_products/full_soft_etch_R1.jpg | https://www.latus.com.ua/components/com_jshopping/files/img_products/full_soft_etch_R11.jpg,2,BRAND_AND_SELECTED_PRODUCTS_PRESENT_IN_STOMIR_KZ_CATALOG,OFFICIAL_PRODUCT_IDENTITY_READY_KZ_SKU_REVIEW_REQUIRED,https://www.latus.com.ua/en/products/dental-bonding/soft-etch.html
134,LaTus,Private Enterprise «Latus»,Saturol,2211,2211,Saturol=2211,1,Dental bonding,Dentine-primer. Used to moisten and impregnate the dentin to ensure good adhesion before applying Reoliner-LC fluid curing light curing cement or Reoliner-SC chemical curing.,"Dentine-primer Used to moisten and impregnate the dentin to ensure good adhesion before applying Reoliner-LC fluid curing light curing cement or Reoliner-SC chemical curing. Composition and main characteristic The dentine primer is an aqueous solution of hydroxyethyl methacrylate with a small addition of a cross-linking agent. The dentine primer does not contain polymerization initiators, therefore it is polymerized due to the chain polymerization mechanism of the interlining cement. Provides a specific stable adhesion of adhesives and flowing composite pads on the dentine tubes. Thanks to the addition of fluoride, benzalkonium has antiseptic and desensitizing properties. Package: 3 g primer Saturol in a bottle REF 2211 Saturol",https://www.latus.com.ua/components/com_jshopping/files/img_products/full_saturol_R1.jpg | https://www.latus.com.ua/components/com_jshopping/files/img_products/full_saturol_R11.jpg,2,BRAND_AND_SELECTED_PRODUCTS_PRESENT_IN_STOMIR_KZ_CATALOG,OFFICIAL_PRODUCT_IDENTITY_READY_KZ_SKU_REVIEW_REQUIRED,https://www.latus.com.ua/en/products/dental-bonding/saturol.html
130,LaTus,Private Enterprise «Latus»,Therabond,1421,1421,Therabond=1421,1,Dental bonding,Self-curing bond. It is used as an adhesive agent for all kinds of chemical curing composite materials.,"Self-curing bond It is used as an adhesive agent for all kinds of chemical curing composite materials. Composition and main characteristic Therabond is a mixture of acrylic monomers, catalysts and stabilizers. Therabond has a stable adhesion to etched by phosphoric acid enamel, dentin and inlays of glass ionomer, polycarboxylate and composite cements. Adhesive strength of shift to enamel and dentin of 10 - 12 MPa. Package: 3 g base bond liquid Therabond 3 g catalyst bond liquid Therabond 3 brushes flask REF 1421 Therabond Instruction for use",https://www.latus.com.ua/components/com_jshopping/files/img_products/full_therabond_R1.jpg | https://www.latus.com.ua/components/com_jshopping/files/img_products/full_therabond_R11.jpg,2,BRAND_AND_SELECTED_PRODUCTS_PRESENT_IN_STOMIR_KZ_CATALOG,OFFICIAL_PRODUCT_IDENTITY_READY_KZ_SKU_REVIEW_REQUIRED,https://www.latus.com.ua/en/products/dental-bonding/therabond.html
131,LaTus,Private Enterprise «Latus»,Latebond-SC,1512,1512,Latebond-SC=1512,1,Dental bonding,Self-curing bond. It is used as an adhesive agent for enamel and dentin for filling composite materials of chemical curing of any type.,"Self-curing bond It is used as an adhesive agent for enamel and dentin for filling composite materials of chemical curing of any type. Composition and main characteristic Latebond-SC has a high and stable adhesion to phosphoric acid etched enamel, dentin and gaskets of glass ionomer, polycarboxylate and phosphate cements. Adhesive strength of shift to enamel and dentin of 20 - 26 MPa. Package: 3 g base bond liquid Latebond-SC 3 g catalyst bond liquid Latebond-SC 3 brushes flask REF 1512 Latebond-SC Instruction for use",https://www.latus.com.ua/components/com_jshopping/files/img_products/full_latebond_sc_R1.jpg | https://www.latus.com.ua/components/com_jshopping/files/img_products/full_latebond_sc_R11.jpg,2,BRAND_AND_SELECTED_PRODUCTS_PRESENT_IN_STOMIR_KZ_CATALOG,OFFICIAL_PRODUCT_IDENTITY_READY_KZ_SKU_REVIEW_REQUIRED,https://www.latus.com.ua/en/products/dental-bonding/latebond-sc.html
310,LaTus,Private Enterprise «Latus»,Monotex self etch,1823,1823,Monotex self etch=1823,1,Dental bonding,Light curing self etch bond. Use for enamel and dentine as bonding agent in dentistry.,"Light curing self etch bond Use for enamel and dentine as bonding agent in dentistry. Properties Monotex made on the basis of a specially synthesized binder which are the basis BisGMA, HEMA and glutar aldehyde. The adhesive also contains an effective antiseptic detergent - benzalkonium chloride, 17% of a filler having a particle size of 0.4 microns and 15% multi component highly volatile solvent. Monotex have a highly stable adhesion to phosphoric acid etched dentine and enamel with the properties as a binder, and due to the penetration of micro-particles of filler to dentinal tubules on a greater depth than just the unfilled liquid adhesive systems. Package: 6 g bond in a bottle REF 1823 Monotex self etch Instruction for use",https://www.latus.com.ua/components/com_jshopping/files/img_products/full_monotex_self_R1.jpg | https://www.latus.com.ua/components/com_jshopping/files/img_products/full_monotex_self_R11.jpg,2,BRAND_AND_SELECTED_PRODUCTS_PRESENT_IN_STOMIR_KZ_CATALOG,OFFICIAL_PRODUCT_IDENTITY_READY_KZ_SKU_REVIEW_REQUIRED,https://www.latus.com.ua/en/products/dental-bonding/monotex-self-etch.html
137,LaTus,Private Enterprise «Latus»,Diasol,0103,0102 | 0103,1000 g liquid Diasol in a bottle=0102 | REF 0103=0103,2,Auxiliary materials,"Tool for cleaning and disinfection of diamond tools. Used for loosening, dissolving and removing from the surface of the cutting head of a diamond tool or a disc of a sticky layer of enamel and dentin tooth treatment products.","Tool for cleaning and disinfection of diamond tools Used for loosening, dissolving and removing from the surface of the cutting head of a diamond tool or a disc of a sticky layer of enamel and dentin tooth treatment products. Composition and main characteristic It is an aqueous solution of the complexone Na-EDTA with additives of a surfactant, an antiseptic and a pH regulator. Package: 125 g liquid Diasol in a bottle REF 0102 1000 g liquid Diasol in a bottle REF 0103",https://www.latus.com.ua/components/com_jshopping/files/img_products/full_diasol_1000_R1.jpg | https://www.latus.com.ua/components/com_jshopping/files/img_products/full_diasol_100_R1.jpg,2,BRAND_AND_SELECTED_PRODUCTS_PRESENT_IN_STOMIR_KZ_CATALOG,OFFICIAL_PRODUCT_IDENTITY_READY_KZ_SKU_REVIEW_REQUIRED,https://www.latus.com.ua/en/products/auxiliary-materials/diasol.html
138,LaTus,Private Enterprise «Latus»,Hemalat forte,2816,2816 | 2817,Hemalat forte 20 g liquid Hemalat forte in a bottle=2816 | Hemalat forte=2817,2,Auxiliary materials,Hemostatic agent. Use as a hemostatic agent in capillary ble,"Hemostatic agent Use as a hemostatic agent in capillary bleeding from the gums and root canal in dentistry. Composition and main characteristic Normal 0 false false false RU X-NONE X-NONE /* Style Definitions */ table.MsoNormalTable {mso-style-name:""Обычная таблица""; mso-tstyle-rowband-size:0; mso-tstyle-colband-size:0; mso-style-noshow:yes; mso-style-priority:99; mso-style-parent:""""; mso-padding-alt:0cm 5.4pt 0cm 5.4pt; mso-para-margin-top:0cm; mso-para-margin-right:0cm; mso-para-margin-bottom:8.0pt; mso-para-margin-left:0cm; line-height:107%; mso-pagination:widow-orphan; font-size:11.0pt; font-family:""Calibri"",""sans-serif""; mso-ascii-font-family:Calibri; mso-ascii-theme-font:minor-latin; mso-hansi-font-family:Calibri; mso-hansi-theme-font:minor-latin; mso-bidi-font-family:""Times New Roman""; mso-bidi-theme-font:minor-bidi; mso-fareast-language:EN-US;} Hemalat forte prepared on the base of iron sulfate. Hemalat forte is well suited for hemostasis and control of gingival liquid in the case of fixing indirect adhesive restorations and treatment. In a short time it stops bleeding, removes the pollution caused by the circulation of gingival liquid, given by this an optimal bonding. Very gentle action on the hard and soft tissue. Well washed off by water. Package: 3 g gel Hemalat forte in a syringe canula REF 2816 Hemalat forte 20 g liquid Hemalat forte in a bottle REF 2817 Hemalat forte Instruction for use",https://www.latus.com.ua/components/com_jshopping/files/img_products/full_full_hemalat_forte_gel1.jpg,1,BRAND_AND_SELECTED_PRODUCTS_PRESENT_IN_STOMIR_KZ_CATALOG,OFFICIAL_PRODUCT_IDENTITY_READY_KZ_SKU_REVIEW_REQUIRED,https://www.latus.com.ua/en/products/auxiliary-materials/hemalat-forte.html
139,LaTus,Private Enterprise «Latus»,Hemalat,2818,2815 | 2818,Hemalat 3 g gel Hemalat in a syringe canula=2815 | Hemalat=2818,2,Auxiliary materials,"Hemostatic agent. Used in therapeutic dentistry with capillary bleeding from the gums, root canal with vital pulp extirpation, lunar bleeding after tooth extirpation, bleeding after removal of dental deposits.","Hemostatic agent Used in therapeutic dentistry with capillary bleeding from the gums, root canal with vital pulp extirpation, lunar bleeding after tooth extirpation, bleeding after removal of dental deposits. Composition and main characteristic Hemalat prepared on the base of aluminum chloride. Well suited for hemostasis and control of gingival liquid in fixing indirect adhesive restorations and treatment. In a short time it stops bleeding, removes the pollution caused of the circulation of gingival liquid, ensuring by this an optimal bonding. Very gentle action on the hard and soft tissue. Well washed by with water. Package: 20 g liquid Hemalat in a bottle REF 2815 Hemalat 3 g gel Hemalat in a syringe canula REF 2818 Hemalat Instruction for use",https://www.latus.com.ua/components/com_jshopping/files/img_products/full_full_hemalat_gel1.jpg,1,BRAND_AND_SELECTED_PRODUCTS_PRESENT_IN_STOMIR_KZ_CATALOG,OFFICIAL_PRODUCT_IDENTITY_READY_KZ_SKU_REVIEW_REQUIRED,https://www.latus.com.ua/en/products/auxiliary-materials/hemalat.html
142,LaTus,Private Enterprise «Latus»,Ahygrol,2724,2724,Ahygrol=2724,1,Auxiliary materials,Liquid for degreasing and dehydrating. Use for degreasing and dehydrating tooth hard tissues and roots before restorations and denture fixing in orthopedic and preventive dentistry.,"Liquid for degreasing and dehydrating Use for degreasing and dehydrating tooth hard tissues and roots before restorations and denture fixing in orthopedic and preventive dentistry. Composition and main characteristic Ahygro l is a mixture of volatile organic solvents, indifferentto the surrounding soft tissues of the oral cavity, without causing a painful reaction in contact with mucous membranes. Easy soluble in water. Drying time 10 sec. Ahygrol also contains a natural surface active agent which improves wettability desorption of water and traces of grease. Ahygro l liquid application allows you to quickly and accurately degrease and dry the surface of the tooth and the prosthesis before fixation. Package: 12 ml liquid Ahygrol in a bottle REF 2724 Ahygrol Instruction for use",https://www.latus.com.ua/components/com_jshopping/files/img_products/full_Agigrol_R1.jpg | https://www.latus.com.ua/components/com_jshopping/files/img_products/full_Agigrol_R11.jpg,2,BRAND_AND_SELECTED_PRODUCTS_PRESENT_IN_STOMIR_KZ_CATALOG,OFFICIAL_PRODUCT_IDENTITY_READY_KZ_SKU_REVIEW_REQUIRED,https://www.latus.com.ua/en/products/auxiliary-materials/ahygrol.html
135,LaTus,Private Enterprise «Latus»,Lateglint,2420,2420,Lateglint=2420,1,Auxiliary materials,"Light cure glaze. Use for finishing of restoration brilliance, removing restoration shallow, enamel defects in dentistry.","Light cure glaze Use for finishing of restoration brilliance, removing restoration shallow, enamel defects in dentistry. Composition and main characteristic Lateglint is a mixture of Bis-GMA, TEGDMA and other di- and monoethacrylates with additives of pyrogenic silica, initiators of polymerization and stabilizers. Lateglint has good adhesion to the composite material and phosphoric acid etched enamel. After polymerization, a hard glossy surface (micro-hardness of the lacquer film of 24.9 kg / mm2) is formed on the surface of the seal when irradiated with light at a wavelength of 400-500 nm, which does not require additional polishing. Package: 3 g varnish Lateglint in a bottle 3 brushes REF 2420 Lateglint",https://www.latus.com.ua/components/com_jshopping/files/img_products/full_lateglint_R1.jpg | https://www.latus.com.ua/components/com_jshopping/files/img_products/full_lateglint_R11.jpg,2,BRAND_AND_SELECTED_PRODUCTS_PRESENT_IN_STOMIR_KZ_CATALOG,OFFICIAL_PRODUCT_IDENTITY_READY_KZ_SKU_REVIEW_REQUIRED,https://www.latus.com.ua/en/products/auxiliary-materials/lateglint.html
311,LaTus,Private Enterprise «Latus»,Saturol D,2212,2212,Saturol D=2212,1,Auxiliary materials,Desensitizer. Used to moisten and impregnate the dentin to ensure good adhesion before applying Reoliner-LC fluid curing light curing cement or Reoliner-SC chemical curing.,"Dentine-primer Used to moisten and impregnate the dentin to ensure good adhesion before applying Reoliner-LC fluid curing light curing cement or Reoliner-SC chemical curing. Composition and main characteristic The dentine primer is an aqueous solution of hydroxyethyl methacrylate with a small addition of a cross-linking agent. The dentine primer does not contain polymerization initiators, therefore it is polymerized due to the chain polymerization mechanism of the interlining cement. Provides a specific stable adhesion of adhesives and flowing composite pads on the dentine tubes. Thanks to the addition of fluoride, benzalkonium has antiseptic and desensitizing properties. Package: 12 g desensitizer Saturol D in a bottle REF 2212 Saturol D",https://www.latus.com.ua/components/com_jshopping/files/img_products/full_saturol_d.jpg | https://www.latus.com.ua/components/com_jshopping/files/img_products/full_saturol_d1.jpg,2,BRAND_AND_SELECTED_PRODUCTS_PRESENT_IN_STOMIR_KZ_CATALOG,OFFICIAL_PRODUCT_IDENTITY_READY_KZ_SKU_REVIEW_REQUIRED,https://www.latus.com.ua/en/products/auxiliary-materials/saturol-d.html
145,LaTus,Private Enterprise «Latus»,Tempolat-С,2305,2305 | 2306 | 2307 | 2308 | 2309,"Tempolat-С , цвет А1=2305 | Tempolat-С , цвет А2=2306 | Tempolat-С , цвет А3=2307 | Tempolat-С , цвет А3,5=2308 | Tempolat-С , цвет В2=2309",5,Temporary filling,"Self cure cement for temporary crowns. Is intended for use in dentistry for the manufacture of temporary crowns and bridges, inlays, onlays and coatings.","Self cure cement for temporary crowns Tempolat-C is intended for use in dentistry for the manufacture of temporary crowns and bridges, inlays, onlays and coatings. Properties Tempolat-C is a paste-to-paste chemically cured composite material. The optimal flowability of Tempolat-C ensures easy insertion into the impression. The resulting mixture maintains a working time of about 3 minutes at a temperature of +18...+ 23 °C.­­ Package: 3,5 g base paste Tempolat-С in a syringe 3,5 g catalyst paste Tempolat-С in a syringe REF 2305 Tempolat-С , цвет А1 REF 2306 Tempolat-С , цвет А2 REF 2307 Tempolat-С , цвет А3 REF 2308 Tempolat-С , цвет А3,5 REF 2309 Tempolat-С , цвет В2 Instruction for use",https://www.latus.com.ua/components/com_jshopping/files/img_products/full_tempolat_c_R1.jpg | https://www.latus.com.ua/components/com_jshopping/files/img_products/full_tempolat_c_R11.jpg,2,BRAND_AND_SELECTED_PRODUCTS_PRESENT_IN_STOMIR_KZ_CATALOG,OFFICIAL_PRODUCT_IDENTITY_READY_KZ_SKU_REVIEW_REQUIRED,https://www.latus.com.ua/en/products/temporary-filling/tempolat-c.html
146,LaTus,Private Enterprise «Latus»,Tempolat,2310,2303 | 2310,Tempolat 1 can of 50 g paste=2303 | Tempolat=2310,2,Temporary filling,Dentine-dough. Use for drug tooth cavity cover.,"Dentine-dough. Use for drug tooth cavity cover. Composition and main characteristic Tempolat is a white powder temper cement on zinc sulphate(water dentin) base mixed on oil-polymer paste-forming agent. Paste curing in cavity of the tooth upon exposure of moisture during 30-40 min., have good bonding characteristic with ride of cavity and provides hermetic by some kind of broadening in the process of curing. Paste is not toxic, doesn’t have the taste, well tolerated by tissue of the tooth and gums. Doesn’t contain eugenolum. Package: 4 cans of 30 g paste REF 2303 Tempolat 1 can of 50 g paste REF 2310 Tempolat Instruction for use",https://www.latus.com.ua/components/com_jshopping/files/img_products/full_tempolat_pasta_R1.jpg | https://www.latus.com.ua/components/com_jshopping/files/img_products/full_tempolat_pasta_R11.jpg,2,BRAND_AND_SELECTED_PRODUCTS_PRESENT_IN_STOMIR_KZ_CATALOG,OFFICIAL_PRODUCT_IDENTITY_READY_KZ_SKU_REVIEW_REQUIRED,https://www.latus.com.ua/en/products/temporary-filling/tempolat.html
144,LaTus,Private Enterprise «Latus»,Tempolat-LC,2314,2314 | 2315,Tempolat-LC colour А2=2314 | Tempolat-LC colour А3=2315,2,Temporary filling,Light cure temporary composite cement. Use for temporary filling and covering the medicinal preparation at caries treatment and non caries teeth fabric defeats.,"Light cure temporary composite cement. Use for temporary filling and covering the medicinal preparation at caries treatment and non caries teeth fabric defeats. Composition and main characteristic Tempolat-LC cement is a composite material cured upon exposure to light of wavelength 400 - 500 nm. Depth of curing of the cement during 40 sec. by expose with a halogen lamp power of 75 W is more than 3 mm. Cement paste colored universal light cream color (approximate B3 by Vita scale), has a high plasticity and formability, does not stick to the instrument and is fixed well in filling cavity. Strength properties of cured cement allow to provide a reliable closure of the cavity and easy removal after the medical procedure. Cement is prepared on the base of oligo ester acrylates bonding agent with increased biocompatibility. Contain of the inorganic filler in the cement is 77 mass %. Cement has good water resistance and is not subject to disintegration. Package: 25 g paste Tempolat-LC in a container REF 2314 Tempolat-LC colour А2 REF 2315 Tempolat-LC colour А3 Instruction for use",https://www.latus.com.ua/components/com_jshopping/files/img_products/full_tempolat_lc_tuba.jpg,1,BRAND_AND_SELECTED_PRODUCTS_PRESENT_IN_STOMIR_KZ_CATALOG,OFFICIAL_PRODUCT_IDENTITY_READY_KZ_SKU_REVIEW_REQUIRED,https://www.latus.com.ua/en/products/temporary-filling/tempolat-lc.html
143,LaTus,Private Enterprise «Latus»,Tempolat-SC,2302,2302,Tempolat-SC=2302,1,Temporary filling,"Temporary composite zinc-sulphate cement. Use for temporary filling for endodontic treatment in dentistry, for cover medicaments in cariogenic cavety, for temporary fixing crowns and bridge prothesis.","Temporary composite zinc-sulphate cement. Use for temporary filling for endodontic treatment in dentistry, for cover medicaments in cariogenic cavety, for temporary fixing crowns and bridge prothesis. Composition and main characteristic Tempolat-SC is a white powder of temper cement on zinc sulphate base. When mixed with water powder Tempolat-SC create a movable paste that within a short time (2 - 3 minutes) come thick and hardens. Tempolat-SC have good adhesion to the tooth, and does not shrink substantially. Cement contains bactericidal additive chinosolum. Package: 80 g powder Tempolat-SC in the bank REF 2302 Tempolat-SC Instruction for use",https://www.latus.com.ua/components/com_jshopping/files/img_products/full_tempolat_sc_R1.jpg | https://www.latus.com.ua/components/com_jshopping/files/img_products/full_tempolat_sc_R11.jpg,2,BRAND_AND_SELECTED_PRODUCTS_PRESENT_IN_STOMIR_KZ_CATALOG,OFFICIAL_PRODUCT_IDENTITY_READY_KZ_SKU_REVIEW_REQUIRED,https://www.latus.com.ua/en/products/temporary-filling/tempolat-sc.html
308,LaTus,Private Enterprise «Latus»,Tempolat-С Auto mixing syringe,2312,2312 | 2313,Tempolat-С сolour А2=2312 | Tempolat-С сolour А3=2313,2,Temporary filling,"Self cure cement for temporary crowns. Is intended for use in dentistry for the manufacture of temporary crowns and bridges, inlays, onlays and coatings.","Self cure cement for temporary crowns Tempolat-C is intended for use in dentistry for the manufacture of temporary crowns and bridges, inlays, onlays and coatings. Properties Tempolat-C is a paste-to-paste chemically cured composite material. The optimal flowability of Tempolat-C ensures easy insertion into the impression. The resulting mixture maintains a working time of about 3 minutes at a temperature of +18...+ 23 °C.­­ Package: 6 g pastes Tempolat-С in a automix syringe 2 mixing nozzles REF 2312 Tempolat-С сolour А2 REF 2313 Tempolat-С сolour А3 Instruction for use",https://www.latus.com.ua/components/com_jshopping/files/img_products/full_tempolat_c_siring_R1.jpg | https://www.latus.com.ua/components/com_jshopping/files/img_products/full_tempolat_c_siring_R11.jpg,2,BRAND_AND_SELECTED_PRODUCTS_PRESENT_IN_STOMIR_KZ_CATALOG,OFFICIAL_PRODUCT_IDENTITY_READY_KZ_SKU_REVIEW_REQUIRED,https://www.latus.com.ua/en/products/temporary-filling/tempolat-c-dvojnoj-shpric.html
153,LaTus,Private Enterprise «Latus»,"Consiflex, type 1",2611,2611,"Consiflex , type 1=2611",1,Orthopedic dental materials,Codensation-cure silicone impression material. Use for receipt of anatomic molds and preliminary layer in the techique of double-layer or twoblenderized mold for cases with considerable pliability of subject fabrics.,"Codensation-cure silicone impression material Use for receipt of anatomic molds and preliminary layer in the techique of double-layer or twoblenderized mold for cases with considerable pliability of subject fabrics. Composition and main characteristic Consiflex , type 1 is a soft plastic silicone composition that is vulcanized by a polycondensation reaction. The material is completed with a basic paste and a catalyst gel, which are mixed immediately before use. The working time of the prepared impression material in the temperature range from plus 18 ºС to plus 25 ºС is up to 1.5 minutes, the vulcanization time in the oral cavity is not more than 6 minutes. At the end of the vulcanization time, an elastic-elastic impression is formed. Consiflex , type 1 is well fixed in a perforated impression spoon, retains its dimensions for a long time, the corrective layer of medium viscous or low viscosity silicone material ( Consiflex , type 2, and Consiflex , type 3) is firmly connected with it. Consiflex , type 1 is non-toxic, does not irritate the mucosa and does not cause reflex reactions. Package: 1300 g basic paste Consiflex , type 1 45 g catalyst gel Consiflex measure spoon REF 2611 Consiflex , type 1 Instruction for use Youtube",https://www.latus.com.ua/components/com_jshopping/files/img_products/full_consyflex_t1.jpg | https://www.latus.com.ua/components/com_jshopping/files/img_products/full_consyflex_t11.jpg,2,BRAND_AND_SELECTED_PRODUCTS_PRESENT_IN_STOMIR_KZ_CATALOG,OFFICIAL_PRODUCT_IDENTITY_READY_KZ_SKU_REVIEW_REQUIRED,https://www.latus.com.ua/en/products/orthopedic-dental-materials/consiflex1.html
154,LaTus,Private Enterprise «Latus»,"Consiflex, type 0",2610,2610,"Consiflex , type 0=2610",1,Orthopedic dental materials,Codensation-cure silicone impression material. Use for receipt of anatomic molds and first layer in the techique of double-layer mold at small pliability of subject fabrics.,"Codensation-cure silicone impression material Use for receipt of anatomic molds and first layer in the techique of double-layer mold at small pliability of subject fabrics. Composition and main characteristic Consiflex , type 0 is a rigid plastic silicone composition that is vulcanized by a polycondensation reaction. The working time of the prepared impression material in the temperature range from plus 18 ºС to plus 25 ºС is up to 1.5 minutes, the vulcanization time in the oral cavity is not more than 6 minutes. At the end of the vulcanization time, an elastic-elastic impression is formed. Consiflex , type 0 is well fixed in a perforated impression spoon, retains its dimensions for a long time, the corrective layer of medium viscous or low viscosity silicone material ( Consiflex , type 2, and Consiflex , type 3) is firmly connected with it. Consiflex , type 0 is non-toxic, does not irritate the mucous membrane and does not cause reflex reactions. Package: 1440 g basic paste Consiflex , type 0 45 g catalyst gel Consiflex , type 0 measure spoon REF 2610 Consiflex , type 0 Instruction for use Youtube",https://www.latus.com.ua/components/com_jshopping/files/img_products/full_conciflex_t0.jpg | https://www.latus.com.ua/components/com_jshopping/files/img_products/full_conciflex_t01.jpg,2,BRAND_AND_SELECTED_PRODUCTS_PRESENT_IN_STOMIR_KZ_CATALOG,OFFICIAL_PRODUCT_IDENTITY_READY_KZ_SKU_REVIEW_REQUIRED,https://www.latus.com.ua/en/products/orthopedic-dental-materials/consiflex0.html
149,LaTus,Private Enterprise «Latus»,Tempolat-F,2304,2304,Tempolat-F=2304,1,Orthopedic dental materials,"Temporary fixing cement. Use for temporary fixing of crowns, bridges and other non-replaceable prothesis.","Temporary fixing cement Use for temporary fixing of crowns, bridges and other non-replaceable prothesis. Composition and main characteristic Paste Tempolat-F is made on-base zinc sulfate cement which contain oil-polymer paste-forming agent. The paste has no taste, well tolerated by the tooth and gums. Pasta does not contain eugenolumum. Before use, it is not necessary to dry the stump and the crown, as the paste cured in the presence of moisture. Package: 2 х 6 g paste Tempolat-F in a syringe REF 2304 Tempolat-F Instruction for use Youtube",https://www.latus.com.ua/components/com_jshopping/files/img_products/full_tempolat_f_R1.jpg | https://www.latus.com.ua/components/com_jshopping/files/img_products/full_tempolat_f_R11.jpg,2,BRAND_AND_SELECTED_PRODUCTS_PRESENT_IN_STOMIR_KZ_CATALOG,OFFICIAL_PRODUCT_IDENTITY_READY_KZ_SKU_REVIEW_REQUIRED,https://www.latus.com.ua/en/products/orthopedic-dental-materials/tempolat-f.html
147,LaTus,Private Enterprise «Latus»,Fixalat dual,2602,2602,Fixalat d ual=2602,1,Orthopedic dental materials,"Dual cure fixing cement. Is intended for permanent fixation of plastic and combined crowns, bridges made of polymer materials, as well as endodontic posts with a metal base.","Dual cure fixing cement Fixalat dual is intended for permanent fixation of plastic and combined crowns, bridges made of polymer materials, as well as endodontic posts with a metal base. Cement can also be used for the manufacture of temporary orthopedic structures. Properties Fixalat dual luting cement is a medium-filled, dual-curing material. Fixalat dual has good fluidity and fixing properties, it is insoluble in the oral fluid, it releases fluoride. The strength properties of the hardened cement make it possible to provide both a reliable fixation of orthopedic structures and the necessary conditions for the removal of fixed elements of dentures in case of clinical need. The resulting mixture maintains a working time of 1.5-2 minutes at a temperature of +18...+23 °C. The time of chemical polymerization from the start of mixing is 3.5-5 minutes. Depth of curing during photopolymerization within 40 seconds, not less than 3 mm. Package: 5 g base paste Fixalat d ual in a syringe 5 g catalyst paste Fixalat d ual in a syringe mixing pad REF 2602 Fixalat d ual Instruction for use Youtube",https://www.latus.com.ua/components/com_jshopping/files/img_products/full_fixalat_dual_new.jpg | https://www.latus.com.ua/components/com_jshopping/files/img_products/full_fixalat_dual_new1.jpg,2,BRAND_AND_SELECTED_PRODUCTS_PRESENT_IN_STOMIR_KZ_CATALOG,OFFICIAL_PRODUCT_IDENTITY_READY_KZ_SKU_REVIEW_REQUIRED,https://www.latus.com.ua/en/products/orthopedic-dental-materials/fixalat-dual.html
148,LaTus,Private Enterprise «Latus»,Ionolat-F,2002,2002,REF 2002=2002,1,Orthopedic dental materials,"Glass ionomer cement for fixing. Use for conservative and prosthetics dentistry for fixing of crowns, bridge prosthetics and orthodontions, inlays and pins.","Glass polyalkenate cement for fixing Use for conservative and prosthetics dentistry for fixing of crowns, bridge prosthetics and orthodontions, inlays and pins. Composition and main characteristic The cement powder is a finely powdered chemically reactive fluorine-containing glass, the fluid for mixing is an aqueous solution of polyacrylic acid with the addition of activity regulators. To clean the surfaces from contamination and to ensure adhesion, an air conditioner is used. The working time of cement when mixing powder and liquid in a ratio of 1.5: 1 (by weight) is 2-3 minutes, the hardening time in the oral cavity is 5-8 minutes. Thanks to the prolonged release of fluoride ions, a high anti-caries and antibacterial effect is provided. Cement has radiopaque.",https://www.latus.com.ua/components/com_jshopping/files/img_products/full_ionolat_f_R1.jpg | https://www.latus.com.ua/components/com_jshopping/files/img_products/full_ionolat_f_R11.jpg,2,BRAND_AND_SELECTED_PRODUCTS_PRESENT_IN_STOMIR_KZ_CATALOG,OFFICIAL_PRODUCT_IDENTITY_READY_KZ_SKU_REVIEW_REQUIRED,https://www.latus.com.ua/en/products/orthopedic-dental-materials/ionolat-f.html
152,LaTus,Private Enterprise «Latus»,Consiflex type 3,2613,2613,"Consiflex , type 3=2613",1,Orthopedic dental materials,"Codensation-cure silicone impression material. Use for receipt of correcting molds and second layer in double-layer techique mold in the non-removable cast prostheses manufature, especially metal and ceramic.","Codensation-cure silicone impression material Use for receipt of correcting molds and second layer in double-layer techique mold in the non-removable cast prostheses manufature, especially metal and ceramic. Composition and main characteristic Consiflex , type 3 is a low viscosity silicone composition that cures by polycondensation. The material is completed with a basic paste and a catalyst gel, which are mixed immediately before use. The working time of the prepared impression material in the temperature range from plus 18 ° C to + 25 ° C is up to 1.5 minutes, the vulcanization time in the oral cavity is not more than 6 minutes. At the end of this exposure time, an elastic-elastic impression is formed with high precision of copying the relief of hard and soft tissues of the oral cavity, without braces and distortions. Package: 150 g basic paste 15 g catalyst gel dosage scale REF 2613 Consiflex , type 3 Instruction for use Youtube",https://www.latus.com.ua/components/com_jshopping/files/img_products/full_consiflex_type3.jpg,1,BRAND_AND_SELECTED_PRODUCTS_PRESENT_IN_STOMIR_KZ_CATALOG,OFFICIAL_PRODUCT_IDENTITY_READY_KZ_SKU_REVIEW_REQUIRED,https://www.latus.com.ua/en/products/orthopedic-dental-materials/consiflex3.html
150,LaTus,Private Enterprise «Latus»,"Consiflex, catalyst gel",2614,2614,"Consiflex , catalyst gel=2614",1,Orthopedic dental materials,Catalyst gel. Additional packing. Use for major dental impression materials bases Сonsiflex as a curing agent for all types in dentistry.,"Catalyst gel. Additional packing. Use for major dental impression materials bases Сonsiflex as a curing agent for all types in dentistry. Package: 40 g of the catalyst of the gel Consiflex in a tube REF 2614 Consiflex , catalyst gel Instruction for use Youtube",https://www.latus.com.ua/components/com_jshopping/files/img_products/full_consiflex_gel.jpg,1,BRAND_AND_SELECTED_PRODUCTS_PRESENT_IN_STOMIR_KZ_CATALOG,OFFICIAL_PRODUCT_IDENTITY_READY_KZ_SKU_REVIEW_REQUIRED,https://www.latus.com.ua/en/products/orthopedic-dental-materials/consiflex.html
312,LaTus,Private Enterprise «Latus»,FIXALAT Dual Auto mixing syringe,2606,2606,FIXALAT Dual Auto mixing syringe=2606,1,Orthopedic dental materials,"Dual cure fixing cement. Is intended for permanent fixation of plastic and combined crowns, bridges made of polymer materials, as well as endodontic posts with a metal base.","Dual cure fixing cement Fixalat dual is intended for permanent fixation of plastic and combined crowns, bridges made of polymer materials, as well as endodontic posts with a metal base. Cement can also be used for the manufacture of temporary orthopedic structures. Properties Fixalat dual luting cement is a medium-filled, dual-curing material. Fixalat dual has good fluidity and fixing properties, it is insoluble in the oral fluid, it releases fluoride. The strength properties of the hardened cement make it possible to provide both a reliable fixation of orthopedic structures and the necessary conditions for the removal of fixed elements of dentures in case of clinical need. The resulting mixture maintains a working time of 1.5-2 minutes at a temperature of +18...+23 °C. The time of chemical polymerization from the start of mixing is 3.5-5 minutes. Depth of curing during photopolymerization within 40 seconds, not less than 3 mm. Package: 8.5 g paste in a automix syringe 5 mixing nozzles REF 2606 FIXALAT Dual Auto mixing syringe Instruction for use Youtube",https://www.latus.com.ua/components/com_jshopping/files/img_products/full_fixalat_dual_R1.jpg | https://www.latus.com.ua/components/com_jshopping/files/img_products/full_fixalat_dual_R11.jpg,2,BRAND_AND_SELECTED_PRODUCTS_PRESENT_IN_STOMIR_KZ_CATALOG,OFFICIAL_PRODUCT_IDENTITY_READY_KZ_SKU_REVIEW_REQUIRED,https://www.latus.com.ua/en/products/orthopedic-dental-materials/fixalat-dual-dvojnoj-shpric.html
371,LaTus,Private Enterprise «Latus»,Algilat,2616,2616,REF 2616=2616,1,Orthopedic dental materials,Dental alginate impression material,Intended use. For the fabrication of dental models in the dental laboratory. Properties. Light green powder with a mint odor.,,0,BRAND_AND_SELECTED_PRODUCTS_PRESENT_IN_STOMIR_KZ_CATALOG,PHOTO_REQUIRED,https://www.latus.com.ua/en/products/orthopedic-dental-materials/algilat.html
167,LaTus,Private Enterprise «Latus»,Laterock Model 3 type,0738,0738 | 0739,Laterock type 3 2 kg of gypsum in the package=0738 | Laterock type 3=0739,2,Dental technicians materials,"Gypsum highcostrong for models. It is used in orthopedic dentistry for the manufacture of diagnostic and working models in the technology of removable dental prosthetics, plastering wax bases with artificial teeth in a cuvette, plastering models in an occludator, obtaining the shape of a metal stamp from a low-melting metal, replacing a combined model in the manufacture of clasp prostheses.","Gypsum highcostrong for models. It is used in orthopedic dentistry for the manufacture of diagnostic and working models in the technology of removable dental prosthetics, plastering wax bases with artificial teeth in a cuvette, plastering models in an occludator, obtaining the shape of a metal stamp from a low-melting metal, replacing a combined model in the manufacture of clasp prostheses. Package: 6 kg of plaster in the bucket REF 0738 Laterock type 3 2 kg of gypsum in the package REF 0739 Laterock type 3",https://www.latus.com.ua/components/com_jshopping/files/img_products/full_laterok_3_new2.jpg,1,BRAND_AND_SELECTED_PRODUCTS_PRESENT_IN_STOMIR_KZ_CATALOG,OFFICIAL_PRODUCT_IDENTITY_READY_KZ_SKU_REVIEW_REQUIRED,https://www.latus.com.ua/en/products/dental-technicians-materials/gypsum-for-models-type-3.html
197,LaTus,Private Enterprise «Latus»,Latacryl-S,0645,0645 | 0646,"Latacryl-S , colour pink=0645 | Latacryl-S , clear=0646",2,Dental technicians materials,"Polymethacrylate dental base material self curing. Use for the manufacture of maxillofacial and orthodontic appliance, repairs and relining of acrylic removable dentures.","Polymethacrylate dental base material self curing. Use for the manufacture of maxillofacial and orthodontic appliance, repairs and relining of acrylic removable dentures. Composition and main characteristic Latacryl-S is a polymer-monomer acrylic composition prepared immediately prior to use from a fine powder of suspension polymethyl methacrylate and the supplied monomer liquid. When the powder is mixed with the liquid, a sufficiently rapid swelling and dissolution of the microgranules of the polymer in the liquid monomer occurs, whereby a plastic dough (molding mass) is formed. Further, the redox initiators reacting with each other excite the polymerization of the monomer at room temperature and, as a result, a solid translucent plastic is formed. The swelling time of the powder in the liquid depends on the room temperature and is usually 10-15 minutes, the time of preservation of the plastic state is 8-12 minutes. Cured Latacryl-S is well processed and polished, well imitates soft tissues, permanently retains its properties in the oral cavity. Package: 80 g of powder in the bank 50 ml of liquid in a bottle REF 0645 Latacryl-S , colour pink REF 0646 Latacryl-S , clear",https://www.latus.com.ua/components/com_jshopping/files/img_products/full_latakryl_S_160_80_R1.jpg | https://www.latus.com.ua/components/com_jshopping/files/img_products/full_latakryl_S_160_80_R11.jpg,2,BRAND_AND_SELECTED_PRODUCTS_PRESENT_IN_STOMIR_KZ_CATALOG,OFFICIAL_PRODUCT_IDENTITY_READY_KZ_SKU_REVIEW_REQUIRED,https://www.latus.com.ua/en/products/dental-technicians-materials/latacryl-s.html
186,LaTus,Private Enterprise «Latus»,Latewax. Sheet wax,0228,0227 | 0228 | 0229,"Latewax 1.8 , pink=0227 | Latewax 2.0 , pink=0228 | Latewax 2.3 , pink=0229",3,Dental technicians materials,"Sheet wax. Use for modeling total prosthesis, making occlusal bite block with rollers, to individual impression trays and spoons-bases.","Sheet wax Use for modeling total prosthesis, making occlusal bite block with rollers, to individual impression trays and spoons-bases. Composition and main characteristic Wax is a composition of synthetic paraffin analogs. Wax is a composition of synthetic paraffin analogs. Latewax wax base is very ductile and easily molded when heated. Wax is well processed by the tool, not breaking and not exfoliating. Completely removed by boiling water from plaster molds. Melting point and freezing point of wax (by tem. +53...+58°С) . Package: 20 plates weighing 500 grams in the box REF 0227 Latewax 1.8 , pink REF 0228 Latewax 2.0 , pink REF 0229 Latewax 2.3 , pink",https://www.latus.com.ua/components/com_jshopping/files/img_products/full___________________________________2.jpg,1,BRAND_AND_SELECTED_PRODUCTS_PRESENT_IN_STOMIR_KZ_CATALOG,OFFICIAL_PRODUCT_IDENTITY_READY_KZ_SKU_REVIEW_REQUIRED,https://www.latus.com.ua/en/products/dental-technicians-materials/latewax-wax-base.html
200,LaTus,Private Enterprise «Latus»,Latacryl-Н,0640,0640 | 0641 | 0642 | 0643 | 0644,"Latacryl-H , clear=0640 | Latacryl-H , colour intensive pink=0641 | Latacryl-H , colour milk pink with fibers=0642 | Latacryl-H , colour intensive pink with fibers=0643 | Latacryl-H , colour pink with fibers=0644",5,Dental technicians materials,Polymethacrylate dental base material hot curing. Use for complete bases works and partial dentures by curing molding.,"Polymethacrylate dental base material hot curing. Use for complete bases works and partial dentures by curing molding. Composition and main characteristic Latacryl-H is a polymer-monomeric acrylic composition, which is prepared immediately before use from finely dispersed, colorless or tinted pink, suspension powder of polymethyl methacrylate and supplied with the liquid. . Latacryl-H is also available with the addition of fibers that mimic veins of capillaries. When the powder is mixed with the liquid, a sufficiently rapid swelling and dissolution of the microgranules of the polymer in the liquid occurs, whereupon a plastic dough (molding mass) is formed. The swelling time of the powder in the liquid depends on the room temperature and is usually 10 to 30 minutes, the time of the plastic state remaining 8-20 minutes. Cured Latacryl-H is well processed and polished, permanently retains its properties in the oral cavity. Package: 200 g of powder in the bank 100 ml of liquid in a bottle REF 0640 Latacryl-H , clear REF 0641 Latacryl-H , colour intensive pink REF 0642 Latacryl-H , colour milk pink with fibers REF 0643 Latacryl-H , colour intensive pink with fibers REF 0644 Latacryl-H , colour pink with fibers",https://www.latus.com.ua/components/com_jshopping/files/img_products/full_latakryl_H_200_26.jpg | https://www.latus.com.ua/components/com_jshopping/files/img_products/full_latakryl_H_200_261.jpg,2,BRAND_AND_SELECTED_PRODUCTS_PRESENT_IN_STOMIR_KZ_CATALOG,OFFICIAL_PRODUCT_IDENTITY_READY_KZ_SKU_REVIEW_REQUIRED,https://www.latus.com.ua/en/products/dental-technicians-materials/latacryl-n.html
221,LaTus,Private Enterprise «Latus»,Algoplen №2,3220,3220 | 3221,100 g Algoplen №2 1000 g Algoplen №2=3220 | 1000 g Algoplen №2=3221,2,Dental technicians materials,Insulating varnish for gypsum. Algoplen №. 2 lacquer is used to insulate the gypsum model from acrylic plastic in order to prevent diffusion of the monomer into the gypsum and splice plastics with gypsum. Lacquer can be used alone and in combination with Algoplen №. 1,"Insulating varnish for gypsum Algoplen №. 2 lacquer is used to insulate the gypsum model from acrylic plastic in order to prevent diffusion of the monomer into the gypsum and splice plastics with gypsum. Lacquer can be used alone and in combination with Algoplen №. 1 Composition and main characteristic Algoplen is a system of two varnishes on a water basis. The second coating of Algoplen №. 2 is an aqueous solution of sodium salt of alginic acid, optimized for concentration and viscosity. The combination of lacquers Algoplen No. 1 and №. 2 allows to obtain a quick-drying coating, which has good insulating properties from monomer and water. Package: 100 g Algoplen №2 REF 3220 100 g Algoplen №2 1000 g Algoplen №2 REF 3221 1000 g Algoplen №2",https://www.latus.com.ua/components/com_jshopping/files/img_products/full_algoplen_2_100_R1.jpg | https://www.latus.com.ua/components/com_jshopping/files/img_products/full_algoplen_2_1000_R1.jpg,2,BRAND_AND_SELECTED_PRODUCTS_PRESENT_IN_STOMIR_KZ_CATALOG,OFFICIAL_PRODUCT_IDENTITY_READY_KZ_SKU_REVIEW_REQUIRED,https://www.latus.com.ua/en/products/dental-technicians-materials/algoplen-2.html
198,LaTus,Private Enterprise «Latus»,Latacryl-L,0761,0761,Latacryl-L=0761,1,Dental technicians materials,Polymethacrylate dental lining aterial(methylmethacrylate free). Use for soft lining manufacture for partical and full dentures by hot polymerization in dentistry.,"Polymethacrylate dental lining material(methylmethacrylate free) Use for soft lining manufacture for partical and full dentures by hot polymerization in dentistry. Composition and main characteristic Latacryl-L is a composition that is prepared immediately before use from a finely dispersed powdered powdered suspension of polyethylmethacrylate suspension and a pink colored liquid containing no methyl methacrylate. Latacryl-L provides a rapid fabrication of the prosthetic lining, it is well connected with the basis of the prosthesis, has almost no taste and smell, is semi-transparent, biologically neutral. Latacryl-L is prepared in the form of a wet sticky mass at a ratio of 1.5 g of powder to 1.0 g of liquid. Working time of mass up to 6 min. The set of material Latacryl-L also includes a protective varnish. Package: 80 g of powder in the bank 50 ml of liquid in a bottle 10 ml of varnish in the bottle REF 0761 Latacryl-L",https://www.latus.com.ua/components/com_jshopping/files/img_products/full_latacryl_l_R1.jpg | https://www.latus.com.ua/components/com_jshopping/files/img_products/full_latacryl_l_R11.jpg,2,BRAND_AND_SELECTED_PRODUCTS_PRESENT_IN_STOMIR_KZ_CATALOG,OFFICIAL_PRODUCT_IDENTITY_READY_KZ_SKU_REVIEW_REQUIRED,https://www.latus.com.ua/en/products/dental-technicians-materials/latacryl-l.html
264,LaTus,Private Enterprise «Latus»,Latacryl-Н 300g,0673,0672 | 0673 | 0674 | 0675,"Latacryl-H , colour intensive pink=0672 | Latacryl-H , colour intensive pink with fibers=0673 | Latacryl-H , colour pink with fibers=0674 | Latacryl-H , clear=0675",4,Dental technicians materials,Polymethacrylate dental base material hot curing. Use for complete bases works and partial dentures by curing molding.,"Polymethacrylate dental base material hot curing. Use for complete bases works and partial dentures by curing molding. Composition and main characteristic Latacryl-H is a polymer-monomer acrylic composition that is prepared immediately before use from a finely powdered, powder-colored, powdered suspension of polymethyl methacrylate and the supplied liquid. Latacryl-H is also available with the addition of fibers that mimic veins of capillaries. When the powder is mixed with the liquid, a sufficiently rapid swelling and dissolution of the microgranules of the polymer in the liquid occurs, whereupon a plastic dough (molding mass) is formed. The swelling time of the powder in the liquid depends on the room temperature and is usually 10 to 30 minutes, the time of the plastic state remaining 8-20 minutes. Cured Latacryl-H is well processed and polished, permanently retains its properties in the oral cavity. Package: 300 g of powder in the bank 1500 ml of liquid in a bottle REF 0672 Latacryl-H , colour intensive pink REF 0673 Latacryl-H , colour intensive pink with fibers REF 0674 Latacryl-H , colour pink with fibers REF 0675 Latacryl-H , clear",https://www.latus.com.ua/components/com_jshopping/files/img_products/full_latakryl_H_300_26.jpg | https://www.latus.com.ua/components/com_jshopping/files/img_products/full_latakryl_H_300_261.jpg,2,BRAND_AND_SELECTED_PRODUCTS_PRESENT_IN_STOMIR_KZ_CATALOG,OFFICIAL_PRODUCT_IDENTITY_READY_KZ_SKU_REVIEW_REQUIRED,https://www.latus.com.ua/en/products/dental-technicians-materials/latacryl-n151114121720.html
270,LaTus,Private Enterprise «Latus»,Laterock Super 4 type,0735,0735,Laterock 4 type=0735,1,Dental technicians materials,Gypsum dental technician. For making models of the crown part of the teeth in the dental laboratory.,Gypsum dental technician. It is used to make the crown part of the teeth in the dental laboratory. Package: 1 kg of plaster in the package REF 0735 Laterock 4 type,https://www.latus.com.ua/components/com_jshopping/files/img_products/full_laterok_4_super_r1.jpg | https://www.latus.com.ua/components/com_jshopping/files/img_products/full_laterok_4_super_r11.jpg,2,BRAND_AND_SELECTED_PRODUCTS_PRESENT_IN_STOMIR_KZ_CATALOG,OFFICIAL_PRODUCT_IDENTITY_READY_KZ_SKU_REVIEW_REQUIRED,https://www.latus.com.ua/en/products/dental-technicians-materials/laterock-4.html
180,LaTus,Private Enterprise «Latus»,Latewax modelling wax sculpture,0221,0221,"Latewax modelling wax sculpture , green=0221",1,Dental technicians materials,"Modelling wax sculpture. It is used to model the intervals of bridges, as well as elements of clasp prostheses, inlays, half-crowns, veneers, pin teeth and other precise small cast billets using manual cutting tools and an electrofusion welding method.","Modelling wax sculpture It is used to model the intervals of bridges, as well as elements of clasp prostheses, inlays, half-crowns, veneers, pin teeth and other precise small cast billets using manual cutting tools and an electrofusion welding method. Composition and main characteristic Wax retains moldability for a long time during cooling. Has a pronounced opacity, hardness, toughness and good workability. When firing the ceramic form, the wax burns without residue. Produced in the form of a bar with dimensions of 40 mm x 9 mm x 9 mm. Package: 55 g wax in a boll REF 0221 Latewax modelling wax sculpture , green",https://www.latus.com.ua/components/com_jshopping/files/img_products/full_latewax_sculpo.jpg,1,BRAND_AND_SELECTED_PRODUCTS_PRESENT_IN_STOMIR_KZ_CATALOG,OFFICIAL_PRODUCT_IDENTITY_READY_KZ_SKU_REVIEW_REQUIRED,https://www.latus.com.ua/en/products/dental-technicians-materials/sculpo.html
260,LaTus,Private Enterprise «Latus»,Otbel,0740,0740,Otbel=0740,1,Dental technicians materials,Liqud bleach stainless steel. Use for the removal of stainless steel oxide film formed by heat treatment of steel dentures.,Liquid bleach stainless steel Use for the removal of stainless steel oxide film formed by heat treatment of steel dentures. Composition and main characteristic It is an aqueous solution from a mixture of dilute hydrochloric and nitric acids. It dissolves the oxide film well and minimally affects the metal. Package: 100 g of liquid in a bottle REF 0740 Otbel,https://www.latus.com.ua/components/com_jshopping/files/img_products/full_otbel_R1.jpg | https://www.latus.com.ua/components/com_jshopping/files/img_products/full_otbel_R11.jpg,2,BRAND_AND_SELECTED_PRODUCTS_PRESENT_IN_STOMIR_KZ_CATALOG,OFFICIAL_PRODUCT_IDENTITY_READY_KZ_SKU_REVIEW_REQUIRED,https://www.latus.com.ua/en/products/dental-technicians-materials/otbel.html
173,LaTus,Private Enterprise «Latus»,Vorkron-11,0110,0110,Vorkron-11=0110,1,Dental technicians materials,Schnelltrocknend silikonstumflack. Use for to create a temporary intermediate layer plaster model tooth stump to compensate for shrinkage of metal and creating a gap distance at fixing cement.,"Schnelltrocknend silikonstumflack Use for to create a temporary intermediate layer plaster model tooth stump to compensate for shrinkage of metal and creating a gap distance at fixing cement. Composition and main characteristic Vorkron-11 is a ready-to-use silicone lacquer in pink. Drying time at a room temperature of +18 ... + 23 ° C - 3-7 minutes with the formation of a glossy elastic film. Due to its rapid drying, the varnish is less absorbed by the surface of the gypsum. Dry lacquer film is heat resistant, has sufficient adhesion to the surface of gypsum and, at the same time, can be easily removed with a brush or a soft rubber band. Dental wax is easily separated from it. Package: 18 g varnish Vorkron-11 in a tube REF 0110 Vorkron-11",https://www.latus.com.ua/components/com_jshopping/files/img_products/full_forcron_11.jpg | https://www.latus.com.ua/components/com_jshopping/files/img_products/full_forcron_111.jpg,2,BRAND_AND_SELECTED_PRODUCTS_PRESENT_IN_STOMIR_KZ_CATALOG,OFFICIAL_PRODUCT_IDENTITY_READY_KZ_SKU_REVIEW_REQUIRED,https://www.latus.com.ua/en/products/dental-technicians-materials/vorkron-11.html
168,LaTus,Private Enterprise «Latus»,Polacryl,0737,0737,Polacryl=0737,1,Dental technicians materials,Polishing powder. Used for mirror polishing of plastic dentures,Polishing powder. Polacryl used for mirror polishing of plastic dentures. Composition and main characteristic Polacryl a finely ground abrasive powder. Package: 2 kg powder in a package REF 0737 Polacryl,https://www.latus.com.ua/components/com_jshopping/files/img_products/full_polakril_2kg.jpg | https://www.latus.com.ua/components/com_jshopping/files/img_products/full_polakril_2kg1.jpg,2,BRAND_AND_SELECTED_PRODUCTS_PRESENT_IN_STOMIR_KZ_CATALOG,OFFICIAL_PRODUCT_IDENTITY_READY_KZ_SKU_REVIEW_REQUIRED,https://www.latus.com.ua/en/products/dental-technicians-materials/polishing-powder-en.html
177,LaTus,Private Enterprise «Latus»,Latewax dipping wax,0213,0213 | 0214,"LATEWAX , yellow, 50 g granules in a bottle=0213 | LATEWAX , green, 50 g granules in a bottle=0214",2,Dental technicians materials,Wax dip. It is used for obtaining wax caps with an electric spatula or wax-up in the process of making wax reproductions of solid dentures.,"Latewax dipping wax It is used for obtaining wax caps with an electric spatula or wax-up in the process of making wax reproductions of solid dentures. Composition and main characteristic The wax composition is prepared on the basis of paraffin. Wax submersible has increased elasticity and mechanical strength, is well adhered to the cervical part and has self-insulating properties on the smooth surface of metal and super-gypsum. The working temperature of the melt is +55 ° C. Available in the form of small crumbs of yellow or green. Package: 50 g of granules in the bank REF 0213 LATEWAX , yellow, 50 g granules in a bottle REF 0214 LATEWAX , green, 50 g granules in a bottle",https://www.latus.com.ua/components/com_jshopping/files/img_products/full_latewax_zaglibn_green_R1.jpg | https://www.latus.com.ua/components/com_jshopping/files/img_products/full_latewax_zaglibn_yell_R1.jpg,2,BRAND_AND_SELECTED_PRODUCTS_PRESENT_IN_STOMIR_KZ_CATALOG,OFFICIAL_PRODUCT_IDENTITY_READY_KZ_SKU_REVIEW_REQUIRED,https://www.latus.com.ua/en/products/dental-technicians-materials/cerofol.html
188,LaTus,Private Enterprise «Latus»,Liquid monomer material Latacryl-S (Monomer-P),0633,0633 | 0631,REF 0633=0633 | Latacryl-S=0631,2,Dental technicians materials,Liquid monomer material Latacryl-S. It is used as an additional set of liquid for self-hardening plastics used in dental work.,Liquid monomer material Latacryl-S. It is used as an additional set of liquid for self-hardening plastics used in dental work. Package: 100 ml liquid Latacryl-S in a bottle REF 0631 Latacryl-S,https://www.latus.com.ua/components/com_jshopping/files/img_products/full_latakryl_s_liqwid_26.jpg | https://www.latus.com.ua/components/com_jshopping/files/img_products/full_latakryl_s_liqwid_261.jpg,2,BRAND_AND_SELECTED_PRODUCTS_PRESENT_IN_STOMIR_KZ_CATALOG,OFFICIAL_PRODUCT_IDENTITY_READY_KZ_SKU_REVIEW_REQUIRED,https://www.latus.com.ua/en/products/dental-technicians-materials/liquid-monomer-material-latacryl-s.html
176,LaTus,Private Enterprise «Latus»,Latewax modelling wax fissure,0226,0226,"Latewax modelling wax fissure , white=0226",1,Dental technicians materials,"Modelling wax fissure. Used to model the cutting edge of the front teeth and the masticatory surface of premolars and molars. It can also be used to model the lateral surfaces of the teeth: vestibular, lingual, distal-approximal.","Modelling wax fissure Used to model the cutting edge of the front teeth and the masticatory surface of premolars and molars. It can also be used to model the lateral surfaces of the teeth: vestibular, lingual, distal-approximal. Composition and main characteristic Wax has opacity and a contrasting white or slightly yellowish coloration. Thanks to this, against the background of a darker modeling wax, an additional layer of Latewax modeling fissure allows you to clearly control the mounds and fissures of the masticatory surface of molars and premolars, the contours of the cutting edge of the front teeth. Has a relatively low (+50 ° C) melting point, due to which it fuses well with the basic modeling wax. Wax burns without residue. Produced in the form of a bar with dimensions of 40 mm x 9 mm x 9 mm. Package: 27 g wax in a boll REF 0226 Latewax modelling wax fissure , white",https://www.latus.com.ua/components/com_jshopping/files/img_products/full_latewax_fisurn.jpg | https://www.latus.com.ua/components/com_jshopping/files/img_products/full_latewax_fisurn1.jpg,2,BRAND_AND_SELECTED_PRODUCTS_PRESENT_IN_STOMIR_KZ_CATALOG,OFFICIAL_PRODUCT_IDENTITY_READY_KZ_SKU_REVIEW_REQUIRED,https://www.latus.com.ua/en/products/dental-technicians-materials/enamel-wax.html
169,LaTus,Private Enterprise «Latus»,Acrorest,0115,0115,Acrorest=0115,1,Dental technicians materials,Dichloroethane glue. Used for fixing shatters of acrylic basis in the case of repair removable prosthesis,"Dichloroethane glue Used for fixing shatters of acrylic basis in the case of repair removable prosthesis Composition and main characteristic Acrorest adhesive is a solution of polymethyl methacrylate in dichloroethane. Acrorest a turbid liquid with an adhesive solution viscosity (in the ratio of 1:10) 2.0-4.0 mm 2 /s. It has a sufficiently high bonding strength, coming in 16 - 20 hours. Package: 25 ml glue Acrorest in a bottle REF 0115 Acrorest",https://www.latus.com.ua/components/com_jshopping/files/img_products/full_acrorest_R1.jpg | https://www.latus.com.ua/components/com_jshopping/files/img_products/full_acrorest_R11.jpg,2,BRAND_AND_SELECTED_PRODUCTS_PRESENT_IN_STOMIR_KZ_CATALOG,OFFICIAL_PRODUCT_IDENTITY_READY_KZ_SKU_REVIEW_REQUIRED,https://www.latus.com.ua/en/products/dental-technicians-materials/acrorest.html
269,LaTus,Private Enterprise «Latus»,Latacryl-S (Латакрил-С),0647,0647,Latacryl-S=0647,1,Dental technicians materials,"Polymethacrylate dental base material self curing. Use for the manufacture of maxillofacial and orthodontic appliance, repairs and relining of acrylic removable dentures.","Polymethacrylate dental base material self curing. Use for the manufacture of maxillofacial and orthodontic appliance, repairs and relining of acrylic removable dentures. Composition and main characteristic Latacryl-S is a polymer-monomer acrylic composition prepared immediately prior to use from a fine powder of suspension polymethyl methacrylate and the supplied monomer liquid. When the powder is mixed with the liquid, a sufficiently rapid swelling and dissolution of the microgranules of the polymer in the liquid monomer occurs, whereby a plastic dough (molding mass) is formed. Further, the redox initiators reacting with each other excite the polymerization of the monomer at room temperature and, as a result, a solid translucent plastic is formed. The swelling time of the powder in the liquid depends on the room temperature and is usually 10-15 minutes, the time of preservation of the plastic state is 8-12 minutes. Cured Latacryl-S is well processed and polished, well imitates soft tissues, permanently retains its properties in the oral cavity. Package: 2×80 g of powder in the bank 100 ml of liquid in a bottle 50 g isolating gypsum varnish Algoplen №2 REF 0647 Latacryl-S",https://www.latus.com.ua/components/com_jshopping/files/img_products/full_latakryl_S_160_100_26.jpg | https://www.latus.com.ua/components/com_jshopping/files/img_products/full_latakryl_S_160_100_261.jpg,2,BRAND_AND_SELECTED_PRODUCTS_PRESENT_IN_STOMIR_KZ_CATALOG,OFFICIAL_PRODUCT_IDENTITY_READY_KZ_SKU_REVIEW_REQUIRED,https://www.latus.com.ua/en/products/dental-technicians-materials/latacryl-s-160-100-en.html
196,LaTus,Private Enterprise «Latus»,Latacryl-Т,0760,0760,Latacryl-Т=0760,1,Dental technicians materials,Polymethacrylate material for dental impression trays. Use for custom impresion trays with self curing in dentistry.,"Polymethacrylate material for dental impression trays. Use for custom impresion trays with self curing in dentistry. Composition and main characteristic Latacryl-T is an acrylic polymer-monomer composition of cold curing of powder-liquid type. Latacryl-T is prepared immediately before use, mixing the powder and liquid until a plastic dough is obtained. The time for maintaining the plasticity of the composition is 5 minutes at a ratio of 3 g of powder to 1 g of liquid. The material self-polymerizes at room temperature. The total polymerization time is 25-30 minutes from the beginning of mixing the powder with the liquid. The curing spoon is processed by standard methods. Package: 200 g of powder in the bank 100 ml of liquid in a bottle REF 0760 Latacryl-Т",https://www.latus.com.ua/components/com_jshopping/files/img_products/full_latakryl____26.jpg | https://www.latus.com.ua/components/com_jshopping/files/img_products/full_latakryl____261.jpg,2,BRAND_AND_SELECTED_PRODUCTS_PRESENT_IN_STOMIR_KZ_CATALOG,OFFICIAL_PRODUCT_IDENTITY_READY_KZ_SKU_REVIEW_REQUIRED,https://www.latus.com.ua/en/products/dental-technicians-materials/latacryl-t.html
178,LaTus,Private Enterprise «Latus»,Latewax model wax milling,0222,0222 | 222,"REF 0222=0222 | LATEWAX , beige=222",2,Dental technicians materials,"Model wax milling. It is used to model the gaps of bridge bridges, as well as elements of clasp prostheses, inlays, half-crowns, veneers, pin teeth and other precise small cast billets using various types of mills with mechanical drive.","Model wax milling It is used to model the gaps of bridge bridges, as well as elements of clasp prostheses, inlays, half-crowns, veneers, pin teeth and other precise small cast billets using various types of mills with mechanical drive. Composition and main characteristic Has a pronounced opacity, high hardness, good workability. It is not recommended to fit wax reproduction by deformation. Produced in the form of a bar for chewing teeth with dimensions of 40 mm x 9 mm x 9 mm and a bar for the front teeth with dimensions of 40 mm x 9 mm x 4.5 mm. It is painted in beige color. Package: 55 g wax in a boll REF 222 LATEWAX , beige",https://www.latus.com.ua/components/com_jshopping/files/img_products/full_latewax_frezernij_01.jpg | https://www.latus.com.ua/components/com_jshopping/files/img_products/full_latewax_frezernij_011.jpg,2,BRAND_AND_SELECTED_PRODUCTS_PRESENT_IN_STOMIR_KZ_CATALOG,OFFICIAL_PRODUCT_IDENTITY_READY_KZ_SKU_REVIEW_REQUIRED,https://www.latus.com.ua/en/products/dental-technicians-materials/freso.html
171,LaTus,Private Enterprise «Latus»,Grinding and polishing elastic circle for dental Ø50 mm,0322,0322,Polishing disk Ø50 mm=0322,1,Dental technicians materials,"Grinding straight profile, external diameter 50 mm, height 8 mm for grinding and polishing of denture bridges and crowns, stainless steel and cobalt-chromium alloys.","Grinding and polishing elastic circle for dental Ø50 mm Used for grinding and polishing bridges and crowns made of stainless steel and cobalt-chromium alloys. Composition and main characteristic The grinding polishing elastic circle of a straight profile with an external diameter of 50 mm, an internal diameter of 10 mm, a height of 8 mm. Package: Polishing disk Ø50 mm, 5 pcs REF 0322 Polishing disk Ø50 mm",https://www.latus.com.ua/components/com_jshopping/files/img_products/full_krugi_50.png | https://www.latus.com.ua/components/com_jshopping/files/img_products/full_50-01.png,2,BRAND_AND_SELECTED_PRODUCTS_PRESENT_IN_STOMIR_KZ_CATALOG,OFFICIAL_PRODUCT_IDENTITY_READY_KZ_SKU_REVIEW_REQUIRED,https://www.latus.com.ua/en/products/dental-technicians-materials/grinding-and-polishing-elastic-circle-for-dental-d-50-mm.html
175,LaTus,Private Enterprise «Latus»,Algoplen №1,3210,3210,100 g Algoplen №1=3210,1,Dental technicians materials,Insulating varnish for gypsum. Algoplen No. 1 is used to insulate acrylic plastic from diffusion of water from gypsum into it. Lacquer can be used alone and in combination with Algoplen №. 2,"Insulating varnish for gypsum Algoplen No. 1 is used to insulate acrylic plastic from diffusion of water from gypsum into it. Lacquer can be used alone and in combination with Algoplen №. 2 Composition and main characteristic Algoplen is a system of two varnishes on a water basis. The first coat of Algoplen No. 1 is an aqueous dispersion of a synthetic copolymer that readily penetrates the porous gypsum structure. Upon contact with the methyl methacrylate monomer, the copolymer is strongly swollen, thereby preventing the diffusion of water from the gypsum into the acrylic plastic. The combination of lacquers Algoplen No. 1 and №. 2 allows to obtain a quick-drying coating, which has good insulating properties from monomer and water. Package: 100 g Algoplen №1 REF 3210 100 g Algoplen №1",https://www.latus.com.ua/components/com_jshopping/files/img_products/full_algoplen_1_100_R1.jpg | https://www.latus.com.ua/components/com_jshopping/files/img_products/full_algoplen_1_100_R11.jpg,2,BRAND_AND_SELECTED_PRODUCTS_PRESENT_IN_STOMIR_KZ_CATALOG,OFFICIAL_PRODUCT_IDENTITY_READY_KZ_SKU_REVIEW_REQUIRED,https://www.latus.com.ua/en/products/dental-technicians-materials/algoplen-1.html
268,LaTus,Private Enterprise «Latus»,Latacryl-S Trichromatic,0671,0671,Latacryl-S trichromatic=0671,1,Dental technicians materials,Рolymethacrylate dental material self cure. Use for the manufacture of colorless or colored orthopedic and orthodontic appliances.,"Рolymethacrylate dental material self cure Use for the manufacture of colorless or colored orthopedic and orthodontic appliances Composition and main characteristic Latacryl-S is a polymer-monomer acrylic composition prepared immediately before use from a fine powder of suspension polymethylmethacrylate and monomer liquid. When the powder is mixed with the liquid, a sufficiently rapid swelling and dissolution of the microgranules of the polymer in the liquid monomer occurs, whereby a plastic dough (molding mass) is formed. Further, the redox initiators reacting with each other excite the polymerization of the monomer at room temperature and, as a result, a solid translucent plastic is formed. The swelling time of the powder in the liquid depends on the room temperature and is usually 10-15 minutes, the time of preservation of the plastic state is 8-12 minutes. Cured Latacryl-S is well processed and polished, permanently retains its properties in the oral cavity. With the help of dye concentrates (yellow, red, blue), the material can be dyed in appropriate colors. Package: 75×2 g of powder in the bank 100 ml of liquid in a bottle 15 g of dye red 15 g of dye yellow 15 g of dye blue REF 0671 Latacryl-S trichromatic",https://www.latus.com.ua/components/com_jshopping/files/img_products/full_latakryl_S_trio_26.jpg | https://www.latus.com.ua/components/com_jshopping/files/img_products/full_latakryl_S_trio_261.jpg,2,BRAND_AND_SELECTED_PRODUCTS_PRESENT_IN_STOMIR_KZ_CATALOG,OFFICIAL_PRODUCT_IDENTITY_READY_KZ_SKU_REVIEW_REQUIRED,https://www.latus.com.ua/en/products/dental-technicians-materials/latacryl-s-trichromatic.html
166,LaTus,Private Enterprise «Latus»,Bura,3333,3333,Bura=3333,1,Dental technicians materials,Sodium tetraborate pentahydrate. Used as a flux for soldering with silver solder.,Bura Used as a flux for soldering with silver solder. Composition and main characteristic Sodium tetraborate pentahydrate. Package: 100 g of powder in the bank REF 3333 Bura,https://www.latus.com.ua/components/com_jshopping/files/img_products/full_bura.png | https://www.latus.com.ua/components/com_jshopping/files/img_products/full_116.jpg,2,BRAND_AND_SELECTED_PRODUCTS_PRESENT_IN_STOMIR_KZ_CATALOG,OFFICIAL_PRODUCT_IDENTITY_READY_KZ_SKU_REVIEW_REQUIRED,https://www.latus.com.ua/en/products/dental-technicians-materials/bura.html
190,LaTus,Private Enterprise «Latus»,Liquid monomer material Latacryl-H (Monomer-F),0632,0632,Liquid monomer material Latacryl-H ( Monomer-F )=0632,1,Dental technicians materials,Liquid monomer material Latacryl-H. It is used as an additional set of liquid to the materials of hot hardening used in dental works.,Liquid monomer material Latacryl-H It is used as an additional set of liquid to the materials of hot hardening used in dental works. Package: 100 ml liquid monomer material Latacryl-H ( Monomer-F ) in a bottle REF 0632 Liquid monomer material Latacryl-H ( Monomer-F ),https://www.latus.com.ua/components/com_jshopping/files/img_products/full_latakryl_H_liqwid_26.jpg | https://www.latus.com.ua/components/com_jshopping/files/img_products/full_latakryl_H_liqwid_261.jpg,2,BRAND_AND_SELECTED_PRODUCTS_PRESENT_IN_STOMIR_KZ_CATALOG,OFFICIAL_PRODUCT_IDENTITY_READY_KZ_SKU_REVIEW_REQUIRED,https://www.latus.com.ua/en/products/dental-technicians-materials/liquid-monomer-material-latacryl-h.html
181,LaTus,Private Enterprise «Latus»,Latewax (Remowax),0225,0225,"Latewax special leveling wax , dark red=0225",1,Dental technicians materials,"Special leveling wax. Used to eliminate defects (dying, shell, underfill, undercuts) of the surface of demountable and non-assembled gypsum models of the dentition.","Special leveling wax Used to eliminate defects (dying, shell, underfill, undercuts) of the surface of demountable and non-assembled gypsum models of the dentition. Composition and main characteristic Has a sufficiently high melting point (not less than +65 ° C), which can be used for subsequent modeling of wax reproduction using typical submerged and modeling waxes. Latewax special leveling gives a small thermal shrinkage, adheres well to gypsum, when hardened it acquires high hardness. Produced in the form of a bar with dimensions of 40 mm x 9 mm x 9 mm. Package: 27 g wax in a boll REF 0225 Latewax special leveling wax , dark red",https://www.latus.com.ua/components/com_jshopping/files/img_products/full_latewax__spec_viravn.jpg | https://www.latus.com.ua/components/com_jshopping/files/img_products/full_latewax__spec_viravn1.jpg,2,BRAND_AND_SELECTED_PRODUCTS_PRESENT_IN_STOMIR_KZ_CATALOG,OFFICIAL_PRODUCT_IDENTITY_READY_KZ_SKU_REVIEW_REQUIRED,https://www.latus.com.ua/en/products/dental-technicians-materials/remowax.html
182,LaTus,Private Enterprise «Latus»,Latewax model wax,0223,0223,"LATEWAX model wax , blue=0223",1,Dental technicians materials,Model wax Modelling waxes ordinary modeling intermediates bridges and other parts with hand tools.,"Model wax Used to model the intermediate links of bridges, facets and other parts with the use of hand tools. Composition and main characteristic It is prepared according to a traditional recipe with a high content of paraffin. It is characterized by ease of processing. Produced in the form of a bar for the front and chewing teeth. The bar for chewing teeth has dimensions of 40 mm x 9 mm x 9 mm, for the front teeth - 40 mm x 9 mm x 4.5 mm. Package: 55 g wax in a boll REF 0223 LATEWAX model wax , blue",https://www.latus.com.ua/components/com_jshopping/files/img_products/full_latewax_model.jpg | https://www.latus.com.ua/components/com_jshopping/files/img_products/full_latewax_model1.jpg,2,BRAND_AND_SELECTED_PRODUCTS_PRESENT_IN_STOMIR_KZ_CATALOG,OFFICIAL_PRODUCT_IDENTITY_READY_KZ_SKU_REVIEW_REQUIRED,https://www.latus.com.ua/en/products/dental-technicians-materials/ordinar.html
187,LaTus,Private Enterprise «Latus»,Monomer,0630,0630,Monomer=0630,1,Dental technicians materials,Methylmethacrylate. Use for degreasing of artificial teeth and fixed prosthesis frameworks and bridge prosthesis.,Methylmethacrylate. Use for degreasing of artificial teeth and fixed prosthesis frameworks and bridge prosthesis. Package: 100 ml liquid in a bottle REF 0630 Monomer,https://www.latus.com.ua/components/com_jshopping/files/img_products/full_monomer_26.jpg | https://www.latus.com.ua/components/com_jshopping/files/img_products/full_monomer_261.jpg,2,BRAND_AND_SELECTED_PRODUCTS_PRESENT_IN_STOMIR_KZ_CATALOG,OFFICIAL_PRODUCT_IDENTITY_READY_KZ_SKU_REVIEW_REQUIRED,https://www.latus.com.ua/en/products/dental-technicians-materials/monomer.html
193,LaTus,Private Enterprise «Latus»,Latacryl fibers,0649,0649,Latacryl Fibres=0649,1,Dental technicians materials,Acetate fibers. Used in dental practice as an additive in the manufacture of dental plastics.,"Acetate fibers Used in dental practice as an additive in the manufacture of dental plastics. Composition and main characteristic It is a 50% concentrate, which includes acetate fibers and polymethylmethacrylate powder. Package: 5 g fibres in a jar REF 0649 Latacryl Fibres",https://www.latus.com.ua/components/com_jshopping/files/img_products/full_latakril_volokna_____.jpg | https://www.latus.com.ua/components/com_jshopping/files/img_products/full_latakril_volokna.png | https://www.latus.com.ua/components/com_jshopping/files/img_products/full_latakril_volokna.jpg,3,BRAND_AND_SELECTED_PRODUCTS_PRESENT_IN_STOMIR_KZ_CATALOG,OFFICIAL_PRODUCT_IDENTITY_READY_KZ_SKU_REVIEW_REQUIRED,https://www.latus.com.ua/en/products/dental-technicians-materials/latacryl-fibers.html
271,LaTus,Private Enterprise «Latus»,Polacryl,0736,0736,Polacryl paste=0736,1,Dental technicians materials,Polishing paste. Use for final processing of all kinds of designs of dentures made of polymers.,"Polishing paste Use for final processing of all kinds of designs of dentures made of polymers. Composition and main characteristic Polacryl white paste has a gel-like consistency made on the basis of fine abrasive material. The paste has a neutral gray color, a gel-like consistency, does not spread, is plastic, easily washed off with water, and odorless Package: 250 g paste in a tube REF 0736 Polacryl paste",https://www.latus.com.ua/components/com_jshopping/files/img_products/full_polacryl_pasta.jpg | https://www.latus.com.ua/components/com_jshopping/files/img_products/full_full_Latus-2188.png,2,BRAND_AND_SELECTED_PRODUCTS_PRESENT_IN_STOMIR_KZ_CATALOG,OFFICIAL_PRODUCT_IDENTITY_READY_KZ_SKU_REVIEW_REQUIRED,https://www.latus.com.ua/en/products/dental-technicians-materials/polacryl-pasta-en.html
189,LaTus,Private Enterprise «Latus»,Liquid monomer material Latacryl-V (Monomer-S),0631,0631,Liquid monomer material Latacryl-V ( Monomer-S )=0631,1,Dental technicians materials,Liquid monomer material Latacryl-V. Use for additional set of hot cure crown material liquid in dental work.,Liquid monomer material Latacryl-V Use for additional set of hot cure crown material liquid in dental work. Package: 100 ml liquid Latacryl-V ( Monomer-S ) in a bottle REF 0631 Liquid monomer material Latacryl-V ( Monomer-S ),https://www.latus.com.ua/components/com_jshopping/files/img_products/full_latakryl_V_liqwid_26.jpg | https://www.latus.com.ua/components/com_jshopping/files/img_products/full_latakryl_V_liqwid_261.jpg,2,BRAND_AND_SELECTED_PRODUCTS_PRESENT_IN_STOMIR_KZ_CATALOG,OFFICIAL_PRODUCT_IDENTITY_READY_KZ_SKU_REVIEW_REQUIRED,https://www.latus.com.ua/en/products/dental-technicians-materials/liquid-monomer-material-latacryl-v.html
294,LaTus,Private Enterprise «Latus»,Latewax. Wax wire,0235,0235 | 0236 | 0237 | 0238 | 0239,"Latewax 2.5 , wax wire=0235 | Latewax 3.0 , wax wire=0236 | Latewax 3.5 , wax wire=0237 | Latewax 4.0 , wax wire=0238 | Latewax 5.0 , wax wire=0239",5,Dental technicians materials,Wax wire. It is used for the manufacture of a gate system for casting metal elements of dentures.,"Wax wire It is used for the manufacture of a gate system for casting metal elements of dentures. Composition and main characteristic Wax wire is a composition based on paraffin, synthetic waxes and resins. It has hardness and ductility. It burns out without a trace. Package: rods 15 cm long of circular cross section weighing 40 g of various diameters on the box REF 0235 Latewax 2.5 , wax wire REF 0236 Latewax 3.0 , wax wire REF 0237 Latewax 3.5 , wax wire REF 0238 Latewax 4.0 , wax wire REF 0239 Latewax 5.0 , wax wire",https://www.latus.com.ua/components/com_jshopping/files/img_products/full_latewax_provolka.jpg | https://www.latus.com.ua/components/com_jshopping/files/img_products/full_latewax_provolka02.jpg,2,BRAND_AND_SELECTED_PRODUCTS_PRESENT_IN_STOMIR_KZ_CATALOG,OFFICIAL_PRODUCT_IDENTITY_READY_KZ_SKU_REVIEW_REQUIRED,https://www.latus.com.ua/en/products/dental-technicians-materials/latewax-wax-wire-02.html
303,LaTus,Private Enterprise «Latus»,Latacryl-V Set,0650,0650,"Latacryl-V , Set=0650",1,Dental technicians materials,"Рolymethacrylate crown and bridge hot curing dental material. Use for the cladding fixed prosthesis, single crowns of teeth and pin by hot polymerization in dentistry.","Рolymethacrylate crown and bridge hot curing dental material Use for the cladding fixed prosthesis, single crowns of teeth and pin by hot polymerization in dentistry. Composition and main characteristic Latacryl-V is an acrylic polymer-monomer composition of hot curing of powder-liquid type. Latacryl-V can be prepared as a plastic dough or a flowable paste suitable for brush application. The time of preservation of the plasticity of the composition (working time) at a powder-liquid ratio of 2,4: 1 by weight is 20 minutes, the pour point at a powder-liquid ratio of 1,8: 1 by weight is 6-8 minutes. When the temperature in the room rises, the working time decreases. The material is produced in the color shades A1, A2, A3, A3.5, A4, B1, B2, C2 on the scale Vita Classic with a degree of transparency approaching the enamel of the tooth. The cured material is well polished and retains color and gloss for a long time. Latacryl-V is fully compatible with similar acrylic materials from other manufacturers, as well as used with them primers (coating varnishes) and dye concentrates. Package: 100 g powder in a bottle (A1 5g, А2 20g, А3 25g, А3.5 25g, А4 5g, В1 5g, В2 10g, С2 5g) 50 ml liquid in a bottle REF 0650 Latacryl-V , Set",https://www.latus.com.ua/components/com_jshopping/files/img_products/full_latakril_V_nabor_01.jpg | https://www.latus.com.ua/components/com_jshopping/files/img_products/full_latakril_V_nabor_011.jpg,2,BRAND_AND_SELECTED_PRODUCTS_PRESENT_IN_STOMIR_KZ_CATALOG,OFFICIAL_PRODUCT_IDENTITY_READY_KZ_SKU_REVIEW_REQUIRED,https://www.latus.com.ua/en/products/dental-technicians-materials/latacryl-v-kit.html
287,LaTus,Private Enterprise «Latus»,Latewax Model wax for tabs,0245,0245,REF 0245=0245,1,Dental technicians materials,"Model wax for tabs. Used for the manufacture of inlays, crowns, half crowns, pin teeth.","Model wax for tabs Used for the manufacture of inlays, crowns, half crowns, pin teeth.",https://www.latus.com.ua/components/com_jshopping/files/img_products/full_latewax_for_vkl.jpg | https://www.latus.com.ua/components/com_jshopping/files/img_products/full_latewax_for_vkl1.jpg,2,BRAND_AND_SELECTED_PRODUCTS_PRESENT_IN_STOMIR_KZ_CATALOG,OFFICIAL_PRODUCT_IDENTITY_READY_KZ_SKU_REVIEW_REQUIRED,https://www.latus.com.ua/en/products/dental-technicians-materials/latevax-wax-for-tabs.html
286,LaTus,Private Enterprise «Latus»,Latewax sticky wax,0224,0224,"Latewax, sticky wax=0224",1,Dental technicians materials,"Sticky wax. It is used for gluing structural elements of metal dentures when preparing them for soldering, for joining fragments of gypsum models, for gluing plastic teeth in a gypsum bed.","Sticky wax It is used for gluing structural elements of metal dentures when preparing them for soldering, for joining fragments of gypsum models, for gluing plastic teeth in a gypsum bed. Composition and main characteristic Latewax sticky wax contains na tural wax and rosin, which provides good adhesion to metal and gypsum. Melting point of wax - (+65 ... + 70) °С. In the heated state, the wax spreads well; when hardened, it has the necessary strength . Package: 50 g of wax in a box REF 0224 Latewax, sticky wax",https://www.latus.com.ua/components/com_jshopping/files/img_products/full_latewax_lipkij_smoll.jpg | https://www.latus.com.ua/components/com_jshopping/files/img_products/full_latewax_lipkij_smoll1.jpg,2,BRAND_AND_SELECTED_PRODUCTS_PRESENT_IN_STOMIR_KZ_CATALOG,OFFICIAL_PRODUCT_IDENTITY_READY_KZ_SKU_REVIEW_REQUIRED,https://www.latus.com.ua/en/products/dental-technicians-materials/latevax-sticky-wax.html
309,LaTus,Private Enterprise «Latus»,Latacryl-V one color kit,0651,0651 | 0652 | 0653 | 0654 | 0657 | 0658 | 0655 | 0656,Latacryl-V A1=0651 | Latacryl-V A2=0652 | Latacryl-V A3=0653 | Latacryl-V A3.5=0654 | Latacryl-V A4=0657 | Latacryl-V B1=0658 | Latacryl-V B2=0655 | Latacryl-V C2=0656,8,Dental technicians materials,"Рolymethacrylate crown and bridge hot curing dental material. Use for the cladding fixed prosthesis, single crowns of teeth and pin by hot polymerization in dentistry.","Рolymethacrylate crown and bridge hot curing dental material Use for the cladding fixed prosthesis, single crowns of teeth and pin by hot polymerization in dentistry. Composition and main characteristic Latacryl-V is an acrylic polymer-monomer composition of hot curing of powder-liquid type. Latacryl-V can be prepared as a plastic dough or a flowable paste suitable for brush application. The time of preservation of the plasticity of the composition (working time) at a powder-liquid ratio of 2,4: 1 by weight is 15-20 minutes, the pour point at a powder-liquid ratio of 1,8: 1 by weight is 6-8 minutes. When the temperature in the room rises, the working time decreases. The material is produced in the color shades A1, A2, A3, A3.5, A4, B1, B2, C2 on the scale Vita Classic with a degree of transparency approaching the enamel of the tooth. The cured material is well polished and retains color and gloss for a long time. Latacryl-V is fully compatible with similar acrylic materials from other manufacturers, as well as used with them primers (coating varnishes) and dye concentrates. Package: 80 g powder in a bottle 40 ml liquid in a bottle REF 0651 Latacryl-V A1 REF 0652 Latacryl-V A2 REF 0653 Latacryl-V A3 REF 0654 Latacryl-V A3.5 REF 0657 Latacryl-V A4 REF 0658 Latacryl-V B1 REF 0655 Latacryl-V B2 REF 0656 Latacryl-V C2",https://www.latus.com.ua/components/com_jshopping/files/img_products/full_latakril_V_1cv_01.jpg | https://www.latus.com.ua/components/com_jshopping/files/img_products/full_latakril_V_1cv_011.jpg,2,BRAND_AND_SELECTED_PRODUCTS_PRESENT_IN_STOMIR_KZ_CATALOG,OFFICIAL_PRODUCT_IDENTITY_READY_KZ_SKU_REVIEW_REQUIRED,https://www.latus.com.ua/en/products/dental-technicians-materials/latacryl-v-one-color-kit.html
307,LaTus,Private Enterprise «Latus»,Latewax. Bite rollers.,0251,0251,"Latewax , bite rollers=0251",1,Dental technicians materials,Bite rollers. Used to fix the bite or determine the occlusal relationship of the edentulous jaw.,"Bite rollers Used to fix the bite or determine the occlusal relationship of the edentulous jaw.The recipe allows you to quickly get the desired shape of the bite roller in a heated state. Properties The finished form provides a quick fit bite rollers on the jaw of any shape. Stability after cooling ensures accurate bite registration. Package: 20 pcs rollers total weight 270 g in a box REF 0251 Latewax , bite rollers",https://www.latus.com.ua/components/com_jshopping/files/img_products/full_latewax_valiki.jpg | https://www.latus.com.ua/components/com_jshopping/files/img_products/full_latewax_valiki1.jpg,2,BRAND_AND_SELECTED_PRODUCTS_PRESENT_IN_STOMIR_KZ_CATALOG,OFFICIAL_PRODUCT_IDENTITY_READY_KZ_SKU_REVIEW_REQUIRED,https://www.latus.com.ua/en/products/dental-technicians-materials/latewax-bite-rollers-new.html
206,LaTus,Private Enterprise «Latus»,Metallic sectional contoured matrix 35 mkm thickness,3201S,3201S | 3202S | 3203S | 3211S | 3212S | 3213S | 3221S | 3222S,Small=3201S | Small with ledge=3202S | Small trapezes=3203S | Large=3211S | Large with ledge=3212S | Large trapezes=3213S | Medium=3221S | Medium with ledge=3222S,8,Materials for processing and polishing,Metallic sectional contoured matrixes 35 mkm thickness. Used in therapeutic dentistry to separate the approximate surfaces of adjacent teeth when filling carious cavities of class II.,"Metallic sectional contoured matrixes 35 mkm thickness Used in therapeutic dentistry to separate the approximate surfaces of adjacent teeth when filling carious cavities of class II. Composition and main characteristic The matrices are made of special corrosion-resistant steel, 35 mkm thickness . Thin matrices are useful for restoring small defects, thick ones for restoring large carious cavities with destruction in the subgingival region. Thick matrixes hold the form well, which in some cases does not allow the use of wedges when restoring the gingival margin or the arbor wall. Package: 10 pcs. рackaged REF 3201S Small REF 3202S Small with ledge REF 3203S Small trapezes REF 3211S Large REF 3212S Large with ledge REF 3213S Large trapezes REF 3221S Medium REF 3222S Medium with ledge",https://www.latus.com.ua/components/com_jshopping/files/img_products/full_3201s.png | https://www.latus.com.ua/components/com_jshopping/files/img_products/full_141.jpg | https://www.latus.com.ua/components/com_jshopping/files/img_products/full_143.jpg,3,BRAND_AND_SELECTED_PRODUCTS_PRESENT_IN_STOMIR_KZ_CATALOG,OFFICIAL_PRODUCT_IDENTITY_READY_KZ_SKU_REVIEW_REQUIRED,https://www.latus.com.ua/en/products/materials-for-processing-and-polishing/matrix-35-mkm-wide-en.html
237,LaTus,Private Enterprise «Latus»,Metallic sectional contoured matrix 50 mkm thickness,3201Н,3201Н | 3201 | 3202 | 3203 | 3211 | 3212 | 3213 | 3221 | 3222,REF 3201Н=3201Н | Н Small=3201 | Н Small with ledge=3202 | Н Small trapezes=3203 | Н Large=3211 | Н Large with ledge=3212 | Н Large trapezes=3213 | Н Medium=3221 | Н Medium with ledge=3222,9,Materials for processing and polishing,Metallic sectional contoured matrixes 50 mkm thickness. Used in therapeutic dentistry to separate the approximate surfaces of adjacent teeth when filling carious cavities of class II.,"Metallic sectional contoured matrixes 50 mkm thickness Used in therapeutic dentistry to separate the approximate surfaces of adjacent teeth when filling carious cavities of class II. Composition and main characteristic The matrices are made of special corrosion-resistant steel, 50 mkm thickness . Thin matrices are useful for restoring small defects, thick ones for restoring large carious cavities with destruction in the subgingival region. Thick matrixes hold the form well, which in some cases does not allow the use of wedges when restoring the gingival margin or the arbor wall. Package: 10 pcs. рackaged REF 3201Н Small REF 3202Н Small with ledge REF 3203Н Small trapezes REF 3211Н Large REF 3212Н Large with ledge REF 3213Н Large trapezes REF 3221Н Medium REF 3222Н Medium with ledge",https://www.latus.com.ua/components/com_jshopping/files/img_products/full_3201h.png | https://www.latus.com.ua/components/com_jshopping/files/img_products/full_1421.jpg,2,BRAND_AND_SELECTED_PRODUCTS_PRESENT_IN_STOMIR_KZ_CATALOG,OFFICIAL_PRODUCT_IDENTITY_READY_KZ_SKU_REVIEW_REQUIRED,https://www.latus.com.ua/en/products/materials-for-processing-and-polishing/metallic-sectional-contoured-matrix-50-mkm-wide.html
210,LaTus,Private Enterprise «Latus»,Wooden wedges for fixation,4001,4001 | 4002 | 4011 | 4012,"Length 13 mm, section 1,5 mm х 1,5 mm=4001 | Length 13 mm, section 1,5 mm х 2,0 mm=4002 | Length 16 mm, section 1,5 mm х 1,5 mm=4011 | Length 16 mm, section 1,5 mm х 2,0 mm=4012",4,Materials for processing and polishing,"Wooden wedges for fixation. Used to create an interdental space for the installation of matrices or separation plates, as well as for additional fixing of the matrices and ensuring the best of them.","Wooden wedges for fixation Used to create an interdental space for the installation of matrices or separation plates, as well as for additional fixing of the matrices and ensuring the best of them. Composition and main characteristic Wedges can be used to create an interdental gap when treating the surface of the seals with strips of grinding. This method reduces wear on the surface of the strips, thereby increasing the grinding efficiency. Fixing clamps are made of hardwood (birch, oak, maple). Depending on the size, they are color coded. Package: Wedges of the same size for 100 pcs. in the box REF 4001 Length 13 mm, section 1,5 mm х 1,5 mm REF 4002 Length 13 mm, section 1,5 mm х 2,0 mm REF 4011 Length 16 mm, section 1,5 mm х 1,5 mm REF 4012 Length 16 mm, section 1,5 mm х 2,0 mm",https://www.latus.com.ua/components/com_jshopping/files/img_products/full_klinja1.png | https://www.latus.com.ua/components/com_jshopping/files/img_products/full_132.jpg,2,BRAND_AND_SELECTED_PRODUCTS_PRESENT_IN_STOMIR_KZ_CATALOG,OFFICIAL_PRODUCT_IDENTITY_READY_KZ_SKU_REVIEW_REQUIRED,https://www.latus.com.ua/en/products/materials-for-processing-and-polishing/wooden-wedges-for-fixation.html
201,LaTus,Private Enterprise «Latus»,Rectangular metallic separating plates,5106,5106 | 5108 | 5110,"Rectangular metallic separating plateswidth 6 mm, length 100 mm.=5106 | Rectangular metallic separating plateswidth 8 mm, length 100 mm.=5108 | Rectangular metallic separating plateswidth 10 mm, length 100 mm.=5110",3,Materials for processing and polishing,Rectangular metal separating plate. Used to exclude the filling of the interdental gap with the filling material and to ensure the correct formation of a contact point between the teeth.,"Rectangular metal separating plate Used to exclude the filling of the interdental gap with the filling material and to ensure the correct formation of a contact point between the teeth. Composition and main characteristic The plates are made of special corrosion-resistant steel with a thickness of 0.05 mm. Package: 25 pcs. р lates of the same size REF 5106 Rectangular metallic separating plateswidth 6 mm, length 100 mm. REF 5108 Rectangular metallic separating plateswidth 8 mm, length 100 mm. REF 5110 Rectangular metallic separating plateswidth 10 mm, length 100 mm.",https://www.latus.com.ua/components/com_jshopping/files/img_products/full_plastini.png | https://www.latus.com.ua/components/com_jshopping/files/img_products/full_165.jpg,2,BRAND_AND_SELECTED_PRODUCTS_PRESENT_IN_STOMIR_KZ_CATALOG,OFFICIAL_PRODUCT_IDENTITY_READY_KZ_SKU_REVIEW_REQUIRED,https://www.latus.com.ua/en/products/materials-for-processing-and-polishing/rectangular-metallic-separating-plates.html
280,LaTus,Private Enterprise «Latus»,Metallic sectional contoured matrix 25 mkm thickness,3201X,3201X | 3201 | 3202 | 3203 | 3211 | 3212 | 3213 | 3221 | 3222X,REF 3201X=3201X | X Small=3201 | X Small with ledge=3202 | X Small trapezes=3203 | X Large=3211 | X Large with ledge=3212 | X Large trapezes=3213 | X Medium=3221 | Medium with ledge=3222X,9,Materials for processing and polishing,Metallic sectional contoured matrixes 25 mkm thickness. Used in therapeutic dentistry to separate the approximate surfaces of adjacent teeth when filling carious cavities of class II.,"Metallic sectional contoured matrixes 25 mkm thickness Used in therapeutic dentistry to separate the approximate surfaces of adjacent teeth when filling carious cavities of class II. Composition and main characteristic The matrices are made of special corrosion-resistant steel, 25 mkm thickness . Thin matrices are useful for restoring small defects, thick ones for restoring large carious cavities with destruction in the subgingival region. Thick matrixes hold the form well, which in some cases does not allow the use of wedges when restoring the gingival margin or the arbor wall. Package: 10 pcs. рackaged REF 3201 X Small REF 3202 X Small with ledge REF 3203 X Small trapezes REF 3211 X Large REF 3212 X Large with ledge REF 3213 X Large trapezes REF 3221 X Medium REF 3222X Medium with ledge",https://www.latus.com.ua/components/com_jshopping/files/img_products/full_3201x.png | https://www.latus.com.ua/components/com_jshopping/files/img_products/full_3201x1.png,2,BRAND_AND_SELECTED_PRODUCTS_PRESENT_IN_STOMIR_KZ_CATALOG,OFFICIAL_PRODUCT_IDENTITY_READY_KZ_SKU_REVIEW_REQUIRED,https://www.latus.com.ua/en/products/materials-for-processing-and-polishing/matrix-25-mkm-wide.html
191,LaTus,Private Enterprise «Latus»,Matrix strips,1540,1540,Matrix strips=1540,1,Materials for processing and polishing,"Matrix strips. Used in therapeutic dentistry for interdental separation in the formation of seals II, III and IV classes.","Matrix strips Used in therapeutic dentistry for interdental separation in the formation of seals II, III and IV classes. Composition and main characteristic Made of PET film with a thickness of 50 microns. Prevent the formation of an adhesive layer in places isolated with a film. Package: 100 pcs in a container REF 1540 Matrix strips",https://www.latus.com.ua/components/com_jshopping/files/img_products/full_matrichni_poloski_R1.jpg | https://www.latus.com.ua/components/com_jshopping/files/img_products/full_matrichni_poloski_R11.jpg,2,BRAND_AND_SELECTED_PRODUCTS_PRESENT_IN_STOMIR_KZ_CATALOG,OFFICIAL_PRODUCT_IDENTITY_READY_KZ_SKU_REVIEW_REQUIRED,https://www.latus.com.ua/en/products/materials-for-processing-and-polishing/matrix-strips.html
223,LaTus,Private Enterprise «Latus»,Diapol-1.5,0302,0302,Diapol – 1.5=0302,1,Materials for processing and polishing,"Diamond polishing pastes. Use for polishing the surface of composite materials with an average dispersion of the filler (up to 3 microns), metal elements of bridges in dental dentistry.","Diamond polishing pastes. Use for polishing the surface of composite materials with an average dispersion of the filler (up to 3 microns), metal elements of bridges in dental dentistry. Composition and main characteristic Paste polishing Diapol-1.5 is made on the base of synthetic diamond with dispersion 1 micron. Pasta has a neutral light-gray color, sweet taste, gel-like consistency, does not spread, does not have any odor. Diapol-1.5 рasta is easily washed off by water. Duration polishing composites is typically 40-60 seconds, the metal - 1.5-2 minutes. Package: 3 g of paste in a syringe polishing cup REF 0302 Diapol – 1.5 Instruction for use",https://www.latus.com.ua/components/com_jshopping/files/img_products/full_diapol_1_5_R1.jpg | https://www.latus.com.ua/components/com_jshopping/files/img_products/full_diapol_1_5_R11.jpg,2,BRAND_AND_SELECTED_PRODUCTS_PRESENT_IN_STOMIR_KZ_CATALOG,OFFICIAL_PRODUCT_IDENTITY_READY_KZ_SKU_REVIEW_REQUIRED,https://www.latus.com.ua/en/products/materials-for-processing-and-polishing/diapol-1-5.html
225,LaTus,Private Enterprise «Latus»,Diapol-1.20,0304,0304,Diapol – 1.20=0304,1,Materials for processing and polishing,"Diamond polishing pastes. The pastes contain synthetic diamond powder with a dispersity of 1 mkm. Is a universal polishing paste for quick and efficient polishing of fillings and composite restorations, as well as ceramic veneer crowns, porcelain denture teeth and metallic elements of bridge prostheses.","Diamond polishing pastes Designed for quick and effective fine grinding or polishing of the surface of fillings and restorations made of composite materials, as well as ceramic lining of crowns, porcelain teeth, metal elements of bridge-like artificial limbs. The processing time of composites is usually 20 seconds, ceramics - from 30 to 40 seconds. Composition and main characteristic Polishing pastes are made on the basis of synthetic diamond powder with a dispersion of 1 micron. Paste of light gray or light brown color, a form-stable gel-like consistency, which prevents their spreading, is easily washed off with water . Package: 3 g of paste in a syringe polishing cup REF 0304 Diapol – 1.20",https://www.latus.com.ua/components/com_jshopping/files/img_products/full_diapol_1_20_R2.jpg | https://www.latus.com.ua/components/com_jshopping/files/img_products/full_diapol_1_20_R21.jpg,2,BRAND_AND_SELECTED_PRODUCTS_PRESENT_IN_STOMIR_KZ_CATALOG,OFFICIAL_PRODUCT_IDENTITY_READY_KZ_SKU_REVIEW_REQUIRED,https://www.latus.com.ua/en/products/materials-for-processing-and-polishing/diapol-1-20.html
234,LaTus,Private Enterprise «Latus»,Set of wooden wedges fixing,4050,4001 | 4011 | 4050 | 4012 | 4051 | 4002 | 4052,") - 50 pcs. Length 16 mm, section 1,5 mm х 2,0 mm (=4001 | ) - 50 pcs.=4011 | Set of wooden fixation wedges Length 13 mm, section 1,5 mm х 1,5 mm (=4050 | ) - 50 pcs.=4012 | Set of wooden fixation wedges Length 13 mm, section 1,5 mm х 2,0 mm (=4051 | ) - 50 pcs. Length 16 mm, section 1,5 mm х 1,5 mm (=4002 | Set of wooden fixation wedges=4052",7,Materials for processing and polishing,"Wooden wedges for fixation. Used to create an interdental space for the installation of matrices or separation plates, as well as for additional fixing of the matrices and ensuring their better.","Wooden wedges for fixation Used to create an interdental space for the installation of matrices or separation plates, as well as for additional fixing of the matrices and ensuring their better Composition and main characteristic Wooden wedges can be used to create an interdental gap when treating the surface of the seals with strips of grinding. This method reduces wear on the surface of the strips, thereby increasing the grinding efficiency. Fixing wooden wedges are made of hardwood (birch, oak, maple). Depending on the size, they are color coded. Package: Length 13 mm, section 1,5 mm х 1,5 mm (REF 4001) - 50 pcs. Length 16 mm, section 1,5 mm х 1,5 mm (REF 4011) - 50 pcs. REF 4050 Set of wooden fixation wedges Length 13 mm, section 1,5 mm х 1,5 mm (REF 4001) - 50 pcs. Length 16 mm, section 1,5 mm х 2,0 mm (REF 4012) - 50 pcs. REF 4051 Set of wooden fixation wedges Length 13 mm, section 1,5 mm х 2,0 mm (REF 4002) - 50 pcs. Length 16 mm, section 1,5 mm х 1,5 mm (REF 4011) - 50 pcs. REF 4052 Set of wooden fixation wedges",https://www.latus.com.ua/components/com_jshopping/files/img_products/full_k_n_50.png | https://www.latus.com.ua/components/com_jshopping/files/img_products/full_k_n_52.png | https://www.latus.com.ua/components/com_jshopping/files/img_products/full_k_n_51.png | https://www.latus.com.ua/components/com_jshopping/files/img_products/full_klin.png,4,BRAND_AND_SELECTED_PRODUCTS_PRESENT_IN_STOMIR_KZ_CATALOG,OFFICIAL_PRODUCT_IDENTITY_READY_KZ_SKU_REVIEW_REQUIRED,https://www.latus.com.ua/en/products/materials-for-processing-and-polishing/set-wooden-wedges-for-fixation.html
214,LaTus,Private Enterprise «Latus»,Diapol-1.3,0301,0301,Diapol – 1.3=0301,1,Materials for processing and polishing,Diamond polishing pastes. The pastes contain synthetic diamond powder with a dispersity of 1 mkm. Iis intended for polishing flowable and microfill composite materials as well as metallic crowns and elements of bridge prostheses.,"Diamond polishing pastes Used to polish low-flow (flow) and micro-filled composite materials, as well as metal crowns and elements of bridges. The duration of polishing of composites is usually 30-40 seconds, metal - 1.5-2 minutes. Composition and main characteristic Polishing pastes are made on the basis of synthetic diamond powder with a dispersion of 1 micron. Paste of light gray or light brown color, a form-stable gel-like consistency, which prevents their spreading, is easily washed off with water. Package: 3 g of paste in a syringe polishing cup REF 0301 Diapol – 1.3",https://www.latus.com.ua/components/com_jshopping/files/img_products/full_diapol_1_3_R1.jpg | https://www.latus.com.ua/components/com_jshopping/files/img_products/full_diapol_1_3_R11.jpg,2,BRAND_AND_SELECTED_PRODUCTS_PRESENT_IN_STOMIR_KZ_CATALOG,OFFICIAL_PRODUCT_IDENTITY_READY_KZ_SKU_REVIEW_REQUIRED,https://www.latus.com.ua/en/products/materials-for-processing-and-polishing/diapol-1-3.html
224,LaTus,Private Enterprise «Latus»,Diapol-1.10,0303,0303,Diapol – 1.10=0303,1,Materials for processing and polishing,"Diamond polishing pastes. The pastes contain synthetic diamond powder with a dispersity of 1 mkm. Is intended for accelerated final polishing of fillings and composite restorations with medium filler dispersity under 5 mkm, as well as ceramic veneer crowns and elements of bridge prostheses in the oral cavity.","Diamond polishing pastes It is intended for polishing the surface of fillings and restorations made of composite materials with an average dispersion of the filler (not more than 5 microns), as well as ceramic lining of crowns, elements of bridge-like artificial limbs. The duration of polishing of composites is usually 30-40 seconds, ceramics - 1-1.5 minutes. Composition and main characteristic Polishing pastes are made on the basis of synthetic diamond powder with a dispersion of 1 micron. Paste of light gray or light brown color, a form-stable gel-like consistency, which prevents their spreading, is easily washed off with water . Package: 3 g of paste in a syringe polishing cup REF 0303 Diapol – 1.10",https://www.latus.com.ua/components/com_jshopping/files/img_products/full_diapol_1_10_R1.jpg | https://www.latus.com.ua/components/com_jshopping/files/img_products/full_diapol_1_10_R11.jpg,2,BRAND_AND_SELECTED_PRODUCTS_PRESENT_IN_STOMIR_KZ_CATALOG,OFFICIAL_PRODUCT_IDENTITY_READY_KZ_SKU_REVIEW_REQUIRED,https://www.latus.com.ua/en/products/materials-for-processing-and-polishing/diapol-1-10.html
161,LaTus,Private Enterprise «Latus»,Microapplicators,1961,1961 | 1962 | 1963 | 1964 | 1965,"Mikro applicators, 2.0мм, 25 pcs.=1961 | Mikro applicators (regular), 2,5мм, 100 pcs.=1962 | Mikro applicators (fine), 2,0mm, 100 pcs.=1963 | Mikro applicators (ultra fine), 1.5mm, 100 pcs.=1964 | Mikro applicators (cylinder ), 1.2mm, 100 pcs.=1965",5,Tools and accessories,"One-time tool, non-sterile. Used in dentistry for the application of liquid adhesives in the cavity of a tooth in a micro doses.","Microapplicators. One-time tool, non-sterile. Used in dentistry for the application of liquid adhesives in the cavity of a tooth in a micro doses. Package: Microapplicators рackaged REF 1961 Mikro applicators, 2.0мм, 25 pcs. REF 1962 Mikro applicators (regular), 2,5мм, 100 pcs. REF 1963 Mikro applicators (fine), 2,0mm, 100 pcs. REF 1964 Mikro applicators (ultra fine), 1.5mm, 100 pcs. REF 1965 Mikro applicators (cylinder ), 1.2mm, 100 pcs.",https://www.latus.com.ua/components/com_jshopping/files/img_products/full_mikroaplikatori_tubi_01.jpg | https://www.latus.com.ua/components/com_jshopping/files/img_products/full_aplikatori.png,2,BRAND_AND_SELECTED_PRODUCTS_PRESENT_IN_STOMIR_KZ_CATALOG,OFFICIAL_PRODUCT_IDENTITY_READY_KZ_SKU_REVIEW_REQUIRED,https://www.latus.com.ua/en/products/tools-and-accessories/microapplicators.html
165,LaTus,Private Enterprise «Latus»,Mixing pad,0721,0721 | 0722 | 0724,"Mixing pad 50х75 mm, 70 sheets=0721 | Mixing pad 55х45 mm, 70 sheets=0722 | Mixing pad 100х160 mm, 70 sheets=0724",3,Tools and accessories,"Mixing pad. Used for the preparation of chemical curing materials of various types: composite, glass ionomer and phosphate cements.","Mixing pad. Used for the preparation of chemical curing materials of various types: composite, glass ionomer and phosphate cements. Package: REF 0721 Mixing pad 50х75 mm, 70 sheets REF 0722 Mixing pad 55х45 mm, 70 sheets REF 0724 Mixing pad 100х160 mm, 70 sheets",https://www.latus.com.ua/components/com_jshopping/files/img_products/full_bloknoti.png | https://www.latus.com.ua/components/com_jshopping/files/img_products/full_173.jpg,2,BRAND_AND_SELECTED_PRODUCTS_PRESENT_IN_STOMIR_KZ_CATALOG,OFFICIAL_PRODUCT_IDENTITY_READY_KZ_SKU_REVIEW_REQUIRED,https://www.latus.com.ua/en/products/tools-and-accessories/mixing-pad.html
215,LaTus,Private Enterprise «Latus»,Spray lubricant,0741,0741,Spray lubrication=0741,1,Tools and accessories,Spray lubrication of turbine and mechanical nozzles. Used for internal cleaning and lubrication of all types of nozzles.,"Spray lubrication of turbine and mechanical nozzles. Used for internal cleaning and lubrication of all types of nozzles. Composition and main characteristic It is a mineral highly refined oil with a hydrocarbon propellant. It has a high penetrating and lubricating property, displaces moisture, protects against corrosion and prolongs the service life. Package: 320ml Spray lubrication in aerosol packaging. REF 0741 Spray lubrication",https://www.latus.com.ua/components/com_jshopping/files/img_products/full_____________.jpg | https://www.latus.com.ua/components/com_jshopping/files/img_products/full_183.jpg,2,BRAND_AND_SELECTED_PRODUCTS_PRESENT_IN_STOMIR_KZ_CATALOG,OFFICIAL_PRODUCT_IDENTITY_READY_KZ_SKU_REVIEW_REQUIRED,https://www.latus.com.ua/en/products/tools-and-accessories/spray.html
160,LaTus,Private Enterprise «Latus»,Microbrushes,1530,1530 | 1531,Microbrushes short=1530 | Microbrushes long=1531,2,Tools and accessories,"Microbrushes. One-time tool, non-sterile. It is used for applying microquantities of pickling compounds and adhesives.","Microbrushes. One-time tool, non-sterile. It is used for applying microquantities of pickling compounds and adhesives. Package: 100 pcs. in a рackaged REF 1530 Microbrushes short REF 1531 Microbrushes long",https://www.latus.com.ua/components/com_jshopping/files/img_products/full_mikropenzli_tubus.jpg | https://www.latus.com.ua/components/com_jshopping/files/img_products/full_mikropenzli_okr.jpg,2,BRAND_AND_SELECTED_PRODUCTS_PRESENT_IN_STOMIR_KZ_CATALOG,OFFICIAL_PRODUCT_IDENTITY_READY_KZ_SKU_REVIEW_REQUIRED,https://www.latus.com.ua/en/products/tools-and-accessories/microbrushes.html
163,LaTus,Private Enterprise «Latus»,Cannules,0718,0718,Black curve canulas=0718,1,Tools and accessories,"Cannules. Use for extraction of a dose from a syringe and drawing on a notepad, a cuvette or directly on a tooth.","Cannules Use for extraction of a dose from a syringe and drawing on a notepad, a cuvette or directly on a tooth. Package: 50 pcs. рackaged REF 0718 Black curve canulas",https://www.latus.com.ua/components/com_jshopping/files/img_products/full_kanyuli.png | https://www.latus.com.ua/components/com_jshopping/files/img_products/full_175.jpg,2,BRAND_AND_SELECTED_PRODUCTS_PRESENT_IN_STOMIR_KZ_CATALOG,OFFICIAL_PRODUCT_IDENTITY_READY_KZ_SKU_REVIEW_REQUIRED,https://www.latus.com.ua/en/products/tools-and-accessories/cannules.html
157,LaTus,Private Enterprise «Latus»,Polishing Cup,0720,0720,Polishing cup=0720,1,Tools and accessories,It is used for polishing fillings from composite materials with the use of polishing pastes.,Polishing Cup It is used for polishing fillings from composite materials with the use of polishing pastes. Package: 10 pcs. рackaged REF 0720 Polishing cup,https://www.latus.com.ua/components/com_jshopping/files/img_products/full_polirovalna_chashka.png | https://www.latus.com.ua/components/com_jshopping/files/img_products/full_181.jpg,2,BRAND_AND_SELECTED_PRODUCTS_PRESENT_IN_STOMIR_KZ_CATALOG,OFFICIAL_PRODUCT_IDENTITY_READY_KZ_SKU_REVIEW_REQUIRED,https://www.latus.com.ua/en/products/tools-and-accessories/polishing-cup.html
158,LaTus,Private Enterprise «Latus»,The nozzle-brush,2452,2452,Nozzle brush=2452,1,Tools and accessories,"A one-time, non-sterile instrument for applying adhesives and pickling compositions. Used in conjunction with bit holder.","The nozzle-brush A one-time, non-sterile instrument for applying adhesives and pickling compositions. Used in conjunction with bit holder. Package: 20 pcs. рackaged REF 2452 Nozzle brush",https://www.latus.com.ua/components/com_jshopping/files/img_products/full_kistochka_nas.png | https://www.latus.com.ua/components/com_jshopping/files/img_products/full_180.jpg | https://www.latus.com.ua/components/com_jshopping/files/img_products/full_1801.jpg,3,BRAND_AND_SELECTED_PRODUCTS_PRESENT_IN_STOMIR_KZ_CATALOG,OFFICIAL_PRODUCT_IDENTITY_READY_KZ_SKU_REVIEW_REQUIRED,https://www.latus.com.ua/en/products/tools-and-accessories/the-nozzle-brush.html
159,LaTus,Private Enterprise «Latus»,Nozzle applicator,2455,2455,Nozzle applicator=2455,1,Tools and accessories,"A one-time, non-sterile instrument for applying adhesives and pickling compositions. Used in conjunction with bit holder.","Nozzle applicator A one-time, non-sterile instrument for applying adhesives and pickling compositions. Used in conjunction with bit holder. Package: 25 pcs. рackaged REF 2455 Nozzle applicator",https://www.latus.com.ua/components/com_jshopping/files/img_products/full_aplikator_nas.png | https://www.latus.com.ua/components/com_jshopping/files/img_products/full_179.jpg | https://www.latus.com.ua/components/com_jshopping/files/img_products/full_1791.jpg,3,BRAND_AND_SELECTED_PRODUCTS_PRESENT_IN_STOMIR_KZ_CATALOG,OFFICIAL_PRODUCT_IDENTITY_READY_KZ_SKU_REVIEW_REQUIRED,https://www.latus.com.ua/en/products/tools-and-accessories/nozzle-applicator.html
164,LaTus,Private Enterprise «Latus»,Tool holder,2450,2450,Tips holder=2450,1,Tools and accessories,"Tool for holding nozzles. The design of the holder makes it possible to work with pastes. Due to the use of inert plastic, the possibility of coloring the pastes with metal is excluded.","Tool for holding nozzles. The design of the holder makes it possible to work with pastes. Due to the use of inert plastic, the possibility of coloring the pastes with metal is excluded. Package: 10 pcs. in the рackaged REF 2450 Tips holder",https://www.latus.com.ua/components/com_jshopping/files/img_products/full_dergatel.png | https://www.latus.com.ua/components/com_jshopping/files/img_products/full_1741.jpg,2,BRAND_AND_SELECTED_PRODUCTS_PRESENT_IN_STOMIR_KZ_CATALOG,OFFICIAL_PRODUCT_IDENTITY_READY_KZ_SKU_REVIEW_REQUIRED,https://www.latus.com.ua/en/products/tools-and-accessories/tool-holder.html
155,LaTus,Private Enterprise «Latus»,Spatulas for measuring and mixing,0730,0730,Spatulas for measuring and mixing=0730,1,Tools and accessories,"Spatulas. One-time tool, non-sterile. Used for dosing components and mixing composites such as powder-liquid and paste-paste. Allow to exclude color change due to metal nibs, tk. are made of polystyrene.","Spatulas. One-time tool, non-sterile. Used for dosing components and mixing composites such as powder-liquid and paste-paste. Allow to exclude color change due to metal nibs, tk. are made of polystyrene. Package: 50 pcs. рackaged REF 0730 Spatulas for measuring and mixing",https://www.latus.com.ua/components/com_jshopping/files/img_products/full_shpateli.png | https://www.latus.com.ua/components/com_jshopping/files/img_products/full_184.jpg,2,BRAND_AND_SELECTED_PRODUCTS_PRESENT_IN_STOMIR_KZ_CATALOG,OFFICIAL_PRODUCT_IDENTITY_READY_KZ_SKU_REVIEW_REQUIRED,https://www.latus.com.ua/en/products/tools-and-accessories/shpatel.html
363,LaTus,Private Enterprise «Latus»,Irrigation needle,1719,1719 | 0719,REF 1719=1719 | Irrigation needle=0719,2,Tools and accessories,Irrigation needle. Used for rinsing the root canals of the tooth during endodontic treatment,Irrigation needle Used for rinsing the root canals of the tooth during endodontic treatment. Package 10 pcs. рackaged REF 0719 Irrigation needle,https://www.latus.com.ua/components/com_jshopping/files/img_products/full_igla.jpg | https://www.latus.com.ua/components/com_jshopping/files/img_products/full_igla1.jpg,2,BRAND_AND_SELECTED_PRODUCTS_PRESENT_IN_STOMIR_KZ_CATALOG,OFFICIAL_PRODUCT_IDENTITY_READY_KZ_SKU_REVIEW_REQUIRED,https://www.latus.com.ua/en/products/tools-and-accessories/golka-irigacijna.html
364,LaTus,Private Enterprise «Latus»,IMixing nozzles,2317,2317,Mixing nozzles=2317,1,Tools and accessories,Mixing nozzles. Designed for installation on two-component syringes to ensure automatic uniform mixing of components,Mixing nozzles Designed for installation on two-component syringes to ensure automatic uniform mixing of components . Package 5 pcs. рackaged REF 2317 Mixing nozzles,https://www.latus.com.ua/components/com_jshopping/files/img_products/full_nasadki_zmishujuchi.jpg | https://www.latus.com.ua/components/com_jshopping/files/img_products/full_nasadki_zmishujuchi1.jpg,2,BRAND_AND_SELECTED_PRODUCTS_PRESENT_IN_STOMIR_KZ_CATALOG,OFFICIAL_PRODUCT_IDENTITY_READY_KZ_SKU_REVIEW_REQUIRED,https://www.latus.com.ua/en/products/tools-and-accessories/nasadki-zmishujuchi.html
367,LaTus,Private Enterprise «Latus»,Prophy brush,0725,0725 | 0726 | 0727,Prophy brush cup=0725 | Prophy brush conus=0726 | Prophy brush slim=0727,3,Tools and accessories,Polishing fillings made of composite materials and teeth with polishing pastes,Prophy brush Polishing fillings made of composite materials and teeth with polishing pastes Package: 10 pcs. рackaged REF 0725 Prophy brush cup REF 0726 Prophy brush conus REF 0727 Prophy brush slim,https://www.latus.com.ua/components/com_jshopping/files/img_products/full_Prophy_Brush_Cup1.jpg,1,BRAND_AND_SELECTED_PRODUCTS_PRESENT_IN_STOMIR_KZ_CATALOG,OFFICIAL_PRODUCT_IDENTITY_READY_KZ_SKU_REVIEW_REQUIRED,https://www.latus.com.ua/en/products/tools-and-accessories/polishing-brush-en.html
323,LaTus,Private Enterprise «Latus»,Dental plugger,6001,6001 | 6002 | 6003,Dental plugger №1=6001 | Dental plugger №2=6002 | Dental plugger №3=6003,3,Instruments,A tool used in therapeutic dentistry for filling teeth.,Dental plugger A tool used in therapeutic dentistry for filling teeth. Sterilized before use. Package: dental plugger 1 pc. REF 6001 Dental plugger №1 REF 6002 Dental plugger №2 REF 6003 Dental plugger №3,https://www.latus.com.ua/components/com_jshopping/files/img_products/full_shtopfer_glad_02.jpg | https://www.latus.com.ua/components/com_jshopping/files/img_products/full_shtopfer_glad_01.jpg,2,BRAND_AND_SELECTED_PRODUCTS_PRESENT_IN_STOMIR_KZ_CATALOG,OFFICIAL_PRODUCT_IDENTITY_READY_KZ_SKU_REVIEW_REQUIRED,https://www.latus.com.ua/en/products/instruments/shtopfer-gladilka.html
333,LaTus,Private Enterprise «Latus»,Sleeping spoon,6030,6030,REF 6030=6030,1,Instruments,"Spoon for removing dental molds of the upper (B) or lower jaw (H). The structure has a base in the form of a horseshoe-shaped plate, a handle attached to the base, outer and inner sides, the surface is perforated with holes.","Sleeping spoon Spoon for removing dental molds of the upper (B) or lower jaw (H). The structure has a base in the form of a horseshoe-shaped plate, a handle attached to the base, outer and inner sides, the surface is perforated with holes.",https://www.latus.com.ua/components/com_jshopping/files/img_products/full_logka.jpg | https://www.latus.com.ua/components/com_jshopping/files/img_products/full_logka1.jpg,2,BRAND_AND_SELECTED_PRODUCTS_PRESENT_IN_STOMIR_KZ_CATALOG,OFFICIAL_PRODUCT_IDENTITY_READY_KZ_SKU_REVIEW_REQUIRED,https://www.latus.com.ua/en/products/instruments/logka.html
332,LaTus,Private Enterprise «Latus»,Ball Smolder №4,6005,6004 | 6005 | 6006,Ball Smolder №4 (Large Ball)=6004 | Ball Smolder №4 (Small Ball)=6005 | Ball Smolder №4 (Middle Ball)=6006,3,Instruments,A tool used in therapeutic dentistry for filling teeth.,Ball Smolder №4 A tool used in therapeutic dentistry for filling teeth. Sterilized before use. Package: Ball Smolder №4 1 pc. REF 6004 Ball Smolder №4 (Large Ball) REF 6005 Ball Smolder №4 (Small Ball) REF 6006 Ball Smolder №4 (Middle Ball),https://www.latus.com.ua/components/com_jshopping/files/img_products/full_sharova_gladilka.jpg | https://www.latus.com.ua/components/com_jshopping/files/img_products/full_sharova_gladilka_w.jpg,2,BRAND_AND_SELECTED_PRODUCTS_PRESENT_IN_STOMIR_KZ_CATALOG,OFFICIAL_PRODUCT_IDENTITY_READY_KZ_SKU_REVIEW_REQUIRED,https://www.latus.com.ua/en/products/instruments/sharovaja-gladilka-4.html
325,LaTus,Private Enterprise «Latus»,Dental excavator,6011,6011 | 6012 | 6013,Dental excavator №1=6011 | Dental excavator №2=6012 | Dental excavator №3=6013,3,Instruments,"Used to remove softened tooth tissue (enamel, dentin), as well as in the depulpation process to remove the coronal part of the pulp. An excavator is an alternative to using boron.","Dental excavator Used to remove softened tooth tissue (enamel, dentin), as well as in the depulpation process to remove the coronal part of the pulp. An excavator is an alternative to using boron. Package: Dental excavator 1 pc. REF 6011 Dental excavator №1 REF 6012 Dental excavator №2 REF 6013 Dental excavator №3",https://www.latus.com.ua/components/com_jshopping/files/img_products/full_exkavator_02.jpg | https://www.latus.com.ua/components/com_jshopping/files/img_products/full_exkavator_01.jpg,2,BRAND_AND_SELECTED_PRODUCTS_PRESENT_IN_STOMIR_KZ_CATALOG,OFFICIAL_PRODUCT_IDENTITY_READY_KZ_SKU_REVIEW_REQUIRED,https://www.latus.com.ua/en/products/instruments/ekskavator.html
326,LaTus,Private Enterprise «Latus»,Dental probe,6007,6007,Dental probe=6007,1,Instruments,"It is used to determine the location of the mouth of the dental canals, to diagnose the location of carious planes.","Dental probe It is used to determine the location of the mouth of the dental canals, to diagnose the location of carious planes. Package: dental probe 1 pc. REF 6007 Dental probe",https://www.latus.com.ua/components/com_jshopping/files/img_products/full_zond.jpg | https://www.latus.com.ua/components/com_jshopping/files/img_products/full_zond1.jpg,2,BRAND_AND_SELECTED_PRODUCTS_PRESENT_IN_STOMIR_KZ_CATALOG,OFFICIAL_PRODUCT_IDENTITY_READY_KZ_SKU_REVIEW_REQUIRED,https://www.latus.com.ua/en/products/instruments/zond.html
329,LaTus,Private Enterprise «Latus»,Sickle trowel №6,6009,6009,Sickle trowel №6=6009,1,Instruments,A tool used in therapeutic dentistry for filling teeth.,Dental plugger A tool used in therapeutic dentistry for filling teeth. Sterilized before use. Package: Sickle trowel №6 1 pc. REF 6009 Sickle trowel №6,https://www.latus.com.ua/components/com_jshopping/files/img_products/full_gladilka_6.jpg | https://www.latus.com.ua/components/com_jshopping/files/img_products/full_gladilka_61.jpg,2,BRAND_AND_SELECTED_PRODUCTS_PRESENT_IN_STOMIR_KZ_CATALOG,OFFICIAL_PRODUCT_IDENTITY_READY_KZ_SKU_REVIEW_REQUIRED,https://www.latus.com.ua/en/products/instruments/gladilka.html
330,LaTus,Private Enterprise «Latus»,Tool tray,6021,6021,Tool tray=6021,1,Instruments,Rectangular metal tray with sides for easy placement and storage of dental instruments.,Tool tray Rectangular metal tray with sides for easy placement and storage of dental instruments. The tool tray can be sterilized by any method. Package: tool tray 1 pc. REF 6021 Tool tray,https://www.latus.com.ua/components/com_jshopping/files/img_products/full_lotok.jpg | https://www.latus.com.ua/components/com_jshopping/files/img_products/full_lotok1.jpg,2,BRAND_AND_SELECTED_PRODUCTS_PRESENT_IN_STOMIR_KZ_CATALOG,OFFICIAL_PRODUCT_IDENTITY_READY_KZ_SKU_REVIEW_REQUIRED,https://www.latus.com.ua/en/products/instruments/lotok.html
331,LaTus,Private Enterprise «Latus»,Bur sterilization container,6022,6022,REF 6022=6022,1,Instruments,"Used for sterilization and storage of burs, mills, nozzles, and also other small tools. Differs in durability and the increased resistance to influence of chemicals. The lid of the box closes tightly, ensuring that the contents are kept clean.","Bur sterilization container The metal box is intended for sterilization and storage of burs, mills, nozzles, and also other small tools. Differs in durability and the increased resistance to influence of chemicals. The lid of the box closes tightly, ensuring that the contents are kept clean. Autoclavable up to 130 ° C. The high degree of polishing of the tool provides absolute cleanliness of a surface of a product that directly influences its durability.",https://www.latus.com.ua/components/com_jshopping/files/img_products/full_kontejner.jpg | https://www.latus.com.ua/components/com_jshopping/files/img_products/full_kontejner1.jpg,2,BRAND_AND_SELECTED_PRODUCTS_PRESENT_IN_STOMIR_KZ_CATALOG,OFFICIAL_PRODUCT_IDENTITY_READY_KZ_SKU_REVIEW_REQUIRED,https://www.latus.com.ua/en/products/instruments/kontejner.html
328,LaTus,Private Enterprise «Latus»,Dental spatula,6010,6010,Dental spatula=6010,1,Instruments,"A tool for mixing components of binary dental materials, such as cements (powder-liquid) and chemical curing composites (paste-paste). The dental spatula is sterilized before use.","Dental spatula A tool for mixing components of binary dental materials, such as cements (powder-liquid) and chemical curing composites (paste-paste). The dental spatula is sterilized before use. Package: Dental spatula 1 pc. REF 6010 Dental spatula",https://www.latus.com.ua/components/com_jshopping/files/img_products/full_shpatel.jpg | https://www.latus.com.ua/components/com_jshopping/files/img_products/full_shpatel1.jpg,2,BRAND_AND_SELECTED_PRODUCTS_PRESENT_IN_STOMIR_KZ_CATALOG,OFFICIAL_PRODUCT_IDENTITY_READY_KZ_SKU_REVIEW_REQUIRED,https://www.latus.com.ua/en/products/instruments/shpatel-metal.html
327,LaTus,Private Enterprise «Latus»,Handle for a dental mirror,6008,6008,Handle for a dental mirror=6008,1,Instruments,Removable threaded element to the dental mirror. Convenient to work. Mirror handles can be sterilized by any method.,Handle for a dental mirror Removable threaded element to the dental mirror. Convenient to work. Mirror handles can be sterilized by any method. Package: Handle for a dental mirror 1 pc. REF 6008 Handle for a dental mirror,https://www.latus.com.ua/components/com_jshopping/files/img_products/full_ruchka.jpg | https://www.latus.com.ua/components/com_jshopping/files/img_products/full_ruchka1.jpg,2,BRAND_AND_SELECTED_PRODUCTS_PRESENT_IN_STOMIR_KZ_CATALOG,OFFICIAL_PRODUCT_IDENTITY_READY_KZ_SKU_REVIEW_REQUIRED,https://www.latus.com.ua/en/products/instruments/ruchka.html
