source,brand,name,productId,manufacturerRefs,variantCount,imageCount,marketEvidence,readiness,sourcePageUrl,sourceFile
NORD STOM KZ,Clean+Safe,"Микроаппликаторы Clean+Safe №2, Super Fine, коробка (белый, розовый)",171,,1,1,EXACT_KZ_LISTING,MANUFACTURER_REFERENCE_REQUIRED,https://nordstom.kz/catalog/consumables/applicators/item-171,nordstom-full-catalog.json
NORD STOM KZ,Clean+Safe,"Микроаппликаторы Clean+Safe №1, X-Slim, коробка (черный)",172,,1,1,EXACT_KZ_LISTING,MANUFACTURER_REFERENCE_REQUIRED,https://nordstom.kz/catalog/consumables/applicators/item-172,nordstom-full-catalog.json
NORD STOM KZ,Clean+Safe,"Микроаппликаторы Clean+Safe №3, Fine, коробка (желтый, голубой)",173,,1,1,EXACT_KZ_LISTING,MANUFACTURER_REFERENCE_REQUIRED,https://nordstom.kz/catalog/consumables/applicators/item-173,nordstom-full-catalog.json
NORD STOM KZ,Clean+Safe,"Микроаппликаторы Clean+Safe №4, Regular, коробка (зеленый, оранжевый)",174,,1,1,EXACT_KZ_LISTING,MANUFACTURER_REFERENCE_REQUIRED,https://nordstom.kz/catalog/consumables/applicators/item-174,nordstom-full-catalog.json
NORD STOM KZ,Clean+Safe,Валики ватные,175,,1,1,EXACT_KZ_LISTING,MANUFACTURER_REFERENCE_REQUIRED,https://nordstom.kz/catalog/consumables/applicators/item-175,nordstom-full-catalog.json
NORD STOM KZ,Coral,Стоматологическая установка Дарта 1600/2000,207,,1,1,EXACT_KZ_LISTING,MANUFACTURER_REFERENCE_REQUIRED,https://nordstom.kz/catalog/dental-equipment/dental-units/item-207,nordstom-full-catalog.json
NORD STOM KZ,Coral,Стоматологическая установка Дарта 1605/ 3000,208,,1,1,EXACT_KZ_LISTING,MANUFACTURER_REFERENCE_REQUIRED,https://nordstom.kz/catalog/dental-equipment/dental-units/item-208,nordstom-full-catalog.json
NORD STOM KZ,Coral,Стоматологическая установка Дарта 1610/ 3500,209,,1,1,EXACT_KZ_LISTING,MANUFACTURER_REFERENCE_REQUIRED,https://nordstom.kz/catalog/dental-equipment/dental-units/item-209,nordstom-full-catalog.json
NORD STOM KZ,Coral,Стул стоматолога с анатомическим сиденьем «Дарта 1900»,210,,1,1,EXACT_KZ_LISTING,MANUFACTURER_REFERENCE_REQUIRED,https://nordstom.kz/catalog/dental-equipment/dental-chairs-and-armchairs/item-210,nordstom-full-catalog.json
NORD STOM KZ,Coral,Стул ассистента стоматолога с абдоминальным упором «Дарта 1950»,211,,1,1,EXACT_KZ_LISTING,MANUFACTURER_REFERENCE_REQUIRED,https://nordstom.kz/catalog/dental-equipment/dental-chairs-and-armchairs/item-211,nordstom-full-catalog.json
NORD STOM KZ,Coral,"Стул стоматолога ""Дарта 1900"" с подлокотниками",212,,1,1,EXACT_KZ_LISTING,MANUFACTURER_REFERENCE_REQUIRED,https://nordstom.kz/catalog/dental-equipment/dental-chairs-and-armchairs/item-212,nordstom-full-catalog.json
NORD STOM KZ,Coral,"Столик стоматолога ""Дарта 1315"" с большой столешницей",219,,1,1,EXACT_KZ_LISTING,MANUFACTURER_REFERENCE_REQUIRED,https://nordstom.kz/catalog/dental-equipment/dental-chairs-and-armchairs/item-219,nordstom-full-catalog.json
NORD STOM KZ,Ekom,Компрессор безмасляный для одной стом.установки DК-10S,499,,1,1,EXACT_KZ_LISTING,MANUFACTURER_REFERENCE_REQUIRED,https://nordstom.kz/catalog/dental-equipment/compressors/item-499,nordstom-full-catalog.json
NORD STOM KZ,EMS,"Порошок Air Flow, Cherry",478,,1,1,EXACT_KZ_LISTING,MANUFACTURER_REFERENCE_REQUIRED,https://nordstom.kz/catalog/hygiene-and-whitening/prophylactic-powders/item-478,nordstom-full-catalog.json
NORD STOM KZ,EMS,"Порошок Air Flow, Mint",479,,1,1,EXACT_KZ_LISTING,MANUFACTURER_REFERENCE_REQUIRED,https://nordstom.kz/catalog/hygiene-and-whitening/prophylactic-powders/item-479,nordstom-full-catalog.json
NORD STOM KZ,EMS,"Порошок Air Flow, Neutral",480,,1,1,EXACT_KZ_LISTING,MANUFACTURER_REFERENCE_REQUIRED,https://nordstom.kz/catalog/hygiene-and-whitening/prophylactic-powders/item-480,nordstom-full-catalog.json
NORD STOM KZ,Ferroplast,Камера бактерицидная Ультра-Лайт КБ-«Я»-ФП,515,,1,1,EXACT_KZ_LISTING,MANUFACTURER_REFERENCE_REQUIRED,https://nordstom.kz/catalog/dental-equipment/sterilization-equipment/UV-chambers/item-515,nordstom-full-catalog.json
NORD STOM KZ,Ferroplast,Камера КБ-02-«Я»-ФП «Ультра-Лайт»,516,,1,1,EXACT_KZ_LISTING,MANUFACTURER_REFERENCE_REQUIRED,https://nordstom.kz/catalog/dental-equipment/sterilization-equipment/UV-chambers/item-516,nordstom-full-catalog.json
NORD STOM KZ,Interdent,Гипс зуботехнический Interrock Premium тип 4,62,,1,1,EXACT_KZ_LISTING,MANUFACTURER_REFERENCE_REQUIRED,https://nordstom.kz/catalog/dental-materials/dental-gypsum/item-62,nordstom-full-catalog.json
NORD STOM KZ,Interdent,Гипс зуботехнический Interrock NEW супертвердый тип 4,63,,1,1,EXACT_KZ_LISTING,MANUFACTURER_REFERENCE_REQUIRED,https://nordstom.kz/catalog/dental-materials/dental-gypsum/item-63,nordstom-full-catalog.json
NORD STOM KZ,Interdent,"Гипс твердый Interdur, тип III",64,,1,1,EXACT_KZ_LISTING,MANUFACTURER_REFERENCE_REQUIRED,https://nordstom.kz/catalog/dental-materials/dental-gypsum/item-64,nordstom-full-catalog.json
NORD STOM KZ,Interdent,Гипс зуботехнический Blue stone твердый тип 3,65,,1,1,EXACT_KZ_LISTING,MANUFACTURER_REFERENCE_REQUIRED,https://nordstom.kz/catalog/dental-materials/dental-gypsum/item-65,nordstom-full-catalog.json
NORD STOM KZ,Interdent,Гипс зуботехнический Yellow stone тип 3,66,,1,1,EXACT_KZ_LISTING,MANUFACTURER_REFERENCE_REQUIRED,https://nordstom.kz/catalog/dental-materials/dental-gypsum/item-66,nordstom-full-catalog.json
NORD STOM KZ,Interdent,Гипс зуботехнический Orthoplaster,67,,1,1,EXACT_KZ_LISTING,MANUFACTURER_REFERENCE_REQUIRED,https://nordstom.kz/catalog/dental-materials/dental-gypsum/item-67,nordstom-full-catalog.json
NORD STOM KZ,Interdent,Гипс зуботехнический Artiplaster тип 3,68,,1,1,EXACT_KZ_LISTING,MANUFACTURER_REFERENCE_REQUIRED,https://nordstom.kz/catalog/dental-materials/dental-gypsum/item-68,nordstom-full-catalog.json
NORD STOM KZ,Interdent,Алебастр,69,,1,1,EXACT_KZ_LISTING,MANUFACTURER_REFERENCE_REQUIRED,https://nordstom.kz/catalog/dental-materials/dental-gypsum/item-69,nordstom-full-catalog.json
NORD STOM KZ,Interdent,Кольца ретенционные,70,,1,1,EXACT_KZ_LISTING,MANUFACTURER_REFERENCE_REQUIRED,https://nordstom.kz/catalog/dental-materials/podgotovka/podgotovka/item-70,nordstom-full-catalog.json
NORD STOM KZ,Interdent,Штифты/пины,71,,1,1,EXACT_KZ_LISTING,MANUFACTURER_REFERENCE_REQUIRED,https://nordstom.kz/catalog/dental-materials/podgotovka/podgotovka/item-71,nordstom-full-catalog.json
NORD STOM KZ,Interdent,Штифты для разборных моделей TWIN PINS,72,,1,1,EXACT_KZ_LISTING,MANUFACTURER_REFERENCE_REQUIRED,https://nordstom.kz/catalog/dental-materials/podgotovka/podgotovka/item-72,nordstom-full-catalog.json
NORD STOM KZ,Interdent,Лак Interfilm для изоляции воск-гипс и воск-металл,73,,1,1,EXACT_KZ_LISTING,MANUFACTURER_REFERENCE_REQUIRED,https://nordstom.kz/catalog/dental-materials/modeling/auxiliary-tools-for-modeling/item-73,nordstom-full-catalog.json
NORD STOM KZ,Interdent,Лак дистанционный,74,,1,1,EXACT_KZ_LISTING,MANUFACTURER_REFERENCE_REQUIRED,https://nordstom.kz/catalog/dental-materials/modeling/auxiliary-tools-for-modeling/item-74,nordstom-full-catalog.json
NORD STOM KZ,Interdent,Растворитель для дистанционного лака,75,,1,1,EXACT_KZ_LISTING,MANUFACTURER_REFERENCE_REQUIRED,https://nordstom.kz/catalog/dental-materials/modeling/auxiliary-tools-for-modeling/item-75,nordstom-full-catalog.json
NORD STOM KZ,Interdent,Воск корректирующий,76,,1,1,EXACT_KZ_LISTING,MANUFACTURER_REFERENCE_REQUIRED,https://nordstom.kz/catalog/dental-materials/wax/item-76,nordstom-full-catalog.json
NORD STOM KZ,Interdent,Воск цервикальный,77,,1,1,EXACT_KZ_LISTING,MANUFACTURER_REFERENCE_REQUIRED,https://nordstom.kz/catalog/dental-materials/wax/item-77,nordstom-full-catalog.json
NORD STOM KZ,Interdent,Воски моделировочные,78,,1,1,EXACT_KZ_LISTING,MANUFACTURER_REFERENCE_REQUIRED,https://nordstom.kz/catalog/dental-materials/wax/item-78,nordstom-full-catalog.json
NORD STOM KZ,Interdent,Воск универсальный,79,,1,1,EXACT_KZ_LISTING,MANUFACTURER_REFERENCE_REQUIRED,https://nordstom.kz/catalog/dental-materials/wax/item-79,nordstom-full-catalog.json
NORD STOM KZ,Interdent,"Воск выблокировочный ""Block Out""",80,,1,1,EXACT_KZ_LISTING,MANUFACTURER_REFERENCE_REQUIRED,https://nordstom.kz/catalog/dental-materials/wax/item-80,nordstom-full-catalog.json
NORD STOM KZ,Interdent,"Воск для базисных протезов, в пластинах",81,,1,1,EXACT_KZ_LISTING,MANUFACTURER_REFERENCE_REQUIRED,https://nordstom.kz/catalog/dental-materials/wax/item-81,nordstom-full-catalog.json
NORD STOM KZ,Interdent,"Воск моделировочный, в пластинах",82,,1,1,EXACT_KZ_LISTING,MANUFACTURER_REFERENCE_REQUIRED,https://nordstom.kz/catalog/dental-materials/wax/item-82,nordstom-full-catalog.json
NORD STOM KZ,Interdent,Воск подкладочный,83,,1,1,EXACT_KZ_LISTING,MANUFACTURER_REFERENCE_REQUIRED,https://nordstom.kz/catalog/dental-materials/wax/item-83,nordstom-full-catalog.json
NORD STOM KZ,Interdent,"Воск клейкий, в палочках",84,,1,1,EXACT_KZ_LISTING,MANUFACTURER_REFERENCE_REQUIRED,https://nordstom.kz/catalog/dental-materials/wax/item-84,nordstom-full-catalog.json
NORD STOM KZ,Interdent,Восковые пластины рифленые,85,,1,1,EXACT_KZ_LISTING,MANUFACTURER_REFERENCE_REQUIRED,https://nordstom.kz/catalog/dental-materials/wax/item-85,nordstom-full-catalog.json
NORD STOM KZ,Interdent,Восковые полуфабрикаты,86,,1,1,EXACT_KZ_LISTING,MANUFACTURER_REFERENCE_REQUIRED,https://nordstom.kz/catalog/dental-materials/wax/item-86,nordstom-full-catalog.json
NORD STOM KZ,Interdent,Восковые ретенции,87,,1,1,EXACT_KZ_LISTING,MANUFACTURER_REFERENCE_REQUIRED,https://nordstom.kz/catalog/dental-materials/wax/item-87,nordstom-full-catalog.json
NORD STOM KZ,Interdent,Gelodouble масса для дублирования,88,,1,1,EXACT_KZ_LISTING,MANUFACTURER_REFERENCE_REQUIRED,https://nordstom.kz/catalog/dental-materials/dublirovanie/dublirovanie/item-88,nordstom-full-catalog.json
NORD STOM KZ,Interdent,Силикон Interduplicast A+B,89,,1,1,EXACT_KZ_LISTING,MANUFACTURER_REFERENCE_REQUIRED,https://nordstom.kz/catalog/dental-materials/dublirovanie/dublirovanie/item-89,nordstom-full-catalog.json
NORD STOM KZ,Interdent,Спрей Modelhart отвердитель для бюгельного литья,90,,1,1,EXACT_KZ_LISTING,MANUFACTURER_REFERENCE_REQUIRED,https://nordstom.kz/catalog/dental-materials/dublirovanie/dublirovanie/item-90,nordstom-full-catalog.json
NORD STOM KZ,Interdent,Паковочная масса Interfine K+B Speed,91,,1,1,EXACT_KZ_LISTING,MANUFACTURER_REFERENCE_REQUIRED,https://nordstom.kz/catalog/dental-materials/dublirovanie/pakovka/item-91,nordstom-full-catalog.json
NORD STOM KZ,Interdent,Паковочная масса Intervest K+B Speed,92,,1,1,EXACT_KZ_LISTING,MANUFACTURER_REFERENCE_REQUIRED,https://nordstom.kz/catalog/dental-materials/dublirovanie/pakovka/item-92,nordstom-full-catalog.json
NORD STOM KZ,Interdent,Паковочная масса Modelcast S,93,,1,1,EXACT_KZ_LISTING,MANUFACTURER_REFERENCE_REQUIRED,https://nordstom.kz/catalog/dental-materials/dublirovanie/pakovka/item-93,nordstom-full-catalog.json
NORD STOM KZ,Interdent,Паковочная масса Modelcast,94,,1,1,EXACT_KZ_LISTING,MANUFACTURER_REFERENCE_REQUIRED,https://nordstom.kz/catalog/dental-materials/dublirovanie/pakovka/item-94,nordstom-full-catalog.json
NORD STOM KZ,Interdent,Expasol - жидкость для паковочных масс,95,,1,1,EXACT_KZ_LISTING,MANUFACTURER_REFERENCE_REQUIRED,https://nordstom.kz/catalog/dental-materials/dublirovanie/pakovka/item-95,nordstom-full-catalog.json
NORD STOM KZ,Interdent,Муфельные кольца,96,,1,1,EXACT_KZ_LISTING,MANUFACTURER_REFERENCE_REQUIRED,https://nordstom.kz/catalog/dental-materials/dublirovanie/casting-accessories/item-96,nordstom-full-catalog.json
NORD STOM KZ,Interdent,Маркер Novy,97,,1,1,EXACT_KZ_LISTING,MANUFACTURER_REFERENCE_REQUIRED,https://nordstom.kz/catalog/dental-materials/dublirovanie/casting-accessories/item-97,nordstom-full-catalog.json
NORD STOM KZ,Interdent,Сплав I-BOND 02 никель-хромовый для металлокерамики,100,,1,1,EXACT_KZ_LISTING,MANUFACTURER_REFERENCE_REQUIRED,https://nordstom.kz/catalog/dental-materials/dublirovanie/alloys/item-100,nordstom-full-catalog.json
NORD STOM KZ,Interdent,Сплав I-BOND NF кобальто-хромовый для металлокерамики,101,,1,1,EXACT_KZ_LISTING,MANUFACTURER_REFERENCE_REQUIRED,https://nordstom.kz/catalog/dental-materials/dublirovanie/alloys/item-101,nordstom-full-catalog.json
NORD STOM KZ,Interdent,Сплав I-MG кобальто-хромовый для бюгелей,102,,1,1,EXACT_KZ_LISTING,MANUFACTURER_REFERENCE_REQUIRED,https://nordstom.kz/catalog/dental-materials/dublirovanie/alloys/item-102,nordstom-full-catalog.json
NORD STOM KZ,Interdent,Керамические тигли,103,,1,1,EXACT_KZ_LISTING,MANUFACTURER_REFERENCE_REQUIRED,https://nordstom.kz/catalog/dental-materials/dublirovanie/casting-accessories/item-103,nordstom-full-catalog.json
NORD STOM KZ,Interdent,Электролит MG жидкость для электрополировки,105,,1,1,EXACT_KZ_LISTING,MANUFACTURER_REFERENCE_REQUIRED,https://nordstom.kz/catalog/dental-materials/dublirovanie/casting-accessories/item-105,nordstom-full-catalog.json
NORD STOM KZ,Interdent,Сеточка для укрепления пластмассы,106,,1,1,EXACT_KZ_LISTING,MANUFACTURER_REFERENCE_REQUIRED,https://nordstom.kz/catalog/dental-materials/plastic/accessories/item-106,nordstom-full-catalog.json
NORD STOM KZ,Interdent,Проволока для кламмеров,107,,1,1,EXACT_KZ_LISTING,MANUFACTURER_REFERENCE_REQUIRED,https://nordstom.kz/catalog/dental-materials/plastic/accessories/item-107,nordstom-full-catalog.json
NORD STOM KZ,Interdent,Interacryl Hot - пластмасса,108,,1,1,EXACT_KZ_LISTING,MANUFACTURER_REFERENCE_REQUIRED,https://nordstom.kz/catalog/dental-materials/plastic/plastic/item-108,nordstom-full-catalog.json
NORD STOM KZ,Interdent,Interacryl Cast - пластмасса,109,,1,1,EXACT_KZ_LISTING,MANUFACTURER_REFERENCE_REQUIRED,https://nordstom.kz/catalog/dental-materials/plastic/plastic/item-109,nordstom-full-catalog.json
NORD STOM KZ,Interdent,Силиконовая масса INTERLABOSIL,110,,1,1,EXACT_KZ_LISTING,MANUFACTURER_REFERENCE_REQUIRED,https://nordstom.kz/catalog/dental-materials/silikon/item-110,nordstom-full-catalog.json
NORD STOM KZ,Interdent,Восковые пластины для индивидуальных ложек LC Intertray,111,,1,1,EXACT_KZ_LISTING,MANUFACTURER_REFERENCE_REQUIRED,https://nordstom.kz/catalog/dental-materials/plastic/plastic/item-111,nordstom-full-catalog.json
NORD STOM KZ,Interdent,"Диски сепарационные, шлифовальные",112,,1,1,EXACT_KZ_LISTING,MANUFACTURER_REFERENCE_REQUIRED,https://nordstom.kz/catalog/dental-materials/processing-sandblasting/rotary-tools/item-112,nordstom-full-catalog.json
NORD STOM KZ,Interdent,Порошок зуботехнический корундовый Interalox,113,,1,1,EXACT_KZ_LISTING,MANUFACTURER_REFERENCE_REQUIRED,https://nordstom.kz/catalog/dental-materials/processing-sandblasting/sandblasting/item-113,nordstom-full-catalog.json
NORD STOM KZ,Interdent,Перлы стеклянные,114,,1,1,EXACT_KZ_LISTING,MANUFACTURER_REFERENCE_REQUIRED,https://nordstom.kz/catalog/dental-materials/processing-sandblasting/sandblasting/item-114,nordstom-full-catalog.json
NORD STOM KZ,Interdent,Пемза,115,,1,1,EXACT_KZ_LISTING,MANUFACTURER_REFERENCE_REQUIRED,https://nordstom.kz/catalog/dental-materials/processing-sandblasting/sandblasting/item-115,nordstom-full-catalog.json
NORD STOM KZ,Interdent,Паста полировочная для сплавов,116,,1,1,EXACT_KZ_LISTING,MANUFACTURER_REFERENCE_REQUIRED,https://nordstom.kz/catalog/dental-materials/processing-sandblasting/polish/item-116,nordstom-full-catalog.json
NORD STOM KZ,Interdent,Универсальная полировочная паста,117,,1,1,EXACT_KZ_LISTING,MANUFACTURER_REFERENCE_REQUIRED,https://nordstom.kz/catalog/dental-materials/processing-sandblasting/polish/item-117,nordstom-full-catalog.json
NORD STOM KZ,Interdent,Паста полировочная Unilesk для пластмассы,118,,1,1,EXACT_KZ_LISTING,MANUFACTURER_REFERENCE_REQUIRED,https://nordstom.kz/catalog/dental-materials/processing-sandblasting/polish/item-118,nordstom-full-catalog.json
NORD STOM KZ,Interdent,Фильцы для полирования,119,,1,1,EXACT_KZ_LISTING,MANUFACTURER_REFERENCE_REQUIRED,https://nordstom.kz/catalog/dental-materials/processing-sandblasting/polish/item-119,nordstom-full-catalog.json
NORD STOM KZ,Interdent,Полировочные щетки для полировочного мотора,120,,1,1,EXACT_KZ_LISTING,MANUFACTURER_REFERENCE_REQUIRED,https://nordstom.kz/catalog/dental-materials/processing-sandblasting/polish/item-120,nordstom-full-catalog.json
NORD STOM KZ,Interdent,Полировочные щётки,121,,1,1,EXACT_KZ_LISTING,MANUFACTURER_REFERENCE_REQUIRED,https://nordstom.kz/catalog/dental-materials/processing-sandblasting/polish/item-121,nordstom-full-catalog.json
NORD STOM KZ,Interdent,Наждачная лента,122,,1,1,EXACT_KZ_LISTING,MANUFACTURER_REFERENCE_REQUIRED,https://nordstom.kz/catalog/dental-materials/processing-sandblasting/polish/item-122,nordstom-full-catalog.json
NORD STOM KZ,Interdent,Кисточки для нанесения керамики,123,,1,1,EXACT_KZ_LISTING,MANUFACTURER_REFERENCE_REQUIRED,https://nordstom.kz/catalog/dental-materials/accessories-for-working-with-ceramics/item-123,nordstom-full-catalog.json
NORD STOM KZ,Interdent,Артикуляционная бумага красная,124,,1,1,EXACT_KZ_LISTING,MANUFACTURER_REFERENCE_REQUIRED,https://nordstom.kz/catalog/dental-materials/materials-for-clinical-dentistry/item-124,nordstom-full-catalog.json
NORD STOM KZ,Interdent,Восковая проволока на катушке,125,,1,1,EXACT_KZ_LISTING,MANUFACTURER_REFERENCE_REQUIRED,https://nordstom.kz/catalog/dental-materials/wax/item-125,nordstom-full-catalog.json
NORD STOM KZ,Interdent,Восковые профили,126,,1,1,EXACT_KZ_LISTING,MANUFACTURER_REFERENCE_REQUIRED,https://nordstom.kz/catalog/dental-materials/wax/item-126,nordstom-full-catalog.json
NORD STOM KZ,Interdent,Спрей Interwaxit для обезжиривания и снятия напряж.восковой конструкции,127,,1,1,EXACT_KZ_LISTING,MANUFACTURER_REFERENCE_REQUIRED,https://nordstom.kz/catalog/dental-materials/modeling/auxiliary-tools-for-modeling/item-127,nordstom-full-catalog.json
NORD STOM KZ,Interdent,Окклюзионный спрей,128,,1,1,EXACT_KZ_LISTING,MANUFACTURER_REFERENCE_REQUIRED,https://nordstom.kz/catalog/dental-materials/modeling/auxiliary-tools-for-modeling/item-128,nordstom-full-catalog.json
NORD STOM KZ,Kettenbach,Visalys CemCore Universal,503,,1,1,EXACT_KZ_LISTING,MANUFACTURER_REFERENCE_REQUIRED,https://nordstom.kz/catalog/orthopedics/cements-for-fixation/for-permanent-fixation/item-503,nordstom-full-catalog.json
NORD STOM KZ,Kettenbach,Visalys Core,504,,1,1,EXACT_KZ_LISTING,MANUFACTURER_REFERENCE_REQUIRED,https://nordstom.kz/catalog/therapy/dvoinoi/item-504,nordstom-full-catalog.json
NORD STOM KZ,Kettenbach,Visalys Temp,505,,1,1,EXACT_KZ_LISTING,MANUFACTURER_REFERENCE_REQUIRED,https://nordstom.kz/catalog/orthopedics/temporary-orthopedic-structures/item-505,nordstom-full-catalog.json
NORD STOM KZ,Kettenbach,Futar D,545,,1,1,EXACT_KZ_LISTING,MANUFACTURER_REFERENCE_REQUIRED,https://nordstom.kz/catalog/orthopedics/impression-materials-accessories/a-silicone/item-545,nordstom-full-catalog.json
NORD STOM KZ,Kettenbach,Futar D Slow,546,,1,1,EXACT_KZ_LISTING,MANUFACTURER_REFERENCE_REQUIRED,https://nordstom.kz/catalog/orthopedics/impression-materials-accessories/a-silicone/item-546,nordstom-full-catalog.json
NORD STOM KZ,Kettenbach,Futar Clear Fast,547,,1,1,EXACT_KZ_LISTING,MANUFACTURER_REFERENCE_REQUIRED,https://nordstom.kz/catalog/orthopedics/impression-materials-accessories/a-silicone/item-547,nordstom-full-catalog.json
NORD STOM KZ,Kettenbach,Futar,548,,1,1,EXACT_KZ_LISTING,MANUFACTURER_REFERENCE_REQUIRED,https://nordstom.kz/catalog/orthopedics/impression-materials-accessories/a-silicone/item-548,nordstom-full-catalog.json
NORD STOM KZ,Kettenbach,Panasil Putty,549,,1,1,EXACT_KZ_LISTING,MANUFACTURER_REFERENCE_REQUIRED,https://nordstom.kz/catalog/orthopedics/impression-materials-accessories/a-silicone/item-549,nordstom-full-catalog.json
NORD STOM KZ,Kettenbach,Panasil initial contact X-Light,550,,1,1,EXACT_KZ_LISTING,MANUFACTURER_REFERENCE_REQUIRED,https://nordstom.kz/catalog/orthopedics/impression-materials-accessories/a-silicone/item-550,nordstom-full-catalog.json
NORD STOM KZ,Kettenbach,Mucopren Soft Basic,551,,1,1,EXACT_KZ_LISTING,MANUFACTURER_REFERENCE_REQUIRED,https://nordstom.kz/catalog/orthopedics/impression-materials-accessories/prosthetic_pads/item-551,nordstom-full-catalog.json
NORD STOM KZ,One drop only,Ёршики для чистки межзубных промежутков,517,,1,1,EXACT_KZ_LISTING,MANUFACTURER_REFERENCE_REQUIRED,https://nordstom.kz/catalog/oral-hygiene-products/dental-floss/item-517,nordstom-full-catalog.json
NORD STOM KZ,One drop only,Зубная паста Halazon Multiactive Fresh,522,,1,1,EXACT_KZ_LISTING,MANUFACTURER_REFERENCE_REQUIRED,https://nordstom.kz/catalog/oral-hygiene-products/toothpastes/item-522,nordstom-full-catalog.json
NORD STOM KZ,One drop only,Зубная паста Halazon Multiactive Med,523,,1,1,EXACT_KZ_LISTING,MANUFACTURER_REFERENCE_REQUIRED,https://nordstom.kz/catalog/oral-hygiene-products/toothpastes/item-523,nordstom-full-catalog.json
NORD STOM KZ,One drop only,Зубная паста Halazon Multiactive White,524,,1,1,EXACT_KZ_LISTING,MANUFACTURER_REFERENCE_REQUIRED,https://nordstom.kz/catalog/oral-hygiene-products/toothpastes/item-524,nordstom-full-catalog.json
NORD STOM KZ,One drop only,Ёршики для чистки межзубных промежутков S (5 мм),525,,1,1,EXACT_KZ_LISTING,MANUFACTURER_REFERENCE_REQUIRED,https://nordstom.kz/catalog/oral-hygiene-products/dental-floss/item-525,nordstom-full-catalog.json
NORD STOM KZ,One drop only,Ёршики для чистки межзубных промежутков M (6 мм),526,,1,1,EXACT_KZ_LISTING,MANUFACTURER_REFERENCE_REQUIRED,https://nordstom.kz/catalog/oral-hygiene-products/dental-floss/item-526,nordstom-full-catalog.json
NORD STOM KZ,One drop only,Щётка-скребок для чистки языка,527,,1,1,EXACT_KZ_LISTING,MANUFACTURER_REFERENCE_REQUIRED,https://nordstom.kz/catalog/oral-hygiene-products/dental-floss/item-527,nordstom-full-catalog.json
NORD STOM KZ,One drop only,Зубные щетки One Drop Only средней жесткости,529,,1,1,EXACT_KZ_LISTING,MANUFACTURER_REFERENCE_REQUIRED,https://nordstom.kz/catalog/oral-hygiene-products/toothbrushes/item-529,nordstom-full-catalog.json
NORD STOM KZ,ORMCO,Набор брекетов Damon Clear2 ВЧ 5+5,15,,1,1,EXACT_KZ_LISTING,MANUFACTURER_REFERENCE_REQUIRED,https://nordstom.kz/catalog/orthodontia/braces/item-15,nordstom-full-catalog.json
NORD STOM KZ,ORMCO,Эластики,20,,1,1,EXACT_KZ_LISTING,MANUFACTURER_REFERENCE_REQUIRED,https://nordstom.kz/catalog/orthodontia/elastic-rings-tags-chains/item-20,nordstom-full-catalog.json
NORD STOM KZ,ORMCO,Набор брекетов Damon Q2 ВЧ 5+5 стандарт,54,,1,1,EXACT_KZ_LISTING,MANUFACTURER_REFERENCE_REQUIRED,https://nordstom.kz/catalog/orthodontia/braces/item-54,nordstom-full-catalog.json
NORD STOM KZ,ORMCO,Набор брекетов Damon Q2 НЧ 5+5 стандарт,55,,1,1,EXACT_KZ_LISTING,MANUFACTURER_REFERENCE_REQUIRED,https://nordstom.kz/catalog/orthodontia/braces/item-55,nordstom-full-catalog.json
NORD STOM KZ,ORMCO,Набор брекетов Damon Q2 ВЧ 5+5 с крючками,56,,1,1,EXACT_KZ_LISTING,MANUFACTURER_REFERENCE_REQUIRED,https://nordstom.kz/catalog/orthodontia/braces/item-56,nordstom-full-catalog.json
NORD STOM KZ,ORMCO,Набор брекетов Damon Q2 НЧ 5+5 с крючками,57,,1,1,EXACT_KZ_LISTING,MANUFACTURER_REFERENCE_REQUIRED,https://nordstom.kz/catalog/orthodontia/braces/item-57,nordstom-full-catalog.json
NORD STOM KZ,ORMCO,Набор Damon Clear ВЧ 3+3 + Damon Q,58,,1,1,EXACT_KZ_LISTING,MANUFACTURER_REFERENCE_REQUIRED,https://nordstom.kz/catalog/orthodontia/braces/item-58,nordstom-full-catalog.json
NORD STOM KZ,ORMCO,Набор Damon Clear НЧ 3+3 + Damon Q,59,,1,1,EXACT_KZ_LISTING,MANUFACTURER_REFERENCE_REQUIRED,https://nordstom.kz/catalog/orthodontia/braces/item-59,nordstom-full-catalog.json
NORD STOM KZ,ORMCO,Набор Damon Q ВЧ 5+5,60,,1,1,EXACT_KZ_LISTING,MANUFACTURER_REFERENCE_REQUIRED,https://nordstom.kz/catalog/orthodontia/braces/item-60,nordstom-full-catalog.json
NORD STOM KZ,ORMCO,Набор Damon Q НЧ 5+5,61,,1,1,EXACT_KZ_LISTING,MANUFACTURER_REFERENCE_REQUIRED,https://nordstom.kz/catalog/orthodontia/braces/item-61,nordstom-full-catalog.json
NORD STOM KZ,ORMCO,Дуги Damon,535,,1,1,EXACT_KZ_LISTING,MANUFACTURER_REFERENCE_REQUIRED,https://nordstom.kz/catalog/orthodontia/arcs/item-535,nordstom-full-catalog.json
NORD STOM KZ,ORMCO,Адгезив Blugloo,536,,1,1,EXACT_KZ_LISTING,MANUFACTURER_REFERENCE_REQUIRED,https://nordstom.kz/catalog/orthodontia/adhesive/item-536,nordstom-full-catalog.json
NORD STOM KZ,ORMCO,Адгезив Enlight,537,,1,1,EXACT_KZ_LISTING,MANUFACTURER_REFERENCE_REQUIRED,https://nordstom.kz/catalog/orthodontia/adhesive/item-537,nordstom-full-catalog.json
NORD STOM KZ,ORMCO,Адгезив Grengloo,538,,1,1,EXACT_KZ_LISTING,MANUFACTURER_REFERENCE_REQUIRED,https://nordstom.kz/catalog/orthodontia/adhesive/item-538,nordstom-full-catalog.json
NORD STOM KZ,ORMCO,Лигатуры,539,,1,1,EXACT_KZ_LISTING,MANUFACTURER_REFERENCE_REQUIRED,https://nordstom.kz/catalog/orthodontia/elastic-rings-tags-chains/item-539,nordstom-full-catalog.json
NORD STOM KZ,Planmeca,Рентген установка Planmeca ProMax 3D Classic,460,,1,1,EXACT_KZ_LISTING,MANUFACTURER_REFERENCE_REQUIRED,https://nordstom.kz/catalog/dental-equipment/x-ray-equipment/item-460,nordstom-full-catalog.json
NORD STOM KZ,Planmeca,Рентгеновская установка Planmeca ProX,462,,1,1,EXACT_KZ_LISTING,MANUFACTURER_REFERENCE_REQUIRED,https://nordstom.kz/catalog/dental-equipment/x-ray-equipment/item-462,nordstom-full-catalog.json
NORD STOM KZ,Planmeca,Рентгенографическая система Planmeca ProSensor HD,463,,1,1,EXACT_KZ_LISTING,MANUFACTURER_REFERENCE_REQUIRED,https://nordstom.kz/catalog/dental-equipment/x-ray-equipment/item-463,nordstom-full-catalog.json
NORD STOM KZ,President,PRESIDENT Zero 0+ детская зубная паста,454,,1,1,EXACT_KZ_LISTING,MANUFACTURER_REFERENCE_REQUIRED,https://nordstom.kz/catalog/oral-hygiene-products/toothpastes/detskie-pasty/item-454,nordstom-full-catalog.json
NORD STOM KZ,President,PRESIDENT Спелая груша 0-3 детская зубная паста,455,,1,1,EXACT_KZ_LISTING,MANUFACTURER_REFERENCE_REQUIRED,https://nordstom.kz/catalog/oral-hygiene-products/toothpastes/detskie-pasty/item-455,nordstom-full-catalog.json
NORD STOM KZ,President,PRESIDENT Мамина малинка 0-3 детская зубная паста,456,,1,1,EXACT_KZ_LISTING,MANUFACTURER_REFERENCE_REQUIRED,https://nordstom.kz/catalog/oral-hygiene-products/toothpastes/detskie-pasty/item-456,nordstom-full-catalog.json
NORD STOM KZ,President,PRESIDENT Фруктовый микс 3-6 детская зубная паста,457,,1,1,EXACT_KZ_LISTING,MANUFACTURER_REFERENCE_REQUIRED,https://nordstom.kz/catalog/oral-hygiene-products/toothpastes/detskie-pasty/item-457,nordstom-full-catalog.json
NORD STOM KZ,President,PRESIDENT Клубника 3-6 детская зубная паста,458,,1,1,EXACT_KZ_LISTING,MANUFACTURER_REFERENCE_REQUIRED,https://nordstom.kz/catalog/oral-hygiene-products/toothpastes/detskie-pasty/item-458,nordstom-full-catalog.json
NORD STOM KZ,President,PRESIDENT Classic ёршики межзубные,497,,1,1,EXACT_KZ_LISTING,MANUFACTURER_REFERENCE_REQUIRED,https://nordstom.kz/catalog/oral-hygiene-products/dental-floss/item-497,nordstom-full-catalog.json
NORD STOM KZ,President,PRESIDENT Soft Sticks мягкие межзубные ершики-зубочистки,498,,1,1,EXACT_KZ_LISTING,MANUFACTURER_REFERENCE_REQUIRED,https://nordstom.kz/catalog/oral-hygiene-products/dental-floss/item-498,nordstom-full-catalog.json
NORD STOM KZ,President,Набор по уходу за брекет-системой Brace Kit,530,,1,1,EXACT_KZ_LISTING,MANUFACTURER_REFERENCE_REQUIRED,https://nordstom.kz/catalog/oral-hygiene-products/braces-care/item-530,nordstom-full-catalog.json
NORD STOM KZ,SANAVITA,"Кетгут простой полированный стерильный, игла 20 мм/17 мм",464,,1,1,EXACT_KZ_LISTING,MANUFACTURER_REFERENCE_REQUIRED,https://nordstom.kz/catalog/surgery/suture-materials/item-464,nordstom-full-catalog.json
NORD STOM KZ,Tokuyama Dental,Estelite Sigma Quick универсальный светоотверждаемый композит,153,,1,1,EXACT_KZ_LISTING,MANUFACTURER_REFERENCE_REQUIRED,https://nordstom.kz/catalog/therapy/light-curing-restorative-materials/item-153,nordstom-full-catalog.json
NORD STOM KZ,Tokuyama Dental,"Набор Estelite Sigma Quick kit I, 3 шприца 3,8 г А2, А3, ОА3",154,,1,1,EXACT_KZ_LISTING,MANUFACTURER_REFERENCE_REQUIRED,https://nordstom.kz/catalog/therapy/light-curing-restorative-materials/item-154,nordstom-full-catalog.json
NORD STOM KZ,Tokuyama Dental,"Набор Estelite Sigma Quick Promo, 6 шприцев 3,8 г А2, А3, ОА1, ОА2, ОА3, ОРА2",155,,1,1,EXACT_KZ_LISTING,MANUFACTURER_REFERENCE_REQUIRED,https://nordstom.kz/catalog/therapy/light-curing-restorative-materials/item-155,nordstom-full-catalog.json
NORD STOM KZ,Tokuyama Dental,"Набор Estelite Asteria kit, 7 шприцев 4,0 г А1В, А2В, А3В, А3.5В, А4В, NE, OcE",156,,1,1,EXACT_KZ_LISTING,MANUFACTURER_REFERENCE_REQUIRED,https://nordstom.kz/catalog/therapy/light-curing-restorative-materials/item-156,nordstom-full-catalog.json
NORD STOM KZ,Tokuyama Dental,"Пломбировочный материал Estelite Asteria 4,0 гр",157,,1,1,EXACT_KZ_LISTING,MANUFACTURER_REFERENCE_REQUIRED,https://nordstom.kz/catalog/therapy/light-curing-restorative-materials/item-157,nordstom-full-catalog.json
NORD STOM KZ,Tokuyama Dental,"Estelite Bulk Fill Flow, шприц 3.0 г А2",158,,1,1,EXACT_KZ_LISTING,MANUFACTURER_REFERENCE_REQUIRED,https://nordstom.kz/catalog/therapy/light-curing-restorative-materials/item-158,nordstom-full-catalog.json
NORD STOM KZ,Tokuyama Dental,"Композитные краски Estelite Color, шприц 0,9 г",159,,1,1,EXACT_KZ_LISTING,MANUFACTURER_REFERENCE_REQUIRED,https://nordstom.kz/catalog/therapy/light-curing-restorative-materials/item-159,nordstom-full-catalog.json
NORD STOM KZ,Tokuyama Dental,"Пломбировочный материал Estelite Posterior, шприц 4,2 г",160,,1,1,EXACT_KZ_LISTING,MANUFACTURER_REFERENCE_REQUIRED,https://nordstom.kz/catalog/therapy/light-curing-restorative-materials/item-160,nordstom-full-catalog.json
NORD STOM KZ,Tokuyama Dental,"Текучий пломбировочный материал Estelite Universal Flow High, шприц 3.0 г А2, ОРА 2",161,,1,1,EXACT_KZ_LISTING,MANUFACTURER_REFERENCE_REQUIRED,https://nordstom.kz/catalog/therapy/light-curing-restorative-materials/item-161,nordstom-full-catalog.json
NORD STOM KZ,Tokuyama Dental,"Текучий пломбировочный материал Estelite Universal Flow Medium, шприц 3.0 г",162,,1,1,EXACT_KZ_LISTING,MANUFACTURER_REFERENCE_REQUIRED,https://nordstom.kz/catalog/therapy/light-curing-restorative-materials/item-162,nordstom-full-catalog.json
NORD STOM KZ,Tokuyama Dental,"Текучий пломбировочный материал Estelite Universal Flow Super Low, шприц 3.0 г",163,,1,1,EXACT_KZ_LISTING,MANUFACTURER_REFERENCE_REQUIRED,https://nordstom.kz/catalog/therapy/light-curing-restorative-materials/item-163,nordstom-full-catalog.json
NORD STOM KZ,Tokuyama Dental,"Универсальный опак OMNICHROMA Blocker, шприц 4,0 г",164,,1,1,EXACT_KZ_LISTING,MANUFACTURER_REFERENCE_REQUIRED,https://nordstom.kz/catalog/therapy/light-curing-restorative-materials/item-164,nordstom-full-catalog.json
NORD STOM KZ,Tokuyama Dental,"Универсальная эмаль OMNICHROMA, шприц 4,0 г",165,,1,1,EXACT_KZ_LISTING,MANUFACTURER_REFERENCE_REQUIRED,https://nordstom.kz/catalog/therapy/light-curing-restorative-materials/item-165,nordstom-full-catalog.json
NORD STOM KZ,Tokuyama Dental,"Пломбировочный материал Palfique Estelite Paste, шприц 3,8 г",166,,1,1,EXACT_KZ_LISTING,MANUFACTURER_REFERENCE_REQUIRED,https://nordstom.kz/catalog/therapy/light-curing-restorative-materials/item-166,nordstom-full-catalog.json
NORD STOM KZ,Tokuyama Dental,"Набор Palfique Estelite Paste Intro kit, 6 шприцев 3,8 г А1, А2, А3, ОА2 (2 шт.), ОА3, адгезив 5 мл",167,,1,1,EXACT_KZ_LISTING,MANUFACTURER_REFERENCE_REQUIRED,https://nordstom.kz/catalog/therapy/light-curing-restorative-materials/item-167,nordstom-full-catalog.json
NORD STOM KZ,Tokuyama Dental,"Универсальный однокомпонентный самопротравливающий адгезив VII поколения Tokuyama Bond Force ll рефил, 5 мл",168,,1,1,EXACT_KZ_LISTING,MANUFACTURER_REFERENCE_REQUIRED,https://nordstom.kz/catalog/therapy/adhesives-primers-acid-barriers-etchants/item-168,nordstom-full-catalog.json
NORD STOM KZ,Tokuyama Dental,"Универсальный однокомпонентный самопротравливающий адгезив VII поколения Tokuyama Bond Force ll 5 мл, в наборе",169,,1,1,EXACT_KZ_LISTING,MANUFACTURER_REFERENCE_REQUIRED,https://nordstom.kz/catalog/therapy/adhesives-primers-acid-barriers-etchants/item-169,nordstom-full-catalog.json
NORD STOM KZ,Tokuyama Dental,Набор Shield Force Plus 3 мл,170,,1,1,EXACT_KZ_LISTING,MANUFACTURER_REFERENCE_REQUIRED,https://nordstom.kz/catalog/therapy/prevention-and-treatment/item-170,nordstom-full-catalog.json
NORD STOM KZ,VDW,"C-Pilot файлы, длина 25 мм, №006",180,,1,1,EXACT_KZ_LISTING,MANUFACTURER_REFERENCE_REQUIRED,https://nordstom.kz/catalog/endodontics/endodontic-Instruments/hand-held-endodontic-instruments/item-180,nordstom-full-catalog.json
NORD STOM KZ,VDW,"C-Pilot файлы, длина 25 мм, №006-010",181,,1,1,EXACT_KZ_LISTING,MANUFACTURER_REFERENCE_REQUIRED,https://nordstom.kz/catalog/endodontics/endodontic-Instruments/hand-held-endodontic-instruments/item-181,nordstom-full-catalog.json
NORD STOM KZ,VDW,"C-Pilot файлы, длина 25 мм, №008",182,,1,1,EXACT_KZ_LISTING,MANUFACTURER_REFERENCE_REQUIRED,https://nordstom.kz/catalog/endodontics/endodontic-Instruments/hand-held-endodontic-instruments/item-182,nordstom-full-catalog.json
NORD STOM KZ,VDW,"C-Pilot файлы, длина 25 мм, №010",183,,1,1,EXACT_KZ_LISTING,MANUFACTURER_REFERENCE_REQUIRED,https://nordstom.kz/catalog/endodontics/endodontic-Instruments/hand-held-endodontic-instruments/item-183,nordstom-full-catalog.json
NORD STOM KZ,VDW,"Finger Plugger, длина 25 мм, №025",185,,1,1,EXACT_KZ_LISTING,MANUFACTURER_REFERENCE_REQUIRED,https://nordstom.kz/catalog/endodontics/endodontic-Instruments/hand-held-endodontic-instruments/item-185,nordstom-full-catalog.json
NORD STOM KZ,VDW,"Finger Plugger, длина 25 мм, №030",186,,1,1,EXACT_KZ_LISTING,MANUFACTURER_REFERENCE_REQUIRED,https://nordstom.kz/catalog/endodontics/endodontic-Instruments/hand-held-endodontic-instruments/item-186,nordstom-full-catalog.json
NORD STOM KZ,VDW,"Finger Spreaders, длина 25 мм, №015-040",187,,1,1,EXACT_KZ_LISTING,MANUFACTURER_REFERENCE_REQUIRED,https://nordstom.kz/catalog/endodontics/endodontic-Instruments/hand-held-endodontic-instruments/item-187,nordstom-full-catalog.json
NORD STOM KZ,VDW,"Finger Spreaders, длина 25 мм, №015",188,,1,1,EXACT_KZ_LISTING,MANUFACTURER_REFERENCE_REQUIRED,https://nordstom.kz/catalog/endodontics/endodontic-Instruments/hand-held-endodontic-instruments/item-188,nordstom-full-catalog.json
NORD STOM KZ,VDW,"Finger Spreaders, длина 25 мм, №020",189,,1,1,EXACT_KZ_LISTING,MANUFACTURER_REFERENCE_REQUIRED,https://nordstom.kz/catalog/endodontics/endodontic-Instruments/hand-held-endodontic-instruments/item-189,nordstom-full-catalog.json
NORD STOM KZ,VDW,"Finger Spreaders, длина 25 мм, №025",190,,1,1,EXACT_KZ_LISTING,MANUFACTURER_REFERENCE_REQUIRED,https://nordstom.kz/catalog/endodontics/endodontic-Instruments/hand-held-endodontic-instruments/item-190,nordstom-full-catalog.json
NORD STOM KZ,VDW,"Finger Spreaders, длина 25 мм, №030",191,,1,1,EXACT_KZ_LISTING,MANUFACTURER_REFERENCE_REQUIRED,https://nordstom.kz/catalog/endodontics/endodontic-Instruments/hand-held-endodontic-instruments/item-191,nordstom-full-catalog.json
NORD STOM KZ,VDW,"H-files Pro-Endo (Рашпили), длина 25 мм, №008",192,,1,1,EXACT_KZ_LISTING,MANUFACTURER_REFERENCE_REQUIRED,https://nordstom.kz/catalog/endodontics/endodontic-Instruments/hand-held-endodontic-instruments/item-192,nordstom-full-catalog.json
NORD STOM KZ,VDW,"H-files Pro-Endo (Рашпили), длина 25 мм, №010",193,,1,1,EXACT_KZ_LISTING,MANUFACTURER_REFERENCE_REQUIRED,https://nordstom.kz/catalog/endodontics/endodontic-Instruments/hand-held-endodontic-instruments/item-193,nordstom-full-catalog.json
NORD STOM KZ,VDW,"H-files Pro-Endo (Рашпили), длина 25 мм, №015",194,,1,1,EXACT_KZ_LISTING,MANUFACTURER_REFERENCE_REQUIRED,https://nordstom.kz/catalog/endodontics/endodontic-Instruments/hand-held-endodontic-instruments/item-194,nordstom-full-catalog.json
NORD STOM KZ,VDW,"H-files Pro-Endo (Рашпили), длина 25 мм, №015-040",195,,1,1,EXACT_KZ_LISTING,MANUFACTURER_REFERENCE_REQUIRED,https://nordstom.kz/catalog/endodontics/endodontic-Instruments/hand-held-endodontic-instruments/item-195,nordstom-full-catalog.json
NORD STOM KZ,VDW,"H-files Pro-Endo (Рашпили), длина 25 мм, №020",196,,1,1,EXACT_KZ_LISTING,MANUFACTURER_REFERENCE_REQUIRED,https://nordstom.kz/catalog/endodontics/endodontic-Instruments/hand-held-endodontic-instruments/item-196,nordstom-full-catalog.json
NORD STOM KZ,VDW,"H-files Pro-Endo (Рашпили), длина 25 мм, №025",197,,1,1,EXACT_KZ_LISTING,MANUFACTURER_REFERENCE_REQUIRED,https://nordstom.kz/catalog/endodontics/endodontic-Instruments/hand-held-endodontic-instruments/item-197,nordstom-full-catalog.json
NORD STOM KZ,VDW,"H-files Pro-Endo (Рашпили), длина 25 мм, №030",198,,1,1,EXACT_KZ_LISTING,MANUFACTURER_REFERENCE_REQUIRED,https://nordstom.kz/catalog/endodontics/endodontic-Instruments/hand-held-endodontic-instruments/item-198,nordstom-full-catalog.json
NORD STOM KZ,VDW,"H-files Pro-Endo (Рашпили), длина 25 мм, №035",199,,1,1,EXACT_KZ_LISTING,MANUFACTURER_REFERENCE_REQUIRED,https://nordstom.kz/catalog/endodontics/endodontic-Instruments/hand-held-endodontic-instruments/item-199,nordstom-full-catalog.json
NORD STOM KZ,VDW,"H-files Pro-Endo (Рашпили), длина 25 мм, №040",200,,1,1,EXACT_KZ_LISTING,MANUFACTURER_REFERENCE_REQUIRED,https://nordstom.kz/catalog/endodontics/endodontic-Instruments/hand-held-endodontic-instruments/item-200,nordstom-full-catalog.json
NORD STOM KZ,VDW,"K-files Pro-Endo (К-рашпили), длина 25 мм, 006",201,,1,1,EXACT_KZ_LISTING,MANUFACTURER_REFERENCE_REQUIRED,https://nordstom.kz/catalog/endodontics/endodontic-Instruments/hand-held-endodontic-instruments/item-201,nordstom-full-catalog.json
NORD STOM KZ,VDW,"K-files Pro-Endo (К-рашпили), длина 25 мм, 008",202,,1,1,EXACT_KZ_LISTING,MANUFACTURER_REFERENCE_REQUIRED,https://nordstom.kz/catalog/endodontics/endodontic-Instruments/hand-held-endodontic-instruments/item-202,nordstom-full-catalog.json
NORD STOM KZ,VDW,"K-files Pro-Endo (К-рашпили), длина 25/31 мм, 010",203,,1,1,EXACT_KZ_LISTING,MANUFACTURER_REFERENCE_REQUIRED,https://nordstom.kz/catalog/endodontics/endodontic-Instruments/hand-held-endodontic-instruments/item-203,nordstom-full-catalog.json
NORD STOM KZ,VDW,"K-files Pro-Endo (К-рашпили), длина 25/31 мм, 015",204,,1,1,EXACT_KZ_LISTING,MANUFACTURER_REFERENCE_REQUIRED,https://nordstom.kz/catalog/endodontics/endodontic-Instruments/hand-held-endodontic-instruments/item-204,nordstom-full-catalog.json
NORD STOM KZ,VDW,"K-files Pro-Endo (К-рашпили), длина 25 мм, 015-040",205,,1,1,EXACT_KZ_LISTING,MANUFACTURER_REFERENCE_REQUIRED,https://nordstom.kz/catalog/endodontics/endodontic-Instruments/hand-held-endodontic-instruments/item-205,nordstom-full-catalog.json
NORD STOM KZ,VDW,"K-files Pro-Endo (К-рашпили), длина 25/31 мм, 020",206,,1,1,EXACT_KZ_LISTING,MANUFACTURER_REFERENCE_REQUIRED,https://nordstom.kz/catalog/endodontics/endodontic-Instruments/hand-held-endodontic-instruments/item-206,nordstom-full-catalog.json
NORD STOM KZ,VDW,"K-files Pro-Endo (К-рашпили), длина 25/31 мм, 025",220,,1,1,EXACT_KZ_LISTING,MANUFACTURER_REFERENCE_REQUIRED,https://nordstom.kz/catalog/endodontics/endodontic-Instruments/hand-held-endodontic-instruments/item-220,nordstom-full-catalog.json
NORD STOM KZ,VDW,"K-files Pro-Endo (К-рашпили), длина 25/31 мм, 030",221,,1,1,EXACT_KZ_LISTING,MANUFACTURER_REFERENCE_REQUIRED,https://nordstom.kz/catalog/endodontics/endodontic-Instruments/hand-held-endodontic-instruments/item-221,nordstom-full-catalog.json
NORD STOM KZ,VDW,"K-files Pro-Endo (К-рашпили), длина 25/31 мм, 035",222,,1,1,EXACT_KZ_LISTING,MANUFACTURER_REFERENCE_REQUIRED,https://nordstom.kz/catalog/endodontics/endodontic-Instruments/hand-held-endodontic-instruments/item-222,nordstom-full-catalog.json
NORD STOM KZ,VDW,"K-Reamer Pro-Endo (К-Римеры), длина 25 мм, 008",224,,1,1,EXACT_KZ_LISTING,MANUFACTURER_REFERENCE_REQUIRED,https://nordstom.kz/catalog/endodontics/endodontic-Instruments/hand-held-endodontic-instruments/item-224,nordstom-full-catalog.json
NORD STOM KZ,VDW,"K-Reamer Pro-Endo (К-Римеры), длина 25 мм, 010",225,,1,1,EXACT_KZ_LISTING,MANUFACTURER_REFERENCE_REQUIRED,https://nordstom.kz/catalog/endodontics/endodontic-Instruments/hand-held-endodontic-instruments/item-225,nordstom-full-catalog.json
NORD STOM KZ,VDW,"K-Reamer Pro-Endo (К-Римеры), длина 25 мм, 015",226,,1,1,EXACT_KZ_LISTING,MANUFACTURER_REFERENCE_REQUIRED,https://nordstom.kz/catalog/endodontics/endodontic-Instruments/hand-held-endodontic-instruments/item-226,nordstom-full-catalog.json
NORD STOM KZ,VDW,"K-Reamer Pro-Endo (К-Римеры), длина 25 мм, 020",227,,1,1,EXACT_KZ_LISTING,MANUFACTURER_REFERENCE_REQUIRED,https://nordstom.kz/catalog/endodontics/endodontic-Instruments/hand-held-endodontic-instruments/item-227,nordstom-full-catalog.json
NORD STOM KZ,VDW,"K-Reamer Pro-Endo (К-Римеры), длина 25 мм, 025",228,,1,1,EXACT_KZ_LISTING,MANUFACTURER_REFERENCE_REQUIRED,https://nordstom.kz/catalog/endodontics/endodontic-Instruments/hand-held-endodontic-instruments/item-228,nordstom-full-catalog.json
NORD STOM KZ,VDW,"K-Reamer Pro-Endo (К-Римеры), длина 25 мм, 030",229,,1,1,EXACT_KZ_LISTING,MANUFACTURER_REFERENCE_REQUIRED,https://nordstom.kz/catalog/endodontics/endodontic-Instruments/hand-held-endodontic-instruments/item-229,nordstom-full-catalog.json
NORD STOM KZ,Винар,"Журнал контроля работы стерилизаторов, форма № 257/у",465,,1,1,EXACT_KZ_LISTING,MANUFACTURER_REFERENCE_REQUIRED,https://nordstom.kz/catalog/disinfection-and-sterilization/magazines/item-465,nordstom-full-catalog.json
NORD STOM KZ,Винар,Индикаторы бумажные воздушной стерилизации химические МедИС-В-180/60,466,,1,1,EXACT_KZ_LISTING,MANUFACTURER_REFERENCE_REQUIRED,https://nordstom.kz/catalog/disinfection-and-sterilization/indicators/item-466,nordstom-full-catalog.json
NORD STOM KZ,Винар,Индикаторы бумажные паровой стерилизации химические МедИС-120/45,467,,1,1,EXACT_KZ_LISTING,MANUFACTURER_REFERENCE_REQUIRED,https://nordstom.kz/catalog/disinfection-and-sterilization/indicators/item-467,nordstom-full-catalog.json
NORD STOM KZ,Винар,Индикаторы бумажные паровой стерилизации химические МедИС-132/20,468,,1,1,EXACT_KZ_LISTING,MANUFACTURER_REFERENCE_REQUIRED,https://nordstom.kz/catalog/disinfection-and-sterilization/indicators/item-468,nordstom-full-catalog.json
NORD STOM KZ,Винар,Пакеты самоклеющиеся плоские 130*250мм,469,,1,1,EXACT_KZ_LISTING,MANUFACTURER_REFERENCE_REQUIRED,https://nordstom.kz/catalog/disinfection-and-sterilization/packages/item-469,nordstom-full-catalog.json
NORD STOM KZ,Винар,Пакеты самоклеющиеся плоские 150*300мм,470,,1,1,EXACT_KZ_LISTING,MANUFACTURER_REFERENCE_REQUIRED,https://nordstom.kz/catalog/disinfection-and-sterilization/packages/item-470,nordstom-full-catalog.json
NORD STOM KZ,Гекса,Халат хирургический стерильный спанбонд,471,,1,1,EXACT_KZ_LISTING,MANUFACTURER_REFERENCE_REQUIRED,https://nordstom.kz/catalog/consumables/sterile-clothing-and-disposable-underwear/item-471,nordstom-full-catalog.json
NORD STOM KZ,Гекса,Шапочка-берет «Плиссе» голубая,472,,1,1,EXACT_KZ_LISTING,MANUFACTURER_REFERENCE_REQUIRED,https://nordstom.kz/catalog/consumables/sterile-clothing-and-disposable-underwear/item-472,nordstom-full-catalog.json
NORD STOM KZ,Гекса,"Шапочка-берет «Плиссе», жёлтая",473,,1,1,EXACT_KZ_LISTING,MANUFACTURER_REFERENCE_REQUIRED,https://nordstom.kz/catalog/consumables/sterile-clothing-and-disposable-underwear/item-473,nordstom-full-catalog.json
NORD STOM KZ,Дельтика,"Поли-панель для смешивания стом.материалов, размер 120*100мм",474,,1,1,EXACT_KZ_LISTING,MANUFACTURER_REFERENCE_REQUIRED,https://nordstom.kz/catalog/consumables/blocks-and-glasses-for-kneading/item-474,nordstom-full-catalog.json
NORD STOM KZ,Дельтика,"Поли-панель для смешивания стом.материалов, размер 120*200мм",475,,1,1,EXACT_KZ_LISTING,MANUFACTURER_REFERENCE_REQUIRED,https://nordstom.kz/catalog/consumables/blocks-and-glasses-for-kneading/item-475,nordstom-full-catalog.json
NORD STOM KZ,Дельтика,"Поли-панель для смешивания стом.материалов, размер 60*90мм",476,,1,1,EXACT_KZ_LISTING,MANUFACTURER_REFERENCE_REQUIRED,https://nordstom.kz/catalog/consumables/blocks-and-glasses-for-kneading/item-476,nordstom-full-catalog.json
NORD STOM KZ,Дельтика,"Поли-панель для смешивания стом.материалов, размер 60*60мм",477,,1,1,EXACT_KZ_LISTING,MANUFACTURER_REFERENCE_REQUIRED,https://nordstom.kz/catalog/consumables/blocks-and-glasses-for-kneading/item-477,nordstom-full-catalog.json
NORD STOM KZ,Кмиз,ФРЕЗА ФЯД 023Ц-М ТВС L3.8,356,,1,1,EXACT_KZ_LISTING,MANUFACTURER_REFERENCE_REQUIRED,https://nordstom.kz/catalog/burs/item-356,nordstom-full-catalog.json
NORD STOM KZ,Кмиз,ФРЕЗА ФШД 045-С ТВС L4.0,357,,1,1,EXACT_KZ_LISTING,MANUFACTURER_REFERENCE_REQUIRED,https://nordstom.kz/catalog/burs/item-357,nordstom-full-catalog.json
NORD STOM KZ,Кмиз,ФРЕЗА ФШД 040-С ТВС L3.3,358,,1,1,EXACT_KZ_LISTING,MANUFACTURER_REFERENCE_REQUIRED,https://nordstom.kz/catalog/burs/item-358,nordstom-full-catalog.json
NORD STOM KZ,Кмиз,ФРЕЗА ФШД 031-С ТВС L2.6,359,,1,1,EXACT_KZ_LISTING,MANUFACTURER_REFERENCE_REQUIRED,https://nordstom.kz/catalog/burs/item-359,nordstom-full-catalog.json
NORD STOM KZ,Кмиз,ФРЕЗА ФШД 025-С ТВС L2.3,360,,1,1,EXACT_KZ_LISTING,MANUFACTURER_REFERENCE_REQUIRED,https://nordstom.kz/catalog/burs/item-360,nordstom-full-catalog.json
NORD STOM KZ,Кмиз,ФРЕЗА ФЦТУД 023Ц-С ТВС L15,361,,1,1,EXACT_KZ_LISTING,MANUFACTURER_REFERENCE_REQUIRED,https://nordstom.kz/catalog/burs/item-361,nordstom-full-catalog.json
NORD STOM KZ,Кмиз,ФРЕЗА ФЦЗУД 023Ц-С ТВС L15,362,,1,1,EXACT_KZ_LISTING,MANUFACTURER_REFERENCE_REQUIRED,https://nordstom.kz/catalog/burs/item-362,nordstom-full-catalog.json
NORD STOM KZ,Кмиз,ФРЕЗА ФЦЗУД 023Ц-М ТВС L15,363,,1,1,EXACT_KZ_LISTING,MANUFACTURER_REFERENCE_REQUIRED,https://nordstom.kz/catalog/burs/item-363,nordstom-full-catalog.json
NORD STOM KZ,Кмиз,ФРЕЗА ФЦЗД 045-С ТВС,364,,1,1,EXACT_KZ_LISTING,MANUFACTURER_REFERENCE_REQUIRED,https://nordstom.kz/catalog/burs/item-364,nordstom-full-catalog.json
NORD STOM KZ,Кмиз,ФРЕЗА ФЦЗД 040-К ТВС L13,365,,1,1,EXACT_KZ_LISTING,MANUFACTURER_REFERENCE_REQUIRED,https://nordstom.kz/catalog/burs/item-365,nordstom-full-catalog.json
NORD STOM KZ,Кмиз,ФРЕЗА ФТУД 023Ц-С ТВС L15,366,,1,1,EXACT_KZ_LISTING,MANUFACTURER_REFERENCE_REQUIRED,https://nordstom.kz/catalog/burs/item-366,nordstom-full-catalog.json
NORD STOM KZ,Кмиз,ФРЕЗА ФТуД 023Ц-ОМ ТВС L8,367,,1,1,EXACT_KZ_LISTING,MANUFACTURER_REFERENCE_REQUIRED,https://nordstom.kz/catalog/burs/item-367,nordstom-full-catalog.json
NORD STOM KZ,Кмиз,ФРЕЗА ФПД 050-С ТВС L14,368,,1,1,EXACT_KZ_LISTING,MANUFACTURER_REFERENCE_REQUIRED,https://nordstom.kz/catalog/burs/item-368,nordstom-full-catalog.json
NORD STOM KZ,Кмиз,ФРЕЗА ФПД 050-М ТВС L14,369,,1,1,EXACT_KZ_LISTING,MANUFACTURER_REFERENCE_REQUIRED,https://nordstom.kz/catalog/burs/item-369,nordstom-full-catalog.json
NORD STOM KZ,Кмиз,ФРЕЗА ФПД 050-К ТВС L14,370,,1,1,EXACT_KZ_LISTING,MANUFACTURER_REFERENCE_REQUIRED,https://nordstom.kz/catalog/burs/item-370,nordstom-full-catalog.json
NORD STOM KZ,Кмиз,ФРЕЗА ФПД 040-М ТВС L9,371,,1,1,EXACT_KZ_LISTING,MANUFACTURER_REFERENCE_REQUIRED,https://nordstom.kz/catalog/burs/item-371,nordstom-full-catalog.json
NORD STOM KZ,Кмиз,ФРЕЗА ФПД 023Ц-С ТВС L8,372,,1,1,EXACT_KZ_LISTING,MANUFACTURER_REFERENCE_REQUIRED,https://nordstom.kz/catalog/burs/item-372,nordstom-full-catalog.json
NORD STOM KZ,Кмиз,ФРЕЗА ФКУУД 023Ц-С 4° ТВС L15,373,,1,1,EXACT_KZ_LISTING,MANUFACTURER_REFERENCE_REQUIRED,https://nordstom.kz/catalog/burs/item-373,nordstom-full-catalog.json
NORD STOM KZ,Кмиз,ФРЕЗА ФКУУД 023Ц-М 4° ТВС L15,374,,1,1,EXACT_KZ_LISTING,MANUFACTURER_REFERENCE_REQUIRED,https://nordstom.kz/catalog/burs/item-374,nordstom-full-catalog.json
NORD STOM KZ,Кмиз,ФРЕЗА ФКУУД 0215Ц-С ТВС L17,375,,1,1,EXACT_KZ_LISTING,MANUFACTURER_REFERENCE_REQUIRED,https://nordstom.kz/catalog/burs/item-375,nordstom-full-catalog.json
NORD STOM KZ,Кмиз,ФРЕЗА ФКУД 035-С ТВС L13,376,,1,1,EXACT_KZ_LISTING,MANUFACTURER_REFERENCE_REQUIRED,https://nordstom.kz/catalog/burs/item-376,nordstom-full-catalog.json
NORD STOM KZ,Кмиз,ФРЕЗА ФКТрП 040/045 ТВС,377,,1,1,EXACT_KZ_LISTING,MANUFACTURER_REFERENCE_REQUIRED,https://nordstom.kz/catalog/burs/item-377,nordstom-full-catalog.json
NORD STOM KZ,Кмиз,ФРЕЗА ФКТ 023Ц-ОК ТВС L11,378,,1,1,EXACT_KZ_LISTING,MANUFACTURER_REFERENCE_REQUIRED,https://nordstom.kz/catalog/burs/item-378,nordstom-full-catalog.json
NORD STOM KZ,Кмиз,ФРЕЗА ТВС ФКЗУД 023Ц-С L8,379,,1,1,EXACT_KZ_LISTING,MANUFACTURER_REFERENCE_REQUIRED,https://nordstom.kz/catalog/burs/item-379,nordstom-full-catalog.json
NORD STOM KZ,Кмиз,ФРЕЗА ФКЗУД 023Ц-ОМ ТВС L8,380,,1,1,EXACT_KZ_LISTING,MANUFACTURER_REFERENCE_REQUIRED,https://nordstom.kz/catalog/burs/item-380,nordstom-full-catalog.json
NORD STOM KZ,Кмиз,ФРЕЗА ФКЗУД 023Ц-М ТВС L8,381,,1,1,EXACT_KZ_LISTING,MANUFACTURER_REFERENCE_REQUIRED,https://nordstom.kz/catalog/burs/item-381,nordstom-full-catalog.json
NORD STOM KZ,Кмиз,"ФРЕЗА ФКЗУД 016Ц-М 6° ТВС L9,5",382,,1,1,EXACT_KZ_LISTING,MANUFACTURER_REFERENCE_REQUIRED,https://nordstom.kz/catalog/burs/item-382,nordstom-full-catalog.json
NORD STOM KZ,Кмиз,ФРЕЗА ФКЗД 050-С ТВС L13,383,,1,1,EXACT_KZ_LISTING,MANUFACTURER_REFERENCE_REQUIRED,https://nordstom.kz/catalog/burs/item-383,nordstom-full-catalog.json
NORD STOM KZ,Кмиз,ФРЕЗА ФКЗД 050-М ТВС L13,384,,1,1,EXACT_KZ_LISTING,MANUFACTURER_REFERENCE_REQUIRED,https://nordstom.kz/catalog/burs/item-384,nordstom-full-catalog.json
NORD STOM KZ,Кмиз,ФРЕЗА ФКЗД 050-К ТВС L13,385,,1,1,EXACT_KZ_LISTING,MANUFACTURER_REFERENCE_REQUIRED,https://nordstom.kz/catalog/burs/item-385,nordstom-full-catalog.json
NORD STOM KZ,Кмиз,ФРЕЗА ФКЗД 045-С ТВС L13,386,,1,1,EXACT_KZ_LISTING,MANUFACTURER_REFERENCE_REQUIRED,https://nordstom.kz/catalog/burs/item-386,nordstom-full-catalog.json
NORD STOM KZ,Кмиз,ФРЕЗА ФКЗД 040-С ТВС L13,387,,1,1,EXACT_KZ_LISTING,MANUFACTURER_REFERENCE_REQUIRED,https://nordstom.kz/catalog/burs/item-387,nordstom-full-catalog.json
NORD STOM KZ,Кмиз,ФРЕЗА ФКЗД 040-М ТВС L13,388,,1,1,EXACT_KZ_LISTING,MANUFACTURER_REFERENCE_REQUIRED,https://nordstom.kz/catalog/burs/item-388,nordstom-full-catalog.json
NORD STOM KZ,Кмиз,ФРЕЗА ФКЗД 040-К ТВС L13,389,,1,1,EXACT_KZ_LISTING,MANUFACTURER_REFERENCE_REQUIRED,https://nordstom.kz/catalog/burs/item-389,nordstom-full-catalog.json
NORD STOM KZ,Кмиз,ФРЕЗА ФКЗД 035-С ТВС L13,390,,1,1,EXACT_KZ_LISTING,MANUFACTURER_REFERENCE_REQUIRED,https://nordstom.kz/catalog/burs/item-390,nordstom-full-catalog.json
NORD STOM KZ,Кмиз,ФРЕЗА ФКЗД 023Ц-С ТВС L5.5,391,,1,1,EXACT_KZ_LISTING,MANUFACTURER_REFERENCE_REQUIRED,https://nordstom.kz/catalog/burs/item-391,nordstom-full-catalog.json
NORD STOM KZ,Кмиз,ФРЕЗА ФКЕТ 060 L14,392,,1,1,EXACT_KZ_LISTING,MANUFACTURER_REFERENCE_REQUIRED,https://nordstom.kz/catalog/burs/item-392,nordstom-full-catalog.json
NORD STOM KZ,Кмиз,ФРЕЗА ФКДЕ 050-С ТВС L13,393,,1,1,EXACT_KZ_LISTING,MANUFACTURER_REFERENCE_REQUIRED,https://nordstom.kz/catalog/burs/item-393,nordstom-full-catalog.json
NORD STOM KZ,Кмиз,"ГОЛОВКА АЛМАЗНАЯ ГСАШ-3,5П-С",394,,1,1,EXACT_KZ_LISTING,MANUFACTURER_REFERENCE_REQUIRED,https://nordstom.kz/catalog/burs/item-394,nordstom-full-catalog.json
NORD STOM KZ,Кмиз,"ГОЛОВКА АЛМАЗНАЯ ГСАШ-2,5П-С",395,,1,1,EXACT_KZ_LISTING,MANUFACTURER_REFERENCE_REQUIRED,https://nordstom.kz/catalog/burs/item-395,nordstom-full-catalog.json
NORD STOM KZ,Кмиз,"ГОЛОВКА АЛМАЗНАЯ ГСАШ-2,3Т-К",396,,1,1,EXACT_KZ_LISTING,MANUFACTURER_REFERENCE_REQUIRED,https://nordstom.kz/catalog/burs/item-396,nordstom-full-catalog.json
NORD STOM KZ,Кмиз,"ГОЛОВКА АЛМАЗНАЯ ГСАШ-1,4Т-К",397,,1,1,EXACT_KZ_LISTING,MANUFACTURER_REFERENCE_REQUIRED,https://nordstom.kz/catalog/burs/item-397,nordstom-full-catalog.json
NORD STOM KZ,Кмиз,"ГОЛОВКА АЛМАЗНАЯ ГСАШ-1,2Т-С",398,,1,1,EXACT_KZ_LISTING,MANUFACTURER_REFERENCE_REQUIRED,https://nordstom.kz/catalog/burs/item-398,nordstom-full-catalog.json
NORD STOM KZ,Кмиз,"ГОЛОВКА АЛМАЗНАЯ ГСАЦ-1,6Т-8К",399,,1,1,EXACT_KZ_LISTING,MANUFACTURER_REFERENCE_REQUIRED,https://nordstom.kz/catalog/burs/item-399,nordstom-full-catalog.json
NORD STOM KZ,Кмиз,"ГОЛОВКА АЛМАЗНАЯ ГСАЦ-1,4Т-8К",400,,1,1,EXACT_KZ_LISTING,MANUFACTURER_REFERENCE_REQUIRED,https://nordstom.kz/catalog/burs/item-400,nordstom-full-catalog.json
NORD STOM KZ,Кмиз,"ГОЛОВКА АЛМАЗНАЯ ГСАЦ-1,4Т-8К",401,,1,1,EXACT_KZ_LISTING,MANUFACTURER_REFERENCE_REQUIRED,https://nordstom.kz/catalog/burs/item-401,nordstom-full-catalog.json
NORD STOM KZ,Кмиз,"ГОЛОВКА АЛМАЗНАЯ ГСАШ-1,4Т-С",403,,1,1,EXACT_KZ_LISTING,MANUFACTURER_REFERENCE_REQUIRED,https://nordstom.kz/catalog/burs/item-403,nordstom-full-catalog.json
NORD STOM KZ,Кмиз,"ГОЛОВКА АЛМАЗНАЯ ГСАКМ-1,4Т-10К",404,,1,1,EXACT_KZ_LISTING,MANUFACTURER_REFERENCE_REQUIRED,https://nordstom.kz/catalog/burs/item-404,nordstom-full-catalog.json
NORD STOM KZ,Кмиз,"ГОЛОВКА АЛМАЗНАЯ ГСАПЗ-4,0П-12 С",405,,1,1,EXACT_KZ_LISTING,MANUFACTURER_REFERENCE_REQUIRED,https://nordstom.kz/catalog/burs/item-405,nordstom-full-catalog.json
NORD STOM KZ,Кмиз,"ГОЛОВКА АЛМАЗНАЯ ГСАПЗ-5,0П-12,5 К",406,,1,1,EXACT_KZ_LISTING,MANUFACTURER_REFERENCE_REQUIRED,https://nordstom.kz/catalog/burs/item-406,nordstom-full-catalog.json
NORD STOM KZ,Кмиз,"ГОЛОВКА АЛМАЗНАЯ ГСАШ-3,5П-С",407,,1,1,EXACT_KZ_LISTING,MANUFACTURER_REFERENCE_REQUIRED,https://nordstom.kz/catalog/burs/item-407,nordstom-full-catalog.json
NORD STOM KZ,Кмиз,"ГОЛОВКА АЛМАЗНАЯ ГСАШ-2,5П-К",408,,1,1,EXACT_KZ_LISTING,MANUFACTURER_REFERENCE_REQUIRED,https://nordstom.kz/catalog/burs/item-408,nordstom-full-catalog.json
NORD STOM KZ,Кмиз,"ГОЛОВКА АЛМАЗНАЯ ГСАЦС-3,1П-8С",409,,1,1,EXACT_KZ_LISTING,MANUFACTURER_REFERENCE_REQUIRED,https://nordstom.kz/catalog/burs/item-409,nordstom-full-catalog.json
NORD STOM KZ,Кмиз,"ГОЛОВКА АЛМАЗНАЯ ГСАЦС-1,4П-10С",410,,1,1,EXACT_KZ_LISTING,MANUFACTURER_REFERENCE_REQUIRED,https://nordstom.kz/catalog/burs/item-410,nordstom-full-catalog.json
NORD STOM KZ,Кмиз,"ГОЛОВКА АЛМАЗНАЯ ГСАЦ-1,4П-8С",411,,1,1,EXACT_KZ_LISTING,MANUFACTURER_REFERENCE_REQUIRED,https://nordstom.kz/catalog/burs/item-411,nordstom-full-catalog.json
NORD STOM KZ,Кмиз,"ГОЛОВКА АЛМАЗНАЯ ГСАУС-3,3П-7К",412,,1,1,EXACT_KZ_LISTING,MANUFACTURER_REFERENCE_REQUIRED,https://nordstom.kz/catalog/burs/item-412,nordstom-full-catalog.json
NORD STOM KZ,Кмиз,"ГОЛОВКА АЛМАЗНАЯ ГСАУС-2,3П-6С",413,,1,1,EXACT_KZ_LISTING,MANUFACTURER_REFERENCE_REQUIRED,https://nordstom.kz/catalog/burs/item-413,nordstom-full-catalog.json
NORD STOM KZ,Кмиз,"ГОЛОВКА АЛМАЗНАЯ ГСАУ-2,1П-2С",414,,1,1,EXACT_KZ_LISTING,MANUFACTURER_REFERENCE_REQUIRED,https://nordstom.kz/catalog/burs/item-414,nordstom-full-catalog.json
NORD STOM KZ,Кмиз,"ГОЛОВКА АЛМАЗНАЯ ГСАКУ-1,4П-10С",415,,1,1,EXACT_KZ_LISTING,MANUFACTURER_REFERENCE_REQUIRED,https://nordstom.kz/catalog/burs/item-415,nordstom-full-catalog.json
NORD STOM KZ,Кмиз,"ГОЛОВКА АЛМАЗНАЯ ГСАКС-5,0П-10,5 С",416,,1,1,EXACT_KZ_LISTING,MANUFACTURER_REFERENCE_REQUIRED,https://nordstom.kz/catalog/burs/item-416,nordstom-full-catalog.json
NORD STOM KZ,Кмиз,"ГОЛОВКА АЛМАЗНАЯ ГСАКС-3,5П-8С",417,,1,1,EXACT_KZ_LISTING,MANUFACTURER_REFERENCE_REQUIRED,https://nordstom.kz/catalog/burs/item-417,nordstom-full-catalog.json
NORD STOM KZ,Кмиз,"ГОЛОВКА АЛМАЗНАЯ ГСАКС-2,3П-10С",418,,1,1,EXACT_KZ_LISTING,MANUFACTURER_REFERENCE_REQUIRED,https://nordstom.kz/catalog/burs/item-418,nordstom-full-catalog.json
NORD STOM KZ,Кмиз,"ГОЛОВКА АЛМАЗНАЯ ГСАКС-1,6П-10С",419,,1,1,EXACT_KZ_LISTING,MANUFACTURER_REFERENCE_REQUIRED,https://nordstom.kz/catalog/burs/item-419,nordstom-full-catalog.json
NORD STOM KZ,Кмиз,"ГОЛОВКА АЛМАЗНАЯ ГСАКС-1,2П-10С",420,,1,1,EXACT_KZ_LISTING,MANUFACTURER_REFERENCE_REQUIRED,https://nordstom.kz/catalog/burs/item-420,nordstom-full-catalog.json
NORD STOM KZ,Кмиз,"ГОЛОВКА АЛМАЗНАЯ ГСАКМ-2,5П-10С",421,,1,1,EXACT_KZ_LISTING,MANUFACTURER_REFERENCE_REQUIRED,https://nordstom.kz/catalog/burs/item-421,nordstom-full-catalog.json
NORD STOM KZ,Кмиз,"ГОЛОВКА АЛМАЗНАЯ ГСАКМ-1,8П-10С",422,,1,1,EXACT_KZ_LISTING,MANUFACTURER_REFERENCE_REQUIRED,https://nordstom.kz/catalog/burs/item-422,nordstom-full-catalog.json
NORD STOM KZ,Кмиз,"ГОЛОВКА АЛМАЗНАЯ ГСАКМ-1,8П-10М",423,,1,1,EXACT_KZ_LISTING,MANUFACTURER_REFERENCE_REQUIRED,https://nordstom.kz/catalog/burs/item-423,nordstom-full-catalog.json
NORD STOM KZ,Кмиз,"ГОЛОВКА АЛМАЗНАЯ ГСАКМ-1,4П-10К",424,,1,1,EXACT_KZ_LISTING,MANUFACTURER_REFERENCE_REQUIRED,https://nordstom.kz/catalog/burs/item-424,nordstom-full-catalog.json
NORD STOM KZ,Кмиз,"ГОЛОВКА АЛМАЗНАЯ ГСАИ-5,0П-10С",425,,1,1,EXACT_KZ_LISTING,MANUFACTURER_REFERENCE_REQUIRED,https://nordstom.kz/catalog/burs/item-425,nordstom-full-catalog.json
NORD STOM KZ,Кмиз,"ГОЛОВКА АЛМАЗНАЯ ГСАИ-2,5П-6М",426,,1,1,EXACT_KZ_LISTING,MANUFACTURER_REFERENCE_REQUIRED,https://nordstom.kz/catalog/burs/item-426,nordstom-full-catalog.json
NORD STOM KZ,Кмиз,"ГОЛОВКА АЛМАЗНАЯ ГСАИ-2,3П-10С",427,,1,1,EXACT_KZ_LISTING,MANUFACTURER_REFERENCE_REQUIRED,https://nordstom.kz/catalog/burs/item-427,nordstom-full-catalog.json
NORD STOM KZ,Кмиз,"ГОЛОВКА АЛМАЗНАЯ ГСАИ-1,8П-8С",428,,1,1,EXACT_KZ_LISTING,MANUFACTURER_REFERENCE_REQUIRED,https://nordstom.kz/catalog/burs/item-428,nordstom-full-catalog.json
NORD STOM KZ,Кмиз,"ГОЛОВКА АЛМАЗНАЯ ГСАИ-1,4П-10С",429,,1,1,EXACT_KZ_LISTING,MANUFACTURER_REFERENCE_REQUIRED,https://nordstom.kz/catalog/burs/item-429,nordstom-full-catalog.json
NORD STOM KZ,Кмиз,"ГОЛОВКА АЛМАЗНАЯ ГСАИ-1,2П-10С",430,,1,1,EXACT_KZ_LISTING,MANUFACTURER_REFERENCE_REQUIRED,https://nordstom.kz/catalog/burs/item-430,nordstom-full-catalog.json
NORD STOM KZ,Кмиз,ГОЛОВКА АЛМАЗНАЯ ГАП-5П-10К,431,,1,1,EXACT_KZ_LISTING,MANUFACTURER_REFERENCE_REQUIRED,https://nordstom.kz/catalog/burs/item-431,nordstom-full-catalog.json
NORD STOM KZ,Кмиз,БОР ТВС 22-014-7 для углового наконечника,432,,1,1,EXACT_KZ_LISTING,MANUFACTURER_REFERENCE_REQUIRED,https://nordstom.kz/catalog/burs/item-432,nordstom-full-catalog.json
NORD STOM KZ,Кмиз,БОР ТВС 12-016-7 для углового наконечника,433,,1,1,EXACT_KZ_LISTING,MANUFACTURER_REFERENCE_REQUIRED,https://nordstom.kz/catalog/burs/item-433,nordstom-full-catalog.json
NORD STOM KZ,Кмиз,БОР ТВС 11-021-7 для углового наконечника,434,,1,1,EXACT_KZ_LISTING,MANUFACTURER_REFERENCE_REQUIRED,https://nordstom.kz/catalog/burs/item-434,nordstom-full-catalog.json
NORD STOM KZ,Кмиз,БОР ТВС 11-018-7 для углового наконечника,435,,1,1,EXACT_KZ_LISTING,MANUFACTURER_REFERENCE_REQUIRED,https://nordstom.kz/catalog/burs/item-435,nordstom-full-catalog.json
NORD STOM KZ,Кмиз,БОР ТВС 11-016-7 для углового наконечника,436,,1,1,EXACT_KZ_LISTING,MANUFACTURER_REFERENCE_REQUIRED,https://nordstom.kz/catalog/burs/item-436,nordstom-full-catalog.json
NORD STOM KZ,Кмиз,БОР ТВС 11-014-8 L=27 для углового наконечника,437,,1,1,EXACT_KZ_LISTING,MANUFACTURER_REFERENCE_REQUIRED,https://nordstom.kz/catalog/burs/item-437,nordstom-full-catalog.json
NORD STOM KZ,Кмиз,БОР ТВС 11-014-7 для углового наконечника,438,,1,1,EXACT_KZ_LISTING,MANUFACTURER_REFERENCE_REQUIRED,https://nordstom.kz/catalog/burs/item-438,nordstom-full-catalog.json
NORD STOM KZ,Кмиз,БОР ТВС 11-012-7 для углового наконечника,439,,1,1,EXACT_KZ_LISTING,MANUFACTURER_REFERENCE_REQUIRED,https://nordstom.kz/catalog/burs/item-439,nordstom-full-catalog.json
NORD STOM KZ,Кмиз,БОР ТВС 22-016-9 для турбинного наконечника,440,,1,1,EXACT_KZ_LISTING,MANUFACTURER_REFERENCE_REQUIRED,https://nordstom.kz/catalog/burs/item-440,nordstom-full-catalog.json
NORD STOM KZ,Кмиз,БОР ТВС 22-012-9 для турбинного наконечника,441,,1,1,EXACT_KZ_LISTING,MANUFACTURER_REFERENCE_REQUIRED,https://nordstom.kz/catalog/burs/item-441,nordstom-full-catalog.json
NORD STOM KZ,Кмиз,БОР ТВС 12-016-9 для турбинного наконечника,442,,1,1,EXACT_KZ_LISTING,MANUFACTURER_REFERENCE_REQUIRED,https://nordstom.kz/catalog/burs/item-442,nordstom-full-catalog.json
NORD STOM KZ,Кмиз,БОР ТВС 11-021-9 для турбинного наконечника,443,,1,1,EXACT_KZ_LISTING,MANUFACTURER_REFERENCE_REQUIRED,https://nordstom.kz/catalog/burs/item-443,nordstom-full-catalog.json
NORD STOM KZ,Кмиз,БОР ТВС 11-018-9 для турбинного наконечника,444,,1,1,EXACT_KZ_LISTING,MANUFACTURER_REFERENCE_REQUIRED,https://nordstom.kz/catalog/burs/item-444,nordstom-full-catalog.json
NORD STOM KZ,Кмиз,БОР ТВС 11-016-9 для турбинного наконечника,445,,1,1,EXACT_KZ_LISTING,MANUFACTURER_REFERENCE_REQUIRED,https://nordstom.kz/catalog/burs/item-445,nordstom-full-catalog.json
NORD STOM KZ,Кмиз,БОР ТВС 11-014-9 для турбинного наконечника,446,,1,1,EXACT_KZ_LISTING,MANUFACTURER_REFERENCE_REQUIRED,https://nordstom.kz/catalog/burs/item-446,nordstom-full-catalog.json
NORD STOM KZ,Кмиз,БОР ТВС 11-014-6 L=25 для турбинного наконечника,447,,1,1,EXACT_KZ_LISTING,MANUFACTURER_REFERENCE_REQUIRED,https://nordstom.kz/catalog/burs/item-447,nordstom-full-catalog.json
NORD STOM KZ,Кмиз,БОР ТВС 11-012-9 для турбинного наконечника,448,,1,1,EXACT_KZ_LISTING,MANUFACTURER_REFERENCE_REQUIRED,https://nordstom.kz/catalog/burs/item-448,nordstom-full-catalog.json
NORD STOM KZ,Кмиз,БОР ТВС КОЛЕСОВИДНЫЙ ПРЯМОЙ 13-022-5 для прямого наконечника,449,,1,1,EXACT_KZ_LISTING,MANUFACTURER_REFERENCE_REQUIRED,https://nordstom.kz/catalog/burs/item-449,nordstom-full-catalog.json
NORD STOM KZ,Кмиз,БОР ТВС 12-018-5 для прямого наконечника,450,,1,1,EXACT_KZ_LISTING,MANUFACTURER_REFERENCE_REQUIRED,https://nordstom.kz/catalog/burs/item-450,nordstom-full-catalog.json
NORD STOM KZ,Кмиз,БОР ТВС 12-016-5 для прямого наконечника,451,,1,1,EXACT_KZ_LISTING,MANUFACTURER_REFERENCE_REQUIRED,https://nordstom.kz/catalog/burs/item-451,nordstom-full-catalog.json
NORD STOM KZ,Кмиз,БОР ТВС 11-023-5 для прямого наконечника,452,,1,1,EXACT_KZ_LISTING,MANUFACTURER_REFERENCE_REQUIRED,https://nordstom.kz/catalog/burs/item-452,nordstom-full-catalog.json
NORD STOM KZ,Кмиз,БОР ТВС 11-018-5 для прямого наконечника,453,,1,1,EXACT_KZ_LISTING,MANUFACTURER_REFERENCE_REQUIRED,https://nordstom.kz/catalog/burs/item-453,nordstom-full-catalog.json
NORD STOM KZ,КРИСТИДЕНТ,Нагрудники стоматологические «КРИСТИДЕНТ» Премиум Интенсив,482,,1,1,EXACT_KZ_LISTING,MANUFACTURER_REFERENCE_REQUIRED,https://nordstom.kz/catalog/consumables/patient-chest-pads-and-headrests/item-482,nordstom-full-catalog.json
NORD STOM KZ,КРИСТИДЕНТ,"Нагрудники стоматологические «КРИСТИДЕНТ» 2-х слойные и 3-х слойные, Пастель",483,,1,1,EXACT_KZ_LISTING,MANUFACTURER_REFERENCE_REQUIRED,https://nordstom.kz/catalog/consumables/patient-chest-pads-and-headrests/item-483,nordstom-full-catalog.json
NORD STOM KZ,КРИСТИДЕНТ,Салфетки стоматологические «Кристидент»,484,,1,1,EXACT_KZ_LISTING,MANUFACTURER_REFERENCE_REQUIRED,https://nordstom.kz/catalog/consumables/patient-chest-pads-and-headrests/item-484,nordstom-full-catalog.json
NORD STOM KZ,КРИСТИДЕНТ,"Наконечники аспирационные, многоразовые",485,,1,1,EXACT_KZ_LISTING,MANUFACTURER_REFERENCE_REQUIRED,https://nordstom.kz/catalog/consumables/saliva-ejectors-and-vacuum-cleaners/item-485,nordstom-full-catalog.json
NORD STOM KZ,КРИСТИДЕНТ,Переходники для аспирационных наконечников (многоразовые),486,,1,1,EXACT_KZ_LISTING,MANUFACTURER_REFERENCE_REQUIRED,https://nordstom.kz/catalog/consumables/saliva-ejectors-and-vacuum-cleaners/item-486,nordstom-full-catalog.json
NORD STOM KZ,КРИСТИДЕНТ,Слюноотсос стоматологический «КРИСТИДЕНТ» со съемным наконечником одноразовый,487,,1,1,EXACT_KZ_LISTING,MANUFACTURER_REFERENCE_REQUIRED,https://nordstom.kz/catalog/consumables/saliva-ejectors-and-vacuum-cleaners/item-487,nordstom-full-catalog.json
NORD STOM KZ,КРИСТИДЕНТ,Чехлы для подголовников бумажно-полиэтиленовые,488,,1,1,EXACT_KZ_LISTING,MANUFACTURER_REFERENCE_REQUIRED,https://nordstom.kz/catalog/consumables/patient-chest-pads-and-headrests/item-488,nordstom-full-catalog.json
NORD STOM KZ,КРИСТИДЕНТ,Диспенсер для пластиковых и бумажно-пластиковых фартуков в рулонах,489,,1,1,EXACT_KZ_LISTING,MANUFACTURER_REFERENCE_REQUIRED,https://nordstom.kz/catalog/consumables/accessories/item-489,nordstom-full-catalog.json
NORD STOM KZ,КРИСТИДЕНТ,Зажимы для фиксации стоматологических нагрудников,490,,1,1,EXACT_KZ_LISTING,MANUFACTURER_REFERENCE_REQUIRED,https://nordstom.kz/catalog/consumables/accessories/item-490,nordstom-full-catalog.json
NORD STOM KZ,КРИСТИДЕНТ,Зеркало пациента с ручкой,491,,1,1,EXACT_KZ_LISTING,MANUFACTURER_REFERENCE_REQUIRED,https://nordstom.kz/catalog/consumables/accessories/item-491,nordstom-full-catalog.json
NORD STOM KZ,КРИСТИДЕНТ,Контейнер для стоматологических нагрудников,492,,1,1,EXACT_KZ_LISTING,MANUFACTURER_REFERENCE_REQUIRED,https://nordstom.kz/catalog/consumables/accessories/item-492,nordstom-full-catalog.json
NORD STOM KZ,КРИСТИДЕНТ,"Держатели для нагрудников, одноразовые",493,,1,1,EXACT_KZ_LISTING,MANUFACTURER_REFERENCE_REQUIRED,https://nordstom.kz/catalog/consumables/accessories/item-493,nordstom-full-catalog.json
NORD STOM KZ,КРИСТИДЕНТ,"Фартуки для пациента бумажно-полиэтиленовые, в рулоне",494,,1,1,EXACT_KZ_LISTING,MANUFACTURER_REFERENCE_REQUIRED,https://nordstom.kz/catalog/consumables/patient-chest-pads-and-headrests/item-494,nordstom-full-catalog.json
NORD STOM KZ,КРИСТИДЕНТ,Фартуки для пациента,495,,1,1,EXACT_KZ_LISTING,MANUFACTURER_REFERENCE_REQUIRED,https://nordstom.kz/catalog/consumables/patient-chest-pads-and-headrests/item-495,nordstom-full-catalog.json
NORD STOM KZ,КРИСТИДЕНТ,Чехлы защитные для датчика радиовизиографа,496,,1,1,EXACT_KZ_LISTING,MANUFACTURER_REFERENCE_REQUIRED,https://nordstom.kz/catalog/consumables/patient-chest-pads-and-headrests/item-496,nordstom-full-catalog.json
NORD STOM KZ,КРИСТИДЕНТ,Бахилы полиэтиленовые,553,,1,1,EXACT_KZ_LISTING,MANUFACTURER_REFERENCE_REQUIRED,https://nordstom.kz/catalog/consumables/shoe_covers/item-553,nordstom-full-catalog.json
NORD STOM KZ,Омега Дент,Альвостаз губка,129,,1,1,EXACT_KZ_LISTING,MANUFACTURER_REFERENCE_REQUIRED,https://nordstom.kz/catalog/surgery/hemostatic_materials/item-129,nordstom-full-catalog.json
NORD STOM KZ,Омега Дент,Гемостаб AlCl3,130,,1,1,EXACT_KZ_LISTING,MANUFACTURER_REFERENCE_REQUIRED,https://nordstom.kz/catalog/surgery/hemostatic_materials/item-130,nordstom-full-catalog.json
NORD STOM KZ,Омега Дент,Гемостаб FeSO4,131,,1,1,EXACT_KZ_LISTING,MANUFACTURER_REFERENCE_REQUIRED,https://nordstom.kz/catalog/surgery/hemostatic_materials/item-131,nordstom-full-catalog.json
NORD STOM KZ,Омега Дент,Гипохлоран-3,132,,1,1,EXACT_KZ_LISTING,MANUFACTURER_REFERENCE_REQUIRED,https://nordstom.kz/catalog/endodontics/canal-and-periapical-tissue-treatment/item-132,nordstom-full-catalog.json
NORD STOM KZ,Омега Дент,Глассин Рест,133,,1,1,EXACT_KZ_LISTING,MANUFACTURER_REFERENCE_REQUIRED,https://nordstom.kz/catalog/therapy/cements-and-glass-ionomer-filling-materials/item-133,nordstom-full-catalog.json
NORD STOM KZ,Омега Дент,Глассин Фикс,134,,1,1,EXACT_KZ_LISTING,MANUFACTURER_REFERENCE_REQUIRED,https://nordstom.kz/catalog/orthopedics/cements-for-fixation/for-permanent-fixation/item-134,nordstom-full-catalog.json
NORD STOM KZ,Омега Дент,Гуттасилер,135,,1,1,EXACT_KZ_LISTING,MANUFACTURER_REFERENCE_REQUIRED,https://nordstom.kz/catalog/endodontics/root-canal-filling/item-135,nordstom-full-catalog.json
NORD STOM KZ,Омега Дент,Гуттасилер Плюс,136,,1,1,EXACT_KZ_LISTING,MANUFACTURER_REFERENCE_REQUIRED,https://nordstom.kz/catalog/endodontics/root-canal-filling/item-136,nordstom-full-catalog.json
NORD STOM KZ,Омега Дент,Жидкость для сушки и обезжиривания корневых каналов,137,,1,1,EXACT_KZ_LISTING,MANUFACTURER_REFERENCE_REQUIRED,https://nordstom.kz/catalog/endodontics/canal-and-periapical-tissue-treatment/item-137,nordstom-full-catalog.json
NORD STOM KZ,Омега Дент,Иглы эндодонтические Эндонидл,138,,1,1,EXACT_KZ_LISTING,MANUFACTURER_REFERENCE_REQUIRED,https://nordstom.kz/catalog/endodontics/canal-and-periapical-tissue-treatment/item-138,nordstom-full-catalog.json
NORD STOM KZ,Омега Дент,,139,,1,1,EXACT_KZ_LISTING,IDENTITY_REQUIRED,https://nordstom.kz/catalog/endodontics/root-canal-filling/item-139,nordstom-full-catalog.json
NORD STOM KZ,Омега Дент,Кальсепт с йодоформом,140,,1,1,EXACT_KZ_LISTING,MANUFACTURER_REFERENCE_REQUIRED,https://nordstom.kz/catalog/endodontics/root-canal-filling/item-140,nordstom-full-catalog.json
NORD STOM KZ,Омега Дент,Камфорфен В,141,,1,1,EXACT_KZ_LISTING,MANUFACTURER_REFERENCE_REQUIRED,https://nordstom.kz/catalog/endodontics/root-canal-filling/item-141,nordstom-full-catalog.json
NORD STOM KZ,Омега Дент,Кариес-индикатор жидкость,142,,1,1,EXACT_KZ_LISTING,MANUFACTURER_REFERENCE_REQUIRED,https://nordstom.kz/catalog/therapy/prevention-and-treatment/item-142,nordstom-full-catalog.json
NORD STOM KZ,Омега Дент,Лидоксор гель,143,,1,1,EXACT_KZ_LISTING,MANUFACTURER_REFERENCE_REQUIRED,https://nordstom.kz/catalog/anesthesia/item-143,nordstom-full-catalog.json
NORD STOM KZ,Омега Дент,Нон арсеник,144,,1,1,EXACT_KZ_LISTING,MANUFACTURER_REFERENCE_REQUIRED,https://nordstom.kz/catalog/endodontics/pulp-devitalization/item-144,nordstom-full-catalog.json
NORD STOM KZ,Омега Дент,ПолирПаст Z,145,,1,1,EXACT_KZ_LISTING,MANUFACTURER_REFERENCE_REQUIRED,https://nordstom.kz/catalog/polishing-materials/polishing-pastes/item-145,nordstom-full-catalog.json
NORD STOM KZ,Омега Дент,ПолирПаст Z+W,146,,1,1,EXACT_KZ_LISTING,MANUFACTURER_REFERENCE_REQUIRED,https://nordstom.kz/catalog/polishing-materials/polishing-pastes/item-146,nordstom-full-catalog.json
NORD STOM KZ,Омега Дент,Ретрагель,147,,1,1,EXACT_KZ_LISTING,MANUFACTURER_REFERENCE_REQUIRED,https://nordstom.kz/catalog/orthopedics/gum-retraction/item-147,nordstom-full-catalog.json
NORD STOM KZ,Омега Дент,Сенсистаб жидкость,148,,1,1,EXACT_KZ_LISTING,MANUFACTURER_REFERENCE_REQUIRED,https://nordstom.kz/catalog/therapy/prevention-and-treatment/item-148,nordstom-full-catalog.json
NORD STOM KZ,Омега Дент,Скалинг,150,,1,1,EXACT_KZ_LISTING,MANUFACTURER_REFERENCE_REQUIRED,https://nordstom.kz/catalog/polishing-materials/polishing-pastes/item-150,nordstom-full-catalog.json
NORD STOM KZ,Омега Дент,Травекс-37,151,,1,1,EXACT_KZ_LISTING,MANUFACTURER_REFERENCE_REQUIRED,https://nordstom.kz/catalog/therapy/adhesives-primers-acid-barriers-etchants/item-151,nordstom-full-catalog.json
NORD STOM KZ,Омега Дент,Эдеталь гель,152,,1,1,EXACT_KZ_LISTING,MANUFACTURER_REFERENCE_REQUIRED,https://nordstom.kz/catalog/endodontics/canal-and-periapical-tissue-treatment/item-152,nordstom-full-catalog.json
NORD STOM KZ,Омега Дент,Аэр Профи Комфорт,534,,1,1,EXACT_KZ_LISTING,MANUFACTURER_REFERENCE_REQUIRED,https://nordstom.kz/catalog/hygiene-and-whitening/prophylactic-powders/item-534,nordstom-full-catalog.json
NORD STOM KZ,СтомаДент,ПРИЗМАФИЛ набор,176,,1,1,EXACT_KZ_LISTING,MANUFACTURER_REFERENCE_REQUIRED,https://nordstom.kz/catalog/therapy/light-curing-restorative-materials/item-176,nordstom-full-catalog.json
NORD STOM KZ,СтомаДент,"Флоурест набор (А1,А2,А3,А3.5)",177,,1,1,EXACT_KZ_LISTING,MANUFACTURER_REFERENCE_REQUIRED,https://nordstom.kz/catalog/therapy/light-curing-restorative-materials/item-177,nordstom-full-catalog.json
NORD STOM KZ,СтомаДент,Ионолайт (шпр В2 х 3 шт),178,,1,1,EXACT_KZ_LISTING,MANUFACTURER_REFERENCE_REQUIRED,https://nordstom.kz/catalog/therapy/cements-and-glass-ionomer-filling-materials/item-178,nordstom-full-catalog.json
NORD STOM KZ,СтомаДент,Профилак,179,,1,1,EXACT_KZ_LISTING,MANUFACTURER_REFERENCE_REQUIRED,https://nordstom.kz/catalog/therapy/prevention-and-treatment/item-179,nordstom-full-catalog.json
NORD STOM KZ,СтомаДент,"Матрицы металлические контурные с замковым фиксирующим устройством малые, 1.311",295,1.311,1,1,EXACT_KZ_LISTING,CANONICAL_CONTENT_READY,https://nordstom.kz/catalog/therapy/matrices-and-wedges/matrices/item-295,nordstom-full-catalog.json
NORD STOM KZ,Тор ВМ,Диски шлифовальные 1.069,252,1.069,1,1,EXACT_KZ_LISTING,CANONICAL_CONTENT_READY,https://nordstom.kz/catalog/polishing-materials/discs/item-252,nordstom-full-catalog.json
NORD STOM KZ,Тор ВМ,Диски шлифовальные 1.075,253,1.075,1,1,EXACT_KZ_LISTING,CANONICAL_CONTENT_READY,https://nordstom.kz/catalog/polishing-materials/discs/item-253,nordstom-full-catalog.json
NORD STOM KZ,Тор ВМ,Диски шлифовальные 1.070,254,1.070,1,1,EXACT_KZ_LISTING,CANONICAL_CONTENT_READY,https://nordstom.kz/catalog/polishing-materials/discs/item-254,nordstom-full-catalog.json
NORD STOM KZ,Тор ВМ,Диски шлифовальные 1.071,255,1.071,1,1,EXACT_KZ_LISTING,CANONICAL_CONTENT_READY,https://nordstom.kz/catalog/polishing-materials/discs/item-255,nordstom-full-catalog.json
NORD STOM KZ,Тор ВМ,"Диски шлифовальные для окончательного шлифования, 1.733",256,1.733,1,1,EXACT_KZ_LISTING,CANONICAL_CONTENT_READY,https://nordstom.kz/catalog/polishing-materials/discs/item-256,nordstom-full-catalog.json
NORD STOM KZ,Тор ВМ,"Диски шлифовальные для полирования, 1.734",257,1.734,1,1,EXACT_KZ_LISTING,CANONICAL_CONTENT_READY,https://nordstom.kz/catalog/polishing-materials/discs/item-257,nordstom-full-catalog.json
NORD STOM KZ,Тор ВМ,"Диски шлифовальные для предварительного шлифования, 1.732",258,1.732,1,1,EXACT_KZ_LISTING,CANONICAL_CONTENT_READY,https://nordstom.kz/catalog/polishing-materials/discs/item-258,nordstom-full-catalog.json
NORD STOM KZ,Тор ВМ,"Диски шлифовальные для снятия излишков материала, 2.731",259,2.731,1,1,EXACT_KZ_LISTING,CANONICAL_CONTENT_READY,https://nordstom.kz/catalog/polishing-materials/discs/item-259,nordstom-full-catalog.json
NORD STOM KZ,Тор ВМ,"Диски шлифовальные для снятия излишков материала, 2.731",260,2.731,1,1,EXACT_KZ_LISTING,CANONICAL_CONTENT_READY,https://nordstom.kz/catalog/polishing-materials/discs/item-260,nordstom-full-catalog.json
NORD STOM KZ,Тор ВМ,"Диски шлифовальные для снятия излишков материала, 1.731",261,1.731,1,1,EXACT_KZ_LISTING,CANONICAL_CONTENT_READY,https://nordstom.kz/catalog/polishing-materials/discs/item-261,nordstom-full-catalog.json
NORD STOM KZ,Тор ВМ,Дискодержатель угловой для дисков с металлической втулкой 1.121,262,1.121,1,1,EXACT_KZ_LISTING,CANONICAL_CONTENT_READY,https://nordstom.kz/catalog/polishing-materials/discs/item-262,nordstom-full-catalog.json
NORD STOM KZ,Тор ВМ,Клинья фиксирующие деревянные 1.181,263,1.181,1,1,EXACT_KZ_LISTING,CANONICAL_CONTENT_READY,https://nordstom.kz/catalog/therapy/matrices-and-wedges/wedges/item-263,nordstom-full-catalog.json
NORD STOM KZ,Тор ВМ,"Клинья фиксирующие деревянные, 1.080",264,1.080,1,1,EXACT_KZ_LISTING,CANONICAL_CONTENT_READY,https://nordstom.kz/catalog/therapy/matrices-and-wedges/wedges/item-264,nordstom-full-catalog.json
NORD STOM KZ,Тор ВМ,"Клинья фиксирующие деревянные, 1.083",265,1.083,1,1,EXACT_KZ_LISTING,CANONICAL_CONTENT_READY,https://nordstom.kz/catalog/therapy/matrices-and-wedges/wedges/item-265,nordstom-full-catalog.json
NORD STOM KZ,Тор ВМ,"Клинья фиксирующие деревянные, 1.085",266,1.085,1,1,EXACT_KZ_LISTING,CANONICAL_CONTENT_READY,https://nordstom.kz/catalog/therapy/matrices-and-wedges/wedges/item-266,nordstom-full-catalog.json
NORD STOM KZ,Тор ВМ,"Клинья фиксирующие деревянные, 1.182",267,1.182,1,1,EXACT_KZ_LISTING,CANONICAL_CONTENT_READY,https://nordstom.kz/catalog/therapy/matrices-and-wedges/wedges/item-267,nordstom-full-catalog.json
NORD STOM KZ,Тор ВМ,"Клинья фиксирующие пластиковые, 1.840",268,1.840,1,1,EXACT_KZ_LISTING,CANONICAL_CONTENT_READY,https://nordstom.kz/catalog/therapy/matrices-and-wedges/wedges/item-268,nordstom-full-catalog.json
NORD STOM KZ,Тор ВМ,"Набор фиксаторов кольцевых ""Эластик"", 1.808",269,1.808,1,1,EXACT_KZ_LISTING,CANONICAL_CONTENT_READY,https://nordstom.kz/catalog/therapy/matrices-and-wedges/wedges/item-269,nordstom-full-catalog.json
NORD STOM KZ,Тор ВМ,"Фиксаторы кольцевые ""Эластик"", 1.801",270,1.801,1,1,EXACT_KZ_LISTING,CANONICAL_CONTENT_READY,https://nordstom.kz/catalog/therapy/matrices-and-wedges/wedges/item-270,nordstom-full-catalog.json
NORD STOM KZ,Тор ВМ,"Фиксаторы кольцевые ""Эластик"", 1.802",271,1.802,1,1,EXACT_KZ_LISTING,CANONICAL_CONTENT_READY,https://nordstom.kz/catalog/therapy/matrices-and-wedges/wedges/item-271,nordstom-full-catalog.json
NORD STOM KZ,Тор ВМ,"Клинья фиксирующие пластиковые, 1.811",272,1.811,1,1,EXACT_KZ_LISTING,CANONICAL_CONTENT_READY,https://nordstom.kz/catalog/therapy/matrices-and-wedges/wedges/item-272,nordstom-full-catalog.json
NORD STOM KZ,Тор ВМ,"Насадки силиконовые, 1.861",273,1.861,1,1,EXACT_KZ_LISTING,CANONICAL_CONTENT_READY,https://nordstom.kz/catalog/therapy/matrices-and-wedges/matrices/item-273,nordstom-full-catalog.json
NORD STOM KZ,Тор ВМ,"Насадки силиконовые, 1.866",274,1.866,1,1,EXACT_KZ_LISTING,CANONICAL_CONTENT_READY,https://nordstom.kz/catalog/therapy/matrices-and-wedges/matrices/item-274,nordstom-full-catalog.json
NORD STOM KZ,Тор ВМ,"Матрицедержатели трубчатые ""Трубки-насадки"", 1.862",275,1.862,1,1,EXACT_KZ_LISTING,CANONICAL_CONTENT_READY,https://nordstom.kz/catalog/therapy/matrices-and-wedges/matrices/item-275,nordstom-full-catalog.json
NORD STOM KZ,Тор ВМ,Набор матрицедержателей пружинных - колец фиксирующих 1.399,276,1.399,1,1,EXACT_KZ_LISTING,CANONICAL_CONTENT_READY,https://nordstom.kz/catalog/therapy/matrices-and-wedges/matrices/item-276,nordstom-full-catalog.json
NORD STOM KZ,Тор ВМ,"Матрицедержатель пружинный - кольцо фиксирующее, 1.099/5",277,1.099/5,1,1,EXACT_KZ_LISTING,CANONICAL_CONTENT_READY,https://nordstom.kz/catalog/therapy/matrices-and-wedges/matrices/item-277,nordstom-full-catalog.json
NORD STOM KZ,Тор ВМ,"Кольцо ""Д"", 1.166",278,1.166,1,1,EXACT_KZ_LISTING,CANONICAL_CONTENT_READY,https://nordstom.kz/catalog/therapy/matrices-and-wedges/matrices/item-278,nordstom-full-catalog.json
NORD STOM KZ,Тор ВМ,"Кольцо ""M"", 1.177",279,1.177,1,1,EXACT_KZ_LISTING,CANONICAL_CONTENT_READY,https://nordstom.kz/catalog/therapy/matrices-and-wedges/matrices/item-279,nordstom-full-catalog.json
NORD STOM KZ,Тор ВМ,"Кольцо, 1.199",280,1.199,1,1,EXACT_KZ_LISTING,CANONICAL_CONTENT_READY,https://nordstom.kz/catalog/therapy/matrices-and-wedges/matrices/item-280,nordstom-full-catalog.json
NORD STOM KZ,Тор ВМ,"Матрицы металлические секционные 25 шт, 1.098",281,1.098,1,1,EXACT_KZ_LISTING,CANONICAL_CONTENT_READY,https://nordstom.kz/catalog/therapy/matrices-and-wedges/matrices/item-281,nordstom-full-catalog.json
NORD STOM KZ,Тор ВМ,"Матрицы металлические контурные с фиксирующим устройством для премоляров, 1.542",282,1.542,1,1,EXACT_KZ_LISTING,CANONICAL_CONTENT_READY,https://nordstom.kz/catalog/therapy/matrices-and-wedges/matrices/item-282,nordstom-full-catalog.json
NORD STOM KZ,Тор ВМ,"Матрицы лавсановые в рулоне, 1.243",283,1.243,1,1,EXACT_KZ_LISTING,CANONICAL_CONTENT_READY,https://nordstom.kz/catalog/therapy/matrices-and-wedges/matrices/item-283,nordstom-full-catalog.json
NORD STOM KZ,Тор ВМ,"Матрицы лавсановые в рулоне (квадратная упаковка с режущей пластиной), 1.245",284,1.245,1,1,EXACT_KZ_LISTING,CANONICAL_CONTENT_READY,https://nordstom.kz/catalog/therapy/matrices-and-wedges/matrices/item-284,nordstom-full-catalog.json
NORD STOM KZ,Тор ВМ,"Матрицы лавсановые в рулоне, 1.242",285,1.242,1,1,EXACT_KZ_LISTING,CANONICAL_CONTENT_READY,https://nordstom.kz/catalog/therapy/matrices-and-wedges/matrices/item-285,nordstom-full-catalog.json
NORD STOM KZ,Тор ВМ,"Матрицы лавсановые в рулоне, 1.244",286,1.244,1,1,EXACT_KZ_LISTING,CANONICAL_CONTENT_READY,https://nordstom.kz/catalog/therapy/matrices-and-wedges/matrices/item-286,nordstom-full-catalog.json
NORD STOM KZ,Тор ВМ,"Матрицы ""колпачки"" для моляров и премоляров, 1.911",287,1.911,1,1,EXACT_KZ_LISTING,CANONICAL_CONTENT_READY,https://nordstom.kz/catalog/therapy/matrices-and-wedges/matrices/item-287,nordstom-full-catalog.json
NORD STOM KZ,Тор ВМ,"Матрицы ""колпачки"" для фронтальных зубов, 1.910",288,1.910,1,1,EXACT_KZ_LISTING,CANONICAL_CONTENT_READY,https://nordstom.kz/catalog/therapy/matrices-and-wedges/matrices/item-288,nordstom-full-catalog.json
NORD STOM KZ,Тор ВМ,"Матрицы двойные для передних зубов, 1.523",289,1.523,1,1,EXACT_KZ_LISTING,CANONICAL_CONTENT_READY,https://nordstom.kz/catalog/therapy/matrices-and-wedges/matrices/item-289,nordstom-full-catalog.json
NORD STOM KZ,Тор ВМ,"Матрицы металлические замковые. Универсальный набор, 1.330",290,1.330,1,1,EXACT_KZ_LISTING,CANONICAL_CONTENT_READY,https://nordstom.kz/catalog/therapy/matrices-and-wedges/matrices/item-290,nordstom-full-catalog.json
NORD STOM KZ,Тор ВМ,"Матрицы металлические замковые, 1.310",291,1.310,1,1,EXACT_KZ_LISTING,CANONICAL_CONTENT_READY,https://nordstom.kz/catalog/therapy/matrices-and-wedges/matrices/item-291,nordstom-full-catalog.json
NORD STOM KZ,Тор ВМ,"Матрицы металлические плоские с замковым фиксирующим устройством малые, 1.301(3)",292,,1,1,EXACT_KZ_LISTING,MANUFACTURER_REFERENCE_REQUIRED,https://nordstom.kz/catalog/therapy/matrices-and-wedges/matrices/item-292,nordstom-full-catalog.json
NORD STOM KZ,Тор ВМ,"Матрицы металлические плоские с замковым фиксирующим устройством средние, 1.302(1), 1.302(3)",293,,1,1,EXACT_KZ_LISTING,MANUFACTURER_REFERENCE_REQUIRED,https://nordstom.kz/catalog/therapy/matrices-and-wedges/matrices/item-293,nordstom-full-catalog.json
NORD STOM KZ,Тор ВМ,"Матрицы металлические контурные с замковым фиксирующим устройством большие, 1.313 (1), 1.313(3)",294,,1,1,EXACT_KZ_LISTING,MANUFACTURER_REFERENCE_REQUIRED,https://nordstom.kz/catalog/therapy/matrices-and-wedges/matrices/item-294,nordstom-full-catalog.json
NORD STOM KZ,Тор ВМ,"Матрицы металлические контурные с замковым фиксирующим устройством средние, 1.312",296,1.312,1,1,EXACT_KZ_LISTING,CANONICAL_CONTENT_READY,https://nordstom.kz/catalog/therapy/matrices-and-wedges/matrices/item-296,nordstom-full-catalog.json
NORD STOM KZ,Тор ВМ,"Матрицы металлические контурные с фиксирующим устройством для моляров, 1.552",297,1.552,1,1,EXACT_KZ_LISTING,CANONICAL_CONTENT_READY,https://nordstom.kz/catalog/therapy/matrices-and-wedges/matrices/item-297,nordstom-full-catalog.json
NORD STOM KZ,Тор ВМ,"Матрицы для передних зубов, 1.888",298,1.888,1,1,EXACT_KZ_LISTING,CANONICAL_CONTENT_READY,https://nordstom.kz/catalog/therapy/matrices-and-wedges/matrices/item-298,nordstom-full-catalog.json
NORD STOM KZ,Тор ВМ,"Полоски контурные для передних зубов, 1.388",299,1.388,1,1,EXACT_KZ_LISTING,CANONICAL_CONTENT_READY,https://nordstom.kz/catalog/therapy/matrices-and-wedges/matrices/item-299,nordstom-full-catalog.json
NORD STOM KZ,Тор ВМ,"Полоски контурные для передних зубов, 1.387",300,1.387,1,1,EXACT_KZ_LISTING,CANONICAL_CONTENT_READY,https://nordstom.kz/catalog/therapy/matrices-and-wedges/matrices/item-300,nordstom-full-catalog.json
NORD STOM KZ,Тор ВМ,"Матрицы кольцевые, 1.597",301,1.597,1,1,EXACT_KZ_LISTING,CANONICAL_CONTENT_READY,https://nordstom.kz/catalog/therapy/matrices-and-wedges/matrices/item-301,nordstom-full-catalog.json
NORD STOM KZ,Тор ВМ,"Матрицы лепестковые, 1.338",302,1.338,1,1,EXACT_KZ_LISTING,CANONICAL_CONTENT_READY,https://nordstom.kz/catalog/therapy/matrices-and-wedges/matrices/item-302,nordstom-full-catalog.json
NORD STOM KZ,Тор ВМ,"Матрицы лепестковые малые с выступом, 1.351(1)",303,,1,1,EXACT_KZ_LISTING,MANUFACTURER_REFERENCE_REQUIRED,https://nordstom.kz/catalog/therapy/matrices-and-wedges/matrices/item-303,nordstom-full-catalog.json
NORD STOM KZ,Тор ВМ,"Матрицы лепестковые средние с выступом, 1.352(1)",304,,1,1,EXACT_KZ_LISTING,MANUFACTURER_REFERENCE_REQUIRED,https://nordstom.kz/catalog/therapy/matrices-and-wedges/matrices/item-304,nordstom-full-catalog.json
NORD STOM KZ,Тор ВМ,"Полоски сепарационные, 1.382",305,1.382,1,1,EXACT_KZ_LISTING,CANONICAL_CONTENT_READY,https://nordstom.kz/catalog/therapy/matrices-and-wedges/grinding-strips/item-305,nordstom-full-catalog.json
NORD STOM KZ,Тор ВМ,"Матрицы металлические в рулоне, 1.392",306,1.392,1,1,EXACT_KZ_LISTING,CANONICAL_CONTENT_READY,https://nordstom.kz/catalog/therapy/matrices-and-wedges/matrices/item-306,nordstom-full-catalog.json
NORD STOM KZ,Тор ВМ,"Матрицы металлические в рулоне, 1.393",307,1.393,1,1,EXACT_KZ_LISTING,CANONICAL_CONTENT_READY,https://nordstom.kz/catalog/therapy/matrices-and-wedges/matrices/item-307,nordstom-full-catalog.json
NORD STOM KZ,Тор ВМ,"Матрицы металлические перфорированные, 1.331",308,1.331,1,1,EXACT_KZ_LISTING,CANONICAL_CONTENT_READY,https://nordstom.kz/catalog/therapy/matrices-and-wedges/matrices/item-308,nordstom-full-catalog.json
NORD STOM KZ,Тор ВМ,"Матрицы металлические секционные большие с выступом, 1.0974",309,1.0974,1,1,EXACT_KZ_LISTING,CANONICAL_CONTENT_READY,https://nordstom.kz/catalog/therapy/matrices-and-wedges/matrices/item-309,nordstom-full-catalog.json
NORD STOM KZ,Тор ВМ,"Матрицы металлические секционные большие, 1.0973",310,1.0973,1,1,EXACT_KZ_LISTING,CANONICAL_CONTENT_READY,https://nordstom.kz/catalog/therapy/matrices-and-wedges/matrices/item-310,nordstom-full-catalog.json
NORD STOM KZ,Тор ВМ,"Матрицы металлические секционные малые с выступом, 1.0971",311,1.0971,1,1,EXACT_KZ_LISTING,CANONICAL_CONTENT_READY,https://nordstom.kz/catalog/therapy/matrices-and-wedges/matrices/item-311,nordstom-full-catalog.json
NORD STOM KZ,Тор ВМ,"Матрицы металлические секционные малые, 1.0972",312,1.0972,1,1,EXACT_KZ_LISTING,CANONICAL_CONTENT_READY,https://nordstom.kz/catalog/therapy/matrices-and-wedges/matrices/item-312,nordstom-full-catalog.json
NORD STOM KZ,Тор ВМ,"Матрицы металлические секционные средние с выступом, 1.0975",313,1.0975,1,1,EXACT_KZ_LISTING,CANONICAL_CONTENT_READY,https://nordstom.kz/catalog/therapy/matrices-and-wedges/matrices/item-313,nordstom-full-catalog.json
NORD STOM KZ,Тор ВМ,"Матрицы металлические секционные средние, 1.0976",314,1.0976,1,1,EXACT_KZ_LISTING,CANONICAL_CONTENT_READY,https://nordstom.kz/catalog/therapy/matrices-and-wedges/matrices/item-314,nordstom-full-catalog.json
NORD STOM KZ,Тор ВМ,"Матрицы металлические секционные, 1.198",315,1.198,1,1,EXACT_KZ_LISTING,CANONICAL_CONTENT_READY,https://nordstom.kz/catalog/therapy/matrices-and-wedges/matrices/item-315,nordstom-full-catalog.json
NORD STOM KZ,Тор ВМ,"Матрицы металлические секционные, 1.098",316,1.098,1,1,EXACT_KZ_LISTING,CANONICAL_CONTENT_READY,https://nordstom.kz/catalog/therapy/matrices-and-wedges/matrices/item-316,nordstom-full-catalog.json
NORD STOM KZ,Тор ВМ,"Матрицы металлические секционные, 1.298",317,1.298,1,1,EXACT_KZ_LISTING,CANONICAL_CONTENT_READY,https://nordstom.kz/catalog/therapy/matrices-and-wedges/matrices/item-317,nordstom-full-catalog.json
NORD STOM KZ,Тор ВМ,"Матрицы металлические секционные, 1.097",318,,1,1,EXACT_KZ_LISTING,MANUFACTURER_REFERENCE_REQUIRED,https://nordstom.kz/catalog/therapy/matrices-and-wedges/matrices/item-318,nordstom-full-catalog.json
NORD STOM KZ,Тор ВМ,Набор полосок сепарационных с держателем и ключом 1.370,319,1.370,1,1,EXACT_KZ_LISTING,CANONICAL_CONTENT_READY,https://nordstom.kz/catalog/therapy/matrices-and-wedges/grinding-strips/item-319,nordstom-full-catalog.json
NORD STOM KZ,Тор ВМ,Полоски сепарационные среднезернистые 1.385М1,320,1.385М1,1,1,EXACT_KZ_LISTING,CANONICAL_CONTENT_READY,https://nordstom.kz/catalog/therapy/matrices-and-wedges/grinding-strips/item-320,nordstom-full-catalog.json
NORD STOM KZ,Тор ВМ,Полоски сепарационные зубчатые 1.384 (1),321,,1,1,EXACT_KZ_LISTING,MANUFACTURER_REFERENCE_REQUIRED,https://nordstom.kz/catalog/therapy/matrices-and-wedges/grinding-strips/item-321,nordstom-full-catalog.json
NORD STOM KZ,Тор ВМ,Полоски алмазные крупнозернистые 1.150,322,1.150,1,1,EXACT_KZ_LISTING,CANONICAL_CONTENT_READY,https://nordstom.kz/catalog/therapy/matrices-and-wedges/grinding-strips/item-322,nordstom-full-catalog.json
NORD STOM KZ,Тор ВМ,Полоски алмазные среднезернистые 1.151,323,1.151,1,1,EXACT_KZ_LISTING,CANONICAL_CONTENT_READY,https://nordstom.kz/catalog/therapy/matrices-and-wedges/grinding-strips/item-323,nordstom-full-catalog.json
NORD STOM KZ,Тор ВМ,Полоски шлифовальные 1.055,324,1.055,1,1,EXACT_KZ_LISTING,CANONICAL_CONTENT_READY,https://nordstom.kz/catalog/therapy/matrices-and-wedges/grinding-strips/item-324,nordstom-full-catalog.json
NORD STOM KZ,Тор ВМ,Полоски шлифовальные 1.053,325,1.053,1,1,EXACT_KZ_LISTING,CANONICAL_CONTENT_READY,https://nordstom.kz/catalog/therapy/matrices-and-wedges/grinding-strips/item-325,nordstom-full-catalog.json
NORD STOM KZ,Тор ВМ,Пластины для удаления зубного камня 1.386,326,1.386,1,1,EXACT_KZ_LISTING,CANONICAL_CONTENT_READY,https://nordstom.kz/catalog/therapy/matrices-and-wedges/grinding-strips/item-326,nordstom-full-catalog.json
NORD STOM KZ,Тор ВМ,Ретрактор для укладки нити малый 1.016S,327,1.016S,1,1,EXACT_KZ_LISTING,CANONICAL_CONTENT_READY,https://nordstom.kz/catalog/instuments/item-327,nordstom-full-catalog.json
NORD STOM KZ,Тор ВМ,Симметричные клампы 0/00/1,328,0/00/1,1,1,EXACT_KZ_LISTING,CANONICAL_CONTENT_READY,https://nordstom.kz/catalog/therapy/matrices-and-wedges/clamps/item-328,nordstom-full-catalog.json
NORD STOM KZ,Тор ВМ,"Клампы ""Левый-Правый"" 12А/13А",329,12А/13А,1,1,EXACT_KZ_LISTING,CANONICAL_CONTENT_READY,https://nordstom.kz/catalog/therapy/matrices-and-wedges/clamps/item-329,nordstom-full-catalog.json
NORD STOM KZ,Тор ВМ,Клампы Левый-Правый 138/139,330,138/139,1,1,EXACT_KZ_LISTING,CANONICAL_CONTENT_READY,https://nordstom.kz/catalog/therapy/matrices-and-wedges/clamps/item-330,nordstom-full-catalog.json
NORD STOM KZ,Тор ВМ,Симметричные клампы 14/14А,331,14/14А,1,1,EXACT_KZ_LISTING,CANONICAL_CONTENT_READY,https://nordstom.kz/catalog/therapy/matrices-and-wedges/clamps/item-331,nordstom-full-catalog.json
NORD STOM KZ,Тор ВМ,Симметричные клампы 2/W2,332,2/W2,1,1,EXACT_KZ_LISTING,CANONICAL_CONTENT_READY,https://nordstom.kz/catalog/therapy/matrices-and-wedges/clamps/item-332,nordstom-full-catalog.json
NORD STOM KZ,Тор ВМ,Симметричные клампы 201/202,333,201/202,1,1,EXACT_KZ_LISTING,CANONICAL_CONTENT_READY,https://nordstom.kz/catalog/therapy/matrices-and-wedges/clamps/item-333,nordstom-full-catalog.json
NORD STOM KZ,Тор ВМ,Клампы для передних зубов 210/212,334,210/212,1,1,EXACT_KZ_LISTING,CANONICAL_CONTENT_READY,https://nordstom.kz/catalog/therapy/matrices-and-wedges/clamps/item-334,nordstom-full-catalog.json
NORD STOM KZ,Тор ВМ,"Клампы ""Левый-Правый"", 22/23",335,22/23,1,1,EXACT_KZ_LISTING,CANONICAL_CONTENT_READY,https://nordstom.kz/catalog/therapy/matrices-and-wedges/clamps/item-335,nordstom-full-catalog.json
NORD STOM KZ,Тор ВМ,"Клампы ""Правый-Левый"" 24/25",336,24/25,1,1,EXACT_KZ_LISTING,CANONICAL_CONTENT_READY,https://nordstom.kz/catalog/therapy/matrices-and-wedges/clamps/item-336,nordstom-full-catalog.json
NORD STOM KZ,Тор ВМ,Симметричные клампы 2A/W2A,337,2A/W2A,1,1,EXACT_KZ_LISTING,CANONICAL_CONTENT_READY,https://nordstom.kz/catalog/therapy/matrices-and-wedges/clamps/item-337,nordstom-full-catalog.json
NORD STOM KZ,Тор ВМ,Симметричные клампы W8A/8/8A,338,W8A/8/8A,1,1,EXACT_KZ_LISTING,CANONICAL_CONTENT_READY,https://nordstom.kz/catalog/therapy/matrices-and-wedges/clamps/item-338,nordstom-full-catalog.json
NORD STOM KZ,Тор ВМ,Симметричные клампы 7/W3/W7,339,7/W3/W7,1,1,EXACT_KZ_LISTING,CANONICAL_CONTENT_READY,https://nordstom.kz/catalog/therapy/matrices-and-wedges/clamps/item-339,nordstom-full-catalog.json
NORD STOM KZ,Тор ВМ,Клампы Брикера (ретракторы десневого края) В2/В3,340,В2/В3,1,1,EXACT_KZ_LISTING,CANONICAL_CONTENT_READY,https://nordstom.kz/catalog/therapy/matrices-and-wedges/clamps/item-340,nordstom-full-catalog.json
NORD STOM KZ,Тор ВМ,Клампы Брикера (ретракторы десневого края) В1,341,В1,1,1,EXACT_KZ_LISTING,CANONICAL_CONTENT_READY,https://nordstom.kz/catalog/therapy/matrices-and-wedges/clamps/item-341,nordstom-full-catalog.json
NORD STOM KZ,Тор ВМ,Клампы Брикера (ретракторы десневого края) В4/В4-М,342,В4/В4-М,1,1,EXACT_KZ_LISTING,CANONICAL_CONTENT_READY,https://nordstom.kz/catalog/therapy/matrices-and-wedges/clamps/item-342,nordstom-full-catalog.json
NORD STOM KZ,Тор ВМ,Клампы Брикера (ретракторы десневого края) В5/В6,343,В5/В6,1,1,EXACT_KZ_LISTING,CANONICAL_CONTENT_READY,https://nordstom.kz/catalog/therapy/matrices-and-wedges/clamps/item-343,nordstom-full-catalog.json
NORD STOM KZ,Тор ВМ,Матрицедержатель пружинный - Фиксатор замыкающий малый 1.003,344,1.003,1,1,EXACT_KZ_LISTING,CANONICAL_CONTENT_READY,https://nordstom.kz/catalog/therapy/matrices-and-wedges/matrices/item-344,nordstom-full-catalog.json
NORD STOM KZ,Тор ВМ,Матрицедержатель пружинный - Фиксатор замыкающий большой 1.005,345,1.005,1,1,EXACT_KZ_LISTING,CANONICAL_CONTENT_READY,https://nordstom.kz/catalog/therapy/matrices-and-wedges/matrices/item-345,nordstom-full-catalog.json
NORD STOM KZ,Тор ВМ,"Щипцы для установки пружинных держателей - колец, 1.099-1",346,1.099-1,1,1,EXACT_KZ_LISTING,CANONICAL_CONTENT_READY,https://nordstom.kz/catalog/therapy/matrices-and-wedges/matrices/item-346,nordstom-full-catalog.json
NORD STOM KZ,Тор ВМ,"Щипцы для установки пружинных держателей - колец, с ограничителем, 1.099-2",347,1.099-2,1,1,EXACT_KZ_LISTING,CANONICAL_CONTENT_READY,https://nordstom.kz/catalog/therapy/matrices-and-wedges/matrices/item-347,nordstom-full-catalog.json
NORD STOM KZ,Тор ВМ,Клампы для передних зубов 9/W9,348,9/W9,1,1,EXACT_KZ_LISTING,CANONICAL_CONTENT_READY,https://nordstom.kz/catalog/therapy/matrices-and-wedges/clamps/item-348,nordstom-full-catalog.json
NORD STOM KZ,Тор ВМ,Набор клампов 3.014,349,3.014,1,1,EXACT_KZ_LISTING,CANONICAL_CONTENT_READY,https://nordstom.kz/catalog/therapy/matrices-and-wedges/clamps/item-349,nordstom-full-catalog.json
NORD STOM KZ,Тор ВМ,Держатель полосок сепарационных 1.369,350,1.369,1,1,EXACT_KZ_LISTING,CANONICAL_CONTENT_READY,https://nordstom.kz/catalog/therapy/matrices-and-wedges/grinding-strips/item-350,nordstom-full-catalog.json
NORD STOM KZ,Тор ВМ,Матрицы металлические секционные средние с выступом 1.975,351,1.975,1,1,EXACT_KZ_LISTING,CANONICAL_CONTENT_READY,https://nordstom.kz/catalog/therapy/matrices-and-wedges/matrices/item-351,nordstom-full-catalog.json
NORD STOM KZ,Тор ВМ,Матрицы металлические секционные средние 1.976,352,1.976,1,1,EXACT_KZ_LISTING,CANONICAL_CONTENT_READY,https://nordstom.kz/catalog/therapy/matrices-and-wedges/matrices/item-352,nordstom-full-catalog.json
NORD STOM KZ,Тор ВМ,Матрицы металлические секционные малые с выступом 1.971,353,1.971,1,1,EXACT_KZ_LISTING,CANONICAL_CONTENT_READY,https://nordstom.kz/catalog/therapy/matrices-and-wedges/matrices/item-353,nordstom-full-catalog.json
NORD STOM KZ,Тор ВМ,Матрицы металлические секционные большие с выступом 1.974,354,1.974,1,1,EXACT_KZ_LISTING,CANONICAL_CONTENT_READY,https://nordstom.kz/catalog/therapy/matrices-and-wedges/matrices/item-354,nordstom-full-catalog.json
NORD STOM KZ,Тор ВМ,Матрицы металлические секционные малые 1.972,355,1.972,1,1,EXACT_KZ_LISTING,CANONICAL_CONTENT_READY,https://nordstom.kz/catalog/therapy/matrices-and-wedges/matrices/item-355,nordstom-full-catalog.json
NORD STOM KZ,Целит,Эндовит,230,,1,1,EXACT_KZ_LISTING,MANUFACTURER_REFERENCE_REQUIRED,https://nordstom.kz/catalog/endodontics/root-canal-filling/item-230,nordstom-full-catalog.json
NORD STOM KZ,Целит,Гипс зуботехнический α rock тип 3 голубой,231,,1,1,EXACT_KZ_LISTING,MANUFACTURER_REFERENCE_REQUIRED,https://nordstom.kz/catalog/dental-materials/dental-gypsum/item-231,nordstom-full-catalog.json
NORD STOM KZ,Целит,Гипс зуботехнический α rock тип 4 бежевый,232,,1,1,EXACT_KZ_LISTING,MANUFACTURER_REFERENCE_REQUIRED,https://nordstom.kz/catalog/dental-materials/dental-gypsum/item-232,nordstom-full-catalog.json
NORD STOM KZ,Целит,"Гипс зуботехнический α rock тип 4, бежевый",233,,1,1,EXACT_KZ_LISTING,MANUFACTURER_REFERENCE_REQUIRED,https://nordstom.kz/catalog/dental-materials/dental-gypsum/item-233,nordstom-full-catalog.json
NORD STOM KZ,Целит,"Гипс зуботехнический α rock тип 3, голубой",234,,1,1,EXACT_KZ_LISTING,MANUFACTURER_REFERENCE_REQUIRED,https://nordstom.kz/catalog/dental-materials/dental-gypsum/item-234,nordstom-full-catalog.json
NORD STOM KZ,Целит,Изолак Гипс-Пластмасса,235,,1,1,EXACT_KZ_LISTING,MANUFACTURER_REFERENCE_REQUIRED,https://nordstom.kz/catalog/dental-materials/modeling/auxiliary-tools-for-modeling/item-235,nordstom-full-catalog.json
NORD STOM KZ,Целит,Кависил,236,,1,1,EXACT_KZ_LISTING,MANUFACTURER_REFERENCE_REQUIRED,https://nordstom.kz/catalog/therapy/temporary-filling-materials/item-236,nordstom-full-catalog.json
NORD STOM KZ,Целит,Круги прорезные КПП 20*0.5,237,,1,1,EXACT_KZ_LISTING,MANUFACTURER_REFERENCE_REQUIRED,https://nordstom.kz/catalog/dental-materials/processing-sandblasting/rotary-tools/item-237,nordstom-full-catalog.json
NORD STOM KZ,Целит,Круги прорезные КПП 38*1,238,,1,1,EXACT_KZ_LISTING,MANUFACTURER_REFERENCE_REQUIRED,https://nordstom.kz/catalog/dental-materials/processing-sandblasting/rotary-tools/item-238,nordstom-full-catalog.json
NORD STOM KZ,Целит,Круги прорезные КПП 38*2,239,,1,1,EXACT_KZ_LISTING,MANUFACTURER_REFERENCE_REQUIRED,https://nordstom.kz/catalog/dental-materials/processing-sandblasting/rotary-tools/item-239,nordstom-full-catalog.json
NORD STOM KZ,Целит,Круги шлифовальные ПП22,240,,1,1,EXACT_KZ_LISTING,MANUFACTURER_REFERENCE_REQUIRED,https://nordstom.kz/catalog/dental-materials/processing-sandblasting/rotary-tools/item-240,nordstom-full-catalog.json
NORD STOM KZ,Целит,Круги шлифовальные ПП50 зеленые,241,,1,1,EXACT_KZ_LISTING,MANUFACTURER_REFERENCE_REQUIRED,https://nordstom.kz/catalog/dental-materials/processing-sandblasting/rotary-tools/item-241,nordstom-full-catalog.json
NORD STOM KZ,Целит,Круги шлифовальные ПП50 синие,242,,1,1,EXACT_KZ_LISTING,MANUFACTURER_REFERENCE_REQUIRED,https://nordstom.kz/catalog/dental-materials/processing-sandblasting/rotary-tools/item-242,nordstom-full-catalog.json
NORD STOM KZ,Целит,Круги шлифовальные ПП50 сиреневые,243,,1,1,EXACT_KZ_LISTING,MANUFACTURER_REFERENCE_REQUIRED,https://nordstom.kz/catalog/dental-materials/processing-sandblasting/rotary-tools/item-243,nordstom-full-catalog.json
NORD STOM KZ,Целит,Круги шлифовальные ЧО50,244,,1,1,EXACT_KZ_LISTING,MANUFACTURER_REFERENCE_REQUIRED,https://nordstom.kz/catalog/dental-materials/processing-sandblasting/rotary-tools/item-244,nordstom-full-catalog.json
NORD STOM KZ,Целит,Круги шлифовальные ЧО18,245,,1,1,EXACT_KZ_LISTING,MANUFACTURER_REFERENCE_REQUIRED,https://nordstom.kz/catalog/dental-materials/processing-sandblasting/rotary-tools/item-245,nordstom-full-catalog.json
NORD STOM KZ,Целит,Policron-classic,246,,1,1,EXACT_KZ_LISTING,MANUFACTURER_REFERENCE_REQUIRED,https://nordstom.kz/catalog/dental-materials/processing-sandblasting/polish/item-246,nordstom-full-catalog.json
NORD STOM KZ,Целит,Policron-extra,247,,1,1,EXACT_KZ_LISTING,MANUFACTURER_REFERENCE_REQUIRED,https://nordstom.kz/catalog/dental-materials/processing-sandblasting/polish/item-247,nordstom-full-catalog.json
NORD STOM KZ,Целит,ПолирПро порошок,248,,1,1,EXACT_KZ_LISTING,MANUFACTURER_REFERENCE_REQUIRED,https://nordstom.kz/catalog/dental-materials/processing-sandblasting/polish/item-248,nordstom-full-catalog.json
NORD STOM KZ,Целит,Polir Pro паста,249,,1,1,EXACT_KZ_LISTING,MANUFACTURER_REFERENCE_REQUIRED,https://nordstom.kz/catalog/dental-materials/processing-sandblasting/polish/item-249,nordstom-full-catalog.json
NORD STOM KZ,Целит,Чаша для замешивания,250,,1,1,EXACT_KZ_LISTING,MANUFACTURER_REFERENCE_REQUIRED,https://nordstom.kz/catalog/dental-materials/podgotovka/podgotovka/item-250,nordstom-full-catalog.json
NORD STOM KZ,Целит,Экран защитный,251,,1,1,EXACT_KZ_LISTING,MANUFACTURER_REFERENCE_REQUIRED,https://nordstom.kz/catalog/consumables/goggles/item-251,nordstom-full-catalog.json
TOBOOM official,TOBOOM,Rubber cyclone wheel (for low speed bending machine),12,RA 3306G,1,2,KZ_BRAND_AND_SELECTED_SKUS,KZ_SKU_EVIDENCE_REQUIRED,https://en.toboom.com.cn/product/12.html,toboom-manufacturer-catalog.json
TOBOOM official,TOBOOM,Multifunctional rubber cyclone wheel (for low speed bending machine),13,RA 3403 G,1,2,KZ_BRAND_AND_SELECTED_SKUS,KZ_SKU_EVIDENCE_REQUIRED,https://en.toboom.com.cn/product/13.html,toboom-manufacturer-catalog.json
TOBOOM official,TOBOOM,Glass ceramic polishing set ((for low speed bending machine),14,RA 1212 D,1,1,KZ_BRAND_AND_SELECTED_SKUS,KZ_SKU_EVIDENCE_REQUIRED,https://en.toboom.com.cn/product/14.html,toboom-manufacturer-catalog.json
TOBOOM official,TOBOOM,Elastomeric Ceramic Polishing Set (For Low Speed Bending Machine),15,,1,1,KZ_BRAND_AND_SELECTED_SKUS,MANUFACTURER_REFERENCE_REQUIRED,https://en.toboom.com.cn/product/15.html,toboom-manufacturer-catalog.json
TOBOOM official,TOBOOM,Zirconia polishing set (for low speed bending machine),16,RA 0212 D,1,1,KZ_BRAND_AND_SELECTED_SKUS,KZ_SKU_EVIDENCE_REQUIRED,https://en.toboom.com.cn/product/16.html,toboom-manufacturer-catalog.json
TOBOOM official,TOBOOM,Porcelain polishing set (for low speed bending machine),17,RA 0212 D,1,1,KZ_BRAND_AND_SELECTED_SKUS,KZ_SKU_EVIDENCE_REQUIRED,https://en.toboom.com.cn/product/17.html,toboom-manufacturer-catalog.json
TOBOOM official,TOBOOM,Composite resin polishing set (for low speed bending machine),18,RA 0312 D,1,1,KZ_BRAND_AND_SELECTED_SKUS,KZ_SKU_EVIDENCE_REQUIRED,https://en.toboom.com.cn/product/18.html,toboom-manufacturer-catalog.json
TOBOOM official,TOBOOM,Clinical temporary crown polishing set (for low-speed straight machine),19,HP 1405 E,1,1,KZ_BRAND_AND_SELECTED_SKUS,KZ_SKU_EVIDENCE_REQUIRED,https://en.toboom.com.cn/product/19.html,toboom-manufacturer-catalog.json
TOBOOM official,TOBOOM,Glass ceramic polishing set (for low speed straight machine),20,,1,1,KZ_BRAND_AND_SELECTED_SKUS,MANUFACTURER_REFERENCE_REQUIRED,https://en.toboom.com.cn/product/20.html,toboom-manufacturer-catalog.json
TOBOOM official,TOBOOM,Elastic ceramic polishing set (for low speed straight machine),21,,1,1,KZ_BRAND_AND_SELECTED_SKUS,MANUFACTURER_REFERENCE_REQUIRED,https://en.toboom.com.cn/product/21.html,toboom-manufacturer-catalog.json
TOBOOM official,TOBOOM,Zirconia polishing set (for low-speed straightening machines),22,HP 0109 D,1,1,KZ_BRAND_AND_SELECTED_SKUS,KZ_SKU_EVIDENCE_REQUIRED,https://en.toboom.com.cn/product/22.html,toboom-manufacturer-catalog.json
TOBOOM official,TOBOOM,Porcelain polishing set (for low-speed straight machine),23,,1,1,KZ_BRAND_AND_SELECTED_SKUS,MANUFACTURER_REFERENCE_REQUIRED,https://en.toboom.com.cn/product/23.html,toboom-manufacturer-catalog.json
TOBOOM official,TOBOOM,Resin base polishing set (for low speed straight machine),24,,1,1,KZ_BRAND_AND_SELECTED_SKUS,MANUFACTURER_REFERENCE_REQUIRED,https://en.toboom.com.cn/product/24.html,toboom-manufacturer-catalog.json
TOBOOM official,TOBOOM,Porcelain veneer preparation set (for high speed/low speed bending machine),25,,1,1,KZ_BRAND_AND_SELECTED_SKUS,MANUFACTURER_REFERENCE_REQUIRED,https://en.toboom.com.cn/product/25.html,toboom-manufacturer-catalog.json
TOBOOM official,TOBOOM,Clinical composite resin preparation polishing set (for high speed/low speed bending machine),26,,1,1,KZ_BRAND_AND_SELECTED_SKUS,MANUFACTURER_REFERENCE_REQUIRED,https://en.toboom.com.cn/product/26.html,toboom-manufacturer-catalog.json
TOBOOM official,TOBOOM,"Inlays, Onlays, Overlays, Veneer Sets",27,,1,1,KZ_BRAND_AND_SELECTED_SKUS,MANUFACTURER_REFERENCE_REQUIRED,https://en.toboom.com.cn/product/27.html,toboom-manufacturer-catalog.json
TOBOOM official,TOBOOM,Anterior teeth (all-ceramic/porcelain) tooth preparation set (for high-speed/low-speed bending machine),28,FG 0610 D,1,1,KZ_BRAND_AND_SELECTED_SKUS,KZ_SKU_EVIDENCE_REQUIRED,https://en.toboom.com.cn/product/28.html,toboom-manufacturer-catalog.json
TOBOOM official,TOBOOM,Posterior Teeth (All Porcelain/Porcelain) Teeth Preparation Set (For High Speed/Low Speed Bending Machine),29,FG 0710 D,1,1,KZ_BRAND_AND_SELECTED_SKUS,KZ_SKU_EVIDENCE_REQUIRED,https://en.toboom.com.cn/product/29.html,toboom-manufacturer-catalog.json
TOBOOM official,TOBOOM,Porcelain veneer preparation set (for high speed/low speed bending machine),30,FG 0807 D,1,1,KZ_BRAND_AND_SELECTED_SKUS,KZ_SKU_EVIDENCE_REQUIRED,https://en.toboom.com.cn/product/30.html,toboom-manufacturer-catalog.json
TOBOOM official,TOBOOM,Inlay (porcelain/metal) dental preparation set (for high speed/low speed bending machine),31,FG 0908 D,1,1,KZ_BRAND_AND_SELECTED_SKUS,KZ_SKU_EVIDENCE_REQUIRED,https://en.toboom.com.cn/product/31.html,toboom-manufacturer-catalog.json
TOBOOM official,TOBOOM,SG-0 Series Silicone Bond Polisher SG 001 2,32,SG 0012 | SG 001 2,1,1,KZ_BRAND_AND_SELECTED_SKUS,KZ_SKU_EVIDENCE_REQUIRED,https://en.toboom.com.cn/product/32.html,toboom-manufacturer-catalog.json
TOBOOM official,TOBOOM,All-ceramic/porcelain preparation set for anterior and posterior teeth (for high-speed/low-speed bending machines),33,FG 1112D,1,1,KZ_BRAND_AND_SELECTED_SKUS,KZ_SKU_EVIDENCE_REQUIRED,https://en.toboom.com.cn/product/33.html,toboom-manufacturer-catalog.json
TOBOOM official,TOBOOM,"Inlay (porcelain, metal) dental preparation set",34,,1,1,KZ_BRAND_AND_SELECTED_SKUS,MANUFACTURER_REFERENCE_REQUIRED,https://en.toboom.com.cn/product/34.html,toboom-manufacturer-catalog.json
TOBOOM official,TOBOOM,"Anterior and posterior teeth (all-ceramic, porcelain) dental preparation set",35,,1,1,KZ_BRAND_AND_SELECTED_SKUS,MANUFACTURER_REFERENCE_REQUIRED,https://en.toboom.com.cn/product/35.html,toboom-manufacturer-catalog.json
TOBOOM official,TOBOOM,SG-0 Series Silicone Bond Polisher SG 002 2,36,SG 0022 | SG 002 2,1,1,KZ_BRAND_AND_SELECTED_SKUS,KZ_SKU_EVIDENCE_REQUIRED,https://en.toboom.com.cn/product/36.html,toboom-manufacturer-catalog.json
TOBOOM official,TOBOOM,SG-0 Series Silicone Bond Polisher SG 006 2,37,SG 0062 | SG 006 2,1,1,KZ_BRAND_AND_SELECTED_SKUS,KZ_SKU_EVIDENCE_REQUIRED,https://en.toboom.com.cn/product/37.html,toboom-manufacturer-catalog.json
TOBOOM official,TOBOOM,SG-0 Series Silicone Bond Polisher SG 007 2,38,SG 0072 | SG 007 2,1,1,KZ_BRAND_AND_SELECTED_SKUS,KZ_SKU_EVIDENCE_REQUIRED,https://en.toboom.com.cn/product/38.html,toboom-manufacturer-catalog.json
TOBOOM official,TOBOOM,SG-0 Series Silicone Bond Polisher SG 008 2,39,SG 0082 | SG 008 2,1,1,KZ_BRAND_AND_SELECTED_SKUS,KZ_SKU_EVIDENCE_REQUIRED,https://en.toboom.com.cn/product/39.html,toboom-manufacturer-catalog.json
TOBOOM official,TOBOOM,SG-0 Series Silicone Bond Polisher SG 009 2,40,SG 0012 | SG 009 2,1,1,KZ_BRAND_AND_SELECTED_SKUS,KZ_SKU_EVIDENCE_REQUIRED,https://en.toboom.com.cn/product/40.html,toboom-manufacturer-catalog.json
TOBOOM official,TOBOOM,SG-0 Series Silicone Bond Polisher SG 011 2,41,SG 0012 | SG 011 2,1,1,KZ_BRAND_AND_SELECTED_SKUS,KZ_SKU_EVIDENCE_REQUIRED,https://en.toboom.com.cn/product/41.html,toboom-manufacturer-catalog.json
TOBOOM official,TOBOOM,SG-0 Series Silicone Bond Polisher SG 012 2,42,SG 0012 | SG 012 2,1,1,KZ_BRAND_AND_SELECTED_SKUS,KZ_SKU_EVIDENCE_REQUIRED,https://en.toboom.com.cn/product/42.html,toboom-manufacturer-catalog.json
TOBOOM official,TOBOOM,SG-0 Series Silicone Bond Polisher SG 001 3,43,SG 0013 | SG 001 3,1,1,KZ_BRAND_AND_SELECTED_SKUS,KZ_SKU_EVIDENCE_REQUIRED,https://en.toboom.com.cn/product/43.html,toboom-manufacturer-catalog.json
TOBOOM official,TOBOOM,SG-0 Series Silicone Bond Polisher SG 002 3,44,SG 0023 | SG 002 3,1,1,KZ_BRAND_AND_SELECTED_SKUS,KZ_SKU_EVIDENCE_REQUIRED,https://en.toboom.com.cn/product/44.html,toboom-manufacturer-catalog.json
TOBOOM official,TOBOOM,SG-0 Series Silicone Bond Polisher SG 006 3,45,SG 0063 | SG 006 3,1,1,KZ_BRAND_AND_SELECTED_SKUS,KZ_SKU_EVIDENCE_REQUIRED,https://en.toboom.com.cn/product/45.html,toboom-manufacturer-catalog.json
TOBOOM official,TOBOOM,SG-0 Series Silicone Bond Polisher SG 007 3,46,SG 0073 | SG 007 3,1,1,KZ_BRAND_AND_SELECTED_SKUS,KZ_SKU_EVIDENCE_REQUIRED,https://en.toboom.com.cn/product/46.html,toboom-manufacturer-catalog.json
TOBOOM official,TOBOOM,SG-0 Series Silicone Bond Polisher SG 008 3,47,S G 0083 | SG 008 3,1,1,KZ_BRAND_AND_SELECTED_SKUS,KZ_SKU_EVIDENCE_REQUIRED,https://en.toboom.com.cn/product/47.html,toboom-manufacturer-catalog.json
TOBOOM official,TOBOOM,SG-0 Series Silicone Bond Polisher SG 009 3,48,SG 0093 | SG 009 3,1,1,KZ_BRAND_AND_SELECTED_SKUS,KZ_SKU_EVIDENCE_REQUIRED,https://en.toboom.com.cn/product/48.html,toboom-manufacturer-catalog.json
TOBOOM official,TOBOOM,SG-0 Series Silicone Bond Polisher SG 011 3,49,SG 0113 | SG 011 3,1,1,KZ_BRAND_AND_SELECTED_SKUS,KZ_SKU_EVIDENCE_REQUIRED,https://en.toboom.com.cn/product/49.html,toboom-manufacturer-catalog.json
TOBOOM official,TOBOOM,SG-0 Series Silicone Bond Polisher SG 012 3,50,SG 0123 | SG 012 3,1,1,KZ_BRAND_AND_SELECTED_SKUS,KZ_SKU_EVIDENCE_REQUIRED,https://en.toboom.com.cn/product/50.html,toboom-manufacturer-catalog.json
TOBOOM official,TOBOOM,φ3mm fixed rod,51,,1,1,KZ_BRAND_AND_SELECTED_SKUS,MANUFACTURER_REFERENCE_REQUIRED,https://en.toboom.com.cn/product/51.html,toboom-manufacturer-catalog.json
TOBOOM official,TOBOOM,φ3mm fixed rod,52,,1,1,KZ_BRAND_AND_SELECTED_SKUS,MANUFACTURER_REFERENCE_REQUIRED,https://en.toboom.com.cn/product/52.html,toboom-manufacturer-catalog.json
TOBOOM official,TOBOOM,φ6mm fixed rod,53,,1,1,KZ_BRAND_AND_SELECTED_SKUS,MANUFACTURER_REFERENCE_REQUIRED,https://en.toboom.com.cn/product/53.html,toboom-manufacturer-catalog.json
TOBOOM official,TOBOOM,Rubber Polishers,54,,1,1,KZ_BRAND_AND_SELECTED_SKUS,MANUFACTURER_REFERENCE_REQUIRED,https://en.toboom.com.cn/product/54.html,toboom-manufacturer-catalog.json
TOBOOM official,TOBOOM,Active axis,55,,1,1,KZ_BRAND_AND_SELECTED_SKUS,MANUFACTURER_REFERENCE_REQUIRED,https://en.toboom.com.cn/product/55.html,toboom-manufacturer-catalog.json
TOBOOM official,TOBOOM,"Grinding Wheel (3"")",56,,1,1,KZ_BRAND_AND_SELECTED_SKUS,MANUFACTURER_REFERENCE_REQUIRED,https://en.toboom.com.cn/product/56.html,toboom-manufacturer-catalog.json
TOBOOM official,TOBOOM,"Grinding Wheel (3"")",57,,1,1,KZ_BRAND_AND_SELECTED_SKUS,MANUFACTURER_REFERENCE_REQUIRED,https://en.toboom.com.cn/product/57.html,toboom-manufacturer-catalog.json
TOBOOM official,TOBOOM,"Grinding Wheel (3"")",58,,1,1,KZ_BRAND_AND_SELECTED_SKUS,MANUFACTURER_REFERENCE_REQUIRED,https://en.toboom.com.cn/product/58.html,toboom-manufacturer-catalog.json
TOBOOM official,TOBOOM,non-fixed rod,59,,1,1,KZ_BRAND_AND_SELECTED_SKUS,MANUFACTURER_REFERENCE_REQUIRED,https://en.toboom.com.cn/product/59.html,toboom-manufacturer-catalog.json
TOBOOM official,TOBOOM,non-fixed rod,60,,1,1,KZ_BRAND_AND_SELECTED_SKUS,MANUFACTURER_REFERENCE_REQUIRED,https://en.toboom.com.cn/product/60.html,toboom-manufacturer-catalog.json
TOBOOM official,TOBOOM,non-fixed rod,61,,1,1,KZ_BRAND_AND_SELECTED_SKUS,MANUFACTURER_REFERENCE_REQUIRED,https://en.toboom.com.cn/product/61.html,toboom-manufacturer-catalog.json
TOBOOM official,TOBOOM,non-fixed rod,62,,1,1,KZ_BRAND_AND_SELECTED_SKUS,MANUFACTURER_REFERENCE_REQUIRED,https://en.toboom.com.cn/product/62.html,toboom-manufacturer-catalog.json
TOBOOM official,TOBOOM,Square grinding bar,63,,1,1,KZ_BRAND_AND_SELECTED_SKUS,MANUFACTURER_REFERENCE_REQUIRED,https://en.toboom.com.cn/product/63.html,toboom-manufacturer-catalog.json
TOBOOM official,TOBOOM,Square grinding bar,64,,1,1,KZ_BRAND_AND_SELECTED_SKUS,MANUFACTURER_REFERENCE_REQUIRED,https://en.toboom.com.cn/product/64.html,toboom-manufacturer-catalog.json
TOBOOM official,TOBOOM,Square grinding bar,65,,1,1,KZ_BRAND_AND_SELECTED_SKUS,MANUFACTURER_REFERENCE_REQUIRED,https://en.toboom.com.cn/product/65.html,toboom-manufacturer-catalog.json
TOBOOM official,TOBOOM,SG-0 Series Silicone Bond Polisher SG 001 4,66,SG 014 | SG 001 4,1,1,KZ_BRAND_AND_SELECTED_SKUS,KZ_SKU_EVIDENCE_REQUIRED,https://en.toboom.com.cn/product/66.html,toboom-manufacturer-catalog.json
TOBOOM official,TOBOOM,SG-0 Series Silicone Bond Polisher SG 002 4,67,SG 024 | SG 002 4,1,1,KZ_BRAND_AND_SELECTED_SKUS,KZ_SKU_EVIDENCE_REQUIRED,https://en.toboom.com.cn/product/67.html,toboom-manufacturer-catalog.json
TOBOOM official,TOBOOM,SG-0 Series Silicone Bond Polisher SG 006 4,68,SG 0064 | SG 006 4,1,1,KZ_BRAND_AND_SELECTED_SKUS,KZ_SKU_EVIDENCE_REQUIRED,https://en.toboom.com.cn/product/68.html,toboom-manufacturer-catalog.json
TOBOOM official,TOBOOM,SG-0 Series Silicone Bond Polisher SG 007 4,69,SG 0074 | SG 007 4,1,1,KZ_BRAND_AND_SELECTED_SKUS,KZ_SKU_EVIDENCE_REQUIRED,https://en.toboom.com.cn/product/69.html,toboom-manufacturer-catalog.json
TOBOOM official,TOBOOM,SG-0 Series Silicone Bond Polisher SG 008 4,70,SG 0084 | SG 008 4,1,1,KZ_BRAND_AND_SELECTED_SKUS,KZ_SKU_EVIDENCE_REQUIRED,https://en.toboom.com.cn/product/70.html,toboom-manufacturer-catalog.json
TOBOOM official,TOBOOM,SG-0 Series Silicone Bond Polisher SG 009 4,71,SG 0094 | SG 009 4,1,1,KZ_BRAND_AND_SELECTED_SKUS,KZ_SKU_EVIDENCE_REQUIRED,https://en.toboom.com.cn/product/71.html,toboom-manufacturer-catalog.json
TOBOOM official,TOBOOM,SG-0 Series Silicone Bond Polisher SG 011 4,72,SG 0114 | SG 011 4,1,1,KZ_BRAND_AND_SELECTED_SKUS,KZ_SKU_EVIDENCE_REQUIRED,https://en.toboom.com.cn/product/72.html,toboom-manufacturer-catalog.json
TOBOOM official,TOBOOM,SG-0 Series Silicone Bond Polisher SG 012 4,73,SG 0124 | SG 012 4,1,1,KZ_BRAND_AND_SELECTED_SKUS,KZ_SKU_EVIDENCE_REQUIRED,https://en.toboom.com.cn/product/73.html,toboom-manufacturer-catalog.json
TOBOOM official,TOBOOM,SH-2 Series Silicone Bond Polisher SH 2424,74,SH 2424 | 104 303 514 150,1,1,KZ_BRAND_AND_SELECTED_SKUS,KZ_SKU_EVIDENCE_REQUIRED,https://en.toboom.com.cn/product/74.html,toboom-manufacturer-catalog.json
TOBOOM official,TOBOOM,CW-2 series vitrified bond grinder CW 2522,75,CW 2522 | 104 001 533 050,1,1,KZ_BRAND_AND_SELECTED_SKUS,KZ_SKU_EVIDENCE_REQUIRED,https://en.toboom.com.cn/product/75.html,toboom-manufacturer-catalog.json
TOBOOM official,TOBOOM,CW-2 series vitrified bond grinder CW 2512,76,CW 2512 | 104 001 533 030,1,1,KZ_BRAND_AND_SELECTED_SKUS,KZ_SKU_EVIDENCE_REQUIRED,https://en.toboom.com.cn/product/76.html,toboom-manufacturer-catalog.json
TOBOOM official,TOBOOM,CW-2 series vitrified bond grinder CW 2422,77,CW 2422 | 104 303 533 125,1,1,KZ_BRAND_AND_SELECTED_SKUS,KZ_SKU_EVIDENCE_REQUIRED,https://en.toboom.com.cn/product/77.html,toboom-manufacturer-catalog.json
TOBOOM official,TOBOOM,SH-2 Series Silicone Bond Polisher SH 2423,78,SH 2423 | 104 303 524 150,1,1,KZ_BRAND_AND_SELECTED_SKUS,KZ_SKU_EVIDENCE_REQUIRED,https://en.toboom.com.cn/product/78.html,toboom-manufacturer-catalog.json
TOBOOM official,TOBOOM,CW-2 series vitrified bond grinder CW 2412,79,CW 2412 | 104 304 533 080,1,1,KZ_BRAND_AND_SELECTED_SKUS,KZ_SKU_EVIDENCE_REQUIRED,https://en.toboom.com.cn/product/79.html,toboom-manufacturer-catalog.json
TOBOOM official,TOBOOM,RF-3 Series Rubber Bond Polisher RF 3416,80,RF 3416 | 204 304 494 100,1,1,KZ_BRAND_AND_SELECTED_SKUS,KZ_SKU_EVIDENCE_REQUIRED,https://en.toboom.com.cn/product/80.html,toboom-manufacturer-catalog.json
TOBOOM official,TOBOOM,SK-4 Series Silicone Bond Polisher SK 4165,81,SK 4165 | 104 012 504 140,1,1,KZ_BRAND_AND_SELECTED_SKUS,KZ_SKU_EVIDENCE_REQUIRED,https://en.toboom.com.cn/product/81.html,toboom-manufacturer-catalog.json
TOBOOM official,TOBOOM,CW-2 series vitrified bond grinder CW 2372,82,CW 2372 | 104 067 533 065,1,1,KZ_BRAND_AND_SELECTED_SKUS,KZ_SKU_EVIDENCE_REQUIRED,https://en.toboom.com.cn/product/82.html,toboom-manufacturer-catalog.json
TOBOOM official,TOBOOM,SH-2 Series Silicone Bond Polisher SH 2422,83,SH 2422 | 104 303 534 150,1,1,KZ_BRAND_AND_SELECTED_SKUS,KZ_SKU_EVIDENCE_REQUIRED,https://en.toboom.com.cn/product/83.html,toboom-manufacturer-catalog.json
TOBOOM official,TOBOOM,SG-1 Series Silicone Bond Polisher SG 1012,84,SG 1012 | 314 110 534 030,1,1,KZ_BRAND_AND_SELECTED_SKUS,KZ_SKU_EVIDENCE_REQUIRED,https://en.toboom.com.cn/product/84.html,toboom-manufacturer-catalog.json
TOBOOM official,TOBOOM,Resin Base Set HP 0305 E,85,HP 0305 E,1,1,KZ_BRAND_AND_SELECTED_SKUS,KZ_SKU_EVIDENCE_REQUIRED,https://en.toboom.com.cn/product/85.html,toboom-manufacturer-catalog.json
TOBOOM official,TOBOOM,RF-3 Series Rubber Bond Polisher RF 3415,86,RF 3415 | 204 304 504 100,1,1,KZ_BRAND_AND_SELECTED_SKUS,KZ_SKU_EVIDENCE_REQUIRED,https://en.toboom.com.cn/product/86.html,toboom-manufacturer-catalog.json
TOBOOM official,TOBOOM,CW-2 series vitrified bond grinder CW 2362,87,CW 2362 | 104 072 533 065,1,1,KZ_BRAND_AND_SELECTED_SKUS,KZ_SKU_EVIDENCE_REQUIRED,https://en.toboom.com.cn/product/87.html,toboom-manufacturer-catalog.json
TOBOOM official,TOBOOM,SH-2 Series Silicone Bond Polisher SH 2414,88,SH 2414 | 104 304 514 120,1,1,KZ_BRAND_AND_SELECTED_SKUS,KZ_SKU_EVIDENCE_REQUIRED,https://en.toboom.com.cn/product/88.html,toboom-manufacturer-catalog.json
TOBOOM official,TOBOOM,SG-1 Series Silicone Bond Polisher SG 1013,89,SG 1013 | 314 110 524 030,1,1,KZ_BRAND_AND_SELECTED_SKUS,KZ_SKU_EVIDENCE_REQUIRED,https://en.toboom.com.cn/product/89.html,toboom-manufacturer-catalog.json
TOBOOM official,TOBOOM,RD-2 Series Rubber Bond Diamond Polisher RD 2416,90,RD 2416 | 104 304 494 120,1,1,KZ_BRAND_AND_SELECTED_SKUS,KZ_SKU_EVIDENCE_REQUIRED,https://en.toboom.com.cn/product/90.html,toboom-manufacturer-catalog.json
TOBOOM official,TOBOOM,SH-2 Series Silicone Bond Polisher SH 2413,91,SH 2413 | 104 304 524 120,1,1,KZ_BRAND_AND_SELECTED_SKUS,KZ_SKU_EVIDENCE_REQUIRED,https://en.toboom.com.cn/product/91.html,toboom-manufacturer-catalog.json
TOBOOM official,TOBOOM,SG-1 Series Silicone Bond Polisher SG 1014,92,SG 1014 | 314 110 514 030,1,1,KZ_BRAND_AND_SELECTED_SKUS,KZ_SKU_EVIDENCE_REQUIRED,https://en.toboom.com.cn/product/92.html,toboom-manufacturer-catalog.json
TOBOOM official,TOBOOM,CW-2 series vitrified bond grinder CW 2342,93,CW 2342 | 104 041 533 130,1,1,KZ_BRAND_AND_SELECTED_SKUS,KZ_SKU_EVIDENCE_REQUIRED,https://en.toboom.com.cn/product/93.html,toboom-manufacturer-catalog.json
TOBOOM official,TOBOOM,SH-2 Series Silicone Bond Polisher SH 2412,94,SH 2412 | 104 304 534 120,1,1,KZ_BRAND_AND_SELECTED_SKUS,KZ_SKU_EVIDENCE_REQUIRED,https://en.toboom.com.cn/product/94.html,toboom-manufacturer-catalog.json
TOBOOM official,TOBOOM,RF-3 Series Rubber Bond Polisher RF 3414,95,RF 3414 | 204 304 514 100,1,1,KZ_BRAND_AND_SELECTED_SKUS,KZ_SKU_EVIDENCE_REQUIRED,https://en.toboom.com.cn/product/95.html,toboom-manufacturer-catalog.json
TOBOOM official,TOBOOM,CW-2 series vitrified bond grinder CW 2332,96,CW 2332 | 104 043 533 065,1,1,KZ_BRAND_AND_SELECTED_SKUS,KZ_SKU_EVIDENCE_REQUIRED,https://en.toboom.com.cn/product/96.html,toboom-manufacturer-catalog.json
TOBOOM official,TOBOOM,RD-1/3 Series Rubber Bond Diamond Polisher RD 3417,97,RD 3417 | 204 304 494 100,1,1,KZ_BRAND_AND_SELECTED_SKUS,KZ_SKU_EVIDENCE_REQUIRED,https://en.toboom.com.cn/product/97.html,toboom-manufacturer-catalog.json
TOBOOM official,TOBOOM,RD-2 Series Rubber Bond Diamond Polisher RD 2415,98,RD 2415 | 104 304 504 120,1,1,KZ_BRAND_AND_SELECTED_SKUS,KZ_SKU_EVIDENCE_REQUIRED,https://en.toboom.com.cn/product/98.html,toboom-manufacturer-catalog.json
TOBOOM official,TOBOOM,SG-1 Series Silicone Bond Polisher SG 1112,99,SG 1112 | 314 243 534 030,1,1,KZ_BRAND_AND_SELECTED_SKUS,KZ_SKU_EVIDENCE_REQUIRED,https://en.toboom.com.cn/product/99.html,toboom-manufacturer-catalog.json
TOBOOM official,TOBOOM,SH-2 Series Silicone Bond Polisher SH 2354,100,SH 2354 | 104 371 514 180,1,1,KZ_BRAND_AND_SELECTED_SKUS,KZ_SKU_EVIDENCE_REQUIRED,https://en.toboom.com.cn/product/100.html,toboom-manufacturer-catalog.json
TOBOOM official,TOBOOM,CW-2 series vitrified bond grinder CW 2322,101,104 041 533 060 | CW 2322,1,1,KZ_BRAND_AND_SELECTED_SKUS,KZ_SKU_EVIDENCE_REQUIRED,https://en.toboom.com.cn/product/101.html,toboom-manufacturer-catalog.json
TOBOOM official,TOBOOM,Non-precious metal set HP 0505 E,102,HP 0505 E,1,1,KZ_BRAND_AND_SELECTED_SKUS,KZ_SKU_EVIDENCE_REQUIRED,https://en.toboom.com.cn/product/102.html,toboom-manufacturer-catalog.json
TOBOOM official,TOBOOM,RF-1/3 Series Rubber Bond Polisher RF 3412,103,RF 3412 | 204 304 534 100,1,1,KZ_BRAND_AND_SELECTED_SKUS,KZ_SKU_EVIDENCE_REQUIRED,https://en.toboom.com.cn/product/103.html,toboom-manufacturer-catalog.json
TOBOOM official,TOBOOM,SG-0 Series Silicone Bond Polisher SG 0012,104,SG 0012 | 900 114 534 060,1,1,KZ_BRAND_AND_SELECTED_SKUS,KZ_SKU_EVIDENCE_REQUIRED,https://en.toboom.com.cn/product/104.html,toboom-manufacturer-catalog.json
TOBOOM official,TOBOOM,CW-2 series vitrified bond grinder CW 2312,105,CW 2312 | 104 042 533 050,1,1,KZ_BRAND_AND_SELECTED_SKUS,KZ_SKU_EVIDENCE_REQUIRED,https://en.toboom.com.cn/product/105.html,toboom-manufacturer-catalog.json
TOBOOM official,TOBOOM,SH-2 Series Silicone Bond Polisher SH 2353,106,SH 2353 | 104 371 524 180,1,1,KZ_BRAND_AND_SELECTED_SKUS,KZ_SKU_EVIDENCE_REQUIRED,https://en.toboom.com.cn/product/106.html,toboom-manufacturer-catalog.json
TOBOOM official,TOBOOM,RD-1/3 Series Rubber Bond Diamond Polisher RD 3415,107,RD 3415 | 204 304 504 100,1,1,KZ_BRAND_AND_SELECTED_SKUS,KZ_SKU_EVIDENCE_REQUIRED,https://en.toboom.com.cn/product/107.html,toboom-manufacturer-catalog.json
TOBOOM official,TOBOOM,SG-1 Series Silicone Bond Polisher SG 1113,108,SG 1113 | 314 243 524 030,1,1,KZ_BRAND_AND_SELECTED_SKUS,KZ_SKU_EVIDENCE_REQUIRED,https://en.toboom.com.cn/product/108.html,toboom-manufacturer-catalog.json
TOBOOM official,TOBOOM,RD-2 Series Rubber Bond Diamond Polisher RD 2414,109,RD 2414 | 104 304 514 120,1,1,KZ_BRAND_AND_SELECTED_SKUS,KZ_SKU_EVIDENCE_REQUIRED,https://en.toboom.com.cn/product/109.html,toboom-manufacturer-catalog.json
TOBOOM official,TOBOOM,CW-2 series vitrified bond grinder CW 2242,110,CW 2242 | 104 237 533 036,1,1,KZ_BRAND_AND_SELECTED_SKUS,KZ_SKU_EVIDENCE_REQUIRED,https://en.toboom.com.cn/product/110.html,toboom-manufacturer-catalog.json
TOBOOM official,TOBOOM,SH-2 Series Silicone Bond Polisher SH 2352,111,SH 2352 | 104 371 534 180,1,1,KZ_BRAND_AND_SELECTED_SKUS,KZ_SKU_EVIDENCE_REQUIRED,https://en.toboom.com.cn/product/111.html,toboom-manufacturer-catalog.json
TOBOOM official,TOBOOM,RF-3 Series Rubber Bond Polisher RF 3326,112,RF 3326 | 204 041 494 100,1,1,KZ_BRAND_AND_SELECTED_SKUS,KZ_SKU_EVIDENCE_REQUIRED,https://en.toboom.com.cn/product/112.html,toboom-manufacturer-catalog.json
TOBOOM official,TOBOOM,Non-precious metal set RA 0506 E,113,RA 0506 E,1,1,KZ_BRAND_AND_SELECTED_SKUS,KZ_SKU_EVIDENCE_REQUIRED,https://en.toboom.com.cn/product/113.html,toboom-manufacturer-catalog.json
TOBOOM official,TOBOOM,RF-0 Series Rubber Bond Polisher RF 0011,114,RF 0011 | 900 114 544 060,1,1,KZ_BRAND_AND_SELECTED_SKUS,KZ_SKU_EVIDENCE_REQUIRED,https://en.toboom.com.cn/product/114.html,toboom-manufacturer-catalog.json
TOBOOM official,TOBOOM,SG-0 Series Silicone Bond Polisher SG 0013,115,SG 0013 | 900 114 524 060,1,1,KZ_BRAND_AND_SELECTED_SKUS,KZ_SKU_EVIDENCE_REQUIRED,https://en.toboom.com.cn/product/115.html,toboom-manufacturer-catalog.json
TOBOOM official,TOBOOM,CW-2 series vitrified bond grinder CW 2232,116,CW 2232 | 104 024 533 125,1,1,KZ_BRAND_AND_SELECTED_SKUS,KZ_SKU_EVIDENCE_REQUIRED,https://en.toboom.com.cn/product/116.html,toboom-manufacturer-catalog.json
TOBOOM official,TOBOOM,SH-2 Series Silicone Bond Polisher SH 2344,117,SH 2344 | 104 041 514 150,1,1,KZ_BRAND_AND_SELECTED_SKUS,KZ_SKU_EVIDENCE_REQUIRED,https://en.toboom.com.cn/product/117.html,toboom-manufacturer-catalog.json
TOBOOM official,TOBOOM,SG-1 Series Silicone Bond Polisher SG 1114,118,SG 1114 | 314 243 514 030,1,1,KZ_BRAND_AND_SELECTED_SKUS,KZ_SKU_EVIDENCE_REQUIRED,https://en.toboom.com.cn/product/118.html,toboom-manufacturer-catalog.json
TOBOOM official,TOBOOM,RD-1/3 series rubber bond diamond polisher RD 3414,119,RD 3414 | 204 304 514 100,1,1,KZ_BRAND_AND_SELECTED_SKUS,KZ_SKU_EVIDENCE_REQUIRED,https://en.toboom.com.cn/product/119.html,toboom-manufacturer-catalog.json
TOBOOM official,TOBOOM,SK-4 Series Silicone Bond Polisher SK 4163,120,SK 4163 | 104 012 524 140,1,1,KZ_BRAND_AND_SELECTED_SKUS,KZ_SKU_EVIDENCE_REQUIRED,https://en.toboom.com.cn/product/120.html,toboom-manufacturer-catalog.json
TOBOOM official,TOBOOM,CW-2 series vitrified bond grinder CW 2222,121,CW 2222 | 104 014 533 070,1,1,KZ_BRAND_AND_SELECTED_SKUS,KZ_SKU_EVIDENCE_REQUIRED,https://en.toboom.com.cn/product/121.html,toboom-manufacturer-catalog.json
TOBOOM official,TOBOOM,RF-3 Series Rubber Bond Polisher RF 3325,122,RF 3325 | 204 041 504 100,1,1,KZ_BRAND_AND_SELECTED_SKUS,KZ_SKU_EVIDENCE_REQUIRED,https://en.toboom.com.cn/product/122.html,toboom-manufacturer-catalog.json
TOBOOM official,TOBOOM,RD-2 Series Rubber Bond Diamond Polisher RD 2413,123,RD 2413 | 104 304 524 120,1,1,KZ_BRAND_AND_SELECTED_SKUS,KZ_SKU_EVIDENCE_REQUIRED,https://en.toboom.com.cn/product/123.html,toboom-manufacturer-catalog.json
TOBOOM official,TOBOOM,SH-2 Series Silicone Bond Polisher SH 2343,124,SH 2343 | 104 041 524 150,1,1,KZ_BRAND_AND_SELECTED_SKUS,KZ_SKU_EVIDENCE_REQUIRED,https://en.toboom.com.cn/product/124.html,toboom-manufacturer-catalog.json
TOBOOM official,TOBOOM,CW-2 series vitrified bond grinder CW 2212,125,CW 2212 | 104 014 533 050,1,1,KZ_BRAND_AND_SELECTED_SKUS,KZ_SKU_EVIDENCE_REQUIRED,https://en.toboom.com.cn/product/125.html,toboom-manufacturer-catalog.json
TOBOOM official,TOBOOM,SG-1 Series Silicone Bond Polisher SG 1132,126,SG 1132 | 314 243 534 050,1,1,KZ_BRAND_AND_SELECTED_SKUS,KZ_SKU_EVIDENCE_REQUIRED,https://en.toboom.com.cn/product/126.html,toboom-manufacturer-catalog.json
TOBOOM official,TOBOOM,RD-1/3 Series Rubber Bond Diamond Polisher RD 3413,127,RD 3413 | 204 304 524 100,1,1,KZ_BRAND_AND_SELECTED_SKUS,KZ_SKU_EVIDENCE_REQUIRED,https://en.toboom.com.cn/product/127.html,toboom-manufacturer-catalog.json
TOBOOM official,TOBOOM,SG-2 Series Silicone Bond Polisher SG 2423,128,SG 2423 | 104 303 524 150,1,1,KZ_BRAND_AND_SELECTED_SKUS,KZ_SKU_EVIDENCE_REQUIRED,https://en.toboom.com.cn/product/128.html,toboom-manufacturer-catalog.json
TOBOOM official,TOBOOM,RF-0 Series Rubber Bond Polisher RF 0012,129,RF 0012 | 900 114 534 060,1,1,KZ_BRAND_AND_SELECTED_SKUS,KZ_SKU_EVIDENCE_REQUIRED,https://en.toboom.com.cn/product/129.html,toboom-manufacturer-catalog.json
TOBOOM official,TOBOOM,SH-2 Series Silicone Bond Polisher SH 2342,130,SH 2342 | 104 041 534 150,1,1,KZ_BRAND_AND_SELECTED_SKUS,KZ_SKU_EVIDENCE_REQUIRED,https://en.toboom.com.cn/product/130.html,toboom-manufacturer-catalog.json
TOBOOM official,TOBOOM,RF-3 Series Rubber Bond Polisher RF 3324,131,RF 3324 | 204 041 514 100,1,1,KZ_BRAND_AND_SELECTED_SKUS,KZ_SKU_EVIDENCE_REQUIRED,https://en.toboom.com.cn/product/131.html,toboom-manufacturer-catalog.json
TOBOOM official,TOBOOM,CW-2 series vitrified bond grinder CW 2142,132,104 266 533 050 | CW 2142,1,1,KZ_BRAND_AND_SELECTED_SKUS,KZ_SKU_EVIDENCE_REQUIRED,https://en.toboom.com.cn/product/132.html,toboom-manufacturer-catalog.json
TOBOOM official,TOBOOM,SG-1 Series Silicone Bond Polisher SG 1133,133,SG 1133 | 314 243 524 050,1,1,KZ_BRAND_AND_SELECTED_SKUS,KZ_SKU_EVIDENCE_REQUIRED,https://en.toboom.com.cn/product/133.html,toboom-manufacturer-catalog.json
TOBOOM official,TOBOOM,Elastomeric Ceramic RA 2121D,134,RA 2121D,1,1,KZ_BRAND_AND_SELECTED_SKUS,KZ_SKU_EVIDENCE_REQUIRED,https://en.toboom.com.cn/product/134.html,toboom-manufacturer-catalog.json
TOBOOM official,TOBOOM,SH-2 Series Silicone Bond Polisher SH 2334,135,SH 2334 | 104 042 514 120,1,1,KZ_BRAND_AND_SELECTED_SKUS,KZ_SKU_EVIDENCE_REQUIRED,https://en.toboom.com.cn/product/135.html,toboom-manufacturer-catalog.json
TOBOOM official,TOBOOM,RD-2 Series Rubber Bond Diamond Polisher RD 2336,136,RD 2336 | 104 042 494 120,1,1,KZ_BRAND_AND_SELECTED_SKUS,KZ_SKU_EVIDENCE_REQUIRED,https://en.toboom.com.cn/product/136.html,toboom-manufacturer-catalog.json
TOBOOM official,TOBOOM,RD-1/3 Series Rubber Bond Diamond Polisher RD 3325,137,RD 3325 | 204 041 504 100,1,1,KZ_BRAND_AND_SELECTED_SKUS,KZ_SKU_EVIDENCE_REQUIRED,https://en.toboom.com.cn/product/137.html,toboom-manufacturer-catalog.json
TOBOOM official,TOBOOM,CW-2 series vitrified bond grinder CW 2132,138,CW 2132 | 104 173 533 035,1,1,KZ_BRAND_AND_SELECTED_SKUS,KZ_SKU_EVIDENCE_REQUIRED,https://en.toboom.com.cn/product/138.html,toboom-manufacturer-catalog.json
TOBOOM official,TOBOOM,RF-0 Series Rubber Bond Polisher RF 0013,139,RF 0013 | 900 114 524 060,1,1,KZ_BRAND_AND_SELECTED_SKUS,KZ_SKU_EVIDENCE_REQUIRED,https://en.toboom.com.cn/product/139.html,toboom-manufacturer-catalog.json
TOBOOM official,TOBOOM,RF-1/3 Series Rubber Bond Polisher RF 3322,140,RF 3322 | 204 041 534 100,1,1,KZ_BRAND_AND_SELECTED_SKUS,KZ_SKU_EVIDENCE_REQUIRED,https://en.toboom.com.cn/product/140.html,toboom-manufacturer-catalog.json
TOBOOM official,TOBOOM,SG-2 Series Silicone Bond Polisher SG 2422,141,SG 2422 | 104 303 534 150,1,1,KZ_BRAND_AND_SELECTED_SKUS,KZ_SKU_EVIDENCE_REQUIRED,https://en.toboom.com.cn/product/141.html,toboom-manufacturer-catalog.json
TOBOOM official,TOBOOM,CW-2 series vitrified bond grinder CW 2122,142,CW 2122 | 104 171 533 025,1,1,KZ_BRAND_AND_SELECTED_SKUS,KZ_SKU_EVIDENCE_REQUIRED,https://en.toboom.com.cn/product/142.html,toboom-manufacturer-catalog.json
TOBOOM official,TOBOOM,RD-1/3 Series Rubber Bond Diamond Polisher RD 3324,143,RD 3324 | 204 041 514 100,1,1,KZ_BRAND_AND_SELECTED_SKUS,KZ_SKU_EVIDENCE_REQUIRED,https://en.toboom.com.cn/product/143.html,toboom-manufacturer-catalog.json
TOBOOM official,TOBOOM,SG-1 Series Silicone Bond Polisher SG 1134,144,SG 1134 | 314 243 514 050,1,1,KZ_BRAND_AND_SELECTED_SKUS,KZ_SKU_EVIDENCE_REQUIRED,https://en.toboom.com.cn/product/144.html,toboom-manufacturer-catalog.json
TOBOOM official,TOBOOM,SH-2 Series Silicone Bond Polisher SH 2333,145,SH 2333 | 104 042 524 120,1,1,KZ_BRAND_AND_SELECTED_SKUS,KZ_SKU_EVIDENCE_REQUIRED,https://en.toboom.com.cn/product/145.html,toboom-manufacturer-catalog.json
TOBOOM official,TOBOOM,Elastomeric Ceramic Complete Pack RA 1312 D,146,RA 1312 D,1,1,KZ_BRAND_AND_SELECTED_SKUS,KZ_SKU_EVIDENCE_REQUIRED,https://en.toboom.com.cn/product/146.html,toboom-manufacturer-catalog.json
TOBOOM official,TOBOOM,CW-2 series vitrified bond grinder CW 2112,147,CW 2112 | 104 161 533 028,1,1,KZ_BRAND_AND_SELECTED_SKUS,KZ_SKU_EVIDENCE_REQUIRED,https://en.toboom.com.cn/product/147.html,toboom-manufacturer-catalog.json
TOBOOM official,TOBOOM,RF-0 Series Rubber Bond Polisher RF 0014,148,RF 0014 | 900 114 514 060,1,1,KZ_BRAND_AND_SELECTED_SKUS,KZ_SKU_EVIDENCE_REQUIRED,https://en.toboom.com.cn/product/148.html,toboom-manufacturer-catalog.json
TOBOOM official,TOBOOM,SH-2 Series Silicone Bond Polisher SH 2332,149,SH 2332 | 104 042 534 120,1,1,KZ_BRAND_AND_SELECTED_SKUS,KZ_SKU_EVIDENCE_REQUIRED,https://en.toboom.com.cn/product/149.html,toboom-manufacturer-catalog.json
TOBOOM official,TOBOOM,RD-2 Series Rubber Bond Diamond Polisher RD 2335,150,RD 2335 | 104 042 504 120,1,1,KZ_BRAND_AND_SELECTED_SKUS,KZ_SKU_EVIDENCE_REQUIRED,https://en.toboom.com.cn/product/150.html,toboom-manufacturer-catalog.json
TOBOOM official,TOBOOM,RF-3 Series Rubber Bond Polisher RF 3316,151,RF 3316 | 204 371 494 100,1,1,KZ_BRAND_AND_SELECTED_SKUS,KZ_SKU_EVIDENCE_REQUIRED,https://en.toboom.com.cn/product/151.html,toboom-manufacturer-catalog.json
TOBOOM official,TOBOOM,SK-4 Series Silicone Bond Polisher SK 4162,152,SK 4162 | 104 012 534 140,1,1,KZ_BRAND_AND_SELECTED_SKUS,KZ_SKU_EVIDENCE_REQUIRED,https://en.toboom.com.cn/product/152.html,toboom-manufacturer-catalog.json
TOBOOM official,TOBOOM,SG-2 Series Silicone Bond Polisher SG 2413,153,SG 2413 | 104 304 524 120,1,1,KZ_BRAND_AND_SELECTED_SKUS,KZ_SKU_EVIDENCE_REQUIRED,https://en.toboom.com.cn/product/153.html,toboom-manufacturer-catalog.json
TOBOOM official,TOBOOM,CW-2 series vitrified bond grinder CW 2082,154,CW 2082 | 104 257 533 045,1,1,KZ_BRAND_AND_SELECTED_SKUS,KZ_SKU_EVIDENCE_REQUIRED,https://en.toboom.com.cn/product/154.html,toboom-manufacturer-catalog.json
TOBOOM official,TOBOOM,SH-2 Series Silicone Bond Polisher SH 2324,155,SH 2324 | 104 041 514 120,1,1,KZ_BRAND_AND_SELECTED_SKUS,KZ_SKU_EVIDENCE_REQUIRED,https://en.toboom.com.cn/product/155.html,toboom-manufacturer-catalog.json
TOBOOM official,TOBOOM,CW-2 series vitrified bond grinder CW 2062,156,CW 2062 | 104 273 533 030,1,1,KZ_BRAND_AND_SELECTED_SKUS,KZ_SKU_EVIDENCE_REQUIRED,https://en.toboom.com.cn/product/156.html,toboom-manufacturer-catalog.json
TOBOOM official,TOBOOM,RF-3 Series Rubber Bond Polisher RF 3315,157,RF 3315 | 204 371 504 100,1,1,KZ_BRAND_AND_SELECTED_SKUS,KZ_SKU_EVIDENCE_REQUIRED,https://en.toboom.com.cn/product/157.html,toboom-manufacturer-catalog.json
TOBOOM official,TOBOOM,RD-1/3 Series Rubber Bond Diamond Polisher RD 3323,158,RD 3323 | 204 041 524 100,1,1,KZ_BRAND_AND_SELECTED_SKUS,KZ_SKU_EVIDENCE_REQUIRED,https://en.toboom.com.cn/product/158.html,toboom-manufacturer-catalog.json
TOBOOM official,TOBOOM,DD3826,159,DD3826,1,1,KZ_BRAND_AND_SELECTED_SKUS,KZ_SKU_EVIDENCE_REQUIRED,https://en.toboom.com.cn/product/159.html,toboom-manufacturer-catalog.json
TOBOOM official,TOBOOM,CW-2 series vitrified bond grinder CW 2052,160,CW 2052 | 104 292 533 050,1,1,KZ_BRAND_AND_SELECTED_SKUS,KZ_SKU_EVIDENCE_REQUIRED,https://en.toboom.com.cn/product/160.html,toboom-manufacturer-catalog.json
TOBOOM official,TOBOOM,SH-2 Series Silicone Bond Polisher SH 2323,161,SH 2323 | 104 041 524 120,1,1,KZ_BRAND_AND_SELECTED_SKUS,KZ_SKU_EVIDENCE_REQUIRED,https://en.toboom.com.cn/product/161.html,toboom-manufacturer-catalog.json
TOBOOM official,TOBOOM,CW-2 series vitrified bond grinder CW 2032,162,CW 2032 | 104 113 533 065,1,1,KZ_BRAND_AND_SELECTED_SKUS,KZ_SKU_EVIDENCE_REQUIRED,https://en.toboom.com.cn/product/162.html,toboom-manufacturer-catalog.json
TOBOOM official,TOBOOM,RD-2 series rubber bond diamond polisher RD 2334,163,RD 2334 | 104 042 514 120,1,1,KZ_BRAND_AND_SELECTED_SKUS,KZ_SKU_EVIDENCE_REQUIRED,https://en.toboom.com.cn/product/163.html,toboom-manufacturer-catalog.json
TOBOOM official,TOBOOM,Porcelain Teeth Set HP 0205,164,HP 0205,1,1,KZ_BRAND_AND_SELECTED_SKUS,KZ_SKU_EVIDENCE_REQUIRED,https://en.toboom.com.cn/product/164.html,toboom-manufacturer-catalog.json
TOBOOM official,TOBOOM,SH-2 Series Silicone Bond Polisher SH 2322,165,SH 2322 | 104 041 534 120,1,1,KZ_BRAND_AND_SELECTED_SKUS,KZ_SKU_EVIDENCE_REQUIRED,https://en.toboom.com.cn/product/165.html,toboom-manufacturer-catalog.json
TOBOOM official,TOBOOM,CW-2 series vitrified bond grinder CW 2022,166,CW 2022 | 104 113 533 050,1,1,KZ_BRAND_AND_SELECTED_SKUS,KZ_SKU_EVIDENCE_REQUIRED,https://en.toboom.com.cn/product/166.html,toboom-manufacturer-catalog.json
TOBOOM official,TOBOOM,SG-2 Series Silicone Bond Polisher SG 2412,167,SG 2412 | 104 304 534 120,1,1,KZ_BRAND_AND_SELECTED_SKUS,KZ_SKU_EVIDENCE_REQUIRED,https://en.toboom.com.cn/product/167.html,toboom-manufacturer-catalog.json
TOBOOM official,TOBOOM,RD-1/3 Series Rubber Bond Diamond Polisher RD 3315,168,RD 3315 | 204 371 504 100,1,1,KZ_BRAND_AND_SELECTED_SKUS,KZ_SKU_EVIDENCE_REQUIRED,https://en.toboom.com.cn/product/168.html,toboom-manufacturer-catalog.json
TOBOOM official,TOBOOM,SH-2 Series Silicone Bond Polisher SH 2314,169,SH 2314 | 104 371 514 120,1,1,KZ_BRAND_AND_SELECTED_SKUS,KZ_SKU_EVIDENCE_REQUIRED,https://en.toboom.com.cn/product/169.html,toboom-manufacturer-catalog.json
TOBOOM official,TOBOOM,RF-3 Series Rubber Bond Polisher RF 3314,170,RF 3314 | 204 371 514 100,1,1,KZ_BRAND_AND_SELECTED_SKUS,KZ_SKU_EVIDENCE_REQUIRED,https://en.toboom.com.cn/product/170.html,toboom-manufacturer-catalog.json
TOBOOM official,TOBOOM,CW-2 series vitrified bond grinder CW 2012,171,CW 2012 | 104 110 533 030,1,1,KZ_BRAND_AND_SELECTED_SKUS,KZ_SKU_EVIDENCE_REQUIRED,https://en.toboom.com.cn/product/171.html,toboom-manufacturer-catalog.json
TOBOOM official,TOBOOM,SG-3 Series Silicone Bond Polisher SG 3012,172,SG 3012 | 204 110 534 030,1,1,KZ_BRAND_AND_SELECTED_SKUS,KZ_SKU_EVIDENCE_REQUIRED,https://en.toboom.com.cn/product/172.html,toboom-manufacturer-catalog.json
TOBOOM official,TOBOOM,CW-0 series vitrified bond grinder CW 0022,173,CW 0022 | 900 372 533 220,1,1,KZ_BRAND_AND_SELECTED_SKUS,KZ_SKU_EVIDENCE_REQUIRED,https://en.toboom.com.cn/product/173.html,toboom-manufacturer-catalog.json
TOBOOM official,TOBOOM,RD-2 Series Rubber Bond Diamond Polisher RD 2333,174,RD 2333 | 104 042 524 120,1,1,KZ_BRAND_AND_SELECTED_SKUS,KZ_SKU_EVIDENCE_REQUIRED,https://en.toboom.com.cn/product/174.html,toboom-manufacturer-catalog.json
TOBOOM official,TOBOOM,Porcelain dental set RA 0206 E,175,RA 0206 E,1,1,KZ_BRAND_AND_SELECTED_SKUS,KZ_SKU_EVIDENCE_REQUIRED,https://en.toboom.com.cn/product/175.html,toboom-manufacturer-catalog.json
TOBOOM official,TOBOOM,RD-1/3 series rubber bond diamond polisher RD 3314,176,RD 3314 | 204 371 514 100,1,1,KZ_BRAND_AND_SELECTED_SKUS,KZ_SKU_EVIDENCE_REQUIRED,https://en.toboom.com.cn/product/176.html,toboom-manufacturer-catalog.json
TOBOOM official,TOBOOM,CW-0 series vitrified bond grinder CW 0012,177,CW 0012 | 900 372 533 160,1,1,KZ_BRAND_AND_SELECTED_SKUS,KZ_SKU_EVIDENCE_REQUIRED,https://en.toboom.com.cn/product/177.html,toboom-manufacturer-catalog.json
TOBOOM official,TOBOOM,RF-1/3 Series Rubber Bond Polisher RF 3312,178,RF 3312 | 204 371 534 100,1,1,KZ_BRAND_AND_SELECTED_SKUS,KZ_SKU_EVIDENCE_REQUIRED,https://en.toboom.com.cn/product/178.html,toboom-manufacturer-catalog.json
TOBOOM official,TOBOOM,SG-3 Series Silicone Bond Polisher SG 3013,179,SG 3013 | 204 110 524 030,1,1,KZ_BRAND_AND_SELECTED_SKUS,KZ_SKU_EVIDENCE_REQUIRED,https://en.toboom.com.cn/product/179.html,toboom-manufacturer-catalog.json
TOBOOM official,TOBOOM,SH-2 Series Silicone Bond Polisher SH 2313,180,SH 2313 | 104 371 524 120,1,1,KZ_BRAND_AND_SELECTED_SKUS,KZ_SKU_EVIDENCE_REQUIRED,https://en.toboom.com.cn/product/180.html,toboom-manufacturer-catalog.json
TOBOOM official,TOBOOM,SG-2 Series Silicone Bond Polisher SG 2353,181,SG 2353 | 104 371 524 180,1,1,KZ_BRAND_AND_SELECTED_SKUS,KZ_SKU_EVIDENCE_REQUIRED,https://en.toboom.com.cn/product/181.html,toboom-manufacturer-catalog.json
TOBOOM official,TOBOOM,SH-2 Series Silicone Bond Polisher SH 2312,182,SH 2312 | 104 371 534 120,1,1,KZ_BRAND_AND_SELECTED_SKUS,KZ_SKU_EVIDENCE_REQUIRED,https://en.toboom.com.cn/product/182.html,toboom-manufacturer-catalog.json
TOBOOM official,TOBOOM,CG-2 series vitrified bond grinder CG 2522,183,CG 2522 | 104 001 533 050,1,1,KZ_BRAND_AND_SELECTED_SKUS,KZ_SKU_EVIDENCE_REQUIRED,https://en.toboom.com.cn/product/183.html,toboom-manufacturer-catalog.json
TOBOOM official,TOBOOM,RD-1/3 series rubber bond diamond polisher RD 3313,184,RD 3313 | 204 371 524 100,1,1,KZ_BRAND_AND_SELECTED_SKUS,KZ_SKU_EVIDENCE_REQUIRED,https://en.toboom.com.cn/product/184.html,toboom-manufacturer-catalog.json
TOBOOM official,TOBOOM,Composite resin set RA 0306 E,185,RA 0306 E,1,1,KZ_BRAND_AND_SELECTED_SKUS,KZ_SKU_EVIDENCE_REQUIRED,https://en.toboom.com.cn/product/185.html,toboom-manufacturer-catalog.json
TOBOOM official,TOBOOM,CG-2 series vitrified bond grinder CG 2512,186,CG 2512 | 104 001 533 030,1,1,KZ_BRAND_AND_SELECTED_SKUS,KZ_SKU_EVIDENCE_REQUIRED,https://en.toboom.com.cn/product/186.html,toboom-manufacturer-catalog.json
TOBOOM official,TOBOOM,RD-2 Series Rubber Bond Diamond Polisher RD 2326,187,RD 2326 | 104 041 494 120,1,1,KZ_BRAND_AND_SELECTED_SKUS,KZ_SKU_EVIDENCE_REQUIRED,https://en.toboom.com.cn/product/187.html,toboom-manufacturer-catalog.json
TOBOOM official,TOBOOM,SH-2 Series Silicone Bond Polisher SH 2224,188,SH 2224 | 104 026 514 180,1,1,KZ_BRAND_AND_SELECTED_SKUS,KZ_SKU_EVIDENCE_REQUIRED,https://en.toboom.com.cn/product/188.html,toboom-manufacturer-catalog.json
TOBOOM official,TOBOOM,SG-2 Series Silicone Bond Polisher SG 2352,189,SG 2352 | 104 371 534 180,1,1,KZ_BRAND_AND_SELECTED_SKUS,KZ_SKU_EVIDENCE_REQUIRED,https://en.toboom.com.cn/product/189.html,toboom-manufacturer-catalog.json
TOBOOM official,TOBOOM,SG-3 Series Silicone Bond Polisher SG 3014,190,SG 3014 | 204 110 514 030,1,1,KZ_BRAND_AND_SELECTED_SKUS,KZ_SKU_EVIDENCE_REQUIRED,https://en.toboom.com.cn/product/190.html,toboom-manufacturer-catalog.json
TOBOOM official,TOBOOM,RF-3 Series Rubber Bond Polisher RF 3216,191,RF 3216 | 204 030 494 090,1,1,KZ_BRAND_AND_SELECTED_SKUS,KZ_SKU_EVIDENCE_REQUIRED,https://en.toboom.com.cn/product/191.html,toboom-manufacturer-catalog.json
TOBOOM official,TOBOOM,SH-2 Series Silicone Bond Polisher SH 2223,192,SH 2223 | 104 026 524 180,1,1,KZ_BRAND_AND_SELECTED_SKUS,KZ_SKU_EVIDENCE_REQUIRED,https://en.toboom.com.cn/product/192.html,toboom-manufacturer-catalog.json
TOBOOM official,TOBOOM,CG-2 series vitrified bond grinder CG 2422,193,CG 2422 | 104 303 533 125,1,1,KZ_BRAND_AND_SELECTED_SKUS,KZ_SKU_EVIDENCE_REQUIRED,https://en.toboom.com.cn/product/193.html,toboom-manufacturer-catalog.json
TOBOOM official,TOBOOM,RD-1/3 Series Rubber Bond Diamond Polisher RD 3215,194,RD 3215 | 204 030 504 090,1,1,KZ_BRAND_AND_SELECTED_SKUS,KZ_SKU_EVIDENCE_REQUIRED,https://en.toboom.com.cn/product/194.html,toboom-manufacturer-catalog.json
TOBOOM official,TOBOOM,RD-2 Series Rubber Bond Diamond Polisher RD 2325,195,RD 2325 | 104 041 504 120,1,1,KZ_BRAND_AND_SELECTED_SKUS,KZ_SKU_EVIDENCE_REQUIRED,https://en.toboom.com.cn/product/195.html,toboom-manufacturer-catalog.json
TOBOOM official,TOBOOM,SG-2 Series Silicone Bond Polisher SG 2343,196,SG 2343 | 104 041 524 150,1,1,KZ_BRAND_AND_SELECTED_SKUS,KZ_SKU_EVIDENCE_REQUIRED,https://en.toboom.com.cn/product/196.html,toboom-manufacturer-catalog.json
TOBOOM official,TOBOOM,CG-2 series vitrified bond grinder CG 2412,197,CG 2412 | 104 304 533 080,1,1,KZ_BRAND_AND_SELECTED_SKUS,KZ_SKU_EVIDENCE_REQUIRED,https://en.toboom.com.cn/product/197.html,toboom-manufacturer-catalog.json
TOBOOM official,TOBOOM,SH-2 Series Silicone Bond Polisher SH 2222,198,SH 2222 | 104 026 534 180,1,1,KZ_BRAND_AND_SELECTED_SKUS,KZ_SKU_EVIDENCE_REQUIRED,https://en.toboom.com.cn/product/198.html,toboom-manufacturer-catalog.json
TOBOOM official,TOBOOM,RD-1/3 Series Rubber Bond Diamond Polisher RD 3214,199,RD 3214 | 204 030 514 090,1,1,KZ_BRAND_AND_SELECTED_SKUS,KZ_SKU_EVIDENCE_REQUIRED,https://en.toboom.com.cn/product/199.html,toboom-manufacturer-catalog.json
TOBOOM official,TOBOOM,CG-2 series vitrified bond grinder CG 2372,200,CG 2372 | 104 067 533 065,1,1,KZ_BRAND_AND_SELECTED_SKUS,KZ_SKU_EVIDENCE_REQUIRED,https://en.toboom.com.cn/product/200.html,toboom-manufacturer-catalog.json
TOBOOM official,TOBOOM,SK-4 Series Silicone Bond Polisher SK 4161,201,SK 4161 | 104 012 544 140,1,1,KZ_BRAND_AND_SELECTED_SKUS,KZ_SKU_EVIDENCE_REQUIRED,https://en.toboom.com.cn/product/201.html,toboom-manufacturer-catalog.json
TOBOOM official,TOBOOM,Precious Metal Set HP 0405 E,202,HP 0405 E,1,1,KZ_BRAND_AND_SELECTED_SKUS,KZ_SKU_EVIDENCE_REQUIRED,https://en.toboom.com.cn/product/202.html,toboom-manufacturer-catalog.json
TOBOOM official,TOBOOM,SG-3 Series Silicone Bond Polisher SG 3112,203,SG 3112 | 204 243 534 030,1,1,KZ_BRAND_AND_SELECTED_SKUS,KZ_SKU_EVIDENCE_REQUIRED,https://en.toboom.com.cn/product/203.html,toboom-manufacturer-catalog.json
TOBOOM official,TOBOOM,RF-3 Series Rubber Bond Polisher RF 3215,204,RF 3215 | 204 030 504 090,1,1,KZ_BRAND_AND_SELECTED_SKUS,KZ_SKU_EVIDENCE_REQUIRED,https://en.toboom.com.cn/product/204.html,toboom-manufacturer-catalog.json
TOBOOM official,TOBOOM,SG-2 Series Silicone Bond Polisher SG 2342,205,SG 2342 | 104 041 534 150,1,1,KZ_BRAND_AND_SELECTED_SKUS,KZ_SKU_EVIDENCE_REQUIRED,https://en.toboom.com.cn/product/205.html,toboom-manufacturer-catalog.json
TOBOOM official,TOBOOM,SH-2 Series Silicone Bond Polisher SH 2214,206,SH 2214 | 104 030 514 090,1,1,KZ_BRAND_AND_SELECTED_SKUS,KZ_SKU_EVIDENCE_REQUIRED,https://en.toboom.com.cn/product/206.html,toboom-manufacturer-catalog.json
TOBOOM official,TOBOOM,CG-2 series vitrified bond grinder CG 2362,207,CG 2362 | 104 072 533 065,1,1,KZ_BRAND_AND_SELECTED_SKUS,KZ_SKU_EVIDENCE_REQUIRED,https://en.toboom.com.cn/product/207.html,toboom-manufacturer-catalog.json
TOBOOM official,TOBOOM,RD-2 Series Rubber Bond Diamond Polisher RD 2324,208,RD 2324 | 104 041 514 120,1,1,KZ_BRAND_AND_SELECTED_SKUS,KZ_SKU_EVIDENCE_REQUIRED,https://en.toboom.com.cn/product/208.html,toboom-manufacturer-catalog.json
TOBOOM official,TOBOOM,RF-0 Series Rubber Bond Polisher RF 0021,209,RF 0021 | 900 114 544 070,1,1,KZ_BRAND_AND_SELECTED_SKUS,KZ_SKU_EVIDENCE_REQUIRED,https://en.toboom.com.cn/product/209.html,toboom-manufacturer-catalog.json
TOBOOM official,TOBOOM,CG-2 series vitrified bond grinder CG 2342,210,104 041 533 130 | CG 2342,1,1,KZ_BRAND_AND_SELECTED_SKUS,KZ_SKU_EVIDENCE_REQUIRED,https://en.toboom.com.cn/product/210.html,toboom-manufacturer-catalog.json
TOBOOM official,TOBOOM,SH-2 Series Silicone Bond Polisher SH 2213,211,SH 2213 | 104 030 524 090,1,1,KZ_BRAND_AND_SELECTED_SKUS,KZ_SKU_EVIDENCE_REQUIRED,https://en.toboom.com.cn/product/211.html,toboom-manufacturer-catalog.json
TOBOOM official,TOBOOM,RD-1/3 Series Rubber Bond Diamond Polisher RD 3213,212,RD 3213 | 204 030 524 090,1,1,KZ_BRAND_AND_SELECTED_SKUS,KZ_SKU_EVIDENCE_REQUIRED,https://en.toboom.com.cn/product/212.html,toboom-manufacturer-catalog.json
TOBOOM official,TOBOOM,CG-2 series vitrified bond grinder CG 2332,213,CG 2332 | 104 043 533 065,1,1,KZ_BRAND_AND_SELECTED_SKUS,KZ_SKU_EVIDENCE_REQUIRED,https://en.toboom.com.cn/product/213.html,toboom-manufacturer-catalog.json
TOBOOM official,TOBOOM,SG-3 Series Silicone Bond Polisher SG 3113,214,SG 3113 | 204 243 524 030,1,1,KZ_BRAND_AND_SELECTED_SKUS,KZ_SKU_EVIDENCE_REQUIRED,https://en.toboom.com.cn/product/214.html,toboom-manufacturer-catalog.json
TOBOOM official,TOBOOM,Precious Metal Set RA 0406 E,215,RA 0406 E,1,1,KZ_BRAND_AND_SELECTED_SKUS,KZ_SKU_EVIDENCE_REQUIRED,https://en.toboom.com.cn/product/215.html,toboom-manufacturer-catalog.json
TOBOOM official,TOBOOM,CG-2 series vitrified bond grinder CG 2322,216,CG 2322 | 104 041 533 060,1,1,KZ_BRAND_AND_SELECTED_SKUS,KZ_SKU_EVIDENCE_REQUIRED,https://en.toboom.com.cn/product/216.html,toboom-manufacturer-catalog.json
TOBOOM official,TOBOOM,SG-2 Series Silicone Bond Polisher SG 2333,217,SG 2333 | 104 042 524 120,1,1,KZ_BRAND_AND_SELECTED_SKUS,KZ_SKU_EVIDENCE_REQUIRED,https://en.toboom.com.cn/product/217.html,toboom-manufacturer-catalog.json
TOBOOM official,TOBOOM,RF-3 Series Rubber Bond Polisher RF 3214,218,RF 3214 | 204 030 514 090,1,1,KZ_BRAND_AND_SELECTED_SKUS,KZ_SKU_EVIDENCE_REQUIRED,https://en.toboom.com.cn/product/218.html,toboom-manufacturer-catalog.json
TOBOOM official,TOBOOM,SH-2 Series Silicone Bond Polisher SH 2212,219,104 030 534 090 | SH 2212,1,1,KZ_BRAND_AND_SELECTED_SKUS,KZ_SKU_EVIDENCE_REQUIRED,https://en.toboom.com.cn/product/219.html,toboom-manufacturer-catalog.json
TOBOOM official,TOBOOM,RF-0 Series Rubber Bond Polisher RF 0022,220,RF 0022 | 900 114 534 070,1,1,KZ_BRAND_AND_SELECTED_SKUS,KZ_SKU_EVIDENCE_REQUIRED,https://en.toboom.com.cn/product/220.html,toboom-manufacturer-catalog.json
TOBOOM official,TOBOOM,CG-2 series vitrified bond grinder CG 2312,221,CG 2312 | 104 042 533 050,1,1,KZ_BRAND_AND_SELECTED_SKUS,KZ_SKU_EVIDENCE_REQUIRED,https://en.toboom.com.cn/product/221.html,toboom-manufacturer-catalog.json
TOBOOM official,TOBOOM,RD-1/3 series rubber bond diamond polisher RD 3207,222,RD 3207 | 204 030 494 060,1,1,KZ_BRAND_AND_SELECTED_SKUS,KZ_SKU_EVIDENCE_REQUIRED,https://en.toboom.com.cn/product/222.html,toboom-manufacturer-catalog.json
TOBOOM official,TOBOOM,RD-2 Series Rubber Bond Diamond Polisher RD 2323,223,RD 2323 | 104 041 524 120,1,1,KZ_BRAND_AND_SELECTED_SKUS,KZ_SKU_EVIDENCE_REQUIRED,https://en.toboom.com.cn/product/223.html,toboom-manufacturer-catalog.json
TOBOOM official,TOBOOM,SG-3 Series Silicone Bond Polisher SG 3114,224,SG 3114 | 204 243 514 030,1,1,KZ_BRAND_AND_SELECTED_SKUS,KZ_SKU_EVIDENCE_REQUIRED,https://en.toboom.com.cn/product/224.html,toboom-manufacturer-catalog.json
TOBOOM official,TOBOOM,CG-2 series vitrified bond grinder CG 2242,225,SG 2242 | 104 237 533 036 | CG 2242,1,1,KZ_BRAND_AND_SELECTED_SKUS,KZ_SKU_EVIDENCE_REQUIRED,https://en.toboom.com.cn/product/225.html,toboom-manufacturer-catalog.json
TOBOOM official,TOBOOM,SH-2 Series Silicone Bond Polisher SH 2164,226,SH 2164 | 104 174 514 040,1,1,KZ_BRAND_AND_SELECTED_SKUS,KZ_SKU_EVIDENCE_REQUIRED,https://en.toboom.com.cn/product/226.html,toboom-manufacturer-catalog.json
TOBOOM official,TOBOOM,SK-4 Series Silicone Bond Polisher SK 4035,227,SK 4035 | 104 292 504 130,1,1,KZ_BRAND_AND_SELECTED_SKUS,KZ_SKU_EVIDENCE_REQUIRED,https://en.toboom.com.cn/product/227.html,toboom-manufacturer-catalog.json
TOBOOM official,TOBOOM,CG-2 series vitrified bond grinder CG 2232,228,CG 2232,1,1,KZ_BRAND_AND_SELECTED_SKUS,KZ_SKU_EVIDENCE_REQUIRED,https://en.toboom.com.cn/product/228.html,toboom-manufacturer-catalog.json
TOBOOM official,TOBOOM,RF-1/3 Series Rubber Bond Polisher RF 3212,229,RF 3212 | 204 030 534 090,1,1,KZ_BRAND_AND_SELECTED_SKUS,KZ_SKU_EVIDENCE_REQUIRED,https://en.toboom.com.cn/product/229.html,toboom-manufacturer-catalog.json
TOBOOM official,TOBOOM,SG-2 Series Silicone Bond Polisher SG 2332,230,SG 2332 | 104 042 534 120,1,1,KZ_BRAND_AND_SELECTED_SKUS,KZ_SKU_EVIDENCE_REQUIRED,https://en.toboom.com.cn/product/230.html,toboom-manufacturer-catalog.json
TOBOOM official,TOBOOM,SH-2 Series Silicone Bond Polisher SH 2163,231,SH 2163 | 104 174 524 040,1,1,KZ_BRAND_AND_SELECTED_SKUS,KZ_SKU_EVIDENCE_REQUIRED,https://en.toboom.com.cn/product/231.html,toboom-manufacturer-catalog.json
TOBOOM official,TOBOOM,CG-2 series vitrified bond grinder CG 2222,232,CG 2222 | 104 014 533 070,1,1,KZ_BRAND_AND_SELECTED_SKUS,KZ_SKU_EVIDENCE_REQUIRED,https://en.toboom.com.cn/product/232.html,toboom-manufacturer-catalog.json
TOBOOM official,TOBOOM,RD-1/3 Series Rubber Bond Diamond Polisher RD 3205,233,RD 3205 | 204 030 504 060,1,1,KZ_BRAND_AND_SELECTED_SKUS,KZ_SKU_EVIDENCE_REQUIRED,https://en.toboom.com.cn/product/233.html,toboom-manufacturer-catalog.json
TOBOOM official,TOBOOM,RD-2 Series Rubber Bond Diamond Polisher RD 2316,234,RD 2316 | 104 371 494 120,1,1,KZ_BRAND_AND_SELECTED_SKUS,KZ_SKU_EVIDENCE_REQUIRED,https://en.toboom.com.cn/product/234.html,toboom-manufacturer-catalog.json
TOBOOM official,TOBOOM,CG-2 series vitrified bond grinder CG 2212,235,CG 2212 | 104 014 533 050,1,1,KZ_BRAND_AND_SELECTED_SKUS,KZ_SKU_EVIDENCE_REQUIRED,https://en.toboom.com.cn/product/235.html,toboom-manufacturer-catalog.json
TOBOOM official,TOBOOM,SH-2 Series Silicone Bond Polisher SH 2162,236,SH 2162 | 104 174 534 040,1,1,KZ_BRAND_AND_SELECTED_SKUS,KZ_SKU_EVIDENCE_REQUIRED,https://en.toboom.com.cn/product/236.html,toboom-manufacturer-catalog.json
TOBOOM official,TOBOOM,SG-3 Series Silicone Bond Polisher SG 3122,237,SG 3122 | 204 243 534 040,1,1,KZ_BRAND_AND_SELECTED_SKUS,KZ_SKU_EVIDENCE_REQUIRED,https://en.toboom.com.cn/product/237.html,toboom-manufacturer-catalog.json
TOBOOM official,TOBOOM,Glass ceramic HP 1312 D1,238,HP 1312 D1,1,1,KZ_BRAND_AND_SELECTED_SKUS,KZ_SKU_EVIDENCE_REQUIRED,https://en.toboom.com.cn/product/238.html,toboom-manufacturer-catalog.json
TOBOOM official,TOBOOM,RF-3 Series Rubber Bond Polisher RF 3206,239,RF 3206 | 204 030 494 060,1,1,KZ_BRAND_AND_SELECTED_SKUS,KZ_SKU_EVIDENCE_REQUIRED,https://en.toboom.com.cn/product/239.html,toboom-manufacturer-catalog.json
TOBOOM official,TOBOOM,SG-2 Series Silicone Bond Polisher SG 2323,240,SG 2323 | 104 041 524 120,1,1,KZ_BRAND_AND_SELECTED_SKUS,KZ_SKU_EVIDENCE_REQUIRED,https://en.toboom.com.cn/product/240.html,toboom-manufacturer-catalog.json
TOBOOM official,TOBOOM,SH-2 Series Silicone Bond Polisher SH 2134,241,SH 2134 | 104 243 514 060,1,1,KZ_BRAND_AND_SELECTED_SKUS,KZ_SKU_EVIDENCE_REQUIRED,https://en.toboom.com.cn/product/241.html,toboom-manufacturer-catalog.json
TOBOOM official,TOBOOM,CG-2 series vitrified bond grinder CG 2142,242,CG 2142 | 104 266 533 050,1,1,KZ_BRAND_AND_SELECTED_SKUS,KZ_SKU_EVIDENCE_REQUIRED,https://en.toboom.com.cn/product/242.html,toboom-manufacturer-catalog.json
TOBOOM official,TOBOOM,SG-3 Series Silicone Bond Polisher SG 3123,243,SG 3123 | 204 243 524 040,1,1,KZ_BRAND_AND_SELECTED_SKUS,KZ_SKU_EVIDENCE_REQUIRED,https://en.toboom.com.cn/product/243.html,toboom-manufacturer-catalog.json
TOBOOM official,TOBOOM,SK-4 Series Silicone Bond Polisher SK 4033,244,SK 4033 | 104 292 524 130,1,1,KZ_BRAND_AND_SELECTED_SKUS,KZ_SKU_EVIDENCE_REQUIRED,https://en.toboom.com.cn/product/244.html,toboom-manufacturer-catalog.json
TOBOOM official,TOBOOM,CG-2 series vitrified bond grinder CG 2132,245,CG 2132,1,1,KZ_BRAND_AND_SELECTED_SKUS,KZ_SKU_EVIDENCE_REQUIRED,https://en.toboom.com.cn/product/245.html,toboom-manufacturer-catalog.json
TOBOOM official,TOBOOM,SH-2 Series Silicone Bond Polisher SH 2133,246,SH 2133 | 104 243 524 060,1,1,KZ_BRAND_AND_SELECTED_SKUS,KZ_SKU_EVIDENCE_REQUIRED,https://en.toboom.com.cn/product/246.html,toboom-manufacturer-catalog.json
TOBOOM official,TOBOOM,RD-2 Series Rubber Bond Diamond Polisher RD 2315,247,RD 2315 | 104 371 504 120,1,1,KZ_BRAND_AND_SELECTED_SKUS,KZ_SKU_EVIDENCE_REQUIRED,https://en.toboom.com.cn/product/247.html,toboom-manufacturer-catalog.json
TOBOOM official,TOBOOM,SG-2 Series Silicone Bond Polisher SG 2322,248,SG 2322 | 104 041 534 120,1,1,KZ_BRAND_AND_SELECTED_SKUS,KZ_SKU_EVIDENCE_REQUIRED,https://en.toboom.com.cn/product/248.html,toboom-manufacturer-catalog.json
TOBOOM official,TOBOOM,CG-2 series vitrified bond grinder CG 2122,249,CG 2122 | 104 171 533 025,1,1,KZ_BRAND_AND_SELECTED_SKUS,KZ_SKU_EVIDENCE_REQUIRED,https://en.toboom.com.cn/product/249.html,toboom-manufacturer-catalog.json
TOBOOM official,TOBOOM,SG-3 Series Silicone Bond Polisher SG 3124,250,SG 3124 | 204 243 514 040,1,1,KZ_BRAND_AND_SELECTED_SKUS,KZ_SKU_EVIDENCE_REQUIRED,https://en.toboom.com.cn/product/250.html,toboom-manufacturer-catalog.json
TOBOOM official,TOBOOM,SH-2 Series Silicone Bond Polisher SH 2132,251,SH 2132 | 104 243 534 060,1,1,KZ_BRAND_AND_SELECTED_SKUS,KZ_SKU_EVIDENCE_REQUIRED,https://en.toboom.com.cn/product/251.html,toboom-manufacturer-catalog.json
TOBOOM official,TOBOOM,RD-1/3 series rubber bond diamond polisher RD 3204,252,RD 3204 | 204 030 514 060,1,1,KZ_BRAND_AND_SELECTED_SKUS,KZ_SKU_EVIDENCE_REQUIRED,https://en.toboom.com.cn/product/252.html,toboom-manufacturer-catalog.json
TOBOOM official,TOBOOM,CG-2 series vitrified bond grinder CG 2112,253,CG 2112 | 104 161 533 028,1,1,KZ_BRAND_AND_SELECTED_SKUS,KZ_SKU_EVIDENCE_REQUIRED,https://en.toboom.com.cn/product/253.html,toboom-manufacturer-catalog.json
TOBOOM official,TOBOOM,SH-2 Series Silicone Bond Polisher SH 2124,254,SH 2124 | 104 243 514 040,1,1,KZ_BRAND_AND_SELECTED_SKUS,KZ_SKU_EVIDENCE_REQUIRED,https://en.toboom.com.cn/product/254.html,toboom-manufacturer-catalog.json
TOBOOM official,TOBOOM,RF-3 Series Rubber Bond Polisher RF 3205,255,RF 3205 | 204 030 504 060,1,1,KZ_BRAND_AND_SELECTED_SKUS,KZ_SKU_EVIDENCE_REQUIRED,https://en.toboom.com.cn/product/255.html,toboom-manufacturer-catalog.json
TOBOOM official,TOBOOM,CG-2 series vitrified bond grinder CG 2082,256,CG 2082 | 104 257 533 045,1,1,KZ_BRAND_AND_SELECTED_SKUS,KZ_SKU_EVIDENCE_REQUIRED,https://en.toboom.com.cn/product/256.html,toboom-manufacturer-catalog.json
TOBOOM official,TOBOOM,Glass Ceramic Utility Pack HP 1206E,257,HP 1206E,1,1,KZ_BRAND_AND_SELECTED_SKUS,KZ_SKU_EVIDENCE_REQUIRED,https://en.toboom.com.cn/product/257.html,toboom-manufacturer-catalog.json
TOBOOM official,TOBOOM,RD-2 Series Rubber Bond Diamond Polisher RD 2314,258,RD 2314 | 104 371 514 120,1,1,KZ_BRAND_AND_SELECTED_SKUS,KZ_SKU_EVIDENCE_REQUIRED,https://en.toboom.com.cn/product/258.html,toboom-manufacturer-catalog.json
TOBOOM official,TOBOOM,SK-4 Series Silicone Bond Polisher SK 4032,259,SK 4032 | 104 292 534 130,1,1,KZ_BRAND_AND_SELECTED_SKUS,KZ_SKU_EVIDENCE_REQUIRED,https://en.toboom.com.cn/product/259.html,toboom-manufacturer-catalog.json
TOBOOM official,TOBOOM,CG-2 series vitrified bond grinder CG 2062,260,CG 2062 | 104 273 533 030,1,1,KZ_BRAND_AND_SELECTED_SKUS,KZ_SKU_EVIDENCE_REQUIRED,https://en.toboom.com.cn/product/260.html,toboom-manufacturer-catalog.json
TOBOOM official,TOBOOM,SH-2 Series Silicone Bond Polisher SH 2123,261,SH 2123 | 104 243 524 040,1,1,KZ_BRAND_AND_SELECTED_SKUS,KZ_SKU_EVIDENCE_REQUIRED,https://en.toboom.com.cn/product/261.html,toboom-manufacturer-catalog.json
TOBOOM official,TOBOOM,SG-3 Series Silicone Bond Polisher SG 3132,262,SG 3132 | 204 243 534 050,1,1,KZ_BRAND_AND_SELECTED_SKUS,KZ_SKU_EVIDENCE_REQUIRED,https://en.toboom.com.cn/product/262.html,toboom-manufacturer-catalog.json
TOBOOM official,TOBOOM,CG-2 series vitrified bond grinder CG 2052,263,CG 2052 | 104 292 533 050,1,1,KZ_BRAND_AND_SELECTED_SKUS,KZ_SKU_EVIDENCE_REQUIRED,https://en.toboom.com.cn/product/263.html,toboom-manufacturer-catalog.json
TOBOOM official,TOBOOM,SH-2 Series Silicone Bond Polisher SH 2122,264,SH 2122 | 104 243 534 040,1,1,KZ_BRAND_AND_SELECTED_SKUS,KZ_SKU_EVIDENCE_REQUIRED,https://en.toboom.com.cn/product/264.html,toboom-manufacturer-catalog.json
TOBOOM official,TOBOOM,CG-2 series vitrified bond grinder CG 2032,265,CG 2032 | 104 113 533 065,1,1,KZ_BRAND_AND_SELECTED_SKUS,KZ_SKU_EVIDENCE_REQUIRED,https://en.toboom.com.cn/product/265.html,toboom-manufacturer-catalog.json
TOBOOM official,TOBOOM,RF-3 Series Rubber Bond Polisher RF 3204,266,RF 3204 | 204 030 514 060,1,1,KZ_BRAND_AND_SELECTED_SKUS,KZ_SKU_EVIDENCE_REQUIRED,https://en.toboom.com.cn/product/266.html,toboom-manufacturer-catalog.json
TOBOOM official,TOBOOM,RF-0 Series Rubber Bond Polisher RF 0023,267,RF 0023 | 900 114 524 070,1,1,KZ_BRAND_AND_SELECTED_SKUS,KZ_SKU_EVIDENCE_REQUIRED,https://en.toboom.com.cn/product/267.html,toboom-manufacturer-catalog.json
TOBOOM official,TOBOOM,Anterior teeth all-ceramic porcelain preparation set,268,,1,1,KZ_BRAND_AND_SELECTED_SKUS,MANUFACTURER_REFERENCE_REQUIRED,https://en.toboom.com.cn/product/268.html,toboom-manufacturer-catalog.json
TOBOOM official,TOBOOM,CG-2 series vitrified bond grinder CG 2022,269,CG 2022 | 104 113 533 050,1,1,KZ_BRAND_AND_SELECTED_SKUS,KZ_SKU_EVIDENCE_REQUIRED,https://en.toboom.com.cn/product/269.html,toboom-manufacturer-catalog.json
TOBOOM official,TOBOOM,SH-2 Series Silicone Bond Polisher SH 2114,270,SH 2114 | 104 243 514 030,1,1,KZ_BRAND_AND_SELECTED_SKUS,KZ_SKU_EVIDENCE_REQUIRED,https://en.toboom.com.cn/product/270.html,toboom-manufacturer-catalog.json
TOBOOM official,TOBOOM,RD-2 Series Rubber Bond Diamond Polisher RD 2313,271,RD 2313 | 104 371 524 120,1,1,KZ_BRAND_AND_SELECTED_SKUS,KZ_SKU_EVIDENCE_REQUIRED,https://en.toboom.com.cn/product/271.html,toboom-manufacturer-catalog.json
TOBOOM official,TOBOOM,SG-3 Series Silicone Bond Polisher SG 3133,272,SG 3133 | 204 243 524 050,1,1,KZ_BRAND_AND_SELECTED_SKUS,KZ_SKU_EVIDENCE_REQUIRED,https://en.toboom.com.cn/product/272.html,toboom-manufacturer-catalog.json
TOBOOM official,TOBOOM,CG-2 series vitrified bond grinder CG 2012,273,CG 2012 | 104 110 533 030,1,1,KZ_BRAND_AND_SELECTED_SKUS,KZ_SKU_EVIDENCE_REQUIRED,https://en.toboom.com.cn/product/273.html,toboom-manufacturer-catalog.json
TOBOOM official,TOBOOM,SH-2 Series Silicone Bond Polisher SH 2113,274,SH 2113 | 104 243 524 030,1,1,KZ_BRAND_AND_SELECTED_SKUS,KZ_SKU_EVIDENCE_REQUIRED,https://en.toboom.com.cn/product/274.html,toboom-manufacturer-catalog.json
TOBOOM official,TOBOOM,CG-0 series vitrified bond grinder CG 0022,275,CG 0022 | 900 372 533 220,1,1,KZ_BRAND_AND_SELECTED_SKUS,KZ_SKU_EVIDENCE_REQUIRED,https://en.toboom.com.cn/product/275.html,toboom-manufacturer-catalog.json
TOBOOM official,TOBOOM,RF-0 Series Rubber Bond Polisher RF 0024,276,RF 0024 | 900 114 514 070,1,1,KZ_BRAND_AND_SELECTED_SKUS,KZ_SKU_EVIDENCE_REQUIRED,https://en.toboom.com.cn/product/276.html,toboom-manufacturer-catalog.json
TOBOOM official,TOBOOM,SK-4 Series Silicone Bond Polisher SK 4031,277,SK 4031 | 104 292 544 130,1,1,KZ_BRAND_AND_SELECTED_SKUS,KZ_SKU_EVIDENCE_REQUIRED,https://en.toboom.com.cn/product/277.html,toboom-manufacturer-catalog.json
TOBOOM official,TOBOOM,CG-0 series vitrified bond grinder CG 0012,278,CG 0012 | 900 372 533 160,1,1,KZ_BRAND_AND_SELECTED_SKUS,KZ_SKU_EVIDENCE_REQUIRED,https://en.toboom.com.cn/product/278.html,toboom-manufacturer-catalog.json
TOBOOM official,TOBOOM,SH-2 Series Silicone Bond Polisher SH 2112,279,SH 2112 | 104 243 534 030,1,1,KZ_BRAND_AND_SELECTED_SKUS,KZ_SKU_EVIDENCE_REQUIRED,https://en.toboom.com.cn/product/279.html,toboom-manufacturer-catalog.json
TOBOOM official,TOBOOM,RF-1/3 Series Rubber Bond Polisher RF 3202,280,RF 3202 | 204 030 534 060,1,1,KZ_BRAND_AND_SELECTED_SKUS,KZ_SKU_EVIDENCE_REQUIRED,https://en.toboom.com.cn/product/280.html,toboom-manufacturer-catalog.json
TOBOOM official,TOBOOM,RD-2 Series Rubber Bond Diamond Polisher RD 2226,281,RD 2226 | 104 026 494 180,1,1,KZ_BRAND_AND_SELECTED_SKUS,KZ_SKU_EVIDENCE_REQUIRED,https://en.toboom.com.cn/product/281.html,toboom-manufacturer-catalog.json
TOBOOM official,TOBOOM,SH-2 Series Silicone Bond Polisher SH 2024,282,104 113 514 050 | SH 2024,1,1,KZ_BRAND_AND_SELECTED_SKUS,KZ_SKU_EVIDENCE_REQUIRED,https://en.toboom.com.cn/product/282.html,toboom-manufacturer-catalog.json
TOBOOM official,TOBOOM,SG-3 Series Silicone Bond Polisher SG 3134,283,SG 3134 | 204 243 514 050,1,1,KZ_BRAND_AND_SELECTED_SKUS,KZ_SKU_EVIDENCE_REQUIRED,https://en.toboom.com.cn/product/283.html,toboom-manufacturer-catalog.json
TOBOOM official,TOBOOM,SH-2 Series Silicone Bond Polisher SH 2023,284,SH 2023 | 104 113 524 050,1,1,KZ_BRAND_AND_SELECTED_SKUS,KZ_SKU_EVIDENCE_REQUIRED,https://en.toboom.com.cn/product/284.html,toboom-manufacturer-catalog.json
TOBOOM official,TOBOOM,Posterior Teeth All-Porcelain Porcelain Preparation Set,285,,1,1,KZ_BRAND_AND_SELECTED_SKUS,MANUFACTURER_REFERENCE_REQUIRED,https://en.toboom.com.cn/product/285.html,toboom-manufacturer-catalog.json
TOBOOM official,TOBOOM,SH-2 Series Silicone Bond Polisher SH 2022,286,SH 2023 | 104 113 524 050 | SH 2022,1,1,KZ_BRAND_AND_SELECTED_SKUS,KZ_SKU_EVIDENCE_REQUIRED,https://en.toboom.com.cn/product/286.html,toboom-manufacturer-catalog.json
TOBOOM official,TOBOOM,RF-3 Series Rubber Bond Polisher RF 3166,287,RF 3166 | 204 174 494 035,1,1,KZ_BRAND_AND_SELECTED_SKUS,KZ_SKU_EVIDENCE_REQUIRED,https://en.toboom.com.cn/product/287.html,toboom-manufacturer-catalog.json
TOBOOM official,TOBOOM,RD-2 Series Rubber Bond Diamond Polisher RD 2225,288,RD 2225 | 104 026 504 180,1,1,KZ_BRAND_AND_SELECTED_SKUS,KZ_SKU_EVIDENCE_REQUIRED,https://en.toboom.com.cn/product/288.html,toboom-manufacturer-catalog.json
TOBOOM official,TOBOOM,SG-3 Series Silicone Bond Polisher SG 3162,289,SG 3162,1,1,KZ_BRAND_AND_SELECTED_SKUS,KZ_SKU_EVIDENCE_REQUIRED,https://en.toboom.com.cn/product/289.html,toboom-manufacturer-catalog.json
TOBOOM official,TOBOOM,RF-3 Series Rubber Bond Polisher RF 3165,290,RF 3165 | 204 174 504 035,1,1,KZ_BRAND_AND_SELECTED_SKUS,KZ_SKU_EVIDENCE_REQUIRED,https://en.toboom.com.cn/product/290.html,toboom-manufacturer-catalog.json
TOBOOM official,TOBOOM,SH-2 Series Silicone Bond Polisher SH 2014,291,SH 2014 | 104 110 514 030,1,1,KZ_BRAND_AND_SELECTED_SKUS,KZ_SKU_EVIDENCE_REQUIRED,https://en.toboom.com.cn/product/291.html,toboom-manufacturer-catalog.json
TOBOOM official,TOBOOM,RF-0 Series Rubber Bond Polisher RF 0061,292,RF 0061 | 900 371 544 160,1,1,KZ_BRAND_AND_SELECTED_SKUS,KZ_SKU_EVIDENCE_REQUIRED,https://en.toboom.com.cn/product/292.html,toboom-manufacturer-catalog.json
TOBOOM official,TOBOOM,RD-2 Series Rubber Bond Diamond Polisher RD 2224,293,RD 2224 | 104 026 514 180,1,1,KZ_BRAND_AND_SELECTED_SKUS,KZ_SKU_EVIDENCE_REQUIRED,https://en.toboom.com.cn/product/293.html,toboom-manufacturer-catalog.json
TOBOOM official,TOBOOM,SG-3 Series Silicone Bond Polisher SG 3163,294,SG 3163 | 204 174 534 035,1,1,KZ_BRAND_AND_SELECTED_SKUS,KZ_SKU_EVIDENCE_REQUIRED,https://en.toboom.com.cn/product/294.html,toboom-manufacturer-catalog.json
TOBOOM official,TOBOOM,Fine grinding and fine preparation set,295,,1,1,KZ_BRAND_AND_SELECTED_SKUS,MANUFACTURER_REFERENCE_REQUIRED,https://en.toboom.com.cn/product/295.html,toboom-manufacturer-catalog.json
TOBOOM official,TOBOOM,SH-2 Series Silicone Bond Polisher SH 2013,296,SH 2013 | 104 110 524 030,1,1,KZ_BRAND_AND_SELECTED_SKUS,KZ_SKU_EVIDENCE_REQUIRED,https://en.toboom.com.cn/product/296.html,toboom-manufacturer-catalog.json
TOBOOM official,TOBOOM,RF-3 Series Rubber Bond Polisher RF 3164,297,RF 3164 | 204 174 514 035,1,1,KZ_BRAND_AND_SELECTED_SKUS,KZ_SKU_EVIDENCE_REQUIRED,https://en.toboom.com.cn/product/297.html,toboom-manufacturer-catalog.json
TOBOOM official,TOBOOM,RD-2 Series Rubber Bond Diamond Polisher RD 2223,298,RD 2223 | 104 026 524 180,1,1,KZ_BRAND_AND_SELECTED_SKUS,KZ_SKU_EVIDENCE_REQUIRED,https://en.toboom.com.cn/product/298.html,toboom-manufacturer-catalog.json
TOBOOM official,TOBOOM,SH-2 Series Silicone Bond Polisher SH 2012,299,SH 2012 | 104 110 534 030,1,1,KZ_BRAND_AND_SELECTED_SKUS,KZ_SKU_EVIDENCE_REQUIRED,https://en.toboom.com.cn/product/299.html,toboom-manufacturer-catalog.json
TOBOOM official,TOBOOM,RF-0 Series Rubber Bond Polisher RF 0062,300,RF 0062 | 900 371 534 160,1,1,KZ_BRAND_AND_SELECTED_SKUS,KZ_SKU_EVIDENCE_REQUIRED,https://en.toboom.com.cn/product/300.html,toboom-manufacturer-catalog.json
TOBOOM official,TOBOOM,SH-0 Series Silicone Bond Polisher SH 0124,301,SH 0124 | 900 303 514 220,1,1,KZ_BRAND_AND_SELECTED_SKUS,KZ_SKU_EVIDENCE_REQUIRED,https://en.toboom.com.cn/product/301.html,toboom-manufacturer-catalog.json
TOBOOM official,TOBOOM,SG-3 Series Silicone Bond Polisher SG 3164,302,SG 3164 | 204 174 534 035,1,1,KZ_BRAND_AND_SELECTED_SKUS,KZ_SKU_EVIDENCE_REQUIRED,https://en.toboom.com.cn/product/302.html,toboom-manufacturer-catalog.json
TOBOOM official,TOBOOM,Anterior and posterior teeth all-ceramic porcelain dental preparation set,303,,1,1,KZ_BRAND_AND_SELECTED_SKUS,MANUFACTURER_REFERENCE_REQUIRED,https://en.toboom.com.cn/product/303.html,toboom-manufacturer-catalog.json
TOBOOM official,TOBOOM,RF-1/3 Series Rubber Bond Polisher RF 3162,304,RF 3162 | 204 174 534 035,1,1,KZ_BRAND_AND_SELECTED_SKUS,KZ_SKU_EVIDENCE_REQUIRED,https://en.toboom.com.cn/product/304.html,toboom-manufacturer-catalog.json
TOBOOM official,TOBOOM,RF-0 Series Rubber Bond Polisher RF 0063,305,RF 0063 | 900 371 524 160,1,1,KZ_BRAND_AND_SELECTED_SKUS,KZ_SKU_EVIDENCE_REQUIRED,https://en.toboom.com.cn/product/305.html,toboom-manufacturer-catalog.json
TOBOOM official,TOBOOM,SH-0 Series Silicone Bond Polisher SH 0123,306,SH 0123 | 900 303 524 220,1,1,KZ_BRAND_AND_SELECTED_SKUS,KZ_SKU_EVIDENCE_REQUIRED,https://en.toboom.com.cn/product/306.html,toboom-manufacturer-catalog.json
TOBOOM official,TOBOOM,SG-3 Series Silicone Bond Polisher SG 3202,307,SG 3202 | 204 030 534 060,1,1,KZ_BRAND_AND_SELECTED_SKUS,KZ_SKU_EVIDENCE_REQUIRED,https://en.toboom.com.cn/product/307.html,toboom-manufacturer-catalog.json
TOBOOM official,TOBOOM,RD-2 Series Rubber Bond Diamond Polisher RD 2216,308,RD 2216 | 104 030 494 090,1,1,KZ_BRAND_AND_SELECTED_SKUS,KZ_SKU_EVIDENCE_REQUIRED,https://en.toboom.com.cn/product/308.html,toboom-manufacturer-catalog.json
TOBOOM official,TOBOOM,SH-0 Series Silicone Bond Polisher SH 0122,309,SH 0122 | 900 303 534 220,1,1,KZ_BRAND_AND_SELECTED_SKUS,KZ_SKU_EVIDENCE_REQUIRED,https://en.toboom.com.cn/product/309.html,toboom-manufacturer-catalog.json
TOBOOM official,TOBOOM,SH-0 Series Silicone Bond Polisher SH 0114,310,SH 0114 | 900 303 514 160,1,1,KZ_BRAND_AND_SELECTED_SKUS,KZ_SKU_EVIDENCE_REQUIRED,https://en.toboom.com.cn/product/310.html,toboom-manufacturer-catalog.json
TOBOOM official,TOBOOM,RF-0 Series Rubber Bond Polisher RF 0064,311,RF 0064 | 900 371 514 160,1,1,KZ_BRAND_AND_SELECTED_SKUS,KZ_SKU_EVIDENCE_REQUIRED,https://en.toboom.com.cn/product/311.html,toboom-manufacturer-catalog.json
TOBOOM official,TOBOOM,SG-3 Series Silicone Bond Polisher SG 3203,312,SG 3203 | 204 030 524 060,1,1,KZ_BRAND_AND_SELECTED_SKUS,KZ_SKU_EVIDENCE_REQUIRED,https://en.toboom.com.cn/product/312.html,toboom-manufacturer-catalog.json
TOBOOM official,TOBOOM,RD-2 Series Rubber Bond Diamond Polisher RD 2215,313,RD 2215 | 104 030 504 090,1,1,KZ_BRAND_AND_SELECTED_SKUS,KZ_SKU_EVIDENCE_REQUIRED,https://en.toboom.com.cn/product/313.html,toboom-manufacturer-catalog.json
TOBOOM official,TOBOOM,SH-0 Series Silicone Bond Polisher SH 0113,314,SH 0113 | 900 303 524 160,1,1,KZ_BRAND_AND_SELECTED_SKUS,KZ_SKU_EVIDENCE_REQUIRED,https://en.toboom.com.cn/product/314.html,toboom-manufacturer-catalog.json
TOBOOM official,TOBOOM,SG-3 Series Silicone Bond Polisher SG 3204,315,SG 3204 | 204 030 514 060,1,1,KZ_BRAND_AND_SELECTED_SKUS,KZ_SKU_EVIDENCE_REQUIRED,https://en.toboom.com.cn/product/315.html,toboom-manufacturer-catalog.json
TOBOOM official,TOBOOM,SH-0 Series Silicone Bond Polisher SH 0112,316,SH 0112 | 900 303 534 160,1,1,KZ_BRAND_AND_SELECTED_SKUS,KZ_SKU_EVIDENCE_REQUIRED,https://en.toboom.com.cn/product/316.html,toboom-manufacturer-catalog.json
TOBOOM official,TOBOOM,RF-3 Series Rubber Bond Polisher RF 3136,317,RF 3136 | 204 243 494 050,1,1,KZ_BRAND_AND_SELECTED_SKUS,KZ_SKU_EVIDENCE_REQUIRED,https://en.toboom.com.cn/product/317.html,toboom-manufacturer-catalog.json
TOBOOM official,TOBOOM,Porcelain veneer preparation set FG 0807 D,318,FG 0807 D,1,1,KZ_BRAND_AND_SELECTED_SKUS,KZ_SKU_EVIDENCE_REQUIRED,https://en.toboom.com.cn/product/318.html,toboom-manufacturer-catalog.json
TOBOOM official,TOBOOM,RD-2 Series Rubber Bond Diamond Polisher RD 2214,319,RD 2214 | 104 030 514 090,1,1,KZ_BRAND_AND_SELECTED_SKUS,KZ_SKU_EVIDENCE_REQUIRED,https://en.toboom.com.cn/product/319.html,toboom-manufacturer-catalog.json
TOBOOM official,TOBOOM,SH-0 Series Silicone Bond Polisher SH 0094,320,SH 0094 | 900 372 514 220,1,1,KZ_BRAND_AND_SELECTED_SKUS,KZ_SKU_EVIDENCE_REQUIRED,https://en.toboom.com.cn/product/320.html,toboom-manufacturer-catalog.json
TOBOOM official,TOBOOM,SH-0 Series Silicone Bond Polisher SH 0093,321,SH 0093 | 900 372 524 220,1,1,KZ_BRAND_AND_SELECTED_SKUS,KZ_SKU_EVIDENCE_REQUIRED,https://en.toboom.com.cn/product/321.html,toboom-manufacturer-catalog.json
TOBOOM official,TOBOOM,SG-3 Series Silicone Bond Polisher SG 3212,322,SG 3212 | 204 030 534 090,1,1,KZ_BRAND_AND_SELECTED_SKUS,KZ_SKU_EVIDENCE_REQUIRED,https://en.toboom.com.cn/product/322.html,toboom-manufacturer-catalog.json
TOBOOM official,TOBOOM,SH-0 Series Silicone Bond Polisher SH 0092,323,SH 0092 | 900 372 534 220,1,1,KZ_BRAND_AND_SELECTED_SKUS,KZ_SKU_EVIDENCE_REQUIRED,https://en.toboom.com.cn/product/323.html,toboom-manufacturer-catalog.json
TOBOOM official,TOBOOM,RF-3 Series Rubber Bond Polisher RF 3135,324,RF 3135 | 204 243 504 050,1,1,KZ_BRAND_AND_SELECTED_SKUS,KZ_SKU_EVIDENCE_REQUIRED,https://en.toboom.com.cn/product/324.html,toboom-manufacturer-catalog.json
TOBOOM official,TOBOOM,RD-2 Series Rubber Bond Diamond Polisher RD 2213,325,RD 2213 | 104 030 524 090,1,1,KZ_BRAND_AND_SELECTED_SKUS,KZ_SKU_EVIDENCE_REQUIRED,https://en.toboom.com.cn/product/325.html,toboom-manufacturer-catalog.json
TOBOOM official,TOBOOM,SH-0 Series Silicone Bond Polisher SH 0084,326,SH 0084 | 900 371 514 220,1,1,KZ_BRAND_AND_SELECTED_SKUS,KZ_SKU_EVIDENCE_REQUIRED,https://en.toboom.com.cn/product/326.html,toboom-manufacturer-catalog.json
TOBOOM official,TOBOOM,Porcelain metal inlay preparation set.FG 0908 D,327,FG 0908 D,1,1,KZ_BRAND_AND_SELECTED_SKUS,KZ_SKU_EVIDENCE_REQUIRED,https://en.toboom.com.cn/product/327.html,toboom-manufacturer-catalog.json
TOBOOM official,TOBOOM,SG-3 Series Silicone Bond Polisher SG 3213,328,SG 3213 | 204 030 524 090,1,1,KZ_BRAND_AND_SELECTED_SKUS,KZ_SKU_EVIDENCE_REQUIRED,https://en.toboom.com.cn/product/328.html,toboom-manufacturer-catalog.json
TOBOOM official,TOBOOM,SH-0 Series Silicone Bond Polisher SH 0083,329,SH 0083 | 900 371 524 220,1,1,KZ_BRAND_AND_SELECTED_SKUS,KZ_SKU_EVIDENCE_REQUIRED,https://en.toboom.com.cn/product/329.html,toboom-manufacturer-catalog.json
TOBOOM official,TOBOOM,RD-2 Series Rubber Bond Diamond Polisher RD 2166,330,RD 2166 | 104 174 494 040,1,1,KZ_BRAND_AND_SELECTED_SKUS,KZ_SKU_EVIDENCE_REQUIRED,https://en.toboom.com.cn/product/330.html,toboom-manufacturer-catalog.json
TOBOOM official,TOBOOM,SH-0 Series Silicone Bond Polisher SH 0082,331,SH 0082 | 900 371 534 220,1,1,KZ_BRAND_AND_SELECTED_SKUS,KZ_SKU_EVIDENCE_REQUIRED,https://en.toboom.com.cn/product/331.html,toboom-manufacturer-catalog.json
TOBOOM official,TOBOOM,SG-3 Series Silicone Bond Polisher SG 3214,332,SG 3214 | 204 030 514 090,1,1,KZ_BRAND_AND_SELECTED_SKUS,KZ_SKU_EVIDENCE_REQUIRED,https://en.toboom.com.cn/product/332.html,toboom-manufacturer-catalog.json
TOBOOM official,TOBOOM,RF-3 Series Rubber Bond Polisher RF 3134,333,RF 3134 | 204 243 514 050,1,1,KZ_BRAND_AND_SELECTED_SKUS,KZ_SKU_EVIDENCE_REQUIRED,https://en.toboom.com.cn/product/333.html,toboom-manufacturer-catalog.json
TOBOOM official,TOBOOM,RD-2 Series Rubber Bond Diamond Polisher RD 2165,334,RD 2165 | 104 174 504 040,1,1,KZ_BRAND_AND_SELECTED_SKUS,KZ_SKU_EVIDENCE_REQUIRED,https://en.toboom.com.cn/product/334.html,toboom-manufacturer-catalog.json
TOBOOM official,TOBOOM,SH-0 Series Silicone Bond Polisher SH 0074,335,SH 0074 | 900 372 514 160,1,1,KZ_BRAND_AND_SELECTED_SKUS,KZ_SKU_EVIDENCE_REQUIRED,https://en.toboom.com.cn/product/335.html,toboom-manufacturer-catalog.json
TOBOOM official,TOBOOM,SG-3 Series Silicone Bond Polisher SG 3312,336,SG 3312 | 204 371 534 100,1,1,KZ_BRAND_AND_SELECTED_SKUS,KZ_SKU_EVIDENCE_REQUIRED,https://en.toboom.com.cn/product/336.html,toboom-manufacturer-catalog.json
TOBOOM official,TOBOOM,SH-0 Series Silicone Bond Polisher SH 0073,337,SH 0073 | 900 372 524 160,1,1,KZ_BRAND_AND_SELECTED_SKUS,KZ_SKU_EVIDENCE_REQUIRED,https://en.toboom.com.cn/product/337.html,toboom-manufacturer-catalog.json
TOBOOM official,TOBOOM,RF-1/3 Series Rubber Bond Polisher RF 3132,338,RF 3132 | 204 243 534 050,1,1,KZ_BRAND_AND_SELECTED_SKUS,KZ_SKU_EVIDENCE_REQUIRED,https://en.toboom.com.cn/product/338.html,toboom-manufacturer-catalog.json
TOBOOM official,TOBOOM,RD-2 Series Rubber Bond Diamond Polisher RD 2164,339,RD 2164 | 104 174 514 040,1,1,KZ_BRAND_AND_SELECTED_SKUS,KZ_SKU_EVIDENCE_REQUIRED,https://en.toboom.com.cn/product/339.html,toboom-manufacturer-catalog.json
TOBOOM official,TOBOOM,SH-0 Series Silicone Bond Polisher SH 0072,340,SH 0072 | 900 372 534 160,1,1,KZ_BRAND_AND_SELECTED_SKUS,KZ_SKU_EVIDENCE_REQUIRED,https://en.toboom.com.cn/product/340.html,toboom-manufacturer-catalog.json
TOBOOM official,TOBOOM,SG-3 Series Silicone Bond Polisher SG 3313,341,SG 3313 | 204 371 524 100,1,1,KZ_BRAND_AND_SELECTED_SKUS,KZ_SKU_EVIDENCE_REQUIRED,https://en.toboom.com.cn/product/341.html,toboom-manufacturer-catalog.json
TOBOOM official,TOBOOM,SH-0 Series Silicone Bond Polisher SH 0064,342,SH 0064 | 900 371 514 160,1,1,KZ_BRAND_AND_SELECTED_SKUS,KZ_SKU_EVIDENCE_REQUIRED,https://en.toboom.com.cn/product/342.html,toboom-manufacturer-catalog.json
TOBOOM official,TOBOOM,Ni-Ti machine H file,343,,1,1,KZ_BRAND_AND_SELECTED_SKUS,MANUFACTURER_REFERENCE_REQUIRED,https://en.toboom.com.cn/product/343.html,toboom-manufacturer-catalog.json
TOBOOM official,TOBOOM,RD-2 Series Rubber Bond Diamond Polisher RD 2163,344,RD 2163 | 104 174 524 040,1,1,KZ_BRAND_AND_SELECTED_SKUS,KZ_SKU_EVIDENCE_REQUIRED,https://en.toboom.com.cn/product/344.html,toboom-manufacturer-catalog.json
TOBOOM official,TOBOOM,SH-0 Series Silicone Bond Polisher SH 0063,345,SH 0063 | 900 371 524 160,1,1,KZ_BRAND_AND_SELECTED_SKUS,KZ_SKU_EVIDENCE_REQUIRED,https://en.toboom.com.cn/product/345.html,toboom-manufacturer-catalog.json
TOBOOM official,TOBOOM,SG-3 Series Silicone Bond Polisher SG 3314,346,SG 3314 | 204 371 514 100,1,1,KZ_BRAND_AND_SELECTED_SKUS,KZ_SKU_EVIDENCE_REQUIRED,https://en.toboom.com.cn/product/346.html,toboom-manufacturer-catalog.json
TOBOOM official,TOBOOM,SH-0 Series Silicone Bond Polisher SH 0062,347,SH 0062 | 900 371 534 160,1,1,KZ_BRAND_AND_SELECTED_SKUS,KZ_SKU_EVIDENCE_REQUIRED,https://en.toboom.com.cn/product/347.html,toboom-manufacturer-catalog.json
TOBOOM official,TOBOOM,SG-3 Series Silicone Bond Polisher SG 3322,348,SG 3322 | 204 041 534 100,1,1,KZ_BRAND_AND_SELECTED_SKUS,KZ_SKU_EVIDENCE_REQUIRED,https://en.toboom.com.cn/product/348.html,toboom-manufacturer-catalog.json
TOBOOM official,TOBOOM,SH-0 Series Silicone Bond Polisher SH 0024,349,SH 0024 | 900 114 514 070,1,1,KZ_BRAND_AND_SELECTED_SKUS,KZ_SKU_EVIDENCE_REQUIRED,https://en.toboom.com.cn/product/349.html,toboom-manufacturer-catalog.json
TOBOOM official,TOBOOM,RD-2 Series Rubber Bond Diamond Polisher RD 2137,350,RD 2137 | 104 243 494 060,1,1,KZ_BRAND_AND_SELECTED_SKUS,KZ_SKU_EVIDENCE_REQUIRED,https://en.toboom.com.cn/product/350.html,toboom-manufacturer-catalog.json
TOBOOM official,TOBOOM,SH-0 Series Silicone Bond Polisher SH 0023,351,SH 0023 | 900 114 524 070,1,1,KZ_BRAND_AND_SELECTED_SKUS,KZ_SKU_EVIDENCE_REQUIRED,https://en.toboom.com.cn/product/351.html,toboom-manufacturer-catalog.json
TOBOOM official,TOBOOM,SG-3 Series Silicone Bond Polisher SG 3323,352,SG 3323 | 204 041 524 100,1,1,KZ_BRAND_AND_SELECTED_SKUS,KZ_SKU_EVIDENCE_REQUIRED,https://en.toboom.com.cn/product/352.html,toboom-manufacturer-catalog.json
TOBOOM official,TOBOOM,SH-0 Series Silicone Bond Polisher SH 0022,353,SH 0022 | 900 114 534 070,1,1,KZ_BRAND_AND_SELECTED_SKUS,KZ_SKU_EVIDENCE_REQUIRED,https://en.toboom.com.cn/product/353.html,toboom-manufacturer-catalog.json
TOBOOM official,TOBOOM,RD-2 Series Rubber Bond Diamond Polisher RD 2127,354,RD 2127 | 104 243 494 040,1,1,KZ_BRAND_AND_SELECTED_SKUS,KZ_SKU_EVIDENCE_REQUIRED,https://en.toboom.com.cn/product/354.html,toboom-manufacturer-catalog.json
TOBOOM official,TOBOOM,SH-0 Series Silicone Bond Polisher SH 0014,355,SH 0014 | 900 114 514 060,1,1,KZ_BRAND_AND_SELECTED_SKUS,KZ_SKU_EVIDENCE_REQUIRED,https://en.toboom.com.cn/product/355.html,toboom-manufacturer-catalog.json
TOBOOM official,TOBOOM,SG-3 Series Silicone Bond Polisher SG 3324,356,SG 3324 | 204 041 514 100,1,1,KZ_BRAND_AND_SELECTED_SKUS,KZ_SKU_EVIDENCE_REQUIRED,https://en.toboom.com.cn/product/356.html,toboom-manufacturer-catalog.json
TOBOOM official,TOBOOM,SH-0 Series Silicone Bond Polisher SH 0013,357,SH 0013 | 900 114 524 060,1,1,KZ_BRAND_AND_SELECTED_SKUS,KZ_SKU_EVIDENCE_REQUIRED,https://en.toboom.com.cn/product/357.html,toboom-manufacturer-catalog.json
TOBOOM official,TOBOOM,RD-2 Series Rubber Bond Diamond Polisher RD 2126,358,RD 2126,1,1,KZ_BRAND_AND_SELECTED_SKUS,KZ_SKU_EVIDENCE_REQUIRED,https://en.toboom.com.cn/product/358.html,toboom-manufacturer-catalog.json
TOBOOM official,TOBOOM,SH-0 Series Silicone Bond Polisher SH 0012,359,SH 0012 | 900 114 534 060,1,1,KZ_BRAND_AND_SELECTED_SKUS,KZ_SKU_EVIDENCE_REQUIRED,https://en.toboom.com.cn/product/359.html,toboom-manufacturer-catalog.json
TOBOOM official,TOBOOM,SG-3 Series Silicone Bond Polisher SG 3412,360,SG 3412 | 204 304 534 100,1,1,KZ_BRAND_AND_SELECTED_SKUS,KZ_SKU_EVIDENCE_REQUIRED,https://en.toboom.com.cn/product/360.html,toboom-manufacturer-catalog.json
TOBOOM official,TOBOOM,RD-2 Series Rubber Bond Diamond Polisher RD 2125,361,RD 2125,1,1,KZ_BRAND_AND_SELECTED_SKUS,KZ_SKU_EVIDENCE_REQUIRED,https://en.toboom.com.cn/product/361.html,toboom-manufacturer-catalog.json
TOBOOM official,TOBOOM,SG-3 Series Silicone Bond Polisher SG 3413,362,SG 3413 | 204 304 524 100,1,1,KZ_BRAND_AND_SELECTED_SKUS,KZ_SKU_EVIDENCE_REQUIRED,https://en.toboom.com.cn/product/362.html,toboom-manufacturer-catalog.json
TOBOOM official,TOBOOM,SG-3 Series Silicone Bond Polisher SG 3414,363,SG 3414 | 204 304 514 100,1,1,KZ_BRAND_AND_SELECTED_SKUS,KZ_SKU_EVIDENCE_REQUIRED,https://en.toboom.com.cn/product/363.html,toboom-manufacturer-catalog.json
TOBOOM official,TOBOOM,RD-2 Series Rubber Bond Diamond Polisher RD 2124,364,RD 2124 | 104 243 514 040,1,1,KZ_BRAND_AND_SELECTED_SKUS,KZ_SKU_EVIDENCE_REQUIRED,https://en.toboom.com.cn/product/364.html,toboom-manufacturer-catalog.json
TOBOOM official,TOBOOM,RD-2 Series Rubber Bond Diamond Polisher RD 2123,365,RD 2123 | 104 243 524 040,1,1,KZ_BRAND_AND_SELECTED_SKUS,KZ_SKU_EVIDENCE_REQUIRED,https://en.toboom.com.cn/product/365.html,toboom-manufacturer-catalog.json
TOBOOM official,TOBOOM,RD-2 Series Rubber Bond Diamond Polisher RD 2116,366,104 243 494 030 | RD 2116,1,1,KZ_BRAND_AND_SELECTED_SKUS,KZ_SKU_EVIDENCE_REQUIRED,https://en.toboom.com.cn/product/366.html,toboom-manufacturer-catalog.json
TOBOOM official,TOBOOM,CW-1/3 series vitrified bond polisher CW 3014,367,CW 3014 | 204 110 513 025,1,1,KZ_BRAND_AND_SELECTED_SKUS,KZ_SKU_EVIDENCE_REQUIRED,https://en.toboom.com.cn/product/367.html,toboom-manufacturer-catalog.json
TOBOOM official,TOBOOM,RD-2 Series Rubber Bond Diamond Polisher RD 2115,368,104 243 504 030 | RD 2115,1,1,KZ_BRAND_AND_SELECTED_SKUS,KZ_SKU_EVIDENCE_REQUIRED,https://en.toboom.com.cn/product/368.html,toboom-manufacturer-catalog.json
TOBOOM official,TOBOOM,CW-1/3 series vitrified bond polisher CW 3064,369,CW 3064 | 204 273 513 030,1,1,KZ_BRAND_AND_SELECTED_SKUS,KZ_SKU_EVIDENCE_REQUIRED,https://en.toboom.com.cn/product/369.html,toboom-manufacturer-catalog.json
TOBOOM official,TOBOOM,RD-2 Series Rubber Bond Diamond Polisher RD 2114,370,RD 2114 | 104 243 514 030,1,1,KZ_BRAND_AND_SELECTED_SKUS,KZ_SKU_EVIDENCE_REQUIRED,https://en.toboom.com.cn/product/370.html,toboom-manufacturer-catalog.json
TOBOOM official,TOBOOM,CW-1/3 series vitrified bond polisher CW 3114,371,CW 3114 | 204 161 513 028,1,1,KZ_BRAND_AND_SELECTED_SKUS,KZ_SKU_EVIDENCE_REQUIRED,https://en.toboom.com.cn/product/371.html,toboom-manufacturer-catalog.json
TOBOOM official,TOBOOM,CW-1/3 series vitrified bond polisher CW 3124,372,CW 3124 | 204 171 513 025,1,1,KZ_BRAND_AND_SELECTED_SKUS,KZ_SKU_EVIDENCE_REQUIRED,https://en.toboom.com.cn/product/372.html,toboom-manufacturer-catalog.json
TOBOOM official,TOBOOM,RD-2 Series Rubber Bond Diamond Polisher RD 2113,373,RD 2113 | 104 243 524 030,1,1,KZ_BRAND_AND_SELECTED_SKUS,KZ_SKU_EVIDENCE_REQUIRED,https://en.toboom.com.cn/product/373.html,toboom-manufacturer-catalog.json
TOBOOM official,TOBOOM,CW-1/3 series vitrified bond polisher CW 3244,374,CW 3244 | 204 237 513 036,1,1,KZ_BRAND_AND_SELECTED_SKUS,KZ_SKU_EVIDENCE_REQUIRED,https://en.toboom.com.cn/product/374.html,toboom-manufacturer-catalog.json
TOBOOM official,TOBOOM,RD-2 series rubber bond diamond polisher RD 2026,375,RD 2026 | 104 113 494 050,1,1,KZ_BRAND_AND_SELECTED_SKUS,KZ_SKU_EVIDENCE_REQUIRED,https://en.toboom.com.cn/product/375.html,toboom-manufacturer-catalog.json
TOBOOM official,TOBOOM,CW-1/3 series vitrified bond polisher CW 3324,376,CW 3324 | 204 041 513 060,1,1,KZ_BRAND_AND_SELECTED_SKUS,KZ_SKU_EVIDENCE_REQUIRED,https://en.toboom.com.cn/product/376.html,toboom-manufacturer-catalog.json
TOBOOM official,TOBOOM,CW-1/3 series vitrified bond polisher CW 3414,377,CW 3414 | 204 304 513 080,1,1,KZ_BRAND_AND_SELECTED_SKUS,KZ_SKU_EVIDENCE_REQUIRED,https://en.toboom.com.cn/product/377.html,toboom-manufacturer-catalog.json
TOBOOM official,TOBOOM,RD-2 Series Rubber Bond Diamond Polisher RD 2025,378,RD 2025 | 104 113 504 050,1,1,KZ_BRAND_AND_SELECTED_SKUS,KZ_SKU_EVIDENCE_REQUIRED,https://en.toboom.com.cn/product/378.html,toboom-manufacturer-catalog.json
TOBOOM official,TOBOOM,CW-1/3 series vitrified bond polisher CW 3514,379,CW 3514 | 204 001 513 030,1,1,KZ_BRAND_AND_SELECTED_SKUS,KZ_SKU_EVIDENCE_REQUIRED,https://en.toboom.com.cn/product/379.html,toboom-manufacturer-catalog.json
TOBOOM official,TOBOOM,RD-2 series rubber bond diamond polisher RD 2024,380,RD 2024 | 104 113 514 050,1,1,KZ_BRAND_AND_SELECTED_SKUS,KZ_SKU_EVIDENCE_REQUIRED,https://en.toboom.com.cn/product/380.html,toboom-manufacturer-catalog.json
TOBOOM official,TOBOOM,RD-2 Series Rubber Bond Diamond Polisher RD 2023,381,RD 2023 | 104 113 524 050,1,1,KZ_BRAND_AND_SELECTED_SKUS,KZ_SKU_EVIDENCE_REQUIRED,https://en.toboom.com.cn/product/381.html,toboom-manufacturer-catalog.json
TOBOOM official,TOBOOM,RD-2 series rubber bond diamond polisher RD 2016,382,RD 2016 | 104 110 494 030,1,1,KZ_BRAND_AND_SELECTED_SKUS,KZ_SKU_EVIDENCE_REQUIRED,https://en.toboom.com.cn/product/382.html,toboom-manufacturer-catalog.json
TOBOOM official,TOBOOM,CG-1/3 CW-1/3 Series Ceramic Bond Polisher CW 1064,383,CW 1064 | 314 273 513 030,1,1,KZ_BRAND_AND_SELECTED_SKUS,KZ_SKU_EVIDENCE_REQUIRED,https://en.toboom.com.cn/product/383.html,toboom-manufacturer-catalog.json
TOBOOM official,TOBOOM,RD-2 series rubber bond diamond polisher RD 2015,384,RD 2015 | 104 110 504 030,1,1,KZ_BRAND_AND_SELECTED_SKUS,KZ_SKU_EVIDENCE_REQUIRED,https://en.toboom.com.cn/product/384.html,toboom-manufacturer-catalog.json
TOBOOM official,TOBOOM,CG-1/3 CW-1/3 Series Ceramic Bond Polisher CW 1114,385,CW 1114 | 314 161 513 028,1,1,KZ_BRAND_AND_SELECTED_SKUS,KZ_SKU_EVIDENCE_REQUIRED,https://en.toboom.com.cn/product/385.html,toboom-manufacturer-catalog.json
TOBOOM official,TOBOOM,RD-2 series rubber bond diamond polisher RD 2014,386,RD 2014 | 104 110 514 030,1,1,KZ_BRAND_AND_SELECTED_SKUS,KZ_SKU_EVIDENCE_REQUIRED,https://en.toboom.com.cn/product/386.html,toboom-manufacturer-catalog.json
TOBOOM official,TOBOOM,CG-1/3 CW-1/3 Series Ceramic Bond Polisher CW 1124,387,CW 1124 | 314 171 513 025,1,1,KZ_BRAND_AND_SELECTED_SKUS,KZ_SKU_EVIDENCE_REQUIRED,https://en.toboom.com.cn/product/387.html,toboom-manufacturer-catalog.json
TOBOOM official,TOBOOM,RD-2 series rubber bond diamond polisher RD 2013,388,RD 2013 | 104 110 524 030,1,1,KZ_BRAND_AND_SELECTED_SKUS,KZ_SKU_EVIDENCE_REQUIRED,https://en.toboom.com.cn/product/388.html,toboom-manufacturer-catalog.json
TOBOOM official,TOBOOM,CG-1/3 CW-1/3 Series Ceramic Bond Polisher CW 1514,389,CW 1514 | 314 001 513 030,1,1,KZ_BRAND_AND_SELECTED_SKUS,KZ_SKU_EVIDENCE_REQUIRED,https://en.toboom.com.cn/product/389.html,toboom-manufacturer-catalog.json
TOBOOM official,TOBOOM,RD-0 Series Rubber Bond Diamond Polisher RD 0126,390,RD 0126 | 900 307 494 260,1,1,KZ_BRAND_AND_SELECTED_SKUS,KZ_SKU_EVIDENCE_REQUIRED,https://en.toboom.com.cn/product/390.html,toboom-manufacturer-catalog.json
TOBOOM official,TOBOOM,RD-0 Series Rubber Bond Diamond Polisher RD 0125,391,RD 0125 | 900 307 504 260,1,1,KZ_BRAND_AND_SELECTED_SKUS,KZ_SKU_EVIDENCE_REQUIRED,https://en.toboom.com.cn/product/391.html,toboom-manufacturer-catalog.json
TOBOOM official,TOBOOM,RD-0 Series Rubber Bond Diamond Polisher RD 0124,392,RD 0124 | 900 307 514 260,1,1,KZ_BRAND_AND_SELECTED_SKUS,KZ_SKU_EVIDENCE_REQUIRED,https://en.toboom.com.cn/product/392.html,toboom-manufacturer-catalog.json
TOBOOM official,TOBOOM,RD-0 Series Rubber Bond Diamond Polisher RD 0123,393,RD 0123 | 900 307 524 260,1,1,KZ_BRAND_AND_SELECTED_SKUS,KZ_SKU_EVIDENCE_REQUIRED,https://en.toboom.com.cn/product/393.html,toboom-manufacturer-catalog.json
TOBOOM official,TOBOOM,CG-1/3 CW-1/3 Series Ceramic Bond Polisher CG 1062,394,CG 1062 | 314 273 523 030,1,1,KZ_BRAND_AND_SELECTED_SKUS,KZ_SKU_EVIDENCE_REQUIRED,https://en.toboom.com.cn/product/394.html,toboom-manufacturer-catalog.json
TOBOOM official,TOBOOM,RD-0 Series Rubber Bond Diamond Polisher RD 0121,395,RD 0121 | 900 307 544 260,1,1,KZ_BRAND_AND_SELECTED_SKUS,KZ_SKU_EVIDENCE_REQUIRED,https://en.toboom.com.cn/product/395.html,toboom-manufacturer-catalog.json
TOBOOM official,TOBOOM,RD-0 Series Rubber Bond Diamond Polisher RD 0116,396,RD 0116 | 900 307 494 190,1,1,KZ_BRAND_AND_SELECTED_SKUS,KZ_SKU_EVIDENCE_REQUIRED,https://en.toboom.com.cn/product/396.html,toboom-manufacturer-catalog.json
TOBOOM official,TOBOOM,CG-1/3 CW-1/3 Series Ceramic Bond Polisher CG 1112,397,CG 1112 | 314 161 523 028,1,1,KZ_BRAND_AND_SELECTED_SKUS,KZ_SKU_EVIDENCE_REQUIRED,https://en.toboom.com.cn/product/397.html,toboom-manufacturer-catalog.json
TOBOOM official,TOBOOM,RD-0 Series Rubber Bond Diamond Polisher RD 0115,398,RD 0115 | 900 307 504 190,1,1,KZ_BRAND_AND_SELECTED_SKUS,KZ_SKU_EVIDENCE_REQUIRED,https://en.toboom.com.cn/product/398.html,toboom-manufacturer-catalog.json
TOBOOM official,TOBOOM,CG-1/3 CW-1/3 Series Ceramic Bond Polisher CG 1122,399,CG 1122 | 314 171 523 025,1,1,KZ_BRAND_AND_SELECTED_SKUS,KZ_SKU_EVIDENCE_REQUIRED,https://en.toboom.com.cn/product/399.html,toboom-manufacturer-catalog.json
TOBOOM official,TOBOOM,RD-0 Series Rubber Bond Diamond Polisher RD 0114,400,RD 0114 | 900 307 514 190,1,1,KZ_BRAND_AND_SELECTED_SKUS,KZ_SKU_EVIDENCE_REQUIRED,https://en.toboom.com.cn/product/400.html,toboom-manufacturer-catalog.json
TOBOOM official,TOBOOM,CG-1/3 CW-1/3 Series Ceramic Bond Polisher CG 1512,401,CG 1512 | 314 001 523 030,1,1,KZ_BRAND_AND_SELECTED_SKUS,KZ_SKU_EVIDENCE_REQUIRED,https://en.toboom.com.cn/product/401.html,toboom-manufacturer-catalog.json
TOBOOM official,TOBOOM,RD-0 Series Rubber Bond Diamond Polisher RD 0113,402,RD 0113 | 900 307 524 190,1,1,KZ_BRAND_AND_SELECTED_SKUS,KZ_SKU_EVIDENCE_REQUIRED,https://en.toboom.com.cn/product/402.html,toboom-manufacturer-catalog.json
TOBOOM official,TOBOOM,CG-1/3 CW-1/3 Series Ceramic Bond Polisher CG 3012,403,CG 3012 | 204 110 523 025,1,1,KZ_BRAND_AND_SELECTED_SKUS,KZ_SKU_EVIDENCE_REQUIRED,https://en.toboom.com.cn/product/403.html,toboom-manufacturer-catalog.json
TOBOOM official,TOBOOM,CG-1/3 CW-1/3 Series Ceramic Bond Polisher CG 3062,404,CG 3062 | 204 273 523 030,1,1,KZ_BRAND_AND_SELECTED_SKUS,KZ_SKU_EVIDENCE_REQUIRED,https://en.toboom.com.cn/product/404.html,toboom-manufacturer-catalog.json
TOBOOM official,TOBOOM,RD-0 Series Rubber Bond Diamond Polisher RD 0111,405,RD 0111 | 900 307 544 190,1,1,KZ_BRAND_AND_SELECTED_SKUS,KZ_SKU_EVIDENCE_REQUIRED,https://en.toboom.com.cn/product/405.html,toboom-manufacturer-catalog.json
TOBOOM official,TOBOOM,CG-1/3 CW-1/3 Series Ceramic Bond Polisher CG 3112,406,CG 3112 | 204 161 523 028,1,1,KZ_BRAND_AND_SELECTED_SKUS,KZ_SKU_EVIDENCE_REQUIRED,https://en.toboom.com.cn/product/406.html,toboom-manufacturer-catalog.json
TOBOOM official,TOBOOM,CG-1/3 CW-1/3 Series Ceramic Bond Polisher CG 3242,407,CG 3242 | 204 237 523 036,1,1,KZ_BRAND_AND_SELECTED_SKUS,KZ_SKU_EVIDENCE_REQUIRED,https://en.toboom.com.cn/product/407.html,toboom-manufacturer-catalog.json
TOBOOM official,TOBOOM,CG 3312,408,CG 3312,1,1,KZ_BRAND_AND_SELECTED_SKUS,KZ_SKU_EVIDENCE_REQUIRED,https://en.toboom.com.cn/product/408.html,toboom-manufacturer-catalog.json
TOBOOM official,TOBOOM,SD-0 Series Silicone Bond Diamond Polisher SD 0095,409,SD 0095 | 900 372 504 220,1,1,KZ_BRAND_AND_SELECTED_SKUS,KZ_SKU_EVIDENCE_REQUIRED,https://en.toboom.com.cn/product/409.html,toboom-manufacturer-catalog.json
TOBOOM official,TOBOOM,CG-1/3 CW-1/3 Series Ceramic Bond Polisher CG 3322,410,CG 3322 | 204 041 523 060,1,1,KZ_BRAND_AND_SELECTED_SKUS,KZ_SKU_EVIDENCE_REQUIRED,https://en.toboom.com.cn/product/410.html,toboom-manufacturer-catalog.json
TOBOOM official,TOBOOM,CG-1/3 CW-1/3 Series Ceramic Bond Polisher CG 3412,411,CG 3412 | 204 304 523 080,1,1,KZ_BRAND_AND_SELECTED_SKUS,KZ_SKU_EVIDENCE_REQUIRED,https://en.toboom.com.cn/product/411.html,toboom-manufacturer-catalog.json
TOBOOM official,TOBOOM,SD-0 Series Silicone Bond Diamond Polisher SD 0096,412,SD 0096 | 900 372 494 220,1,1,KZ_BRAND_AND_SELECTED_SKUS,KZ_SKU_EVIDENCE_REQUIRED,https://en.toboom.com.cn/product/412.html,toboom-manufacturer-catalog.json
TOBOOM official,TOBOOM,CG-1/3 CW-1/3 Series Ceramic Bond Polisher CG 3512,413,CG 3512 | 204 001 523 030,1,1,KZ_BRAND_AND_SELECTED_SKUS,KZ_SKU_EVIDENCE_REQUIRED,https://en.toboom.com.cn/product/413.html,toboom-manufacturer-catalog.json
TOBOOM official,TOBOOM,SD-2 Series Silicone Bond Diamond Polisher SD 2125,414,SD 2125 | 104 243 504 040,1,1,KZ_BRAND_AND_SELECTED_SKUS,KZ_SKU_EVIDENCE_REQUIRED,https://en.toboom.com.cn/product/414.html,toboom-manufacturer-catalog.json
TOBOOM official,TOBOOM,SD-2 Series Silicone Bond Diamond Polisher SD 2126,415,SD 2126 | 104 243 494 040,1,1,KZ_BRAND_AND_SELECTED_SKUS,KZ_SKU_EVIDENCE_REQUIRED,https://en.toboom.com.cn/product/415.html,toboom-manufacturer-catalog.json
TOBOOM official,TOBOOM,SD-0 Series Silicone Bond Diamond Polisher SD 2315,416,SD 2315 | 104 371 504 120,1,1,KZ_BRAND_AND_SELECTED_SKUS,KZ_SKU_EVIDENCE_REQUIRED,https://en.toboom.com.cn/product/416.html,toboom-manufacturer-catalog.json
TOBOOM official,TOBOOM,SD-0 Series Silicone Bond Diamond Polisher SD 2316,417,SD 2316 | 104 371 494 120,1,1,KZ_BRAND_AND_SELECTED_SKUS,KZ_SKU_EVIDENCE_REQUIRED,https://en.toboom.com.cn/product/417.html,toboom-manufacturer-catalog.json
TOBOOM official,TOBOOM,SD-2 Series Silicone Bond Diamond Polisher SD 2316,418,SD 2316 | 104 371 494 120,1,1,KZ_BRAND_AND_SELECTED_SKUS,KZ_SKU_EVIDENCE_REQUIRED,https://en.toboom.com.cn/product/418.html,toboom-manufacturer-catalog.json
TOBOOM official,TOBOOM,SD-2 Series Silicone Bond Diamond Polisher SD 2315,419,SD 2315 | 104 371 504 120,1,1,KZ_BRAND_AND_SELECTED_SKUS,KZ_SKU_EVIDENCE_REQUIRED,https://en.toboom.com.cn/product/419.html,toboom-manufacturer-catalog.json
TOBOOM official,TOBOOM,SD-2 Series Silicone Bond Diamond Polisher SD 2126,420,SD 2126 | 104 243 494 040,1,1,KZ_BRAND_AND_SELECTED_SKUS,KZ_SKU_EVIDENCE_REQUIRED,https://en.toboom.com.cn/product/420.html,toboom-manufacturer-catalog.json
TOBOOM official,TOBOOM,SD-2 Series Silicone Bond Diamond Polisher SD 2125,421,SD 2125 | 104 243 504 040,1,1,KZ_BRAND_AND_SELECTED_SKUS,KZ_SKU_EVIDENCE_REQUIRED,https://en.toboom.com.cn/product/421.html,toboom-manufacturer-catalog.json
TOBOOM official,TOBOOM,SD-0 Series Silicone Bond Diamond Polisher SD 0096,422,SD 0096 | 900 372 494 220,1,1,KZ_BRAND_AND_SELECTED_SKUS,KZ_SKU_EVIDENCE_REQUIRED,https://en.toboom.com.cn/product/422.html,toboom-manufacturer-catalog.json
TOBOOM official,TOBOOM,SD-0 Series Silicone Bond Diamond Polisher SD 0095,423,SD 0095 | 900 372 504 220,1,1,KZ_BRAND_AND_SELECTED_SKUS,KZ_SKU_EVIDENCE_REQUIRED,https://en.toboom.com.cn/product/423.html,toboom-manufacturer-catalog.json
TOBOOM official,TOBOOM,SK-4 Series Silicone Bond Polisher SK 4015,424,SK 4015 | 104 145 504 150,1,1,KZ_BRAND_AND_SELECTED_SKUS,KZ_SKU_EVIDENCE_REQUIRED,https://en.toboom.com.cn/product/424.html,toboom-manufacturer-catalog.json
TOBOOM official,TOBOOM,SK-4 Series Silicone Bond Polisher SK 4013,425,SK 4013 | 104 145 524 150,1,1,KZ_BRAND_AND_SELECTED_SKUS,KZ_SKU_EVIDENCE_REQUIRED,https://en.toboom.com.cn/product/425.html,toboom-manufacturer-catalog.json
TOBOOM official,TOBOOM,SK-4 Series Silicone Bond Polisher SK 4012,426,SK 4012 | 104 145 534 150,1,1,KZ_BRAND_AND_SELECTED_SKUS,KZ_SKU_EVIDENCE_REQUIRED,https://en.toboom.com.cn/product/426.html,toboom-manufacturer-catalog.json
TOBOOM official,TOBOOM,SK-4 Series Silicone Bond Polisher SK 4011,427,SK 4011 | 104 145 544 150,1,1,KZ_BRAND_AND_SELECTED_SKUS,KZ_SKU_EVIDENCE_REQUIRED,https://en.toboom.com.cn/product/427.html,toboom-manufacturer-catalog.json
TOBOOM official,TOBOOM,SK-2 Series Silicone Bond Polisher SK 2175,428,SK 2175 | 104 237 504 100,1,1,KZ_BRAND_AND_SELECTED_SKUS,KZ_SKU_EVIDENCE_REQUIRED,https://en.toboom.com.cn/product/428.html,toboom-manufacturer-catalog.json
TOBOOM official,TOBOOM,SK-2 Series Silicone Bond Polisher SK 2173,429,SK 2173 | 104 237 524 100,1,1,KZ_BRAND_AND_SELECTED_SKUS,KZ_SKU_EVIDENCE_REQUIRED,https://en.toboom.com.cn/product/429.html,toboom-manufacturer-catalog.json
TOBOOM official,TOBOOM,SK-2 Series Silicone Bond Polisher SK 2172,430,SK 2172 | 104 237 534 100,1,1,KZ_BRAND_AND_SELECTED_SKUS,KZ_SKU_EVIDENCE_REQUIRED,https://en.toboom.com.cn/product/430.html,toboom-manufacturer-catalog.json
TOBOOM official,TOBOOM,SK-2 Series Silicone Bond Polisher SK 2171,431,SK 2171 | 104 237 544 100,1,1,KZ_BRAND_AND_SELECTED_SKUS,KZ_SKU_EVIDENCE_REQUIRED,https://en.toboom.com.cn/product/431.html,toboom-manufacturer-catalog.json
TOBOOM official,TOBOOM,SK-2 Series Silicone Bond Polisher SK 2145,432,SK 2145 | 104 300 504 100,1,1,KZ_BRAND_AND_SELECTED_SKUS,KZ_SKU_EVIDENCE_REQUIRED,https://en.toboom.com.cn/product/432.html,toboom-manufacturer-catalog.json
TOBOOM official,TOBOOM,SK-2 Series Silicone Bond Polisher SK 2143,433,SK 2143 | 104 300 524 100,1,1,KZ_BRAND_AND_SELECTED_SKUS,KZ_SKU_EVIDENCE_REQUIRED,https://en.toboom.com.cn/product/433.html,toboom-manufacturer-catalog.json
TOBOOM official,TOBOOM,SK-2 Series Silicone Bond Polisher SK 2142,434,SK 2142 | 104 300 534 100,1,1,KZ_BRAND_AND_SELECTED_SKUS,KZ_SKU_EVIDENCE_REQUIRED,https://en.toboom.com.cn/product/434.html,toboom-manufacturer-catalog.json
TOBOOM official,TOBOOM,SK-2 Series Silicone Bond Polisher SK 2141,435,SK 2141 | 104 300 544 100,1,1,KZ_BRAND_AND_SELECTED_SKUS,KZ_SKU_EVIDENCE_REQUIRED,https://en.toboom.com.cn/product/435.html,toboom-manufacturer-catalog.json
TOBOOM official,TOBOOM,SK-2 Series Silicone Bond Polisher SK 2135,436,SK 2135 | 104 243 504 060,1,1,KZ_BRAND_AND_SELECTED_SKUS,KZ_SKU_EVIDENCE_REQUIRED,https://en.toboom.com.cn/product/436.html,toboom-manufacturer-catalog.json
TOBOOM official,TOBOOM,SK-2 Series Silicone Bond Polisher SK 2133,437,104 243 524 060 | SK 2133,1,1,KZ_BRAND_AND_SELECTED_SKUS,KZ_SKU_EVIDENCE_REQUIRED,https://en.toboom.com.cn/product/437.html,toboom-manufacturer-catalog.json
TOBOOM official,TOBOOM,SK-2 Series Silicone Bond Polisher SK 2132,438,SK 2132 | 104 243 534 060,1,1,KZ_BRAND_AND_SELECTED_SKUS,KZ_SKU_EVIDENCE_REQUIRED,https://en.toboom.com.cn/product/438.html,toboom-manufacturer-catalog.json
TOBOOM official,TOBOOM,SK-2 Series Silicone Bond Polisher SK 2131,439,SK 2131 | 104 243 544 060,1,1,KZ_BRAND_AND_SELECTED_SKUS,KZ_SKU_EVIDENCE_REQUIRED,https://en.toboom.com.cn/product/439.html,toboom-manufacturer-catalog.json
TOBOOM official,TOBOOM,SK-2 Series Silicone Bond Polisher SK 2125,440,SK 2125 | 104 243 504 040,1,1,KZ_BRAND_AND_SELECTED_SKUS,KZ_SKU_EVIDENCE_REQUIRED,https://en.toboom.com.cn/product/440.html,toboom-manufacturer-catalog.json
TOBOOM official,TOBOOM,SK-2 Series Silicone Bond Polisher SK 2123,441,SK 2123 | 104 243 524 040,1,1,KZ_BRAND_AND_SELECTED_SKUS,KZ_SKU_EVIDENCE_REQUIRED,https://en.toboom.com.cn/product/441.html,toboom-manufacturer-catalog.json
TOBOOM official,TOBOOM,SK-2 Series Silicone Bond Polisher SK 2122,442,SK 2122 | 104 243 534 040,1,1,KZ_BRAND_AND_SELECTED_SKUS,KZ_SKU_EVIDENCE_REQUIRED,https://en.toboom.com.cn/product/442.html,toboom-manufacturer-catalog.json
TOBOOM official,TOBOOM,SK-2 Series Silicone Bond Polisher SK 2121,443,SK 2121 | 104 243 544 040,1,1,KZ_BRAND_AND_SELECTED_SKUS,KZ_SKU_EVIDENCE_REQUIRED,https://en.toboom.com.cn/product/443.html,toboom-manufacturer-catalog.json
TOBOOM official,TOBOOM,SK-2 Series Silicone Bond Polisher SK 2025,444,SK 2025 | 104 275 504 100,1,1,KZ_BRAND_AND_SELECTED_SKUS,KZ_SKU_EVIDENCE_REQUIRED,https://en.toboom.com.cn/product/444.html,toboom-manufacturer-catalog.json
TOBOOM official,TOBOOM,SK-2 Series Silicone Bond Polisher SK 2023,445,104 275 524 100 | SK 2023,1,1,KZ_BRAND_AND_SELECTED_SKUS,KZ_SKU_EVIDENCE_REQUIRED,https://en.toboom.com.cn/product/445.html,toboom-manufacturer-catalog.json
TOBOOM official,TOBOOM,SK-2 Series Silicone Bond Polisher SK 2022,446,SK 2022 | 104 275 534 100,1,1,KZ_BRAND_AND_SELECTED_SKUS,KZ_SKU_EVIDENCE_REQUIRED,https://en.toboom.com.cn/product/446.html,toboom-manufacturer-catalog.json
TOBOOM official,TOBOOM,SK-2 Series Silicone Bond Polisher SK 2021,447,SK 2021 | 104 275 544 100,1,1,KZ_BRAND_AND_SELECTED_SKUS,KZ_SKU_EVIDENCE_REQUIRED,https://en.toboom.com.cn/product/447.html,toboom-manufacturer-catalog.json
TOBOOM official,TOBOOM,SG-2 Series Silicone Bond Polisher SG 2313,448,SG 2313 | 104 371 524 120,1,1,KZ_BRAND_AND_SELECTED_SKUS,KZ_SKU_EVIDENCE_REQUIRED,https://en.toboom.com.cn/product/448.html,toboom-manufacturer-catalog.json
TOBOOM official,TOBOOM,SG-2 Series Silicone Bond Polisher SG 2312,449,SG 2312 | 104 371 534 120,1,1,KZ_BRAND_AND_SELECTED_SKUS,KZ_SKU_EVIDENCE_REQUIRED,https://en.toboom.com.cn/product/449.html,toboom-manufacturer-catalog.json
TOBOOM official,TOBOOM,SG-2 Series Silicone Bond Polisher SG 2223,450,SG 2223 | 104 026 524 180,1,1,KZ_BRAND_AND_SELECTED_SKUS,KZ_SKU_EVIDENCE_REQUIRED,https://en.toboom.com.cn/product/450.html,toboom-manufacturer-catalog.json
TOBOOM official,TOBOOM,SG-2 Series Silicone Bond Polisher SG 2222,451,SG 2222 | 104 026 534 180,1,1,KZ_BRAND_AND_SELECTED_SKUS,KZ_SKU_EVIDENCE_REQUIRED,https://en.toboom.com.cn/product/451.html,toboom-manufacturer-catalog.json
TOBOOM official,TOBOOM,SG-2 Series Silicone Bond Polisher SG 2213,452,SG 2213 | 104 030 524 090,1,1,KZ_BRAND_AND_SELECTED_SKUS,KZ_SKU_EVIDENCE_REQUIRED,https://en.toboom.com.cn/product/452.html,toboom-manufacturer-catalog.json
TOBOOM official,TOBOOM,SG-2 Series Silicone Bond Polisher SG 2212,453,SG 2212 | 104 030 534 090,1,1,KZ_BRAND_AND_SELECTED_SKUS,KZ_SKU_EVIDENCE_REQUIRED,https://en.toboom.com.cn/product/453.html,toboom-manufacturer-catalog.json
TOBOOM official,TOBOOM,SG-2 Series Silicone Bond Polisher SG 2163,454,SG 2163 | 104 174 524 040,1,1,KZ_BRAND_AND_SELECTED_SKUS,KZ_SKU_EVIDENCE_REQUIRED,https://en.toboom.com.cn/product/454.html,toboom-manufacturer-catalog.json
TOBOOM official,TOBOOM,SG-2 Series Silicone Bond Polisher SG 2162,455,SG 2162 | 104 174 534 040,1,1,KZ_BRAND_AND_SELECTED_SKUS,KZ_SKU_EVIDENCE_REQUIRED,https://en.toboom.com.cn/product/455.html,toboom-manufacturer-catalog.json
TOBOOM official,TOBOOM,SG-2 Series Silicone Bond Polisher SG 2133,456,SG 2133 | 104 243 524 060,1,1,KZ_BRAND_AND_SELECTED_SKUS,KZ_SKU_EVIDENCE_REQUIRED,https://en.toboom.com.cn/product/456.html,toboom-manufacturer-catalog.json
TOBOOM official,TOBOOM,SG-2 Series Silicone Bond Polisher SG 2132,457,SG 2132 | 104 243 534 060,1,1,KZ_BRAND_AND_SELECTED_SKUS,KZ_SKU_EVIDENCE_REQUIRED,https://en.toboom.com.cn/product/457.html,toboom-manufacturer-catalog.json
TOBOOM official,TOBOOM,SG-2 Series Silicone Bond Polisher SG 2123,458,SG 2123 | 104 243 524 040,1,1,KZ_BRAND_AND_SELECTED_SKUS,KZ_SKU_EVIDENCE_REQUIRED,https://en.toboom.com.cn/product/458.html,toboom-manufacturer-catalog.json
TOBOOM official,TOBOOM,SG-2 Series Silicone Bond Polisher SG 2122,459,SG 2122 | 104 243 534 040,1,1,KZ_BRAND_AND_SELECTED_SKUS,KZ_SKU_EVIDENCE_REQUIRED,https://en.toboom.com.cn/product/459.html,toboom-manufacturer-catalog.json
TOBOOM official,TOBOOM,SG-2 Series Silicone Bond Polisher SG 2113,460,SG 2113 | 104 243 524 030,1,1,KZ_BRAND_AND_SELECTED_SKUS,KZ_SKU_EVIDENCE_REQUIRED,https://en.toboom.com.cn/product/460.html,toboom-manufacturer-catalog.json
TOBOOM official,TOBOOM,SG-2 Series Silicone Bond Polisher SG 2112,461,SG 2112 | 104 243 534 030,1,1,KZ_BRAND_AND_SELECTED_SKUS,KZ_SKU_EVIDENCE_REQUIRED,https://en.toboom.com.cn/product/461.html,toboom-manufacturer-catalog.json
TOBOOM official,TOBOOM,SG-2 Series Silicone Bond Polisher SG 2023,462,SG 2023 | 104 113 524 050,1,1,KZ_BRAND_AND_SELECTED_SKUS,KZ_SKU_EVIDENCE_REQUIRED,https://en.toboom.com.cn/product/462.html,toboom-manufacturer-catalog.json
TOBOOM official,TOBOOM,SG-2 Series Silicone Bond Polisher SG 2022,463,SG 2022 | 104 113 534 050,1,1,KZ_BRAND_AND_SELECTED_SKUS,KZ_SKU_EVIDENCE_REQUIRED,https://en.toboom.com.cn/product/463.html,toboom-manufacturer-catalog.json
TOBOOM official,TOBOOM,SG-2 Series Silicone Bond Polisher SG 2013,464,SG 2013 | 104 110 524 030,1,1,KZ_BRAND_AND_SELECTED_SKUS,KZ_SKU_EVIDENCE_REQUIRED,https://en.toboom.com.cn/product/464.html,toboom-manufacturer-catalog.json
TOBOOM official,TOBOOM,SG-2 Series Silicone Bond Polisher SG 2012,465,SG 2012 | 104 110 534 030,1,1,KZ_BRAND_AND_SELECTED_SKUS,KZ_SKU_EVIDENCE_REQUIRED,https://en.toboom.com.cn/product/465.html,toboom-manufacturer-catalog.json
TOBOOM official,TOBOOM,SG-0 Series Silicone Bond Polisher SG 0125,466,SG 0125 | 900 303 504 220,1,1,KZ_BRAND_AND_SELECTED_SKUS,KZ_SKU_EVIDENCE_REQUIRED,https://en.toboom.com.cn/product/466.html,toboom-manufacturer-catalog.json
TOBOOM official,TOBOOM,SG-0 Series Silicone Bond Polisher SG 0124,467,SG 0124 | 900 303 514 220,1,1,KZ_BRAND_AND_SELECTED_SKUS,KZ_SKU_EVIDENCE_REQUIRED,https://en.toboom.com.cn/product/467.html,toboom-manufacturer-catalog.json
TOBOOM official,TOBOOM,SG-0 Series Silicone Bond Polisher SG 0123,468,SG 0123 | 900 303 524 220,1,1,KZ_BRAND_AND_SELECTED_SKUS,KZ_SKU_EVIDENCE_REQUIRED,https://en.toboom.com.cn/product/468.html,toboom-manufacturer-catalog.json
TOBOOM official,TOBOOM,SG-0 Series Silicone Bond Polisher SG 0122,469,SG 0122 | 900 303 534 220,1,1,KZ_BRAND_AND_SELECTED_SKUS,KZ_SKU_EVIDENCE_REQUIRED,https://en.toboom.com.cn/product/469.html,toboom-manufacturer-catalog.json
TOBOOM official,TOBOOM,SG-0 Series Silicone Bond Polisher SG 0115,470,SG 0115 | 900 303 504 160,1,1,KZ_BRAND_AND_SELECTED_SKUS,KZ_SKU_EVIDENCE_REQUIRED,https://en.toboom.com.cn/product/470.html,toboom-manufacturer-catalog.json
TOBOOM official,TOBOOM,SG-0 Series Silicone Bond Polisher SG 0114,471,SG 0114 | 900 303 514 160,1,1,KZ_BRAND_AND_SELECTED_SKUS,KZ_SKU_EVIDENCE_REQUIRED,https://en.toboom.com.cn/product/471.html,toboom-manufacturer-catalog.json
TOBOOM official,TOBOOM,RD-1/3 series rubber bond diamond polisher RD 3203,472,RD 3203 | 204 030 524 060,1,1,KZ_BRAND_AND_SELECTED_SKUS,KZ_SKU_EVIDENCE_REQUIRED,https://en.toboom.com.cn/product/472.html,toboom-manufacturer-catalog.json
TOBOOM official,TOBOOM,RD-1/3 Series Rubber Bond Diamond Polisher RD 3165,473,RD 3165 | 204 174 504 035,1,1,KZ_BRAND_AND_SELECTED_SKUS,KZ_SKU_EVIDENCE_REQUIRED,https://en.toboom.com.cn/product/473.html,toboom-manufacturer-catalog.json
TOBOOM official,TOBOOM,RD-1/3 Series Rubber Bond Diamond Polisher RD 3164,474,RD 3164 | 204 174 514 035,1,1,KZ_BRAND_AND_SELECTED_SKUS,KZ_SKU_EVIDENCE_REQUIRED,https://en.toboom.com.cn/product/474.html,toboom-manufacturer-catalog.json
TOBOOM official,TOBOOM,RD-1/3 Series Rubber Bond Diamond Polisher RD 3163,475,RD 3163 | 204 174 524 035,1,1,KZ_BRAND_AND_SELECTED_SKUS,KZ_SKU_EVIDENCE_REQUIRED,https://en.toboom.com.cn/product/475.html,toboom-manufacturer-catalog.json
TOBOOM official,TOBOOM,RD-1/3 Series Rubber Bond Diamond Polisher RD 3137,476,RD 3137 | 204 243 494 050,1,1,KZ_BRAND_AND_SELECTED_SKUS,KZ_SKU_EVIDENCE_REQUIRED,https://en.toboom.com.cn/product/476.html,toboom-manufacturer-catalog.json
TOBOOM official,TOBOOM,RD-1/3 series rubber bond diamond polisher RD 3135,477,RD 3135 | 204 243 504 050,1,1,KZ_BRAND_AND_SELECTED_SKUS,KZ_SKU_EVIDENCE_REQUIRED,https://en.toboom.com.cn/product/477.html,toboom-manufacturer-catalog.json
TOBOOM official,TOBOOM,RD-1/3 Series Rubber Bond Diamond Polisher RD 3134,478,RD 3134 | 204 243 514 050,1,1,KZ_BRAND_AND_SELECTED_SKUS,KZ_SKU_EVIDENCE_REQUIRED,https://en.toboom.com.cn/product/478.html,toboom-manufacturer-catalog.json
TOBOOM official,TOBOOM,RD-1/3 series rubber bond diamond polisher RD 3133,479,RD 3133 | 204 243 524 050,1,1,KZ_BRAND_AND_SELECTED_SKUS,KZ_SKU_EVIDENCE_REQUIRED,https://en.toboom.com.cn/product/479.html,toboom-manufacturer-catalog.json
TOBOOM official,TOBOOM,RD-1/3 Series Rubber Bond Diamond Polisher RD 3125,480,RD 3125 | 204 243 504 040,1,1,KZ_BRAND_AND_SELECTED_SKUS,KZ_SKU_EVIDENCE_REQUIRED,https://en.toboom.com.cn/product/480.html,toboom-manufacturer-catalog.json
TOBOOM official,TOBOOM,RD-1/3 Series Rubber Bond Diamond Polisher RD 3124,481,RD 3124 | 204 243 514 040,1,1,KZ_BRAND_AND_SELECTED_SKUS,KZ_SKU_EVIDENCE_REQUIRED,https://en.toboom.com.cn/product/481.html,toboom-manufacturer-catalog.json
TOBOOM official,TOBOOM,RD-1/3 Series Rubber Bond Diamond Polisher RD 3123,482,RD 3123 | 204 243 524 040,1,1,KZ_BRAND_AND_SELECTED_SKUS,KZ_SKU_EVIDENCE_REQUIRED,https://en.toboom.com.cn/product/482.html,toboom-manufacturer-catalog.json
TOBOOM official,TOBOOM,RD-1/3 Series Rubber Bond Diamond Polisher RD 3117,483,RD 3117 | 204 243 494 030,1,1,KZ_BRAND_AND_SELECTED_SKUS,KZ_SKU_EVIDENCE_REQUIRED,https://en.toboom.com.cn/product/483.html,toboom-manufacturer-catalog.json
TOBOOM official,TOBOOM,RD-1/3 series rubber bond diamond polisher RD 3115,484,RD 3115 | 204 243 504 030,1,1,KZ_BRAND_AND_SELECTED_SKUS,KZ_SKU_EVIDENCE_REQUIRED,https://en.toboom.com.cn/product/484.html,toboom-manufacturer-catalog.json
TOBOOM official,TOBOOM,RD-1/3 series rubber bond diamond polisher RD 3114,485,RD 3114 | 204 243 514 030,1,1,KZ_BRAND_AND_SELECTED_SKUS,KZ_SKU_EVIDENCE_REQUIRED,https://en.toboom.com.cn/product/485.html,toboom-manufacturer-catalog.json
TOBOOM official,TOBOOM,RD-1/3 Series Rubber Bond Diamond Polisher RD 3113,486,RD 3113 | 204 243 524 030,1,1,KZ_BRAND_AND_SELECTED_SKUS,KZ_SKU_EVIDENCE_REQUIRED,https://en.toboom.com.cn/product/486.html,toboom-manufacturer-catalog.json
TOBOOM official,TOBOOM,RD-1/3 Series Rubber Bond Diamond Polisher RD 3015,487,RD 3015 | 204 110 504 030,1,1,KZ_BRAND_AND_SELECTED_SKUS,KZ_SKU_EVIDENCE_REQUIRED,https://en.toboom.com.cn/product/487.html,toboom-manufacturer-catalog.json
TOBOOM official,TOBOOM,RD-1/3 series rubber bond diamond polisher RD 3014,488,RD 3014 | 204 110 514 030,1,1,KZ_BRAND_AND_SELECTED_SKUS,KZ_SKU_EVIDENCE_REQUIRED,https://en.toboom.com.cn/product/488.html,toboom-manufacturer-catalog.json
TOBOOM official,TOBOOM,RD-1/3 series rubber bond diamond polisher RD 3013,489,RD 3013 | 204 110 524 030,1,1,KZ_BRAND_AND_SELECTED_SKUS,KZ_SKU_EVIDENCE_REQUIRED,https://en.toboom.com.cn/product/489.html,toboom-manufacturer-catalog.json
TOBOOM official,TOBOOM,RD-1/3 Series Rubber Bond Diamond Polisher RD 1135,490,RD 1135 | 314 243 504 050,1,1,KZ_BRAND_AND_SELECTED_SKUS,KZ_SKU_EVIDENCE_REQUIRED,https://en.toboom.com.cn/product/490.html,toboom-manufacturer-catalog.json
TOBOOM official,TOBOOM,RD-1/3 Series Rubber Bond Diamond Polisher RD 1134,491,RD 1134 | 314 243 514 050,1,1,KZ_BRAND_AND_SELECTED_SKUS,KZ_SKU_EVIDENCE_REQUIRED,https://en.toboom.com.cn/product/491.html,toboom-manufacturer-catalog.json
TOBOOM official,TOBOOM,RD-1/3 Series Rubber Bond Diamond Polisher RD 1133,492,RD 1133 | 314 243 524 050,1,1,KZ_BRAND_AND_SELECTED_SKUS,KZ_SKU_EVIDENCE_REQUIRED,https://en.toboom.com.cn/product/492.html,toboom-manufacturer-catalog.json
TOBOOM official,TOBOOM,RD-1/3 Series Rubber Bond Diamond Polisher RD 1115,493,RD 1115 | 314 243 504 030,1,1,KZ_BRAND_AND_SELECTED_SKUS,KZ_SKU_EVIDENCE_REQUIRED,https://en.toboom.com.cn/product/493.html,toboom-manufacturer-catalog.json
TOBOOM official,TOBOOM,RD-1/3 Series Rubber Bond Diamond Polisher RD 1114,494,RD 1114 | 314 243 514 030,1,1,KZ_BRAND_AND_SELECTED_SKUS,KZ_SKU_EVIDENCE_REQUIRED,https://en.toboom.com.cn/product/494.html,toboom-manufacturer-catalog.json
TOBOOM official,TOBOOM,RD-1/3 Series Rubber Bond Diamond Polisher RD 1113,495,RD 1113 | 314 243 524 030,1,1,KZ_BRAND_AND_SELECTED_SKUS,KZ_SKU_EVIDENCE_REQUIRED,https://en.toboom.com.cn/product/495.html,toboom-manufacturer-catalog.json
TOBOOM official,TOBOOM,RD-1/3 Series Rubber Bond Diamond Polisher RD 1015,496,RD 1015 | 314 110 504 030,1,1,KZ_BRAND_AND_SELECTED_SKUS,KZ_SKU_EVIDENCE_REQUIRED,https://en.toboom.com.cn/product/496.html,toboom-manufacturer-catalog.json
TOBOOM official,TOBOOM,Glass Ceramic Polishing Kit (HP),497,,1,1,KZ_BRAND_AND_SELECTED_SKUS,MANUFACTURER_REFERENCE_REQUIRED,https://en.toboom.com.cn/product/497.html,toboom-manufacturer-catalog.json
TOBOOM official,TOBOOM,Resilient Ceramic Polishing Kit (HP),498,,1,1,KZ_BRAND_AND_SELECTED_SKUS,MANUFACTURER_REFERENCE_REQUIRED,https://en.toboom.com.cn/product/498.html,toboom-manufacturer-catalog.json
TOBOOM official,TOBOOM,Glass Ceramic Polishing Set (RA),499,,1,1,KZ_BRAND_AND_SELECTED_SKUS,MANUFACTURER_REFERENCE_REQUIRED,https://en.toboom.com.cn/product/499.html,toboom-manufacturer-catalog.json
TOBOOM official,TOBOOM,Elastic Ceramic Polishing Set RA1312D,500,RA1312D,1,1,KZ_BRAND_AND_SELECTED_SKUS,KZ_SKU_EVIDENCE_REQUIRED,https://en.toboom.com.cn/product/500.html,toboom-manufacturer-catalog.json
TOBOOM official,TOBOOM,Resilient Ceramic Polishing Set (RA),501,,1,1,KZ_BRAND_AND_SELECTED_SKUS,MANUFACTURER_REFERENCE_REQUIRED,https://en.toboom.com.cn/product/501.html,toboom-manufacturer-catalog.json
TOBOOM official,TOBOOM,RD-1/3 series rubber bond diamond polisher RD 1014,502,RD 1014 | 314 110 514 030,1,1,KZ_BRAND_AND_SELECTED_SKUS,KZ_SKU_EVIDENCE_REQUIRED,https://en.toboom.com.cn/product/502.html,toboom-manufacturer-catalog.json
TOBOOM official,TOBOOM,Multifunctional cyclone wheel,503,,1,1,KZ_BRAND_AND_SELECTED_SKUS,MANUFACTURER_REFERENCE_REQUIRED,https://en.toboom.com.cn/product/503.html,toboom-manufacturer-catalog.json
TOBOOM official,TOBOOM,RD-1/3 Series Rubber Bond Diamond Polisher RD 1013,504,RD 1013 | 314 110 524 030,1,1,KZ_BRAND_AND_SELECTED_SKUS,KZ_SKU_EVIDENCE_REQUIRED,https://en.toboom.com.cn/product/504.html,toboom-manufacturer-catalog.json
TOBOOM official,TOBOOM,Rubber cyclone wheel,505,,1,1,KZ_BRAND_AND_SELECTED_SKUS,MANUFACTURER_REFERENCE_REQUIRED,https://en.toboom.com.cn/product/505.html,toboom-manufacturer-catalog.json
TOBOOM official,TOBOOM,Deglaze Set,506,,1,0,KZ_BRAND_AND_SELECTED_SKUS,PHOTO_REQUIRED,https://en.toboom.com.cn/product/506.html,toboom-manufacturer-catalog.json
TOBOOM official,TOBOOM,SD-1/3 Series Silicone Bond Diamond Polisher SD 1136,507,SD 1136 | 314 243 494 050,1,1,KZ_BRAND_AND_SELECTED_SKUS,KZ_SKU_EVIDENCE_REQUIRED,https://en.toboom.com.cn/product/507.html,toboom-manufacturer-catalog.json
TOBOOM official,TOBOOM,SD-1/3 Series Silicone Bond Diamond Polisher SD 1135,508,SD 1135 | 314 243 504 050,1,1,KZ_BRAND_AND_SELECTED_SKUS,KZ_SKU_EVIDENCE_REQUIRED,https://en.toboom.com.cn/product/508.html,toboom-manufacturer-catalog.json
TOBOOM official,TOBOOM,SD-1/3 Series Silicone Bond Diamond Polisher SD 1116,509,SD 1116 | 314 243 494 030,1,1,KZ_BRAND_AND_SELECTED_SKUS,KZ_SKU_EVIDENCE_REQUIRED,https://en.toboom.com.cn/product/509.html,toboom-manufacturer-catalog.json
TOBOOM official,TOBOOM,RF-0 Series Rubber Bond Polisher RF 0071,510,RF 0071 | 900 372 544 160,1,1,KZ_BRAND_AND_SELECTED_SKUS,KZ_SKU_EVIDENCE_REQUIRED,https://en.toboom.com.cn/product/510.html,toboom-manufacturer-catalog.json
TOBOOM official,TOBOOM,SD-1/3 Series Silicone Bond Diamond Polisher SD 1115,511,SD 1115 | 314 243 504 030,1,1,KZ_BRAND_AND_SELECTED_SKUS,KZ_SKU_EVIDENCE_REQUIRED,https://en.toboom.com.cn/product/511.html,toboom-manufacturer-catalog.json
TOBOOM official,TOBOOM,RF-0 Series Rubber Bond Polisher RF 0072,512,RF 0072 | 900 372 534 160,1,1,KZ_BRAND_AND_SELECTED_SKUS,KZ_SKU_EVIDENCE_REQUIRED,https://en.toboom.com.cn/product/512.html,toboom-manufacturer-catalog.json
TOBOOM official,TOBOOM,SD-1/3 Series Silicone Bond Diamond Polisher SD 1016,513,SD 1016 | 314 110 494 030,1,1,KZ_BRAND_AND_SELECTED_SKUS,KZ_SKU_EVIDENCE_REQUIRED,https://en.toboom.com.cn/product/513.html,toboom-manufacturer-catalog.json
TOBOOM official,TOBOOM,SD-1/3 Series Silicone Bond Diamond Polisher SD 1015,514,SD 1015 | 314 110 504 030,1,1,KZ_BRAND_AND_SELECTED_SKUS,KZ_SKU_EVIDENCE_REQUIRED,https://en.toboom.com.cn/product/514.html,toboom-manufacturer-catalog.json
TOBOOM official,TOBOOM,RF-0 Series Rubber Bond Polisher RF 0073,515,RF 0073 | 900 372 524 160,1,1,KZ_BRAND_AND_SELECTED_SKUS,KZ_SKU_EVIDENCE_REQUIRED,https://en.toboom.com.cn/product/515.html,toboom-manufacturer-catalog.json
TOBOOM official,TOBOOM,RF-0 Series Rubber Bond Polisher RF 0074,516,RF 0074 | 900 372 514 160,1,1,KZ_BRAND_AND_SELECTED_SKUS,KZ_SKU_EVIDENCE_REQUIRED,https://en.toboom.com.cn/product/516.html,toboom-manufacturer-catalog.json
TOBOOM official,TOBOOM,SD-1/3 Series Silicone Bond Diamond Polisher SD 3416,517,SD 3416 | 204 304 494 100,1,1,KZ_BRAND_AND_SELECTED_SKUS,KZ_SKU_EVIDENCE_REQUIRED,https://en.toboom.com.cn/product/517.html,toboom-manufacturer-catalog.json
TOBOOM official,TOBOOM,RF-0 Series Rubber Bond Polisher RF 0081,518,RF 0081 | 900 371 544 220,1,1,KZ_BRAND_AND_SELECTED_SKUS,KZ_SKU_EVIDENCE_REQUIRED,https://en.toboom.com.cn/product/518.html,toboom-manufacturer-catalog.json
TOBOOM official,TOBOOM,SD-1/3 Series Silicone Bond Diamond Polisher SD 3415,519,SD 3415 | 204 304 504 100,1,1,KZ_BRAND_AND_SELECTED_SKUS,KZ_SKU_EVIDENCE_REQUIRED,https://en.toboom.com.cn/product/519.html,toboom-manufacturer-catalog.json
TOBOOM official,TOBOOM,RF-0 Series Rubber Bond Polisher RF 0082,520,RF 0082,1,1,KZ_BRAND_AND_SELECTED_SKUS,KZ_SKU_EVIDENCE_REQUIRED,https://en.toboom.com.cn/product/520.html,toboom-manufacturer-catalog.json
TOBOOM official,TOBOOM,SD-1/3 Series Silicone Bond Diamond Polisher SD 3326,521,SD 3326 | 204 041 494 100,1,1,KZ_BRAND_AND_SELECTED_SKUS,KZ_SKU_EVIDENCE_REQUIRED,https://en.toboom.com.cn/product/521.html,toboom-manufacturer-catalog.json
TOBOOM official,TOBOOM,RF-0 Series Rubber Bond Polisher RF 0083,522,RF 0083 | 900 371 524 220,1,1,KZ_BRAND_AND_SELECTED_SKUS,KZ_SKU_EVIDENCE_REQUIRED,https://en.toboom.com.cn/product/522.html,toboom-manufacturer-catalog.json
TOBOOM official,TOBOOM,SD-1/3 Series Silicone Bond Diamond Polisher SD 3325,523,SD 3325 | 204 041 504 100,1,1,KZ_BRAND_AND_SELECTED_SKUS,KZ_SKU_EVIDENCE_REQUIRED,https://en.toboom.com.cn/product/523.html,toboom-manufacturer-catalog.json
TOBOOM official,TOBOOM,SD-1/3 Series Silicone Bond Diamond Polisher SD 3316,524,SD 3316 | 204 371 494 100,1,1,KZ_BRAND_AND_SELECTED_SKUS,KZ_SKU_EVIDENCE_REQUIRED,https://en.toboom.com.cn/product/524.html,toboom-manufacturer-catalog.json
TOBOOM official,TOBOOM,RF-0 Series Rubber Bond Polisher RF 0084,525,RF 0084 | 900 371 514 220,1,1,KZ_BRAND_AND_SELECTED_SKUS,KZ_SKU_EVIDENCE_REQUIRED,https://en.toboom.com.cn/product/525.html,toboom-manufacturer-catalog.json
TOBOOM official,TOBOOM,SD-1/3 Series Silicone Bond Diamond Polisher SD 3315,526,SD 3315 | 204 371 504 100,1,1,KZ_BRAND_AND_SELECTED_SKUS,KZ_SKU_EVIDENCE_REQUIRED,https://en.toboom.com.cn/product/526.html,toboom-manufacturer-catalog.json
TOBOOM official,TOBOOM,RF-0 Series Rubber Bond Polisher RF 0091,527,RF 0091 | 900 372 544 220,1,1,KZ_BRAND_AND_SELECTED_SKUS,KZ_SKU_EVIDENCE_REQUIRED,https://en.toboom.com.cn/product/527.html,toboom-manufacturer-catalog.json
TOBOOM official,TOBOOM,SD-1/3 Series Silicone Bond Diamond Polisher SD 3216,528,SD 3216 | 204 030 494 090,1,1,KZ_BRAND_AND_SELECTED_SKUS,KZ_SKU_EVIDENCE_REQUIRED,https://en.toboom.com.cn/product/528.html,toboom-manufacturer-catalog.json
TOBOOM official,TOBOOM,SD-1/3 Series Silicone Bond Diamond Polisher SD 3215,529,SD 3215 | 204 030 504 090,1,1,KZ_BRAND_AND_SELECTED_SKUS,KZ_SKU_EVIDENCE_REQUIRED,https://en.toboom.com.cn/product/529.html,toboom-manufacturer-catalog.json
TOBOOM official,TOBOOM,RF-0 Series Rubber Bond Polisher RF 0092,530,RF 0092 | 900 372 534 220,1,1,KZ_BRAND_AND_SELECTED_SKUS,KZ_SKU_EVIDENCE_REQUIRED,https://en.toboom.com.cn/product/530.html,toboom-manufacturer-catalog.json
TOBOOM official,TOBOOM,SD-1/3 Series Silicone Bond Diamond Polisher SD 3206,531,SD 3206 | 204 030 494 060,1,1,KZ_BRAND_AND_SELECTED_SKUS,KZ_SKU_EVIDENCE_REQUIRED,https://en.toboom.com.cn/product/531.html,toboom-manufacturer-catalog.json
TOBOOM official,TOBOOM,RF-0 Series Rubber Bond Polisher RF 0093,532,RF 0093 | 900 372 524 220,1,1,KZ_BRAND_AND_SELECTED_SKUS,KZ_SKU_EVIDENCE_REQUIRED,https://en.toboom.com.cn/product/532.html,toboom-manufacturer-catalog.json
TOBOOM official,TOBOOM,SD-1/3 Series Silicone Bond Diamond Polisher SD 3205,533,SD 3205 | 204 030 504 060,1,1,KZ_BRAND_AND_SELECTED_SKUS,KZ_SKU_EVIDENCE_REQUIRED,https://en.toboom.com.cn/product/533.html,toboom-manufacturer-catalog.json
TOBOOM official,TOBOOM,SD-1/3 Series Silicone Bond Diamond Polisher SD 3166,534,SD 3166 | 204 174 494 035,1,1,KZ_BRAND_AND_SELECTED_SKUS,KZ_SKU_EVIDENCE_REQUIRED,https://en.toboom.com.cn/product/534.html,toboom-manufacturer-catalog.json
TOBOOM official,TOBOOM,RF-0 Series Rubber Bond Polisher RF 0094,535,RF 0094 | 900 372 514 220,1,1,KZ_BRAND_AND_SELECTED_SKUS,KZ_SKU_EVIDENCE_REQUIRED,https://en.toboom.com.cn/product/535.html,toboom-manufacturer-catalog.json
TOBOOM official,TOBOOM,SD-1/3 Series Silicone Bond Diamond Polisher SD 3165,536,SD 3165 | 204 174 504 035,1,1,KZ_BRAND_AND_SELECTED_SKUS,KZ_SKU_EVIDENCE_REQUIRED,https://en.toboom.com.cn/product/536.html,toboom-manufacturer-catalog.json
TOBOOM official,TOBOOM,K-file for nickel-titanium machine,537,,1,1,KZ_BRAND_AND_SELECTED_SKUS,MANUFACTURER_REFERENCE_REQUIRED,https://en.toboom.com.cn/product/537.html,toboom-manufacturer-catalog.json
TOBOOM official,TOBOOM,SD-1/3 Series Silicone Bond Diamond Polisher SD 3136,538,SD 3136 | 204 243 494 050,1,1,KZ_BRAND_AND_SELECTED_SKUS,KZ_SKU_EVIDENCE_REQUIRED,https://en.toboom.com.cn/product/538.html,toboom-manufacturer-catalog.json
TOBOOM official,TOBOOM,RF-0 Series Rubber Bond Polisher RF 0111,539,RF 0111 | 900 303 544 160,1,1,KZ_BRAND_AND_SELECTED_SKUS,KZ_SKU_EVIDENCE_REQUIRED,https://en.toboom.com.cn/product/539.html,toboom-manufacturer-catalog.json
TOBOOM official,TOBOOM,SD-1/3 Series Silicone Bond Diamond Polisher SD 3135,540,SD 3135 | 204 243 504 050,1,1,KZ_BRAND_AND_SELECTED_SKUS,KZ_SKU_EVIDENCE_REQUIRED,https://en.toboom.com.cn/product/540.html,toboom-manufacturer-catalog.json
TOBOOM official,TOBOOM,Nickel-titanium machine expanding needle,541,,1,1,KZ_BRAND_AND_SELECTED_SKUS,MANUFACTURER_REFERENCE_REQUIRED,https://en.toboom.com.cn/product/541.html,toboom-manufacturer-catalog.json
TOBOOM official,TOBOOM,SD-1/3 Series Silicone Bond Diamond Polisher SD 3126,542,SD 3126 | 204 243 494 040,1,1,KZ_BRAND_AND_SELECTED_SKUS,KZ_SKU_EVIDENCE_REQUIRED,https://en.toboom.com.cn/product/542.html,toboom-manufacturer-catalog.json
TOBOOM official,TOBOOM,RF-0 Series Rubber Bond Polisher RF 0112,543,RF 0112,1,1,KZ_BRAND_AND_SELECTED_SKUS,KZ_SKU_EVIDENCE_REQUIRED,https://en.toboom.com.cn/product/543.html,toboom-manufacturer-catalog.json
TOBOOM official,TOBOOM,SD-1/3 Series Silicone Bond Diamond Polisher SD 3125,544,SD 3125 | 204 243 504 040,1,1,KZ_BRAND_AND_SELECTED_SKUS,KZ_SKU_EVIDENCE_REQUIRED,https://en.toboom.com.cn/product/544.html,toboom-manufacturer-catalog.json
TOBOOM official,TOBOOM,Ni-Ti machine with large vertebral file,545,,1,1,KZ_BRAND_AND_SELECTED_SKUS,MANUFACTURER_REFERENCE_REQUIRED,https://en.toboom.com.cn/product/545.html,toboom-manufacturer-catalog.json
TOBOOM official,TOBOOM,SD-1/3 Series Silicone Bond Diamond Polisher SD 3116,546,SD 3116 | 204 243 494 030,1,1,KZ_BRAND_AND_SELECTED_SKUS,KZ_SKU_EVIDENCE_REQUIRED,https://en.toboom.com.cn/product/546.html,toboom-manufacturer-catalog.json
TOBOOM official,TOBOOM,RF-0 Series Rubber Bond Polisher RF 0113,547,RF 0113 | 900 303 524 160,1,1,KZ_BRAND_AND_SELECTED_SKUS,KZ_SKU_EVIDENCE_REQUIRED,https://en.toboom.com.cn/product/547.html,toboom-manufacturer-catalog.json
TOBOOM official,TOBOOM,SD-1/3 Series Silicone Bond Diamond Polisher SD 3115,548,SD 3115 | 204 243 504 030,1,1,KZ_BRAND_AND_SELECTED_SKUS,KZ_SKU_EVIDENCE_REQUIRED,https://en.toboom.com.cn/product/548.html,toboom-manufacturer-catalog.json
TOBOOM official,TOBOOM,RF-0 Series Rubber Bond Polisher RF 0114,549,RF 0114 | 900 303 514 160,1,1,KZ_BRAND_AND_SELECTED_SKUS,KZ_SKU_EVIDENCE_REQUIRED,https://en.toboom.com.cn/product/549.html,toboom-manufacturer-catalog.json
TOBOOM official,TOBOOM,NiTi hand side compression needle,550,,1,1,KZ_BRAND_AND_SELECTED_SKUS,MANUFACTURER_REFERENCE_REQUIRED,https://en.toboom.com.cn/product/550.html,toboom-manufacturer-catalog.json
TOBOOM official,TOBOOM,SD-1/3 Series Silicone Bond Diamond Polisher SD 3016,551,SD 3016 | 204 110 494 030,1,1,KZ_BRAND_AND_SELECTED_SKUS,KZ_SKU_EVIDENCE_REQUIRED,https://en.toboom.com.cn/product/551.html,toboom-manufacturer-catalog.json
TOBOOM official,TOBOOM,SD-1/3 Series Silicone Bond Diamond Polisher SD 3015,552,SD 3015 | 204 110 504 030,1,1,KZ_BRAND_AND_SELECTED_SKUS,KZ_SKU_EVIDENCE_REQUIRED,https://en.toboom.com.cn/product/552.html,toboom-manufacturer-catalog.json
TOBOOM official,TOBOOM,NiTi hand vertical compression needle,553,,1,1,KZ_BRAND_AND_SELECTED_SKUS,MANUFACTURER_REFERENCE_REQUIRED,https://en.toboom.com.cn/product/553.html,toboom-manufacturer-catalog.json
TOBOOM official,TOBOOM,Nitinol hand H file,554,,1,1,KZ_BRAND_AND_SELECTED_SKUS,MANUFACTURER_REFERENCE_REQUIRED,https://en.toboom.com.cn/product/554.html,toboom-manufacturer-catalog.json
TOBOOM official,TOBOOM,Nitinol hand K-file,555,,1,1,KZ_BRAND_AND_SELECTED_SKUS,MANUFACTURER_REFERENCE_REQUIRED,https://en.toboom.com.cn/product/555.html,toboom-manufacturer-catalog.json
TOBOOM official,TOBOOM,Nitinol Hand Expanding Needle,556,,1,1,KZ_BRAND_AND_SELECTED_SKUS,MANUFACTURER_REFERENCE_REQUIRED,https://en.toboom.com.cn/product/556.html,toboom-manufacturer-catalog.json
TOBOOM official,TOBOOM,Stainless Steel Hand File,557,,1,1,KZ_BRAND_AND_SELECTED_SKUS,MANUFACTURER_REFERENCE_REQUIRED,https://en.toboom.com.cn/product/557.html,toboom-manufacturer-catalog.json
TOBOOM official,TOBOOM,Stainless steel hand K file,558,,1,1,KZ_BRAND_AND_SELECTED_SKUS,MANUFACTURER_REFERENCE_REQUIRED,https://en.toboom.com.cn/product/558.html,toboom-manufacturer-catalog.json
TOBOOM official,TOBOOM,Stainless Steel Hand Expanding Needle,559,,1,1,KZ_BRAND_AND_SELECTED_SKUS,MANUFACTURER_REFERENCE_REQUIRED,https://en.toboom.com.cn/product/559.html,toboom-manufacturer-catalog.json
TOBOOM official,TOBOOM,SH-1 Series Silicone Bond Polisher SH 1134,560,SH 1134 | 314 243 514 050,1,1,KZ_BRAND_AND_SELECTED_SKUS,KZ_SKU_EVIDENCE_REQUIRED,https://en.toboom.com.cn/product/560.html,toboom-manufacturer-catalog.json
TOBOOM official,TOBOOM,SH-1 Series Silicone Bond Polisher SH 1133,561,SH 1133 | 314 243 524 050,1,1,KZ_BRAND_AND_SELECTED_SKUS,KZ_SKU_EVIDENCE_REQUIRED,https://en.toboom.com.cn/product/561.html,toboom-manufacturer-catalog.json
TOBOOM official,TOBOOM,SH-1 Series Silicone Bond Polisher SH 1132,562,SH 1132 | 314 243 534 050,1,1,KZ_BRAND_AND_SELECTED_SKUS,KZ_SKU_EVIDENCE_REQUIRED,https://en.toboom.com.cn/product/562.html,toboom-manufacturer-catalog.json
TOBOOM official,TOBOOM,SH-1 Series Silicone Bond Polisher SH 1114,563,SH 1114 | 314 243 514 030,1,1,KZ_BRAND_AND_SELECTED_SKUS,KZ_SKU_EVIDENCE_REQUIRED,https://en.toboom.com.cn/product/563.html,toboom-manufacturer-catalog.json
TOBOOM official,TOBOOM,SH-1 Series Silicone Bond Polisher SH 1113,564,SH 1113 | 314 243 524 030,1,1,KZ_BRAND_AND_SELECTED_SKUS,KZ_SKU_EVIDENCE_REQUIRED,https://en.toboom.com.cn/product/564.html,toboom-manufacturer-catalog.json
TOBOOM official,TOBOOM,SH-1 Series Silicone Bond Polisher SH 1112,565,SH 1112 | 314 243 534 030,1,1,KZ_BRAND_AND_SELECTED_SKUS,KZ_SKU_EVIDENCE_REQUIRED,https://en.toboom.com.cn/product/565.html,toboom-manufacturer-catalog.json
TOBOOM official,TOBOOM,SH-1系列 硅胶结合剂抛光器 SH 1014,566,SH 1014 | 314 110 514 030,1,1,KZ_BRAND_AND_SELECTED_SKUS,KZ_SKU_EVIDENCE_REQUIRED,https://en.toboom.com.cn/product/566.html,toboom-manufacturer-catalog.json
TOBOOM official,TOBOOM,SH-1 Series Silicone Bond Polisher SH 1013,567,SH 1013 | 314 110 524 030,1,1,KZ_BRAND_AND_SELECTED_SKUS,KZ_SKU_EVIDENCE_REQUIRED,https://en.toboom.com.cn/product/567.html,toboom-manufacturer-catalog.json
TOBOOM official,TOBOOM,SH-1 Series Silicone Bond Polisher SH 1012,568,SH 1012 | 314 110 534 030,1,1,KZ_BRAND_AND_SELECTED_SKUS,KZ_SKU_EVIDENCE_REQUIRED,https://en.toboom.com.cn/product/568.html,toboom-manufacturer-catalog.json
TOBOOM official,TOBOOM,SH-3 Series Silicone Bond Polisher SH 3414,569,SH 3114 | 204 304 514 100 | SH 3414,1,1,KZ_BRAND_AND_SELECTED_SKUS,KZ_SKU_EVIDENCE_REQUIRED,https://en.toboom.com.cn/product/569.html,toboom-manufacturer-catalog.json
TOBOOM official,TOBOOM,SH-3 Series Silicone Bond Polisher SH 3413,570,SH 3413 | 204 304 524 100,1,1,KZ_BRAND_AND_SELECTED_SKUS,KZ_SKU_EVIDENCE_REQUIRED,https://en.toboom.com.cn/product/570.html,toboom-manufacturer-catalog.json
TOBOOM official,TOBOOM,SH-3 Series Silicone Bond Polisher SH 3412,571,SH 3412 | 204 304 534 100,1,1,KZ_BRAND_AND_SELECTED_SKUS,KZ_SKU_EVIDENCE_REQUIRED,https://en.toboom.com.cn/product/571.html,toboom-manufacturer-catalog.json
TOBOOM official,TOBOOM,RF-0 Series Rubber Bond Polisher RF 0121,572,RF 0121 | 900 303 544 220,1,1,KZ_BRAND_AND_SELECTED_SKUS,KZ_SKU_EVIDENCE_REQUIRED,https://en.toboom.com.cn/product/572.html,toboom-manufacturer-catalog.json
TOBOOM official,TOBOOM,SH-3 Series Silicone Bond Polisher SH 3324,573,SH 3324,1,1,KZ_BRAND_AND_SELECTED_SKUS,KZ_SKU_EVIDENCE_REQUIRED,https://en.toboom.com.cn/product/573.html,toboom-manufacturer-catalog.json
TOBOOM official,TOBOOM,RF-0 Series Rubber Bond Polisher RF 0122,574,RF 0122 | 900 303 534 220,1,1,KZ_BRAND_AND_SELECTED_SKUS,KZ_SKU_EVIDENCE_REQUIRED,https://en.toboom.com.cn/product/574.html,toboom-manufacturer-catalog.json
TOBOOM official,TOBOOM,SH-3 Series Silicone Bond Polisher SH 3323,575,SH 3323 | 204 041 524 100,1,1,KZ_BRAND_AND_SELECTED_SKUS,KZ_SKU_EVIDENCE_REQUIRED,https://en.toboom.com.cn/product/575.html,toboom-manufacturer-catalog.json
TOBOOM official,TOBOOM,RF-0 Series Rubber Bond Polisher RF 0123,576,RF 0123 | 900 303 524 220,1,1,KZ_BRAND_AND_SELECTED_SKUS,KZ_SKU_EVIDENCE_REQUIRED,https://en.toboom.com.cn/product/576.html,toboom-manufacturer-catalog.json
TOBOOM official,TOBOOM,SH-3 Series Silicone Bond Polisher SH 3322,577,SH 3322 | 204 041 534 100,1,1,KZ_BRAND_AND_SELECTED_SKUS,KZ_SKU_EVIDENCE_REQUIRED,https://en.toboom.com.cn/product/577.html,toboom-manufacturer-catalog.json
TOBOOM official,TOBOOM,RF-0 Series Rubber Bond Polisher RF 0124,578,RF 0124 | 900 303 514 220,1,1,KZ_BRAND_AND_SELECTED_SKUS,KZ_SKU_EVIDENCE_REQUIRED,https://en.toboom.com.cn/product/578.html,toboom-manufacturer-catalog.json
TOBOOM official,TOBOOM,SH-3 Series Silicone Bond Polisher SH 3314,579,SH 3314 | 204 371 514 100,1,1,KZ_BRAND_AND_SELECTED_SKUS,KZ_SKU_EVIDENCE_REQUIRED,https://en.toboom.com.cn/product/579.html,toboom-manufacturer-catalog.json
TOBOOM official,TOBOOM,SH-3 Series Silicone Bond Polisher SH 3313,580,SH 3313 | 204 371 524 100,1,1,KZ_BRAND_AND_SELECTED_SKUS,KZ_SKU_EVIDENCE_REQUIRED,https://en.toboom.com.cn/product/580.html,toboom-manufacturer-catalog.json
TOBOOM official,TOBOOM,RF-2 Series Rubber Bond Polisher RF 2012,581,RF 2012 | 104 110 534 030,1,1,KZ_BRAND_AND_SELECTED_SKUS,KZ_SKU_EVIDENCE_REQUIRED,https://en.toboom.com.cn/product/581.html,toboom-manufacturer-catalog.json
TOBOOM official,TOBOOM,SH-3 Series Silicone Bond Polisher SH 3312,582,SH 3312 | 204 371 534 100,1,1,KZ_BRAND_AND_SELECTED_SKUS,KZ_SKU_EVIDENCE_REQUIRED,https://en.toboom.com.cn/product/582.html,toboom-manufacturer-catalog.json
TOBOOM official,TOBOOM,RF-2 Series Rubber Bond Polisher RF 2014,583,RF 2014 | 104 110 514 030,1,1,KZ_BRAND_AND_SELECTED_SKUS,KZ_SKU_EVIDENCE_REQUIRED,https://en.toboom.com.cn/product/583.html,toboom-manufacturer-catalog.json
TOBOOM official,TOBOOM,SH-3 Series Silicone Bond Polisher SH 3214,584,SH 3214 | 204 030 514 090,1,1,KZ_BRAND_AND_SELECTED_SKUS,KZ_SKU_EVIDENCE_REQUIRED,https://en.toboom.com.cn/product/584.html,toboom-manufacturer-catalog.json
TOBOOM official,TOBOOM,SH-3 Series Silicone Bond Polisher SH 3213,585,SH 3213 | 204 030 524 090,1,1,KZ_BRAND_AND_SELECTED_SKUS,KZ_SKU_EVIDENCE_REQUIRED,https://en.toboom.com.cn/product/585.html,toboom-manufacturer-catalog.json
TOBOOM official,TOBOOM,RF-2 Series Rubber Bond Polisher RF 2015,586,RF 2015 | 104 110 504 030,1,1,KZ_BRAND_AND_SELECTED_SKUS,KZ_SKU_EVIDENCE_REQUIRED,https://en.toboom.com.cn/product/586.html,toboom-manufacturer-catalog.json
TOBOOM official,TOBOOM,SH-3 Series Silicone Bond Polisher SH 3212,587,SH 3212 | 204 030 534 090,1,1,KZ_BRAND_AND_SELECTED_SKUS,KZ_SKU_EVIDENCE_REQUIRED,https://en.toboom.com.cn/product/587.html,toboom-manufacturer-catalog.json
TOBOOM official,TOBOOM,RF-2 Series Rubber Bond Polisher RF 2016,588,RF 2016 | 104 110 494 030,1,1,KZ_BRAND_AND_SELECTED_SKUS,KZ_SKU_EVIDENCE_REQUIRED,https://en.toboom.com.cn/product/588.html,toboom-manufacturer-catalog.json
TOBOOM official,TOBOOM,SH-3 Series Silicone Bond Polisher SH 3204,589,SH 3204 | 204 030 514 060,1,1,KZ_BRAND_AND_SELECTED_SKUS,KZ_SKU_EVIDENCE_REQUIRED,https://en.toboom.com.cn/product/589.html,toboom-manufacturer-catalog.json
TOBOOM official,TOBOOM,SH-3 Series Silicone Bond Polisher SH 3203,590,SH 3203 | 204 030 524 060,1,1,KZ_BRAND_AND_SELECTED_SKUS,KZ_SKU_EVIDENCE_REQUIRED,https://en.toboom.com.cn/product/590.html,toboom-manufacturer-catalog.json
TOBOOM official,TOBOOM,RF-2 Series Rubber Bond Polisher RF 2022,591,RF 2022 | 104 113 534 050,1,1,KZ_BRAND_AND_SELECTED_SKUS,KZ_SKU_EVIDENCE_REQUIRED,https://en.toboom.com.cn/product/591.html,toboom-manufacturer-catalog.json
TOBOOM official,TOBOOM,SH-3 Series Silicone Bond Polisher SH 3202,592,SH 3202 | 204 030 534 060,1,1,KZ_BRAND_AND_SELECTED_SKUS,KZ_SKU_EVIDENCE_REQUIRED,https://en.toboom.com.cn/product/592.html,toboom-manufacturer-catalog.json
TOBOOM official,TOBOOM,RF-2 Series Rubber Bond Polisher RF 2024,593,RF 2024 | 104 113 514 050,1,1,KZ_BRAND_AND_SELECTED_SKUS,KZ_SKU_EVIDENCE_REQUIRED,https://en.toboom.com.cn/product/593.html,toboom-manufacturer-catalog.json
TOBOOM official,TOBOOM,SH-3 Series Silicone Bond Polisher SH 3164,594,SH 3164 | 204 174 514 035,1,1,KZ_BRAND_AND_SELECTED_SKUS,KZ_SKU_EVIDENCE_REQUIRED,https://en.toboom.com.cn/product/594.html,toboom-manufacturer-catalog.json
TOBOOM official,TOBOOM,RF-2 Series Rubber Bond Polisher RF 2025,595,RF 2025 | 104 113 504 050,1,1,KZ_BRAND_AND_SELECTED_SKUS,KZ_SKU_EVIDENCE_REQUIRED,https://en.toboom.com.cn/product/595.html,toboom-manufacturer-catalog.json
TOBOOM official,TOBOOM,SH-3 Series Silicone Bond Polisher SH 3163,596,SH 3163 | 204 174 524 035,1,1,KZ_BRAND_AND_SELECTED_SKUS,KZ_SKU_EVIDENCE_REQUIRED,https://en.toboom.com.cn/product/596.html,toboom-manufacturer-catalog.json
TOBOOM official,TOBOOM,RF-2 Series Rubber Bond Polisher RF 2026,597,RF 2026 | 104 113 494 050,1,1,KZ_BRAND_AND_SELECTED_SKUS,KZ_SKU_EVIDENCE_REQUIRED,https://en.toboom.com.cn/product/597.html,toboom-manufacturer-catalog.json
TOBOOM official,TOBOOM,SH-3 Series Silicone Bond Polisher SH 3162,598,SH 3162 | 204 174 534 035,1,1,KZ_BRAND_AND_SELECTED_SKUS,KZ_SKU_EVIDENCE_REQUIRED,https://en.toboom.com.cn/product/598.html,toboom-manufacturer-catalog.json
TOBOOM official,TOBOOM,RF-2 Series Rubber Bond Polisher RF 2062,599,RF 2062 | 104 292 534 050,1,1,KZ_BRAND_AND_SELECTED_SKUS,KZ_SKU_EVIDENCE_REQUIRED,https://en.toboom.com.cn/product/599.html,toboom-manufacturer-catalog.json
TOBOOM official,TOBOOM,SH-3 Series Silicone Bond Polisher SH 3134,600,SH 3134 | 204 243 514 050,1,1,KZ_BRAND_AND_SELECTED_SKUS,KZ_SKU_EVIDENCE_REQUIRED,https://en.toboom.com.cn/product/600.html,toboom-manufacturer-catalog.json
TOBOOM official,TOBOOM,RF-3 Series Rubber Bond Polisher RF 3126,601,RF 3126 | 204 243 494 040,1,1,KZ_BRAND_AND_SELECTED_SKUS,KZ_SKU_EVIDENCE_REQUIRED,https://en.toboom.com.cn/product/601.html,toboom-manufacturer-catalog.json
TOBOOM official,TOBOOM,RF-2 Series Rubber Bond Polisher RF 2114,602,RF 2114 | 104 243 514 030,1,1,KZ_BRAND_AND_SELECTED_SKUS,KZ_SKU_EVIDENCE_REQUIRED,https://en.toboom.com.cn/product/602.html,toboom-manufacturer-catalog.json
TOBOOM official,TOBOOM,SH-3 Series Silicone Bond Polisher SH 3133,603,SH 3133 | 204 243 524 050,1,1,KZ_BRAND_AND_SELECTED_SKUS,KZ_SKU_EVIDENCE_REQUIRED,https://en.toboom.com.cn/product/603.html,toboom-manufacturer-catalog.json
TOBOOM official,TOBOOM,RF-3 Series Rubber Bond Polisher RF 3125,604,RF 3125 | 204 243 504 040,1,1,KZ_BRAND_AND_SELECTED_SKUS,KZ_SKU_EVIDENCE_REQUIRED,https://en.toboom.com.cn/product/604.html,toboom-manufacturer-catalog.json
TOBOOM official,TOBOOM,RF-2 Series Rubber Bond Polisher RF 2064,605,RF 2064 | 104 292 514 050,1,1,KZ_BRAND_AND_SELECTED_SKUS,KZ_SKU_EVIDENCE_REQUIRED,https://en.toboom.com.cn/product/605.html,toboom-manufacturer-catalog.json
TOBOOM official,TOBOOM,SH-3 Series Silicone Bond Polisher SH 3132,606,SH 3132 | 204 243 534 050,1,1,KZ_BRAND_AND_SELECTED_SKUS,KZ_SKU_EVIDENCE_REQUIRED,https://en.toboom.com.cn/product/606.html,toboom-manufacturer-catalog.json
TOBOOM official,TOBOOM,RF-3 Series Rubber Bond Polisher RF 3124,607,204 243 534 040 | RF 3124,1,1,KZ_BRAND_AND_SELECTED_SKUS,KZ_SKU_EVIDENCE_REQUIRED,https://en.toboom.com.cn/product/607.html,toboom-manufacturer-catalog.json
TOBOOM official,TOBOOM,RF-2 Series Rubber Bond Polisher RF 2065,608,RF 2065 | 104 292 504 050,1,1,KZ_BRAND_AND_SELECTED_SKUS,KZ_SKU_EVIDENCE_REQUIRED,https://en.toboom.com.cn/product/608.html,toboom-manufacturer-catalog.json
TOBOOM official,TOBOOM,RF-2 Series Rubber Bond Polisher RF 2066,609,RF 2066 | 104 292 494 050,1,1,KZ_BRAND_AND_SELECTED_SKUS,KZ_SKU_EVIDENCE_REQUIRED,https://en.toboom.com.cn/product/609.html,toboom-manufacturer-catalog.json
TOBOOM official,TOBOOM,SH-3 Series Silicone Bond Polisher SH 3124,610,SH 3124,1,1,KZ_BRAND_AND_SELECTED_SKUS,KZ_SKU_EVIDENCE_REQUIRED,https://en.toboom.com.cn/product/610.html,toboom-manufacturer-catalog.json
TOBOOM official,TOBOOM,RF-2 Series Rubber Bond Polisher RF 2112,611,RF 2112 | 104 243 534 030,1,1,KZ_BRAND_AND_SELECTED_SKUS,KZ_SKU_EVIDENCE_REQUIRED,https://en.toboom.com.cn/product/611.html,toboom-manufacturer-catalog.json
TOBOOM official,TOBOOM,RF-1/3 Series Rubber Bond Polisher RF 3122.,612,RF 3122 | 204 243 534 040,1,1,KZ_BRAND_AND_SELECTED_SKUS,KZ_SKU_EVIDENCE_REQUIRED,https://en.toboom.com.cn/product/612.html,toboom-manufacturer-catalog.json
TOBOOM official,TOBOOM,SH-3 Series Silicone Bond Polisher SH 3123,613,SH 3123 | 204 243 524 040,1,1,KZ_BRAND_AND_SELECTED_SKUS,KZ_SKU_EVIDENCE_REQUIRED,https://en.toboom.com.cn/product/613.html,toboom-manufacturer-catalog.json
TOBOOM official,TOBOOM,SH-3 Series Silicone Bond Polisher SH 3122,614,204 243 534 040 | SH 3122,1,1,KZ_BRAND_AND_SELECTED_SKUS,KZ_SKU_EVIDENCE_REQUIRED,https://en.toboom.com.cn/product/614.html,toboom-manufacturer-catalog.json
TOBOOM official,TOBOOM,RF-3 Series Rubber Bond Polisher RF 3116,615,RF 3116 | 204 243 494 030,1,1,KZ_BRAND_AND_SELECTED_SKUS,KZ_SKU_EVIDENCE_REQUIRED,https://en.toboom.com.cn/product/615.html,toboom-manufacturer-catalog.json
TOBOOM official,TOBOOM,SH-3 Series Silicone Bond Polisher SH 3114,616,SH 3114 | 204 243 514 030,1,1,KZ_BRAND_AND_SELECTED_SKUS,KZ_SKU_EVIDENCE_REQUIRED,https://en.toboom.com.cn/product/616.html,toboom-manufacturer-catalog.json
TOBOOM official,TOBOOM,RF-2 Series Rubber Bond Polisher RF 2115,617,RF 2115 | 104 243 504 030,1,1,KZ_BRAND_AND_SELECTED_SKUS,KZ_SKU_EVIDENCE_REQUIRED,https://en.toboom.com.cn/product/617.html,toboom-manufacturer-catalog.json
TOBOOM official,TOBOOM,SH-3 Series Silicone Bond Polisher SH 3113,618,SH 3113 | 204 243 524 030,1,1,KZ_BRAND_AND_SELECTED_SKUS,KZ_SKU_EVIDENCE_REQUIRED,https://en.toboom.com.cn/product/618.html,toboom-manufacturer-catalog.json
TOBOOM official,TOBOOM,RF-3 Series Rubber Bond Polisher RF 3115,619,RF 3115 | 204 243 504 030,1,1,KZ_BRAND_AND_SELECTED_SKUS,KZ_SKU_EVIDENCE_REQUIRED,https://en.toboom.com.cn/product/619.html,toboom-manufacturer-catalog.json
TOBOOM official,TOBOOM,RF-2 Series Rubber Bond Polisher RF 2116,620,RF 2116 | 104 243 494 030,1,1,KZ_BRAND_AND_SELECTED_SKUS,KZ_SKU_EVIDENCE_REQUIRED,https://en.toboom.com.cn/product/620.html,toboom-manufacturer-catalog.json
TOBOOM official,TOBOOM,SH-3 Series Silicone Bond Polisher SH 3112,621,SH 3112 | 204 243 534 030,1,1,KZ_BRAND_AND_SELECTED_SKUS,KZ_SKU_EVIDENCE_REQUIRED,https://en.toboom.com.cn/product/621.html,toboom-manufacturer-catalog.json
TOBOOM official,TOBOOM,RF-3 Series Rubber Bond Polisher RF 3114,622,RF 3114 | 204 243 514 030,1,1,KZ_BRAND_AND_SELECTED_SKUS,KZ_SKU_EVIDENCE_REQUIRED,https://en.toboom.com.cn/product/622.html,toboom-manufacturer-catalog.json
TOBOOM official,TOBOOM,SH-3 Series Silicone Bond Polisher SH 3014,623,SH 3014 | 204 110 514 030,1,1,KZ_BRAND_AND_SELECTED_SKUS,KZ_SKU_EVIDENCE_REQUIRED,https://en.toboom.com.cn/product/623.html,toboom-manufacturer-catalog.json
TOBOOM official,TOBOOM,RF-1/3 Series Rubber Bond Polisher RF 3112,624,RF 3112 | 204 243 534 030,1,1,KZ_BRAND_AND_SELECTED_SKUS,KZ_SKU_EVIDENCE_REQUIRED,https://en.toboom.com.cn/product/624.html,toboom-manufacturer-catalog.json
TOBOOM official,TOBOOM,SH-3 Series Silicone Bond Polisher SH 3013,625,SH 3013 | 204 110 524 030,1,1,KZ_BRAND_AND_SELECTED_SKUS,KZ_SKU_EVIDENCE_REQUIRED,https://en.toboom.com.cn/product/625.html,toboom-manufacturer-catalog.json
TOBOOM official,TOBOOM,SH-3 Series Silicone Bond Polisher SH 3012,626,SH 3012 | 204 110 534 030,1,1,KZ_BRAND_AND_SELECTED_SKUS,KZ_SKU_EVIDENCE_REQUIRED,https://en.toboom.com.cn/product/626.html,toboom-manufacturer-catalog.json
TOBOOM official,TOBOOM,RF-3 Series Rubber Bond Polisher RF 3016,627,RF 3016 | 204 110 494 030,1,1,KZ_BRAND_AND_SELECTED_SKUS,KZ_SKU_EVIDENCE_REQUIRED,https://en.toboom.com.cn/product/627.html,toboom-manufacturer-catalog.json
TOBOOM official,TOBOOM,RF-2 Series Rubber Bond Polisher RF 2126,628,RF 2126 | 104 243 494 040,1,1,KZ_BRAND_AND_SELECTED_SKUS,KZ_SKU_EVIDENCE_REQUIRED,https://en.toboom.com.cn/product/628.html,toboom-manufacturer-catalog.json
TOBOOM official,TOBOOM,RF-3 Series Rubber Bond Polisher RF 3015,629,RF 3015 | 204 110 504 030,1,1,KZ_BRAND_AND_SELECTED_SKUS,KZ_SKU_EVIDENCE_REQUIRED,https://en.toboom.com.cn/product/629.html,toboom-manufacturer-catalog.json
TOBOOM official,TOBOOM,RF-2 Series Rubber Bond Polisher RF 2125,630,RF 2125 | 104 243 504 040,1,1,KZ_BRAND_AND_SELECTED_SKUS,KZ_SKU_EVIDENCE_REQUIRED,https://en.toboom.com.cn/product/630.html,toboom-manufacturer-catalog.json
TOBOOM official,TOBOOM,RF-2 Series Rubber Bond Polisher RF 2124,631,RF 2124 | 104 243 514 040,1,1,KZ_BRAND_AND_SELECTED_SKUS,KZ_SKU_EVIDENCE_REQUIRED,https://en.toboom.com.cn/product/631.html,toboom-manufacturer-catalog.json
TOBOOM official,TOBOOM,RF-3 Series Rubber Bond Polisher RF 3014,632,RF 3014 | 204 110 514 030,1,1,KZ_BRAND_AND_SELECTED_SKUS,KZ_SKU_EVIDENCE_REQUIRED,https://en.toboom.com.cn/product/632.html,toboom-manufacturer-catalog.json
TOBOOM official,TOBOOM,RF-2 Series Rubber Bond Polisher RF 2122,633,RF 2122 | 104 243 534 040,1,1,KZ_BRAND_AND_SELECTED_SKUS,KZ_SKU_EVIDENCE_REQUIRED,https://en.toboom.com.cn/product/633.html,toboom-manufacturer-catalog.json
TOBOOM official,TOBOOM,RF-1/3 Series Rubber Bond Polisher RF 3012,634,RF 3012 | 204 110 534 030,1,1,KZ_BRAND_AND_SELECTED_SKUS,KZ_SKU_EVIDENCE_REQUIRED,https://en.toboom.com.cn/product/634.html,toboom-manufacturer-catalog.json
TOBOOM official,TOBOOM,RF-1/3 Series Rubber Bond Polisher RF 1136,635,RF 1136 | 314 243 494 050,1,1,KZ_BRAND_AND_SELECTED_SKUS,KZ_SKU_EVIDENCE_REQUIRED,https://en.toboom.com.cn/product/635.html,toboom-manufacturer-catalog.json
TOBOOM official,TOBOOM,RF-1/3 Series Rubber Bond Polisher RF 1135,636,RF 1135 | 314 243 504 050,1,1,KZ_BRAND_AND_SELECTED_SKUS,KZ_SKU_EVIDENCE_REQUIRED,https://en.toboom.com.cn/product/636.html,toboom-manufacturer-catalog.json
TOBOOM official,TOBOOM,RF-2 Series Rubber Bond Polisher RF 2136,637,RF 2136 | 104 243 494 060,1,1,KZ_BRAND_AND_SELECTED_SKUS,KZ_SKU_EVIDENCE_REQUIRED,https://en.toboom.com.cn/product/637.html,toboom-manufacturer-catalog.json
TOBOOM official,TOBOOM,RF-1/3 Series Rubber Bond Polisher RF 1134,638,RF 1134 | 314 243 514 050,1,1,KZ_BRAND_AND_SELECTED_SKUS,KZ_SKU_EVIDENCE_REQUIRED,https://en.toboom.com.cn/product/638.html,toboom-manufacturer-catalog.json
TOBOOM official,TOBOOM,CD-0 Series Vitrified Bond Diamond Grinder CD 0013,639,CD 0013 | 900 030 524 130,1,1,KZ_BRAND_AND_SELECTED_SKUS,KZ_SKU_EVIDENCE_REQUIRED,https://en.toboom.com.cn/product/639.html,toboom-manufacturer-catalog.json
TOBOOM official,TOBOOM,RF-2 Series Rubber Bond Polisher RF 2135,640,RF 2135 | 104 243 504 060,1,1,KZ_BRAND_AND_SELECTED_SKUS,KZ_SKU_EVIDENCE_REQUIRED,https://en.toboom.com.cn/product/640.html,toboom-manufacturer-catalog.json
TOBOOM official,TOBOOM,RF-2 Series Rubber Bond Polisher RF 2134,641,RF 2134 | 104 243 514 060,1,1,KZ_BRAND_AND_SELECTED_SKUS,KZ_SKU_EVIDENCE_REQUIRED,https://en.toboom.com.cn/product/641.html,toboom-manufacturer-catalog.json
TOBOOM official,TOBOOM,RF-1/3 Series Rubber Bond Polisher RF 1132,642,RF1132 | 314 243 534 050 | RF 1132,1,1,KZ_BRAND_AND_SELECTED_SKUS,KZ_SKU_EVIDENCE_REQUIRED,https://en.toboom.com.cn/product/642.html,toboom-manufacturer-catalog.json
TOBOOM official,TOBOOM,CD-0 Series Vitrified Bond Diamond Grinder CD 0063,643,CD 0063 | 900 372 524 160,1,1,KZ_BRAND_AND_SELECTED_SKUS,KZ_SKU_EVIDENCE_REQUIRED,https://en.toboom.com.cn/product/643.html,toboom-manufacturer-catalog.json
TOBOOM official,TOBOOM,RF-1/3 Series Rubber Bond Polisher RF 1116,644,RF 1116 | 314 243 494 030,1,1,KZ_BRAND_AND_SELECTED_SKUS,KZ_SKU_EVIDENCE_REQUIRED,https://en.toboom.com.cn/product/644.html,toboom-manufacturer-catalog.json
TOBOOM official,TOBOOM,CD-0 Series Vitrified Bond Diamond Grinder CD 0073,645,CD 0073 | 900 041 524 160,1,1,KZ_BRAND_AND_SELECTED_SKUS,KZ_SKU_EVIDENCE_REQUIRED,https://en.toboom.com.cn/product/645.html,toboom-manufacturer-catalog.json
TOBOOM official,TOBOOM,RF-2 Series Rubber Bond Polisher RF 2132,646,RF 2132 | 104 243 534 060,1,1,KZ_BRAND_AND_SELECTED_SKUS,KZ_SKU_EVIDENCE_REQUIRED,https://en.toboom.com.cn/product/646.html,toboom-manufacturer-catalog.json
TOBOOM official,TOBOOM,RF-1/3 Series Rubber Bond Polisher RF 1115,647,RF 1115 | 314 243 504 030,1,1,KZ_BRAND_AND_SELECTED_SKUS,KZ_SKU_EVIDENCE_REQUIRED,https://en.toboom.com.cn/product/647.html,toboom-manufacturer-catalog.json
TOBOOM official,TOBOOM,CD-0 Series Vitrified Bond Diamond Grinder CD 0083,648,CD 0083 | 900 372 524 220,1,1,KZ_BRAND_AND_SELECTED_SKUS,KZ_SKU_EVIDENCE_REQUIRED,https://en.toboom.com.cn/product/648.html,toboom-manufacturer-catalog.json
TOBOOM official,TOBOOM,RF-2 Series Rubber Bond Polisher RF 2166,649,RF 2166 | 104 031 494 060,1,1,KZ_BRAND_AND_SELECTED_SKUS,KZ_SKU_EVIDENCE_REQUIRED,https://en.toboom.com.cn/product/649.html,toboom-manufacturer-catalog.json
TOBOOM official,TOBOOM,CD-0 Series Vitrified Bond Diamond Grinder CD 0093,650,CD 0093 | 900 041 524 220,1,1,KZ_BRAND_AND_SELECTED_SKUS,KZ_SKU_EVIDENCE_REQUIRED,https://en.toboom.com.cn/product/650.html,toboom-manufacturer-catalog.json
TOBOOM official,TOBOOM,RF-1/3 Series Rubber Bond Polisher RF 1114,651,RF 1114 | 314 243 514 030,1,1,KZ_BRAND_AND_SELECTED_SKUS,KZ_SKU_EVIDENCE_REQUIRED,https://en.toboom.com.cn/product/651.html,toboom-manufacturer-catalog.json
TOBOOM official,TOBOOM,RF-2 Series Rubber Bond Polisher RF 2165,652,RF 2165 | 104 031 504 060,1,1,KZ_BRAND_AND_SELECTED_SKUS,KZ_SKU_EVIDENCE_REQUIRED,https://en.toboom.com.cn/product/652.html,toboom-manufacturer-catalog.json
TOBOOM official,TOBOOM,CD-0 Series Vitrified Bond Diamond Grinder CD 0113,653,CD 0113 | 900 307 524 130,1,1,KZ_BRAND_AND_SELECTED_SKUS,KZ_SKU_EVIDENCE_REQUIRED,https://en.toboom.com.cn/product/653.html,toboom-manufacturer-catalog.json
TOBOOM official,TOBOOM,RF-2 Series Rubber Bond Polisher RF 2164,654,RF 2164 | 104 031 514 060,1,1,KZ_BRAND_AND_SELECTED_SKUS,KZ_SKU_EVIDENCE_REQUIRED,https://en.toboom.com.cn/product/654.html,toboom-manufacturer-catalog.json
TOBOOM official,TOBOOM,CD-0 Series Vitrified Bond Diamond Grinder CD 0123,655,CD 0123 | 900 307 524 220,1,1,KZ_BRAND_AND_SELECTED_SKUS,KZ_SKU_EVIDENCE_REQUIRED,https://en.toboom.com.cn/product/655.html,toboom-manufacturer-catalog.json
TOBOOM official,TOBOOM,RF-1/3 Series Rubber Bond Polisher RF 1112,656,RF 1112 | 314 243 534 030,1,1,KZ_BRAND_AND_SELECTED_SKUS,KZ_SKU_EVIDENCE_REQUIRED,https://en.toboom.com.cn/product/656.html,toboom-manufacturer-catalog.json
TOBOOM official,TOBOOM,RF-2 Series Rubber Bond Polisher RF 2162,657,RF 2162 | 104 031 534 060,1,1,KZ_BRAND_AND_SELECTED_SKUS,KZ_SKU_EVIDENCE_REQUIRED,https://en.toboom.com.cn/product/657.html,toboom-manufacturer-catalog.json
TOBOOM official,TOBOOM,CD-0 Series Vitrified Bond Diamond Grinder CD 2013,658,CD 2013 | 104 110 524 030,1,1,KZ_BRAND_AND_SELECTED_SKUS,KZ_SKU_EVIDENCE_REQUIRED,https://en.toboom.com.cn/product/658.html,toboom-manufacturer-catalog.json
TOBOOM official,TOBOOM,RF-2 Series Rubber Bond Polisher RF 2216,659,RF 2216 | 104 030 494 090,1,1,KZ_BRAND_AND_SELECTED_SKUS,KZ_SKU_EVIDENCE_REQUIRED,https://en.toboom.com.cn/product/659.html,toboom-manufacturer-catalog.json
TOBOOM official,TOBOOM,RF-1/3 Series Rubber Bond Polisher RF 1016,660,RF 1016 | 314 110 494 030,1,1,KZ_BRAND_AND_SELECTED_SKUS,KZ_SKU_EVIDENCE_REQUIRED,https://en.toboom.com.cn/product/660.html,toboom-manufacturer-catalog.json
TOBOOM official,TOBOOM,CD-0 Series Vitrified Bond Diamond Grinder CD 2023,661,CD 2023 | 104 113 524 050,1,1,KZ_BRAND_AND_SELECTED_SKUS,KZ_SKU_EVIDENCE_REQUIRED,https://en.toboom.com.cn/product/661.html,toboom-manufacturer-catalog.json
TOBOOM official,TOBOOM,RF-2 Series Rubber Bond Polisher RF 2215,662,RF 2215 | 104 030 504 090,1,1,KZ_BRAND_AND_SELECTED_SKUS,KZ_SKU_EVIDENCE_REQUIRED,https://en.toboom.com.cn/product/662.html,toboom-manufacturer-catalog.json
TOBOOM official,TOBOOM,RF-2 Series Rubber Bond Polisher RF 2214,663,RF 2214 | 104 030 514 090,1,1,KZ_BRAND_AND_SELECTED_SKUS,KZ_SKU_EVIDENCE_REQUIRED,https://en.toboom.com.cn/product/663.html,toboom-manufacturer-catalog.json
TOBOOM official,TOBOOM,RF-1/3 Series Rubber Bond Polisher RF 1015,664,RF 1015 | 314 110 504 030,1,1,KZ_BRAND_AND_SELECTED_SKUS,KZ_SKU_EVIDENCE_REQUIRED,https://en.toboom.com.cn/product/664.html,toboom-manufacturer-catalog.json
TOBOOM official,TOBOOM,RF-2 Series Rubber Bond Polisher RF 2212,665,RF 2212 | 104 030 534 090,1,1,KZ_BRAND_AND_SELECTED_SKUS,KZ_SKU_EVIDENCE_REQUIRED,https://en.toboom.com.cn/product/665.html,toboom-manufacturer-catalog.json
TOBOOM official,TOBOOM,CD-0 Series Vitrified Bond Diamond Grinder CD 2024,666,CD 2024,1,1,KZ_BRAND_AND_SELECTED_SKUS,KZ_SKU_EVIDENCE_REQUIRED,https://en.toboom.com.cn/product/666.html,toboom-manufacturer-catalog.json
TOBOOM official,TOBOOM,"Warning: Please use the product within the recommended speed range. The company is not responsible for the product breaking or flying out caused by exceeding the marked speed, resulting in material damage and personal injury.",667,RF 1014 | 314 110 514 030,1,1,KZ_BRAND_AND_SELECTED_SKUS,KZ_SKU_EVIDENCE_REQUIRED,https://en.toboom.com.cn/product/667.html,toboom-manufacturer-catalog.json
TOBOOM official,TOBOOM,CD-0 Series Vitrified Bond Diamond Grinder CD 2033,668,CD 2033,1,1,KZ_BRAND_AND_SELECTED_SKUS,KZ_SKU_EVIDENCE_REQUIRED,https://en.toboom.com.cn/product/668.html,toboom-manufacturer-catalog.json
TOBOOM official,TOBOOM,RF-2 Series Rubber Bond Polisher RF 2226,669,RF 2226 | 104 026 494 180,1,1,KZ_BRAND_AND_SELECTED_SKUS,KZ_SKU_EVIDENCE_REQUIRED,https://en.toboom.com.cn/product/669.html,toboom-manufacturer-catalog.json
TOBOOM official,TOBOOM,RF-2 Series Rubber Bond Polisher RF 2225,670,RF 2225 | 104 026 504 180,1,1,KZ_BRAND_AND_SELECTED_SKUS,KZ_SKU_EVIDENCE_REQUIRED,https://en.toboom.com.cn/product/670.html,toboom-manufacturer-catalog.json
TOBOOM official,TOBOOM,CD-0 Series Vitrified Bond Diamond Grinder CD 2123,671,CD 2123 | 104 174 524 040,1,1,KZ_BRAND_AND_SELECTED_SKUS,KZ_SKU_EVIDENCE_REQUIRED,https://en.toboom.com.cn/product/671.html,toboom-manufacturer-catalog.json
TOBOOM official,TOBOOM,RF-1/3 Series Rubber Bond Polisher RF 1012,672,RF 1012 | 314 110 534 030,1,1,KZ_BRAND_AND_SELECTED_SKUS,KZ_SKU_EVIDENCE_REQUIRED,https://en.toboom.com.cn/product/672.html,toboom-manufacturer-catalog.json
TOBOOM official,TOBOOM,RF-2 Series Rubber Bond Polisher RF 2224,673,RF 2224 | 104 026 514 180,1,1,KZ_BRAND_AND_SELECTED_SKUS,KZ_SKU_EVIDENCE_REQUIRED,https://en.toboom.com.cn/product/673.html,toboom-manufacturer-catalog.json
TOBOOM official,TOBOOM,CD-0 Series Vitrified Bond Diamond Grinder CD 2124,674,CD 2124 | 104 174 514 040,1,1,KZ_BRAND_AND_SELECTED_SKUS,KZ_SKU_EVIDENCE_REQUIRED,https://en.toboom.com.cn/product/674.html,toboom-manufacturer-catalog.json
TOBOOM official,TOBOOM,RF-2 Series Rubber Bond Polisher RF 2222,675,RF 2222 | 104 026 534 180,1,1,KZ_BRAND_AND_SELECTED_SKUS,KZ_SKU_EVIDENCE_REQUIRED,https://en.toboom.com.cn/product/675.html,toboom-manufacturer-catalog.json
TOBOOM official,TOBOOM,CD-0 Series Vitrified Bond Diamond Grinder CD 2143,676,CD 2143 | 104 197 524 030,1,1,KZ_BRAND_AND_SELECTED_SKUS,KZ_SKU_EVIDENCE_REQUIRED,https://en.toboom.com.cn/product/676.html,toboom-manufacturer-catalog.json
TOBOOM official,TOBOOM,CD-0 Series Vitrified Bond Diamond Grinder CD 2144,677,CD 2144 | 104 174 514 040,1,1,KZ_BRAND_AND_SELECTED_SKUS,KZ_SKU_EVIDENCE_REQUIRED,https://en.toboom.com.cn/product/677.html,toboom-manufacturer-catalog.json
TOBOOM official,TOBOOM,RF-2 Series Rubber Bond Polisher RF 2316,678,RF 2316 | 104 371 494 120,1,1,KZ_BRAND_AND_SELECTED_SKUS,KZ_SKU_EVIDENCE_REQUIRED,https://en.toboom.com.cn/product/678.html,toboom-manufacturer-catalog.json
TOBOOM official,TOBOOM,RF-2 Series Rubber Bond Polisher RF 2315,679,RFF 2315 | 104 371 504 120 | RF 2315,1,1,KZ_BRAND_AND_SELECTED_SKUS,KZ_SKU_EVIDENCE_REQUIRED,https://en.toboom.com.cn/product/679.html,toboom-manufacturer-catalog.json
TOBOOM official,TOBOOM,CD-0 Series Vitrified Bond Diamond Grinder CD 2213,680,CD 2213 | 104 014 524 050,1,1,KZ_BRAND_AND_SELECTED_SKUS,KZ_SKU_EVIDENCE_REQUIRED,https://en.toboom.com.cn/product/680.html,toboom-manufacturer-catalog.json
TOBOOM official,TOBOOM,CD-0 Series Vitrified Bond Diamond Grinder CD 2223,681,CD 2223 | 104 024 524 130,1,1,KZ_BRAND_AND_SELECTED_SKUS,KZ_SKU_EVIDENCE_REQUIRED,https://en.toboom.com.cn/product/681.html,toboom-manufacturer-catalog.json
TOBOOM official,TOBOOM,RF-2 Series Rubber Bond Polisher RF 2314,682,RF 2324 | 104 371 514 120 | RF 2314,1,1,KZ_BRAND_AND_SELECTED_SKUS,KZ_SKU_EVIDENCE_REQUIRED,https://en.toboom.com.cn/product/682.html,toboom-manufacturer-catalog.json
TOBOOM official,TOBOOM,CD-3 Series Vitrified Bond Diamond Grinder CD 3513,683,CD 3513 | 204 001 524 030,1,1,KZ_BRAND_AND_SELECTED_SKUS,KZ_SKU_EVIDENCE_REQUIRED,https://en.toboom.com.cn/product/683.html,toboom-manufacturer-catalog.json
TOBOOM official,TOBOOM,CD-0 Series Vitrified Bond Diamond Grinder CD 2243,684,CD 2243 | 104 237 524 036,1,1,KZ_BRAND_AND_SELECTED_SKUS,KZ_SKU_EVIDENCE_REQUIRED,https://en.toboom.com.cn/product/684.html,toboom-manufacturer-catalog.json
TOBOOM official,TOBOOM,RF-2 Series Rubber Bond Polisher RF 2312,685,RF 2312 | 104 371 534 120,1,1,KZ_BRAND_AND_SELECTED_SKUS,KZ_SKU_EVIDENCE_REQUIRED,https://en.toboom.com.cn/product/685.html,toboom-manufacturer-catalog.json
TOBOOM official,TOBOOM,CD-3 Series Vitrified Bond Diamond Grinder CD 3243,686,CD 3243 | 204 237 524 036,1,1,KZ_BRAND_AND_SELECTED_SKUS,KZ_SKU_EVIDENCE_REQUIRED,https://en.toboom.com.cn/product/686.html,toboom-manufacturer-catalog.json
TOBOOM official,TOBOOM,CD-0 Series Vitrified Bond Diamond Grinder CD 2253,687,CD 2253 | 104 030 524 060,1,1,KZ_BRAND_AND_SELECTED_SKUS,KZ_SKU_EVIDENCE_REQUIRED,https://en.toboom.com.cn/product/687.html,toboom-manufacturer-catalog.json
TOBOOM official,TOBOOM,CD-3 Series Vitrified Bond Diamond Grinder CD 3144,688,CD 3144 | 204 197 514 030,1,1,KZ_BRAND_AND_SELECTED_SKUS,KZ_SKU_EVIDENCE_REQUIRED,https://en.toboom.com.cn/product/688.html,toboom-manufacturer-catalog.json
TOBOOM official,TOBOOM,RF-2 Series Rubber Bond Polisher RF 2326,689,RF 2326 | 104 041 494 120,1,1,KZ_BRAND_AND_SELECTED_SKUS,KZ_SKU_EVIDENCE_REQUIRED,https://en.toboom.com.cn/product/689.html,toboom-manufacturer-catalog.json
TOBOOM official,TOBOOM,CD-0 Series Vitrified Bond Diamond Grinder CD 2313,690,CD 2313 | 104 041 524 120,1,1,KZ_BRAND_AND_SELECTED_SKUS,KZ_SKU_EVIDENCE_REQUIRED,https://en.toboom.com.cn/product/690.html,toboom-manufacturer-catalog.json
TOBOOM official,TOBOOM,RF-2 Series Rubber Bond Polisher RF 2325,691,RF 2325 | 104 041 504 120,1,1,KZ_BRAND_AND_SELECTED_SKUS,KZ_SKU_EVIDENCE_REQUIRED,https://en.toboom.com.cn/product/691.html,toboom-manufacturer-catalog.json
TOBOOM official,TOBOOM,CD-3 Series Vitrified Bond Diamond Grinder CD 3143,692,CD 3143,1,1,KZ_BRAND_AND_SELECTED_SKUS,KZ_SKU_EVIDENCE_REQUIRED,https://en.toboom.com.cn/product/692.html,toboom-manufacturer-catalog.json
TOBOOM official,TOBOOM,RF-2 Series Rubber Bond Polisher RF 2324,693,RF 2324 | 104 041 514 120,1,1,KZ_BRAND_AND_SELECTED_SKUS,KZ_SKU_EVIDENCE_REQUIRED,https://en.toboom.com.cn/product/693.html,toboom-manufacturer-catalog.json
TOBOOM official,TOBOOM,CD-0 Series Vitrified Bond Diamond Grinder CD 2314,694,CD 2314,1,1,KZ_BRAND_AND_SELECTED_SKUS,KZ_SKU_EVIDENCE_REQUIRED,https://en.toboom.com.cn/product/694.html,toboom-manufacturer-catalog.json
TOBOOM official,TOBOOM,RF-2 Series Rubber Bond Polisher RF 2322,695,RF 2322 | 104 041 534 120,1,1,KZ_BRAND_AND_SELECTED_SKUS,KZ_SKU_EVIDENCE_REQUIRED,https://en.toboom.com.cn/product/695.html,toboom-manufacturer-catalog.json
TOBOOM official,TOBOOM,CD-3 Series Vitrified Bond Diamond Grinder CD 3064,696,CD 3064 | 204 273 514 030,1,1,KZ_BRAND_AND_SELECTED_SKUS,KZ_SKU_EVIDENCE_REQUIRED,https://en.toboom.com.cn/product/696.html,toboom-manufacturer-catalog.json
TOBOOM official,TOBOOM,CD-3 Series Vitrified Bond Diamond Grinder CD 3063,697,CD 3063 | 204 273 524 030,1,1,KZ_BRAND_AND_SELECTED_SKUS,KZ_SKU_EVIDENCE_REQUIRED,https://en.toboom.com.cn/product/697.html,toboom-manufacturer-catalog.json
TOBOOM official,TOBOOM,CD-0 Series Vitrified Bond Diamond Grinder CD 2323,698,CD 2323 | 104 042 524 120,1,1,KZ_BRAND_AND_SELECTED_SKUS,KZ_SKU_EVIDENCE_REQUIRED,https://en.toboom.com.cn/product/698.html,toboom-manufacturer-catalog.json
TOBOOM official,TOBOOM,RF-2 Series Rubber Bond Polisher RF 2336,699,RF 2336 | 104 042 494 120,1,1,KZ_BRAND_AND_SELECTED_SKUS,KZ_SKU_EVIDENCE_REQUIRED,https://en.toboom.com.cn/product/699.html,toboom-manufacturer-catalog.json
TOBOOM official,TOBOOM,CD-0 Series Vitrified Bond Diamond Grinder CD 2513,700,CD 2513 | 104 001 524 030,1,1,KZ_BRAND_AND_SELECTED_SKUS,KZ_SKU_EVIDENCE_REQUIRED,https://en.toboom.com.cn/product/700.html,toboom-manufacturer-catalog.json
TOBOOM official,TOBOOM,CD-3 Series Vitrified Bond Diamond Grinder CD 3013,701,CD 3013 | 204 110 524 030,1,1,KZ_BRAND_AND_SELECTED_SKUS,KZ_SKU_EVIDENCE_REQUIRED,https://en.toboom.com.cn/product/701.html,toboom-manufacturer-catalog.json
TOBOOM official,TOBOOM,RF-2 Series Rubber Bond Polisher RF 2335,702,RF 2335 | 104 042 504 120,1,1,KZ_BRAND_AND_SELECTED_SKUS,KZ_SKU_EVIDENCE_REQUIRED,https://en.toboom.com.cn/product/702.html,toboom-manufacturer-catalog.json
TOBOOM official,TOBOOM,RF-2 Series Rubber Bond Polisher RF 2334,703,RF 2334 | 104 042 514 120,1,1,KZ_BRAND_AND_SELECTED_SKUS,KZ_SKU_EVIDENCE_REQUIRED,https://en.toboom.com.cn/product/703.html,toboom-manufacturer-catalog.json
TOBOOM official,TOBOOM,RF-2 Series Rubber Bond Polisher RF 2332,704,RF 2332 | 104 042 534 120,1,1,KZ_BRAND_AND_SELECTED_SKUS,KZ_SKU_EVIDENCE_REQUIRED,https://en.toboom.com.cn/product/704.html,toboom-manufacturer-catalog.json
TOBOOM official,TOBOOM,RF-2 Series Rubber Bond Polisher RF 2346,705,RF 2346 | 104 041 494 150,1,1,KZ_BRAND_AND_SELECTED_SKUS,KZ_SKU_EVIDENCE_REQUIRED,https://en.toboom.com.cn/product/705.html,toboom-manufacturer-catalog.json
TOBOOM official,TOBOOM,EF 002,706,EF 002,1,1,KZ_BRAND_AND_SELECTED_SKUS,KZ_SKU_EVIDENCE_REQUIRED,https://en.toboom.com.cn/product/706.html,toboom-manufacturer-catalog.json
TOBOOM official,TOBOOM,RF-2 Series Rubber Bond Polisher RF 2345,707,RF 2345 | 104 041 504 150,1,1,KZ_BRAND_AND_SELECTED_SKUS,KZ_SKU_EVIDENCE_REQUIRED,https://en.toboom.com.cn/product/707.html,toboom-manufacturer-catalog.json
TOBOOM official,TOBOOM,RF-2 Series Rubber Bond Polisher RF 2344,708,RF 2344 | 104 041 514 150,1,1,KZ_BRAND_AND_SELECTED_SKUS,KZ_SKU_EVIDENCE_REQUIRED,https://en.toboom.com.cn/product/708.html,toboom-manufacturer-catalog.json
TOBOOM official,TOBOOM,RF-2 Series Rubber Bond Polisher RF 2342,709,RF 2342 | 104 041 534 150,1,1,KZ_BRAND_AND_SELECTED_SKUS,KZ_SKU_EVIDENCE_REQUIRED,https://en.toboom.com.cn/product/709.html,toboom-manufacturer-catalog.json
TOBOOM official,TOBOOM,EH 001,710,EH 001,1,1,KZ_BRAND_AND_SELECTED_SKUS,KZ_SKU_EVIDENCE_REQUIRED,https://en.toboom.com.cn/product/710.html,toboom-manufacturer-catalog.json
TOBOOM official,TOBOOM,RF-2 Series Rubber Bond Polisher RF 2356,711,RF 2356 | 104 371 494 180,1,1,KZ_BRAND_AND_SELECTED_SKUS,KZ_SKU_EVIDENCE_REQUIRED,https://en.toboom.com.cn/product/711.html,toboom-manufacturer-catalog.json
TOBOOM official,TOBOOM,RF-2 Series Rubber Bond Polisher RF 2355,712,RF 2355 | 104 371 504 180,1,1,KZ_BRAND_AND_SELECTED_SKUS,KZ_SKU_EVIDENCE_REQUIRED,https://en.toboom.com.cn/product/712.html,toboom-manufacturer-catalog.json
TOBOOM official,TOBOOM,Diamond Dresser,713,,1,1,KZ_BRAND_AND_SELECTED_SKUS,MANUFACTURER_REFERENCE_REQUIRED,https://en.toboom.com.cn/product/713.html,toboom-manufacturer-catalog.json
TOBOOM official,TOBOOM,RF-2 Series Rubber Bond Polisher RF 2354,714,RF 2354 | 104 371 514 180,1,1,KZ_BRAND_AND_SELECTED_SKUS,KZ_SKU_EVIDENCE_REQUIRED,https://en.toboom.com.cn/product/714.html,toboom-manufacturer-catalog.json
TOBOOM official,TOBOOM,RF-2 Series Rubber Bond Polisher RF 2352,715,RF 2352 | 104 371 534 180,1,1,KZ_BRAND_AND_SELECTED_SKUS,KZ_SKU_EVIDENCE_REQUIRED,https://en.toboom.com.cn/product/715.html,toboom-manufacturer-catalog.json
TOBOOM official,TOBOOM,RF-2 Series Rubber Bond Polisher RF 2366,716,RF 2366 | 104 371 494 230,1,1,KZ_BRAND_AND_SELECTED_SKUS,KZ_SKU_EVIDENCE_REQUIRED,https://en.toboom.com.cn/product/716.html,toboom-manufacturer-catalog.json
TOBOOM official,TOBOOM,RF-2 Series Rubber Bond Polisher RF 2365,717,RF 2365 | 104 371 504 230,1,1,KZ_BRAND_AND_SELECTED_SKUS,KZ_SKU_EVIDENCE_REQUIRED,https://en.toboom.com.cn/product/717.html,toboom-manufacturer-catalog.json
TOBOOM official,TOBOOM,RF-2 Series Rubber Bond Polisher RF 2364,718,RF 2364 | 104 371 514 230,1,1,KZ_BRAND_AND_SELECTED_SKUS,KZ_SKU_EVIDENCE_REQUIRED,https://en.toboom.com.cn/product/718.html,toboom-manufacturer-catalog.json
TOBOOM official,TOBOOM,RF-2 Series Rubber Bond Polisher RF 2362,719,RF 2362 | 104 371 534 230,1,1,KZ_BRAND_AND_SELECTED_SKUS,KZ_SKU_EVIDENCE_REQUIRED,https://en.toboom.com.cn/product/719.html,toboom-manufacturer-catalog.json
TOBOOM official,TOBOOM,RF-2 Series Rubber Bond Polisher RF 2416,720,RF 2416 | 104 304 494 120,1,1,KZ_BRAND_AND_SELECTED_SKUS,KZ_SKU_EVIDENCE_REQUIRED,https://en.toboom.com.cn/product/720.html,toboom-manufacturer-catalog.json
TOBOOM official,TOBOOM,RF-2 Series Rubber Bond Polisher RF 2415,721,RF 2415 | 104 304 504 120,1,1,KZ_BRAND_AND_SELECTED_SKUS,KZ_SKU_EVIDENCE_REQUIRED,https://en.toboom.com.cn/product/721.html,toboom-manufacturer-catalog.json
TOBOOM official,TOBOOM,RF-2 Series Rubber Bond Polisher RF 2414,722,RF 2414 | 104 304 514 120,1,1,KZ_BRAND_AND_SELECTED_SKUS,KZ_SKU_EVIDENCE_REQUIRED,https://en.toboom.com.cn/product/722.html,toboom-manufacturer-catalog.json
TOBOOM official,TOBOOM,RF-2 Series Rubber Bond Polisher RF 2412,723,RF 2412 | 104 304 534 120,1,1,KZ_BRAND_AND_SELECTED_SKUS,KZ_SKU_EVIDENCE_REQUIRED,https://en.toboom.com.cn/product/723.html,toboom-manufacturer-catalog.json
TOBOOM official,TOBOOM,RF-2 Series Rubber Bond Polisher RF 2426,724,RF 2426 | 104 303 494 150,1,1,KZ_BRAND_AND_SELECTED_SKUS,KZ_SKU_EVIDENCE_REQUIRED,https://en.toboom.com.cn/product/724.html,toboom-manufacturer-catalog.json
TOBOOM official,TOBOOM,RF-2 Series Rubber Bond Polisher RF 2425,725,RF 2425 | 104 303 504 150,1,1,KZ_BRAND_AND_SELECTED_SKUS,KZ_SKU_EVIDENCE_REQUIRED,https://en.toboom.com.cn/product/725.html,toboom-manufacturer-catalog.json
TOBOOM official,TOBOOM,RF-2 Series Rubber Bond Polisher RF 2424,726,104 303 514 150 | RF 2424,1,1,KZ_BRAND_AND_SELECTED_SKUS,KZ_SKU_EVIDENCE_REQUIRED,https://en.toboom.com.cn/product/726.html,toboom-manufacturer-catalog.json
TOBOOM official,TOBOOM,RF-2 Series Rubber Bond Polisher RF 2422,727,104 303 534 150 | RF 2422,1,1,KZ_BRAND_AND_SELECTED_SKUS,KZ_SKU_EVIDENCE_REQUIRED,https://en.toboom.com.cn/product/727.html,toboom-manufacturer-catalog.json
TOBOOM official,TOBOOM,RF-0 Series Rubber Bond Polisher RF 0011,728,RF 0011 | 900 114 544 060,1,1,KZ_BRAND_AND_SELECTED_SKUS,KZ_SKU_EVIDENCE_REQUIRED,https://en.toboom.com.cn/product/728.html,toboom-manufacturer-catalog.json
TOBOOM official,TOBOOM,SG-0 Series Silicone Bond Polisher SG 0113,729,SG 0113 | 900 303 524 160,1,1,KZ_BRAND_AND_SELECTED_SKUS,KZ_SKU_EVIDENCE_REQUIRED,https://en.toboom.com.cn/product/729.html,toboom-manufacturer-catalog.json
TOBOOM official,TOBOOM,SG-0 Series Silicone Bond Polisher SG 0112,730,SG 0112 | 900 303 534 160,1,1,KZ_BRAND_AND_SELECTED_SKUS,KZ_SKU_EVIDENCE_REQUIRED,https://en.toboom.com.cn/product/730.html,toboom-manufacturer-catalog.json
TOBOOM official,TOBOOM,SG-0 Series Silicone Bond Polisher SG 0095,731,SG 0095 | 900 372 504 220,1,1,KZ_BRAND_AND_SELECTED_SKUS,KZ_SKU_EVIDENCE_REQUIRED,https://en.toboom.com.cn/product/731.html,toboom-manufacturer-catalog.json
TOBOOM official,TOBOOM,SG-0 Series Silicone Bond Polisher SG 0094,732,SG 0094 | 900 372 514 220,1,1,KZ_BRAND_AND_SELECTED_SKUS,KZ_SKU_EVIDENCE_REQUIRED,https://en.toboom.com.cn/product/732.html,toboom-manufacturer-catalog.json
TOBOOM official,TOBOOM,SG-0 Series Silicone Bond Polisher SG 0093,733,SG 0093 | 900 372 524 220,1,1,KZ_BRAND_AND_SELECTED_SKUS,KZ_SKU_EVIDENCE_REQUIRED,https://en.toboom.com.cn/product/733.html,toboom-manufacturer-catalog.json
TOBOOM official,TOBOOM,SG-0 Series Silicone Bond Polisher SG 0092,734,SG 0092 | 900 372 534 220,1,1,KZ_BRAND_AND_SELECTED_SKUS,KZ_SKU_EVIDENCE_REQUIRED,https://en.toboom.com.cn/product/734.html,toboom-manufacturer-catalog.json
TOBOOM official,TOBOOM,SG-0 Series Silicone Bond Polisher SG 0085,735,SG 0085 | 900 371 504 220,1,1,KZ_BRAND_AND_SELECTED_SKUS,KZ_SKU_EVIDENCE_REQUIRED,https://en.toboom.com.cn/product/735.html,toboom-manufacturer-catalog.json
TOBOOM official,TOBOOM,SG-0 Series Silicone Bond Polisher SG 0084,736,SG 0084 | 900 371 514 220,1,1,KZ_BRAND_AND_SELECTED_SKUS,KZ_SKU_EVIDENCE_REQUIRED,https://en.toboom.com.cn/product/736.html,toboom-manufacturer-catalog.json
TOBOOM official,TOBOOM,SG-0 Series Silicone Bond Polisher SG 0083,737,SG 0083 | 900 371 524 220,1,1,KZ_BRAND_AND_SELECTED_SKUS,KZ_SKU_EVIDENCE_REQUIRED,https://en.toboom.com.cn/product/737.html,toboom-manufacturer-catalog.json
TOBOOM official,TOBOOM,SG-0 Series Silicone Bond Polisher SG 0082,738,SG 0082 | 900 371 534 220,1,1,KZ_BRAND_AND_SELECTED_SKUS,KZ_SKU_EVIDENCE_REQUIRED,https://en.toboom.com.cn/product/738.html,toboom-manufacturer-catalog.json
TOBOOM official,TOBOOM,SG-0 Series Silicone Bond Polisher SG 0075,739,SG 0075 | 900 372 504 160,1,1,KZ_BRAND_AND_SELECTED_SKUS,KZ_SKU_EVIDENCE_REQUIRED,https://en.toboom.com.cn/product/739.html,toboom-manufacturer-catalog.json
TOBOOM official,TOBOOM,SG-0 Series Silicone Bond Polisher SG 0074,740,SG 0074 | 900 372 514 160,1,1,KZ_BRAND_AND_SELECTED_SKUS,KZ_SKU_EVIDENCE_REQUIRED,https://en.toboom.com.cn/product/740.html,toboom-manufacturer-catalog.json
TOBOOM official,TOBOOM,SG-0 Series Silicone Bond Polisher SG 0073,741,SG 0073 | 900 372 524 160,1,1,KZ_BRAND_AND_SELECTED_SKUS,KZ_SKU_EVIDENCE_REQUIRED,https://en.toboom.com.cn/product/741.html,toboom-manufacturer-catalog.json
TOBOOM official,TOBOOM,SG-0 Series Silicone Bond Polisher SG 0072,742,SG 0072 | 900 372 534 160,1,1,KZ_BRAND_AND_SELECTED_SKUS,KZ_SKU_EVIDENCE_REQUIRED,https://en.toboom.com.cn/product/742.html,toboom-manufacturer-catalog.json
TOBOOM official,TOBOOM,SG-0 Series Silicone Bond Polisher SG 0065,743,SG 0065 | 900 371 504 160,1,1,KZ_BRAND_AND_SELECTED_SKUS,KZ_SKU_EVIDENCE_REQUIRED,https://en.toboom.com.cn/product/743.html,toboom-manufacturer-catalog.json
TOBOOM official,TOBOOM,SG-0 Series Silicone Bond Polisher SG 0064,744,SG 0064 | 900 371 514 160,1,1,KZ_BRAND_AND_SELECTED_SKUS,KZ_SKU_EVIDENCE_REQUIRED,https://en.toboom.com.cn/product/744.html,toboom-manufacturer-catalog.json
TOBOOM official,TOBOOM,SG-0 Series Silicone Binder Polisher SG 0063,745,SG 0063 | 900 371 524 160,1,1,KZ_BRAND_AND_SELECTED_SKUS,KZ_SKU_EVIDENCE_REQUIRED,https://en.toboom.com.cn/product/745.html,toboom-manufacturer-catalog.json
TOBOOM official,TOBOOM,SG-0 Series Silicone Binder Polisher SG 0062,746,SG 0062,1,1,KZ_BRAND_AND_SELECTED_SKUS,KZ_SKU_EVIDENCE_REQUIRED,https://en.toboom.com.cn/product/746.html,toboom-manufacturer-catalog.json
TOBOOM official,TOBOOM,SG-0 Series Silicone Binder Polisher SG 0025,747,SG 0025,1,1,KZ_BRAND_AND_SELECTED_SKUS,KZ_SKU_EVIDENCE_REQUIRED,https://en.toboom.com.cn/product/747.html,toboom-manufacturer-catalog.json
TOBOOM official,TOBOOM,SG-0 Series Silicone Bond Polisher SG 0024,748,SG 0024 | 900 114 514 070,1,1,KZ_BRAND_AND_SELECTED_SKUS,KZ_SKU_EVIDENCE_REQUIRED,https://en.toboom.com.cn/product/748.html,toboom-manufacturer-catalog.json
TOBOOM official,TOBOOM,SG-0 Series Silicone Bond Polisher SG 0023,749,SG 0023 | 900 114 524 070,1,1,KZ_BRAND_AND_SELECTED_SKUS,KZ_SKU_EVIDENCE_REQUIRED,https://en.toboom.com.cn/product/749.html,toboom-manufacturer-catalog.json
TOBOOM official,TOBOOM,SG-0 Series Silicone Bond Polisher SG 0022,750,SG 0022 | 900 114 534 070,1,1,KZ_BRAND_AND_SELECTED_SKUS,KZ_SKU_EVIDENCE_REQUIRED,https://en.toboom.com.cn/product/750.html,toboom-manufacturer-catalog.json
TOBOOM official,TOBOOM,SG-0 Series Silicone Bond Polisher SG 0015,751,SG 0015 | 900 114 504 060,1,1,KZ_BRAND_AND_SELECTED_SKUS,KZ_SKU_EVIDENCE_REQUIRED,https://en.toboom.com.cn/product/751.html,toboom-manufacturer-catalog.json
TOBOOM official,TOBOOM,SG-0 Series Silicone Bond Polisher SG 0014,752,SG 0014 | 900 114 514 060,1,1,KZ_BRAND_AND_SELECTED_SKUS,KZ_SKU_EVIDENCE_REQUIRED,https://en.toboom.com.cn/product/752.html,toboom-manufacturer-catalog.json
TOBOOM official,TOBOOM,DD3816,753,DD3816,1,1,KZ_BRAND_AND_SELECTED_SKUS,KZ_SKU_EVIDENCE_REQUIRED,https://en.toboom.com.cn/product/753.html,toboom-manufacturer-catalog.json
TOBOOM official,TOBOOM,DD3395,754,DD3395,1,1,KZ_BRAND_AND_SELECTED_SKUS,KZ_SKU_EVIDENCE_REQUIRED,https://en.toboom.com.cn/product/754.html,toboom-manufacturer-catalog.json
TOBOOM official,TOBOOM,DD3385,755,DD3385,1,1,KZ_BRAND_AND_SELECTED_SKUS,KZ_SKU_EVIDENCE_REQUIRED,https://en.toboom.com.cn/product/755.html,toboom-manufacturer-catalog.json
TOBOOM official,TOBOOM,DD3375,756,DD3375,1,1,KZ_BRAND_AND_SELECTED_SKUS,KZ_SKU_EVIDENCE_REQUIRED,https://en.toboom.com.cn/product/756.html,toboom-manufacturer-catalog.json
TOBOOM official,TOBOOM,DD3365,757,DD3365,1,1,KZ_BRAND_AND_SELECTED_SKUS,KZ_SKU_EVIDENCE_REQUIRED,https://en.toboom.com.cn/product/757.html,toboom-manufacturer-catalog.json
TOBOOM official,TOBOOM,DD3355,758,DD3355,1,1,KZ_BRAND_AND_SELECTED_SKUS,KZ_SKU_EVIDENCE_REQUIRED,https://en.toboom.com.cn/product/758.html,toboom-manufacturer-catalog.json
TOBOOM official,TOBOOM,DD3345,759,DD3345,1,1,KZ_BRAND_AND_SELECTED_SKUS,KZ_SKU_EVIDENCE_REQUIRED,https://en.toboom.com.cn/product/759.html,toboom-manufacturer-catalog.json
TOBOOM official,TOBOOM,DD3325,760,DD3325,1,1,KZ_BRAND_AND_SELECTED_SKUS,KZ_SKU_EVIDENCE_REQUIRED,https://en.toboom.com.cn/product/760.html,toboom-manufacturer-catalog.json
TOBOOM official,TOBOOM,DD3315,761,DD3315,1,1,KZ_BRAND_AND_SELECTED_SKUS,KZ_SKU_EVIDENCE_REQUIRED,https://en.toboom.com.cn/product/761.html,toboom-manufacturer-catalog.json
TOBOOM official,TOBOOM,DD3305,762,DD3305,1,1,KZ_BRAND_AND_SELECTED_SKUS,KZ_SKU_EVIDENCE_REQUIRED,https://en.toboom.com.cn/product/762.html,toboom-manufacturer-catalog.json
TOBOOM official,TOBOOM,DD3285,763,DD3285,1,1,KZ_BRAND_AND_SELECTED_SKUS,KZ_SKU_EVIDENCE_REQUIRED,https://en.toboom.com.cn/product/763.html,toboom-manufacturer-catalog.json
TOBOOM official,TOBOOM,DD3275,764,DD3275,1,1,KZ_BRAND_AND_SELECTED_SKUS,KZ_SKU_EVIDENCE_REQUIRED,https://en.toboom.com.cn/product/764.html,toboom-manufacturer-catalog.json
TOBOOM official,TOBOOM,DD3265,765,DD3265,1,1,KZ_BRAND_AND_SELECTED_SKUS,KZ_SKU_EVIDENCE_REQUIRED,https://en.toboom.com.cn/product/765.html,toboom-manufacturer-catalog.json
TOBOOM official,TOBOOM,DD3255,766,DD3255,1,1,KZ_BRAND_AND_SELECTED_SKUS,KZ_SKU_EVIDENCE_REQUIRED,https://en.toboom.com.cn/product/766.html,toboom-manufacturer-catalog.json
TOBOOM official,TOBOOM,DD3245,767,DD3245,1,1,KZ_BRAND_AND_SELECTED_SKUS,KZ_SKU_EVIDENCE_REQUIRED,https://en.toboom.com.cn/product/767.html,toboom-manufacturer-catalog.json
TOBOOM official,TOBOOM,DD3235,768,DD3235,1,1,KZ_BRAND_AND_SELECTED_SKUS,KZ_SKU_EVIDENCE_REQUIRED,https://en.toboom.com.cn/product/768.html,toboom-manufacturer-catalog.json
TOBOOM official,TOBOOM,DD3225,769,DD3225,1,1,KZ_BRAND_AND_SELECTED_SKUS,KZ_SKU_EVIDENCE_REQUIRED,https://en.toboom.com.cn/product/769.html,toboom-manufacturer-catalog.json
TOBOOM official,TOBOOM,DD3215,770,DD3215,1,1,KZ_BRAND_AND_SELECTED_SKUS,KZ_SKU_EVIDENCE_REQUIRED,https://en.toboom.com.cn/product/770.html,toboom-manufacturer-catalog.json
TOBOOM official,TOBOOM,DD3205,771,DD3205,1,1,KZ_BRAND_AND_SELECTED_SKUS,KZ_SKU_EVIDENCE_REQUIRED,https://en.toboom.com.cn/product/771.html,toboom-manufacturer-catalog.json
TOBOOM official,TOBOOM,DD3195,772,DD3195,1,1,KZ_BRAND_AND_SELECTED_SKUS,KZ_SKU_EVIDENCE_REQUIRED,https://en.toboom.com.cn/product/772.html,toboom-manufacturer-catalog.json
TOBOOM official,TOBOOM,DD3185,773,DD3185,1,1,KZ_BRAND_AND_SELECTED_SKUS,KZ_SKU_EVIDENCE_REQUIRED,https://en.toboom.com.cn/product/773.html,toboom-manufacturer-catalog.json
TOBOOM official,TOBOOM,DD3175,774,DD3175,1,1,KZ_BRAND_AND_SELECTED_SKUS,KZ_SKU_EVIDENCE_REQUIRED,https://en.toboom.com.cn/product/774.html,toboom-manufacturer-catalog.json
TOBOOM official,TOBOOM,DD3165,775,DD3165,1,1,KZ_BRAND_AND_SELECTED_SKUS,KZ_SKU_EVIDENCE_REQUIRED,https://en.toboom.com.cn/product/775.html,toboom-manufacturer-catalog.json
TOBOOM official,TOBOOM,DD3155,776,DD3155,1,1,KZ_BRAND_AND_SELECTED_SKUS,KZ_SKU_EVIDENCE_REQUIRED,https://en.toboom.com.cn/product/776.html,toboom-manufacturer-catalog.json
TOBOOM official,TOBOOM,DD3145,777,DD3145,1,1,KZ_BRAND_AND_SELECTED_SKUS,KZ_SKU_EVIDENCE_REQUIRED,https://en.toboom.com.cn/product/777.html,toboom-manufacturer-catalog.json
TOBOOM official,TOBOOM,DD3135,778,DD3135,1,1,KZ_BRAND_AND_SELECTED_SKUS,KZ_SKU_EVIDENCE_REQUIRED,https://en.toboom.com.cn/product/778.html,toboom-manufacturer-catalog.json
TOBOOM official,TOBOOM,DD3125,779,DD3125,1,1,KZ_BRAND_AND_SELECTED_SKUS,KZ_SKU_EVIDENCE_REQUIRED,https://en.toboom.com.cn/product/779.html,toboom-manufacturer-catalog.json
TOBOOM official,TOBOOM,DD3115,780,DD3115,1,1,KZ_BRAND_AND_SELECTED_SKUS,KZ_SKU_EVIDENCE_REQUIRED,https://en.toboom.com.cn/product/780.html,toboom-manufacturer-catalog.json
TOBOOM official,TOBOOM,DD3105,781,DD3105,1,1,KZ_BRAND_AND_SELECTED_SKUS,KZ_SKU_EVIDENCE_REQUIRED,https://en.toboom.com.cn/product/781.html,toboom-manufacturer-catalog.json
TOBOOM official,TOBOOM,DD3095,782,DD3095,1,1,KZ_BRAND_AND_SELECTED_SKUS,KZ_SKU_EVIDENCE_REQUIRED,https://en.toboom.com.cn/product/782.html,toboom-manufacturer-catalog.json
TOBOOM official,TOBOOM,DD3085,783,DD3085,1,1,KZ_BRAND_AND_SELECTED_SKUS,KZ_SKU_EVIDENCE_REQUIRED,https://en.toboom.com.cn/product/783.html,toboom-manufacturer-catalog.json
TOBOOM official,TOBOOM,DD3075,784,DD3075,1,1,KZ_BRAND_AND_SELECTED_SKUS,KZ_SKU_EVIDENCE_REQUIRED,https://en.toboom.com.cn/product/784.html,toboom-manufacturer-catalog.json
TOBOOM official,TOBOOM,DD3065,785,DD3065,1,1,KZ_BRAND_AND_SELECTED_SKUS,KZ_SKU_EVIDENCE_REQUIRED,https://en.toboom.com.cn/product/785.html,toboom-manufacturer-catalog.json
TOBOOM official,TOBOOM,DD3055,786,DD3055,1,1,KZ_BRAND_AND_SELECTED_SKUS,KZ_SKU_EVIDENCE_REQUIRED,https://en.toboom.com.cn/product/786.html,toboom-manufacturer-catalog.json
TOBOOM official,TOBOOM,DD3045,787,DD3045,1,1,KZ_BRAND_AND_SELECTED_SKUS,KZ_SKU_EVIDENCE_REQUIRED,https://en.toboom.com.cn/product/787.html,toboom-manufacturer-catalog.json
TOBOOM official,TOBOOM,DD3035,788,DD3035,1,1,KZ_BRAND_AND_SELECTED_SKUS,KZ_SKU_EVIDENCE_REQUIRED,https://en.toboom.com.cn/product/788.html,toboom-manufacturer-catalog.json
TOBOOM official,TOBOOM,DD3025,789,DD3025,1,1,KZ_BRAND_AND_SELECTED_SKUS,KZ_SKU_EVIDENCE_REQUIRED,https://en.toboom.com.cn/product/789.html,toboom-manufacturer-catalog.json
TOBOOM official,TOBOOM,DD3015,790,DD3015,1,1,KZ_BRAND_AND_SELECTED_SKUS,KZ_SKU_EVIDENCE_REQUIRED,https://en.toboom.com.cn/product/790.html,toboom-manufacturer-catalog.json
TOBOOM official,TOBOOM,DD3824,791,DD3824,1,1,KZ_BRAND_AND_SELECTED_SKUS,KZ_SKU_EVIDENCE_REQUIRED,https://en.toboom.com.cn/product/791.html,toboom-manufacturer-catalog.json
TOBOOM official,TOBOOM,DD3814,792,DD3814,1,1,KZ_BRAND_AND_SELECTED_SKUS,KZ_SKU_EVIDENCE_REQUIRED,https://en.toboom.com.cn/product/792.html,toboom-manufacturer-catalog.json
TOBOOM official,TOBOOM,DD3394,793,DD3394,1,1,KZ_BRAND_AND_SELECTED_SKUS,KZ_SKU_EVIDENCE_REQUIRED,https://en.toboom.com.cn/product/793.html,toboom-manufacturer-catalog.json
TOBOOM official,TOBOOM,DD3384,794,DD3384,1,1,KZ_BRAND_AND_SELECTED_SKUS,KZ_SKU_EVIDENCE_REQUIRED,https://en.toboom.com.cn/product/794.html,toboom-manufacturer-catalog.json
TOBOOM official,TOBOOM,DD3374,795,DD3374,1,1,KZ_BRAND_AND_SELECTED_SKUS,KZ_SKU_EVIDENCE_REQUIRED,https://en.toboom.com.cn/product/795.html,toboom-manufacturer-catalog.json
TOBOOM official,TOBOOM,DD3364,796,DD3364,1,1,KZ_BRAND_AND_SELECTED_SKUS,KZ_SKU_EVIDENCE_REQUIRED,https://en.toboom.com.cn/product/796.html,toboom-manufacturer-catalog.json
TOBOOM official,TOBOOM,DD3354,797,DD3354,1,1,KZ_BRAND_AND_SELECTED_SKUS,KZ_SKU_EVIDENCE_REQUIRED,https://en.toboom.com.cn/product/797.html,toboom-manufacturer-catalog.json
TOBOOM official,TOBOOM,DD3344,798,DD3344,1,1,KZ_BRAND_AND_SELECTED_SKUS,KZ_SKU_EVIDENCE_REQUIRED,https://en.toboom.com.cn/product/798.html,toboom-manufacturer-catalog.json
TOBOOM official,TOBOOM,DD3324,799,DD3324,1,1,KZ_BRAND_AND_SELECTED_SKUS,KZ_SKU_EVIDENCE_REQUIRED,https://en.toboom.com.cn/product/799.html,toboom-manufacturer-catalog.json
TOBOOM official,TOBOOM,DD3314,800,DD3314,1,1,KZ_BRAND_AND_SELECTED_SKUS,KZ_SKU_EVIDENCE_REQUIRED,https://en.toboom.com.cn/product/800.html,toboom-manufacturer-catalog.json
TOBOOM official,TOBOOM,DD3304,801,DD3304,1,1,KZ_BRAND_AND_SELECTED_SKUS,KZ_SKU_EVIDENCE_REQUIRED,https://en.toboom.com.cn/product/801.html,toboom-manufacturer-catalog.json
TOBOOM official,TOBOOM,DD3284,802,DD3284,1,1,KZ_BRAND_AND_SELECTED_SKUS,KZ_SKU_EVIDENCE_REQUIRED,https://en.toboom.com.cn/product/802.html,toboom-manufacturer-catalog.json
TOBOOM official,TOBOOM,DD3274,803,DD3274,1,1,KZ_BRAND_AND_SELECTED_SKUS,KZ_SKU_EVIDENCE_REQUIRED,https://en.toboom.com.cn/product/803.html,toboom-manufacturer-catalog.json
TOBOOM official,TOBOOM,DD3264,804,DD3264,1,1,KZ_BRAND_AND_SELECTED_SKUS,KZ_SKU_EVIDENCE_REQUIRED,https://en.toboom.com.cn/product/804.html,toboom-manufacturer-catalog.json
TOBOOM official,TOBOOM,DD3254,805,DD3254,1,1,KZ_BRAND_AND_SELECTED_SKUS,KZ_SKU_EVIDENCE_REQUIRED,https://en.toboom.com.cn/product/805.html,toboom-manufacturer-catalog.json
TOBOOM official,TOBOOM,DD3244,806,DD3244,1,1,KZ_BRAND_AND_SELECTED_SKUS,KZ_SKU_EVIDENCE_REQUIRED,https://en.toboom.com.cn/product/806.html,toboom-manufacturer-catalog.json
TOBOOM official,TOBOOM,DD3234,807,DD3234,1,1,KZ_BRAND_AND_SELECTED_SKUS,KZ_SKU_EVIDENCE_REQUIRED,https://en.toboom.com.cn/product/807.html,toboom-manufacturer-catalog.json
TOBOOM official,TOBOOM,DD3224,808,DD3224,1,1,KZ_BRAND_AND_SELECTED_SKUS,KZ_SKU_EVIDENCE_REQUIRED,https://en.toboom.com.cn/product/808.html,toboom-manufacturer-catalog.json
TOBOOM official,TOBOOM,DD3214,809,DD3214,1,1,KZ_BRAND_AND_SELECTED_SKUS,KZ_SKU_EVIDENCE_REQUIRED,https://en.toboom.com.cn/product/809.html,toboom-manufacturer-catalog.json
TOBOOM official,TOBOOM,DD3204,810,DD3204,1,1,KZ_BRAND_AND_SELECTED_SKUS,KZ_SKU_EVIDENCE_REQUIRED,https://en.toboom.com.cn/product/810.html,toboom-manufacturer-catalog.json
TOBOOM official,TOBOOM,DD3194,811,DD3194,1,1,KZ_BRAND_AND_SELECTED_SKUS,KZ_SKU_EVIDENCE_REQUIRED,https://en.toboom.com.cn/product/811.html,toboom-manufacturer-catalog.json
TOBOOM official,TOBOOM,DD3184,812,DD3184,1,1,KZ_BRAND_AND_SELECTED_SKUS,KZ_SKU_EVIDENCE_REQUIRED,https://en.toboom.com.cn/product/812.html,toboom-manufacturer-catalog.json
TOBOOM official,TOBOOM,DD3174,813,DD3174,1,1,KZ_BRAND_AND_SELECTED_SKUS,KZ_SKU_EVIDENCE_REQUIRED,https://en.toboom.com.cn/product/813.html,toboom-manufacturer-catalog.json
TOBOOM official,TOBOOM,DD3164,814,DD3164,1,1,KZ_BRAND_AND_SELECTED_SKUS,KZ_SKU_EVIDENCE_REQUIRED,https://en.toboom.com.cn/product/814.html,toboom-manufacturer-catalog.json
TOBOOM official,TOBOOM,DD3154,815,DD3154,1,1,KZ_BRAND_AND_SELECTED_SKUS,KZ_SKU_EVIDENCE_REQUIRED,https://en.toboom.com.cn/product/815.html,toboom-manufacturer-catalog.json
TOBOOM official,TOBOOM,DD3144,816,DD3144,1,1,KZ_BRAND_AND_SELECTED_SKUS,KZ_SKU_EVIDENCE_REQUIRED,https://en.toboom.com.cn/product/816.html,toboom-manufacturer-catalog.json
TOBOOM official,TOBOOM,DD3134,817,DD3134,1,1,KZ_BRAND_AND_SELECTED_SKUS,KZ_SKU_EVIDENCE_REQUIRED,https://en.toboom.com.cn/product/817.html,toboom-manufacturer-catalog.json
TOBOOM official,TOBOOM,DD3124,818,DD3124,1,1,KZ_BRAND_AND_SELECTED_SKUS,KZ_SKU_EVIDENCE_REQUIRED,https://en.toboom.com.cn/product/818.html,toboom-manufacturer-catalog.json
TOBOOM official,TOBOOM,DD3114,819,DD3114,1,1,KZ_BRAND_AND_SELECTED_SKUS,KZ_SKU_EVIDENCE_REQUIRED,https://en.toboom.com.cn/product/819.html,toboom-manufacturer-catalog.json
TOBOOM official,TOBOOM,DD3104,820,DD3104,1,1,KZ_BRAND_AND_SELECTED_SKUS,KZ_SKU_EVIDENCE_REQUIRED,https://en.toboom.com.cn/product/820.html,toboom-manufacturer-catalog.json
TOBOOM official,TOBOOM,DD3094,821,DD3094,1,1,KZ_BRAND_AND_SELECTED_SKUS,KZ_SKU_EVIDENCE_REQUIRED,https://en.toboom.com.cn/product/821.html,toboom-manufacturer-catalog.json
TOBOOM official,TOBOOM,DD3084,822,DD3084,1,1,KZ_BRAND_AND_SELECTED_SKUS,KZ_SKU_EVIDENCE_REQUIRED,https://en.toboom.com.cn/product/822.html,toboom-manufacturer-catalog.json
TOBOOM official,TOBOOM,DD3074,823,DD3074,1,1,KZ_BRAND_AND_SELECTED_SKUS,KZ_SKU_EVIDENCE_REQUIRED,https://en.toboom.com.cn/product/823.html,toboom-manufacturer-catalog.json
TOBOOM official,TOBOOM,DD3064,824,DD3064,1,1,KZ_BRAND_AND_SELECTED_SKUS,KZ_SKU_EVIDENCE_REQUIRED,https://en.toboom.com.cn/product/824.html,toboom-manufacturer-catalog.json
TOBOOM official,TOBOOM,DD3054,825,DD3054,1,1,KZ_BRAND_AND_SELECTED_SKUS,KZ_SKU_EVIDENCE_REQUIRED,https://en.toboom.com.cn/product/825.html,toboom-manufacturer-catalog.json
TOBOOM official,TOBOOM,DD3044,826,DD3044,1,1,KZ_BRAND_AND_SELECTED_SKUS,KZ_SKU_EVIDENCE_REQUIRED,https://en.toboom.com.cn/product/826.html,toboom-manufacturer-catalog.json
TOBOOM official,TOBOOM,DD3034,827,DD3034,1,1,KZ_BRAND_AND_SELECTED_SKUS,KZ_SKU_EVIDENCE_REQUIRED,https://en.toboom.com.cn/product/827.html,toboom-manufacturer-catalog.json
TOBOOM official,TOBOOM,DD3024,828,DD3024,1,1,KZ_BRAND_AND_SELECTED_SKUS,KZ_SKU_EVIDENCE_REQUIRED,https://en.toboom.com.cn/product/828.html,toboom-manufacturer-catalog.json
TOBOOM official,TOBOOM,DD3014,829,DD3014,1,1,KZ_BRAND_AND_SELECTED_SKUS,KZ_SKU_EVIDENCE_REQUIRED,https://en.toboom.com.cn/product/829.html,toboom-manufacturer-catalog.json
TOBOOM official,TOBOOM,DD3042,830,DD3042,1,1,KZ_BRAND_AND_SELECTED_SKUS,KZ_SKU_EVIDENCE_REQUIRED,https://en.toboom.com.cn/product/830.html,toboom-manufacturer-catalog.json
TOBOOM official,TOBOOM,DD3022,831,DD3022,1,1,KZ_BRAND_AND_SELECTED_SKUS,KZ_SKU_EVIDENCE_REQUIRED,https://en.toboom.com.cn/product/831.html,toboom-manufacturer-catalog.json
TOBOOM official,TOBOOM,DD3393,832,DD3393,1,1,KZ_BRAND_AND_SELECTED_SKUS,KZ_SKU_EVIDENCE_REQUIRED,https://en.toboom.com.cn/product/832.html,toboom-manufacturer-catalog.json
TOBOOM official,TOBOOM,DD3383,833,DD3383,1,1,KZ_BRAND_AND_SELECTED_SKUS,KZ_SKU_EVIDENCE_REQUIRED,https://en.toboom.com.cn/product/833.html,toboom-manufacturer-catalog.json
TOBOOM official,TOBOOM,DD3373,834,DD3373,1,1,KZ_BRAND_AND_SELECTED_SKUS,KZ_SKU_EVIDENCE_REQUIRED,https://en.toboom.com.cn/product/834.html,toboom-manufacturer-catalog.json
TOBOOM official,TOBOOM,DD3363,835,DD3363,1,1,KZ_BRAND_AND_SELECTED_SKUS,KZ_SKU_EVIDENCE_REQUIRED,https://en.toboom.com.cn/product/835.html,toboom-manufacturer-catalog.json
TOBOOM official,TOBOOM,DD3353,836,DD3353,1,1,KZ_BRAND_AND_SELECTED_SKUS,KZ_SKU_EVIDENCE_REQUIRED,https://en.toboom.com.cn/product/836.html,toboom-manufacturer-catalog.json
TOBOOM official,TOBOOM,DD3343,837,DD3343,1,1,KZ_BRAND_AND_SELECTED_SKUS,KZ_SKU_EVIDENCE_REQUIRED,https://en.toboom.com.cn/product/837.html,toboom-manufacturer-catalog.json
TOBOOM official,TOBOOM,DD3323,838,DD3323,1,1,KZ_BRAND_AND_SELECTED_SKUS,KZ_SKU_EVIDENCE_REQUIRED,https://en.toboom.com.cn/product/838.html,toboom-manufacturer-catalog.json
TOBOOM official,TOBOOM,DD3313,839,DD3313,1,1,KZ_BRAND_AND_SELECTED_SKUS,KZ_SKU_EVIDENCE_REQUIRED,https://en.toboom.com.cn/product/839.html,toboom-manufacturer-catalog.json
TOBOOM official,TOBOOM,DD3303,840,DD3303,1,1,KZ_BRAND_AND_SELECTED_SKUS,KZ_SKU_EVIDENCE_REQUIRED,https://en.toboom.com.cn/product/840.html,toboom-manufacturer-catalog.json
TOBOOM official,TOBOOM,DD3283,841,DD3283,1,1,KZ_BRAND_AND_SELECTED_SKUS,KZ_SKU_EVIDENCE_REQUIRED,https://en.toboom.com.cn/product/841.html,toboom-manufacturer-catalog.json
TOBOOM official,TOBOOM,DD3273,842,DD3273,1,1,KZ_BRAND_AND_SELECTED_SKUS,KZ_SKU_EVIDENCE_REQUIRED,https://en.toboom.com.cn/product/842.html,toboom-manufacturer-catalog.json
TOBOOM official,TOBOOM,DD3263,843,DD3263,1,1,KZ_BRAND_AND_SELECTED_SKUS,KZ_SKU_EVIDENCE_REQUIRED,https://en.toboom.com.cn/product/843.html,toboom-manufacturer-catalog.json
TOBOOM official,TOBOOM,DD3253,844,DD3253,1,1,KZ_BRAND_AND_SELECTED_SKUS,KZ_SKU_EVIDENCE_REQUIRED,https://en.toboom.com.cn/product/844.html,toboom-manufacturer-catalog.json
TOBOOM official,TOBOOM,DD3243,845,DD3243,1,1,KZ_BRAND_AND_SELECTED_SKUS,KZ_SKU_EVIDENCE_REQUIRED,https://en.toboom.com.cn/product/845.html,toboom-manufacturer-catalog.json
TOBOOM official,TOBOOM,DD3233,846,DD3233,1,1,KZ_BRAND_AND_SELECTED_SKUS,KZ_SKU_EVIDENCE_REQUIRED,https://en.toboom.com.cn/product/846.html,toboom-manufacturer-catalog.json
TOBOOM official,TOBOOM,DD3223,847,DD3223,1,1,KZ_BRAND_AND_SELECTED_SKUS,KZ_SKU_EVIDENCE_REQUIRED,https://en.toboom.com.cn/product/847.html,toboom-manufacturer-catalog.json
TOBOOM official,TOBOOM,DD3213,848,DD3213,1,1,KZ_BRAND_AND_SELECTED_SKUS,KZ_SKU_EVIDENCE_REQUIRED,https://en.toboom.com.cn/product/848.html,toboom-manufacturer-catalog.json
TOBOOM official,TOBOOM,DD3203,849,DD3203,1,1,KZ_BRAND_AND_SELECTED_SKUS,KZ_SKU_EVIDENCE_REQUIRED,https://en.toboom.com.cn/product/849.html,toboom-manufacturer-catalog.json
TOBOOM official,TOBOOM,DD3193,850,DD3193,1,1,KZ_BRAND_AND_SELECTED_SKUS,KZ_SKU_EVIDENCE_REQUIRED,https://en.toboom.com.cn/product/850.html,toboom-manufacturer-catalog.json
TOBOOM official,TOBOOM,DD3183,851,DD3183,1,1,KZ_BRAND_AND_SELECTED_SKUS,KZ_SKU_EVIDENCE_REQUIRED,https://en.toboom.com.cn/product/851.html,toboom-manufacturer-catalog.json
TOBOOM official,TOBOOM,DD3173,852,DD3173,1,1,KZ_BRAND_AND_SELECTED_SKUS,KZ_SKU_EVIDENCE_REQUIRED,https://en.toboom.com.cn/product/852.html,toboom-manufacturer-catalog.json
TOBOOM official,TOBOOM,DD3163,853,DD3163,1,1,KZ_BRAND_AND_SELECTED_SKUS,KZ_SKU_EVIDENCE_REQUIRED,https://en.toboom.com.cn/product/853.html,toboom-manufacturer-catalog.json
TOBOOM official,TOBOOM,DD3153,854,DD3153,1,1,KZ_BRAND_AND_SELECTED_SKUS,KZ_SKU_EVIDENCE_REQUIRED,https://en.toboom.com.cn/product/854.html,toboom-manufacturer-catalog.json
TOBOOM official,TOBOOM,DD3143,855,DD3143,1,1,KZ_BRAND_AND_SELECTED_SKUS,KZ_SKU_EVIDENCE_REQUIRED,https://en.toboom.com.cn/product/855.html,toboom-manufacturer-catalog.json
TOBOOM official,TOBOOM,DD3133,856,DD3133,1,1,KZ_BRAND_AND_SELECTED_SKUS,KZ_SKU_EVIDENCE_REQUIRED,https://en.toboom.com.cn/product/856.html,toboom-manufacturer-catalog.json
TOBOOM official,TOBOOM,DD3123,857,DD3123,1,1,KZ_BRAND_AND_SELECTED_SKUS,KZ_SKU_EVIDENCE_REQUIRED,https://en.toboom.com.cn/product/857.html,toboom-manufacturer-catalog.json
TOBOOM official,TOBOOM,DD3113,858,DD3113,1,1,KZ_BRAND_AND_SELECTED_SKUS,KZ_SKU_EVIDENCE_REQUIRED,https://en.toboom.com.cn/product/858.html,toboom-manufacturer-catalog.json
TOBOOM official,TOBOOM,DD3103,859,DD3103,1,1,KZ_BRAND_AND_SELECTED_SKUS,KZ_SKU_EVIDENCE_REQUIRED,https://en.toboom.com.cn/product/859.html,toboom-manufacturer-catalog.json
TOBOOM official,TOBOOM,DD3093,860,DD3093,1,1,KZ_BRAND_AND_SELECTED_SKUS,KZ_SKU_EVIDENCE_REQUIRED,https://en.toboom.com.cn/product/860.html,toboom-manufacturer-catalog.json
TOBOOM official,TOBOOM,DD3083,861,DD3083,1,1,KZ_BRAND_AND_SELECTED_SKUS,KZ_SKU_EVIDENCE_REQUIRED,https://en.toboom.com.cn/product/861.html,toboom-manufacturer-catalog.json
TOBOOM official,TOBOOM,DD3073,862,DD3073,1,1,KZ_BRAND_AND_SELECTED_SKUS,KZ_SKU_EVIDENCE_REQUIRED,https://en.toboom.com.cn/product/862.html,toboom-manufacturer-catalog.json
TOBOOM official,TOBOOM,DD3063,863,DD3063,1,1,KZ_BRAND_AND_SELECTED_SKUS,KZ_SKU_EVIDENCE_REQUIRED,https://en.toboom.com.cn/product/863.html,toboom-manufacturer-catalog.json
TOBOOM official,TOBOOM,DD3053,864,DD3053,1,1,KZ_BRAND_AND_SELECTED_SKUS,KZ_SKU_EVIDENCE_REQUIRED,https://en.toboom.com.cn/product/864.html,toboom-manufacturer-catalog.json
TOBOOM official,TOBOOM,DD3043,865,DD3043,1,1,KZ_BRAND_AND_SELECTED_SKUS,KZ_SKU_EVIDENCE_REQUIRED,https://en.toboom.com.cn/product/865.html,toboom-manufacturer-catalog.json
TOBOOM official,TOBOOM,DD3033,866,DD3033,1,1,KZ_BRAND_AND_SELECTED_SKUS,KZ_SKU_EVIDENCE_REQUIRED,https://en.toboom.com.cn/product/866.html,toboom-manufacturer-catalog.json
TOBOOM official,TOBOOM,DD3023,867,DD3023,1,1,KZ_BRAND_AND_SELECTED_SKUS,KZ_SKU_EVIDENCE_REQUIRED,https://en.toboom.com.cn/product/867.html,toboom-manufacturer-catalog.json
TOBOOM official,TOBOOM,DD3013,868,DD3013,1,1,KZ_BRAND_AND_SELECTED_SKUS,KZ_SKU_EVIDENCE_REQUIRED,https://en.toboom.com.cn/product/868.html,toboom-manufacturer-catalog.json
TOBOOM official,TOBOOM,TWR-13SC,869,TWR-13SC,1,1,KZ_BRAND_AND_SELECTED_SKUS,KZ_SKU_EVIDENCE_REQUIRED,https://en.toboom.com.cn/product/869.html,toboom-manufacturer-catalog.json
TOBOOM official,TOBOOM,TEX-26SC,870,TEX-26SC,1,1,KZ_BRAND_AND_SELECTED_SKUS,KZ_SKU_EVIDENCE_REQUIRED,https://en.toboom.com.cn/product/870.html,toboom-manufacturer-catalog.json
TOBOOM official,TOBOOM,TEX-21SC,871,TEX-21SC,1,1,KZ_BRAND_AND_SELECTED_SKUS,KZ_SKU_EVIDENCE_REQUIRED,https://en.toboom.com.cn/product/871.html,toboom-manufacturer-catalog.json
TOBOOM official,TOBOOM,TEX-11SC,872,TEX-11SC,1,1,KZ_BRAND_AND_SELECTED_SKUS,KZ_SKU_EVIDENCE_REQUIRED,https://en.toboom.com.cn/product/872.html,toboom-manufacturer-catalog.json
TOBOOM official,TOBOOM,TSR-11SC,873,TSR-11SC,1,1,KZ_BRAND_AND_SELECTED_SKUS,KZ_SKU_EVIDENCE_REQUIRED,https://en.toboom.com.cn/product/873.html,toboom-manufacturer-catalog.json
TOBOOM official,TOBOOM,TFO-27SC,874,TFO-27SC,1,1,KZ_BRAND_AND_SELECTED_SKUS,KZ_SKU_EVIDENCE_REQUIRED,https://en.toboom.com.cn/product/874.html,toboom-manufacturer-catalog.json
TOBOOM official,TOBOOM,TTC-11SC,875,TTC-11SC,1,1,KZ_BRAND_AND_SELECTED_SKUS,KZ_SKU_EVIDENCE_REQUIRED,https://en.toboom.com.cn/product/875.html,toboom-manufacturer-catalog.json
TOBOOM official,TOBOOM,TTR-21SC,876,TTR-21SC,1,1,KZ_BRAND_AND_SELECTED_SKUS,KZ_SKU_EVIDENCE_REQUIRED,https://en.toboom.com.cn/product/876.html,toboom-manufacturer-catalog.json
TOBOOM official,TOBOOM,TTR-13SC,877,TTR-13SC,1,1,KZ_BRAND_AND_SELECTED_SKUS,KZ_SKU_EVIDENCE_REQUIRED,https://en.toboom.com.cn/product/877.html,toboom-manufacturer-catalog.json
TOBOOM official,TOBOOM,TTF-31SC,878,TTF-31SC,1,1,KZ_BRAND_AND_SELECTED_SKUS,KZ_SKU_EVIDENCE_REQUIRED,https://en.toboom.com.cn/product/878.html,toboom-manufacturer-catalog.json
TOBOOM official,TOBOOM,TTF-22SC,879,TTF-22SC,1,1,KZ_BRAND_AND_SELECTED_SKUS,KZ_SKU_EVIDENCE_REQUIRED,https://en.toboom.com.cn/product/879.html,toboom-manufacturer-catalog.json
TOBOOM official,TOBOOM,TTF-12SC,880,TTF-12SC,1,1,KZ_BRAND_AND_SELECTED_SKUS,KZ_SKU_EVIDENCE_REQUIRED,https://en.toboom.com.cn/product/880.html,toboom-manufacturer-catalog.json
TOBOOM official,TOBOOM,TEX-SS38EF,881,SS38EF,1,1,KZ_BRAND_AND_SELECTED_SKUS,KZ_SKU_EVIDENCE_REQUIRED,https://en.toboom.com.cn/product/881.html,toboom-manufacturer-catalog.json
TOBOOM official,TOBOOM,TEX-SS33EF,882,SS33EF,1,1,KZ_BRAND_AND_SELECTED_SKUS,KZ_SKU_EVIDENCE_REQUIRED,https://en.toboom.com.cn/product/882.html,toboom-manufacturer-catalog.json
TOBOOM official,TOBOOM,TEX-SS14EF,883,SS14EF,1,1,KZ_BRAND_AND_SELECTED_SKUS,KZ_SKU_EVIDENCE_REQUIRED,https://en.toboom.com.cn/product/883.html,toboom-manufacturer-catalog.json
TOBOOM official,TOBOOM,TEX-SS13EF,884,SS13EF,1,1,KZ_BRAND_AND_SELECTED_SKUS,KZ_SKU_EVIDENCE_REQUIRED,https://en.toboom.com.cn/product/884.html,toboom-manufacturer-catalog.json
TOBOOM official,TOBOOM,TTR-S14EF,885,S14EF,1,1,KZ_BRAND_AND_SELECTED_SKUS,KZ_SKU_EVIDENCE_REQUIRED,https://en.toboom.com.cn/product/885.html,toboom-manufacturer-catalog.json
TOBOOM official,TOBOOM,TTR-26EF,886,TTR-26EF,1,1,KZ_BRAND_AND_SELECTED_SKUS,KZ_SKU_EVIDENCE_REQUIRED,https://en.toboom.com.cn/product/886.html,toboom-manufacturer-catalog.json
TOBOOM official,TOBOOM,TTR-25EF,887,TTR-25EF,1,1,KZ_BRAND_AND_SELECTED_SKUS,KZ_SKU_EVIDENCE_REQUIRED,https://en.toboom.com.cn/product/887.html,toboom-manufacturer-catalog.json
TOBOOM official,TOBOOM,TTR-21EF,888,TTR-21EF,1,1,KZ_BRAND_AND_SELECTED_SKUS,KZ_SKU_EVIDENCE_REQUIRED,https://en.toboom.com.cn/product/888.html,toboom-manufacturer-catalog.json
TOBOOM official,TOBOOM,TTR-13EF,889,TTR-13EF,1,1,KZ_BRAND_AND_SELECTED_SKUS,KZ_SKU_EVIDENCE_REQUIRED,https://en.toboom.com.cn/product/889.html,toboom-manufacturer-catalog.json
TOBOOM official,TOBOOM,TTR-11EF,890,TTR-11EF,1,1,KZ_BRAND_AND_SELECTED_SKUS,KZ_SKU_EVIDENCE_REQUIRED,https://en.toboom.com.cn/product/890.html,toboom-manufacturer-catalog.json
TOBOOM official,TOBOOM,TTF-21EF,891,TTF-21EF,1,1,KZ_BRAND_AND_SELECTED_SKUS,KZ_SKU_EVIDENCE_REQUIRED,https://en.toboom.com.cn/product/891.html,toboom-manufacturer-catalog.json
TOBOOM official,TOBOOM,TTF-12EF,892,TTF-12EF,1,1,KZ_BRAND_AND_SELECTED_SKUS,KZ_SKU_EVIDENCE_REQUIRED,https://en.toboom.com.cn/product/892.html,toboom-manufacturer-catalog.json
TOBOOM official,TOBOOM,TTC-21EF,893,TTC-21EF,1,1,KZ_BRAND_AND_SELECTED_SKUS,KZ_SKU_EVIDENCE_REQUIRED,https://en.toboom.com.cn/product/893.html,toboom-manufacturer-catalog.json
TOBOOM official,TOBOOM,TTC-11EF,894,TTC-11EF,1,1,KZ_BRAND_AND_SELECTED_SKUS,KZ_SKU_EVIDENCE_REQUIRED,https://en.toboom.com.cn/product/894.html,toboom-manufacturer-catalog.json
TOBOOM official,TOBOOM,TFO-42EF,895,TFO-42EF,1,1,KZ_BRAND_AND_SELECTED_SKUS,KZ_SKU_EVIDENCE_REQUIRED,https://en.toboom.com.cn/product/895.html,toboom-manufacturer-catalog.json
TOBOOM official,TOBOOM,TFO-41EF,896,TFO-41EF,1,1,KZ_BRAND_AND_SELECTED_SKUS,KZ_SKU_EVIDENCE_REQUIRED,https://en.toboom.com.cn/product/896.html,toboom-manufacturer-catalog.json
TOBOOM official,TOBOOM,TFO-40EF,897,TFO-40EF,1,1,KZ_BRAND_AND_SELECTED_SKUS,KZ_SKU_EVIDENCE_REQUIRED,https://en.toboom.com.cn/product/897.html,toboom-manufacturer-catalog.json
TOBOOM official,TOBOOM,TFO-30EF,898,TFO-30EF,1,1,KZ_BRAND_AND_SELECTED_SKUS,KZ_SKU_EVIDENCE_REQUIRED,https://en.toboom.com.cn/product/898.html,toboom-manufacturer-catalog.json
TOBOOM official,TOBOOM,TFO-22EF,899,TFO-22EF,1,1,KZ_BRAND_AND_SELECTED_SKUS,KZ_SKU_EVIDENCE_REQUIRED,https://en.toboom.com.cn/product/899.html,toboom-manufacturer-catalog.json
TOBOOM official,TOBOOM,TFO-21EF,900,TFO-21EF,1,1,KZ_BRAND_AND_SELECTED_SKUS,KZ_SKU_EVIDENCE_REQUIRED,https://en.toboom.com.cn/product/900.html,toboom-manufacturer-catalog.json
TOBOOM official,TOBOOM,TFO-20EF,901,TFO-20EF,1,1,KZ_BRAND_AND_SELECTED_SKUS,KZ_SKU_EVIDENCE_REQUIRED,https://en.toboom.com.cn/product/901.html,toboom-manufacturer-catalog.json
TOBOOM official,TOBOOM,TEX-38EF,902,TEX-38EF,1,1,KZ_BRAND_AND_SELECTED_SKUS,KZ_SKU_EVIDENCE_REQUIRED,https://en.toboom.com.cn/product/902.html,toboom-manufacturer-catalog.json
TOBOOM official,TOBOOM,TEX-37EF,903,TEX-37EF,1,1,KZ_BRAND_AND_SELECTED_SKUS,KZ_SKU_EVIDENCE_REQUIRED,https://en.toboom.com.cn/product/903.html,toboom-manufacturer-catalog.json
TOBOOM official,TOBOOM,TEX-36EF,904,TEX-36EF,1,1,KZ_BRAND_AND_SELECTED_SKUS,KZ_SKU_EVIDENCE_REQUIRED,https://en.toboom.com.cn/product/904.html,toboom-manufacturer-catalog.json
TOBOOM official,TOBOOM,TEX-29EF,905,TEX-29EF,1,1,KZ_BRAND_AND_SELECTED_SKUS,KZ_SKU_EVIDENCE_REQUIRED,https://en.toboom.com.cn/product/905.html,toboom-manufacturer-catalog.json
TOBOOM official,TOBOOM,TEX-27EF,906,TEX-27EF,1,1,KZ_BRAND_AND_SELECTED_SKUS,KZ_SKU_EVIDENCE_REQUIRED,https://en.toboom.com.cn/product/906.html,toboom-manufacturer-catalog.json
TOBOOM official,TOBOOM,TEX-21EF,907,TEX-21EF,1,1,KZ_BRAND_AND_SELECTED_SKUS,KZ_SKU_EVIDENCE_REQUIRED,https://en.toboom.com.cn/product/907.html,toboom-manufacturer-catalog.json
TOBOOM official,TOBOOM,TCR-12EF,908,TCR-12EF,1,1,KZ_BRAND_AND_SELECTED_SKUS,KZ_SKU_EVIDENCE_REQUIRED,https://en.toboom.com.cn/product/908.html,toboom-manufacturer-catalog.json
TOBOOM official,TOBOOM,TCR-11EF,909,TCR-11EF,1,1,KZ_BRAND_AND_SELECTED_SKUS,KZ_SKU_EVIDENCE_REQUIRED,https://en.toboom.com.cn/product/909.html,toboom-manufacturer-catalog.json
TOBOOM official,TOBOOM,TCE-16EF,910,TCE-16EF,1,1,KZ_BRAND_AND_SELECTED_SKUS,KZ_SKU_EVIDENCE_REQUIRED,https://en.toboom.com.cn/product/910.html,toboom-manufacturer-catalog.json
TOBOOM official,TOBOOM,TCE-15EF,911,TCE-15EF,1,1,KZ_BRAND_AND_SELECTED_SKUS,KZ_SKU_EVIDENCE_REQUIRED,https://en.toboom.com.cn/product/911.html,toboom-manufacturer-catalog.json
TOBOOM official,TOBOOM,TCE-13EF,912,TCE-13EF,1,1,KZ_BRAND_AND_SELECTED_SKUS,KZ_SKU_EVIDENCE_REQUIRED,https://en.toboom.com.cn/product/912.html,toboom-manufacturer-catalog.json
TOBOOM official,TOBOOM,TBR-40EF,913,TBR-40EF,1,1,KZ_BRAND_AND_SELECTED_SKUS,KZ_SKU_EVIDENCE_REQUIRED,https://en.toboom.com.cn/product/913.html,toboom-manufacturer-catalog.json
TOBOOM official,TOBOOM,TTC-SS21F,914,SS21F,1,1,KZ_BRAND_AND_SELECTED_SKUS,KZ_SKU_EVIDENCE_REQUIRED,https://en.toboom.com.cn/product/914.html,toboom-manufacturer-catalog.json
TOBOOM official,TOBOOM,TFO-SS21F,915,SS21F,1,1,KZ_BRAND_AND_SELECTED_SKUS,KZ_SKU_EVIDENCE_REQUIRED,https://en.toboom.com.cn/product/915.html,toboom-manufacturer-catalog.json
TOBOOM official,TOBOOM,TWR-S31F,916,S31F,1,1,KZ_BRAND_AND_SELECTED_SKUS,KZ_SKU_EVIDENCE_REQUIRED,https://en.toboom.com.cn/product/916.html,toboom-manufacturer-catalog.json
TOBOOM official,TOBOOM,TMI-62F,917,TMI-62F,1,1,KZ_BRAND_AND_SELECTED_SKUS,KZ_SKU_EVIDENCE_REQUIRED,https://en.toboom.com.cn/product/917.html,toboom-manufacturer-catalog.json
TOBOOM official,TOBOOM,TMI-61F,918,TMI-61F,1,1,KZ_BRAND_AND_SELECTED_SKUS,KZ_SKU_EVIDENCE_REQUIRED,https://en.toboom.com.cn/product/918.html,toboom-manufacturer-catalog.json
TOBOOM official,TOBOOM,TMI-53F,919,TMI-53F,1,1,KZ_BRAND_AND_SELECTED_SKUS,KZ_SKU_EVIDENCE_REQUIRED,https://en.toboom.com.cn/product/919.html,toboom-manufacturer-catalog.json
TOBOOM official,TOBOOM,TMI-45F,920,TMI-45F,1,1,KZ_BRAND_AND_SELECTED_SKUS,KZ_SKU_EVIDENCE_REQUIRED,https://en.toboom.com.cn/product/920.html,toboom-manufacturer-catalog.json
TOBOOM official,TOBOOM,TTR-26F,921,TTR-26F,1,1,KZ_BRAND_AND_SELECTED_SKUS,KZ_SKU_EVIDENCE_REQUIRED,https://en.toboom.com.cn/product/921.html,toboom-manufacturer-catalog.json
TOBOOM official,TOBOOM,TTR-25F,922,TTR-25F,1,1,KZ_BRAND_AND_SELECTED_SKUS,KZ_SKU_EVIDENCE_REQUIRED,https://en.toboom.com.cn/product/922.html,toboom-manufacturer-catalog.json
TOBOOM official,TOBOOM,TTR-21F,923,TTR-21F,1,1,KZ_BRAND_AND_SELECTED_SKUS,KZ_SKU_EVIDENCE_REQUIRED,https://en.toboom.com.cn/product/923.html,toboom-manufacturer-catalog.json
TOBOOM official,TOBOOM,TTR-13F,924,TTR-13F,1,1,KZ_BRAND_AND_SELECTED_SKUS,KZ_SKU_EVIDENCE_REQUIRED,https://en.toboom.com.cn/product/924.html,toboom-manufacturer-catalog.json
TOBOOM official,TOBOOM,TTR-11F,925,TTR-11F,1,1,KZ_BRAND_AND_SELECTED_SKUS,KZ_SKU_EVIDENCE_REQUIRED,https://en.toboom.com.cn/product/925.html,toboom-manufacturer-catalog.json
TOBOOM official,TOBOOM,TTF-21F,926,TTF-21F,1,1,KZ_BRAND_AND_SELECTED_SKUS,KZ_SKU_EVIDENCE_REQUIRED,https://en.toboom.com.cn/product/926.html,toboom-manufacturer-catalog.json
TOBOOM official,TOBOOM,TTF-12F,927,TTF-12F,1,1,KZ_BRAND_AND_SELECTED_SKUS,KZ_SKU_EVIDENCE_REQUIRED,https://en.toboom.com.cn/product/927.html,toboom-manufacturer-catalog.json
TOBOOM official,TOBOOM,TTC-21F,928,TTC-21F,1,1,KZ_BRAND_AND_SELECTED_SKUS,KZ_SKU_EVIDENCE_REQUIRED,https://en.toboom.com.cn/product/928.html,toboom-manufacturer-catalog.json
TOBOOM official,TOBOOM,TTC-11F,929,TTC-11F,1,1,KZ_BRAND_AND_SELECTED_SKUS,KZ_SKU_EVIDENCE_REQUIRED,https://en.toboom.com.cn/product/929.html,toboom-manufacturer-catalog.json
TOBOOM official,TOBOOM,TFO-30F,930,TFO-30F,1,1,KZ_BRAND_AND_SELECTED_SKUS,KZ_SKU_EVIDENCE_REQUIRED,https://en.toboom.com.cn/product/930.html,toboom-manufacturer-catalog.json
TOBOOM official,TOBOOM,TFO-22F,931,TFO-22F,1,1,KZ_BRAND_AND_SELECTED_SKUS,KZ_SKU_EVIDENCE_REQUIRED,https://en.toboom.com.cn/product/931.html,toboom-manufacturer-catalog.json
TOBOOM official,TOBOOM,TFO-21F,932,TFO-21F,1,1,KZ_BRAND_AND_SELECTED_SKUS,KZ_SKU_EVIDENCE_REQUIRED,https://en.toboom.com.cn/product/932.html,toboom-manufacturer-catalog.json
TOBOOM official,TOBOOM,TEX-31F,933,TEX-31F,1,1,KZ_BRAND_AND_SELECTED_SKUS,KZ_SKU_EVIDENCE_REQUIRED,https://en.toboom.com.cn/product/933.html,toboom-manufacturer-catalog.json
TOBOOM official,TOBOOM,TEX-21F,934,TEX-21F,1,1,KZ_BRAND_AND_SELECTED_SKUS,KZ_SKU_EVIDENCE_REQUIRED,https://en.toboom.com.cn/product/934.html,toboom-manufacturer-catalog.json
TOBOOM official,TOBOOM,TEX-19F,935,TEX-19F,1,1,KZ_BRAND_AND_SELECTED_SKUS,KZ_SKU_EVIDENCE_REQUIRED,https://en.toboom.com.cn/product/935.html,toboom-manufacturer-catalog.json
TOBOOM official,TOBOOM,TEX-18F,936,TEX-18F,1,1,KZ_BRAND_AND_SELECTED_SKUS,KZ_SKU_EVIDENCE_REQUIRED,https://en.toboom.com.cn/product/936.html,toboom-manufacturer-catalog.json
TOBOOM official,TOBOOM,TCR-22F,937,TCR-22F,1,1,KZ_BRAND_AND_SELECTED_SKUS,KZ_SKU_EVIDENCE_REQUIRED,https://en.toboom.com.cn/product/937.html,toboom-manufacturer-catalog.json
TOBOOM official,TOBOOM,TCR-21F,938,TCR-21F,1,1,KZ_BRAND_AND_SELECTED_SKUS,KZ_SKU_EVIDENCE_REQUIRED,https://en.toboom.com.cn/product/938.html,toboom-manufacturer-catalog.json
TOBOOM official,TOBOOM,TCR-12F,939,TCR-12F,1,1,KZ_BRAND_AND_SELECTED_SKUS,KZ_SKU_EVIDENCE_REQUIRED,https://en.toboom.com.cn/product/939.html,toboom-manufacturer-catalog.json
TOBOOM official,TOBOOM,TCR-11F,940,TCR-11F,1,1,KZ_BRAND_AND_SELECTED_SKUS,KZ_SKU_EVIDENCE_REQUIRED,https://en.toboom.com.cn/product/940.html,toboom-manufacturer-catalog.json
TOBOOM official,TOBOOM,TCE-17F,941,TCE-17F,1,1,KZ_BRAND_AND_SELECTED_SKUS,KZ_SKU_EVIDENCE_REQUIRED,https://en.toboom.com.cn/product/941.html,toboom-manufacturer-catalog.json
TOBOOM official,TOBOOM,TCE-16F,942,TCE-16F,1,1,KZ_BRAND_AND_SELECTED_SKUS,KZ_SKU_EVIDENCE_REQUIRED,https://en.toboom.com.cn/product/942.html,toboom-manufacturer-catalog.json
TOBOOM official,TOBOOM,TCE-15F,943,TCE-15F,1,1,KZ_BRAND_AND_SELECTED_SKUS,KZ_SKU_EVIDENCE_REQUIRED,https://en.toboom.com.cn/product/943.html,toboom-manufacturer-catalog.json
TOBOOM official,TOBOOM,TCE-13F,944,TCE-13F,1,1,KZ_BRAND_AND_SELECTED_SKUS,KZ_SKU_EVIDENCE_REQUIRED,https://en.toboom.com.cn/product/944.html,toboom-manufacturer-catalog.json
TOBOOM official,TOBOOM,TCE-12F,945,TCE-12F,1,1,KZ_BRAND_AND_SELECTED_SKUS,KZ_SKU_EVIDENCE_REQUIRED,https://en.toboom.com.cn/product/945.html,toboom-manufacturer-catalog.json
TOBOOM official,TOBOOM,TCD-62F,946,TCD-62F,1,1,KZ_BRAND_AND_SELECTED_SKUS,KZ_SKU_EVIDENCE_REQUIRED,https://en.toboom.com.cn/product/946.html,toboom-manufacturer-catalog.json
TOBOOM official,TOBOOM,TCD-61F,947,TCD-61F,1,1,KZ_BRAND_AND_SELECTED_SKUS,KZ_SKU_EVIDENCE_REQUIRED,https://en.toboom.com.cn/product/947.html,toboom-manufacturer-catalog.json
TOBOOM official,TOBOOM,TCD-60F,948,TCD-60F,1,1,KZ_BRAND_AND_SELECTED_SKUS,KZ_SKU_EVIDENCE_REQUIRED,https://en.toboom.com.cn/product/948.html,toboom-manufacturer-catalog.json
TOBOOM official,TOBOOM,TCD-59F,949,TCD-59F,1,1,KZ_BRAND_AND_SELECTED_SKUS,KZ_SKU_EVIDENCE_REQUIRED,https://en.toboom.com.cn/product/949.html,toboom-manufacturer-catalog.json
TOBOOM official,TOBOOM,TCD-58F,950,TCD-58F,1,1,KZ_BRAND_AND_SELECTED_SKUS,KZ_SKU_EVIDENCE_REQUIRED,https://en.toboom.com.cn/product/950.html,toboom-manufacturer-catalog.json
TOBOOM official,TOBOOM,TCD-57F,951,TCD-57F,1,1,KZ_BRAND_AND_SELECTED_SKUS,KZ_SKU_EVIDENCE_REQUIRED,https://en.toboom.com.cn/product/951.html,toboom-manufacturer-catalog.json
TOBOOM official,TOBOOM,TCD-56F,952,TCD-56F,1,1,KZ_BRAND_AND_SELECTED_SKUS,KZ_SKU_EVIDENCE_REQUIRED,https://en.toboom.com.cn/product/952.html,toboom-manufacturer-catalog.json
TOBOOM official,TOBOOM,TCD-55F,953,TCD-55F,1,1,KZ_BRAND_AND_SELECTED_SKUS,KZ_SKU_EVIDENCE_REQUIRED,https://en.toboom.com.cn/product/953.html,toboom-manufacturer-catalog.json
TOBOOM official,TOBOOM,TCD-54F,954,TCD-54F,1,1,KZ_BRAND_AND_SELECTED_SKUS,KZ_SKU_EVIDENCE_REQUIRED,https://en.toboom.com.cn/product/954.html,toboom-manufacturer-catalog.json
TOBOOM official,TOBOOM,TCD-53F,955,TCD-53F,1,1,KZ_BRAND_AND_SELECTED_SKUS,KZ_SKU_EVIDENCE_REQUIRED,https://en.toboom.com.cn/product/955.html,toboom-manufacturer-catalog.json
TOBOOM official,TOBOOM,TCD-52F,956,TCD-52F,1,1,KZ_BRAND_AND_SELECTED_SKUS,KZ_SKU_EVIDENCE_REQUIRED,https://en.toboom.com.cn/product/956.html,toboom-manufacturer-catalog.json
TOBOOM official,TOBOOM,TCD-51F,957,TCD-51F,1,1,KZ_BRAND_AND_SELECTED_SKUS,KZ_SKU_EVIDENCE_REQUIRED,https://en.toboom.com.cn/product/957.html,toboom-manufacturer-catalog.json
TOBOOM official,TOBOOM,TCD-50F,958,TCD-50F,1,1,KZ_BRAND_AND_SELECTED_SKUS,KZ_SKU_EVIDENCE_REQUIRED,https://en.toboom.com.cn/product/958.html,toboom-manufacturer-catalog.json
TOBOOM official,TOBOOM,TBR-48F,959,TBR-48F,1,1,KZ_BRAND_AND_SELECTED_SKUS,KZ_SKU_EVIDENCE_REQUIRED,https://en.toboom.com.cn/product/959.html,toboom-manufacturer-catalog.json
TOBOOM official,TOBOOM,TTR-SS21,960,SS21,1,1,KZ_BRAND_AND_SELECTED_SKUS,KZ_SKU_EVIDENCE_REQUIRED,https://en.toboom.com.cn/product/960.html,toboom-manufacturer-catalog.json
TOBOOM official,TOBOOM,TTF-SS31,961,SS31,1,1,KZ_BRAND_AND_SELECTED_SKUS,KZ_SKU_EVIDENCE_REQUIRED,https://en.toboom.com.cn/product/961.html,toboom-manufacturer-catalog.json
TOBOOM official,TOBOOM,TTC-SS21,962,SS21,1,1,KZ_BRAND_AND_SELECTED_SKUS,KZ_SKU_EVIDENCE_REQUIRED,https://en.toboom.com.cn/product/962.html,toboom-manufacturer-catalog.json
TOBOOM official,TOBOOM,TEX-SS38,963,SS38,1,1,KZ_BRAND_AND_SELECTED_SKUS,KZ_SKU_EVIDENCE_REQUIRED,https://en.toboom.com.cn/product/963.html,toboom-manufacturer-catalog.json
TOBOOM official,TOBOOM,TEX-SS33,964,SS33,1,1,KZ_BRAND_AND_SELECTED_SKUS,KZ_SKU_EVIDENCE_REQUIRED,https://en.toboom.com.cn/product/964.html,toboom-manufacturer-catalog.json
TOBOOM official,TOBOOM,TEX-SS14,965,SS14,1,1,KZ_BRAND_AND_SELECTED_SKUS,KZ_SKU_EVIDENCE_REQUIRED,https://en.toboom.com.cn/product/965.html,toboom-manufacturer-catalog.json
TOBOOM official,TOBOOM,TEX-SS13,966,SS13,1,1,KZ_BRAND_AND_SELECTED_SKUS,KZ_SKU_EVIDENCE_REQUIRED,https://en.toboom.com.cn/product/966.html,toboom-manufacturer-catalog.json
TOBOOM official,TOBOOM,TDI-SS41,967,SS41,1,1,KZ_BRAND_AND_SELECTED_SKUS,KZ_SKU_EVIDENCE_REQUIRED,https://en.toboom.com.cn/product/967.html,toboom-manufacturer-catalog.json
TOBOOM official,TOBOOM,TCD-SS51,968,SS51,1,1,KZ_BRAND_AND_SELECTED_SKUS,KZ_SKU_EVIDENCE_REQUIRED,https://en.toboom.com.cn/product/968.html,toboom-manufacturer-catalog.json
TOBOOM official,TOBOOM,TTR-S21,969,S21,1,1,KZ_BRAND_AND_SELECTED_SKUS,KZ_SKU_EVIDENCE_REQUIRED,https://en.toboom.com.cn/product/969.html,toboom-manufacturer-catalog.json
TOBOOM official,TOBOOM,TTR-S14,970,S14,1,1,KZ_BRAND_AND_SELECTED_SKUS,KZ_SKU_EVIDENCE_REQUIRED,https://en.toboom.com.cn/product/970.html,toboom-manufacturer-catalog.json
TOBOOM official,TOBOOM,TTR-S13,971,S13,1,1,KZ_BRAND_AND_SELECTED_SKUS,KZ_SKU_EVIDENCE_REQUIRED,https://en.toboom.com.cn/product/971.html,toboom-manufacturer-catalog.json
TOBOOM official,TOBOOM,TTF-S41,972,S41,1,1,KZ_BRAND_AND_SELECTED_SKUS,KZ_SKU_EVIDENCE_REQUIRED,https://en.toboom.com.cn/product/972.html,toboom-manufacturer-catalog.json
TOBOOM official,TOBOOM,TTF-S31,973,S31,1,1,KZ_BRAND_AND_SELECTED_SKUS,KZ_SKU_EVIDENCE_REQUIRED,https://en.toboom.com.cn/product/973.html,toboom-manufacturer-catalog.json
TOBOOM official,TOBOOM,TTF-S23,974,S23,1,1,KZ_BRAND_AND_SELECTED_SKUS,KZ_SKU_EVIDENCE_REQUIRED,https://en.toboom.com.cn/product/974.html,toboom-manufacturer-catalog.json
TOBOOM official,TOBOOM,TTF-S22,975,S22,1,1,KZ_BRAND_AND_SELECTED_SKUS,KZ_SKU_EVIDENCE_REQUIRED,https://en.toboom.com.cn/product/975.html,toboom-manufacturer-catalog.json
TOBOOM official,TOBOOM,TTF-S21,976,S21,1,1,KZ_BRAND_AND_SELECTED_SKUS,KZ_SKU_EVIDENCE_REQUIRED,https://en.toboom.com.cn/product/976.html,toboom-manufacturer-catalog.json
TOBOOM official,TOBOOM,TTF-S20,977,S20,1,1,KZ_BRAND_AND_SELECTED_SKUS,KZ_SKU_EVIDENCE_REQUIRED,https://en.toboom.com.cn/product/977.html,toboom-manufacturer-catalog.json
TOBOOM official,TOBOOM,TTF-S12,978,S12,1,1,KZ_BRAND_AND_SELECTED_SKUS,KZ_SKU_EVIDENCE_REQUIRED,https://en.toboom.com.cn/product/978.html,toboom-manufacturer-catalog.json
TOBOOM official,TOBOOM,TSO-S20,979,S20,1,1,KZ_BRAND_AND_SELECTED_SKUS,KZ_SKU_EVIDENCE_REQUIRED,https://en.toboom.com.cn/product/979.html,toboom-manufacturer-catalog.json
TOBOOM official,TOBOOM,TSO-S48,980,S48,1,1,KZ_BRAND_AND_SELECTED_SKUS,KZ_SKU_EVIDENCE_REQUIRED,https://en.toboom.com.cn/product/980.html,toboom-manufacturer-catalog.json
TOBOOM official,TOBOOM,TSI-S46,981,S46,1,1,KZ_BRAND_AND_SELECTED_SKUS,KZ_SKU_EVIDENCE_REQUIRED,https://en.toboom.com.cn/product/981.html,toboom-manufacturer-catalog.json
TOBOOM official,TOBOOM,TFO-S54,982,S54,1,1,KZ_BRAND_AND_SELECTED_SKUS,KZ_SKU_EVIDENCE_REQUIRED,https://en.toboom.com.cn/product/982.html,toboom-manufacturer-catalog.json
TOBOOM official,TOBOOM,TFO-S21,983,S21,1,1,KZ_BRAND_AND_SELECTED_SKUS,KZ_SKU_EVIDENCE_REQUIRED,https://en.toboom.com.cn/product/983.html,toboom-manufacturer-catalog.json
TOBOOM official,TOBOOM,TDI-S41,984,S41,1,1,KZ_BRAND_AND_SELECTED_SKUS,KZ_SKU_EVIDENCE_REQUIRED,https://en.toboom.com.cn/product/984.html,toboom-manufacturer-catalog.json
TOBOOM official,TOBOOM,TBR-S46,985,S46,1,1,KZ_BRAND_AND_SELECTED_SKUS,KZ_SKU_EVIDENCE_REQUIRED,https://en.toboom.com.cn/product/985.html,toboom-manufacturer-catalog.json
TOBOOM official,TOBOOM,TBR-S45,986,S45,1,1,KZ_BRAND_AND_SELECTED_SKUS,KZ_SKU_EVIDENCE_REQUIRED,https://en.toboom.com.cn/product/986.html,toboom-manufacturer-catalog.json
TOBOOM official,TOBOOM,TBC-S43,987,S43,1,1,KZ_BRAND_AND_SELECTED_SKUS,KZ_SKU_EVIDENCE_REQUIRED,https://en.toboom.com.cn/product/987.html,toboom-manufacturer-catalog.json
TOBOOM official,TOBOOM,TBC-S42,988,S42,1,1,KZ_BRAND_AND_SELECTED_SKUS,KZ_SKU_EVIDENCE_REQUIRED,https://en.toboom.com.cn/product/988.html,toboom-manufacturer-catalog.json
TOBOOM official,TOBOOM,TWR-13,989,TWR-13,1,1,KZ_BRAND_AND_SELECTED_SKUS,KZ_SKU_EVIDENCE_REQUIRED,https://en.toboom.com.cn/product/989.html,toboom-manufacturer-catalog.json
TOBOOM official,TOBOOM,TWF-30,990,TWF-30,1,1,KZ_BRAND_AND_SELECTED_SKUS,KZ_SKU_EVIDENCE_REQUIRED,https://en.toboom.com.cn/product/990.html,toboom-manufacturer-catalog.json
TOBOOM official,TOBOOM,TTR-26,991,TTR-26,1,1,KZ_BRAND_AND_SELECTED_SKUS,KZ_SKU_EVIDENCE_REQUIRED,https://en.toboom.com.cn/product/991.html,toboom-manufacturer-catalog.json
TOBOOM official,TOBOOM,TTR-25,992,TTR-25,1,1,KZ_BRAND_AND_SELECTED_SKUS,KZ_SKU_EVIDENCE_REQUIRED,https://en.toboom.com.cn/product/992.html,toboom-manufacturer-catalog.json
TOBOOM official,TOBOOM,TTR-24,993,TTR-24,1,1,KZ_BRAND_AND_SELECTED_SKUS,KZ_SKU_EVIDENCE_REQUIRED,https://en.toboom.com.cn/product/993.html,toboom-manufacturer-catalog.json
TOBOOM official,TOBOOM,TTR-21,994,TTR-21,1,1,KZ_BRAND_AND_SELECTED_SKUS,KZ_SKU_EVIDENCE_REQUIRED,https://en.toboom.com.cn/product/994.html,toboom-manufacturer-catalog.json
TOBOOM official,TOBOOM,TTR-20,995,TTR-20,1,1,KZ_BRAND_AND_SELECTED_SKUS,KZ_SKU_EVIDENCE_REQUIRED,https://en.toboom.com.cn/product/995.html,toboom-manufacturer-catalog.json
TOBOOM official,TOBOOM,TTR-19,996,TTR-19,1,1,KZ_BRAND_AND_SELECTED_SKUS,KZ_SKU_EVIDENCE_REQUIRED,https://en.toboom.com.cn/product/996.html,toboom-manufacturer-catalog.json
TOBOOM official,TOBOOM,TTR-15,997,TTR-15,1,1,KZ_BRAND_AND_SELECTED_SKUS,KZ_SKU_EVIDENCE_REQUIRED,https://en.toboom.com.cn/product/997.html,toboom-manufacturer-catalog.json
TOBOOM official,TOBOOM,TTR-14,998,TTR-14,1,1,KZ_BRAND_AND_SELECTED_SKUS,KZ_SKU_EVIDENCE_REQUIRED,https://en.toboom.com.cn/product/998.html,toboom-manufacturer-catalog.json
TOBOOM official,TOBOOM,TTR-13,999,TTR-13,1,1,KZ_BRAND_AND_SELECTED_SKUS,KZ_SKU_EVIDENCE_REQUIRED,https://en.toboom.com.cn/product/999.html,toboom-manufacturer-catalog.json
TOBOOM official,TOBOOM,TTR-12,1000,TTR-12,1,1,KZ_BRAND_AND_SELECTED_SKUS,KZ_SKU_EVIDENCE_REQUIRED,https://en.toboom.com.cn/product/1000.html,toboom-manufacturer-catalog.json
TOBOOM official,TOBOOM,TTR-11,1001,TTR-11,1,1,KZ_BRAND_AND_SELECTED_SKUS,KZ_SKU_EVIDENCE_REQUIRED,https://en.toboom.com.cn/product/1001.html,toboom-manufacturer-catalog.json
TOBOOM official,TOBOOM,TTF-43,1002,TTF-43,1,1,KZ_BRAND_AND_SELECTED_SKUS,KZ_SKU_EVIDENCE_REQUIRED,https://en.toboom.com.cn/product/1002.html,toboom-manufacturer-catalog.json
TOBOOM official,TOBOOM,TTF-42,1003,TTF-42,1,1,KZ_BRAND_AND_SELECTED_SKUS,KZ_SKU_EVIDENCE_REQUIRED,https://en.toboom.com.cn/product/1003.html,toboom-manufacturer-catalog.json
TOBOOM official,TOBOOM,TTF-41,1004,TTF-41,1,1,KZ_BRAND_AND_SELECTED_SKUS,KZ_SKU_EVIDENCE_REQUIRED,https://en.toboom.com.cn/product/1004.html,toboom-manufacturer-catalog.json
TOBOOM official,TOBOOM,TTF-31,1005,TTF-31,1,1,KZ_BRAND_AND_SELECTED_SKUS,KZ_SKU_EVIDENCE_REQUIRED,https://en.toboom.com.cn/product/1005.html,toboom-manufacturer-catalog.json
TOBOOM official,TOBOOM,TTF-23,1006,TTF-23,1,1,KZ_BRAND_AND_SELECTED_SKUS,KZ_SKU_EVIDENCE_REQUIRED,https://en.toboom.com.cn/product/1006.html,toboom-manufacturer-catalog.json
TOBOOM official,TOBOOM,TTF-22,1007,TTF-22,1,1,KZ_BRAND_AND_SELECTED_SKUS,KZ_SKU_EVIDENCE_REQUIRED,https://en.toboom.com.cn/product/1007.html,toboom-manufacturer-catalog.json
TOBOOM official,TOBOOM,TTF-21,1008,TTF-21,1,1,KZ_BRAND_AND_SELECTED_SKUS,KZ_SKU_EVIDENCE_REQUIRED,https://en.toboom.com.cn/product/1008.html,toboom-manufacturer-catalog.json
TOBOOM official,TOBOOM,TTF-20,1009,TTF-20,1,1,KZ_BRAND_AND_SELECTED_SKUS,KZ_SKU_EVIDENCE_REQUIRED,https://en.toboom.com.cn/product/1009.html,toboom-manufacturer-catalog.json
TOBOOM official,TOBOOM,TTF-14,1010,TTF-14,1,1,KZ_BRAND_AND_SELECTED_SKUS,KZ_SKU_EVIDENCE_REQUIRED,https://en.toboom.com.cn/product/1010.html,toboom-manufacturer-catalog.json
TOBOOM official,TOBOOM,TTF-13,1011,TTF-13,1,1,KZ_BRAND_AND_SELECTED_SKUS,KZ_SKU_EVIDENCE_REQUIRED,https://en.toboom.com.cn/product/1011.html,toboom-manufacturer-catalog.json
TOBOOM official,TOBOOM,TTF-12,1012,TTF-12,1,1,KZ_BRAND_AND_SELECTED_SKUS,KZ_SKU_EVIDENCE_REQUIRED,https://en.toboom.com.cn/product/1012.html,toboom-manufacturer-catalog.json
TOBOOM official,TOBOOM,TTF-11,1013,TTF-11,1,1,KZ_BRAND_AND_SELECTED_SKUS,KZ_SKU_EVIDENCE_REQUIRED,https://en.toboom.com.cn/product/1013.html,toboom-manufacturer-catalog.json
TOBOOM official,TOBOOM,TTC-26,1014,TTC-26,1,1,KZ_BRAND_AND_SELECTED_SKUS,KZ_SKU_EVIDENCE_REQUIRED,https://en.toboom.com.cn/product/1014.html,toboom-manufacturer-catalog.json
TOBOOM official,TOBOOM,TTC-21,1015,TTC-21,1,1,KZ_BRAND_AND_SELECTED_SKUS,KZ_SKU_EVIDENCE_REQUIRED,https://en.toboom.com.cn/product/1015.html,toboom-manufacturer-catalog.json
TOBOOM official,TOBOOM,TTC-16,1016,TTC-16,1,1,KZ_BRAND_AND_SELECTED_SKUS,KZ_SKU_EVIDENCE_REQUIRED,https://en.toboom.com.cn/product/1016.html,toboom-manufacturer-catalog.json
TOBOOM official,TOBOOM,TTC-11,1017,TTC-11,1,1,KZ_BRAND_AND_SELECTED_SKUS,KZ_SKU_EVIDENCE_REQUIRED,https://en.toboom.com.cn/product/1017.html,toboom-manufacturer-catalog.json
TOBOOM official,TOBOOM,TSR-13,1018,TSR-13,1,1,KZ_BRAND_AND_SELECTED_SKUS,KZ_SKU_EVIDENCE_REQUIRED,https://en.toboom.com.cn/product/1018.html,toboom-manufacturer-catalog.json
TOBOOM official,TOBOOM,TSR-12,1019,TSR-12,1,1,KZ_BRAND_AND_SELECTED_SKUS,KZ_SKU_EVIDENCE_REQUIRED,https://en.toboom.com.cn/product/1019.html,toboom-manufacturer-catalog.json
TOBOOM official,TOBOOM,TSR-11,1020,TSR-11,1,1,KZ_BRAND_AND_SELECTED_SKUS,KZ_SKU_EVIDENCE_REQUIRED,https://en.toboom.com.cn/product/1020.html,toboom-manufacturer-catalog.json
TOBOOM official,TOBOOM,TSO-21,1021,TSO-21,1,1,KZ_BRAND_AND_SELECTED_SKUS,KZ_SKU_EVIDENCE_REQUIRED,https://en.toboom.com.cn/product/1021.html,toboom-manufacturer-catalog.json
TOBOOM official,TOBOOM,TSO-20,1022,TSO-20,1,1,KZ_BRAND_AND_SELECTED_SKUS,KZ_SKU_EVIDENCE_REQUIRED,https://en.toboom.com.cn/product/1022.html,toboom-manufacturer-catalog.json
TOBOOM official,TOBOOM,TSI-48,1023,TSI-48,1,1,KZ_BRAND_AND_SELECTED_SKUS,KZ_SKU_EVIDENCE_REQUIRED,https://en.toboom.com.cn/product/1023.html,toboom-manufacturer-catalog.json
TOBOOM official,TOBOOM,TSI-47,1024,TSI-47,1,1,KZ_BRAND_AND_SELECTED_SKUS,KZ_SKU_EVIDENCE_REQUIRED,https://en.toboom.com.cn/product/1024.html,toboom-manufacturer-catalog.json
TOBOOM official,TOBOOM,TSI-46,1025,TSI-46,1,1,KZ_BRAND_AND_SELECTED_SKUS,KZ_SKU_EVIDENCE_REQUIRED,https://en.toboom.com.cn/product/1025.html,toboom-manufacturer-catalog.json
TOBOOM official,TOBOOM,TSI-45,1026,TSI-45,1,1,KZ_BRAND_AND_SELECTED_SKUS,KZ_SKU_EVIDENCE_REQUIRED,https://en.toboom.com.cn/product/1026.html,toboom-manufacturer-catalog.json
TOBOOM official,TOBOOM,TSF-41,1027,TSF-41,1,1,KZ_BRAND_AND_SELECTED_SKUS,KZ_SKU_EVIDENCE_REQUIRED,https://en.toboom.com.cn/product/1027.html,toboom-manufacturer-catalog.json
TOBOOM official,TOBOOM,TSF-31,1028,TSF-31,1,1,KZ_BRAND_AND_SELECTED_SKUS,KZ_SKU_EVIDENCE_REQUIRED,https://en.toboom.com.cn/product/1028.html,toboom-manufacturer-catalog.json
TOBOOM official,TOBOOM,TSF-21,1029,TSF-21,1,1,KZ_BRAND_AND_SELECTED_SKUS,KZ_SKU_EVIDENCE_REQUIRED,https://en.toboom.com.cn/product/1029.html,toboom-manufacturer-catalog.json
TOBOOM official,TOBOOM,TSF-13,1030,TSF-13,1,1,KZ_BRAND_AND_SELECTED_SKUS,KZ_SKU_EVIDENCE_REQUIRED,https://en.toboom.com.cn/product/1030.html,toboom-manufacturer-catalog.json
TOBOOM official,TOBOOM,TSF-12,1031,TSF-12,1,1,KZ_BRAND_AND_SELECTED_SKUS,KZ_SKU_EVIDENCE_REQUIRED,https://en.toboom.com.cn/product/1031.html,toboom-manufacturer-catalog.json
TOBOOM official,TOBOOM,TSF-11,1032,TSF-11,1,1,KZ_BRAND_AND_SELECTED_SKUS,KZ_SKU_EVIDENCE_REQUIRED,https://en.toboom.com.cn/product/1032.html,toboom-manufacturer-catalog.json
TOBOOM official,TOBOOM,TRS-31,1033,TRS-31,1,1,KZ_BRAND_AND_SELECTED_SKUS,KZ_SKU_EVIDENCE_REQUIRED,https://en.toboom.com.cn/product/1033.html,toboom-manufacturer-catalog.json
TOBOOM official,TOBOOM,TRS-21,1034,TRS-21,1,1,KZ_BRAND_AND_SELECTED_SKUS,KZ_SKU_EVIDENCE_REQUIRED,https://en.toboom.com.cn/product/1034.html,toboom-manufacturer-catalog.json
TOBOOM official,TOBOOM,TRS-11,1035,TRS-11,1,1,KZ_BRAND_AND_SELECTED_SKUS,KZ_SKU_EVIDENCE_REQUIRED,https://en.toboom.com.cn/product/1035.html,toboom-manufacturer-catalog.json
TOBOOM official,TOBOOM,TFO-32,1036,TFO-32,1,1,KZ_BRAND_AND_SELECTED_SKUS,KZ_SKU_EVIDENCE_REQUIRED,https://en.toboom.com.cn/product/1036.html,toboom-manufacturer-catalog.json
TOBOOM official,TOBOOM,TFO-27,1037,TFO-27,1,1,KZ_BRAND_AND_SELECTED_SKUS,KZ_SKU_EVIDENCE_REQUIRED,https://en.toboom.com.cn/product/1037.html,toboom-manufacturer-catalog.json
TOBOOM official,TOBOOM,TFO-25,1038,TFO-25,1,1,KZ_BRAND_AND_SELECTED_SKUS,KZ_SKU_EVIDENCE_REQUIRED,https://en.toboom.com.cn/product/1038.html,toboom-manufacturer-catalog.json
TOBOOM official,TOBOOM,TFO-22,1039,TFO-22,1,1,KZ_BRAND_AND_SELECTED_SKUS,KZ_SKU_EVIDENCE_REQUIRED,https://en.toboom.com.cn/product/1039.html,toboom-manufacturer-catalog.json
TOBOOM official,TOBOOM,TFO-21,1040,TFO-21,1,1,KZ_BRAND_AND_SELECTED_SKUS,KZ_SKU_EVIDENCE_REQUIRED,https://en.toboom.com.cn/product/1040.html,toboom-manufacturer-catalog.json
TOBOOM official,TOBOOM,TFO-11,1041,TFO-11,1,1,KZ_BRAND_AND_SELECTED_SKUS,KZ_SKU_EVIDENCE_REQUIRED,https://en.toboom.com.cn/product/1041.html,toboom-manufacturer-catalog.json
TOBOOM official,TOBOOM,TEX-41,1042,TEX-41,1,1,KZ_BRAND_AND_SELECTED_SKUS,KZ_SKU_EVIDENCE_REQUIRED,https://en.toboom.com.cn/product/1042.html,toboom-manufacturer-catalog.json
TOBOOM official,TOBOOM,TEX-31,1043,TEX-31,1,1,KZ_BRAND_AND_SELECTED_SKUS,KZ_SKU_EVIDENCE_REQUIRED,https://en.toboom.com.cn/product/1043.html,toboom-manufacturer-catalog.json
TOBOOM official,TOBOOM,TEX-26,1044,TEX-26,1,1,KZ_BRAND_AND_SELECTED_SKUS,KZ_SKU_EVIDENCE_REQUIRED,https://en.toboom.com.cn/product/1044.html,toboom-manufacturer-catalog.json
TOBOOM official,TOBOOM,TEX-24,1045,TEX-24,1,1,KZ_BRAND_AND_SELECTED_SKUS,KZ_SKU_EVIDENCE_REQUIRED,https://en.toboom.com.cn/product/1045.html,toboom-manufacturer-catalog.json
TOBOOM official,TOBOOM,TEX-21,1046,TEX-21,1,1,KZ_BRAND_AND_SELECTED_SKUS,KZ_SKU_EVIDENCE_REQUIRED,https://en.toboom.com.cn/product/1046.html,toboom-manufacturer-catalog.json
TOBOOM official,TOBOOM,TEX-20,1047,TEX-20,1,1,KZ_BRAND_AND_SELECTED_SKUS,KZ_SKU_EVIDENCE_REQUIRED,https://en.toboom.com.cn/product/1047.html,toboom-manufacturer-catalog.json
TOBOOM official,TOBOOM,TEX-12,1048,TEX-12,1,1,KZ_BRAND_AND_SELECTED_SKUS,KZ_SKU_EVIDENCE_REQUIRED,https://en.toboom.com.cn/product/1048.html,toboom-manufacturer-catalog.json
TOBOOM official,TOBOOM,TEX-11,1049,TEX-11,1,1,KZ_BRAND_AND_SELECTED_SKUS,KZ_SKU_EVIDENCE_REQUIRED,https://en.toboom.com.cn/product/1049.html,toboom-manufacturer-catalog.json
TOBOOM official,TOBOOM,TDI-42,1050,TDI-42,1,1,KZ_BRAND_AND_SELECTED_SKUS,KZ_SKU_EVIDENCE_REQUIRED,https://en.toboom.com.cn/product/1050.html,toboom-manufacturer-catalog.json
TOBOOM official,TOBOOM,TDI-41,1051,TDI-41,1,1,KZ_BRAND_AND_SELECTED_SKUS,KZ_SKU_EVIDENCE_REQUIRED,https://en.toboom.com.cn/product/1051.html,toboom-manufacturer-catalog.json
TOBOOM official,TOBOOM,TBR-49,1052,TBR-49,1,1,KZ_BRAND_AND_SELECTED_SKUS,KZ_SKU_EVIDENCE_REQUIRED,https://en.toboom.com.cn/product/1052.html,toboom-manufacturer-catalog.json
TOBOOM official,TOBOOM,TBR-46,1053,TBR-46,1,1,KZ_BRAND_AND_SELECTED_SKUS,KZ_SKU_EVIDENCE_REQUIRED,https://en.toboom.com.cn/product/1053.html,toboom-manufacturer-catalog.json
TOBOOM official,TOBOOM,TBR-45,1054,TBR-45,1,1,KZ_BRAND_AND_SELECTED_SKUS,KZ_SKU_EVIDENCE_REQUIRED,https://en.toboom.com.cn/product/1054.html,toboom-manufacturer-catalog.json
TOBOOM official,TOBOOM,TBR-41,1055,TBR-41,1,1,KZ_BRAND_AND_SELECTED_SKUS,KZ_SKU_EVIDENCE_REQUIRED,https://en.toboom.com.cn/product/1055.html,toboom-manufacturer-catalog.json
TOBOOM official,TOBOOM,TBR-40,1056,TBR-40,1,1,KZ_BRAND_AND_SELECTED_SKUS,KZ_SKU_EVIDENCE_REQUIRED,https://en.toboom.com.cn/product/1056.html,toboom-manufacturer-catalog.json
TOBOOM official,TOBOOM,TBR-31,1057,TBR-31,1,1,KZ_BRAND_AND_SELECTED_SKUS,KZ_SKU_EVIDENCE_REQUIRED,https://en.toboom.com.cn/product/1057.html,toboom-manufacturer-catalog.json
TOBOOM official,TOBOOM,TBC-43,1058,TBC-43,1,1,KZ_BRAND_AND_SELECTED_SKUS,KZ_SKU_EVIDENCE_REQUIRED,https://en.toboom.com.cn/product/1058.html,toboom-manufacturer-catalog.json
TOBOOM official,TOBOOM,TBC-42,1059,TBC-42,1,1,KZ_BRAND_AND_SELECTED_SKUS,KZ_SKU_EVIDENCE_REQUIRED,https://en.toboom.com.cn/product/1059.html,toboom-manufacturer-catalog.json
TOBOOM official,TOBOOM,TBC-31,1060,TBC-31,1,1,KZ_BRAND_AND_SELECTED_SKUS,KZ_SKU_EVIDENCE_REQUIRED,https://en.toboom.com.cn/product/1060.html,toboom-manufacturer-catalog.json
TOBOOM official,TOBOOM,TWR-13C,1061,TWR-13C,1,1,KZ_BRAND_AND_SELECTED_SKUS,KZ_SKU_EVIDENCE_REQUIRED,https://en.toboom.com.cn/product/1061.html,toboom-manufacturer-catalog.json
TOBOOM official,TOBOOM,TTR-62C,1062,TTR-62C,1,1,KZ_BRAND_AND_SELECTED_SKUS,KZ_SKU_EVIDENCE_REQUIRED,https://en.toboom.com.cn/product/1062.html,toboom-manufacturer-catalog.json
TOBOOM official,TOBOOM,TTF-13C,1063,TTF-13C,1,1,KZ_BRAND_AND_SELECTED_SKUS,KZ_SKU_EVIDENCE_REQUIRED,https://en.toboom.com.cn/product/1063.html,toboom-manufacturer-catalog.json
TOBOOM official,TOBOOM,TTC-11C,1064,TTC-11C,1,1,KZ_BRAND_AND_SELECTED_SKUS,KZ_SKU_EVIDENCE_REQUIRED,https://en.toboom.com.cn/product/1064.html,toboom-manufacturer-catalog.json
TOBOOM official,TOBOOM,TSI-47C,1065,TSI-47C,1,1,KZ_BRAND_AND_SELECTED_SKUS,KZ_SKU_EVIDENCE_REQUIRED,https://en.toboom.com.cn/product/1065.html,toboom-manufacturer-catalog.json
TOBOOM official,TOBOOM,TSF-12C,1066,TSF-12C,1,1,KZ_BRAND_AND_SELECTED_SKUS,KZ_SKU_EVIDENCE_REQUIRED,https://en.toboom.com.cn/product/1066.html,toboom-manufacturer-catalog.json
TOBOOM official,TOBOOM,TFO-54C,1067,TFO-54C,1,1,KZ_BRAND_AND_SELECTED_SKUS,KZ_SKU_EVIDENCE_REQUIRED,https://en.toboom.com.cn/product/1067.html,toboom-manufacturer-catalog.json
TOBOOM official,TOBOOM,TFO-32C,1068,TFO-32C,1,1,KZ_BRAND_AND_SELECTED_SKUS,KZ_SKU_EVIDENCE_REQUIRED,https://en.toboom.com.cn/product/1068.html,toboom-manufacturer-catalog.json
TOBOOM official,TOBOOM,TBR-31C,1069,TBR-31C,1,1,KZ_BRAND_AND_SELECTED_SKUS,KZ_SKU_EVIDENCE_REQUIRED,https://en.toboom.com.cn/product/1069.html,toboom-manufacturer-catalog.json
ВладМиВа official,ВладМиВа,АКСИЛ LC/5мл,aksil-lc-zashchitnyy-lak-sv-otv-vladmiva-,00000000003,1,1,KZ_BRAND_AND_SELECTED_SKUS,KZ_SKU_EVIDENCE_REQUIRED,https://www.vladmiva.ru/products/vspomogatelnye/aksil-lc-zashchitnyy-lak-sv-otv-vladmiva-/,vladmiva-dental-catalog.json
ВладМиВа official,ВладМиВа,АКСИЛ/ 5г,aksil-zashchitnaya-pasta-5g-vladmiva-,00000000002,1,1,KZ_BRAND_AND_SELECTED_SKUS,KZ_SKU_EVIDENCE_REQUIRED,https://www.vladmiva.ru/products/vspomogatelnye/aksil-zashchitnaya-pasta-5g-vladmiva-/,vladmiva-dental-catalog.json
ВладМиВа official,ВладМиВа,АНГИДРИН,angidrin-d-sushki-i-obezzhir-tv-tkaney-zuba-100ml-v,00000025850 | 00000000006 | 00000050714,3,3,KZ_BRAND_AND_SELECTED_SKUS,KZ_SKU_EVIDENCE_REQUIRED,https://www.vladmiva.ru/products/vspomogatelnye/angidrin-d-sushki-i-obezzhir-tv-tkaney-zuba-100ml-v/,vladmiva-dental-catalog.json
ВладМиВа official,ВладМиВа,БЕЛАБОНД/однокомпонентный светоотверждаемый самопротравливающий адгезив/5мл,adgeziv-belabond-sv-otv-1-no-komponen-samoprotra,00000013233,1,1,KZ_BRAND_AND_SELECTED_SKUS,KZ_SKU_EVIDENCE_REQUIRED,https://www.vladmiva.ru/products/vspomogatelnye/adgeziv-belabond-sv-otv-1-no-komponen-samoprotra/,vladmiva-dental-catalog.json
ВладМиВа official,ВладМиВа,БЕЛАБОНД/однокомпонентный светоотверждаемый/5мл,adgeziv-belabond-5-ml-univers-adgeziv-sv-otv-vladmiva,00000001318,1,1,KZ_BRAND_AND_SELECTED_SKUS,KZ_SKU_EVIDENCE_REQUIRED,https://www.vladmiva.ru/products/vspomogatelnye/adgeziv-belabond-5-ml-univers-adgeziv-sv-otv-vladmiva/,vladmiva-dental-catalog.json
ВладМиВа official,ВладМиВа,БЕЛАБОНД/светового отверждения (2-х компонентный)/5мл + 5мл + 5мл,adgeziv-belabond-sv-otv-2-kh-komponen-,00000013231,1,1,KZ_BRAND_AND_SELECTED_SKUS,KZ_SKU_EVIDENCE_REQUIRED,https://www.vladmiva.ru/products/vspomogatelnye/adgeziv-belabond-sv-otv-2-kh-komponen-/,vladmiva-dental-catalog.json
ВладМиВа official,ВладМиВа,БЕЛАБОНД/химического отверждения/5мл + 5мл + 5мл,adgeziv-belabond-univers-adgeziv-khim-otv-vladmiva,00000001729,1,1,KZ_BRAND_AND_SELECTED_SKUS,KZ_SKU_EVIDENCE_REQUIRED,https://www.vladmiva.ru/products/vspomogatelnye/adgeziv-belabond-univers-adgeziv-khim-otv-vladmiva/,vladmiva-dental-catalog.json
ВладМиВа official,ВладМиВа,БЕЛОЛИТ - С/125 мл,belolit-s-125ml-vladmiva_1,00000009396,1,1,KZ_BRAND_AND_SELECTED_SKUS,KZ_SKU_EVIDENCE_REQUIRED,https://www.vladmiva.ru/products/vspomogatelnye/belolit-s-125ml-vladmiva_1/,vladmiva-dental-catalog.json
ВладМиВа official,ВладМиВа,ГЕЛЬ для травления дентина/5мл,gel-dlya-travleniya-dentina-vladmiva-5-ml,00000000024,1,1,KZ_BRAND_AND_SELECTED_SKUS,KZ_SKU_EVIDENCE_REQUIRED,https://www.vladmiva.ru/products/vspomogatelnye/gel-dlya-travleniya-dentina-vladmiva-5-ml/,vladmiva-dental-catalog.json
ВладМиВа official,ВладМиВа,ГЕЛЬ для травления эмали,gel-dlya-travleniya-emali-100ml-vladmiva-_1,00000012187 | 00000007342 | 00000000025,3,2,KZ_BRAND_AND_SELECTED_SKUS,KZ_SKU_EVIDENCE_REQUIRED,https://www.vladmiva.ru/products/vspomogatelnye/gel-dlya-travleniya-emali-100ml-vladmiva-_1/,vladmiva-dental-catalog.json
ВладМиВа official,ВладМиВа,ГЕЛЬ ДЛЯ ТРАВЛЕНИЯ ЭМАЛИ И ДЕНТИНА НА ОРГАНИЧЕСКОЙОСНОВЕ,gel-dlya-travleniya-emali-na-organich-osnove-10ml-vladmiva,00000025861 | 00000010854,2,2,KZ_BRAND_AND_SELECTED_SKUS,KZ_SKU_EVIDENCE_REQUIRED,https://www.vladmiva.ru/products/vspomogatelnye/gel-dlya-travleniya-emali-na-organich-osnove-10ml-vladmiva/,vladmiva-dental-catalog.json
ВладМиВа official,ВладМиВа,ЖИДКОСТЬ для травления эмали/10 мл,zhidkost-dlya-travleniya-emali-10ml-vladmiva,00000055950,1,1,KZ_BRAND_AND_SELECTED_SKUS,KZ_SKU_EVIDENCE_REQUIRED,https://www.vladmiva.ru/products/vspomogatelnye/zhidkost-dlya-travleniya-emali-10ml-vladmiva/,vladmiva-dental-catalog.json
ВладМиВа official,ВладМиВа,КАПСИЛАЙТ/синяя паста/2 г х 4 шт,kapsilayt-pasta-sinyaya-2gkh4sht-vladmiva-,00000076644,1,2,KZ_BRAND_AND_SELECTED_SKUS,KZ_SKU_EVIDENCE_REQUIRED,https://www.vladmiva.ru/products/vspomogatelnye/kapsilayt-pasta-sinyaya-2gkh4sht-vladmiva-/,vladmiva-dental-catalog.json
ВладМиВа official,ВладМиВа,НАБОР ГЕЛЕЙ ДЛЯ ТРАВЛЕНИЯ ТВЕРДЫХ ТКАНЕЙ ЗУБА/5мл+ 5мл,gel-dlya-travleniya-emali-i-dentina-nabor-5ml-5ml-vladmiva-,00000000023,1,1,KZ_BRAND_AND_SELECTED_SKUS,KZ_SKU_EVIDENCE_REQUIRED,https://www.vladmiva.ru/products/vspomogatelnye/gel-dlya-travleniya-emali-i-dentina-nabor-5ml-5ml-vladmiva-/,vladmiva-dental-catalog.json
ВладМиВа official,ВладМиВа,"ПОЛИДЕНТ №4/белая, розовая/3г+3г",polident-n4-pasta-belaya-3g-pasta-rozovaya-3g-vladmiva,00000037859,1,1,KZ_BRAND_AND_SELECTED_SKUS,KZ_SKU_EVIDENCE_REQUIRED,https://www.vladmiva.ru/products/vspomogatelnye/polident-n4-pasta-belaya-3g-pasta-rozovaya-3g-vladmiva/,vladmiva-dental-catalog.json
ВладМиВа official,ВладМиВа,ПОЛИДЕНТ №4/белая,polident-n-4-pasta-belaya-d-predv-obr-3g-3g-vladmiva-,00000000098 | 00000007809,2,2,KZ_BRAND_AND_SELECTED_SKUS,KZ_SKU_EVIDENCE_REQUIRED,https://www.vladmiva.ru/products/vspomogatelnye/polident-n-4-pasta-belaya-d-predv-obr-3g-3g-vladmiva-/,vladmiva-dental-catalog.json
ВладМиВа official,ВладМиВа,ПОЛИДЕНТ №4/розовая,polident-n4-pasta-rozovaya-d-okonchat-obr-3g-3g-vladmiva,00000037857,1,3,KZ_BRAND_AND_SELECTED_SKUS,KZ_SKU_EVIDENCE_REQUIRED,https://www.vladmiva.ru/products/vspomogatelnye/polident-n4-pasta-rozovaya-d-okonchat-obr-3g-3g-vladmiva/,vladmiva-dental-catalog.json
ВладМиВа official,ВладМиВа,ЦЕМИОН/кондиционер/10мл,tsemion-konditsioner-10ml-vladmiva,00000001725,1,1,KZ_BRAND_AND_SELECTED_SKUS,KZ_SKU_EVIDENCE_REQUIRED,https://www.vladmiva.ru/products/vspomogatelnye/tsemion-konditsioner-10ml-vladmiva/,vladmiva-dental-catalog.json
ВладМиВа official,ВладМиВа,БЕЛОЛИТ/500 мл,belolit-lak-500ml-d-obrab-vosk-modeley-vladmiva-,00000026098,1,1,KZ_BRAND_AND_SELECTED_SKUS,KZ_SKU_EVIDENCE_REQUIRED,https://www.vladmiva.ru/products/zubotekhnicheskie/belolit-lak-500ml-d-obrab-vosk-modeley-vladmiva-/,vladmiva-dental-catalog.json
ВладМиВа official,ВладМиВа,БЕЛЭКТ,belekt-8-zern150-106-90mkm-5kg-vladmiva,00000002113 | 00000001289 | 00000001840 | 00000000136 | 00000000137 | 00000003812 | 00000001892,7,1,KZ_BRAND_AND_SELECTED_SKUS,KZ_SKU_EVIDENCE_REQUIRED,https://www.vladmiva.ru/products/zubotekhnicheskie/belekt-8-zern150-106-90mkm-5kg-vladmiva/,vladmiva-dental-catalog.json
ВладМиВа official,ВладМиВа,ИЗАЛЬГИН/1 л,izalgin-lak-razdelit-1l-vladmiva,00000025923,1,1,KZ_BRAND_AND_SELECTED_SKUS,KZ_SKU_EVIDENCE_REQUIRED,https://www.vladmiva.ru/products/zubotekhnicheskie/izalgin-lak-razdelit-1l-vladmiva/,vladmiva-dental-catalog.json
ВладМиВа official,ВладМиВа,ИЗАЛЬГИН/125 мл,izalgin-lak-razdelit-125ml-vladmiva,00000001233,1,1,KZ_BRAND_AND_SELECTED_SKUS,KZ_SKU_EVIDENCE_REQUIRED,https://www.vladmiva.ru/products/zubotekhnicheskie/izalgin-lak-razdelit-125ml-vladmiva/,vladmiva-dental-catalog.json
ВладМиВа official,ВладМиВа,ИЗАЛЬГИН/500 мл,izalgin-lak-razdelit-500ml-vladmiva,00000018711,1,1,KZ_BRAND_AND_SELECTED_SKUS,KZ_SKU_EVIDENCE_REQUIRED,https://www.vladmiva.ru/products/zubotekhnicheskie/izalgin-lak-razdelit-500ml-vladmiva/,vladmiva-dental-catalog.json
ВладМиВа official,ВладМиВа,ИЗОСПРЕЙ/лак разделительный гипса от гипса,izosprey-lak-razdelit-g-g-0-5l-vladmiva,00000060789 | 00000056116,2,2,KZ_BRAND_AND_SELECTED_SKUS,KZ_SKU_EVIDENCE_REQUIRED,https://www.vladmiva.ru/products/zubotekhnicheskie/izosprey-lak-razdelit-g-g-0-5l-vladmiva/,vladmiva-dental-catalog.json
ВладМиВа official,ВладМиВа,НОЛАТЕК - БЛОК,nolatek-blok-15-19-39-a0-blich,00000088147 | 00000088146 | 00000086609 | 00000086481 | 00000086482 | 00000086483 | 00000086484 | 00000086485 | 00000092882 | 00000092080 | 00000095645 | 00000095364 | 00000095361 | 00000095362 | 00000095363 | 00000095365 | 00000092068 | 00000093122 | 00000056553 | 00000092072 | 00000095790,21,38,KZ_BRAND_AND_SELECTED_SKUS,KZ_SKU_EVIDENCE_REQUIRED,https://www.vladmiva.ru/products/zubotekhnicheskie/nolatek-blok-15-19-39-a0-blich/,vladmiva-dental-catalog.json
ВладМиВа official,ВладМиВа,"НОЛАТЕК - опаковая масса/розовая (DO1)/1,8 г",nolatek-opakovaya-massa-do1-rozovaya-1-8g-vmv,00000043543,1,1,KZ_BRAND_AND_SELECTED_SKUS,KZ_SKU_EVIDENCE_REQUIRED,https://www.vladmiva.ru/products/zubotekhnicheskie/nolatek-opakovaya-massa-do1-rozovaya-1-8g-vmv/,vladmiva-dental-catalog.json
ВладМиВа official,ВладМиВа,ОТБЕЛ,otbel-125ml-zhid-d-otbeliv-nerzh-stali-vladmiva,00000001316 | 00000004631 | 00000033451,3,3,KZ_BRAND_AND_SELECTED_SKUS,KZ_SKU_EVIDENCE_REQUIRED,https://www.vladmiva.ru/products/zubotekhnicheskie/otbel-125ml-zhid-d-otbeliv-nerzh-stali-vladmiva/,vladmiva-dental-catalog.json
ВладМиВа official,ВладМиВа,ПОЛИСЕТ - ПОРОШОК,poliset-poroshok-z-tekh-2kg-vladmiva,00000012037 | 00000001303,2,2,KZ_BRAND_AND_SELECTED_SKUS,KZ_SKU_EVIDENCE_REQUIRED,https://www.vladmiva.ru/products/zubotekhnicheskie/poliset-poroshok-z-tekh-2kg-vladmiva/,vladmiva-dental-catalog.json
ВладМиВа official,ВладМиВа,ПОЛИСЕТ №1/100 г,poliset-n-1-100-g-vladmiva-,00000034836,1,1,KZ_BRAND_AND_SELECTED_SKUS,KZ_SKU_EVIDENCE_REQUIRED,https://www.vladmiva.ru/products/zubotekhnicheskie/poliset-n-1-100-g-vladmiva-/,vladmiva-dental-catalog.json
ВладМиВа official,ВладМиВа,ПОЛИСЕТ №2/100 г,poliset-n-2-100-g-vladmiva-,00000034837,1,1,KZ_BRAND_AND_SELECTED_SKUS,KZ_SKU_EVIDENCE_REQUIRED,https://www.vladmiva.ru/products/zubotekhnicheskie/poliset-n-2-100-g-vladmiva-/,vladmiva-dental-catalog.json
ВладМиВа official,ВладМиВа,ПОЛИСЕТ №3/100 г,poliset-n-3-100-g-vladmiva-,00000034838,1,1,KZ_BRAND_AND_SELECTED_SKUS,KZ_SKU_EVIDENCE_REQUIRED,https://www.vladmiva.ru/products/zubotekhnicheskie/poliset-n-3-100-g-vladmiva-/,vladmiva-dental-catalog.json
ВладМиВа official,ВладМиВа,ПОЛИСЕТ №4/400 г,poliset-n-4-400g-na-vodnoy-osnove-d-plas-vladmiva,00000001632,1,1,KZ_BRAND_AND_SELECTED_SKUS,KZ_SKU_EVIDENCE_REQUIRED,https://www.vladmiva.ru/products/zubotekhnicheskie/poliset-n-4-400g-na-vodnoy-osnove-d-plas-vladmiva/,vladmiva-dental-catalog.json
ВладМиВа official,ВладМиВа,ПРОВОЛОКА ПРИПОЯ СЕРЕБРЯНОГО ПСрМц-37/40 г,pripoy-psrmts-40-0g-s-flyusom-vladmiva,00000000115,1,1,KZ_BRAND_AND_SELECTED_SKUS,KZ_SKU_EVIDENCE_REQUIRED,https://www.vladmiva.ru/products/zubotekhnicheskie/pripoy-psrmts-40-0g-s-flyusom-vladmiva/,vladmiva-dental-catalog.json
ВладМиВа official,ВладМиВа,СПЛАВ ЛЕГКОПЛАВКИЙ/60 г,splav-legkoplavkiy-vladmiva-60-g,00000000120,1,1,KZ_BRAND_AND_SELECTED_SKUS,KZ_SKU_EVIDENCE_REQUIRED,https://www.vladmiva.ru/products/zubotekhnicheskie/splav-legkoplavkiy-vladmiva-60-g/,vladmiva-dental-catalog.json
ВладМиВа official,ВладМиВа,ЭСТКЕР/диски/3D PRO MULTILAYER/C,estker-disk-3d-pro-ml-c1-98-12mm-vmv,00000071645 | 00000071772 | 00000071773 | 00000078406 | 00000078407 | 00000078408 | 00000078409 | 00000071644 | 00000071774 | 00000071775 | 00000067771 | 00000078410 | 00000078411 | 00000078412 | 00000071790 | 00000071776 | 00000071777 | 00000078413 | 00000078414 | 00000078415 | 00000078416,21,1,KZ_BRAND_AND_SELECTED_SKUS,KZ_SKU_EVIDENCE_REQUIRED,https://www.vladmiva.ru/products/zubotekhnicheskie/estker-disk-3d-pro-ml-c1-98-12mm-vmv/,vladmiva-dental-catalog.json
ВладМиВа official,ВладМиВа,ЭСТКЕР/диски/3D PRO MULTILAYER/D,estker-disk-3d-pro-ml-d2-98-12mm-vmv,00000071788 | 00000071768 | 00000071769 | 00000078417 | 00000078418 | 00000078419 | 00000078420 | 00000071789 | 00000071770 | 00000071771 | 00000078421 | 00000078422 | 00000078188 | 00000078189 | 00000078190 | 00000078191 | 00000078192 | 00000078193 | 00000078194 | 00000078195 | 00000078196,21,1,KZ_BRAND_AND_SELECTED_SKUS,KZ_SKU_EVIDENCE_REQUIRED,https://www.vladmiva.ru/products/zubotekhnicheskie/estker-disk-3d-pro-ml-d2-98-12mm-vmv/,vladmiva-dental-catalog.json
ВладМиВа official,ВладМиВа,ЭСТКЕР/диски/3D PRO MULTILAYER/А,estker-disk-3d-pro-ml-a1-98-12mm-vmv,00000065023 | 00000065024 | 00000065025 | 00000065026 | 00000065027 | 00000065029 | 00000065030 | 00000065031 | 00000065032 | 00000065033 | 00000065034 | 00000065035 | 00000065036 | 00000065045 | 00000065047 | 00000078175 | 00000065050 | 00000065051 | 00000065052 | 00-00065053 | 00000065037 | 00000065038 | 00000065039 | 00000065040 | 00000065041 | 00000065042 | 00000065044 | 00000078316 | 00000078264 | 00000078317 | 00000078318 | 00000078319 | 00000078320,33,1,KZ_BRAND_AND_SELECTED_SKUS,KZ_SKU_EVIDENCE_REQUIRED,https://www.vladmiva.ru/products/zubotekhnicheskie/estker-disk-3d-pro-ml-a1-98-12mm-vmv/,vladmiva-dental-catalog.json
ВладМиВа official,ВладМиВа,ЭСТКЕР/диски/3D PRO MULTILAYER/В,estker-disk-3d-pro-ml-b1-98-12mm-vmv,00000065054 | 00000065055 | 00000065056 | 00000065057 | 00000065058 | 00000065059 | 00000065060 | 00000071646 | 00000067772 | 00000067773 | 00000067774 | 00000067775 | 00000078321 | 00000078322 | 00000078323 | 00000078265 | 00000078176 | 00000078324 | 00000078325 | 00000078326 | 00000078327 | 00000078328 | 00000078266 | 00000078177 | 00000078401 | 00000078402 | 00000078403 | 00000078404,28,1,KZ_BRAND_AND_SELECTED_SKUS,KZ_SKU_EVIDENCE_REQUIRED,https://www.vladmiva.ru/products/zubotekhnicheskie/estker-disk-3d-pro-ml-b1-98-12mm-vmv/,vladmiva-dental-catalog.json
ВладМиВа official,ВладМиВа,ЭСТКЕР/диски/3D PRO MULTILAYER/ВL,estker-disk-3d-pro-ml-bl1-98-12mm-vmv,00000071647 | 00000071695 | 00000067976 | 00000067977 | 00000078178 | 00000078179 | 00000078180 | 00-00077280 | 00000071763 | 00000071761 | 00000071764 | 00000078181 | 00000078182 | 00000078183 | 00000071786 | 00000071765 | 00000071766 | 00000071767 | 00000078184 | 00000078185 | 00000078186 | 00000078405 | 00000078187,23,1,KZ_BRAND_AND_SELECTED_SKUS,KZ_SKU_EVIDENCE_REQUIRED,https://www.vladmiva.ru/products/zubotekhnicheskie/estker-disk-3d-pro-ml-bl1-98-12mm-vmv/,vladmiva-dental-catalog.json
ВладМиВа official,ВладМиВа,ЭСТКЕР/диски/HT-PLUS,estker-disk-ht-plus-98-10mm-vmv,00000065061 | 00000065062 | 00000065063 | 00000065064 | 00000065065 | 00000065066 | 00000065067 | 00000065068,8,1,KZ_BRAND_AND_SELECTED_SKUS,KZ_SKU_EVIDENCE_REQUIRED,https://www.vladmiva.ru/products/zubotekhnicheskie/estker-disk-ht-plus-98-10mm-vmv/,vladmiva-dental-catalog.json
ВладМиВа official,ВладМиВа,ЭСТКЕР/диски/HT-PRESHADED/A,estker-disk-ht-preshaded-a1-98-14mm-vmv,00000071780 | 00000071863 | 00000078424 | 00000071782 | 00000071912 | 00000078423 | 00000078425 | 00000078471 | 00000078518 | 00000071785 | 00000071864 | 00000078517 | 00000078426 | 00000078472 | 00000078519,15,1,KZ_BRAND_AND_SELECTED_SKUS,KZ_SKU_EVIDENCE_REQUIRED,https://www.vladmiva.ru/products/zubotekhnicheskie/estker-disk-ht-preshaded-a1-98-14mm-vmv/,vladmiva-dental-catalog.json
ВладМиВа official,ВладМиВа,ЭСТКЕР/диски/HT-PRESHADED/D,estker-disk-ht-preshaded-d2-98-14mm-vmv,00000078434 | 00000078480 | 00000078435 | 00000078481 | 00000078528 | 00000078482 | 00000078529 | 00000078436,8,1,KZ_BRAND_AND_SELECTED_SKUS,KZ_SKU_EVIDENCE_REQUIRED,https://www.vladmiva.ru/products/zubotekhnicheskie/estker-disk-ht-preshaded-d2-98-14mm-vmv/,vladmiva-dental-catalog.json
ВладМиВа official,ВладМиВа,ЭСТКЕР/диски/HT-PRESHADED/В,estker-disk-ht-preshaded-b1-98-14mm-vmv,00000078427 | 00000078473 | 00000078520 | 00000078428 | 00000078474 | 00000078521 | 00000078429 | 00000078475 | 00000078522 | 00000078430 | 00000078476 | 00000078523,12,1,KZ_BRAND_AND_SELECTED_SKUS,KZ_SKU_EVIDENCE_REQUIRED,https://www.vladmiva.ru/products/zubotekhnicheskie/estker-disk-ht-preshaded-b1-98-14mm-vmv/,vladmiva-dental-catalog.json
ВладМиВа official,ВладМиВа,ЭСТКЕР/диски/HT-PRESHADED/С,estker-disk-ht-preshaded-c1-98-14mm-vmv,00000078431 | 00000078477 | 00000078524 | 00000078432 | 00000078478 | 00000078525 | 00000078433 | 00000078479 | 00000078526,9,1,KZ_BRAND_AND_SELECTED_SKUS,KZ_SKU_EVIDENCE_REQUIRED,https://www.vladmiva.ru/products/zubotekhnicheskie/estker-disk-ht-preshaded-c1-98-14mm-vmv/,vladmiva-dental-catalog.json
ВладМиВа official,ВладМиВа,ЭСТКЕР/диски/ST- PRESHADED/А,estker-disk-st-preshaded-a1-98-16mm-vmv,00000065094 | 00000065095,2,1,KZ_BRAND_AND_SELECTED_SKUS,KZ_SKU_EVIDENCE_REQUIRED,https://www.vladmiva.ru/products/zubotekhnicheskie/estker-disk-st-preshaded-a1-98-16mm-vmv/,vladmiva-dental-catalog.json
ВладМиВа official,ВладМиВа,ЭСТКЕР/диски/ST-PLUS MULTILAYER/BL,estker-disk-st-plus-ml-bleach-1-98-14mm-vmv,00000065082 | 00000065084 | 00000065085 | 00000065086 | 00000065087 | 00000065081 | 00000065083,7,1,KZ_BRAND_AND_SELECTED_SKUS,KZ_SKU_EVIDENCE_REQUIRED,https://www.vladmiva.ru/products/zubotekhnicheskie/estker-disk-st-plus-ml-bleach-1-98-14mm-vmv/,vladmiva-dental-catalog.json
ВладМиВа official,ВладМиВа,ЭСТКЕР/диски/ST-PLUS MULTILAYER/А,estker-disk-st-plus-ml-a1-98-12mm-vmv,00000065069 | 00000065073 | 00000065074 | 00000067776 | 00000071778 | 00000078197 | 00000078198 | 00000065072 | 00000067777 | 00000078199 | 00000078200 | 00000065078 | 00000065079 | 00000065080 | 00000065075 | 00000065076 | 00000065077 | 00000067779 | 00000078201 | 00000078202,20,1,KZ_BRAND_AND_SELECTED_SKUS,KZ_SKU_EVIDENCE_REQUIRED,https://www.vladmiva.ru/products/zubotekhnicheskie/estker-disk-st-plus-ml-a1-98-12mm-vmv/,vladmiva-dental-catalog.json
ВладМиВа official,ВладМиВа,ЭСТКЕР/диски/ST-PLUS PRESHADED/А,estker-disk-st-plus-preshaded-a1-98-14mm-vmv,00000065088 | 00000065089 | 00000065090 | 00000065091 | 00000067780 | 00000065092 | 00000065093 | 00000067781,8,1,KZ_BRAND_AND_SELECTED_SKUS,KZ_SKU_EVIDENCE_REQUIRED,https://www.vladmiva.ru/products/zubotekhnicheskie/estker-disk-st-plus-preshaded-a1-98-14mm-vmv/,vladmiva-dental-catalog.json
ВладМиВа official,ВладМиВа,ЭСТКЕР/диски/ST-PRESHADED/А,estker-disk-st-preshaded-a2-98-14mm-vmv,00000067415 | 00000065096 | 00000065097 | 00000065100 | 00000065101 | 00000065098 | 00000065099,7,1,KZ_BRAND_AND_SELECTED_SKUS,KZ_SKU_EVIDENCE_REQUIRED,https://www.vladmiva.ru/products/zubotekhnicheskie/estker-disk-st-preshaded-a2-98-14mm-vmv/,vladmiva-dental-catalog.json
ВладМиВа official,ВладМиВа,ЭСТКЕР/диски/UT MULTILAYER/А,estker-disk-ut-ml-d3-98-16mm-vmv,00000078457 | 00000078440 | 00000078439 | 00000078441 | 00000071866 | 0000071867 | 00000078437 | 00000071869 | 00000078220 | 00000071913 | 00000078221,11,1,KZ_BRAND_AND_SELECTED_SKUS,KZ_SKU_EVIDENCE_REQUIRED,https://www.vladmiva.ru/products/zubotekhnicheskie/estker-disk-ut-ml-d3-98-16mm-vmv/,vladmiva-dental-catalog.json
ВладМиВа official,ВладМиВа,ЭСТКЕР/диски/UT MULTILAYER/В,estker-disk-ut-ml-a2-98-14mm-vmv,00000071868 | 00000078442 | 00000078443 | 0000078444 | 00000078445 | 00000078446 | 00000078448 | 00000078447,8,1,KZ_BRAND_AND_SELECTED_SKUS,KZ_SKU_EVIDENCE_REQUIRED,https://www.vladmiva.ru/products/zubotekhnicheskie/estker-disk-ut-ml-a2-98-14mm-vmv/,vladmiva-dental-catalog.json
ВладМиВа official,ВладМиВа,ЭСТКЕР/диски/UT MULTILAYER/С,estker-disk-ut-ml-b2-98-16mm-vmv,00000078443 | 00000078450 | 00000078451 | 00000078452 | 00000078453 | 00000078454,6,1,KZ_BRAND_AND_SELECTED_SKUS,KZ_SKU_EVIDENCE_REQUIRED,https://www.vladmiva.ru/products/zubotekhnicheskie/estker-disk-ut-ml-b2-98-16mm-vmv/,vladmiva-dental-catalog.json
ВладМиВа official,ВладМиВа,ЭСТКЕР/диски/UT-PRESHADED/А,estker-disk-ut-ml-c1-98-16mm-vmv,00000078449 | 00000065109,2,1,KZ_BRAND_AND_SELECTED_SKUS,KZ_SKU_EVIDENCE_REQUIRED,https://www.vladmiva.ru/products/zubotekhnicheskie/estker-disk-ut-ml-c1-98-16mm-vmv/,vladmiva-dental-catalog.json
ВладМиВа official,ВладМиВа,ЭСТКЕР/диски/UT MULTILAYER/С,estker-disk-ut-ml-c2-98-16mm-vmv,00000078451 | 00000078452,2,1,KZ_BRAND_AND_SELECTED_SKUS,KZ_SKU_EVIDENCE_REQUIRED,https://www.vladmiva.ru/products/zubotekhnicheskie/estker-disk-ut-ml-c2-98-16mm-vmv/,vladmiva-dental-catalog.json
ВладМиВа official,ВладМиВа,ЭСТКЕР/диски/UT MULTILAYER/С,estker-disk-ut-ml-c3-98-16mm-vmv,00000078453 | 00000078454,2,1,KZ_BRAND_AND_SELECTED_SKUS,KZ_SKU_EVIDENCE_REQUIRED,https://www.vladmiva.ru/products/zubotekhnicheskie/estker-disk-ut-ml-c3-98-16mm-vmv/,vladmiva-dental-catalog.json
ВладМиВа official,ВладМиВа,ЭСТКЕР/диски/UT-PRESHADED/А,estker-disk-ut-preshaded-a2-98-16mm-vmv,00000065108 | 00000065109,2,1,KZ_BRAND_AND_SELECTED_SKUS,KZ_SKU_EVIDENCE_REQUIRED,https://www.vladmiva.ru/products/zubotekhnicheskie/estker-disk-ut-preshaded-a2-98-16mm-vmv/,vladmiva-dental-catalog.json
ВладМиВа official,ВладМиВа,БЕЛОВАКС - Л/20 г,vosk-lavaks-belovaks-l-20g-vladmiva,00000056117,1,1,KZ_BRAND_AND_SELECTED_SKUS,KZ_SKU_EVIDENCE_REQUIRED,https://www.vladmiva.ru/products/voska/vosk-lavaks-belovaks-l-20g-vladmiva/,vladmiva-dental-catalog.json
ВладМиВа official,ВладМиВа,БЕЛОВАКС базисный,vosk-bazisnyy-belovaks-b-500g-myagkiy-vladmiva,00000006999 | 00000024008 | 00000008524,3,4,KZ_BRAND_AND_SELECTED_SKUS,KZ_SKU_EVIDENCE_REQUIRED,https://www.vladmiva.ru/products/voska/vosk-bazisnyy-belovaks-b-500g-myagkiy-vladmiva/,vladmiva-dental-catalog.json
ВладМиВа official,ВладМиВа,БЕЛОВАКС валики,vosk-belovaks-valiki-prikusnye-150g-vmv,00000009308,1,2,KZ_BRAND_AND_SELECTED_SKUS,KZ_SKU_EVIDENCE_REQUIRED,https://www.vladmiva.ru/products/voska/vosk-belovaks-valiki-prikusnye-150g-vmv/,vladmiva-dental-catalog.json
ВладМиВа official,ВладМиВа,БЕЛОВАКС зуботехнический для CAD/CAM фрезерования,vosk-belovaks-modelirovochnyy-d98-12mm-belyy,00000071709 | 00000071865 | 00000071839 | 00000071710 | 00000071692 | 00000071693 | 00000071694 | 00000085900 | 00000085906 | 00000072032 | 00000072033 | 00000072034 | 00000072035 | 00000072029 | 00000072030 | 00000072031 | 00000024554 | 00000032615 | 00000032616 | 00000062433 | 00000004560 | 00000004545 | 00000052553 | 00000085983 | 00000085989 | 00000085992 | 00000085995 | 00000085998 | 00000086001 | 00000086004 | 00000085987 | 00000085990 | 00000085993 | 00000085996 | 00000085999 | 00000086002 | 00000086005 | 00000085901 | 00000085902 | 00000085903 | 00000085904 | 00000085905 | 00000085988 | 00000085991 | 00000085994 | 00000085997 | 00000086000 | 00000086003 | 00000086006,49,5,KZ_BRAND_AND_SELECTED_SKUS,KZ_SKU_EVIDENCE_REQUIRED,https://www.vladmiva.ru/products/voska/vosk-belovaks-modelirovochnyy-d98-12mm-belyy/,vladmiva-dental-catalog.json
ВладМиВа official,ВладМиВа,БЕЛОВАКС липкий/50 г,vosk-lipkiy-belovaks-vladmiva,00000012637,1,1,KZ_BRAND_AND_SELECTED_SKUS,KZ_SKU_EVIDENCE_REQUIRED,https://www.vladmiva.ru/products/voska/vosk-lipkiy-belovaks-vladmiva/,vladmiva-dental-catalog.json
ВладМиВа official,ВладМиВа,БЕЛОВАКС литьевой/мягкий,voskovaya-nit-belovaks-100-g-sinyaya-1-mm-myagkaya-vmv,00000022676 | 00000022681 | 00000022677 | 00000022682 | 00000022678 | 00000022684 | 00000022679 | 00000022683 | 00000022680,9,1,KZ_BRAND_AND_SELECTED_SKUS,KZ_SKU_EVIDENCE_REQUIRED,https://www.vladmiva.ru/products/voska/voskovaya-nit-belovaks-100-g-sinyaya-1-mm-myagkaya-vmv/,vladmiva-dental-catalog.json
ВладМиВа official,ВладМиВа,БЕЛОВАКС литьевой/набор стержней,vosk-belovaks-litevoy-nab-sterzh-zheltyy-150g-vmv,00000025918 | 00000025919,2,1,KZ_BRAND_AND_SELECTED_SKUS,KZ_SKU_EVIDENCE_REQUIRED,https://www.vladmiva.ru/products/voska/vosk-belovaks-litevoy-nab-sterzh-zheltyy-150g-vmv/,vladmiva-dental-catalog.json
ВладМиВа official,ВладМиВа,БЕЛОВАКС литьевой/сверхмягкий,voskovaya-nit-belovaks-100g-1-5mm-zheltaya-sverkhmyag,00000022667 | 00000022668 | 00000022669 | 00000022670 | 00000022671 | 00000022672 | 00000022674 | 00000022675,8,1,KZ_BRAND_AND_SELECTED_SKUS,KZ_SKU_EVIDENCE_REQUIRED,https://www.vladmiva.ru/products/voska/voskovaya-nit-belovaks-100g-1-5mm-zheltaya-sverkhmyag/,vladmiva-dental-catalog.json
ВладМиВа official,ВладМиВа,БЕЛОВАКС литьевой/сверхтвердый,voskovaya-nit-belovaks-100g-krasnaya-1mm-sverkhtverd,00000022695 | 00000022700 | 00000022696 | 00000022701 | 00000022697 | 00000022703 | 00000022698 | 00000022704 | 00000022699,9,1,KZ_BRAND_AND_SELECTED_SKUS,KZ_SKU_EVIDENCE_REQUIRED,https://www.vladmiva.ru/products/voska/voskovaya-nit-belovaks-100g-krasnaya-1mm-sverkhtverd/,vladmiva-dental-catalog.json
ВладМиВа official,ВладМиВа,БЕЛОВАКС литьевой/твердый,voskovaya-nit-belovaks-100g-zelenaya1mm-tverdaya,00000022685 | 00000022690 | 00000022686 | 00000022691 | 00000022687 | 00000022693 | 00000022688 | 00000022692 | 00000022689,9,1,KZ_BRAND_AND_SELECTED_SKUS,KZ_SKU_EVIDENCE_REQUIRED,https://www.vladmiva.ru/products/voska/voskovaya-nit-belovaks-100g-zelenaya1mm-tverdaya/,vladmiva-dental-catalog.json
ВладМиВа official,ВладМиВа,БЕЛОВАКС моделировочный,vosk-modelirov-krasnyy-belovaks-m-vladmiva-55g,00000023939 | 00000025998 | 00000021846 | 00000025920,4,4,KZ_BRAND_AND_SELECTED_SKUS,KZ_SKU_EVIDENCE_REQUIRED,https://www.vladmiva.ru/products/voska/vosk-modelirov-krasnyy-belovaks-m-vladmiva-55g/,vladmiva-dental-catalog.json
ВладМиВа official,ВладМиВа,БЕЛОВАКС погружной/150 г,vosk-pogruzhnoy-belovaks-150-g-vmv,00000022287,1,1,KZ_BRAND_AND_SELECTED_SKUS,KZ_SKU_EVIDENCE_REQUIRED,https://www.vladmiva.ru/products/voska/vosk-pogruzhnoy-belovaks-150-g-vmv/,vladmiva-dental-catalog.json
ВладМиВа official,ВладМиВа,БЕЛОФОРМ,beloform-zhid-1l-vladmiva,00000005022 | 00000005098 | 00000005015 | 00000004868 | 00000004599,5,4,KZ_BRAND_AND_SELECTED_SKUS,KZ_SKU_EVIDENCE_REQUIRED,https://www.vladmiva.ru/products/vspomogatelnye2/beloform-zhid-1l-vladmiva/,vladmiva-dental-catalog.json
ВладМиВа official,ВладМиВа,"БЕЛОФОРМ/для отливки коронок и мостов/160 г х 32 шт+1,0 л",beloform-komplekt-poroshok0-160kg-32sht-1l-zhidk-d-otlivki-koronok-i-mostov-vladmiva,00000063461,1,1,KZ_BRAND_AND_SELECTED_SKUS,KZ_SKU_EVIDENCE_REQUIRED,https://www.vladmiva.ru/products/vspomogatelnye2/beloform-komplekt-poroshok0-160kg-32sht-1l-zhidk-d-otlivki-koronok-i-mostov-vladmiva/,vladmiva-dental-catalog.json
ВладМиВа official,ВладМиВа,БЕЛОФОРМ/комплект,beloform-poroshok-0-160kg-12sht-0-4lzhid-ok-vladmiva,00000005135 | 00000005098,2,2,KZ_BRAND_AND_SELECTED_SKUS,KZ_SKU_EVIDENCE_REQUIRED,https://www.vladmiva.ru/products/vspomogatelnye2/beloform-poroshok-0-160kg-12sht-0-4lzhid-ok-vladmiva/,vladmiva-dental-catalog.json
ВладМиВа official,ВладМиВа,БЕЛАКРИЛ - М /жидкость/150 мл,belakril-m-zhidkost-150-ml-vmv-monomer-akr-7,00000044903,1,1,KZ_BRAND_AND_SELECTED_SKUS,KZ_SKU_EVIDENCE_REQUIRED,https://www.vladmiva.ru/products/plastmassy/belakril-m-zhidkost-150-ml-vmv-monomer-akr-7/,vladmiva-dental-catalog.json
ВладМиВа official,ВладМиВа,БЕЛАКРИЛ - М ГО /жидкость,belakril-m-go-zhidkost-1l-vmv-monomer-f-e,00000043522 | 00000044902 | 00000067673,3,3,KZ_BRAND_AND_SELECTED_SKUS,KZ_SKU_EVIDENCE_REQUIRED,https://www.vladmiva.ru/products/plastmassy/belakril-m-go-zhidkost-1l-vmv-monomer-f-e/,vladmiva-dental-catalog.json
ВладМиВа official,ВладМиВа,БЕЛАКРИЛ - М ГО С,belakril-m-go-s-10-por-40gkh2-zhidk-40g,00000075279 | 00000075280 | 00000075281 | 00000075282 | 00000075283 | 00000075285 | 00000075286 | 00000075284 | 00000067681,9,5,KZ_BRAND_AND_SELECTED_SKUS,KZ_SKU_EVIDENCE_REQUIRED,https://www.vladmiva.ru/products/plastmassy/belakril-m-go-s-10-por-40gkh2-zhidk-40g/,vladmiva-dental-catalog.json
ВладМиВа official,ВладМиВа,БЕЛАКРИЛ - М ГО С/жидкость/150г,belakril-m-go-s-zhidkost-150ml-vmv-dlya-sinmy,00000058773,1,1,KZ_BRAND_AND_SELECTED_SKUS,KZ_SKU_EVIDENCE_REQUIRED,https://www.vladmiva.ru/products/plastmassy/belakril-m-go-s-zhidkost-150ml-vmv-dlya-sinmy/,vladmiva-dental-catalog.json
ВладМиВа official,ВладМиВа,БЕЛАКРИЛ - М ГО ТЕМПО,belakril-m-go-tempo-a1-nabor80g-zhidk-40ml-vmv,00000079349 | 00000067677 | 00000067678 | 00000068956 | 00000075256 | 00000075257 | 00000078515,7,1,KZ_BRAND_AND_SELECTED_SKUS,KZ_SKU_EVIDENCE_REQUIRED,https://www.vladmiva.ru/products/plastmassy/belakril-m-go-tempo-a1-nabor80g-zhidk-40ml-vmv/,vladmiva-dental-catalog.json
ВладМиВа official,ВладМиВа,БЕЛАКРИЛ - М ГО/бесцветная,belakril-m-go-poroshok-bestsvetnyy-300g-vmv,00000066235 | 00000045540 | 00000080072,3,4,KZ_BRAND_AND_SELECTED_SKUS,KZ_SKU_EVIDENCE_REQUIRED,https://www.vladmiva.ru/products/plastmassy/belakril-m-go-poroshok-bestsvetnyy-300g-vmv/,vladmiva-dental-catalog.json
ВладМиВа official,ВладМиВа,БЕЛАКРИЛ - М ГО/опаковая розовая с прожилками,belakril-m-go-opak-rozovaya-s-prozhilkami-nabor-300g-150g-vmv,00000045531 | 00000067116,2,4,KZ_BRAND_AND_SELECTED_SKUS,KZ_SKU_EVIDENCE_REQUIRED,https://www.vladmiva.ru/products/plastmassy/belakril-m-go-opak-rozovaya-s-prozhilkami-nabor-300g-150g-vmv/,vladmiva-dental-catalog.json
ВладМиВа official,ВладМиВа,БЕЛАКРИЛ - М ГО/полупрозрачная розовая с прожилками,belakril-m-go-poroshok-p-prozrachnyy-1000g-vmv,00000073286 | 00000043520 | 00000045532 | 00000067182,4,1,KZ_BRAND_AND_SELECTED_SKUS,KZ_SKU_EVIDENCE_REQUIRED,https://www.vladmiva.ru/products/plastmassy/belakril-m-go-poroshok-p-prozrachnyy-1000g-vmv/,vladmiva-dental-catalog.json
ВладМиВа official,ВладМиВа,БЕЛАКРИЛ - М ГО/прозрачная розовая с прожилками,belakril-m-go-prozrach-rozovaya-s-prozhilkami-nabor-300g-150g-vmv,00000043379 | 00000067117,2,2,KZ_BRAND_AND_SELECTED_SKUS,KZ_SKU_EVIDENCE_REQUIRED,https://www.vladmiva.ru/products/plastmassy/belakril-m-go-prozrach-rozovaya-s-prozhilkami-nabor-300g-150g-vmv/,vladmiva-dental-catalog.json
ВладМиВа official,ВладМиВа,БЕЛАКРИЛ - М ХО /полупрозрачная розовая с прожилками,belakril-m-kho-poroshok-300g-vmv,00000043377 | 00000043523,2,2,KZ_BRAND_AND_SELECTED_SKUS,KZ_SKU_EVIDENCE_REQUIRED,https://www.vladmiva.ru/products/plastmassy/belakril-m-kho-poroshok-300g-vmv/,vladmiva-dental-catalog.json
ВладМиВа official,ВладМиВа,"БЕЛАКРИЛ - М ХО ВК/набор/А1, А3, А4/3х20 г + 40 мл",belakril-m-kho-vk-nabor-a1-a3-a4-por-3kh20g-zhidk-40ml-vladmiva,00000067683,1,1,KZ_BRAND_AND_SELECTED_SKUS,KZ_SKU_EVIDENCE_REQUIRED,https://www.vladmiva.ru/products/plastmassy/belakril-m-kho-vk-nabor-a1-a3-a4-por-3kh20g-zhidk-40ml-vladmiva/,vladmiva-dental-catalog.json
ВладМиВа official,ВладМиВа,БЕЛАКРИЛ - М ХО СП,belakril-m-kho-sp-por-150g-zhidk-75ml-vladmiva,00000067674 | 00000067672 | 00000094911,3,3,KZ_BRAND_AND_SELECTED_SKUS,KZ_SKU_EVIDENCE_REQUIRED,https://www.vladmiva.ru/products/plastmassy/belakril-m-kho-sp-por-150g-zhidk-75ml-vladmiva/,vladmiva-dental-catalog.json
ВладМиВа official,ВладМиВа,БЕЛАКРИЛ - М ХО/жидкость,belakril-m-kho-zhidkost-1l-vmv-monomer-p,00000043417 | 00000044869 | 00000067675,3,3,KZ_BRAND_AND_SELECTED_SKUS,KZ_SKU_EVIDENCE_REQUIRED,https://www.vladmiva.ru/products/plastmassy/belakril-m-kho-zhidkost-1l-vmv-monomer-p/,vladmiva-dental-catalog.json
ВладМиВа official,ВладМиВа,"БЕЛАКРИЛ - М/жидкость/1,0 л",belakril-m-zhidkost-1l-vmv-monomer-akr-7_1,00000046949,1,1,KZ_BRAND_AND_SELECTED_SKUS,KZ_SKU_EVIDENCE_REQUIRED,https://www.vladmiva.ru/products/plastmassy/belakril-m-zhidkost-1l-vmv-monomer-akr-7_1/,vladmiva-dental-catalog.json
ВладМиВа official,ВладМиВа,БЕЛАКРИЛ - Э ГО С,belakril-e-go-s-10-por-40gkh2-zhidk-40ml,00000078992 | 00000078993 | 00000076073 | 00000078314 | 00000076627 | 00000076074,6,7,KZ_BRAND_AND_SELECTED_SKUS,KZ_SKU_EVIDENCE_REQUIRED,https://www.vladmiva.ru/products/plastmassy/belakril-e-go-s-10-por-40gkh2-zhidk-40ml/,vladmiva-dental-catalog.json
ВладМиВа official,ВладМиВа,БЕЛАКРИЛ - Э ГО С/набор,belakril-e-go-s-nabor-dentin-emal-kontsentrat-krasitelya-tsveta-zhidkost-vmv,00000067682,1,2,KZ_BRAND_AND_SELECTED_SKUS,KZ_SKU_EVIDENCE_REQUIRED,https://www.vladmiva.ru/products/plastmassy/belakril-e-go-s-nabor-dentin-emal-kontsentrat-krasitelya-tsveta-zhidkost-vmv/,vladmiva-dental-catalog.json
ВладМиВа official,ВладМиВа,БЕЛАКРИЛ - Э ГО/бесцветная,belakril-e-go-poroshok-bestsvetnyy-300g-vmv,00000043525 | 00000046676,2,2,KZ_BRAND_AND_SELECTED_SKUS,KZ_SKU_EVIDENCE_REQUIRED,https://www.vladmiva.ru/products/plastmassy/belakril-e-go-poroshok-bestsvetnyy-300g-vmv/,vladmiva-dental-catalog.json
ВладМиВа official,ВладМиВа,БЕЛАКРИЛ - Э ГО/жидкость,belakril-e-go-zhidkost-1l-vmv,00000043527 | 00000043526 | 00000079173,3,3,KZ_BRAND_AND_SELECTED_SKUS,KZ_SKU_EVIDENCE_REQUIRED,https://www.vladmiva.ru/products/plastmassy/belakril-e-go-zhidkost-1l-vmv/,vladmiva-dental-catalog.json
ВладМиВа official,ВладМиВа,БЕЛАКРИЛ - Э ГО/опаковая розовая с прожилками,belakril-e-go-poroshok-opakovyy-300g-vmv,00000055024 | 00000043381,2,2,KZ_BRAND_AND_SELECTED_SKUS,KZ_SKU_EVIDENCE_REQUIRED,https://www.vladmiva.ru/products/plastmassy/belakril-e-go-poroshok-opakovyy-300g-vmv/,vladmiva-dental-catalog.json
ВладМиВа official,ВладМиВа,БЕЛАКРИЛ - Э ГО/полупрозрачная розовая с прожилками,belakril-e-go-poroshok-p-prozrachnyy-1000g-vmv,00000076029 | 00000054076 | 00000046221,3,3,KZ_BRAND_AND_SELECTED_SKUS,KZ_SKU_EVIDENCE_REQUIRED,https://www.vladmiva.ru/products/plastmassy/belakril-e-go-poroshok-p-prozrachnyy-1000g-vmv/,vladmiva-dental-catalog.json
ВладМиВа official,ВладМиВа,БЕЛАКРИЛ - Э ГО/прозрачная розовая с прожилками,belakril-e-go-prozrach-rozovaya-s-prozhilkami-nabor-750g-400ml-vmv,00000074559 | 00000046675 | 00000065511,3,2,KZ_BRAND_AND_SELECTED_SKUS,KZ_SKU_EVIDENCE_REQUIRED,https://www.vladmiva.ru/products/plastmassy/belakril-e-go-prozrach-rozovaya-s-prozhilkami-nabor-750g-400ml-vmv/,vladmiva-dental-catalog.json
ВладМиВа official,ВладМиВа,"БЕЛАКРИЛ - Э ХО ВК/набор/А1, А3, А4/3х20 г + 40 мл",belakril-e-kho-vk-nabor-a1-a3-a4-por-3kh20g-zhidk-40ml-vladmiva,00000067686,1,1,KZ_BRAND_AND_SELECTED_SKUS,KZ_SKU_EVIDENCE_REQUIRED,https://www.vladmiva.ru/products/plastmassy/belakril-e-kho-vk-nabor-a1-a3-a4-por-3kh20g-zhidk-40ml-vladmiva/,vladmiva-dental-catalog.json
ВладМиВа official,ВладМиВа,БЕЛАКРИЛ - Э ХО СОФТ/100 г + 100 мл + 10 мл,belakril-e-kho-soft-50grkh2-100ml-10ml-vmv,00000060786,1,2,KZ_BRAND_AND_SELECTED_SKUS,KZ_SKU_EVIDENCE_REQUIRED,https://www.vladmiva.ru/products/plastmassy/belakril-e-kho-soft-50grkh2-100ml-10ml-vmv/,vladmiva-dental-catalog.json
ВладМиВа official,ВладМиВа,БЕЛАКРИЛ - Э ХО ТЕМПО/ivory/100 г + 100 г,belakril-ekho-tempo-por-2kh50g-zhidk-100g-vmv,00000060788,1,2,KZ_BRAND_AND_SELECTED_SKUS,KZ_SKU_EVIDENCE_REQUIRED,https://www.vladmiva.ru/products/plastmassy/belakril-ekho-tempo-por-2kh50g-zhidk-100g-vmv/,vladmiva-dental-catalog.json
ВладМиВа official,ВладМиВа,БЕЛАКРИЛ - Э ХО Хард/100 г + 100 мл + 30 мл,belakril-e-kho-khard-50grkh2-100ml-30ml-vmv,00000066164,1,1,KZ_BRAND_AND_SELECTED_SKUS,KZ_SKU_EVIDENCE_REQUIRED,https://www.vladmiva.ru/products/plastmassy/belakril-e-kho-khard-50grkh2-100ml-30ml-vmv/,vladmiva-dental-catalog.json
ВладМиВа official,ВладМиВа,БЕЛАКРИЛ - Э ХО/жидкость,belakril-e-kho-zhidkost-1l-vmv,00000043530 | 00000043529,2,2,KZ_BRAND_AND_SELECTED_SKUS,KZ_SKU_EVIDENCE_REQUIRED,https://www.vladmiva.ru/products/plastmassy/belakril-e-kho-zhidkost-1l-vmv/,vladmiva-dental-catalog.json
ВладМиВа official,ВладМиВа,БЕЛАКРИЛ - Э ХО/полупрозрачная розовая с прожилками,belakril-e-kho-p-prozrachnaya-rozovaya-s-prozhilkami-nabor-160g-100g-50g-vmv,00000043378 | 00000043528,2,2,KZ_BRAND_AND_SELECTED_SKUS,KZ_SKU_EVIDENCE_REQUIRED,https://www.vladmiva.ru/products/plastmassy/belakril-e-kho-p-prozrachnaya-rozovaya-s-prozhilkami-nabor-160g-100g-50g-vmv/,vladmiva-dental-catalog.json
ВладМиВа official,ВладМиВа,БЕЛАКРИЛ-М ХО ОРТО набор,belakril-mkho-orto-nabor-sin-kras-zhelt-500g-250ml-15mlkh3-vmv,00000080642,1,1,KZ_BRAND_AND_SELECTED_SKUS,KZ_SKU_EVIDENCE_REQUIRED,https://www.vladmiva.ru/products/plastmassy/belakril-mkho-orto-nabor-sin-kras-zhelt-500g-250ml-15mlkh3-vmv/,vladmiva-dental-catalog.json
ВладМиВа official,ВладМиВа,БЕЛАКРИЛ-М ХО с красителями набор,belakril-m-kho-s-krasitelyami-por-150g-zhid-100g-siniy-krasnyy-zheltyy-po-15g,00000056070,1,1,KZ_BRAND_AND_SELECTED_SKUS,KZ_SKU_EVIDENCE_REQUIRED,https://www.vladmiva.ru/products/plastmassy/belakril-m-kho-s-krasitelyami-por-150g-zhid-100g-siniy-krasnyy-zheltyy-po-15g/,vladmiva-dental-catalog.json
ВладМиВа official,ВладМиВа,БЕЛАКРИЛ-Э ГО С/жидкость/150 мл,belakril-e-go-s-zhidkost-150ml-vmv,00000066238,1,1,KZ_BRAND_AND_SELECTED_SKUS,KZ_SKU_EVIDENCE_REQUIRED,https://www.vladmiva.ru/products/plastmassy/belakril-e-go-s-zhidkost-150ml-vmv/,vladmiva-dental-catalog.json
ВладМиВа official,ВладМиВа,БЕЛАКРИЛ-Э ГО ТЕМПО,belakril-e-go-tempo-a1-por-80g-zhidk-40mlvmv,00000076568 | 00000067679 | 00000079547 | 00000067680 | 00000076075,5,1,KZ_BRAND_AND_SELECTED_SKUS,KZ_SKU_EVIDENCE_REQUIRED,https://www.vladmiva.ru/products/plastmassy/belakril-e-go-tempo-a1-por-80g-zhidk-40mlvmv/,vladmiva-dental-catalog.json
ВладМиВа official,ВладМиВа,БЕЛФЛЕКС,belfleks-bez-prozhilok-100gkh10pak-vmv_1,00000043533,1,1,KZ_BRAND_AND_SELECTED_SKUS,KZ_SKU_EVIDENCE_REQUIRED,https://www.vladmiva.ru/products/plastmassy/belfleks-bez-prozhilok-100gkh10pak-vmv_1/,vladmiva-dental-catalog.json
ВладМиВа official,ВладМиВа,БЕЛФЛЕКС,belfleks-bez-prozhilok-100g-vmv,00000043534,1,1,KZ_BRAND_AND_SELECTED_SKUS,KZ_SKU_EVIDENCE_REQUIRED,https://www.vladmiva.ru/products/plastmassy/belfleks-bez-prozhilok-100g-vmv/,vladmiva-dental-catalog.json
ВладМиВа official,ВладМиВа,БЕЛФЛЕКС,belfleks-zhidkost-30ml-vmv,00000061898,1,1,KZ_BRAND_AND_SELECTED_SKUS,KZ_SKU_EVIDENCE_REQUIRED,https://www.vladmiva.ru/products/plastmassy/belfleks-zhidkost-30ml-vmv/,vladmiva-dental-catalog.json
ВладМиВа official,ВладМиВа,НОЛАТЕК - аэробарьер/гель/10 г,nolatek-aerobarer-10ml-gel-vmv,00000072421,1,1,KZ_BRAND_AND_SELECTED_SKUS,KZ_SKU_EVIDENCE_REQUIRED,https://www.vladmiva.ru/products/plastmassy/nolatek-aerobarer-10ml-gel-vmv/,vladmiva-dental-catalog.json
ВладМиВа official,ВладМиВа,НОЛАТЕК - моделировочная жидкость/5 мл,nolatek-zhidkost-modelir-5ml-vmv,00000072420,1,1,KZ_BRAND_AND_SELECTED_SKUS,KZ_SKU_EVIDENCE_REQUIRED,https://www.vladmiva.ru/products/plastmassy/nolatek-zhidkost-modelir-5ml-vmv/,vladmiva-dental-catalog.json
ВладМиВа official,ВладМиВа,НОЛАТЕК - набор №6,nolatek-nabor-6-sv-otv-zhidkotekuch-kraski-tsvetokorrektory,00000068940,1,1,KZ_BRAND_AND_SELECTED_SKUS,KZ_SKU_EVIDENCE_REQUIRED,https://www.vladmiva.ru/products/plastmassy/nolatek-nabor-6-sv-otv-zhidkotekuch-kraski-tsvetokorrektory/,vladmiva-dental-catalog.json
ВладМиВа official,ВладМиВа,НОЛАТЕК - моделировочная масса,nolatek-modelirovachnaya-massa,00000072808 | 00000072806 | 00000072809 | 00000072810 | 00000072811 | 00000072812 | 00000072813 | 00000072807,8,1,KZ_BRAND_AND_SELECTED_SKUS,KZ_SKU_EVIDENCE_REQUIRED,https://www.vladmiva.ru/products/plastmassy/nolatek-modelirovachnaya-massa/,vladmiva-dental-catalog.json
ВладМиВа official,ВладМиВа,НОЛАТЕК - светоотверждаемая жидкотекучая краска-цветокоректор,nolatek-6-tsvetokorrektor-oranzhevo-korichnevyy-sv-otv-zhidkotekuchiy-1-5g,00000072826 | 00000072828 | 00000072822 | 00000072827 | 00000072821 | 00000072823,6,4,KZ_BRAND_AND_SELECTED_SKUS,KZ_SKU_EVIDENCE_REQUIRED,https://www.vladmiva.ru/products/plastmassy/nolatek-6-tsvetokorrektor-oranzhevo-korichnevyy-sv-otv-zhidkotekuchiy-1-5g/,vladmiva-dental-catalog.json
ВладМиВа official,ВладМиВа,"НОЛАТЕК - светоотверждаемая жидкотекучая краска-цветокоректор/розовая/1,5 г",nolatek-6-tsvetokorrektor-rozovyy-sv-otv-zhidkotekuchiy-1-5g,00000072820,1,1,KZ_BRAND_AND_SELECTED_SKUS,KZ_SKU_EVIDENCE_REQUIRED,https://www.vladmiva.ru/products/plastmassy/nolatek-6-tsvetokorrektor-rozovyy-sv-otv-zhidkotekuchiy-1-5g/,vladmiva-dental-catalog.json
ВладМиВа official,ВладМиВа,НОЛАТЕК - светоотверждаемый покрывной лак,nolatek-lak-pokryvnoy-sv-otv-30-ml-vmv,00000072397 | 00000091400,2,2,KZ_BRAND_AND_SELECTED_SKUS,KZ_SKU_EVIDENCE_REQUIRED,https://www.vladmiva.ru/products/plastmassy/nolatek-lak-pokryvnoy-sv-otv-30-ml-vmv/,vladmiva-dental-catalog.json
ВладМиВа official,ВладМиВа,НОЛАТЕК - жидкотекучая масса,nolatek-massa-zhidkotekuchaya-sv-rozovaya-bl1-10gkh2-sht-vmv,00000043544 | 00000047827,2,3,KZ_BRAND_AND_SELECTED_SKUS,KZ_SKU_EVIDENCE_REQUIRED,https://www.vladmiva.ru/products/plastmassy/nolatek-massa-zhidkotekuchaya-sv-rozovaya-bl1-10gkh2-sht-vmv/,vladmiva-dental-catalog.json
ВладМиВа official,ВладМиВа,НОЛАТЕК - набор №7,nolatek-nabor-7-sv-otv-zhidkotekuch-pridesnevaya-massa-5gkh7sht,00000068941,1,1,KZ_BRAND_AND_SELECTED_SKUS,KZ_SKU_EVIDENCE_REQUIRED,https://www.vladmiva.ru/products/plastmassy/nolatek-nabor-7-sv-otv-zhidkotekuch-pridesnevaya-massa-5gkh7sht/,vladmiva-dental-catalog.json
ВладМиВа official,ВладМиВа,НОЛАТЕК - набор №1/стартовый/,nolatek-nabor-1-startovyy-d-izgotov-bazisov-semnykh-zubnykh-protezov-perebazirovki-pochinki-remonta-,00000048762,1,1,KZ_BRAND_AND_SELECTED_SKUS,KZ_SKU_EVIDENCE_REQUIRED,https://www.vladmiva.ru/products/plastmassy/nolatek-nabor-1-startovyy-d-izgotov-bazisov-semnykh-zubnykh-protezov-perebazirovki-pochinki-remonta-/,vladmiva-dental-catalog.json
ВладМиВа official,ВладМиВа,НОЛАТЕК - набор №2,nolatek-nabor-2-dlya-oblitsovki-sedlovidnykh-chastey-met-konstruk-karkasov-ortoped-konstruk,00000062202,1,1,KZ_BRAND_AND_SELECTED_SKUS,KZ_SKU_EVIDENCE_REQUIRED,https://www.vladmiva.ru/products/plastmassy/nolatek-nabor-2-dlya-oblitsovki-sedlovidnykh-chastey-met-konstruk-karkasov-ortoped-konstruk/,vladmiva-dental-catalog.json
ВладМиВа official,ВладМиВа,НОЛАТЕК - набор №3,nolatek-nabor-3-dlya-oblitsovki-sedlovidnykh-chastey-met-konstruk-karkasov-ortoped-konstruk,00000065324,1,1,KZ_BRAND_AND_SELECTED_SKUS,KZ_SKU_EVIDENCE_REQUIRED,https://www.vladmiva.ru/products/plastmassy/nolatek-nabor-3-dlya-oblitsovki-sedlovidnykh-chastey-met-konstruk-karkasov-ortoped-konstruk/,vladmiva-dental-catalog.json
ВладМиВа official,ВладМиВа,НОЛАТЕК - набор №4,nolatek-nabor-4-d-individ-ortoped-konstr-izgotov-na-3d-akril-protez-metod-posloynogo-naneseniya,00000064785,1,1,KZ_BRAND_AND_SELECTED_SKUS,KZ_SKU_EVIDENCE_REQUIRED,https://www.vladmiva.ru/products/plastmassy/nolatek-nabor-4-d-individ-ortoped-konstr-izgotov-na-3d-akril-protez-metod-posloynogo-naneseniya/,vladmiva-dental-catalog.json
ВладМиВа official,ВладМиВа,НОЛАТЕК - набор №5,nolatek-nabor-5-d-pryamoy-perebazir-v-polosti-rta-akrilovykh-protezov,00000064944,1,1,KZ_BRAND_AND_SELECTED_SKUS,KZ_SKU_EVIDENCE_REQUIRED,https://www.vladmiva.ru/products/plastmassy/nolatek-nabor-5-d-pryamoy-perebazir-v-polosti-rta-akrilovykh-protezov/,vladmiva-dental-catalog.json
ВладМиВа official,ВладМиВа,НОЛАТЕК - набор №8,nolatek-nabor-8-dlya-izgotov-i-perebazirovki-ortodonticheskikh-konstruktsiy,00000069654,1,1,KZ_BRAND_AND_SELECTED_SKUS,KZ_SKU_EVIDENCE_REQUIRED,https://www.vladmiva.ru/products/plastmassy/nolatek-nabor-8-dlya-izgotov-i-perebazirovki-ortodonticheskikh-konstruktsiy/,vladmiva-dental-catalog.json
ВладМиВа official,ВладМиВа,НОЛАТЕК - праймер М/5 мл,nolatek-praymer-m-5-ml-vmv,00000072396,1,2,KZ_BRAND_AND_SELECTED_SKUS,KZ_SKU_EVIDENCE_REQUIRED,https://www.vladmiva.ru/products/plastmassy/nolatek-praymer-m-5-ml-vmv/,vladmiva-dental-catalog.json
ВладМиВа official,ВладМиВа,Нолатек набор №1,nolatek-nabor-1-ne-ispolzovat,00000068942,1,1,KZ_BRAND_AND_SELECTED_SKUS,KZ_SKU_EVIDENCE_REQUIRED,https://www.vladmiva.ru/products/plastmassy/nolatek-nabor-1-ne-ispolzovat/,vladmiva-dental-catalog.json
ВладМиВа official,ВладМиВа,НОЛАТЕК ПРАЙМЕР - АДГЕЗИВ/5 мл,nolatek-praymer-adgeziv-5-ml-vmv,00000067470,1,2,KZ_BRAND_AND_SELECTED_SKUS,KZ_SKU_EVIDENCE_REQUIRED,https://www.vladmiva.ru/products/plastmassy/nolatek-praymer-adgeziv-5-ml-vmv/,vladmiva-dental-catalog.json
ВладМиВа official,ВладМиВа,НОЛАТЕК/лак покрывной/глазурь/5 мл,nolatek-glazur-lak-pokryvnoy-ostatki-5-ml-vmv,00000043546,1,1,KZ_BRAND_AND_SELECTED_SKUS,KZ_SKU_EVIDENCE_REQUIRED,https://www.vladmiva.ru/products/plastmassy/nolatek-glazur-lak-pokryvnoy-ostatki-5-ml-vmv/,vladmiva-dental-catalog.json
ВладМиВа official,ВладМиВа,НОЛАТЕК/лак разделительный/5 мл,nolatek-lak-razdelitelnyy-5-ml-ostatki-vmv,00000043547,1,1,KZ_BRAND_AND_SELECTED_SKUS,KZ_SKU_EVIDENCE_REQUIRED,https://www.vladmiva.ru/products/plastmassy/nolatek-lak-razdelitelnyy-5-ml-ostatki-vmv/,vladmiva-dental-catalog.json
ВладМиВа official,ВладМиВа,"НОЛАТЕК/Паста А2/4,0 г",nolatek-pasta-a2-4-0g-ostatki-vmv,00000043538,1,1,KZ_BRAND_AND_SELECTED_SKUS,KZ_SKU_EVIDENCE_REQUIRED,https://www.vladmiva.ru/products/plastmassy/nolatek-pasta-a2-4-0g-ostatki-vmv/,vladmiva-dental-catalog.json
ВладМиВа official,ВладМиВа,"НОЛАТЕК/Паста А3,5/4,0 г",nolatek-pasta-a3-5-4-0g-ostatki-vmv,00000043540,1,1,KZ_BRAND_AND_SELECTED_SKUS,KZ_SKU_EVIDENCE_REQUIRED,https://www.vladmiva.ru/products/plastmassy/nolatek-pasta-a3-5-4-0g-ostatki-vmv/,vladmiva-dental-catalog.json
ВладМиВа official,ВладМиВа,"НОЛАТЕК/Паста А3/4,0 г",nolatek-pasta-a3-4-0g-ostatki-vmv,00000043539,1,1,KZ_BRAND_AND_SELECTED_SKUS,KZ_SKU_EVIDENCE_REQUIRED,https://www.vladmiva.ru/products/plastmassy/nolatek-pasta-a3-4-0g-ostatki-vmv/,vladmiva-dental-catalog.json
ВладМиВа official,ВладМиВа,"ВСТАВКА КЕРАМИЧЕСКАЯ для тигля Спаркдон /L 22, d 14/1 шт",vstavka-keramicheskaya-d-tiglya-sparkdon-vladmiva,00000033390,1,1,KZ_BRAND_AND_SELECTED_SKUS,KZ_SKU_EVIDENCE_REQUIRED,https://www.vladmiva.ru/products/tigli-keramicheskie-/vstavka-keramicheskaya-d-tiglya-sparkdon-vladmiva/,vladmiva-dental-catalog.json
ВладМиВа official,ВладМиВа,ЧАШКА КЕРАМИЧЕСКАЯ ДЛЯ ПЛАВКИ БЛАГОРОДНЫХ МЕТАЛЛОВ/большая/1 шт,tigel-keramich-dlya-litya-zolota-bolshoy-vladmiva,00000007911,1,1,KZ_BRAND_AND_SELECTED_SKUS,KZ_SKU_EVIDENCE_REQUIRED,https://www.vladmiva.ru/products/tigli-keramicheskie-/tigel-keramich-dlya-litya-zolota-bolshoy-vladmiva/,vladmiva-dental-catalog.json
ВладМиВа official,ВладМиВа,ЧАШКА КЕРАМИЧЕСКАЯ ДЛЯ ПЛАВКИ БЛАГОРОДНЫХ МЕТАЛЛОВ/малая/1 шт,tigel-keramich-dlya-litya-zolota-malyy-vladmiva,00000007884,1,1,KZ_BRAND_AND_SELECTED_SKUS,KZ_SKU_EVIDENCE_REQUIRED,https://www.vladmiva.ru/products/tigli-keramicheskie-/tigel-keramich-dlya-litya-zolota-malyy-vladmiva/,vladmiva-dental-catalog.json
ВладМиВа official,ВладМиВа,ЧАШКА КЕРАМИЧЕСКАЯ ДЛЯ ПЛАВКИ БЛАГОРОДНЫХ МЕТАЛЛОВ/средняя/1 шт,tigel-keramich-dlya-litya-zolota-srednyaya-vladmiva,00000025925,1,1,KZ_BRAND_AND_SELECTED_SKUS,KZ_SKU_EVIDENCE_REQUIRED,https://www.vladmiva.ru/products/tigli-keramicheskie-/tigel-keramich-dlya-litya-zolota-srednyaya-vladmiva/,vladmiva-dental-catalog.json
ВладМиВа official,ВладМиВа,"ШТОК КЕРАМИЧЕСКИЙ для тигля Спаркдон /L 97, d 8/1 шт",tigel-keramich-shtok-vladmiva,00000039784,1,1,KZ_BRAND_AND_SELECTED_SKUS,KZ_SKU_EVIDENCE_REQUIRED,https://www.vladmiva.ru/products/tigli-keramicheskie-/tigel-keramich-shtok-vladmiva/,vladmiva-dental-catalog.json
ВладМиВа official,ВладМиВа,УЛЬТРОПАЛИН/Дымчатый опал (SO),ultropalin-opal-dym-goluboy-30g-so,00000004516 | 00000004514 | 00000004517 | 00000004515,4,4,KZ_BRAND_AND_SELECTED_SKUS,KZ_SKU_EVIDENCE_REQUIRED,https://www.vladmiva.ru/products/ultropalin/ultropalin-opal-dym-goluboy-30g-so/,vladmiva-dental-catalog.json
ВладМиВа official,ВладМиВа,УЛЬТРОПАЛИН/Интенсив-дентин,ultropalin-int-dent-belyy-30-g,00000003733 | 00000002492 | 00000003734 | 00000004519 | 00000003732 | 00000003735 | 00000003736,7,6,KZ_BRAND_AND_SELECTED_SKUS,KZ_SKU_EVIDENCE_REQUIRED,https://www.vladmiva.ru/products/ultropalin/ultropalin-int-dent-belyy-30-g/,vladmiva-dental-catalog.json
ВладМиВа official,ВладМиВа,УЛЬТРОПАЛИН/Краситель глазурный,ultropalin-krasit-belyy-4g-shprits,00000007450 | 00000003700 | 00000003702 | 00000002177 | 00000003707 | 00000004518 | 00000003704 | 00000003703 | 00000003706 | 00000003705 | 00000003701 | 00000003753 | 00000003708,13,12,KZ_BRAND_AND_SELECTED_SKUS,KZ_SKU_EVIDENCE_REQUIRED,https://www.vladmiva.ru/products/ultropalin/ultropalin-krasit-belyy-4g-shprits/,vladmiva-dental-catalog.json
ВладМиВа official,ВладМиВа,УЛЬТРОПАЛИН/Опак-дентин,ultropalin-opak-dent-od-s1-30g,00000003746 | 00000003747 | 00000003748 | 00000003749 | 00000003750 | 00000003751 | 00000003752 | 00000002488 | 00000003738 | 00000003740 | 00000003739 | 00000003741 | 00000003742 | 00000003743 | 00000003744 | 00000003745,16,1,KZ_BRAND_AND_SELECTED_SKUS,KZ_SKU_EVIDENCE_REQUIRED,https://www.vladmiva.ru/products/ultropalin/ultropalin-opak-dent-od-s1-30g/,vladmiva-dental-catalog.json
ВладМиВа official,ВладМиВа,УЛЬТРОПАЛИН/Опак-паста,ultropalin-opak-pasta-o-s1-4g-shprits,00000003692 | 00000003693 | 00000003694 | 00000003695 | 00000003696 | 00000003697 | 00000003698 | 00000001587 | 00000003684 | 00000003686 | 00000003685 | 00000003687 | 00000003688 | 00000003689 | 00000003690 | 00000003691,16,1,KZ_BRAND_AND_SELECTED_SKUS,KZ_SKU_EVIDENCE_REQUIRED,https://www.vladmiva.ru/products/ultropalin/ultropalin-opak-pasta-o-s1-4g-shprits/,vladmiva-dental-catalog.json
ВладМиВа official,ВладМиВа,УЛЬТРОПАЛИН/Опак-порошок,ultropalin-opak-por-k-o-s1-20g,00000003724 | 00000003725 | 00000003726 | 00000003727 | 00000003728 | 00000003729 | 00000003730 | 00000002487 | 00000003716 | 00000003718 | 00000003717 | 00000003719 | 00000003720 | 00000003721 | 00000003722 | 00000003723,16,1,KZ_BRAND_AND_SELECTED_SKUS,KZ_SKU_EVIDENCE_REQUIRED,https://www.vladmiva.ru/products/ultropalin/ultropalin-opak-por-k-o-s1-20g/,vladmiva-dental-catalog.json
ВладМиВа official,ВладМиВа,НОЛАПРИНТ для бытовых моделей/желтая/1 кг,nolaprint-dlya-bytovykh-modeley-zheltaya-1000g-vmv,00000079261,1,2,KZ_BRAND_AND_SELECTED_SKUS,KZ_SKU_EVIDENCE_REQUIRED,https://www.vladmiva.ru/products/fotopolimery-dlya-3d-pechati/nolaprint-dlya-bytovykh-modeley-zheltaya-1000g-vmv/,vladmiva-dental-catalog.json
ВладМиВа official,ВладМиВа,НОЛАПРИНТ для бытовых моделей/красная/1 кг,nolaprint-dlya-bytovykh-modeley-krasnaya-1000g-vmv,00000079262,1,2,KZ_BRAND_AND_SELECTED_SKUS,KZ_SKU_EVIDENCE_REQUIRED,https://www.vladmiva.ru/products/fotopolimery-dlya-3d-pechati/nolaprint-dlya-bytovykh-modeley-krasnaya-1000g-vmv/,vladmiva-dental-catalog.json
ВладМиВа official,ВладМиВа,НОЛАПРИНТ для бытовых моделей/оранжевая/1 кг,nolaprint-dlya-bytovykh-modeley-oranzhevaya-1000g-vmv,00000079263,1,2,KZ_BRAND_AND_SELECTED_SKUS,KZ_SKU_EVIDENCE_REQUIRED,https://www.vladmiva.ru/products/fotopolimery-dlya-3d-pechati/nolaprint-dlya-bytovykh-modeley-oranzhevaya-1000g-vmv/,vladmiva-dental-catalog.json
ВладМиВа official,ВладМиВа,НОЛАПРИНТ для бытовых моделей/хроматик/1 кг,nolaprint-dlya-bytovykh-modeley-khromatik-1000g-vmv,00000079264,1,2,KZ_BRAND_AND_SELECTED_SKUS,KZ_SKU_EVIDENCE_REQUIRED,https://www.vladmiva.ru/products/fotopolimery-dlya-3d-pechati/nolaprint-dlya-bytovykh-modeley-khromatik-1000g-vmv/,vladmiva-dental-catalog.json
ВладМиВа official,ВладМиВа,БЕЛАИОД/3 г,belaiod-pasta-3g-vladmiva-,00000001326,1,1,KZ_BRAND_AND_SELECTED_SKUS,KZ_SKU_EVIDENCE_REQUIRED,https://www.vladmiva.ru/products/lechebnye/belaiod-pasta-3g-vladmiva-/,vladmiva-dental-catalog.json
ВладМиВа official,ВладМиВа,"БЕЛСОЛ №2/0,2%",belsol-gel-2-10g-0-2-khlorgeksidin-vladmiva,00000045529 | 00000042537,2,2,KZ_BRAND_AND_SELECTED_SKUS,KZ_SKU_EVIDENCE_REQUIRED,https://www.vladmiva.ru/products/lechebnye/belsol-gel-2-10g-0-2-khlorgeksidin-vladmiva/,vladmiva-dental-catalog.json
ВладМиВа official,ВладМиВа,БЕЛСОЛ №3/20 мл,belsol-3-20ml-vladmiva,00000002190,1,1,KZ_BRAND_AND_SELECTED_SKUS,KZ_SKU_EVIDENCE_REQUIRED,https://www.vladmiva.ru/products/lechebnye/belsol-3-20ml-vladmiva/,vladmiva-dental-catalog.json
ВладМиВа official,ВладМиВа,ВИТАДОНТ/15 г,vitadont-pasta-povyazka-15g-vladmiva-,00000000008,1,1,KZ_BRAND_AND_SELECTED_SKUS,KZ_SKU_EVIDENCE_REQUIRED,https://www.vladmiva.ru/products/lechebnye/vitadont-pasta-povyazka-15g-vladmiva-/,vladmiva-dental-catalog.json
ВладМиВа official,ВладМиВа,КАРИКЛИНЗ/3 г + 3 г,kariklinz-nabor-geley-d-preparir-3g-3g-vladmiva,00000001327,1,1,KZ_BRAND_AND_SELECTED_SKUS,KZ_SKU_EVIDENCE_REQUIRED,https://www.vladmiva.ru/products/lechebnye/kariklinz-nabor-geley-d-preparir-3g-3g-vladmiva/,vladmiva-dental-catalog.json
ВладМиВа official,ВладМиВа,КАРИКЛИНЗ/инструмент/8 шт,kariklinz-komplekt-instrumentov-8sht,00000003638,1,1,KZ_BRAND_AND_SELECTED_SKUS,KZ_SKU_EVIDENCE_REQUIRED,https://www.vladmiva.ru/products/lechebnye/kariklinz-komplekt-instrumentov-8sht/,vladmiva-dental-catalog.json
ВладМиВа official,ВладМиВа,КАРИКЛИНЗ/набор,kariklinz-kompl-8-instr-geli-3g-3g-vmv,00000001894,1,1,KZ_BRAND_AND_SELECTED_SKUS,KZ_SKU_EVIDENCE_REQUIRED,https://www.vladmiva.ru/products/lechebnye/kariklinz-kompl-8-instr-geli-3g-3g-vmv/,vladmiva-dental-catalog.json
ВладМиВа official,ВладМиВа,КП-ПЛАСТ/АНТИМИКРОБНЫЙ/5 х 10 см,kp-plast-antimikr-dvukhsloynye-2sht-vladmiv,00000041027,1,1,KZ_BRAND_AND_SELECTED_SKUS,KZ_SKU_EVIDENCE_REQUIRED,https://www.vladmiva.ru/products/lechebnye/kp-plast-antimikr-dvukhsloynye-2sht-vladmiv/,vladmiva-dental-catalog.json
ВладМиВа official,ВладМиВа,КП-ПЛАСТ/ВАЙТ/5 х 10 см,kp-plast-vayt-2sht-5kh10sm-vladmiva,00000037852,1,1,KZ_BRAND_AND_SELECTED_SKUS,KZ_SKU_EVIDENCE_REQUIRED,https://www.vladmiva.ru/products/lechebnye/kp-plast-vayt-2sht-5kh10sm-vladmiva/,vladmiva-dental-catalog.json
ВладМиВа official,ВладМиВа,КП-ПЛАСТ/ВИТА/5 х 10 см,kp-plast-vita-2sht-dvukhsloynye-vladmiva,00000041028,1,1,KZ_BRAND_AND_SELECTED_SKUS,KZ_SKU_EVIDENCE_REQUIRED,https://www.vladmiva.ru/products/lechebnye/kp-plast-vita-2sht-dvukhsloynye-vladmiva/,vladmiva-dental-catalog.json
ВладМиВа official,ВладМиВа,КП-ПЛАСТ/ФИТО/5 х 10 см,kp-plast-fito-2plastiny-dvukhsloynye-vladmiva,00000041029,1,1,KZ_BRAND_AND_SELECTED_SKUS,KZ_SKU_EVIDENCE_REQUIRED,https://www.vladmiva.ru/products/lechebnye/kp-plast-fito-2plastiny-dvukhsloynye-vladmiva/,vladmiva-dental-catalog.json
ВладМиВа official,ВладМиВа,ПАРАСЕПТ / 60 г,parasept-zashchit-60-g-kompress-d-desen-vladmiva,00000036609,1,1,KZ_BRAND_AND_SELECTED_SKUS,KZ_SKU_EVIDENCE_REQUIRED,https://www.vladmiva.ru/products/lechebnye/parasept-zashchit-60-g-kompress-d-desen-vladmiva/,vladmiva-dental-catalog.json
ВладМиВа official,ВладМиВа,ПАРАСЕПТ АНТИСЕПТИЧЕСКИЙ/ 60 г,parasept-antisept-60g-antimikrob-kompress-d-desen-vladmiva,00000036608,1,1,KZ_BRAND_AND_SELECTED_SKUS,KZ_SKU_EVIDENCE_REQUIRED,https://www.vladmiva.ru/products/lechebnye/parasept-antisept-60g-antimikrob-kompress-d-desen-vladmiva/,vladmiva-dental-catalog.json
ВладМиВа official,ВладМиВа,"РЕ-КОРД набор нитей №1,2,3/15 мл + 2,8 м + 2,8 м + 2,8 м",re-kord-nabor-nit-1-2-3ne-propit-zhidk15ml-po-2-8m-vladmiva,00000066233,1,1,KZ_BRAND_AND_SELECTED_SKUS,KZ_SKU_EVIDENCE_REQUIRED,https://www.vladmiva.ru/products/lechebnye/re-kord-nabor-nit-1-2-3ne-propit-zhidk15ml-po-2-8m-vladmiva/,vladmiva-dental-catalog.json
ВладМиВа official,ВладМиВа,РЕ-КОРД,re-kord-zhidkost-retraktsionnaya-15ml-vladmiva_1,00000056138,1,1,KZ_BRAND_AND_SELECTED_SKUS,KZ_SKU_EVIDENCE_REQUIRED,https://www.vladmiva.ru/products/lechebnye/re-kord-zhidkost-retraktsionnaya-15ml-vladmiva_1/,vladmiva-dental-catalog.json
ВладМиВа official,ВладМиВа,РЕ-КОРД,re-kord-zhidkost-retraktsionnaya-5ml-vladmiva,00000001045,1,1,KZ_BRAND_AND_SELECTED_SKUS,KZ_SKU_EVIDENCE_REQUIRED,https://www.vladmiva.ru/products/lechebnye/re-kord-zhidkost-retraktsionnaya-5ml-vladmiva/,vladmiva-dental-catalog.json
ВладМиВа official,ВладМиВа,ФТОРАСЕПТ/10 г,ftorasept-gel-10g-d-profilak-kariesa-vladmiva,00000007475,1,1,KZ_BRAND_AND_SELECTED_SKUS,KZ_SKU_EVIDENCE_REQUIRED,https://www.vladmiva.ru/products/lechebnye/ftorasept-gel-10g-d-profilak-kariesa-vladmiva/,vladmiva-dental-catalog.json
ВладМиВа official,ВладМиВа,АЛЬВАНЕС ПАСТА/20 г,alvanes-pasta-vladmiva-,00000000004,1,1,KZ_BRAND_AND_SELECTED_SKUS,KZ_SKU_EVIDENCE_REQUIRED,https://www.vladmiva.ru/products/gemostaticheskie-sredstva/alvanes-pasta-vladmiva-/,vladmiva-dental-catalog.json
ВладМиВа official,ВладМиВа,АЛЬВАНЕС ПОРОШОК/7 г,alvanes-poroshok-algevit-vladmiva-,00000000005,1,1,KZ_BRAND_AND_SELECTED_SKUS,KZ_SKU_EVIDENCE_REQUIRED,https://www.vladmiva.ru/products/gemostaticheskie-sredstva/alvanes-poroshok-algevit-vladmiva-/,vladmiva-dental-catalog.json
ВладМиВа official,ВладМиВа,АЛЮМОГЕЛЬ (ФОРТЕ)/5 мл,alyumogel-forte-5ml-gemostat-retrakts-s-zhelezom-vladmiva,00000004796,1,1,KZ_BRAND_AND_SELECTED_SKUS,KZ_SKU_EVIDENCE_REQUIRED,https://www.vladmiva.ru/products/gemostaticheskie-sredstva/alyumogel-forte-5ml-gemostat-retrakts-s-zhelezom-vladmiva/,vladmiva-dental-catalog.json
ВладМиВа official,ВладМиВа,АЛЮМОГЕЛЬ/5 мл,alyumogel-gel-5ml-gemostat-retrakts-vladmiva,00000004651,1,1,KZ_BRAND_AND_SELECTED_SKUS,KZ_SKU_EVIDENCE_REQUIRED,https://www.vladmiva.ru/products/gemostaticheskie-sredstva/alyumogel-gel-5ml-gemostat-retrakts-vladmiva/,vladmiva-dental-catalog.json
ВладМиВа official,ВладМиВа,АЛЮМОСИЛ,alyumosil-kanyulya-10shtkh0-3g-pasta-d-retrak-desny-vladmiva,00000010403 | 00000010404,2,2,KZ_BRAND_AND_SELECTED_SKUS,KZ_SKU_EVIDENCE_REQUIRED,https://www.vladmiva.ru/products/gemostaticheskie-sredstva/alyumosil-kanyulya-10shtkh0-3g-pasta-d-retrak-desny-vladmiva/,vladmiva-dental-catalog.json
ВладМиВа official,ВладМиВа,КАПРАМИН на основе хлорида алюминия,kapramin-zhidkost-30ml-vladmiva-,00000000047 | 00000058683,2,1,KZ_BRAND_AND_SELECTED_SKUS,KZ_SKU_EVIDENCE_REQUIRED,https://www.vladmiva.ru/products/gemostaticheskie-sredstva/kapramin-zhidkost-30ml-vladmiva-/,vladmiva-dental-catalog.json
ВладМиВа official,ВладМиВа,КАПРАМИН на основе сульфата железа/30 мл,kapramin-zhidkost-forte-30ml-vladmiva-,00000050900,1,1,KZ_BRAND_AND_SELECTED_SKUS,KZ_SKU_EVIDENCE_REQUIRED,https://www.vladmiva.ru/products/gemostaticheskie-sredstva/kapramin-zhidkost-forte-30ml-vladmiva-/,vladmiva-dental-catalog.json
ВладМиВа official,ВладМиВа,КАПРАМИН СПРЕЙ на основе хлорида алюминия/30 мл,kapramin-sprey-30ml-vladmiva-,00000054321,1,1,KZ_BRAND_AND_SELECTED_SKUS,KZ_SKU_EVIDENCE_REQUIRED,https://www.vladmiva.ru/products/gemostaticheskie-sredstva/kapramin-sprey-30ml-vladmiva-/,vladmiva-dental-catalog.json
ВладМиВа official,ВладМиВа,КАЛЬЦЕВИТ/паста 7 г,kaltsevit-pasta-7g-vladmiva-,00000000034,1,1,KZ_BRAND_AND_SELECTED_SKUS,KZ_SKU_EVIDENCE_REQUIRED,https://www.vladmiva.ru/products/podkladochnye-materialy/kaltsevit-pasta-7g-vladmiva-/,vladmiva-dental-catalog.json
ВладМиВа official,ВладМиВа,"КАЛЬЦЕЛАЙТ/1,5 г",kaltselayt-1-5g-sv-otv-vladmiva-,00000018854,1,1,KZ_BRAND_AND_SELECTED_SKUS,KZ_SKU_EVIDENCE_REQUIRED,https://www.vladmiva.ru/products/podkladochnye-materialy/kaltselayt-1-5g-sv-otv-vladmiva-/,vladmiva-dental-catalog.json
ВладМиВа official,ВладМиВа,"КАЛЬЦЕЛАЙТ/3,5 г",kaltselayt-3-5g-sv-otv-vladmiva-,00000000036,1,1,KZ_BRAND_AND_SELECTED_SKUS,KZ_SKU_EVIDENCE_REQUIRED,https://www.vladmiva.ru/products/podkladochnye-materialy/kaltselayt-3-5g-sv-otv-vladmiva-/,vladmiva-dental-catalog.json
ВладМиВа official,ВладМиВа,КАЛЬЦЕСИЛ/13 г + 11 г,kaltsesil-13g-11g,00000042538,1,1,KZ_BRAND_AND_SELECTED_SKUS,KZ_SKU_EVIDENCE_REQUIRED,https://www.vladmiva.ru/products/podkladochnye-materialy/kaltsesil-13g-11g/,vladmiva-dental-catalog.json
ВладМиВа official,ВладМиВа,КАЛЬЦЕСИЛ,kaltsesil-5g-3g-vladmiva-,00000000035 | 00000042538,2,2,KZ_BRAND_AND_SELECTED_SKUS,KZ_SKU_EVIDENCE_REQUIRED,https://www.vladmiva.ru/products/podkladochnye-materialy/kaltsesil-5g-3g-vladmiva-/,vladmiva-dental-catalog.json
ВладМиВа official,ВладМиВа,КАЛЬЦЕТАТ/5 мл + 15 мл,kaltsetat-vladmiva-,00000000037,1,1,KZ_BRAND_AND_SELECTED_SKUS,KZ_SKU_EVIDENCE_REQUIRED,https://www.vladmiva.ru/products/podkladochnye-materialy/kaltsetat-vladmiva-/,vladmiva-dental-catalog.json
ВладМиВа official,ВладМиВа,БЕЛАСТ/Катализатор универсальный/60 мл,belast-katalizator-universalnyy-60ml-vladmiva,00000047380 | 00000104034,2,2,KZ_BRAND_AND_SELECTED_SKUS,KZ_SKU_EVIDENCE_REQUIRED,https://www.vladmiva.ru/products/ortopedicheskie/belast-katalizator-universalnyy-60ml-vladmiva/,vladmiva-dental-catalog.json
ВладМиВа official,ВладМиВа,БЕЛОПРИНТ – ТАЙМ/30 мл,sl-beloprint-taym-30ml-d-uvelicheniya-rab-vremeni-beloprin-vladmiva,00000018843,1,1,KZ_BRAND_AND_SELECTED_SKUS,KZ_SKU_EVIDENCE_REQUIRED,https://www.vladmiva.ru/products/ortopedicheskie/sl-beloprint-taym-30ml-d-uvelicheniya-rab-vremeni-beloprin-vladmiva/,vladmiva-dental-catalog.json
ВладМиВа official,ВладМиВа,КЕРАМГЕЛЬ/5 мл + 5 мл,keramgel-nabor-rem-metallokeram-2kh5ml-vladmiva,00000001544,1,1,KZ_BRAND_AND_SELECTED_SKUS,KZ_SKU_EVIDENCE_REQUIRED,https://www.vladmiva.ru/products/ortopedicheskie/keramgel-nabor-rem-metallokeram-2kh5ml-vladmiva/,vladmiva-dental-catalog.json
ВладМиВа official,ВладМиВа,КЕРАМГЕЛЬ/НАБОР,keramgel-s-kompozit-a2-c-praymerom-adgezivom-vmv,00000044697,1,1,KZ_BRAND_AND_SELECTED_SKUS,KZ_SKU_EVIDENCE_REQUIRED,https://www.vladmiva.ru/products/ortopedicheskie/keramgel-s-kompozit-a2-c-praymerom-adgezivom-vmv/,vladmiva-dental-catalog.json
ВладМиВа official,ВладМиВа,ОРТОСОЛ-Дент,ortosol-dent-kontsentrat-125-ml-vladmiva,00000004660 | 00000025871,2,2,KZ_BRAND_AND_SELECTED_SKUS,KZ_SKU_EVIDENCE_REQUIRED,https://www.vladmiva.ru/products/ortopedicheskie/ortosol-dent-kontsentrat-125-ml-vladmiva/,vladmiva-dental-catalog.json
ВладМиВа official,ВладМиВа,ОРТОСОЛ-Импрес,ortosol-2-impres-1-0l-zhid-sokhr-kachestva-ottiskov,00000025868 | 00000026073,2,1,KZ_BRAND_AND_SELECTED_SKUS,KZ_SKU_EVIDENCE_REQUIRED,https://www.vladmiva.ru/products/ortopedicheskie/ortosol-2-impres-1-0l-zhid-sokhr-kachestva-ottiskov/,vladmiva-dental-catalog.json
ВладМиВа official,ВладМиВа,ОРТОСОЛ-Клинз,ortosol-4-klinz-125ml-dlya-ochist-lozhek-ot-algin-i-vladmiva,00000003524 | 00000025870,2,2,KZ_BRAND_AND_SELECTED_SKUS,KZ_SKU_EVIDENCE_REQUIRED,https://www.vladmiva.ru/products/ortopedicheskie/ortosol-4-klinz-125ml-dlya-ochist-lozhek-ot-algin-i-vladmiva/,vladmiva-dental-catalog.json
ВладМиВа official,ВладМиВа,ПЕКТАФИКС,pektafiks-gel-10gr-parodont-d-desen-vladmiva,00000013293 | 00000000091 | 00000000090,3,3,KZ_BRAND_AND_SELECTED_SKUS,KZ_SKU_EVIDENCE_REQUIRED,https://www.vladmiva.ru/products/ortopedicheskie/pektafiks-gel-10gr-parodont-d-desen-vladmiva/,vladmiva-dental-catalog.json
ВладМиВа official,ВладМиВа,"ТЕМПОКОР АВТОМИКС/А 2/6,0 + 6,0 г + 15 смесителей",tempokor-pasta-pasta-avtomiks-6g-6g-a2-vladmiva,00000057028,1,1,KZ_BRAND_AND_SELECTED_SKUS,KZ_SKU_EVIDENCE_REQUIRED,https://www.vladmiva.ru/products/ortopedicheskie/tempokor-pasta-pasta-avtomiks-6g-6g-a2-vladmiva/,vladmiva-dental-catalog.json
ВладМиВа official,ВладМиВа,"ТЕМПОКОР АВТОМИКС/А 3/6,0 + 6,0 г + 15 смесителей",tempokor-pasta-pasta-avtomiks-6g-6g-a3-vladmiva,00000061748,1,1,KZ_BRAND_AND_SELECTED_SKUS,KZ_SKU_EVIDENCE_REQUIRED,https://www.vladmiva.ru/products/ortopedicheskie/tempokor-pasta-pasta-avtomiks-6g-6g-a3-vladmiva/,vladmiva-dental-catalog.json
ВладМиВа official,ВладМиВа,ТЕМПОКОР,tempokor-tsvet-a2-3-5g-3-5g-vmv,00000024320 | 00000018845 | 00000024321 | 00000024322 | 00000025917,5,1,KZ_BRAND_AND_SELECTED_SKUS,KZ_SKU_EVIDENCE_REQUIRED,https://www.vladmiva.ru/products/ortopedicheskie/tempokor-tsvet-a2-3-5g-3-5g-vmv/,vladmiva-dental-catalog.json
ВладМиВа official,ВладМиВа,ТЕМПОКОР/НАБОР,tempokor-nabor-3-kh-tsvetnyy-vladmiva,00000025914,1,1,KZ_BRAND_AND_SELECTED_SKUS,KZ_SKU_EVIDENCE_REQUIRED,https://www.vladmiva.ru/products/ortopedicheskie/tempokor-nabor-3-kh-tsvetnyy-vladmiva/,vladmiva-dental-catalog.json
ВладМиВа official,ВладМиВа,ТЕМПОФИКС жидкость/125 мл,tempofiks-zhidk-125ml-d-rastvoreniya-tsem-vrem-fiks-vladmiva,00000037860,1,1,KZ_BRAND_AND_SELECTED_SKUS,KZ_SKU_EVIDENCE_REQUIRED,https://www.vladmiva.ru/products/ortopedicheskie/tempofiks-zhidk-125ml-d-rastvoreniya-tsem-vrem-fiks-vladmiva/,vladmiva-dental-catalog.json
ВладМиВа official,ВладМиВа,"ТЕМПОФИКС однокомпонентный/1,5 г",tempofiks-odnokomponentnyy-pasta-1-5g,00000066362,1,2,KZ_BRAND_AND_SELECTED_SKUS,KZ_SKU_EVIDENCE_REQUIRED,https://www.vladmiva.ru/products/ortopedicheskie/tempofiks-odnokomponentnyy-pasta-1-5g/,vladmiva-dental-catalog.json
ВладМиВа official,ВладМиВа,БЕЛАСТ /А-силикон/ прозрачный/100 г + 6 г,belast-prozrachnyy-a-silikon-100g-6g-vmv,00000055372,1,1,KZ_BRAND_AND_SELECTED_SKUS,KZ_SKU_EVIDENCE_REQUIRED,https://www.vladmiva.ru/products/slepochnye/belast-prozrachnyy-a-silikon-100g-6g-vmv/,vladmiva-dental-catalog.json
ВладМиВа official,ВладМиВа,БЕЛАСТ/Высоковязкий,belast-vysokovyazkiy-b-kataliz-tip-0-zhestkiy-910ml,00000055384 | 00000055385 | 00000103954,3,3,KZ_BRAND_AND_SELECTED_SKUS,KZ_SKU_EVIDENCE_REQUIRED,https://www.vladmiva.ru/products/slepochnye/belast-vysokovyazkiy-b-kataliz-tip-0-zhestkiy-910ml/,vladmiva-dental-catalog.json
ВладМиВа official,ВладМиВа,БЕЛАСТ/комплект,belast-komplekt-910ml-tip-0-140ml-60ml-vladmiva,00000074933 | 00000055317,2,2,KZ_BRAND_AND_SELECTED_SKUS,KZ_SKU_EVIDENCE_REQUIRED,https://www.vladmiva.ru/products/slepochnye/belast-komplekt-910ml-tip-0-140ml-60ml-vladmiva/,vladmiva-dental-catalog.json
ВладМиВа official,ВладМиВа,БЕЛАСТ/Низковязкий тип 3/140 мл,belast-nizkovyazkiy-b-katalizatora-140ml-vladmiva,00000053107 | 00000095722,2,2,KZ_BRAND_AND_SELECTED_SKUS,KZ_SKU_EVIDENCE_REQUIRED,https://www.vladmiva.ru/products/slepochnye/belast-nizkovyazkiy-b-katalizatora-140ml-vladmiva/,vladmiva-dental-catalog.json
ВладМиВа official,ВладМиВа,БЕЛОПРИНТ,sl-beloprint-450g-poroshok-vladmiva,00000004805 | 00000004871,2,2,KZ_BRAND_AND_SELECTED_SKUS,KZ_SKU_EVIDENCE_REQUIRED,https://www.vladmiva.ru/products/slepochnye/sl-beloprint-450g-poroshok-vladmiva/,vladmiva-dental-catalog.json
ВладМиВа official,ВладМиВа,БЕЛОПРИНТ - ХРОМАТИК/450 г,sl-beloprint-khromo-450g-vladmiva,00000007474,1,1,KZ_BRAND_AND_SELECTED_SKUS,KZ_SKU_EVIDENCE_REQUIRED,https://www.vladmiva.ru/products/slepochnye/sl-beloprint-khromo-450g-vladmiva/,vladmiva-dental-catalog.json
ВладМиВа official,ВладМиВа,АРМОСПЛИНТ,armosplint-nabor-90kh2kh0-25-90kh3kh0-25-90kh1-5-90kh1-0-vladmiva-,00000054948 | 00000054937 | 00000054936 | 00000054938 | 00000054711,5,5,KZ_BRAND_AND_SELECTED_SKUS,KZ_SKU_EVIDENCE_REQUIRED,https://www.vladmiva.ru/products/fiksiruyushchie/armosplint-nabor-90kh2kh0-25-90kh3kh0-25-90kh1-5-90kh1-0-vladmiva-/,vladmiva-dental-catalog.json
ВладМиВа official,ВладМиВа,КОМПОФИКС,kompofiks-pasta-pasta-6-0g-6-0g-a2-vladmiva,00000048915,1,1,KZ_BRAND_AND_SELECTED_SKUS,KZ_SKU_EVIDENCE_REQUIRED,https://www.vladmiva.ru/products/fiksiruyushchie/kompofiks-pasta-pasta-6-0g-6-0g-a2-vladmiva/,vladmiva-dental-catalog.json
ВладМиВа official,ВладМиВа,ОРТОФИКС-К/30 г,ortofiks-k-30g-por-vladmiva-,00000000087,1,1,KZ_BRAND_AND_SELECTED_SKUS,KZ_SKU_EVIDENCE_REQUIRED,https://www.vladmiva.ru/products/fiksiruyushchie/ortofiks-k-30g-por-vladmiva-/,vladmiva-dental-catalog.json
ВладМиВа official,ВладМиВа,ОРТОФИКС-П/30 г,ortofiks-p-30g-por-vladmiva-,00000000089,1,1,KZ_BRAND_AND_SELECTED_SKUS,KZ_SKU_EVIDENCE_REQUIRED,https://www.vladmiva.ru/products/fiksiruyushchie/ortofiks-p-30g-por-vladmiva-/,vladmiva-dental-catalog.json
ВладМиВа official,ВладМиВа,ОРТОФИКС-С/30 г,ortofiks-s-30g-por-vladmiva-,00000000088,1,1,KZ_BRAND_AND_SELECTED_SKUS,KZ_SKU_EVIDENCE_REQUIRED,https://www.vladmiva.ru/products/fiksiruyushchie/ortofiks-s-30g-por-vladmiva-/,vladmiva-dental-catalog.json
ВладМиВа official,ВладМиВа,ТЕМПОФИКС,tempofiks-bezevgenol-pasta-50g-15g-vladmiva,00000010185 | 00000018704,2,2,KZ_BRAND_AND_SELECTED_SKUS,KZ_SKU_EVIDENCE_REQUIRED,https://www.vladmiva.ru/products/fiksiruyushchie/tempofiks-bezevgenol-pasta-50g-15g-vladmiva/,vladmiva-dental-catalog.json
ВладМиВа official,ВладМиВа,ЦЕМИОН - Ф/ 20 г + 10 мл + 15 мл,tsemion-f-20g-15ml-10ml-vladmiva,00000001240,1,2,KZ_BRAND_AND_SELECTED_SKUS,KZ_SKU_EVIDENCE_REQUIRED,https://www.vladmiva.ru/products/fiksiruyushchie/tsemion-f-20g-15ml-10ml-vladmiva/,vladmiva-dental-catalog.json
ВладМиВа official,ВладМиВа,ЦЕМИОН-Ф/35 г + 25 г (20 мл),tsemion-f-35g-25g-20ml-vladmiva,00000053103,1,1,KZ_BRAND_AND_SELECTED_SKUS,KZ_SKU_EVIDENCE_REQUIRED,https://www.vladmiva.ru/products/fiksiruyushchie/tsemion-f-35g-25g-20ml-vladmiva/,vladmiva-dental-catalog.json
ВладМиВа official,ВладМиВа,"ДЕНТЛАЙТ - КОР /4,5 г + 4,5 г",sv-dentlayt-kor-4-5g-4-5g-vmv,00000032603,1,1,KZ_BRAND_AND_SELECTED_SKUS,KZ_SKU_EVIDENCE_REQUIRED,https://www.vladmiva.ru/products/kompozity/sv-dentlayt-kor-4-5g-4-5g-vmv/,vladmiva-dental-catalog.json
ВладМиВа official,ВладМиВа,ДЕНТЛАЙТ адгезив,adgeziv-dentlayt-odnokomp-sv-otv-10ml-vladmiva,00000075798 | 00000008905 | 00000053100,3,1,KZ_BRAND_AND_SELECTED_SKUS,KZ_SKU_EVIDENCE_REQUIRED,https://www.vladmiva.ru/products/kompozity/adgeziv-dentlayt-odnokomp-sv-otv-10ml-vladmiva/,vladmiva-dental-catalog.json
ВладМиВа official,ВладМиВа,ДЕНТЛАЙТ АКВА/5 мл,sv-dentlayt-akva-uvlazhn-agent-5ml-vmv,00000009304,1,1,KZ_BRAND_AND_SELECTED_SKUS,KZ_SKU_EVIDENCE_REQUIRED,https://www.vladmiva.ru/products/kompozity/sv-dentlayt-akva-uvlazhn-agent-5ml-vmv/,vladmiva-dental-catalog.json
ВладМиВа official,ВладМиВа,ДЕНТЛАЙТ моделировочный агент/ 5 мл,sv-dentlayt-modelirovochnyy-agent-5ml-vmv,00000053101,1,1,KZ_BRAND_AND_SELECTED_SKUS,KZ_SKU_EVIDENCE_REQUIRED,https://www.vladmiva.ru/products/kompozity/sv-dentlayt-modelirovochnyy-agent-5ml-vmv/,vladmiva-dental-catalog.json
ВладМиВа official,ВладМиВа,ДЕНТЛАЙТ НАБОР КАПСУЛ ПРОФЕССИОНАЛЬНЫЙ /12 цветов/,sv-dentlayt-prof-nabor-70-kaps-kh0-25g-pasta-12-ottenkov,00000052328,1,1,KZ_BRAND_AND_SELECTED_SKUS,KZ_SKU_EVIDENCE_REQUIRED,https://www.vladmiva.ru/products/kompozity/sv-dentlayt-prof-nabor-70-kaps-kh0-25g-pasta-12-ottenkov/,vladmiva-dental-catalog.json
ВладМиВа official,ВладМиВа,"ДЕНТЛАЙТ придесневая масса /розовая/ 4,5 г + 2 г",sv-dentlayt-pridesnevaya-massa-4-5-gr-2-0g-rozovaya-vmv,00000045731,1,1,KZ_BRAND_AND_SELECTED_SKUS,KZ_SKU_EVIDENCE_REQUIRED,https://www.vladmiva.ru/products/kompozity/sv-dentlayt-pridesnevaya-massa-4-5-gr-2-0g-rozovaya-vmv/,vladmiva-dental-catalog.json
ВладМиВа official,ВладМиВа,ДЕНТЛАЙТ пробный набор,sv-dentlayt-1-shpr-4-5g-n-r-1-1-a2-adgez-1g-gel-d-trav-4g-vmv,00000052554,1,1,KZ_BRAND_AND_SELECTED_SKUS,KZ_SKU_EVIDENCE_REQUIRED,https://www.vladmiva.ru/products/kompozity/sv-dentlayt-1-shpr-4-5g-n-r-1-1-a2-adgez-1g-gel-d-trav-4g-vmv/,vladmiva-dental-catalog.json
ВладМиВа official,ВладМиВа,"ДЕНТЛАЙТ универсальный /оттенок А1/ 0,25х20",sv-dentlayt-universalnyy-kaps-a1-0-25gkh20-vmv,00000057849,1,1,KZ_BRAND_AND_SELECTED_SKUS,KZ_SKU_EVIDENCE_REQUIRED,https://www.vladmiva.ru/products/kompozity/sv-dentlayt-universalnyy-kaps-a1-0-25gkh20-vmv/,vladmiva-dental-catalog.json
ВладМиВа official,ВладМиВа,"ДЕНТЛАЙТ универсальный /оттенок А2/ 0,25х20",sv-dentlayt-universalnyy-kaps-a2-0-25gkh20-vmv,00000057737,1,1,KZ_BRAND_AND_SELECTED_SKUS,KZ_SKU_EVIDENCE_REQUIRED,https://www.vladmiva.ru/products/kompozity/sv-dentlayt-universalnyy-kaps-a2-0-25gkh20-vmv/,vladmiva-dental-catalog.json
ВладМиВа official,ВладМиВа,"ДЕНТЛАЙТ универсальный /оттенок А3/ 0,25х20",sv-dentlayt-universalnyy-kaps-a3-0-25gkh20-vmv,00000057848,1,1,KZ_BRAND_AND_SELECTED_SKUS,KZ_SKU_EVIDENCE_REQUIRED,https://www.vladmiva.ru/products/kompozity/sv-dentlayt-universalnyy-kaps-a3-0-25gkh20-vmv/,vladmiva-dental-catalog.json
ВладМиВа official,ВладМиВа,ДЕНТЛАЙТ УНИВЕРСАЛЬНЫЙ НАБОР/7 шприцев/,sv-dentlayt-7shpr-4-5g-n-r-7-2-a1-a2-a3-a3-5-v2-s2-ud-adgez-5ml-gel-3ml-vmv,00000041026,1,1,KZ_BRAND_AND_SELECTED_SKUS,KZ_SKU_EVIDENCE_REQUIRED,https://www.vladmiva.ru/products/kompozity/sv-dentlayt-7shpr-4-5g-n-r-7-2-a1-a2-a3-a3-5-v2-s2-ud-adgez-5ml-gel-3ml-vmv/,vladmiva-dental-catalog.json
ВладМиВа official,ВладМиВа,ДЕНТЛАЙТ ФЛОУ,sv-dentlayt-flou-belyy-tekuch-kompozit-shpr-2-0g-vmv,00000063459 | 00000052334 | 00000052331 | 00000052333 | 00000052332 | 00000041366 | 00000052336 | 00000052338 | 00000047096 | 00000051436 | 00000052339 | 00000065371 | 00000008904 | 00000055551 | 00000009300 | 00000055553 | 00000009299 | 00000055552 | 00000066685 | 00000074485 | 00000010059 | 00000055555 | 00000080243 | 00000074818 | 00000062706 | 00000032709 | 00000055550 | 00000066230 | 00000010060 | 00000055554 | 00000080244 | 00000052341 | 00000052337 | 00000058950 | 00000052335,35,8,KZ_BRAND_AND_SELECTED_SKUS,KZ_SKU_EVIDENCE_REQUIRED,https://www.vladmiva.ru/products/kompozity/sv-dentlayt-flou-belyy-tekuch-kompozit-shpr-2-0g-vmv/,vladmiva-dental-catalog.json
ВладМиВа official,ВладМиВа,ДЕНТЛАЙТ ФЛОУ набор,sv-dentlayt-7shpr-2g-n-r-7-1-flou-prozr-bel-zolot-oranzh-krasn-zelen-siniy-gel-3ml-vmv,00000046696 | 00000053280,2,2,KZ_BRAND_AND_SELECTED_SKUS,KZ_SKU_EVIDENCE_REQUIRED,https://www.vladmiva.ru/products/kompozity/sv-dentlayt-7shpr-2g-n-r-7-1-flou-prozr-bel-zolot-oranzh-krasn-zelen-siniy-gel-3ml-vmv/,vladmiva-dental-catalog.json
ВладМиВа official,ВладМиВа,ДЕНТЛАЙТ ЦВЕТОКОРРЕКТОР НАБОР,sv-dentlayt-tsvetokorrektor-nabor-3shprkh1ml-vmv,00000055294,1,1,KZ_BRAND_AND_SELECTED_SKUS,KZ_SKU_EVIDENCE_REQUIRED,https://www.vladmiva.ru/products/kompozity/sv-dentlayt-tsvetokorrektor-nabor-3shprkh1ml-vmv/,vladmiva-dental-catalog.json
ВладМиВа official,ВладМиВа,ДЕНТЛАЙТ ЦВЕТОКОРРЕКТОР,sv-dentlayt-tsvetokorrektor-belyy-shpr-1ml-vmv,00000008906 | 00000009301 | 00000009302 | 00000056494,4,1,KZ_BRAND_AND_SELECTED_SKUS,KZ_SKU_EVIDENCE_REQUIRED,https://www.vladmiva.ru/products/kompozity/sv-dentlayt-tsvetokorrektor-belyy-shpr-1ml-vmv/,vladmiva-dental-catalog.json
ВладМиВа official,ВладМиВа,"ДЕНТЛАЙТ/DB1/4,5 г",sv-dentlayt-dv1-shpr-4-5g-univer-mk-gibrid-komp-vmv,00000034598,1,1,KZ_BRAND_AND_SELECTED_SKUS,KZ_SKU_EVIDENCE_REQUIRED,https://www.vladmiva.ru/products/kompozity/sv-dentlayt-dv1-shpr-4-5g-univer-mk-gibrid-komp-vmv/,vladmiva-dental-catalog.json
ВладМиВа official,ВладМиВа,"ДЕНТЛАЙТ/DC2/4,5 г",sv-dentlayt-ds2-shpr-4-5g-univer-mk-gibrid-komp-vmv,00000032646,1,1,KZ_BRAND_AND_SELECTED_SKUS,KZ_SKU_EVIDENCE_REQUIRED,https://www.vladmiva.ru/products/kompozity/sv-dentlayt-ds2-shpr-4-5g-univer-mk-gibrid-komp-vmv/,vladmiva-dental-catalog.json
ВладМиВа official,ВладМиВа,"ДЕНТЛАЙТ/EB3/4,5 г",sv-dentlayt-ev3-shpr-4-5g-univer-mk-gibrid-komp-vmv,00000046247,1,1,KZ_BRAND_AND_SELECTED_SKUS,KZ_SKU_EVIDENCE_REQUIRED,https://www.vladmiva.ru/products/kompozity/sv-dentlayt-ev3-shpr-4-5g-univer-mk-gibrid-komp-vmv/,vladmiva-dental-catalog.json
ВладМиВа official,ВладМиВа,"ДЕНТЛАЙТ/ED3/4,5 г",sv-dentlayt-ed3-shpr-4-5g-univer-mk-gibrid-komp-vmv,00000046246,1,1,KZ_BRAND_AND_SELECTED_SKUS,KZ_SKU_EVIDENCE_REQUIRED,https://www.vladmiva.ru/products/kompozity/sv-dentlayt-ed3-shpr-4-5g-univer-mk-gibrid-komp-vmv/,vladmiva-dental-catalog.json
ВладМиВа official,ВладМиВа,ДЕНТЛАЙТ/НАБОР КАПСУЛ СТАРТОВЫЙ/5 цветов,sv-dentlayt-start-nabor-70-kaps-kh0-25g-pasta-5-ottenkov,00000051779,1,1,KZ_BRAND_AND_SELECTED_SKUS,KZ_SKU_EVIDENCE_REQUIRED,https://www.vladmiva.ru/products/kompozity/sv-dentlayt-start-nabor-70-kaps-kh0-25g-pasta-5-ottenkov/,vladmiva-dental-catalog.json
ВладМиВа official,ВладМиВа,"ДЕНТЛАЙТ/Профессиональный набор/12 шт по 4,5г",sv-dentlayt-12shpr-4-5g-n-r-12-2-ov3-oa2-oa3-5-da2-da3-da3-5-ea1-ea2-ea3-ev2-ed2-rezh-kr4-5-floua2,00000008199,1,1,KZ_BRAND_AND_SELECTED_SKUS,KZ_SKU_EVIDENCE_REQUIRED,https://www.vladmiva.ru/products/kompozity/sv-dentlayt-12shpr-4-5g-n-r-12-2-ov3-oa2-oa3-5-da2-da3-da3-5-ea1-ea2-ea3-ev2-ed2-rezh-kr4-5-floua2/,vladmiva-dental-catalog.json
ВладМиВа official,ВладМиВа,ДЕНТЛАЙТ/СТАРТОВЫЙ набор,sv-dentlayt-5shpr-4-5g-n-r-5-1-oa3-5-da3-ea2-ea3-ev2-adgeziv5ml-gel-d-trav-3ml-floua2-2g-vmv,00000008198,1,1,KZ_BRAND_AND_SELECTED_SKUS,KZ_SKU_EVIDENCE_REQUIRED,https://www.vladmiva.ru/products/kompozity/sv-dentlayt-5shpr-4-5g-n-r-5-1-oa3-5-da3-ea2-ea3-ev2-adgeziv5ml-gel-d-trav-3ml-floua2-2g-vmv/,vladmiva-dental-catalog.json
ВладМиВа official,ВладМиВа,КОМПОЦЕМ /набор,kompotsem-por-70g-zhidkost-26ml-vladmiva,00000013443,1,1,KZ_BRAND_AND_SELECTED_SKUS,KZ_SKU_EVIDENCE_REQUIRED,https://www.vladmiva.ru/products/kompozity/kompotsem-por-70g-zhidkost-26ml-vladmiva/,vladmiva-dental-catalog.json
ВладМиВа official,ВладМиВа,ТЕМПОФОТ высоковязкий,sv-tempofot-vysokovyazkaya-prozrach-pasta-3g-vladmiva,00000009196 | 00000041093 | 00000052569 | 00000095371 | 00000095367 | 00000095368,6,2,KZ_BRAND_AND_SELECTED_SKUS,KZ_SKU_EVIDENCE_REQUIRED,https://www.vladmiva.ru/products/kompozity/sv-tempofot-vysokovyazkaya-prozrach-pasta-3g-vladmiva/,vladmiva-dental-catalog.json
ВладМиВа official,ВладМиВа,ТЕМПОФОТ низковязкий,sv-tempofot-nizkovyazkaya-prozrach-pasta-1-5g-2shpr-vladmiva,00000041024 | 00000052329 | 00000095374 | 00000095372 | 00000095373,5,2,KZ_BRAND_AND_SELECTED_SKUS,KZ_SKU_EVIDENCE_REQUIRED,https://www.vladmiva.ru/products/kompozity/sv-tempofot-nizkovyazkaya-prozrach-pasta-1-5g-2shpr-vladmiva/,vladmiva-dental-catalog.json
ВладМиВа official,ВладМиВа,"ТЕМПОФОТ/жидкий коффердам/ 1,5 г + 1,5 г",sv-tempofot-nizkovyazkaya-sinyaya-pasta-1-5g-2shpr-zhidkiy-kofferdam-vladmiva,00000041025,1,2,KZ_BRAND_AND_SELECTED_SKUS,KZ_SKU_EVIDENCE_REQUIRED,https://www.vladmiva.ru/products/kompozity/sv-tempofot-nizkovyazkaya-sinyaya-pasta-1-5g-2shpr-zhidkiy-kofferdam-vladmiva/,vladmiva-dental-catalog.json
ВладМиВа official,ВладМиВа,"ТЕМПОФОТ/низковязкий/синий/ 0,25 г х 20",sv-tempofot-kapsuly-sinyaya-pasta-0-25g-20-nizkovyaz-vladmiva,00000052330,1,1,KZ_BRAND_AND_SELECTED_SKUS,KZ_SKU_EVIDENCE_REQUIRED,https://www.vladmiva.ru/products/kompozity/sv-tempofot-kapsuly-sinyaya-pasta-0-25g-20-nizkovyaz-vladmiva/,vladmiva-dental-catalog.json
ВладМиВа official,ВладМиВа,АРГЕЦЕМ/20 г + 10 мл + 10 мл + 10 мл,argetsem-stekloinomern-tsement-s-serebrom-vladmiva,00000001728,1,1,KZ_BRAND_AND_SELECTED_SKUS,KZ_SKU_EVIDENCE_REQUIRED,https://www.vladmiva.ru/products/tsementy/argetsem-stekloinomern-tsement-s-serebrom-vladmiva/,vladmiva-dental-catalog.json
ВладМиВа official,ВладМиВа,БЕЛАДОНТ/50 г + 30 г,beladont-silikofosfatnyy-tsement-vladmiva-,00000000018,1,1,KZ_BRAND_AND_SELECTED_SKUS,KZ_SKU_EVIDENCE_REQUIRED,https://www.vladmiva.ru/products/tsementy/beladont-silikofosfatnyy-tsement-vladmiva-/,vladmiva-dental-catalog.json
ВладМиВа official,ВладМиВа,БЕЛАЦИН/50 г + 30 г,belatsin-silikatnyy-tsement-vladmiva,00000000019,1,1,KZ_BRAND_AND_SELECTED_SKUS,KZ_SKU_EVIDENCE_REQUIRED,https://www.vladmiva.ru/products/tsementy/belatsin-silikatnyy-tsement-vladmiva/,vladmiva-dental-catalog.json
ВладМиВа official,ВладМиВа,БЕЛОКОР/80г + 2 х 20 г,belokor-polikarboks-tsement-80g-40g-vladmiva-,00000012580,1,1,KZ_BRAND_AND_SELECTED_SKUS,KZ_SKU_EVIDENCE_REQUIRED,https://www.vladmiva.ru/products/tsementy/belokor-polikarboks-tsement-80g-40g-vladmiva-/,vladmiva-dental-catalog.json
ВладМиВа official,ВладМиВа,ДЕНТИН - ПАСТА,dentin-pasta-bez-otdushki-50g-vladmiva-_1,00000056392 | 00000023943 | 00000001810 | 00000000029 | 00000042536 | 00000001809 | 00000000030 | 00000090734 | 00000090739 | 00000090735 | 00000090738 | 00000090740 | 00000090736 | 00000090737 | 00000004076,15,5,KZ_BRAND_AND_SELECTED_SKUS,KZ_SKU_EVIDENCE_REQUIRED,https://www.vladmiva.ru/products/tsementy/dentin-pasta-bez-otdushki-50g-vladmiva-_1/,vladmiva-dental-catalog.json
ВладМиВа official,ВладМиВа,ДЕНТИН - ПОРОШОК,dentin-poroshok-200g-vladmiva-_1,00000007746 | 00000000028,2,1,KZ_BRAND_AND_SELECTED_SKUS,KZ_SKU_EVIDENCE_REQUIRED,https://www.vladmiva.ru/products/tsementy/dentin-poroshok-200g-vladmiva-_1/,vladmiva-dental-catalog.json
ВладМиВа official,ВладМиВа,"ИЗОЛАЙН/0,33г х 20",sv-izolayn-a2-pasta-kapsuly-0-33-20sht-vladmiva,00000051780,1,1,KZ_BRAND_AND_SELECTED_SKUS,KZ_SKU_EVIDENCE_REQUIRED,https://www.vladmiva.ru/products/tsementy/sv-izolayn-a2-pasta-kapsuly-0-33-20sht-vladmiva/,vladmiva-dental-catalog.json
ВладМиВа official,ВладМиВа,ИЗОЛАЙН/2 г,sv-izolayn-a2-pasta-shprits-2gr-podklad-kompomer-mater-vladmiva,00000010402,1,1,KZ_BRAND_AND_SELECTED_SKUS,KZ_SKU_EVIDENCE_REQUIRED,https://www.vladmiva.ru/products/tsementy/sv-izolayn-a2-pasta-shprits-2gr-podklad-kompomer-mater-vladmiva/,vladmiva-dental-catalog.json
ВладМиВа official,ВладМиВа,УНИЦЕМ Ф/100 г+30 мл+30 мл,unitsem-f-d-fiksatsii-oksidtsirkon-i-metallokeram-konstr-so-ftorom-100g-30ml-30ml-vmv,00000078511,1,2,KZ_BRAND_AND_SELECTED_SKUS,KZ_SKU_EVIDENCE_REQUIRED,https://www.vladmiva.ru/products/tsementy/unitsem-f-d-fiksatsii-oksidtsirkon-i-metallokeram-konstr-so-ftorom-100g-30ml-30ml-vmv/,vladmiva-dental-catalog.json
ВладМиВа official,ВладМиВа,УНИЦЕМ/БАКТЕРИЦИДНЫЙ/ 50 г + 30 г,unitsem-bakter-s-serebrom-50g-vladmiva-,00000000133,1,1,KZ_BRAND_AND_SELECTED_SKUS,KZ_SKU_EVIDENCE_REQUIRED,https://www.vladmiva.ru/products/tsementy/unitsem-bakter-s-serebrom-50g-vladmiva-/,vladmiva-dental-catalog.json
ВладМиВа official,ВладМиВа,УНИЦЕМ/Белый,unitsem-100-60g-belyy-vladmiva,00000001456 | 00000000388,2,2,KZ_BRAND_AND_SELECTED_SKUS,KZ_SKU_EVIDENCE_REQUIRED,https://www.vladmiva.ru/products/tsementy/unitsem-100-60g-belyy-vladmiva/,vladmiva-dental-catalog.json
ВладМиВа official,ВладМиВа,УНИЦЕМ/Золотисто-желтый,unitsem-100-60g-zolot-zheltyy-vladmiva,00000002331 | 00000002333,2,1,KZ_BRAND_AND_SELECTED_SKUS,KZ_SKU_EVIDENCE_REQUIRED,https://www.vladmiva.ru/products/tsementy/unitsem-100-60g-zolot-zheltyy-vladmiva/,vladmiva-dental-catalog.json
ВладМиВа official,ВладМиВа,УНИЦЕМ/Светло-желтый,unitsem-100-60g-sv-zheltyy-vladmiva,00000002332 | 00000002334,2,2,KZ_BRAND_AND_SELECTED_SKUS,KZ_SKU_EVIDENCE_REQUIRED,https://www.vladmiva.ru/products/tsementy/unitsem-100-60g-sv-zheltyy-vladmiva/,vladmiva-dental-catalog.json
ВладМиВа official,ВладМиВа,ЦЕМИЛАЙН/ 20 г + 10 мл + 10 мл,tsemilayn-stekloion-tsement-khim-otv-so-ftorom-vladm,00000007358,1,1,KZ_BRAND_AND_SELECTED_SKUS,KZ_SKU_EVIDENCE_REQUIRED,https://www.vladmiva.ru/products/tsementy/tsemilayn-stekloion-tsement-khim-otv-so-ftorom-vladm/,vladmiva-dental-catalog.json
ВладМиВа official,ВладМиВа,ЦЕМИЛАЙН-LC / 20 г + 10 мл + 10 мл,tsemilayn-lc-stekloion-tsement-sv-otv-so-ftorom-vlad,00000007327,1,1,KZ_BRAND_AND_SELECTED_SKUS,KZ_SKU_EVIDENCE_REQUIRED,https://www.vladmiva.ru/products/tsementy/tsemilayn-lc-stekloion-tsement-sv-otv-so-ftorom-vlad/,vladmiva-dental-catalog.json
ВладМиВа official,ВладМиВа,ЦЕМИОН АКВА набор,tsemion-akva-akvion-nabor-ottenki-a2-a3-v2-s2-vladmiva,00000006950,1,1,KZ_BRAND_AND_SELECTED_SKUS,KZ_SKU_EVIDENCE_REQUIRED,https://www.vladmiva.ru/products/tsementy/tsemion-akva-akvion-nabor-ottenki-a2-a3-v2-s2-vladmiva/,vladmiva-dental-catalog.json
ВладМиВа official,ВладМиВа,ЦЕМИОН АКВА/порошок А2/20 г + 10 мл + 10 мл,tsemion-akva-a2-akvion-universalnyy-20g-10ml-10ml-vladmiva,00000007205,1,1,KZ_BRAND_AND_SELECTED_SKUS,KZ_SKU_EVIDENCE_REQUIRED,https://www.vladmiva.ru/products/tsementy/tsemion-akva-a2-akvion-universalnyy-20g-10ml-10ml-vladmiva/,vladmiva-dental-catalog.json
ВладМиВа official,ВладМиВа,ЦЕМИОН АКВА/порошок А3/20 г + 10 мл + 10 мл,tsemion-akva-a3-akvion-universalnyy-20g-10ml-10ml-vladmiva,00000004089,1,1,KZ_BRAND_AND_SELECTED_SKUS,KZ_SKU_EVIDENCE_REQUIRED,https://www.vladmiva.ru/products/tsementy/tsemion-akva-a3-akvion-universalnyy-20g-10ml-10ml-vladmiva/,vladmiva-dental-catalog.json
ВладМиВа official,ВладМиВа,ЦЕМИОН/жёлтый/20 г + 10 мл + 10 мл + 10 мл,tsemion-kolor-zheltyy-vmv,00000010288,1,1,KZ_BRAND_AND_SELECTED_SKUS,KZ_SKU_EVIDENCE_REQUIRED,https://www.vladmiva.ru/products/tsementy/tsemion-kolor-zheltyy-vmv/,vladmiva-dental-catalog.json
ВладМиВа official,ВладМиВа,ЦЕМИОН/зеленый/20 г + 10 мл + 10 мл + 10 мл,tsemion-kolor-zelenyy-vmv,00000010289,1,1,KZ_BRAND_AND_SELECTED_SKUS,KZ_SKU_EVIDENCE_REQUIRED,https://www.vladmiva.ru/products/tsementy/tsemion-kolor-zelenyy-vmv/,vladmiva-dental-catalog.json
ВладМиВа official,ВладМиВа,ЦЕМИОН/малиновый/20 г + 10 мл + 10 мл + 10 мл,tsemion-kolor-malinovyy-vmv,00000010291,1,1,KZ_BRAND_AND_SELECTED_SKUS,KZ_SKU_EVIDENCE_REQUIRED,https://www.vladmiva.ru/products/tsementy/tsemion-kolor-malinovyy-vmv/,vladmiva-dental-catalog.json
ВладМиВа official,ВладМиВа,ЦЕМИОН/набор 4 цвета,tsemion-kolor-4-kh-tsv-siniy-malinovyy-zheltyy-zelenyy,00000008907,1,1,KZ_BRAND_AND_SELECTED_SKUS,KZ_SKU_EVIDENCE_REQUIRED,https://www.vladmiva.ru/products/tsementy/tsemion-kolor-4-kh-tsv-siniy-malinovyy-zheltyy-zelenyy/,vladmiva-dental-catalog.json
ВладМиВа official,ВладМиВа,ЦЕМИОН/набор 4 цвета,tsemion-nabor-4-tsv-a2-a3-v2-s2-rkhts-vladmiva,00000001565,1,1,KZ_BRAND_AND_SELECTED_SKUS,KZ_SKU_EVIDENCE_REQUIRED,https://www.vladmiva.ru/products/tsementy/tsemion-nabor-4-tsv-a2-a3-v2-s2-rkhts-vladmiva/,vladmiva-dental-catalog.json
ВладМиВа official,ВладМиВа,ЦЕМИОН/оттенок А2/ 20 г + 10 мл + 10 мл + 10 мл,tsemion-universalnyy-tsv-a2-20g-por-10ml-zhid-10ml-10ml-vladmiva,00000001197,1,1,KZ_BRAND_AND_SELECTED_SKUS,KZ_SKU_EVIDENCE_REQUIRED,https://www.vladmiva.ru/products/tsementy/tsemion-universalnyy-tsv-a2-20g-por-10ml-zhid-10ml-10ml-vladmiva/,vladmiva-dental-catalog.json
ВладМиВа official,ВладМиВа,ЦЕМИОН/оттенок А3/ 20 г + 10 мл + 10 мл + 10 мл,tsemion-universalnyy-tsv-a3-20g-por-10ml-zhid-10ml-10ml-vladmiva,00000001334,1,1,KZ_BRAND_AND_SELECTED_SKUS,KZ_SKU_EVIDENCE_REQUIRED,https://www.vladmiva.ru/products/tsementy/tsemion-universalnyy-tsv-a3-20g-por-10ml-zhid-10ml-10ml-vladmiva/,vladmiva-dental-catalog.json
ВладМиВа official,ВладМиВа,ЦЕМИОН/оттенок В2/ 20 г + 10 мл + 10 мл + 10 мл,tsemion-universalnyy-tsv-v2-20g-por-10ml-zhid-10ml-10ml-vladmiva,00000001335,1,1,KZ_BRAND_AND_SELECTED_SKUS,KZ_SKU_EVIDENCE_REQUIRED,https://www.vladmiva.ru/products/tsementy/tsemion-universalnyy-tsv-v2-20g-por-10ml-zhid-10ml-10ml-vladmiva/,vladmiva-dental-catalog.json
ВладМиВа official,ВладМиВа,ЦЕМИОН/оттенок С2/ 20 г + 10 мл + 10 мл + 10 мл,tsemion-universalnyy-tsv-s2-20g-por-10ml-zhid-10ml-10ml-vladmiva,00000005072,1,1,KZ_BRAND_AND_SELECTED_SKUS,KZ_SKU_EVIDENCE_REQUIRED,https://www.vladmiva.ru/products/tsementy/tsemion-universalnyy-tsv-s2-20g-por-10ml-zhid-10ml-10ml-vladmiva/,vladmiva-dental-catalog.json
ВладМиВа official,ВладМиВа,ЦЕМИОН/оттенок С4/ 20 г + 10 мл + 10 мл + 10 мл,tsemion-universalnyy-tsv-s4-20g-por-10ml-zhid-10ml-10ml-vladmiva,00000001336,1,1,KZ_BRAND_AND_SELECTED_SKUS,KZ_SKU_EVIDENCE_REQUIRED,https://www.vladmiva.ru/products/tsementy/tsemion-universalnyy-tsv-s4-20g-por-10ml-zhid-10ml-10ml-vladmiva/,vladmiva-dental-catalog.json
ВладМиВа official,ВладМиВа,ЦЕМИОН/синий/20 г + 10 мл + 10 мл + 10 мл,tsemion-kolor-siniy-vmv,00000010290,1,1,KZ_BRAND_AND_SELECTED_SKUS,KZ_SKU_EVIDENCE_REQUIRED,https://www.vladmiva.ru/products/tsementy/tsemion-kolor-siniy-vmv/,vladmiva-dental-catalog.json
ВладМиВа official,ВладМиВа,ЭОДЕНТ/быстротвердеющий/ 25 г + 8 мл,eodent-rapid-d-podkladok-vladmiva-bystrotverdeyushchiy-vladmiva,00000001044,1,1,KZ_BRAND_AND_SELECTED_SKUS,KZ_SKU_EVIDENCE_REQUIRED,https://www.vladmiva.ru/products/tsementy/eodent-rapid-d-podkladok-vladmiva-bystrotverdeyushchiy-vladmiva/,vladmiva-dental-catalog.json
ВладМиВа official,ВладМиВа,Блокнот/для замешивания/ВладМиВа/,bloknot-120kh200-100list-dlya-zameshivaniya-vladmiva,00000080367 | 00000080369 | 00000080368 | 00000080365,4,4,KZ_BRAND_AND_SELECTED_SKUS,KZ_SKU_EVIDENCE_REQUIRED,https://www.vladmiva.ru/products/prinadlezhnosti3/bloknot-120kh200-100list-dlya-zameshivaniya-vladmiva/,vladmiva-dental-catalog.json
ВладМиВа official,ВладМиВа,ДИСПЕНСЕР,dispenser-pistolet-dlya-kanyul-vladmiva-,00000048537,1,1,KZ_BRAND_AND_SELECTED_SKUS,KZ_SKU_EVIDENCE_REQUIRED,https://www.vladmiva.ru/products/prinadlezhnosti3/dispenser-pistolet-dlya-kanyul-vladmiva-/,vladmiva-dental-catalog.json
ВладМиВа official,ВладМиВа,ЗЕРКАЛО для дентальной фотографии/ЗР.01,zerkalo-dlya-dentalnoy-fotografii-zr-01,00000076330,1,4,KZ_BRAND_AND_SELECTED_SKUS,KZ_SKU_EVIDENCE_REQUIRED,https://www.vladmiva.ru/products/prinadlezhnosti3/zerkalo-dlya-dentalnoy-fotografii-zr-01/,vladmiva-dental-catalog.json
ВладМиВа official,ВладМиВа,ЗЕРКАЛО для дентальной фотографии/ЗР.03,zerkalo-dlya-dentalnoy-fotografii-zr-03,00000076331,1,4,KZ_BRAND_AND_SELECTED_SKUS,KZ_SKU_EVIDENCE_REQUIRED,https://www.vladmiva.ru/products/prinadlezhnosti3/zerkalo-dlya-dentalnoy-fotografii-zr-03/,vladmiva-dental-catalog.json
ВладМиВа official,ВладМиВа,ЗЕРКАЛО для дентальной фотографии/ЗР.04,zerkalo-dlya-dentalnoy-fotografii-zr-04,00000076332,1,4,KZ_BRAND_AND_SELECTED_SKUS,KZ_SKU_EVIDENCE_REQUIRED,https://www.vladmiva.ru/products/prinadlezhnosti3/zerkalo-dlya-dentalnoy-fotografii-zr-04/,vladmiva-dental-catalog.json
ВладМиВа official,ВладМиВа,Кисть для адаптации,kist-dlya-adaptatsii,00000073528,1,2,KZ_BRAND_AND_SELECTED_SKUS,KZ_SKU_EVIDENCE_REQUIRED,https://www.vladmiva.ru/products/prinadlezhnosti3/kist-dlya-adaptatsii/,vladmiva-dental-catalog.json
ВладМиВа official,ВладМиВа,Кисть для детализации,kist-dlya-detalizatsii,00000073529,1,2,KZ_BRAND_AND_SELECTED_SKUS,KZ_SKU_EVIDENCE_REQUIRED,https://www.vladmiva.ru/products/prinadlezhnosti3/kist-dlya-detalizatsii/,vladmiva-dental-catalog.json
ВладМиВа official,ВладМиВа,КОМПЛЕКТ ЗЕРКАЛ/5 шт/ЗР.01.ЗР.02.ЗР.03.ЗР.04.ЗР.05,zerkalo-nabor-dlya-dentalnoy-fotografii-zr-01-zr-02-zr-03-zr-04-zr-05,00000076333,1,3,KZ_BRAND_AND_SELECTED_SKUS,KZ_SKU_EVIDENCE_REQUIRED,https://www.vladmiva.ru/products/prinadlezhnosti3/zerkalo-nabor-dlya-dentalnoy-fotografii-zr-01-zr-02-zr-03-zr-04-zr-05/,vladmiva-dental-catalog.json
ВладМиВа official,ВладМиВа,КОМПОЦЕМ - ЭНДО браш/ 5шт/,kompotsem-endo-brashi-5sht-vladmiva,00000067676,1,3,KZ_BRAND_AND_SELECTED_SKUS,KZ_SKU_EVIDENCE_REQUIRED,https://www.vladmiva.ru/products/prinadlezhnosti3/kompotsem-endo-brashi-5sht-vladmiva/,vladmiva-dental-catalog.json
ВладМиВа official,ВладМиВа,СТЕКЛО/для замешивания/без лунок/1 шт,steklo-dlya-zameshiv-bez-lunok-vladmiva-,00000000121,1,1,KZ_BRAND_AND_SELECTED_SKUS,KZ_SKU_EVIDENCE_REQUIRED,https://www.vladmiva.ru/products/prinadlezhnosti3/steklo-dlya-zameshiv-bez-lunok-vladmiva-/,vladmiva-dental-catalog.json
ВладМиВа official,ВладМиВа,СТЕКЛО/для замешивания/с лунками/1 шт,steklo-dlya-zameshiv-s-3-mya-lunkami-vladmiva-,00000000264,1,1,KZ_BRAND_AND_SELECTED_SKUS,KZ_SKU_EVIDENCE_REQUIRED,https://www.vladmiva.ru/products/prinadlezhnosti3/steklo-dlya-zameshiv-s-3-mya-lunkami-vladmiva-/,vladmiva-dental-catalog.json
ВладМиВа official,ВладМиВа,АЭР-КЛИНЗ ПЕРИО/25 мкм/120 г,aer-klinz-120g-perio-25mkm-vladmiva,00000032613,1,2,KZ_BRAND_AND_SELECTED_SKUS,KZ_SKU_EVIDENCE_REQUIRED,https://www.vladmiva.ru/products/profilakticheskie/aer-klinz-120g-perio-25mkm-vladmiva/,vladmiva-dental-catalog.json
ВладМиВа official,ВладМиВа,АЭР-КЛИНЗ ПРЕП/29 мкм,aer-klinz-200g-prep-poroshok-29-mkm-vladmiva,00000007725 | 00000007000,2,3,KZ_BRAND_AND_SELECTED_SKUS,KZ_SKU_EVIDENCE_REQUIRED,https://www.vladmiva.ru/products/profilakticheskie/aer-klinz-200g-prep-poroshok-29-mkm-vladmiva/,vladmiva-dental-catalog.json
ВладМиВа official,ВладМиВа,АЭР-КЛИНЗ ПРЕП/45 мкм,aer-klinz-200g-prep-poroshok-45-mkm-vladmiva,00000034834 | 00000034833,2,2,KZ_BRAND_AND_SELECTED_SKUS,KZ_SKU_EVIDENCE_REQUIRED,https://www.vladmiva.ru/products/profilakticheskie/aer-klinz-200g-prep-poroshok-45-mkm-vladmiva/,vladmiva-dental-catalog.json
ВладМиВа official,ВладМиВа,АЭР-КЛИНЗ ПРОФ,aer-klinz-300g-prof-vishnya-120mkm-vladmiva,00000087437 | 00000087438 | 00000087439 | 00000087440 | 00000005115 | 00000084580 | 00000047437 | 00000006407 | 00000045891 | 00000045892 | 00000045893 | 00000091671 | 00000091716 | 00000091670,14,9,KZ_BRAND_AND_SELECTED_SKUS,KZ_SKU_EVIDENCE_REQUIRED,https://www.vladmiva.ru/products/profilakticheskie/aer-klinz-300g-prof-vishnya-120mkm-vladmiva/,vladmiva-dental-catalog.json
ВладМиВа official,ВладМиВа,АЭР-КЛИНЗ СОФТ /65 мкм/200 г,aer-klinz-200g-soft-65mkm-vladmiva,00000032612,1,2,KZ_BRAND_AND_SELECTED_SKUS,KZ_SKU_EVIDENCE_REQUIRED,https://www.vladmiva.ru/products/profilakticheskie/aer-klinz-200g-soft-65mkm-vladmiva/,vladmiva-dental-catalog.json
ВладМиВа official,ВладМиВа,АЭР-КЛИНЗ/суспензия/100 мл,aer-klinz-suspenziya-100ml-vladmiva,00000008913,1,2,KZ_BRAND_AND_SELECTED_SKUS,KZ_SKU_EVIDENCE_REQUIRED,https://www.vladmiva.ru/products/profilakticheskie/aer-klinz-suspenziya-100ml-vladmiva/,vladmiva-dental-catalog.json
ВладМиВа official,ВладМиВа,БЕЛАГЕЛЬ Ca/P,belagel-sa-r-5ml-vladmiva,00000001149 | 00000013021 | 00000037853,3,2,KZ_BRAND_AND_SELECTED_SKUS,KZ_SKU_EVIDENCE_REQUIRED,https://www.vladmiva.ru/products/profilakticheskie/belagel-sa-r-5ml-vladmiva/,vladmiva-dental-catalog.json
ВладМиВа official,ВладМиВа,БЕЛАГЕЛЬ-Р/5 мл,belagel-r-gel-razmyag-5ml-vladmiva-,00000000385,1,1,KZ_BRAND_AND_SELECTED_SKUS,KZ_SKU_EVIDENCE_REQUIRED,https://www.vladmiva.ru/products/profilakticheskie/belagel-r-gel-razmyag-5ml-vladmiva-/,vladmiva-dental-catalog.json
ВладМиВа official,ВладМиВа,БЕЛСОЛ №1/125 мл,belsol-1-125ml-zhidkost-kontsentrat-antisep-vladmiva,00000002189,1,1,KZ_BRAND_AND_SELECTED_SKUS,KZ_SKU_EVIDENCE_REQUIRED,https://www.vladmiva.ru/products/profilakticheskie/belsol-1-125ml-zhidkost-kontsentrat-antisep-vladmiva/,vladmiva-dental-catalog.json
ВладМиВа official,ВладМиВа,КОЛОРДЕНТ/набор 12 шт,kolordent-nabor-12tsvkh6ml_1,00000018708,1,1,KZ_BRAND_AND_SELECTED_SKUS,KZ_SKU_EVIDENCE_REQUIRED,https://www.vladmiva.ru/products/profilakticheskie/kolordent-nabor-12tsvkh6ml_1/,vladmiva-dental-catalog.json
ВладМиВа official,ВладМиВа,ПОЛИДЕНТ №1,polident-n-1-snyat-zub-otlozh-vladmiva,00000000093 | 00000007812,2,2,KZ_BRAND_AND_SELECTED_SKUS,KZ_SKU_EVIDENCE_REQUIRED,https://www.vladmiva.ru/products/profilakticheskie/polident-n-1-snyat-zub-otlozh-vladmiva/,vladmiva-dental-catalog.json
ВладМиВа official,ВладМиВа,ПОЛИДЕНТ №2,polident-n-2-snyat-pillikul-b-ftora-vladmiva,00000000094 | 00000007811,2,2,KZ_BRAND_AND_SELECTED_SKUS,KZ_SKU_EVIDENCE_REQUIRED,https://www.vladmiva.ru/products/profilakticheskie/polident-n-2-snyat-pillikul-b-ftora-vladmiva/,vladmiva-dental-catalog.json
ВладМиВа official,ВладМиВа,ПОЛИДЕНТ/набор,polident-nabor-1-40g-2-40g-3-30g-vladmiva-,00000000108,1,1,KZ_BRAND_AND_SELECTED_SKUS,KZ_SKU_EVIDENCE_REQUIRED,https://www.vladmiva.ru/products/profilakticheskie/polident-nabor-1-40g-2-40g-3-30g-vladmiva-/,vladmiva-dental-catalog.json
ВладМиВа official,ВладМиВа,ФИССУЛАЙТ/белая,fissulayt-pasta-kapsuly-belyy-0-25-20sht-vladmiva,00000051781,1,2,KZ_BRAND_AND_SELECTED_SKUS,KZ_SKU_EVIDENCE_REQUIRED,https://www.vladmiva.ru/products/profilakticheskie/fissulayt-pasta-kapsuly-belyy-0-25-20sht-vladmiva/,vladmiva-dental-catalog.json
ВладМиВа official,ВладМиВа,ФИССУЛАЙТ/зелёная,fissulayt-pasta-kapsuly-zelenyy-0-25-20sht-vladmiva,00000052598 | 00000008918,2,2,KZ_BRAND_AND_SELECTED_SKUS,KZ_SKU_EVIDENCE_REQUIRED,https://www.vladmiva.ru/products/profilakticheskie/fissulayt-pasta-kapsuly-zelenyy-0-25-20sht-vladmiva/,vladmiva-dental-catalog.json
ВладМиВа official,ВладМиВа,ФИССУЛАЙТ/золотая,fissulayt-pasta-kapsuly-zolotoy-0-25-20sht-vladmiva,00000052568 | 00000010401,2,2,KZ_BRAND_AND_SELECTED_SKUS,KZ_SKU_EVIDENCE_REQUIRED,https://www.vladmiva.ru/products/profilakticheskie/fissulayt-pasta-kapsuly-zolotoy-0-25-20sht-vladmiva/,vladmiva-dental-catalog.json
ВладМиВа official,ВладМиВа,ФИССУЛАЙТ/красная,fissulayt-pasta-kapsuly-krasnyy-0-25-20sht-vladmiva,00000052565 | 00000010042,2,2,KZ_BRAND_AND_SELECTED_SKUS,KZ_SKU_EVIDENCE_REQUIRED,https://www.vladmiva.ru/products/profilakticheskie/fissulayt-pasta-kapsuly-krasnyy-0-25-20sht-vladmiva/,vladmiva-dental-catalog.json
ВладМиВа official,ВладМиВа,ФИССУЛАЙТ/набор 7 цветов,fissulayt-kolor-nabor-7tsv-vladmiva,00000008917,1,1,KZ_BRAND_AND_SELECTED_SKUS,KZ_SKU_EVIDENCE_REQUIRED,https://www.vladmiva.ru/products/profilakticheskie/fissulayt-kolor-nabor-7tsv-vladmiva/,vladmiva-dental-catalog.json
ВладМиВа official,ВладМиВа,ФИССУЛАЙТ/набор/1 мл +1 мл + 1 мл,fissulayt-kolor-nabor-2tsv-belyy-i-prozrachnyy-shpr1ml-shpr1ml-gel-d-travl-1ml-vladmiva,00000000127,1,1,KZ_BRAND_AND_SELECTED_SKUS,KZ_SKU_EVIDENCE_REQUIRED,https://www.vladmiva.ru/products/profilakticheskie/fissulayt-kolor-nabor-2tsv-belyy-i-prozrachnyy-shpr1ml-shpr1ml-gel-d-travl-1ml-vladmiva/,vladmiva-dental-catalog.json
ВладМиВа official,ВладМиВа,ФИССУЛАЙТ/оранжевая,fissulayt-pasta-kapsuly-oranzhevyy-0-25-20sht-vladmiva,00000052567 | 00000010043,2,2,KZ_BRAND_AND_SELECTED_SKUS,KZ_SKU_EVIDENCE_REQUIRED,https://www.vladmiva.ru/products/profilakticheskie/fissulayt-pasta-kapsuly-oranzhevyy-0-25-20sht-vladmiva/,vladmiva-dental-catalog.json
ВладМиВа official,ВладМиВа,ФИССУЛАЙТ/прозрачная/1 мл,fissulayt-kolor-prozrachnyy-1ml-vladmiva,00000010044,1,1,KZ_BRAND_AND_SELECTED_SKUS,KZ_SKU_EVIDENCE_REQUIRED,https://www.vladmiva.ru/products/profilakticheskie/fissulayt-kolor-prozrachnyy-1ml-vladmiva/,vladmiva-dental-catalog.json
ВладМиВа official,ВладМиВа,ФИССУЛАЙТ/синяя,fissulayt-pasta-kapsuly-siniy-0-25-20sht-vladmiva,00000052566 | 00000010045,2,2,KZ_BRAND_AND_SELECTED_SKUS,KZ_SKU_EVIDENCE_REQUIRED,https://www.vladmiva.ru/products/profilakticheskie/fissulayt-pasta-kapsuly-siniy-0-25-20sht-vladmiva/,vladmiva-dental-catalog.json
ВладМиВа official,ВладМиВа,ФИССХИМ/белая/3 мл + 3 мл + 5 мл,fisskhim-kolor-belyy-germetik-khim-otv-vladmiva,00000001566,1,1,KZ_BRAND_AND_SELECTED_SKUS,KZ_SKU_EVIDENCE_REQUIRED,https://www.vladmiva.ru/products/profilakticheskie/fisskhim-kolor-belyy-germetik-khim-otv-vladmiva/,vladmiva-dental-catalog.json
ВладМиВа official,ВладМиВа,ФИССХИМ/жёлтая/3 мл + 3 мл + 5 мл,fisskhim-kolor-zheltyy-3-3-5ml-vladmiva,00000025846,1,1,KZ_BRAND_AND_SELECTED_SKUS,KZ_SKU_EVIDENCE_REQUIRED,https://www.vladmiva.ru/products/profilakticheskie/fisskhim-kolor-zheltyy-3-3-5ml-vladmiva/,vladmiva-dental-catalog.json
ВладМиВа official,ВладМиВа,ФИССХИМ/зеленая/3 мл + 3 мл + 5 мл,fisskhim-kolor-zelenyy-3-3-5ml-vladmiva,00000025847,1,1,KZ_BRAND_AND_SELECTED_SKUS,KZ_SKU_EVIDENCE_REQUIRED,https://www.vladmiva.ru/products/profilakticheskie/fisskhim-kolor-zelenyy-3-3-5ml-vladmiva/,vladmiva-dental-catalog.json
ВладМиВа official,ВладМиВа,ФИССХИМ/красная/3 мл + 3 мл + 5 мл,fisskhim-kolor-krasnyy-3-3-5ml-vladmiva,00000025849,1,1,KZ_BRAND_AND_SELECTED_SKUS,KZ_SKU_EVIDENCE_REQUIRED,https://www.vladmiva.ru/products/profilakticheskie/fisskhim-kolor-krasnyy-3-3-5ml-vladmiva/,vladmiva-dental-catalog.json
ВладМиВа official,ВладМиВа,ФИССХИМ/набор 4 цвета,fisskhim-kolor-nabor-vladmiva,00000022950,1,1,KZ_BRAND_AND_SELECTED_SKUS,KZ_SKU_EVIDENCE_REQUIRED,https://www.vladmiva.ru/products/profilakticheskie/fisskhim-kolor-nabor-vladmiva/,vladmiva-dental-catalog.json
ВладМиВа official,ВладМиВа,ФИССХИМ/синяя/3 мл + 3 мл + 5 мл,fisskhim-kolor-siniy-3-3-5ml-vladmiva,00000025848,1,1,KZ_BRAND_AND_SELECTED_SKUS,KZ_SKU_EVIDENCE_REQUIRED,https://www.vladmiva.ru/products/profilakticheskie/fisskhim-kolor-siniy-3-3-5ml-vladmiva/,vladmiva-dental-catalog.json
ВладМиВа official,ВладМиВа,БЕЛАГЕЛЬ О,belagel-o-shprits-5ml-12-vladmiva-,00000000015 | 00000000016 | 00000000017,3,3,KZ_BRAND_AND_SELECTED_SKUS,KZ_SKU_EVIDENCE_REQUIRED,https://www.vladmiva.ru/products/otbelivayushchie/belagel-o-shprits-5ml-12-vladmiva-/,vladmiva-dental-catalog.json
ВладМиВа official,ВладМиВа,"БЕЛАГЕЛЬ О АКТИВ/20%/1,5 г + 1,5 г",belagel-o-20-aktiv-1-5ml-1-5ml-vladmiva-,00000008916,1,1,KZ_BRAND_AND_SELECTED_SKUS,KZ_SKU_EVIDENCE_REQUIRED,https://www.vladmiva.ru/products/otbelivayushchie/belagel-o-20-aktiv-1-5ml-1-5ml-vladmiva-/,vladmiva-dental-catalog.json
ВладМиВа official,ВладМиВа,"БЕЛАГЕЛЬ О АКТИВ/30%/1,5 г + 1,5 г",belagel-o-30-aktiv-1-5ml-1-5ml-vladmiva-,00000009306,1,1,KZ_BRAND_AND_SELECTED_SKUS,KZ_SKU_EVIDENCE_REQUIRED,https://www.vladmiva.ru/products/otbelivayushchie/belagel-o-30-aktiv-1-5ml-1-5ml-vladmiva-/,vladmiva-dental-catalog.json
ВладМиВа official,ВладМиВа,"БЕЛАГЕЛЬ О ВАЙТ/6%/2,5 мл + 2,5 мл + 1 шт",belagel-o-vayt-6-2-5ml-2-5ml-vladmiva-,00000037834,1,1,KZ_BRAND_AND_SELECTED_SKUS,KZ_SKU_EVIDENCE_REQUIRED,https://www.vladmiva.ru/products/otbelivayushchie/belagel-o-vayt-6-2-5ml-2-5ml-vladmiva-/,vladmiva-dental-catalog.json
ВладМиВа official,ВладМиВа,"БЕЛАГЕЛЬ О ЛАЙТ/10%/1,5 г",belagel-o-10-layt-1-5-ml-vladmiva-,00000025806,1,1,KZ_BRAND_AND_SELECTED_SKUS,KZ_SKU_EVIDENCE_REQUIRED,https://www.vladmiva.ru/products/otbelivayushchie/belagel-o-10-layt-1-5-ml-vladmiva-/,vladmiva-dental-catalog.json
ВладМиВа official,ВладМиВа,"БЕЛАГЕЛЬ О ЛАЙТ/15%/1,5 г",belagel-o-15-layt-1-5-ml-vladmiva-,00000008915,1,1,KZ_BRAND_AND_SELECTED_SKUS,KZ_SKU_EVIDENCE_REQUIRED,https://www.vladmiva.ru/products/otbelivayushchie/belagel-o-15-layt-1-5-ml-vladmiva-/,vladmiva-dental-catalog.json
ВладМиВа official,ВладМиВа,БЕЛАГЕЛЬ О/набор,belagel-o-nabor-12-d-domash-otbel-vladmiva,00000000011 | 00000000012 | 00000000013,3,2,KZ_BRAND_AND_SELECTED_SKUS,KZ_SKU_EVIDENCE_REQUIRED,https://www.vladmiva.ru/products/otbelivayushchie/belagel-o-nabor-12-d-domash-otbel-vladmiva/,vladmiva-dental-catalog.json
ВладМиВа official,ВладМиВа,ПОЛИДЕНТ №3/5 мл,polident-n-3-otbelivanie-vladmiva-,00000000096,1,1,KZ_BRAND_AND_SELECTED_SKUS,KZ_SKU_EVIDENCE_REQUIRED,https://www.vladmiva.ru/products/otbelivayushchie/polident-n-3-otbelivanie-vladmiva-/,vladmiva-dental-catalog.json
ВладМиВа official,ВладМиВа,АРГЕНАТ/ДВУХКОМПОНЕНТНЫЙ/4 мл + 3 мл + 5 мл,argenat-dvukhkomponentnyy-4ml-3ml-5ml-vladmiva,00000000001,1,1,KZ_BRAND_AND_SELECTED_SKUS,KZ_SKU_EVIDENCE_REQUIRED,https://www.vladmiva.ru/products/profilaktika-kariesa/argenat-dvukhkomponentnyy-4ml-3ml-5ml-vladmiva/,vladmiva-dental-catalog.json
ВладМиВа official,ВладМиВа,АРГЕНАТ/ОДНОКОМПОНЕНТНЫЙ/5 мл,argenat-odnokomponentnyy-5ml-serebrenie-tverd-tkan-vladmiva,00000001575,1,1,KZ_BRAND_AND_SELECTED_SKUS,KZ_SKU_EVIDENCE_REQUIRED,https://www.vladmiva.ru/products/profilaktika-kariesa/argenat-odnokomponentnyy-5ml-serebrenie-tverd-tkan-vladmiva/,vladmiva-dental-catalog.json
ВладМиВа official,ВладМиВа,БЕЛАГЕЛЬ F,belagel-f-10g-rn7-vladmiva-,00000045530 | 00000000014,2,3,KZ_BRAND_AND_SELECTED_SKUS,KZ_SKU_EVIDENCE_REQUIRED,https://www.vladmiva.ru/products/profilaktika-kariesa/belagel-f-10g-rn7-vladmiva-/,vladmiva-dental-catalog.json
ВладМиВа official,ВладМиВа,Белагель F / клубника / 5мл,belagel-f-5ml-klubnika-vladmiva-,00000059439,1,2,KZ_BRAND_AND_SELECTED_SKUS,KZ_SKU_EVIDENCE_REQUIRED,https://www.vladmiva.ru/products/profilaktika-kariesa/belagel-f-5ml-klubnika-vladmiva-/,vladmiva-dental-catalog.json
ВладМиВа official,ВладМиВа,БЕЛАГЕЛЬ F /рН 4/500мл,belagel-f-vishnya-rn4-500ml-vladmiva-,00000060092 | 00000056104 | 00000060093 | 00000035794,4,2,KZ_BRAND_AND_SELECTED_SKUS,KZ_SKU_EVIDENCE_REQUIRED,https://www.vladmiva.ru/products/profilaktika-kariesa/belagel-f-vishnya-rn4-500ml-vladmiva-/,vladmiva-dental-catalog.json
ВладМиВа official,ВладМиВа,Белагель F /рН 7/500мл/,belagel-f-500ml-rn7-vladmiva-,00000061795,1,2,KZ_BRAND_AND_SELECTED_SKUS,KZ_SKU_EVIDENCE_REQUIRED,https://www.vladmiva.ru/products/profilaktika-kariesa/belagel-f-500ml-rn7-vladmiva-/,vladmiva-dental-catalog.json
ВладМиВа official,ВладМиВа,БЕЛАК F /прозрачный/25 мл,belak-f-ftoriruyushchiy-25ml-prozrachnyy-vladmiva-,00000015719,1,1,KZ_BRAND_AND_SELECTED_SKUS,KZ_SKU_EVIDENCE_REQUIRED,https://www.vladmiva.ru/products/profilaktika-kariesa/belak-f-ftoriruyushchiy-25ml-prozrachnyy-vladmiva-/,vladmiva-dental-catalog.json
ВладМиВа official,ВладМиВа,Белак F LC / 3мл,belak-f-lc-prozrachnyy-shpr-3ml,00000035794,1,1,KZ_BRAND_AND_SELECTED_SKUS,KZ_SKU_EVIDENCE_REQUIRED,https://www.vladmiva.ru/products/profilaktika-kariesa/belak-f-lc-prozrachnyy-shpr-3ml/,vladmiva-dental-catalog.json
ВладМиВа official,ВладМиВа,БЕЛАК F/25 мл,belak-f-ftoriruyushchiy-25ml-vladmiva-,00000000010,1,1,KZ_BRAND_AND_SELECTED_SKUS,KZ_SKU_EVIDENCE_REQUIRED,https://www.vladmiva.ru/products/profilaktika-kariesa/belak-f-ftoriruyushchiy-25ml-vladmiva-/,vladmiva-dental-catalog.json
ВладМиВа official,ВладМиВа,БЕЛСОЛ №1-F,belsol-1-f-nabor-118ml-1-14l-50sht,00000025093 | 00000018842,2,2,KZ_BRAND_AND_SELECTED_SKUS,KZ_SKU_EVIDENCE_REQUIRED,https://www.vladmiva.ru/products/profilaktika-kariesa/belsol-1-f-nabor-118ml-1-14l-50sht/,vladmiva-dental-catalog.json
ВладМиВа official,ВладМиВа,ГЛУФТОРЭД/10 мл + 10 мл,gluftored-glubokoe-ftorirovanie-emali-i-dentina-vl,00000001726,1,1,KZ_BRAND_AND_SELECTED_SKUS,KZ_SKU_EVIDENCE_REQUIRED,https://www.vladmiva.ru/products/profilaktika-kariesa/gluftored-glubokoe-ftorirovanie-emali-i-dentina-vl/,vladmiva-dental-catalog.json
ВладМиВа official,ВладМиВа,НАНОФЛЮОР/5 мл + 5 мл,nanoflyuor-lak-d-izolyatsii-dentina-5ml-5ml-vladmiva,00000007472,1,1,KZ_BRAND_AND_SELECTED_SKUS,KZ_SKU_EVIDENCE_REQUIRED,https://www.vladmiva.ru/products/profilaktika-kariesa/nanoflyuor-lak-d-izolyatsii-dentina-5ml-5ml-vladmiva/,vladmiva-dental-catalog.json
ВладМиВа official,ВладМиВа,ФИССУЛАЙТ /набор бесцветный/3 мл + 3 мл + 5мл,fissulayt-prozrachnyy-germetik-3ml-konditsioner-5ml-belagelr-3ml-vladmiva,00000067840,1,2,KZ_BRAND_AND_SELECTED_SKUS,KZ_SKU_EVIDENCE_REQUIRED,https://www.vladmiva.ru/products/profilaktika-kariesa/fissulayt-prozrachnyy-germetik-3ml-konditsioner-5ml-belagelr-3ml-vladmiva/,vladmiva-dental-catalog.json
ВладМиВа official,ВладМиВа,БИНТ ИОДОФОРМНЫЙ МАРЛЕВЫЙ ДЛЯ СТОМАТОЛОГИИ,iodoformnyy-bint-2-5m-10mm-vladmiva,00000026014 | 00000026016 | 00000026013 | 00000026015,4,4,KZ_BRAND_AND_SELECTED_SKUS,KZ_SKU_EVIDENCE_REQUIRED,https://www.vladmiva.ru/products/khirurgicheskie-osteoplasticheskie/iodoformnyy-bint-2-5m-10mm-vladmiva/,vladmiva-dental-catalog.json
ВладМиВа official,ВладМиВа,БИОПЛАСТ-ДЕНТ /КОЛЛАГЕНОВЫЙ МАТРИКС/круги,bioplast-dent-kollagen-matriks-krugi-d-12kh0-8mm-vmv,00000054178 | 00000054177,2,1,KZ_BRAND_AND_SELECTED_SKUS,KZ_SKU_EVIDENCE_REQUIRED,https://www.vladmiva.ru/products/khirurgicheskie-osteoplasticheskie/bioplast-dent-kollagen-matriks-krugi-d-12kh0-8mm-vmv/,vladmiva-dental-catalog.json
ВладМиВа official,ВладМиВа,БИОПЛАСТ-ДЕНТ /КОЛЛАГЕНОВЫЙ МАТРИКС/мембрана,bioplast-dent-kollagen-matriks-membrana-10kh30kh0-8-1-2mm-vmv,00000054174 | 00000054175 | 00000054176,3,3,KZ_BRAND_AND_SELECTED_SKUS,KZ_SKU_EVIDENCE_REQUIRED,https://www.vladmiva.ru/products/khirurgicheskie-osteoplasticheskie/bioplast-dent-kollagen-matriks-membrana-10kh30kh0-8-1-2mm-vmv/,vladmiva-dental-catalog.json
ВладМиВа official,ВладМиВа,"БИОПЛАСТ-ДЕНТ /паста 200 - 1000 мкм/0,5 см^3",bioplast-dent-pasta-deproteinezirovannaya-0-5-sm3-200-1000mkm-,00000042540,1,1,KZ_BRAND_AND_SELECTED_SKUS,KZ_SKU_EVIDENCE_REQUIRED,https://www.vladmiva.ru/products/khirurgicheskie-osteoplasticheskie/bioplast-dent-pasta-deproteinezirovannaya-0-5-sm3-200-1000mkm-/,vladmiva-dental-catalog.json
ВладМиВа official,ВладМиВа,БИОПЛАСТ-ДЕНТ ГЕЛЬ на основе хлоргексидина/1 мл,bioplast-dent-gel-1ml-na-osnove-khlorgeksidina-alvabel-gel-vladmiva,00000045526,1,1,KZ_BRAND_AND_SELECTED_SKUS,KZ_SKU_EVIDENCE_REQUIRED,https://www.vladmiva.ru/products/khirurgicheskie-osteoplasticheskie/bioplast-dent-gel-1ml-na-osnove-khlorgeksidina-alvabel-gel-vladmiva/,vladmiva-dental-catalog.json
ВладМиВа official,ВладМиВа,БИОПЛАСТ-ДЕНТ ГЕЛЬ на основе хондроитинсульфата,bioplast-dent-gel-tuba-10ml-vladmiva,00000023972,1,1,KZ_BRAND_AND_SELECTED_SKUS,KZ_SKU_EVIDENCE_REQUIRED,https://www.vladmiva.ru/products/khirurgicheskie-osteoplasticheskie/bioplast-dent-gel-tuba-10ml-vladmiva/,vladmiva-dental-catalog.json
ВладМиВа official,ВладМиВа,БИОПЛАСТ-ДЕНТ ГЕЛЬ на основе хондроитинсульфата,bioplast-dent-gel-shprits-3ml-vladmiva,00000023971,1,1,KZ_BRAND_AND_SELECTED_SKUS,KZ_SKU_EVIDENCE_REQUIRED,https://www.vladmiva.ru/products/khirurgicheskie-osteoplasticheskie/bioplast-dent-gel-shprits-3ml-vladmiva/,vladmiva-dental-catalog.json
ВладМиВа official,ВладМиВа,БИОПЛАСТ-ДЕНТ деминерализованный/ пластина,bioplast-dent-plastina-demineralizovannaya-15x15mm-vmv,00000050735 | 00000050736,2,2,KZ_BRAND_AND_SELECTED_SKUS,KZ_SKU_EVIDENCE_REQUIRED,https://www.vladmiva.ru/products/khirurgicheskie-osteoplasticheskie/bioplast-dent-plastina-demineralizovannaya-15x15mm-vmv/,vladmiva-dental-catalog.json
ВладМиВа official,ВладМиВа,БИОПЛАСТ-ДЕНТ деминерализованный/блоки,bioplast-dent-blok-demineraliz-5kh5kh10mm-2sht-0-5kub-sm,00000023995 | 00000023961 | 00000023960 | 00000006969 | 00000050799,5,4,KZ_BRAND_AND_SELECTED_SKUS,KZ_SKU_EVIDENCE_REQUIRED,https://www.vladmiva.ru/products/khirurgicheskie-osteoplasticheskie/bioplast-dent-blok-demineraliz-5kh5kh10mm-2sht-0-5kub-sm/,vladmiva-dental-catalog.json
ВладМиВа official,ВладМиВа,БИОПЛАСТ-ДЕНТ депротеинизированный/блоки,bioplast-dent-blok-deproteinezir-5kh5kh10-mm-2sht-0-5kub-sm,00000041125 | 00000023961 | 00000050799,3,3,KZ_BRAND_AND_SELECTED_SKUS,KZ_SKU_EVIDENCE_REQUIRED,https://www.vladmiva.ru/products/khirurgicheskie-osteoplasticheskie/bioplast-dent-blok-deproteinezir-5kh5kh10-mm-2sht-0-5kub-sm/,vladmiva-dental-catalog.json
ВладМиВа official,ВладМиВа,"БИОПЛАСТ-ДЕНТ депротеинизированный/конусы 2 вида/10 шт/0,5 см^3",bioplast-dent-konusy-0-5kub-sm-kh10sht-deproteinez,00000041126,1,1,KZ_BRAND_AND_SELECTED_SKUS,KZ_SKU_EVIDENCE_REQUIRED,https://www.vladmiva.ru/products/khirurgicheskie-osteoplasticheskie/bioplast-dent-konusy-0-5kub-sm-kh10sht-deproteinez/,vladmiva-dental-catalog.json
ВладМиВа official,ВладМиВа,БИОПЛАСТ-ДЕНТ депротеинизированный/крошка,bioplast-dent-kroshka-deproteinezir-0-5kub-sm-200-1000mkm,00000039679 | 00000039680 | 00000039681,3,1,KZ_BRAND_AND_SELECTED_SKUS,KZ_SKU_EVIDENCE_REQUIRED,https://www.vladmiva.ru/products/khirurgicheskie-osteoplasticheskie/bioplast-dent-kroshka-deproteinezir-0-5kub-sm-200-1000mkm/,vladmiva-dental-catalog.json
ВладМиВа official,ВладМиВа,"БИОПЛАСТ-ДЕНТ депротеинизированный/паста 200 - 1000 мкм/1,0 см^3",bioplast-dent-pasta-deproteinizirovannaya-1-0-sm3-200-1000mkm,00000056393,1,1,KZ_BRAND_AND_SELECTED_SKUS,KZ_SKU_EVIDENCE_REQUIRED,https://www.vladmiva.ru/products/khirurgicheskie-osteoplasticheskie/bioplast-dent-pasta-deproteinizirovannaya-1-0-sm3-200-1000mkm/,vladmiva-dental-catalog.json
ВладМиВа official,ВладМиВа,БИОПЛАСТ-ДЕНТ МЕМБРАНА,bioplast-dent-membrana-15x15kh0-3mm-vmv,00000007962 | 00000023973 | 00000068937 | 00000050380 | 00000023974 | 00000024005 | 00000042425,7,5,KZ_BRAND_AND_SELECTED_SKUS,KZ_SKU_EVIDENCE_REQUIRED,https://www.vladmiva.ru/products/khirurgicheskie-osteoplasticheskie/bioplast-dent-membrana-15x15kh0-3mm-vmv/,vladmiva-dental-catalog.json
ВладМиВа official,ВладМиВа,БИОПЛАСТ-ДЕНТ рентгеноконтрастный/крошка,bioplast-dent-plyus-rentgen-kroshka-0-5kub-sm-200-1000mkm,00000037854 | 00000037856 | 00000037855,3,3,KZ_BRAND_AND_SELECTED_SKUS,KZ_SKU_EVIDENCE_REQUIRED,https://www.vladmiva.ru/products/khirurgicheskie-osteoplasticheskie/bioplast-dent-plyus-rentgen-kroshka-0-5kub-sm-200-1000mkm/,vladmiva-dental-catalog.json
ВладМиВа official,ВладМиВа,БИОПЛАСТ-ДЕНТ рентгеноконтрастный/чипсы,bioplast-dent-plyus-rentgen-chipsy-0-5kub-sm,00000037937 | 00000037938 | 00000037939,3,3,KZ_BRAND_AND_SELECTED_SKUS,KZ_SKU_EVIDENCE_REQUIRED,https://www.vladmiva.ru/products/khirurgicheskie-osteoplasticheskie/bioplast-dent-plyus-rentgen-chipsy-0-5kub-sm/,vladmiva-dental-catalog.json
ВладМиВа official,ВладМиВа,БИОПЛАСТ-ДЕНТ с линкомицином/крошка,bioplast-dent-kroshka-s-linkomitsin-0-5-kub-sm-nede,00000023957,1,3,KZ_BRAND_AND_SELECTED_SKUS,KZ_SKU_EVIDENCE_REQUIRED,https://www.vladmiva.ru/products/khirurgicheskie-osteoplasticheskie/bioplast-dent-kroshka-s-linkomitsin-0-5-kub-sm-nede/,vladmiva-dental-catalog.json
ВладМиВа official,ВладМиВа,БИОПЛАСТ-ДЕНТ с хлоргексидином и метронидазолом/крошка,bioplast-dent-kroshka-s-khlorgeksid-i-metronidazolom-0-5kub-sm,00000023958 | 00000023967 | 00000023966,3,3,KZ_BRAND_AND_SELECTED_SKUS,KZ_SKU_EVIDENCE_REQUIRED,https://www.vladmiva.ru/products/khirurgicheskie-osteoplasticheskie/bioplast-dent-kroshka-s-khlorgeksid-i-metronidazolom-0-5kub-sm/,vladmiva-dental-catalog.json
ВладМиВа official,ВладМиВа,БИОПЛАСТ-ДЕНТ/блоки,bioplast-dent-blok-nedemineraliz-5kh10kh30mm-1sht-1-5kub-sm,00000023964 | 00000024004 | 00000023963 | 00000023959 | 00000024002,5,5,KZ_BRAND_AND_SELECTED_SKUS,KZ_SKU_EVIDENCE_REQUIRED,https://www.vladmiva.ru/products/khirurgicheskie-osteoplasticheskie/bioplast-dent-blok-nedemineraliz-5kh10kh30mm-1sht-1-5kub-sm/,vladmiva-dental-catalog.json
ВладМиВа official,ВладМиВа,БИОПЛАСТ-ДЕНТ/кольцо,bioplast-dent-koltso-h-10mm-d-6mm,00000068938 | 00000068939 | 00000074358,3,3,KZ_BRAND_AND_SELECTED_SKUS,KZ_SKU_EVIDENCE_REQUIRED,https://www.vladmiva.ru/products/khirurgicheskie-osteoplasticheskie/bioplast-dent-koltso-h-10mm-d-6mm/,vladmiva-dental-catalog.json
ВладМиВа official,ВладМиВа,БИОПЛАСТ-ДЕНТ/крошка,bioplast-dent-kroshka-nedemineraliz-0-5kub-sm-200-1000mkm-,00000023969 | 00000023992 | 00000051393 | 00000023990 | 00000055316 | 00000067414,6,3,KZ_BRAND_AND_SELECTED_SKUS,KZ_SKU_EVIDENCE_REQUIRED,https://www.vladmiva.ru/products/khirurgicheskie-osteoplasticheskie/bioplast-dent-kroshka-nedemineraliz-0-5kub-sm-200-1000mkm-/,vladmiva-dental-catalog.json
ВладМиВа official,ВладМиВа,БИОПЛАСТ-ДЕНТ/пластина губчатая,bioplast-dent-plastina-gubchataya-15x15mm-vmv,00000050733 | 00000050734,2,2,KZ_BRAND_AND_SELECTED_SKUS,KZ_SKU_EVIDENCE_REQUIRED,https://www.vladmiva.ru/products/khirurgicheskie-osteoplasticheskie/bioplast-dent-plastina-gubchataya-15x15mm-vmv/,vladmiva-dental-catalog.json
ВладМиВа official,ВладМиВа,БИОПЛАСТ-ДЕНТ/пластина кортикальная с перфорацией/8 х 20 мм,bioplast-dent-plastina-8kh20mm-kortikalnaya-s-perforats-vmv,00000054173,1,1,KZ_BRAND_AND_SELECTED_SKUS,KZ_SKU_EVIDENCE_REQUIRED,https://www.vladmiva.ru/products/khirurgicheskie-osteoplasticheskie/bioplast-dent-plastina-8kh20mm-kortikalnaya-s-perforats-vmv/,vladmiva-dental-catalog.json
ВладМиВа official,ВладМиВа,БИОПЛАСТ-ДЕНТ/чипсы,bioplast-dent-chipsy-nedemineraliz-1-5-kub-sm-1000-5000mkm,00000023970 | 00000023956 | 00000023955,3,3,KZ_BRAND_AND_SELECTED_SKUS,KZ_SKU_EVIDENCE_REQUIRED,https://www.vladmiva.ru/products/khirurgicheskie-osteoplasticheskie/bioplast-dent-chipsy-nedemineraliz-1-5-kub-sm-1000-5000mkm/,vladmiva-dental-catalog.json
ВладМиВа official,ВладМиВа,"БИОПЛАСТ-ДЕНТдепротеинизированный/паста до 300 мкм/0,5 см^3",bioplast-dent-pasta-deproteinezirovannaya-0-5-sm3-do300mkm-,00000042539,1,1,KZ_BRAND_AND_SELECTED_SKUS,KZ_SKU_EVIDENCE_REQUIRED,https://www.vladmiva.ru/products/khirurgicheskie-osteoplasticheskie/bioplast-dent-pasta-deproteinezirovannaya-0-5-sm3-do300mkm-/,vladmiva-dental-catalog.json
ВладМиВа official,ВладМиВа,"КЛИПДЕНТ - ЦЕМ СВЯЗУЮЩЕЕ/0,4 г + 0,4 мл",klipdent-tsem-svyazuyushchee-0-4g-1ml-vladmiva,00000075063,1,1,KZ_BRAND_AND_SELECTED_SKUS,KZ_SKU_EVIDENCE_REQUIRED,https://www.vladmiva.ru/products/khirurgicheskie-osteoplasticheskie/klipdent-tsem-svyazuyushchee-0-4g-1ml-vladmiva/,vladmiva-dental-catalog.json
ВладМиВа official,ВладМиВа,КЛИПДЕНТ ГЕЛЬ на основе гиалуроновой кислоты/1 мл,klipdent-gel-1ml-na-osnove-gialuronata-natriya-vladmiva,00000026068,1,1,KZ_BRAND_AND_SELECTED_SKUS,KZ_SKU_EVIDENCE_REQUIRED,https://www.vladmiva.ru/products/khirurgicheskie-osteoplasticheskie/klipdent-gel-1ml-na-osnove-gialuronata-natriya-vladmiva/,vladmiva-dental-catalog.json
ВладМиВа official,ВладМиВа,КЛИПДЕНТ пародонтологический/гранулы 200 - 1000 мкм/1 см^3,klipdent-paradontologicheskiy-200-1000mkm-1-0kub-sm-vladmiva,00000039682,1,1,KZ_BRAND_AND_SELECTED_SKUS,KZ_SKU_EVIDENCE_REQUIRED,https://www.vladmiva.ru/products/khirurgicheskie-osteoplasticheskie/klipdent-paradontologicheskiy-200-1000mkm-1-0kub-sm-vladmiva/,vladmiva-dental-catalog.json
ВладМиВа official,ВладМиВа,"КЛИПДЕНТ ТКФ/ГАП РЕНТГЕНОКОНТРАСТНЫЕ/конусы/2 вида/10 шт/0,5 см3",klipdent-gap-tkf-konusy-0-5kub-sm-kh10sht,00000041129,1,1,KZ_BRAND_AND_SELECTED_SKUS,KZ_SKU_EVIDENCE_REQUIRED,https://www.vladmiva.ru/products/khirurgicheskie-osteoplasticheskie/klipdent-gap-tkf-konusy-0-5kub-sm-kh10sht/,vladmiva-dental-catalog.json
ВладМиВа official,ВладМиВа,КЛИПДЕНТ— ЦЕМ/1 мл + 2 г,klipdent-tsem-2g-1ml-vladmiva,00000006580,1,1,KZ_BRAND_AND_SELECTED_SKUS,KZ_SKU_EVIDENCE_REQUIRED,https://www.vladmiva.ru/products/khirurgicheskie-osteoplasticheskie/klipdent-tsem-2g-1ml-vladmiva/,vladmiva-dental-catalog.json
ВладМиВа official,ВладМиВа,КП-ПЛАСТ чипы/5 х 4 мм/10шт,kp-plast-plastiny-d-lecheniya-tkaney-parodonta-5kh4mm-10sht-vladmiva,00000055295,1,1,KZ_BRAND_AND_SELECTED_SKUS,KZ_SKU_EVIDENCE_REQUIRED,https://www.vladmiva.ru/products/khirurgicheskie-osteoplasticheskie/kp-plast-plastiny-d-lecheniya-tkaney-parodonta-5kh4mm-10sht-vladmiva/,vladmiva-dental-catalog.json
ВладМиВа official,ВладМиВа,КП-ПЛАСТ чипы/5 х 4 мм/5шт,kp-plast-plastiny-d-lecheniya-tkaney-parodonta-5kh4mm-5sht-vladmiva,00000053684,1,1,KZ_BRAND_AND_SELECTED_SKUS,KZ_SKU_EVIDENCE_REQUIRED,https://www.vladmiva.ru/products/khirurgicheskie-osteoplasticheskie/kp-plast-plastiny-d-lecheniya-tkaney-parodonta-5kh4mm-5sht-vladmiva/,vladmiva-dental-catalog.json
ВладМиВа official,ВладМиВа,"СИЛДЕНТ однокомпонентный/0,5 см^3",sildent-odnokomponentnyy-0-5ml-gelgermabat-vladmiva,00000045528,1,2,KZ_BRAND_AND_SELECTED_SKUS,KZ_SKU_EVIDENCE_REQUIRED,https://www.vladmiva.ru/products/khirurgicheskie-osteoplasticheskie/sildent-odnokomponentnyy-0-5ml-gelgermabat-vladmiva/,vladmiva-dental-catalog.json
ВладМиВа official,ВладМиВа,"БЕЛАГЕЛЬ О ЭНДО (60%)/1,5 г",belagel-o-endo-1-5g-60-vladmiva-,00000008914,1,1,KZ_BRAND_AND_SELECTED_SKUS,KZ_SKU_EVIDENCE_REQUIRED,https://www.vladmiva.ru/products/zhidkost-dlya-obrabotki-kanalov/belagel-o-endo-1-5g-60-vladmiva-/,vladmiva-dental-catalog.json
ВладМиВа official,ВладМиВа,БЕЛОДЕЗ/10%/30 мл,belodez10-30ml-gipokhlorit-na-vladmiva,00000005923,1,1,KZ_BRAND_AND_SELECTED_SKUS,KZ_SKU_EVIDENCE_REQUIRED,https://www.vladmiva.ru/products/zhidkost-dlya-obrabotki-kanalov/belodez10-30ml-gipokhlorit-na-vladmiva/,vladmiva-dental-catalog.json
ВладМиВа official,ВладМиВа,БЕЛОДЕЗ/3%,belodez-3-100ml-gipokhlorit-na-vladmiva,00000003083 | 00000065391 | 00000015605 | 00000001571 | 00000003078 | 00000065386,6,6,KZ_BRAND_AND_SELECTED_SKUS,KZ_SKU_EVIDENCE_REQUIRED,https://www.vladmiva.ru/products/zhidkost-dlya-obrabotki-kanalov/belodez-3-100ml-gipokhlorit-na-vladmiva/,vladmiva-dental-catalog.json
ВладМиВа official,ВладМиВа,"БЕЛОДЕЗ/5,2 %",belodez-5-2-250ml-gipokhlorit-na-vladmiva,00000024980 | 00000001358 | 00000001067,3,3,KZ_BRAND_AND_SELECTED_SKUS,KZ_SKU_EVIDENCE_REQUIRED,https://www.vladmiva.ru/products/zhidkost-dlya-obrabotki-kanalov/belodez-5-2-250ml-gipokhlorit-na-vladmiva/,vladmiva-dental-catalog.json
ВладМиВа official,ВладМиВа,"БЕЛОДЕЗ-АКТИВАТОР (0,4 ПАВ)",belodez-aktivator-100ml-vladmiva,00000068358 | 00000066037 | 00000065392 | 00000066038,4,4,KZ_BRAND_AND_SELECTED_SKUS,KZ_SKU_EVIDENCE_REQUIRED,https://www.vladmiva.ru/products/zhidkost-dlya-obrabotki-kanalov/belodez-aktivator-100ml-vladmiva/,vladmiva-dental-catalog.json
ВладМиВа official,ВладМиВа,БЕЛОДЕЗ-АКТИВАТОР ПЛЮС,belodez-aktivator-kontsentrat-10ml-vladmiva,00000066036 | 00000066039 | 00000066035,3,3,KZ_BRAND_AND_SELECTED_SKUS,KZ_SKU_EVIDENCE_REQUIRED,https://www.vladmiva.ru/products/zhidkost-dlya-obrabotki-kanalov/belodez-aktivator-kontsentrat-10ml-vladmiva/,vladmiva-dental-catalog.json
ВладМиВа official,ВладМиВа,БЕЛСОЛ №2 - раствор хлоргексидина /2%,belsol-zhid-t-2-250ml-kontsentrat-2-khlorgeksidin-vmv,00000059608 | 00000079428,2,2,KZ_BRAND_AND_SELECTED_SKUS,KZ_SKU_EVIDENCE_REQUIRED,https://www.vladmiva.ru/products/zhidkost-dlya-obrabotki-kanalov/belsol-zhid-t-2-250ml-kontsentrat-2-khlorgeksidin-vmv/,vladmiva-dental-catalog.json
ВладМиВа official,ВладМиВа,"БЕЛСОЛ №2/0,05%",belsol-zhid-t-2-250ml-rastvor-khlorgeksidina-0-05-vladmiva,00000082871 | 00000007813 | 00000081423 | 00000073759,4,2,KZ_BRAND_AND_SELECTED_SKUS,KZ_SKU_EVIDENCE_REQUIRED,https://www.vladmiva.ru/products/zhidkost-dlya-obrabotki-kanalov/belsol-zhid-t-2-250ml-rastvor-khlorgeksidina-0-05-vladmiva/,vladmiva-dental-catalog.json
ВладМиВа official,ВладМиВа,БЕЛСОЛ №2/2%,belsol-zhid-t-2-125ml-kontsentrat-2-khlorgeksidin-vmv,00000002139 | 00000081387 | 00000045584,3,3,KZ_BRAND_AND_SELECTED_SKUS,KZ_SKU_EVIDENCE_REQUIRED,https://www.vladmiva.ru/products/zhidkost-dlya-obrabotki-kanalov/belsol-zhid-t-2-125ml-kontsentrat-2-khlorgeksidin-vmv/,vladmiva-dental-catalog.json
ВладМиВа official,ВладМиВа,КРЕЗОДЕНТ,krezodent-zhidkost-5ml-vladmiva-,00000000066 | 00000012622 | 00000000067,3,3,KZ_BRAND_AND_SELECTED_SKUS,KZ_SKU_EVIDENCE_REQUIRED,https://www.vladmiva.ru/products/zhidkost-dlya-obrabotki-kanalov/krezodent-zhidkost-5ml-vladmiva-/,vladmiva-dental-catalog.json
ВладМиВа official,ВладМиВа,ПУЛЬПЕВИТ №1/15 мл,pulpevit-1-15ml-anest-pri-ostrykh-pulpitakh-vlad,00000002153,1,1,KZ_BRAND_AND_SELECTED_SKUS,KZ_SKU_EVIDENCE_REQUIRED,https://www.vladmiva.ru/products/zhidkost-dlya-obrabotki-kanalov/pulpevit-1-15ml-anest-pri-ostrykh-pulpitakh-vlad/,vladmiva-dental-catalog.json
ВладМиВа official,ВладМиВа,ПУЛЬПЕВИТ №2 /15 мл,pulpevit-2-15ml-antisep-obrabotka-kanalov-pri-p-vladmiva,00000002141,1,1,KZ_BRAND_AND_SELECTED_SKUS,KZ_SKU_EVIDENCE_REQUIRED,https://www.vladmiva.ru/products/zhidkost-dlya-obrabotki-kanalov/pulpevit-2-15ml-antisep-obrabotka-kanalov-pri-p-vladmiva/,vladmiva-dental-catalog.json
ВладМиВа official,ВладМиВа,ПУЛЬПЕВИТ №3 (ФОРМОКРЕЗОЛ)/15 мл,pulpevit-3-15ml-formokrezol-vladmiva,00000002155,1,1,KZ_BRAND_AND_SELECTED_SKUS,KZ_SKU_EVIDENCE_REQUIRED,https://www.vladmiva.ru/products/zhidkost-dlya-obrabotki-kanalov/pulpevit-3-15ml-formokrezol-vladmiva/,vladmiva-dental-catalog.json
ВладМиВа official,ВладМиВа,СОЛЬВАДЕНТ №2/10 мл,solvadent-zhidkost-2-dlya-guttaperchi-vladmiva,00000003520,1,1,KZ_BRAND_AND_SELECTED_SKUS,KZ_SKU_EVIDENCE_REQUIRED,https://www.vladmiva.ru/products/zhidkost-dlya-obrabotki-kanalov/solvadent-zhidkost-2-dlya-guttaperchi-vladmiva/,vladmiva-dental-catalog.json
ВладМиВа official,ВладМиВа,СОЛЬВАДЕНТ №3,solvadent-zhidkost-3-100ml-40-r-r-limonnoy-kisloty-vladmiva,00000038678 | 00000038677,2,2,KZ_BRAND_AND_SELECTED_SKUS,KZ_SKU_EVIDENCE_REQUIRED,https://www.vladmiva.ru/products/zhidkost-dlya-obrabotki-kanalov/solvadent-zhidkost-3-100ml-40-r-r-limonnoy-kisloty-vladmiva/,vladmiva-dental-catalog.json
ВладМиВа official,ВладМиВа,ЭНДОЖИ №2,endozhi-2-100ml-vladmiva-,00000005540 | 00000000045 | 00000025800 | 00000069356,4,4,KZ_BRAND_AND_SELECTED_SKUS,KZ_SKU_EVIDENCE_REQUIRED,https://www.vladmiva.ru/products/zhidkost-dlya-obrabotki-kanalov/endozhi-2-100ml-vladmiva-/,vladmiva-dental-catalog.json
ВладМиВа official,ВладМиВа,ЭНДОЖИ №3,endozhi-3-15ml-dez-vladmiva-,00000000042,1,1,KZ_BRAND_AND_SELECTED_SKUS,KZ_SKU_EVIDENCE_REQUIRED,https://www.vladmiva.ru/products/zhidkost-dlya-obrabotki-kanalov/endozhi-3-15ml-dez-vladmiva-/,vladmiva-dental-catalog.json
ВладМиВа official,ВладМиВа,ЭНДОЖИ №4,endozhi-4-15ml-krovotech-vladmiva-15ml-,00000000043,1,1,KZ_BRAND_AND_SELECTED_SKUS,KZ_SKU_EVIDENCE_REQUIRED,https://www.vladmiva.ru/products/zhidkost-dlya-obrabotki-kanalov/endozhi-4-15ml-krovotech-vladmiva-15ml-/,vladmiva-dental-catalog.json
ВладМиВа official,ВладМиВа,ЭНДОЖИ №1,endozhi-1-250ml-sushka-vladmiva,00000042845,1,1,KZ_BRAND_AND_SELECTED_SKUS,KZ_SKU_EVIDENCE_REQUIRED,https://www.vladmiva.ru/products/zhidkost-dlya-obrabotki-kanalov/endozhi-1-250ml-sushka-vladmiva/,vladmiva-dental-catalog.json
ВладМиВа official,ВладМиВа,ЭНДОЖИ№2 плюс/1000мл,endozhi-2-1000ml-zhidkost-vladmiva-,00000067178 | 00000067222,2,2,KZ_BRAND_AND_SELECTED_SKUS,KZ_SKU_EVIDENCE_REQUIRED,https://www.vladmiva.ru/products/zhidkost-dlya-obrabotki-kanalov/endozhi-2-1000ml-zhidkost-vladmiva-/,vladmiva-dental-catalog.json
ВладМиВа official,ВладМиВа,ЭНДОЖИ№2 плюс,endozhi-2-15ml-zhidkost-vladmiva-,00000067205 | 00000067204,2,2,KZ_BRAND_AND_SELECTED_SKUS,KZ_SKU_EVIDENCE_REQUIRED,https://www.vladmiva.ru/products/zhidkost-dlya-obrabotki-kanalov/endozhi-2-15ml-zhidkost-vladmiva-/,vladmiva-dental-catalog.json
ВладМиВа official,ВладМиВа,"АПЕКСДЕНТ/ без иодоформа/2,2 г",apeksdent-bez-iodoforma-2-2g-vladmiva,00000001736,1,1,KZ_BRAND_AND_SELECTED_SKUS,KZ_SKU_EVIDENCE_REQUIRED,https://www.vladmiva.ru/products/plombirovanie-kanalov/apeksdent-bez-iodoforma-2-2g-vladmiva/,vladmiva-dental-catalog.json
ВладМиВа official,ВладМиВа,"АПЕКСДЕНТ/с иодоформом/2,2 г",apeksdent-s-iodoformom-2-2g-vladmiva,00000001344,1,1,KZ_BRAND_AND_SELECTED_SKUS,KZ_SKU_EVIDENCE_REQUIRED,https://www.vladmiva.ru/products/plombirovanie-kanalov/apeksdent-s-iodoformom-2-2g-vladmiva/,vladmiva-dental-catalog.json
ВладМиВа official,ВладМиВа,АРМОДЕНТ,shtifty-steklovolok-d-1-0mmarmodent-10sht-vladmiva,00000008910 | 00000008911 | 00000008912,3,1,KZ_BRAND_AND_SELECTED_SKUS,KZ_SKU_EVIDENCE_REQUIRED,https://www.vladmiva.ru/products/plombirovanie-kanalov/shtifty-steklovolok-d-1-0mmarmodent-10sht-vladmiva/,vladmiva-dental-catalog.json
ВладМиВа official,ВладМиВа,Армодент/ дриль 4-х гранный расширительный,armodent-dril-4-kh-grannyy-rasshiritelnyy-d-1-4mm-6sht,00000068649 | 00000068650,3,6,KZ_BRAND_AND_SELECTED_SKUS,KZ_SKU_EVIDENCE_REQUIRED,https://www.vladmiva.ru/products/plombirovanie-kanalov/armodent-dril-4-kh-grannyy-rasshiritelnyy-d-1-4mm-6sht/,vladmiva-dental-catalog.json
ВладМиВа official,ВладМиВа,АРМОДЕНТ/набор,armodent-nab-d-restav-zuba-so-steklovolokon-shtift-vladmiva,00000008909,1,1,KZ_BRAND_AND_SELECTED_SKUS,KZ_SKU_EVIDENCE_REQUIRED,https://www.vladmiva.ru/products/plombirovanie-kanalov/armodent-nab-d-restav-zuba-so-steklovolokon-shtift-vladmiva/,vladmiva-dental-catalog.json
ВладМиВа official,ВладМиВа,ВИЭДЕНТ/20 г + 10 мл,viedent-poroshok20g-zhidkost10ml-vladmiva-,00000000022,1,2,KZ_BRAND_AND_SELECTED_SKUS,KZ_SKU_EVIDENCE_REQUIRED,https://www.vladmiva.ru/products/plombirovanie-kanalov/viedent-poroshok20g-zhidkost10ml-vladmiva-/,vladmiva-dental-catalog.json
ВладМиВа official,ВладМиВа,ВИЭДЕНТ/4 мл + 4 мл,viedent-pasta4ml-pasta4ml-vladmiva,00000002108,1,2,KZ_BRAND_AND_SELECTED_SKUS,KZ_SKU_EVIDENCE_REQUIRED,https://www.vladmiva.ru/products/plombirovanie-kanalov/viedent-pasta4ml-pasta4ml-vladmiva/,vladmiva-dental-catalog.json
ВладМиВа official,ВладМиВа,ДЕВИТ - АРС,devit-ars-3g-pasta-d-devitalizatsii-pulpy-vladmiva,00000002330 | 00000002142 | 00000007486,3,3,KZ_BRAND_AND_SELECTED_SKUS,KZ_SKU_EVIDENCE_REQUIRED,https://www.vladmiva.ru/products/plombirovanie-kanalov/devit-ars-3g-pasta-d-devitalizatsii-pulpy-vladmiva/,vladmiva-dental-catalog.json
ВладМиВа official,ВладМиВа,ДЕВИТ А/3 г,devit-a-pasta-3g-anestet-vladmiva,00000003933,1,1,KZ_BRAND_AND_SELECTED_SKUS,KZ_SKU_EVIDENCE_REQUIRED,https://www.vladmiva.ru/products/plombirovanie-kanalov/devit-a-pasta-3g-anestet-vladmiva/,vladmiva-dental-catalog.json
ВладМиВа official,ВладМиВа,ДЕВИТ С/3г,devit-s-3g-silnodeystvuyushchaya-pasta-vladmiva,00000000742,1,1,KZ_BRAND_AND_SELECTED_SKUS,KZ_SKU_EVIDENCE_REQUIRED,https://www.vladmiva.ru/products/plombirovanie-kanalov/devit-s-3g-silnodeystvuyushchaya-pasta-vladmiva/,vladmiva-dental-catalog.json
ВладМиВа official,ВладМиВа,"ДЕВИТ С/6,5 г",devit-s-6-5g-silnodeystvuyushchaya-pasta-vladmiva,00000039626,1,1,KZ_BRAND_AND_SELECTED_SKUS,KZ_SKU_EVIDENCE_REQUIRED,https://www.vladmiva.ru/products/plombirovanie-kanalov/devit-s-6-5g-silnodeystvuyushchaya-pasta-vladmiva/,vladmiva-dental-catalog.json
ВладМиВа official,ВладМиВа,ИОДЕНТ НЕТВЕРДЕЮЩАЯ/25 г,iodent-netverdeyushchaya-pasta-vladmiva-,00000000032,1,1,KZ_BRAND_AND_SELECTED_SKUS,KZ_SKU_EVIDENCE_REQUIRED,https://www.vladmiva.ru/products/plombirovanie-kanalov/iodent-netverdeyushchaya-pasta-vladmiva-/,vladmiva-dental-catalog.json
ВладМиВа official,ВладМиВа,ИОДЕНТ/25 г,iodent-tverdeyushchaya-pasta-25g-vladmiva,00000001383,1,1,KZ_BRAND_AND_SELECTED_SKUS,KZ_SKU_EVIDENCE_REQUIRED,https://www.vladmiva.ru/products/plombirovanie-kanalov/iodent-tverdeyushchaya-pasta-25g-vladmiva/,vladmiva-dental-catalog.json
ВладМиВа official,ВладМиВа,КАЛЬЦЕВИТ/7г/порошок,kaltsevit-poroshok-7g-vladmiva,00000001774,1,1,KZ_BRAND_AND_SELECTED_SKUS,KZ_SKU_EVIDENCE_REQUIRED,https://www.vladmiva.ru/products/plombirovanie-kanalov/kaltsevit-poroshok-7g-vladmiva/,vladmiva-dental-catalog.json
ВладМиВа official,ВладМиВа,"КАЛЬЦЕСЕПТ/набор/2,5г + 2,5г",kaltsesept-2-5g-2-5g-nabor-vladmiva,00000021077,1,1,KZ_BRAND_AND_SELECTED_SKUS,KZ_SKU_EVIDENCE_REQUIRED,https://www.vladmiva.ru/products/plombirovanie-kanalov/kaltsesept-2-5g-2-5g-nabor-vladmiva/,vladmiva-dental-catalog.json
ВладМиВа official,ВладМиВа,"КОМПОЦЕМ - ЭНДО/3,5 г + 3,5 г + 5 мл",kompotsem-endo-3-5g-vmv,00000032610,1,1,KZ_BRAND_AND_SELECTED_SKUS,KZ_SKU_EVIDENCE_REQUIRED,https://www.vladmiva.ru/products/plombirovanie-kanalov/kompotsem-endo-3-5g-vmv/,vladmiva-dental-catalog.json
ВладМиВа official,ВладМиВа,ОКСИДЕНТ автомикс/4 г,oksident-trioksident-na-osnove-mta-avtomiks-4g-vladmiva,00000081680,1,2,KZ_BRAND_AND_SELECTED_SKUS,KZ_SKU_EVIDENCE_REQUIRED,https://www.vladmiva.ru/products/plombirovanie-kanalov/oksident-trioksident-na-osnove-mta-avtomiks-4g-vladmiva/,vladmiva-dental-catalog.json
ВладМиВа official,ВладМиВа,ОКСИДЕНТ паста-паста/1г+1г,oksident-trioksident-na-osnove-mta-pasta-pasta-1-0ml-1-0ml-vladmiva,00000081679,1,2,KZ_BRAND_AND_SELECTED_SKUS,KZ_SKU_EVIDENCE_REQUIRED,https://www.vladmiva.ru/products/plombirovanie-kanalov/oksident-trioksident-na-osnove-mta-pasta-pasta-1-0ml-1-0ml-vladmiva/,vladmiva-dental-catalog.json
ВладМиВа official,ВладМиВа,ОКСИДЕНТ/ на основе МТА/ паста паста,oksident-trioksident-na-osnove-mta-pasta-pasta-7-2g-4-8g-vladmiva,00000081681,1,2,KZ_BRAND_AND_SELECTED_SKUS,KZ_SKU_EVIDENCE_REQUIRED,https://www.vladmiva.ru/products/plombirovanie-kanalov/oksident-trioksident-na-osnove-mta-pasta-pasta-7-2g-4-8g-vladmiva/,vladmiva-dental-catalog.json
ВладМиВа official,ВладМиВа,ОКСИДЕНТ/ на основе МТА/ паста паста,oksident-na-osnove-mta-pasta-pasta-18g-12g-vladmiva,00000082764,1,2,KZ_BRAND_AND_SELECTED_SKUS,KZ_SKU_EVIDENCE_REQUIRED,https://www.vladmiva.ru/products/plombirovanie-kanalov/oksident-na-osnove-mta-pasta-pasta-18g-12g-vladmiva/,vladmiva-dental-catalog.json
ВладМиВа official,ВладМиВа,ОКСИДЕНТ/12 г + 12 г,oksident-d-plomb-kanalov-na-osnove-salitsilatov-12g-12g,00000018849,1,2,KZ_BRAND_AND_SELECTED_SKUS,KZ_SKU_EVIDENCE_REQUIRED,https://www.vladmiva.ru/products/plombirovanie-kanalov/oksident-d-plomb-kanalov-na-osnove-salitsilatov-12g-12g/,vladmiva-dental-catalog.json
ВладМиВа official,ВладМиВа,ПУЛЬПОДЕНТ длительного отверждения/20 г + 15 мл,pulpodent-dlitelnogo-otverzhdeniya-vladmiva,00000046701,1,1,KZ_BRAND_AND_SELECTED_SKUS,KZ_SKU_EVIDENCE_REQUIRED,https://www.vladmiva.ru/products/plombirovanie-kanalov/pulpodent-dlitelnogo-otverzhdeniya-vladmiva/,vladmiva-dental-catalog.json
ВладМиВа official,ВладМиВа,ПУЛЬПОДЕНТ/25 г + 15 мл,pulpodent-vladmiva,00000005709,1,1,KZ_BRAND_AND_SELECTED_SKUS,KZ_SKU_EVIDENCE_REQUIRED,https://www.vladmiva.ru/products/plombirovanie-kanalov/pulpodent-vladmiva/,vladmiva-dental-catalog.json
ВладМиВа official,ВладМиВа,РЕЗОДЕНТ «ВладМиВа»,rezodent-vladmiva-10g-5ml-5ml-,00000000128 | 00000018850,2,2,KZ_BRAND_AND_SELECTED_SKUS,KZ_SKU_EVIDENCE_REQUIRED,https://www.vladmiva.ru/products/plombirovanie-kanalov/rezodent-vladmiva-10g-5ml-5ml-/,vladmiva-dental-catalog.json
ВладМиВа official,ВладМиВа,СИЛДЕНТ/5 г + 5 г,sildent-d-plombir-kanalov-5-g-5-g-vladmiva,00000079981,1,1,KZ_BRAND_AND_SELECTED_SKUS,KZ_SKU_EVIDENCE_REQUIRED,https://www.vladmiva.ru/products/plombirovanie-kanalov/sildent-d-plombir-kanalov-5-g-5-g-vladmiva/,vladmiva-dental-catalog.json
ВладМиВа official,ВладМиВа,СОЛЬВАДЕНТ,solvadent-gel-vladmiva-5-ml,00000000118 | 00000000119,2,2,KZ_BRAND_AND_SELECTED_SKUS,KZ_SKU_EVIDENCE_REQUIRED,https://www.vladmiva.ru/products/plombirovanie-kanalov/solvadent-gel-vladmiva-5-ml/,vladmiva-dental-catalog.json
ВладМиВа official,ВладМиВа,СТИОДЕНТ/10 г,stiodent-vladmiva-poroshok,00000000122,1,1,KZ_BRAND_AND_SELECTED_SKUS,KZ_SKU_EVIDENCE_REQUIRED,https://www.vladmiva.ru/products/plombirovanie-kanalov/stiodent-vladmiva-poroshok/,vladmiva-dental-catalog.json
ВладМиВа official,ВладМиВа,ТИЭДЕНТ,tiedent-poroshok-14g-vladmiva,00000009158 | 00000026009,2,2,KZ_BRAND_AND_SELECTED_SKUS,KZ_SKU_EVIDENCE_REQUIRED,https://www.vladmiva.ru/products/plombirovanie-kanalov/tiedent-poroshok-14g-vladmiva/,vladmiva-dental-catalog.json
ВладМиВа official,ВладМиВа,ТРИКРЕДЕНТ/15 г + 10 мл + 10 мл,trikredent-vladmiva,00000001042,1,1,KZ_BRAND_AND_SELECTED_SKUS,KZ_SKU_EVIDENCE_REQUIRED,https://www.vladmiva.ru/products/plombirovanie-kanalov/trikredent-vladmiva/,vladmiva-dental-catalog.json
ВладМиВа official,ВладМиВа,"ТРИОКСИДЕНТ быстротвердеющий/0,5 г х 10 + 3 мл",trioksident-rapid-0-5g-10pak-3ml-zhidk-b-instrumenta-vladmiva,00000043519,1,1,KZ_BRAND_AND_SELECTED_SKUS,KZ_SKU_EVIDENCE_REQUIRED,https://www.vladmiva.ru/products/plombirovanie-kanalov/trioksident-rapid-0-5g-10pak-3ml-zhidk-b-instrumenta-vladmiva/,vladmiva-dental-catalog.json
ВладМиВа official,ВладМиВа,ТРИОКСИДЕНТ,trioksident-10paket-0-3g-3instrum-vmv,00000008627 | 00000005128 | 00000007747,3,3,KZ_BRAND_AND_SELECTED_SKUS,KZ_SKU_EVIDENCE_REQUIRED,https://www.vladmiva.ru/products/plombirovanie-kanalov/trioksident-10paket-0-3g-3instrum-vmv/,vladmiva-dental-catalog.json
ВладМиВа official,ВладМиВа,"ТРИОКСИДЕНТ/капсулы/0,35 г х 10",trioksident-10kapsul-0-35g-b-instrumenta-vladmiva,00000055383,1,1,KZ_BRAND_AND_SELECTED_SKUS,KZ_SKU_EVIDENCE_REQUIRED,https://www.vladmiva.ru/products/plombirovanie-kanalov/trioksident-10kapsul-0-35g-b-instrumenta-vladmiva/,vladmiva-dental-catalog.json
ВладМиВа official,ВладМиВа,ФОСФАДЕНТ БИО/15 г + 12 мл,fosfadent-bio-vladmiva-,00000000132,1,3,KZ_BRAND_AND_SELECTED_SKUS,KZ_SKU_EVIDENCE_REQUIRED,https://www.vladmiva.ru/products/plombirovanie-kanalov/fosfadent-bio-vladmiva-/,vladmiva-dental-catalog.json
ВладМиВа official,ВладМиВа,ФОСФАДЕНТ/15 г + 12 мл,fosfadent-vladmiva-,00000000130,1,3,KZ_BRAND_AND_SELECTED_SKUS,KZ_SKU_EVIDENCE_REQUIRED,https://www.vladmiva.ru/products/plombirovanie-kanalov/fosfadent-vladmiva-/,vladmiva-dental-catalog.json
ВладМиВа official,ВладМиВа,ЭНДАСЕПТ,endasept-gel-10ml-d-lecheniya-infitsir-kanalov-vmv,00000010046,1,1,KZ_BRAND_AND_SELECTED_SKUS,KZ_SKU_EVIDENCE_REQUIRED,https://www.vladmiva.ru/products/plombirovanie-kanalov/endasept-gel-10ml-d-lecheniya-infitsir-kanalov-vmv/,vladmiva-dental-catalog.json
ВладМиВа official,ВладМиВа,ЭНДОГЕЛЬ №1/20 г,endogel-1-20g-dlya-rasshireniya-kanalov-vladmiva,00000002157,1,1,KZ_BRAND_AND_SELECTED_SKUS,KZ_SKU_EVIDENCE_REQUIRED,https://www.vladmiva.ru/products/plombirovanie-kanalov/endogel-1-20g-dlya-rasshireniya-kanalov-vladmiva/,vladmiva-dental-catalog.json
ВладМиВа official,ВладМиВа,ЭНДОГЕЛЬ №1/5 мл,endogel-1-shprits-5ml-dlya-rasshireniya-kanalov-vladmiva,00000002156,1,1,KZ_BRAND_AND_SELECTED_SKUS,KZ_SKU_EVIDENCE_REQUIRED,https://www.vladmiva.ru/products/plombirovanie-kanalov/endogel-1-shprits-5ml-dlya-rasshireniya-kanalov-vladmiva/,vladmiva-dental-catalog.json
ВладМиВа official,ВладМиВа,ЭНДОГЕЛЬ №2,endogel-2-20g-d-ochistki-i-rasshir-kanalov-vladmiva,00000002159,1,1,KZ_BRAND_AND_SELECTED_SKUS,KZ_SKU_EVIDENCE_REQUIRED,https://www.vladmiva.ru/products/plombirovanie-kanalov/endogel-2-20g-d-ochistki-i-rasshir-kanalov-vladmiva/,vladmiva-dental-catalog.json
ВладМиВа official,ВладМиВа,ЭНДОГЕЛЬ №2,endogel-2-shprits-3ml-d-ochistki-i-rasshir-kanalo-vladmiva,00000002158 | 00000059443,2,1,KZ_BRAND_AND_SELECTED_SKUS,KZ_SKU_EVIDENCE_REQUIRED,https://www.vladmiva.ru/products/plombirovanie-kanalov/endogel-2-shprits-3ml-d-ochistki-i-rasshir-kanalo-vladmiva/,vladmiva-dental-catalog.json
ВладМиВа official,ВладМиВа,ЭНДОГЕЛЬ №2,endogel-2-shprits-9g-d-ochistki-i-rasshir-kanalo-vladmiva,00000004435,1,1,KZ_BRAND_AND_SELECTED_SKUS,KZ_SKU_EVIDENCE_REQUIRED,https://www.vladmiva.ru/products/plombirovanie-kanalov/endogel-2-shprits-9g-d-ochistki-i-rasshir-kanalo-vladmiva/,vladmiva-dental-catalog.json
ВладМиВа official,ВладМиВа,ЭОДЕНТ/длительного отверждения/25 г + 8 мл,eodent-normal-d-kanalov-vladmiva-dlitelnogo-otv-vladmiva,00000000138,1,1,KZ_BRAND_AND_SELECTED_SKUS,KZ_SKU_EVIDENCE_REQUIRED,https://www.vladmiva.ru/products/plombirovanie-kanalov/eodent-normal-d-kanalov-vladmiva-dlitelnogo-otv-vladmiva/,vladmiva-dental-catalog.json
ВладМиВа official,ВладМиВа,836.314.010.016.010,806-314-010-504-010,00000015186,1,1,KZ_BRAND_AND_SELECTED_SKUS,KZ_SKU_EVIDENCE_REQUIRED,https://www.vladmiva.ru/products/konusnye-trubinnye/806-314-010-504-010/,vladmiva-dental-catalog.json
ВладМиВа official,ВладМиВа,836.314.010.016.012,806-314-010-504-012,00000015187,1,1,KZ_BRAND_AND_SELECTED_SKUS,KZ_SKU_EVIDENCE_REQUIRED,https://www.vladmiva.ru/products/konusnye-trubinnye/806-314-010-504-012/,vladmiva-dental-catalog.json
ВладМиВа official,ВладМиВа,836.314.010.016.014,806-314-010-504-014,00000015188,1,1,KZ_BRAND_AND_SELECTED_SKUS,KZ_SKU_EVIDENCE_REQUIRED,https://www.vladmiva.ru/products/konusnye-trubinnye/806-314-010-504-014/,vladmiva-dental-catalog.json
ВладМиВа official,ВладМиВа,836.314.010.016.016,806-314-010-504-016,00000017609,1,1,KZ_BRAND_AND_SELECTED_SKUS,KZ_SKU_EVIDENCE_REQUIRED,https://www.vladmiva.ru/products/konusnye-trubinnye/806-314-010-504-016/,vladmiva-dental-catalog.json
ВладМиВа official,ВладМиВа,836.314.010.023.021,806-314-010-504-021,00000014283,1,1,KZ_BRAND_AND_SELECTED_SKUS,KZ_SKU_EVIDENCE_REQUIRED,https://www.vladmiva.ru/products/konusnye-trubinnye/806-314-010-504-021/,vladmiva-dental-catalog.json
ВладМиВа official,ВладМиВа,836.314.164.080.009,806-314-165-504-009,00000018888,1,1,KZ_BRAND_AND_SELECTED_SKUS,KZ_SKU_EVIDENCE_REQUIRED,https://www.vladmiva.ru/products/konusnye-trubinnye/806-314-165-504-009/,vladmiva-dental-catalog.json
ВладМиВа official,ВладМиВа,836.314.164.080.010,806-314-165-504-010,00000014423,1,1,KZ_BRAND_AND_SELECTED_SKUS,KZ_SKU_EVIDENCE_REQUIRED,https://www.vladmiva.ru/products/konusnye-trubinnye/806-314-165-504-010/,vladmiva-dental-catalog.json
ВладМиВа official,ВладМиВа,836.314.164.080.012,806-314-165-504-012,00000014413,1,1,KZ_BRAND_AND_SELECTED_SKUS,KZ_SKU_EVIDENCE_REQUIRED,https://www.vladmiva.ru/products/konusnye-trubinnye/806-314-165-504-012/,vladmiva-dental-catalog.json
ВладМиВа official,ВладМиВа,836.314.164.080.014,806-314-165-504-014,00000015119,1,1,KZ_BRAND_AND_SELECTED_SKUS,KZ_SKU_EVIDENCE_REQUIRED,https://www.vladmiva.ru/products/konusnye-trubinnye/806-314-165-504-014/,vladmiva-dental-catalog.json
ВладМиВа official,ВладМиВа,836.314.164.080.016,806-314-165-504-016,00000018101,1,1,KZ_BRAND_AND_SELECTED_SKUS,KZ_SKU_EVIDENCE_REQUIRED,https://www.vladmiva.ru/products/konusnye-trubinnye/806-314-165-504-016/,vladmiva-dental-catalog.json
ВладМиВа official,ВладМиВа,836.314.164.100.009,806-314-166-504-009,00000010930,1,1,KZ_BRAND_AND_SELECTED_SKUS,KZ_SKU_EVIDENCE_REQUIRED,https://www.vladmiva.ru/products/konusnye-trubinnye/806-314-166-504-009/,vladmiva-dental-catalog.json
ВладМиВа official,ВладМиВа,836.314.164.100.010,806-314-166-504-010,00000015132,1,1,KZ_BRAND_AND_SELECTED_SKUS,KZ_SKU_EVIDENCE_REQUIRED,https://www.vladmiva.ru/products/konusnye-trubinnye/806-314-166-504-010/,vladmiva-dental-catalog.json
ВладМиВа official,ВладМиВа,836.314.164.100.012,806-314-166-504-012,00000014415,1,1,KZ_BRAND_AND_SELECTED_SKUS,KZ_SKU_EVIDENCE_REQUIRED,https://www.vladmiva.ru/products/konusnye-trubinnye/806-314-166-504-012/,vladmiva-dental-catalog.json
ВладМиВа official,ВладМиВа,836.314.164.100.014,806-314-166-504-014,00000014936,1,1,KZ_BRAND_AND_SELECTED_SKUS,KZ_SKU_EVIDENCE_REQUIRED,https://www.vladmiva.ru/products/konusnye-trubinnye/806-314-166-504-014/,vladmiva-dental-catalog.json
ВладМиВа official,ВладМиВа,836.314.164.100.016,806-314-166-504-016,00000019802,1,1,KZ_BRAND_AND_SELECTED_SKUS,KZ_SKU_EVIDENCE_REQUIRED,https://www.vladmiva.ru/products/konusnye-trubinnye/806-314-166-504-016/,vladmiva-dental-catalog.json
ВладМиВа official,ВладМиВа,836.314.164.100.021,806-314-166-504-021,00000009344,1,1,KZ_BRAND_AND_SELECTED_SKUS,KZ_SKU_EVIDENCE_REQUIRED,https://www.vladmiva.ru/products/konusnye-trubinnye/806-314-166-504-021/,vladmiva-dental-catalog.json
ВладМиВа official,ВладМиВа,836.314.164.100.025,806-314-166-504-025,00000018204,1,1,KZ_BRAND_AND_SELECTED_SKUS,KZ_SKU_EVIDENCE_REQUIRED,https://www.vladmiva.ru/products/konusnye-trubinnye/806-314-166-504-025/,vladmiva-dental-catalog.json
ВладМиВа official,ВладМиВа,836.314.164.100.027,806-314-166-504-027,00000034627,1,1,KZ_BRAND_AND_SELECTED_SKUS,KZ_SKU_EVIDENCE_REQUIRED,https://www.vladmiva.ru/products/konusnye-trubinnye/806-314-166-504-027/,vladmiva-dental-catalog.json
ВладМиВа official,ВладМиВа,836.314.164.115.009,806-314-167-504-009,00000023007,1,1,KZ_BRAND_AND_SELECTED_SKUS,KZ_SKU_EVIDENCE_REQUIRED,https://www.vladmiva.ru/products/konusnye-trubinnye/806-314-167-504-009/,vladmiva-dental-catalog.json
ВладМиВа official,ВладМиВа,836.314.164.115.010,806-314-167-504-010,00000012065,1,1,KZ_BRAND_AND_SELECTED_SKUS,KZ_SKU_EVIDENCE_REQUIRED,https://www.vladmiva.ru/products/konusnye-trubinnye/806-314-167-504-010/,vladmiva-dental-catalog.json
ВладМиВа official,ВладМиВа,836.314.164.115.012,806-314-167-504-012,00000019801,1,1,KZ_BRAND_AND_SELECTED_SKUS,KZ_SKU_EVIDENCE_REQUIRED,https://www.vladmiva.ru/products/konusnye-trubinnye/806-314-167-504-012/,vladmiva-dental-catalog.json
ВладМиВа official,ВладМиВа,836.314.164.115.014,806-314-167-504-014,00000017000,1,1,KZ_BRAND_AND_SELECTED_SKUS,KZ_SKU_EVIDENCE_REQUIRED,https://www.vladmiva.ru/products/konusnye-trubinnye/806-314-167-504-014/,vladmiva-dental-catalog.json
ВладМиВа official,ВладМиВа,836.314.164.115.016,806-314-167-504-016,00000018333,1,1,KZ_BRAND_AND_SELECTED_SKUS,KZ_SKU_EVIDENCE_REQUIRED,https://www.vladmiva.ru/products/konusnye-trubinnye/806-314-167-504-016/,vladmiva-dental-catalog.json
ВладМиВа official,ВладМиВа,836.314.168.080.010,806-314-172-504-010,00000016001,1,1,KZ_BRAND_AND_SELECTED_SKUS,KZ_SKU_EVIDENCE_REQUIRED,https://www.vladmiva.ru/products/konusnye-trubinnye/806-314-172-504-010/,vladmiva-dental-catalog.json
ВладМиВа official,ВладМиВа,836.314.168.080.012,806-314-172-504-012,00000015117,1,1,KZ_BRAND_AND_SELECTED_SKUS,KZ_SKU_EVIDENCE_REQUIRED,https://www.vladmiva.ru/products/konusnye-trubinnye/806-314-172-504-012/,vladmiva-dental-catalog.json
ВладМиВа official,ВладМиВа,836.314.168.080.014,806-314-172-504-014,00000014421,1,1,KZ_BRAND_AND_SELECTED_SKUS,KZ_SKU_EVIDENCE_REQUIRED,https://www.vladmiva.ru/products/konusnye-trubinnye/806-314-172-504-014/,vladmiva-dental-catalog.json
ВладМиВа official,ВладМиВа,836.314.168.080.016,806-314-172-504-016,00000014422,1,1,KZ_BRAND_AND_SELECTED_SKUS,KZ_SKU_EVIDENCE_REQUIRED,https://www.vladmiva.ru/products/konusnye-trubinnye/806-314-172-504-016/,vladmiva-dental-catalog.json
ВладМиВа official,ВладМиВа,836.314.168.100.010,806-314-173-504-010,00000017805,1,1,KZ_BRAND_AND_SELECTED_SKUS,KZ_SKU_EVIDENCE_REQUIRED,https://www.vladmiva.ru/products/konusnye-trubinnye/806-314-173-504-010/,vladmiva-dental-catalog.json
ВладМиВа official,ВладМиВа,836.314.168.100.012,806-314-173-504-012,00000008171,1,1,KZ_BRAND_AND_SELECTED_SKUS,KZ_SKU_EVIDENCE_REQUIRED,https://www.vladmiva.ru/products/konusnye-trubinnye/806-314-173-504-012/,vladmiva-dental-catalog.json
ВладМиВа official,ВладМиВа,836.314.168.100.014,806-314-173-504-014,00000014410,1,1,KZ_BRAND_AND_SELECTED_SKUS,KZ_SKU_EVIDENCE_REQUIRED,https://www.vladmiva.ru/products/konusnye-trubinnye/806-314-173-504-014/,vladmiva-dental-catalog.json
ВладМиВа official,ВладМиВа,836.314.168.100.016,806-314-173-504-016,00000014414,1,1,KZ_BRAND_AND_SELECTED_SKUS,KZ_SKU_EVIDENCE_REQUIRED,https://www.vladmiva.ru/products/konusnye-trubinnye/806-314-173-504-016/,vladmiva-dental-catalog.json
ВладМиВа official,ВладМиВа,836.314.168.100.021,806-314-173-504-021,00000008156,1,1,KZ_BRAND_AND_SELECTED_SKUS,KZ_SKU_EVIDENCE_REQUIRED,https://www.vladmiva.ru/products/konusnye-trubinnye/806-314-173-504-021/,vladmiva-dental-catalog.json
ВладМиВа official,ВладМиВа,836.314.194.060.010,806-314-197-504-010,00000022375,1,1,KZ_BRAND_AND_SELECTED_SKUS,KZ_SKU_EVIDENCE_REQUIRED,https://www.vladmiva.ru/products/konusnye-trubinnye/806-314-197-504-010/,vladmiva-dental-catalog.json
ВладМиВа official,ВладМиВа,836.314.194.080.010,806-314-198-504-010,00000018913,1,1,KZ_BRAND_AND_SELECTED_SKUS,KZ_SKU_EVIDENCE_REQUIRED,https://www.vladmiva.ru/products/konusnye-trubinnye/806-314-198-504-010/,vladmiva-dental-catalog.json
ВладМиВа official,ВладМиВа,836.314.194.080.012,806-314-198-504-012,00000018908,1,1,KZ_BRAND_AND_SELECTED_SKUS,KZ_SKU_EVIDENCE_REQUIRED,https://www.vladmiva.ru/products/konusnye-trubinnye/806-314-198-504-012/,vladmiva-dental-catalog.json
ВладМиВа official,ВладМиВа,836.314.194.080.014,806-314-198-504-014,00000019870,1,1,KZ_BRAND_AND_SELECTED_SKUS,KZ_SKU_EVIDENCE_REQUIRED,https://www.vladmiva.ru/products/konusnye-trubinnye/806-314-198-504-014/,vladmiva-dental-catalog.json
ВладМиВа official,ВладМиВа,836.314.194.080.016,806-314-198-504-016,00000019019,1,1,KZ_BRAND_AND_SELECTED_SKUS,KZ_SKU_EVIDENCE_REQUIRED,https://www.vladmiva.ru/products/konusnye-trubinnye/806-314-198-504-016/,vladmiva-dental-catalog.json
ВладМиВа official,ВладМиВа,836.314.194.080.018,806-314-198-504-018,00000056067,1,1,KZ_BRAND_AND_SELECTED_SKUS,KZ_SKU_EVIDENCE_REQUIRED,https://www.vladmiva.ru/products/konusnye-trubinnye/806-314-198-504-018/,vladmiva-dental-catalog.json
ВладМиВа official,ВладМиВа,836.314.194.080.021,806-314-198-504-021,00000056065,1,1,KZ_BRAND_AND_SELECTED_SKUS,KZ_SKU_EVIDENCE_REQUIRED,https://www.vladmiva.ru/products/konusnye-trubinnye/806-314-198-504-021/,vladmiva-dental-catalog.json
ВладМиВа official,ВладМиВа,836.314.194.080.023,806-314-198-504-023,00000056066,1,1,KZ_BRAND_AND_SELECTED_SKUS,KZ_SKU_EVIDENCE_REQUIRED,https://www.vladmiva.ru/products/konusnye-trubinnye/806-314-198-504-023/,vladmiva-dental-catalog.json
ВладМиВа official,ВладМиВа,836.314.194.100.010,806-314-199-504-010,00000005089,1,1,KZ_BRAND_AND_SELECTED_SKUS,KZ_SKU_EVIDENCE_REQUIRED,https://www.vladmiva.ru/products/konusnye-trubinnye/806-314-199-504-010/,vladmiva-dental-catalog.json
ВладМиВа official,ВладМиВа,836.314.194.100.012,806-314-199-504-012,00000018202,1,1,KZ_BRAND_AND_SELECTED_SKUS,KZ_SKU_EVIDENCE_REQUIRED,https://www.vladmiva.ru/products/konusnye-trubinnye/806-314-199-504-012/,vladmiva-dental-catalog.json
ВладМиВа official,ВладМиВа,836.314.194.100.014,806-314-199-504-014,00000014416,1,1,KZ_BRAND_AND_SELECTED_SKUS,KZ_SKU_EVIDENCE_REQUIRED,https://www.vladmiva.ru/products/konusnye-trubinnye/806-314-199-504-014/,vladmiva-dental-catalog.json
ВладМиВа official,ВладМиВа,836.314.194.100.016,806-314-199-504-016,00000015122,1,1,KZ_BRAND_AND_SELECTED_SKUS,KZ_SKU_EVIDENCE_REQUIRED,https://www.vladmiva.ru/products/konusnye-trubinnye/806-314-199-504-016/,vladmiva-dental-catalog.json
ВладМиВа official,ВладМиВа,836.314.194.100.018,806-314-199-504-018,00000059333,1,1,KZ_BRAND_AND_SELECTED_SKUS,KZ_SKU_EVIDENCE_REQUIRED,https://www.vladmiva.ru/products/konusnye-trubinnye/806-314-199-504-018/,vladmiva-dental-catalog.json
ВладМиВа official,ВладМиВа,836.314.194.100.021,806-314-199-504-021,00000059334,1,1,KZ_BRAND_AND_SELECTED_SKUS,KZ_SKU_EVIDENCE_REQUIRED,https://www.vladmiva.ru/products/konusnye-trubinnye/806-314-199-504-021/,vladmiva-dental-catalog.json
ВладМиВа official,ВладМиВа,836.314.194.100.023,806-314-199-504-023,00000059335,1,1,KZ_BRAND_AND_SELECTED_SKUS,KZ_SKU_EVIDENCE_REQUIRED,https://www.vladmiva.ru/products/konusnye-trubinnye/806-314-199-504-023/,vladmiva-dental-catalog.json
ВладМиВа official,ВладМиВа,836.314.294.060.010,806-314-297-504-010,00000015120,1,1,KZ_BRAND_AND_SELECTED_SKUS,KZ_SKU_EVIDENCE_REQUIRED,https://www.vladmiva.ru/products/konusnye-trubinnye/806-314-297-504-010/,vladmiva-dental-catalog.json
ВладМиВа official,ВладМиВа,836.314.294.060.012,806-314-297-504-012,00000019871,1,1,KZ_BRAND_AND_SELECTED_SKUS,KZ_SKU_EVIDENCE_REQUIRED,https://www.vladmiva.ru/products/konusnye-trubinnye/806-314-297-504-012/,vladmiva-dental-catalog.json
ВладМиВа official,ВладМиВа,836.314.294.060.014,806-314-297-504-014,00000018055,1,1,KZ_BRAND_AND_SELECTED_SKUS,KZ_SKU_EVIDENCE_REQUIRED,https://www.vladmiva.ru/products/konusnye-trubinnye/806-314-297-504-014/,vladmiva-dental-catalog.json
ВладМиВа official,ВладМиВа,836.314.294.060.016,806-314-297-504-016,00000018583,1,1,KZ_BRAND_AND_SELECTED_SKUS,KZ_SKU_EVIDENCE_REQUIRED,https://www.vladmiva.ru/products/konusnye-trubinnye/806-314-297-504-016/,vladmiva-dental-catalog.json
ВладМиВа official,ВладМиВа,836.314.294.080.010,806-314-298-504-010,00000014941,1,1,KZ_BRAND_AND_SELECTED_SKUS,KZ_SKU_EVIDENCE_REQUIRED,https://www.vladmiva.ru/products/konusnye-trubinnye/806-314-298-504-010/,vladmiva-dental-catalog.json
ВладМиВа official,ВладМиВа,836.314.294.080.012,806-314-298-504-012,00000018584,1,1,KZ_BRAND_AND_SELECTED_SKUS,KZ_SKU_EVIDENCE_REQUIRED,https://www.vladmiva.ru/products/konusnye-trubinnye/806-314-298-504-012/,vladmiva-dental-catalog.json
ВладМиВа official,ВладМиВа,836.314.294.080.014,806-314-298-504-014,00000019021,1,1,KZ_BRAND_AND_SELECTED_SKUS,KZ_SKU_EVIDENCE_REQUIRED,https://www.vladmiva.ru/products/konusnye-trubinnye/806-314-298-504-014/,vladmiva-dental-catalog.json
ВладМиВа official,ВладМиВа,836.314.294.080.016,806-314-298-504-016,00000015121,1,1,KZ_BRAND_AND_SELECTED_SKUS,KZ_SKU_EVIDENCE_REQUIRED,https://www.vladmiva.ru/products/konusnye-trubinnye/806-314-298-504-016/,vladmiva-dental-catalog.json
ВладМиВа official,ВладМиВа,836.314.294.080.021,806-314-298-504-021,00000019027,1,1,KZ_BRAND_AND_SELECTED_SKUS,KZ_SKU_EVIDENCE_REQUIRED,https://www.vladmiva.ru/products/konusnye-trubinnye/806-314-298-504-021/,vladmiva-dental-catalog.json
ВладМиВа official,ВладМиВа,836.314.294.100.010,806-314-299-504-010,00000015123,1,1,KZ_BRAND_AND_SELECTED_SKUS,KZ_SKU_EVIDENCE_REQUIRED,https://www.vladmiva.ru/products/konusnye-trubinnye/806-314-299-504-010/,vladmiva-dental-catalog.json
ВладМиВа official,ВладМиВа,836.314.294.100.012,806-314-299-504-012,00000015118,1,1,KZ_BRAND_AND_SELECTED_SKUS,KZ_SKU_EVIDENCE_REQUIRED,https://www.vladmiva.ru/products/konusnye-trubinnye/806-314-299-504-012/,vladmiva-dental-catalog.json
ВладМиВа official,ВладМиВа,836.314.294.100.014,806-314-299-504-014,00000014942,1,1,KZ_BRAND_AND_SELECTED_SKUS,KZ_SKU_EVIDENCE_REQUIRED,https://www.vladmiva.ru/products/konusnye-trubinnye/806-314-299-504-014/,vladmiva-dental-catalog.json
ВладМиВа official,ВладМиВа,836.314.294.100.016,806-314-299-504-016,00000018054,1,1,KZ_BRAND_AND_SELECTED_SKUS,KZ_SKU_EVIDENCE_REQUIRED,https://www.vladmiva.ru/products/konusnye-trubinnye/806-314-299-504-016/,vladmiva-dental-catalog.json
ВладМиВа official,ВладМиВа,836.314.294.100.021,806-314-299-504-021,00000018105,1,1,KZ_BRAND_AND_SELECTED_SKUS,KZ_SKU_EVIDENCE_REQUIRED,https://www.vladmiva.ru/products/konusnye-trubinnye/806-314-299-504-021/,vladmiva-dental-catalog.json
ВладМиВа official,ВладМиВа,836.315.010.016.010,806-315-010-504-010,00000021472,1,1,KZ_BRAND_AND_SELECTED_SKUS,KZ_SKU_EVIDENCE_REQUIRED,https://www.vladmiva.ru/products/konusnye-trubinnye/806-315-010-504-010/,vladmiva-dental-catalog.json
ВладМиВа official,ВладМиВа,836.315.010.016.012,806-315-010-504-012,00000022080,1,1,KZ_BRAND_AND_SELECTED_SKUS,KZ_SKU_EVIDENCE_REQUIRED,https://www.vladmiva.ru/products/konusnye-trubinnye/806-315-010-504-012/,vladmiva-dental-catalog.json
ВладМиВа official,ВладМиВа,836.315.010.016.014,806-315-010-504-014,00000020383,1,1,KZ_BRAND_AND_SELECTED_SKUS,KZ_SKU_EVIDENCE_REQUIRED,https://www.vladmiva.ru/products/konusnye-trubinnye/806-315-010-504-014/,vladmiva-dental-catalog.json
ВладМиВа official,ВладМиВа,836.315.010.016.016,806-315-010-504-016,00000021505,1,1,KZ_BRAND_AND_SELECTED_SKUS,KZ_SKU_EVIDENCE_REQUIRED,https://www.vladmiva.ru/products/konusnye-trubinnye/806-315-010-504-016/,vladmiva-dental-catalog.json
ВладМиВа official,ВладМиВа,836.315.010.023.021,806-315-010-504-021,00000034590,1,1,KZ_BRAND_AND_SELECTED_SKUS,KZ_SKU_EVIDENCE_REQUIRED,https://www.vladmiva.ru/products/konusnye-trubinnye/806-315-010-504-021/,vladmiva-dental-catalog.json
ВладМиВа official,ВладМиВа,836.315.164.100.023,806-315-166-504-023,00000024097,1,1,KZ_BRAND_AND_SELECTED_SKUS,KZ_SKU_EVIDENCE_REQUIRED,https://www.vladmiva.ru/products/konusnye-trubinnye/806-315-166-504-023/,vladmiva-dental-catalog.json
ВладМиВа official,ВладМиВа,836.315.164.100.025,806-315-166-504-025,00000022976,1,1,KZ_BRAND_AND_SELECTED_SKUS,KZ_SKU_EVIDENCE_REQUIRED,https://www.vladmiva.ru/products/konusnye-trubinnye/806-315-166-504-025/,vladmiva-dental-catalog.json
ВладМиВа official,ВладМиВа,836.315.168.100.021,806-315-173-504-021,00000034605,1,1,KZ_BRAND_AND_SELECTED_SKUS,KZ_SKU_EVIDENCE_REQUIRED,https://www.vladmiva.ru/products/konusnye-trubinnye/806-315-173-504-021/,vladmiva-dental-catalog.json
ВладМиВа official,ВладМиВа,836.315.194.080.010,806-315-198-504-010,00000021520,1,1,KZ_BRAND_AND_SELECTED_SKUS,KZ_SKU_EVIDENCE_REQUIRED,https://www.vladmiva.ru/products/konusnye-trubinnye/806-315-198-504-010/,vladmiva-dental-catalog.json
ВладМиВа official,ВладМиВа,836.315.194.080.012,806-315-198-504-012,00000076040,1,1,KZ_BRAND_AND_SELECTED_SKUS,KZ_SKU_EVIDENCE_REQUIRED,https://www.vladmiva.ru/products/konusnye-trubinnye/806-315-198-504-012/,vladmiva-dental-catalog.json
ВладМиВа official,ВладМиВа,836.315.194.080.014,806-315-198-504-014,00000022230,1,1,KZ_BRAND_AND_SELECTED_SKUS,KZ_SKU_EVIDENCE_REQUIRED,https://www.vladmiva.ru/products/konusnye-trubinnye/806-315-198-504-014/,vladmiva-dental-catalog.json
ВладМиВа official,ВладМиВа,836.315.194.080.016,806-315-198-504-016,00000022212,1,1,KZ_BRAND_AND_SELECTED_SKUS,KZ_SKU_EVIDENCE_REQUIRED,https://www.vladmiva.ru/products/konusnye-trubinnye/806-315-198-504-016/,vladmiva-dental-catalog.json
ВладМиВа official,ВладМиВа,856.314.010.016.009,806-314-010-514-009,00000036251,1,1,KZ_BRAND_AND_SELECTED_SKUS,KZ_SKU_EVIDENCE_REQUIRED,https://www.vladmiva.ru/products/konusnye-trubinnye/806-314-010-514-009/,vladmiva-dental-catalog.json
ВладМиВа official,ВладМиВа,856.314.010.016.010,806-314-010-514-010,00000014759,1,1,KZ_BRAND_AND_SELECTED_SKUS,KZ_SKU_EVIDENCE_REQUIRED,https://www.vladmiva.ru/products/konusnye-trubinnye/806-314-010-514-010/,vladmiva-dental-catalog.json
ВладМиВа official,ВладМиВа,856.314.010.016.012,806-314-010-514-012,00000014757,1,1,KZ_BRAND_AND_SELECTED_SKUS,KZ_SKU_EVIDENCE_REQUIRED,https://www.vladmiva.ru/products/konusnye-trubinnye/806-314-010-514-012/,vladmiva-dental-catalog.json
ВладМиВа official,ВладМиВа,856.314.010.016.014,806-314-010-514-014,00000015127,1,1,KZ_BRAND_AND_SELECTED_SKUS,KZ_SKU_EVIDENCE_REQUIRED,https://www.vladmiva.ru/products/konusnye-trubinnye/806-314-010-514-014/,vladmiva-dental-catalog.json
ВладМиВа official,ВладМиВа,856.314.010.016.016,806-314-010-514-016,00000017433,1,1,KZ_BRAND_AND_SELECTED_SKUS,KZ_SKU_EVIDENCE_REQUIRED,https://www.vladmiva.ru/products/konusnye-trubinnye/806-314-010-514-016/,vladmiva-dental-catalog.json
ВладМиВа official,ВладМиВа,856.314.010.020.018,806-314-010-514-018,00000043809,1,1,KZ_BRAND_AND_SELECTED_SKUS,KZ_SKU_EVIDENCE_REQUIRED,https://www.vladmiva.ru/products/konusnye-trubinnye/806-314-010-514-018/,vladmiva-dental-catalog.json
ВладМиВа official,ВладМиВа,856.314.010.023.021,806-314-010-514-021,00000014948,1,1,KZ_BRAND_AND_SELECTED_SKUS,KZ_SKU_EVIDENCE_REQUIRED,https://www.vladmiva.ru/products/konusnye-trubinnye/806-314-010-514-021/,vladmiva-dental-catalog.json
ВладМиВа official,ВладМиВа,856.314.019.022.010,806-314-019-514-010,00000014946,1,1,KZ_BRAND_AND_SELECTED_SKUS,KZ_SKU_EVIDENCE_REQUIRED,https://www.vladmiva.ru/products/konusnye-trubinnye/806-314-019-514-010/,vladmiva-dental-catalog.json
ВладМиВа official,ВладМиВа,856.314.019.022.012,806-314-019-514-012,00000024228,1,1,KZ_BRAND_AND_SELECTED_SKUS,KZ_SKU_EVIDENCE_REQUIRED,https://www.vladmiva.ru/products/konusnye-trubinnye/806-314-019-514-012/,vladmiva-dental-catalog.json
ВладМиВа official,ВладМиВа,856.314.019.022.014,806-314-019-514-014,00000019875,1,1,KZ_BRAND_AND_SELECTED_SKUS,KZ_SKU_EVIDENCE_REQUIRED,https://www.vladmiva.ru/products/konusnye-trubinnye/806-314-019-514-014/,vladmiva-dental-catalog.json
ВладМиВа official,ВладМиВа,856.314.019.022.016,806-314-019-514-016,00-00064422,1,1,KZ_BRAND_AND_SELECTED_SKUS,KZ_SKU_EVIDENCE_REQUIRED,https://www.vladmiva.ru/products/konusnye-trubinnye/806-314-019-514-016/,vladmiva-dental-catalog.json
ВладМиВа official,ВладМиВа,856.314.164.080.009,806-314-165-514-009,00000019557,1,1,KZ_BRAND_AND_SELECTED_SKUS,KZ_SKU_EVIDENCE_REQUIRED,https://www.vladmiva.ru/products/konusnye-trubinnye/806-314-165-514-009/,vladmiva-dental-catalog.json
ВладМиВа official,ВладМиВа,856.314.164.080.010,806-314-165-514-010,00000018807,1,1,KZ_BRAND_AND_SELECTED_SKUS,KZ_SKU_EVIDENCE_REQUIRED,https://www.vladmiva.ru/products/konusnye-trubinnye/806-314-165-514-010/,vladmiva-dental-catalog.json
ВладМиВа official,ВладМиВа,856.314.164.080.012,806-314-165-514-012,00000014335,1,1,KZ_BRAND_AND_SELECTED_SKUS,KZ_SKU_EVIDENCE_REQUIRED,https://www.vladmiva.ru/products/konusnye-trubinnye/806-314-165-514-012/,vladmiva-dental-catalog.json
ВладМиВа official,ВладМиВа,856.314.164.080.014,806-314-165-514-014,00000014601,1,1,KZ_BRAND_AND_SELECTED_SKUS,KZ_SKU_EVIDENCE_REQUIRED,https://www.vladmiva.ru/products/konusnye-trubinnye/806-314-165-514-014/,vladmiva-dental-catalog.json
ВладМиВа official,ВладМиВа,856.314.164.080.016,806-314-165-514-016,00000018906,1,1,KZ_BRAND_AND_SELECTED_SKUS,KZ_SKU_EVIDENCE_REQUIRED,https://www.vladmiva.ru/products/konusnye-trubinnye/806-314-165-514-016/,vladmiva-dental-catalog.json
ВладМиВа official,ВладМиВа,856.314.164.100.009,806-314-166-514-009,00000020102,1,1,KZ_BRAND_AND_SELECTED_SKUS,KZ_SKU_EVIDENCE_REQUIRED,https://www.vladmiva.ru/products/konusnye-trubinnye/806-314-166-514-009/,vladmiva-dental-catalog.json
ВладМиВа official,ВладМиВа,856.314.164.100.010,806-314-166-514-010,00000014802,1,1,KZ_BRAND_AND_SELECTED_SKUS,KZ_SKU_EVIDENCE_REQUIRED,https://www.vladmiva.ru/products/konusnye-trubinnye/806-314-166-514-010/,vladmiva-dental-catalog.json
ВладМиВа official,ВладМиВа,856.314.164.100.012,806-314-166-514-012,00000014345,1,1,KZ_BRAND_AND_SELECTED_SKUS,KZ_SKU_EVIDENCE_REQUIRED,https://www.vladmiva.ru/products/konusnye-trubinnye/806-314-166-514-012/,vladmiva-dental-catalog.json
ВладМиВа official,ВладМиВа,856.314.164.100.014,806-314-166-514-014,00000014602,1,1,KZ_BRAND_AND_SELECTED_SKUS,KZ_SKU_EVIDENCE_REQUIRED,https://www.vladmiva.ru/products/konusnye-trubinnye/806-314-166-514-014/,vladmiva-dental-catalog.json
ВладМиВа official,ВладМиВа,856.314.164.100.016,806-314-166-514-016,00000018806,1,1,KZ_BRAND_AND_SELECTED_SKUS,KZ_SKU_EVIDENCE_REQUIRED,https://www.vladmiva.ru/products/konusnye-trubinnye/806-314-166-514-016/,vladmiva-dental-catalog.json
ВладМиВа official,ВладМиВа,856.314.164.100.021,806-314-166-514-021,00000023016,1,1,KZ_BRAND_AND_SELECTED_SKUS,KZ_SKU_EVIDENCE_REQUIRED,https://www.vladmiva.ru/products/konusnye-trubinnye/806-314-166-514-021/,vladmiva-dental-catalog.json
ВладМиВа official,ВладМиВа,856.314.164.100.025,806-314-166-514-025,00000010173,1,1,KZ_BRAND_AND_SELECTED_SKUS,KZ_SKU_EVIDENCE_REQUIRED,https://www.vladmiva.ru/products/konusnye-trubinnye/806-314-166-514-025/,vladmiva-dental-catalog.json
ВладМиВа official,ВладМиВа,856.314.164.100.027,806-314-166-514-027,00000036246,1,1,KZ_BRAND_AND_SELECTED_SKUS,KZ_SKU_EVIDENCE_REQUIRED,https://www.vladmiva.ru/products/konusnye-trubinnye/806-314-166-514-027/,vladmiva-dental-catalog.json
ВладМиВа official,ВладМиВа,856.314.164.100.031,806-314-166-514-031,00000034467,1,1,KZ_BRAND_AND_SELECTED_SKUS,KZ_SKU_EVIDENCE_REQUIRED,https://www.vladmiva.ru/products/konusnye-trubinnye/806-314-166-514-031/,vladmiva-dental-catalog.json
ВладМиВа official,ВладМиВа,856.314.164.115.009,806-314-167-514-009,00000023127,1,1,KZ_BRAND_AND_SELECTED_SKUS,KZ_SKU_EVIDENCE_REQUIRED,https://www.vladmiva.ru/products/konusnye-trubinnye/806-314-167-514-009/,vladmiva-dental-catalog.json
ВладМиВа official,ВладМиВа,856.314.164.115.010,806-314-167-514-010,00000011079,1,1,KZ_BRAND_AND_SELECTED_SKUS,KZ_SKU_EVIDENCE_REQUIRED,https://www.vladmiva.ru/products/konusnye-trubinnye/806-314-167-514-010/,vladmiva-dental-catalog.json
ВладМиВа official,ВладМиВа,856.314.164.115.012,806-314-167-514-012,00000014329,1,1,KZ_BRAND_AND_SELECTED_SKUS,KZ_SKU_EVIDENCE_REQUIRED,https://www.vladmiva.ru/products/konusnye-trubinnye/806-314-167-514-012/,vladmiva-dental-catalog.json
ВладМиВа official,ВладМиВа,856.314.164.115.014,806-314-167-514-014,00000014610,1,1,KZ_BRAND_AND_SELECTED_SKUS,KZ_SKU_EVIDENCE_REQUIRED,https://www.vladmiva.ru/products/konusnye-trubinnye/806-314-167-514-014/,vladmiva-dental-catalog.json
ВладМиВа official,ВладМиВа,856.314.164.115.016,806-314-167-514-016,00000016850,1,1,KZ_BRAND_AND_SELECTED_SKUS,KZ_SKU_EVIDENCE_REQUIRED,https://www.vladmiva.ru/products/konusnye-trubinnye/806-314-167-514-016/,vladmiva-dental-catalog.json
ВладМиВа official,ВладМиВа,856.314.168.030.010,806-314-168-514-010,00000021469,1,1,KZ_BRAND_AND_SELECTED_SKUS,KZ_SKU_EVIDENCE_REQUIRED,https://www.vladmiva.ru/products/konusnye-trubinnye/806-314-168-514-010/,vladmiva-dental-catalog.json
ВладМиВа official,ВладМиВа,856.314.168.040.010,806-314-170-514-010,00000014926,1,1,KZ_BRAND_AND_SELECTED_SKUS,KZ_SKU_EVIDENCE_REQUIRED,https://www.vladmiva.ru/products/konusnye-trubinnye/806-314-170-514-010/,vladmiva-dental-catalog.json
ВладМиВа official,ВладМиВа,856.314.168.040.012,806-314-170-514-012,00000020317,1,1,KZ_BRAND_AND_SELECTED_SKUS,KZ_SKU_EVIDENCE_REQUIRED,https://www.vladmiva.ru/products/konusnye-trubinnye/806-314-170-514-012/,vladmiva-dental-catalog.json
ВладМиВа official,ВладМиВа,856.314.168.060.010,806-314-171-514-010,00000018447,1,1,KZ_BRAND_AND_SELECTED_SKUS,KZ_SKU_EVIDENCE_REQUIRED,https://www.vladmiva.ru/products/konusnye-trubinnye/806-314-171-514-010/,vladmiva-dental-catalog.json
ВладМиВа official,ВладМиВа,856.314.168.060.012,806-314-171-514-012,00000014557,1,1,KZ_BRAND_AND_SELECTED_SKUS,KZ_SKU_EVIDENCE_REQUIRED,https://www.vladmiva.ru/products/konusnye-trubinnye/806-314-171-514-012/,vladmiva-dental-catalog.json
ВладМиВа official,ВладМиВа,856.314.168.060.014,806-314-171-514-014,00000013080,1,1,KZ_BRAND_AND_SELECTED_SKUS,KZ_SKU_EVIDENCE_REQUIRED,https://www.vladmiva.ru/products/konusnye-trubinnye/806-314-171-514-014/,vladmiva-dental-catalog.json
ВладМиВа official,ВладМиВа,856.314.168.060.016,806-314-171-514-016,00000055676,1,1,KZ_BRAND_AND_SELECTED_SKUS,KZ_SKU_EVIDENCE_REQUIRED,https://www.vladmiva.ru/products/konusnye-trubinnye/806-314-171-514-016/,vladmiva-dental-catalog.json
ВладМиВа official,ВладМиВа,856.314.168.080.010,806-314-172-514-010,00000014809,1,1,KZ_BRAND_AND_SELECTED_SKUS,KZ_SKU_EVIDENCE_REQUIRED,https://www.vladmiva.ru/products/konusnye-trubinnye/806-314-172-514-010/,vladmiva-dental-catalog.json
ВладМиВа official,ВладМиВа,856.314.168.080.012,806-314-172-514-012,00000014516,1,1,KZ_BRAND_AND_SELECTED_SKUS,KZ_SKU_EVIDENCE_REQUIRED,https://www.vladmiva.ru/products/konusnye-trubinnye/806-314-172-514-012/,vladmiva-dental-catalog.json
ВладМиВа official,ВладМиВа,856.314.168.080.014,806-314-172-514-014,00000014924,1,1,KZ_BRAND_AND_SELECTED_SKUS,KZ_SKU_EVIDENCE_REQUIRED,https://www.vladmiva.ru/products/konusnye-trubinnye/806-314-172-514-014/,vladmiva-dental-catalog.json
ВладМиВа official,ВладМиВа,856.314.168.080.016,806-314-172-514-016,00000018900,1,1,KZ_BRAND_AND_SELECTED_SKUS,KZ_SKU_EVIDENCE_REQUIRED,https://www.vladmiva.ru/products/konusnye-trubinnye/806-314-172-514-016/,vladmiva-dental-catalog.json
ВладМиВа official,ВладМиВа,856.314.168.080.018,806-314-172-514-018,00000047444,1,1,KZ_BRAND_AND_SELECTED_SKUS,KZ_SKU_EVIDENCE_REQUIRED,https://www.vladmiva.ru/products/konusnye-trubinnye/806-314-172-514-018/,vladmiva-dental-catalog.json
ВладМиВа official,ВладМиВа,856.314.168.100.010,806-314-173-514-010,00000014549,1,1,KZ_BRAND_AND_SELECTED_SKUS,KZ_SKU_EVIDENCE_REQUIRED,https://www.vladmiva.ru/products/konusnye-trubinnye/806-314-173-514-010/,vladmiva-dental-catalog.json
ВладМиВа official,ВладМиВа,856.314.168.100.012,806-314-173-514-012,00000018805,1,1,KZ_BRAND_AND_SELECTED_SKUS,KZ_SKU_EVIDENCE_REQUIRED,https://www.vladmiva.ru/products/konusnye-trubinnye/806-314-173-514-012/,vladmiva-dental-catalog.json
ВладМиВа official,ВладМиВа,856.314.168.100.014,806-314-173-514-014,00000015313,1,1,KZ_BRAND_AND_SELECTED_SKUS,KZ_SKU_EVIDENCE_REQUIRED,https://www.vladmiva.ru/products/konusnye-trubinnye/806-314-173-514-014/,vladmiva-dental-catalog.json
ВладМиВа official,ВладМиВа,856.314.168.100.016,806-314-173-514-016,00000019872,1,1,KZ_BRAND_AND_SELECTED_SKUS,KZ_SKU_EVIDENCE_REQUIRED,https://www.vladmiva.ru/products/konusnye-trubinnye/806-314-173-514-016/,vladmiva-dental-catalog.json
ВладМиВа official,ВладМиВа,856.314.168.100.021,806-314-173-514-021,00000025320,1,1,KZ_BRAND_AND_SELECTED_SKUS,KZ_SKU_EVIDENCE_REQUIRED,https://www.vladmiva.ru/products/konusnye-trubinnye/806-314-173-514-021/,vladmiva-dental-catalog.json
ВладМиВа official,ВладМиВа,856.314.194.060.010,806-314-197-514-010,00000015125,1,1,KZ_BRAND_AND_SELECTED_SKUS,KZ_SKU_EVIDENCE_REQUIRED,https://www.vladmiva.ru/products/konusnye-trubinnye/806-314-197-514-010/,vladmiva-dental-catalog.json
ВладМиВа official,ВладМиВа,856.314.194.060.012,806-314-197-514-012,00000014657,1,1,KZ_BRAND_AND_SELECTED_SKUS,KZ_SKU_EVIDENCE_REQUIRED,https://www.vladmiva.ru/products/konusnye-trubinnye/806-314-197-514-012/,vladmiva-dental-catalog.json
ВладМиВа official,ВладМиВа,856.314.194.060.014,806-314-197-514-014,00000018201,1,1,KZ_BRAND_AND_SELECTED_SKUS,KZ_SKU_EVIDENCE_REQUIRED,https://www.vladmiva.ru/products/konusnye-trubinnye/806-314-197-514-014/,vladmiva-dental-catalog.json
ВладМиВа official,ВладМиВа,856.314.194.060.016,806-314-197-514-016,00000022873,1,1,KZ_BRAND_AND_SELECTED_SKUS,KZ_SKU_EVIDENCE_REQUIRED,https://www.vladmiva.ru/products/konusnye-trubinnye/806-314-197-514-016/,vladmiva-dental-catalog.json
ВладМиВа official,ВладМиВа,856.314.194.080.010,806-314-198-514-010,00000018102,1,1,KZ_BRAND_AND_SELECTED_SKUS,KZ_SKU_EVIDENCE_REQUIRED,https://www.vladmiva.ru/products/konusnye-trubinnye/806-314-198-514-010/,vladmiva-dental-catalog.json
ВладМиВа official,ВладМиВа,856.314.194.080.012,806-314-198-514-012,00000014656,1,1,KZ_BRAND_AND_SELECTED_SKUS,KZ_SKU_EVIDENCE_REQUIRED,https://www.vladmiva.ru/products/konusnye-trubinnye/806-314-198-514-012/,vladmiva-dental-catalog.json
ВладМиВа official,ВладМиВа,856.314.194.080.014,806-314-198-514-014,00000017930,1,1,KZ_BRAND_AND_SELECTED_SKUS,KZ_SKU_EVIDENCE_REQUIRED,https://www.vladmiva.ru/products/konusnye-trubinnye/806-314-198-514-014/,vladmiva-dental-catalog.json
ВладМиВа official,ВладМиВа,856.314.194.080.016,806-314-198-514-016,00000018905,1,1,KZ_BRAND_AND_SELECTED_SKUS,KZ_SKU_EVIDENCE_REQUIRED,https://www.vladmiva.ru/products/konusnye-trubinnye/806-314-198-514-016/,vladmiva-dental-catalog.json
ВладМиВа official,ВладМиВа,856.314.194.080.023,806-314-198-514-023,00000056176,1,1,KZ_BRAND_AND_SELECTED_SKUS,KZ_SKU_EVIDENCE_REQUIRED,https://www.vladmiva.ru/products/konusnye-trubinnye/806-314-198-514-023/,vladmiva-dental-catalog.json
ВладМиВа official,ВладМиВа,856.314.194.100.010,806-314-199-514-010,00000014515,1,1,KZ_BRAND_AND_SELECTED_SKUS,KZ_SKU_EVIDENCE_REQUIRED,https://www.vladmiva.ru/products/konusnye-trubinnye/806-314-199-514-010/,vladmiva-dental-catalog.json
ВладМиВа official,ВладМиВа,856.314.194.100.012,806-314-199-514-012,00000014517,1,1,KZ_BRAND_AND_SELECTED_SKUS,KZ_SKU_EVIDENCE_REQUIRED,https://www.vladmiva.ru/products/konusnye-trubinnye/806-314-199-514-012/,vladmiva-dental-catalog.json
ВладМиВа official,ВладМиВа,856.314.194.100.014,806-314-199-514-014,00000019555,1,1,KZ_BRAND_AND_SELECTED_SKUS,KZ_SKU_EVIDENCE_REQUIRED,https://www.vladmiva.ru/products/konusnye-trubinnye/806-314-199-514-014/,vladmiva-dental-catalog.json
ВладМиВа official,ВладМиВа,856.314.194.100.016,806-314-199-514-016,00000014760,1,1,KZ_BRAND_AND_SELECTED_SKUS,KZ_SKU_EVIDENCE_REQUIRED,https://www.vladmiva.ru/products/konusnye-trubinnye/806-314-199-514-016/,vladmiva-dental-catalog.json
ВладМиВа official,ВладМиВа,856.314.194.100.021,806-314-199-514-021,00000021587,1,1,KZ_BRAND_AND_SELECTED_SKUS,KZ_SKU_EVIDENCE_REQUIRED,https://www.vladmiva.ru/products/konusnye-trubinnye/806-314-199-514-021/,vladmiva-dental-catalog.json
ВладМиВа official,ВладМиВа,856.314.225.035.010,806-314-225-514-010,00000021038,1,1,KZ_BRAND_AND_SELECTED_SKUS,KZ_SKU_EVIDENCE_REQUIRED,https://www.vladmiva.ru/products/konusnye-trubinnye/806-314-225-514-010/,vladmiva-dental-catalog.json
ВладМиВа official,ВладМиВа,856.314.225.035.012,806-314-225-514-012,00000018901,1,1,KZ_BRAND_AND_SELECTED_SKUS,KZ_SKU_EVIDENCE_REQUIRED,https://www.vladmiva.ru/products/konusnye-trubinnye/806-314-225-514-012/,vladmiva-dental-catalog.json
ВладМиВа official,ВладМиВа,856.314.225.035.014,806-314-225-514-014,00000017901,1,1,KZ_BRAND_AND_SELECTED_SKUS,KZ_SKU_EVIDENCE_REQUIRED,https://www.vladmiva.ru/products/konusnye-trubinnye/806-314-225-514-014/,vladmiva-dental-catalog.json
ВладМиВа official,ВладМиВа,856.314.225.040.016,806-314-225-514-016,00000007626,1,1,KZ_BRAND_AND_SELECTED_SKUS,KZ_SKU_EVIDENCE_REQUIRED,https://www.vladmiva.ru/products/konusnye-trubinnye/806-314-225-514-016/,vladmiva-dental-catalog.json
ВладМиВа official,ВладМиВа,856.314.225.060.021,806-314-225-514-021,00000019874,1,1,KZ_BRAND_AND_SELECTED_SKUS,KZ_SKU_EVIDENCE_REQUIRED,https://www.vladmiva.ru/products/konusnye-trubinnye/806-314-225-514-021/,vladmiva-dental-catalog.json
ВладМиВа official,ВладМиВа,856.314.294.060.010,806-314-297-514-010,00000018200,1,1,KZ_BRAND_AND_SELECTED_SKUS,KZ_SKU_EVIDENCE_REQUIRED,https://www.vladmiva.ru/products/konusnye-trubinnye/806-314-297-514-010/,vladmiva-dental-catalog.json
ВладМиВа official,ВладМиВа,856.314.294.060.012,806-314-297-514-012,00000014719,1,1,KZ_BRAND_AND_SELECTED_SKUS,KZ_SKU_EVIDENCE_REQUIRED,https://www.vladmiva.ru/products/konusnye-trubinnye/806-314-297-514-012/,vladmiva-dental-catalog.json
ВладМиВа official,ВладМиВа,856.314.294.060.014,806-314-297-514-014,00000018902,1,1,KZ_BRAND_AND_SELECTED_SKUS,KZ_SKU_EVIDENCE_REQUIRED,https://www.vladmiva.ru/products/konusnye-trubinnye/806-314-297-514-014/,vladmiva-dental-catalog.json
ВладМиВа official,ВладМиВа,856.314.294.060.016,806-314-297-514-016,00000018581,1,1,KZ_BRAND_AND_SELECTED_SKUS,KZ_SKU_EVIDENCE_REQUIRED,https://www.vladmiva.ru/products/konusnye-trubinnye/806-314-297-514-016/,vladmiva-dental-catalog.json
ВладМиВа official,ВладМиВа,856.314.294.080.010,806-314-298-514-010,00000018579,1,1,KZ_BRAND_AND_SELECTED_SKUS,KZ_SKU_EVIDENCE_REQUIRED,https://www.vladmiva.ru/products/konusnye-trubinnye/806-314-298-514-010/,vladmiva-dental-catalog.json
ВладМиВа official,ВладМиВа,856.314.294.080.012,806-314-298-514-012,00000018578,1,1,KZ_BRAND_AND_SELECTED_SKUS,KZ_SKU_EVIDENCE_REQUIRED,https://www.vladmiva.ru/products/konusnye-trubinnye/806-314-298-514-012/,vladmiva-dental-catalog.json
ВладМиВа official,ВладМиВа,856.314.294.080.014,806-314-298-514-014,00000017931,1,1,KZ_BRAND_AND_SELECTED_SKUS,KZ_SKU_EVIDENCE_REQUIRED,https://www.vladmiva.ru/products/konusnye-trubinnye/806-314-298-514-014/,vladmiva-dental-catalog.json
ВладМиВа official,ВладМиВа,856.314.294.080.016,806-314-298-514-016,00000014718,1,1,KZ_BRAND_AND_SELECTED_SKUS,KZ_SKU_EVIDENCE_REQUIRED,https://www.vladmiva.ru/products/konusnye-trubinnye/806-314-298-514-016/,vladmiva-dental-catalog.json
ВладМиВа official,ВладМиВа,856.314.294.080.021,806-314-298-514-021,00000012153,1,1,KZ_BRAND_AND_SELECTED_SKUS,KZ_SKU_EVIDENCE_REQUIRED,https://www.vladmiva.ru/products/konusnye-trubinnye/806-314-298-514-021/,vladmiva-dental-catalog.json
ВладМиВа official,ВладМиВа,856.314.294.100.010,806-314-299-514-010,00000017905,1,1,KZ_BRAND_AND_SELECTED_SKUS,KZ_SKU_EVIDENCE_REQUIRED,https://www.vladmiva.ru/products/konusnye-trubinnye/806-314-299-514-010/,vladmiva-dental-catalog.json
ВладМиВа official,ВладМиВа,856.314.294.100.012,806-314-299-514-012,00000018155,1,1,KZ_BRAND_AND_SELECTED_SKUS,KZ_SKU_EVIDENCE_REQUIRED,https://www.vladmiva.ru/products/konusnye-trubinnye/806-314-299-514-012/,vladmiva-dental-catalog.json
ВладМиВа official,ВладМиВа,856.314.294.100.014,806-314-299-514-014,00000018903,1,1,KZ_BRAND_AND_SELECTED_SKUS,KZ_SKU_EVIDENCE_REQUIRED,https://www.vladmiva.ru/products/konusnye-trubinnye/806-314-299-514-014/,vladmiva-dental-catalog.json
ВладМиВа official,ВладМиВа,856.314.294.100.016,806-314-299-514-016,00000014559,1,1,KZ_BRAND_AND_SELECTED_SKUS,KZ_SKU_EVIDENCE_REQUIRED,https://www.vladmiva.ru/products/konusnye-trubinnye/806-314-299-514-016/,vladmiva-dental-catalog.json
ВладМиВа official,ВладМиВа,856.314.294.100.021,806-314-299-514-021,00000019025,1,1,KZ_BRAND_AND_SELECTED_SKUS,KZ_SKU_EVIDENCE_REQUIRED,https://www.vladmiva.ru/products/konusnye-trubinnye/806-314-299-514-021/,vladmiva-dental-catalog.json
ВладМиВа official,ВладМиВа,856.315.010.016.010,806-315-010-514-010,00000020368,1,1,KZ_BRAND_AND_SELECTED_SKUS,KZ_SKU_EVIDENCE_REQUIRED,https://www.vladmiva.ru/products/konusnye-trubinnye/806-315-010-514-010/,vladmiva-dental-catalog.json
ВладМиВа official,ВладМиВа,856.315.010.016.012,806-315-010-514-012,00000020305,1,1,KZ_BRAND_AND_SELECTED_SKUS,KZ_SKU_EVIDENCE_REQUIRED,https://www.vladmiva.ru/products/konusnye-trubinnye/806-315-010-514-012/,vladmiva-dental-catalog.json
ВладМиВа official,ВладМиВа,856.315.010.016.014,806-315-010-514-014,00000011604,1,1,KZ_BRAND_AND_SELECTED_SKUS,KZ_SKU_EVIDENCE_REQUIRED,https://www.vladmiva.ru/products/konusnye-trubinnye/806-315-010-514-014/,vladmiva-dental-catalog.json
ВладМиВа official,ВладМиВа,856.315.010.016.016,806-315-010-514-016,00000015374,1,1,KZ_BRAND_AND_SELECTED_SKUS,KZ_SKU_EVIDENCE_REQUIRED,https://www.vladmiva.ru/products/konusnye-trubinnye/806-315-010-514-016/,vladmiva-dental-catalog.json
ВладМиВа official,ВладМиВа,856.315.010.020.018,806-315-010-514-018,00000074245,1,1,KZ_BRAND_AND_SELECTED_SKUS,KZ_SKU_EVIDENCE_REQUIRED,https://www.vladmiva.ru/products/konusnye-trubinnye/806-315-010-514-018/,vladmiva-dental-catalog.json
ВладМиВа official,ВладМиВа,856.315.010.023.021,806-315-010-514-021,00000017756,1,1,KZ_BRAND_AND_SELECTED_SKUS,KZ_SKU_EVIDENCE_REQUIRED,https://www.vladmiva.ru/products/konusnye-trubinnye/806-315-010-514-021/,vladmiva-dental-catalog.json
ВладМиВа official,ВладМиВа,856.315.164.100.023,806-315-166-514-023,00000024096,1,1,KZ_BRAND_AND_SELECTED_SKUS,KZ_SKU_EVIDENCE_REQUIRED,https://www.vladmiva.ru/products/konusnye-trubinnye/806-315-166-514-023/,vladmiva-dental-catalog.json
ВладМиВа official,ВладМиВа,856.315.164.100.025,806-315-166-514-025,00000034609,1,1,KZ_BRAND_AND_SELECTED_SKUS,KZ_SKU_EVIDENCE_REQUIRED,https://www.vladmiva.ru/products/konusnye-trubinnye/806-315-166-514-025/,vladmiva-dental-catalog.json
ВладМиВа official,ВладМиВа,856.315.168.100.021,806-315-173-514-021,00000014521,1,1,KZ_BRAND_AND_SELECTED_SKUS,KZ_SKU_EVIDENCE_REQUIRED,https://www.vladmiva.ru/products/konusnye-trubinnye/806-315-173-514-021/,vladmiva-dental-catalog.json
ВладМиВа official,ВладМиВа,856.315.194.060.010,806-315-197-514-010,00000021448,1,1,KZ_BRAND_AND_SELECTED_SKUS,KZ_SKU_EVIDENCE_REQUIRED,https://www.vladmiva.ru/products/konusnye-trubinnye/806-315-197-514-010/,vladmiva-dental-catalog.json
ВладМиВа official,ВладМиВа,856.315.194.080.010,806-315-198-514-010,00000012085,1,1,KZ_BRAND_AND_SELECTED_SKUS,KZ_SKU_EVIDENCE_REQUIRED,https://www.vladmiva.ru/products/konusnye-trubinnye/806-315-198-514-010/,vladmiva-dental-catalog.json
ВладМиВа official,ВладМиВа,856.315.194.080.012,806-315-198-514-012,00000021939,1,1,KZ_BRAND_AND_SELECTED_SKUS,KZ_SKU_EVIDENCE_REQUIRED,https://www.vladmiva.ru/products/konusnye-trubinnye/806-315-198-514-012/,vladmiva-dental-catalog.json
ВладМиВа official,ВладМиВа,856.315.194.080.014,806-315-198-514-014,00000022085,1,1,KZ_BRAND_AND_SELECTED_SKUS,KZ_SKU_EVIDENCE_REQUIRED,https://www.vladmiva.ru/products/konusnye-trubinnye/806-315-198-514-014/,vladmiva-dental-catalog.json
ВладМиВа official,ВладМиВа,856.315.194.080.016,806-315-198-514-016,00000022221,1,1,KZ_BRAND_AND_SELECTED_SKUS,KZ_SKU_EVIDENCE_REQUIRED,https://www.vladmiva.ru/products/konusnye-trubinnye/806-315-198-514-016/,vladmiva-dental-catalog.json
ВладМиВа official,ВладМиВа,856.315.194.100.010,806-315-199-514-010,00000022314,1,1,KZ_BRAND_AND_SELECTED_SKUS,KZ_SKU_EVIDENCE_REQUIRED,https://www.vladmiva.ru/products/konusnye-trubinnye/806-315-199-514-010/,vladmiva-dental-catalog.json
ВладМиВа official,ВладМиВа,856.315.194.100.012,806-315-199-514-012,00000046826,1,1,KZ_BRAND_AND_SELECTED_SKUS,KZ_SKU_EVIDENCE_REQUIRED,https://www.vladmiva.ru/products/konusnye-trubinnye/806-315-199-514-012/,vladmiva-dental-catalog.json
ВладМиВа official,ВладМиВа,856.315.194.100.014,806-315-199-514-014_1,00000008863,1,1,KZ_BRAND_AND_SELECTED_SKUS,KZ_SKU_EVIDENCE_REQUIRED,https://www.vladmiva.ru/products/konusnye-trubinnye/806-315-199-514-014_1/,vladmiva-dental-catalog.json
ВладМиВа official,ВладМиВа,856.315.194.100.016,806-315-199-514-016,00000021972,1,1,KZ_BRAND_AND_SELECTED_SKUS,KZ_SKU_EVIDENCE_REQUIRED,https://www.vladmiva.ru/products/konusnye-trubinnye/806-315-199-514-016/,vladmiva-dental-catalog.json
ВладМиВа official,ВладМиВа,856.315.225.060.021,806-315-225-514-021,00000034214,1,1,KZ_BRAND_AND_SELECTED_SKUS,KZ_SKU_EVIDENCE_REQUIRED,https://www.vladmiva.ru/products/konusnye-trubinnye/806-315-225-514-021/,vladmiva-dental-catalog.json
ВладМиВа official,ВладМиВа,856.315.294.080.010,806-315-298-514-010,00000022960,1,1,KZ_BRAND_AND_SELECTED_SKUS,KZ_SKU_EVIDENCE_REQUIRED,https://www.vladmiva.ru/products/konusnye-trubinnye/806-315-298-514-010/,vladmiva-dental-catalog.json
ВладМиВа official,ВладМиВа,856.315.294.080.012,806-315-298-514-012,00000021445,1,1,KZ_BRAND_AND_SELECTED_SKUS,KZ_SKU_EVIDENCE_REQUIRED,https://www.vladmiva.ru/products/konusnye-trubinnye/806-315-298-514-012/,vladmiva-dental-catalog.json
ВладМиВа official,ВладМиВа,856.315.294.080.014,806-315-298-514-014,00000022942,1,1,KZ_BRAND_AND_SELECTED_SKUS,KZ_SKU_EVIDENCE_REQUIRED,https://www.vladmiva.ru/products/konusnye-trubinnye/806-315-298-514-014/,vladmiva-dental-catalog.json
ВладМиВа official,ВладМиВа,856.315.294.100.010,806-315-299-514-010,00000021909,1,1,KZ_BRAND_AND_SELECTED_SKUS,KZ_SKU_EVIDENCE_REQUIRED,https://www.vladmiva.ru/products/konusnye-trubinnye/806-315-299-514-010/,vladmiva-dental-catalog.json
ВладМиВа official,ВладМиВа,856.315.294.100.012,806-315-299-514-012,00000044571,1,1,KZ_BRAND_AND_SELECTED_SKUS,KZ_SKU_EVIDENCE_REQUIRED,https://www.vladmiva.ru/products/konusnye-trubinnye/806-315-299-514-012/,vladmiva-dental-catalog.json
ВладМиВа official,ВладМиВа,866.314.010.016.010,806-314-010-524-010,00000036074,1,1,KZ_BRAND_AND_SELECTED_SKUS,KZ_SKU_EVIDENCE_REQUIRED,https://www.vladmiva.ru/products/konusnye-trubinnye/806-314-010-524-010/,vladmiva-dental-catalog.json
ВладМиВа official,ВладМиВа,866.314.010.016.012,806-314-010-524-012,00000002772,1,1,KZ_BRAND_AND_SELECTED_SKUS,KZ_SKU_EVIDENCE_REQUIRED,https://www.vladmiva.ru/products/konusnye-trubinnye/806-314-010-524-012/,vladmiva-dental-catalog.json
ВладМиВа official,ВладМиВа,866.314.010.016.014,806-314-010-524-014,00000002773,1,1,KZ_BRAND_AND_SELECTED_SKUS,KZ_SKU_EVIDENCE_REQUIRED,https://www.vladmiva.ru/products/konusnye-trubinnye/806-314-010-524-014/,vladmiva-dental-catalog.json
ВладМиВа official,ВладМиВа,866.314.010.016.016,806-314-010-524-016,00000002774,1,1,KZ_BRAND_AND_SELECTED_SKUS,KZ_SKU_EVIDENCE_REQUIRED,https://www.vladmiva.ru/products/konusnye-trubinnye/806-314-010-524-016/,vladmiva-dental-catalog.json
ВладМиВа official,ВладМиВа,866.314.010.016.018,806-314-010-524-018,00000002775,1,1,KZ_BRAND_AND_SELECTED_SKUS,KZ_SKU_EVIDENCE_REQUIRED,https://www.vladmiva.ru/products/konusnye-trubinnye/806-314-010-524-018/,vladmiva-dental-catalog.json
ВладМиВа official,ВладМиВа,866.314.010.020.021,806-314-010-524-021,00000014330,1,1,KZ_BRAND_AND_SELECTED_SKUS,KZ_SKU_EVIDENCE_REQUIRED,https://www.vladmiva.ru/products/konusnye-trubinnye/806-314-010-524-021/,vladmiva-dental-catalog.json
ВладМиВа official,ВладМиВа,866.314.010.023.023,806-314-010-524-023,00000002776,1,1,KZ_BRAND_AND_SELECTED_SKUS,KZ_SKU_EVIDENCE_REQUIRED,https://www.vladmiva.ru/products/konusnye-trubinnye/806-314-010-524-023/,vladmiva-dental-catalog.json
ВладМиВа official,ВладМиВа,866.314.019.022.012,806-314-019-524-012,00000002786,1,1,KZ_BRAND_AND_SELECTED_SKUS,KZ_SKU_EVIDENCE_REQUIRED,https://www.vladmiva.ru/products/konusnye-trubinnye/806-314-019-524-012/,vladmiva-dental-catalog.json
ВладМиВа official,ВладМиВа,866.314.019.022.014,806-314-019-524-014,00000002787,1,1,KZ_BRAND_AND_SELECTED_SKUS,KZ_SKU_EVIDENCE_REQUIRED,https://www.vladmiva.ru/products/konusnye-trubinnye/806-314-019-524-014/,vladmiva-dental-catalog.json
ВладМиВа official,ВладМиВа,866.314.019.022.016,806-314-019-524-016,00000002788,1,1,KZ_BRAND_AND_SELECTED_SKUS,KZ_SKU_EVIDENCE_REQUIRED,https://www.vladmiva.ru/products/konusnye-trubinnye/806-314-019-524-016/,vladmiva-dental-catalog.json
ВладМиВа official,ВладМиВа,866.314.019.022.018,806-314-019-524-018,00000002789,1,1,KZ_BRAND_AND_SELECTED_SKUS,KZ_SKU_EVIDENCE_REQUIRED,https://www.vladmiva.ru/products/konusnye-trubinnye/806-314-019-524-018/,vladmiva-dental-catalog.json
ВладМиВа official,ВладМиВа,866.314.019.025.023,806-314-019-524-023,00000011590,1,1,KZ_BRAND_AND_SELECTED_SKUS,KZ_SKU_EVIDENCE_REQUIRED,https://www.vladmiva.ru/products/konusnye-trubinnye/806-314-019-524-023/,vladmiva-dental-catalog.json
ВладМиВа official,ВладМиВа,866.314.164.080.009,806-314-165-524-009,00000081873,1,1,KZ_BRAND_AND_SELECTED_SKUS,KZ_SKU_EVIDENCE_REQUIRED,https://www.vladmiva.ru/products/konusnye-trubinnye/806-314-165-524-009/,vladmiva-dental-catalog.json
ВладМиВа official,ВладМиВа,866.314.164.080.010,806-314-165-524-010,00000002876,1,1,KZ_BRAND_AND_SELECTED_SKUS,KZ_SKU_EVIDENCE_REQUIRED,https://www.vladmiva.ru/products/konusnye-trubinnye/806-314-165-524-010/,vladmiva-dental-catalog.json
ВладМиВа official,ВладМиВа,866.314.164.080.012,806-314-165-524-012,00000002877,1,1,KZ_BRAND_AND_SELECTED_SKUS,KZ_SKU_EVIDENCE_REQUIRED,https://www.vladmiva.ru/products/konusnye-trubinnye/806-314-165-524-012/,vladmiva-dental-catalog.json
ВладМиВа official,ВладМиВа,866.314.164.080.014,806-314-165-524-014,00000002878,1,1,KZ_BRAND_AND_SELECTED_SKUS,KZ_SKU_EVIDENCE_REQUIRED,https://www.vladmiva.ru/products/konusnye-trubinnye/806-314-165-524-014/,vladmiva-dental-catalog.json
ВладМиВа official,ВладМиВа,866.314.164.080.016,806-314-165-524-016,00000002879,1,1,KZ_BRAND_AND_SELECTED_SKUS,KZ_SKU_EVIDENCE_REQUIRED,https://www.vladmiva.ru/products/konusnye-trubinnye/806-314-165-524-016/,vladmiva-dental-catalog.json
ВладМиВа official,ВладМиВа,866.314.164.080.018,806-314-165-524-018,00000002880,1,1,KZ_BRAND_AND_SELECTED_SKUS,KZ_SKU_EVIDENCE_REQUIRED,https://www.vladmiva.ru/products/konusnye-trubinnye/806-314-165-524-018/,vladmiva-dental-catalog.json
ВладМиВа official,ВладМиВа,866.314.164.100.010,806-314-166-524-010,00000010989,1,1,KZ_BRAND_AND_SELECTED_SKUS,KZ_SKU_EVIDENCE_REQUIRED,https://www.vladmiva.ru/products/konusnye-trubinnye/806-314-166-524-010/,vladmiva-dental-catalog.json
ВладМиВа official,ВладМиВа,866.314.164.100.012,806-314-166-524-012,00000002885,1,1,KZ_BRAND_AND_SELECTED_SKUS,KZ_SKU_EVIDENCE_REQUIRED,https://www.vladmiva.ru/products/konusnye-trubinnye/806-314-166-524-012/,vladmiva-dental-catalog.json
ВладМиВа official,ВладМиВа,866.314.164.100.014,806-314-166-524-014,00000002886,1,1,KZ_BRAND_AND_SELECTED_SKUS,KZ_SKU_EVIDENCE_REQUIRED,https://www.vladmiva.ru/products/konusnye-trubinnye/806-314-166-524-014/,vladmiva-dental-catalog.json
ВладМиВа official,ВладМиВа,866.314.164.100.016,806-314-166-524-016,00000002887,1,1,KZ_BRAND_AND_SELECTED_SKUS,KZ_SKU_EVIDENCE_REQUIRED,https://www.vladmiva.ru/products/konusnye-trubinnye/806-314-166-524-016/,vladmiva-dental-catalog.json
ВладМиВа official,ВладМиВа,866.314.164.100.018,806-314-166-524-018,00000002888,1,1,KZ_BRAND_AND_SELECTED_SKUS,KZ_SKU_EVIDENCE_REQUIRED,https://www.vladmiva.ru/products/konusnye-trubinnye/806-314-166-524-018/,vladmiva-dental-catalog.json
ВладМиВа official,ВладМиВа,866.314.164.100.021,806-314-166-524-021,00000006665,1,1,KZ_BRAND_AND_SELECTED_SKUS,KZ_SKU_EVIDENCE_REQUIRED,https://www.vladmiva.ru/products/konusnye-trubinnye/806-314-166-524-021/,vladmiva-dental-catalog.json
ВладМиВа official,ВладМиВа,866.314.164.100.023,806-314-166-524-023,00000023090,1,1,KZ_BRAND_AND_SELECTED_SKUS,KZ_SKU_EVIDENCE_REQUIRED,https://www.vladmiva.ru/products/konusnye-trubinnye/806-314-166-524-023/,vladmiva-dental-catalog.json
ВладМиВа official,ВладМиВа,866.314.164.100.027,806-314-166-524-027,00000002889,1,1,KZ_BRAND_AND_SELECTED_SKUS,KZ_SKU_EVIDENCE_REQUIRED,https://www.vladmiva.ru/products/konusnye-trubinnye/806-314-166-524-027/,vladmiva-dental-catalog.json
ВладМиВа official,ВладМиВа,866.314.164.100.029,806-314-166-524-029,00000032480,1,1,KZ_BRAND_AND_SELECTED_SKUS,KZ_SKU_EVIDENCE_REQUIRED,https://www.vladmiva.ru/products/konusnye-trubinnye/806-314-166-524-029/,vladmiva-dental-catalog.json
ВладМиВа official,ВладМиВа,866.314.164.100.033,806-314-166-524-033,00000032686,1,1,KZ_BRAND_AND_SELECTED_SKUS,KZ_SKU_EVIDENCE_REQUIRED,https://www.vladmiva.ru/products/konusnye-trubinnye/806-314-166-524-033/,vladmiva-dental-catalog.json
ВладМиВа official,ВладМиВа,866.314.164.115.010,806-314-167-524-010,00000023124,1,1,KZ_BRAND_AND_SELECTED_SKUS,KZ_SKU_EVIDENCE_REQUIRED,https://www.vladmiva.ru/products/konusnye-trubinnye/806-314-167-524-010/,vladmiva-dental-catalog.json
ВладМиВа official,ВладМиВа,866.314.164.115.012,806-314-167-524-012,00000009601,1,1,KZ_BRAND_AND_SELECTED_SKUS,KZ_SKU_EVIDENCE_REQUIRED,https://www.vladmiva.ru/products/konusnye-trubinnye/806-314-167-524-012/,vladmiva-dental-catalog.json
ВладМиВа official,ВладМиВа,866.314.164.115.014,806-314-167-524-014,00000002893,1,1,KZ_BRAND_AND_SELECTED_SKUS,KZ_SKU_EVIDENCE_REQUIRED,https://www.vladmiva.ru/products/konusnye-trubinnye/806-314-167-524-014/,vladmiva-dental-catalog.json
ВладМиВа official,ВладМиВа,866.314.164.115.016,806-314-167-524-016,00000002894,1,1,KZ_BRAND_AND_SELECTED_SKUS,KZ_SKU_EVIDENCE_REQUIRED,https://www.vladmiva.ru/products/konusnye-trubinnye/806-314-167-524-016/,vladmiva-dental-catalog.json
ВладМиВа official,ВладМиВа,866.314.164.115.018,806-314-167-524-018,00000002895,1,1,KZ_BRAND_AND_SELECTED_SKUS,KZ_SKU_EVIDENCE_REQUIRED,https://www.vladmiva.ru/products/konusnye-trubinnye/806-314-167-524-018/,vladmiva-dental-catalog.json
ВладМиВа official,ВладМиВа,866.314.168.030.012,806-314-168-524-012,00000003075,1,1,KZ_BRAND_AND_SELECTED_SKUS,KZ_SKU_EVIDENCE_REQUIRED,https://www.vladmiva.ru/products/konusnye-trubinnye/806-314-168-524-012/,vladmiva-dental-catalog.json
ВладМиВа official,ВладМиВа,866.314.168.040.012,806-314-170-524-012,00000002896,1,1,KZ_BRAND_AND_SELECTED_SKUS,KZ_SKU_EVIDENCE_REQUIRED,https://www.vladmiva.ru/products/konusnye-trubinnye/806-314-170-524-012/,vladmiva-dental-catalog.json
ВладМиВа official,ВладМиВа,866.314.168.040.014,806-314-170-524-014,00000002897,1,1,KZ_BRAND_AND_SELECTED_SKUS,KZ_SKU_EVIDENCE_REQUIRED,https://www.vladmiva.ru/products/konusnye-trubinnye/806-314-170-524-014/,vladmiva-dental-catalog.json
ВладМиВа official,ВладМиВа,866.314.168.040.016,806-314-170-524-016,00000051418,1,1,KZ_BRAND_AND_SELECTED_SKUS,KZ_SKU_EVIDENCE_REQUIRED,https://www.vladmiva.ru/products/konusnye-trubinnye/806-314-170-524-016/,vladmiva-dental-catalog.json
ВладМиВа official,ВладМиВа,866.314.168.060.012,806-314-171-524-012,00000002900,1,1,KZ_BRAND_AND_SELECTED_SKUS,KZ_SKU_EVIDENCE_REQUIRED,https://www.vladmiva.ru/products/konusnye-trubinnye/806-314-171-524-012/,vladmiva-dental-catalog.json
ВладМиВа official,ВладМиВа,866.314.168.060.014,806-314-171-524-014,00000002901,1,1,KZ_BRAND_AND_SELECTED_SKUS,KZ_SKU_EVIDENCE_REQUIRED,https://www.vladmiva.ru/products/konusnye-trubinnye/806-314-171-524-014/,vladmiva-dental-catalog.json
ВладМиВа official,ВладМиВа,866.314.168.060.016,806-314-171-524-016,00000002902,1,1,KZ_BRAND_AND_SELECTED_SKUS,KZ_SKU_EVIDENCE_REQUIRED,https://www.vladmiva.ru/products/konusnye-trubinnye/806-314-171-524-016/,vladmiva-dental-catalog.json
ВладМиВа official,ВладМиВа,866.314.168.060.018,806-314-171-524-018,00000062707,1,1,KZ_BRAND_AND_SELECTED_SKUS,KZ_SKU_EVIDENCE_REQUIRED,https://www.vladmiva.ru/products/konusnye-trubinnye/806-314-171-524-018/,vladmiva-dental-catalog.json
ВладМиВа official,ВладМиВа,866.314.168.080.012,806-314-172-524-012,00000002905,1,1,KZ_BRAND_AND_SELECTED_SKUS,KZ_SKU_EVIDENCE_REQUIRED,https://www.vladmiva.ru/products/konusnye-trubinnye/806-314-172-524-012/,vladmiva-dental-catalog.json
ВладМиВа official,ВладМиВа,866.314.168.080.014,806-314-172-524-014,00000002906,1,1,KZ_BRAND_AND_SELECTED_SKUS,KZ_SKU_EVIDENCE_REQUIRED,https://www.vladmiva.ru/products/konusnye-trubinnye/806-314-172-524-014/,vladmiva-dental-catalog.json
ВладМиВа official,ВладМиВа,866.314.168.080.016,806-314-172-524-016,00000002907,1,1,KZ_BRAND_AND_SELECTED_SKUS,KZ_SKU_EVIDENCE_REQUIRED,https://www.vladmiva.ru/products/konusnye-trubinnye/806-314-172-524-016/,vladmiva-dental-catalog.json
ВладМиВа official,ВладМиВа,866.314.168.080.018,806-314-172-524-018,00000002908,1,1,KZ_BRAND_AND_SELECTED_SKUS,KZ_SKU_EVIDENCE_REQUIRED,https://www.vladmiva.ru/products/konusnye-trubinnye/806-314-172-524-018/,vladmiva-dental-catalog.json
ВладМиВа official,ВладМиВа,866.314.168.100.012,806-314-173-524-012,00000002912,1,1,KZ_BRAND_AND_SELECTED_SKUS,KZ_SKU_EVIDENCE_REQUIRED,https://www.vladmiva.ru/products/konusnye-trubinnye/806-314-173-524-012/,vladmiva-dental-catalog.json
ВладМиВа official,ВладМиВа,866.314.168.100.014,806-314-173-524-014,00000002913,1,1,KZ_BRAND_AND_SELECTED_SKUS,KZ_SKU_EVIDENCE_REQUIRED,https://www.vladmiva.ru/products/konusnye-trubinnye/806-314-173-524-014/,vladmiva-dental-catalog.json
ВладМиВа official,ВладМиВа,866.314.168.100.016,806-314-173-524-016,00000002914,1,1,KZ_BRAND_AND_SELECTED_SKUS,KZ_SKU_EVIDENCE_REQUIRED,https://www.vladmiva.ru/products/konusnye-trubinnye/806-314-173-524-016/,vladmiva-dental-catalog.json
ВладМиВа official,ВладМиВа,866.314.168.100.018,806-314-173-524-018,00000002915,1,1,KZ_BRAND_AND_SELECTED_SKUS,KZ_SKU_EVIDENCE_REQUIRED,https://www.vladmiva.ru/products/konusnye-trubinnye/806-314-173-524-018/,vladmiva-dental-catalog.json
ВладМиВа official,ВладМиВа,866.314.168.100.023,806-314-173-524-023,00000002916,1,1,KZ_BRAND_AND_SELECTED_SKUS,KZ_SKU_EVIDENCE_REQUIRED,https://www.vladmiva.ru/products/konusnye-trubinnye/806-314-173-524-023/,vladmiva-dental-catalog.json
ВладМиВа official,ВладМиВа,866.314.194.060.012,806-314-197-524-012,00000002921,1,1,KZ_BRAND_AND_SELECTED_SKUS,KZ_SKU_EVIDENCE_REQUIRED,https://www.vladmiva.ru/products/konusnye-trubinnye/806-314-197-524-012/,vladmiva-dental-catalog.json
ВладМиВа official,ВладМиВа,866.314.194.060.014,806-314-197-524-014,00000002922,1,1,KZ_BRAND_AND_SELECTED_SKUS,KZ_SKU_EVIDENCE_REQUIRED,https://www.vladmiva.ru/products/konusnye-trubinnye/806-314-197-524-014/,vladmiva-dental-catalog.json
ВладМиВа official,ВладМиВа,866.314.194.060.016,806-314-197-524-016,00000002923,1,1,KZ_BRAND_AND_SELECTED_SKUS,KZ_SKU_EVIDENCE_REQUIRED,https://www.vladmiva.ru/products/konusnye-trubinnye/806-314-197-524-016/,vladmiva-dental-catalog.json
ВладМиВа official,ВладМиВа,866.314.194.060.018,806-314-197-524-018,00000022878,1,1,KZ_BRAND_AND_SELECTED_SKUS,KZ_SKU_EVIDENCE_REQUIRED,https://www.vladmiva.ru/products/konusnye-trubinnye/806-314-197-524-018/,vladmiva-dental-catalog.json
ВладМиВа official,ВладМиВа,866.314.194.080.010,806-314-198-524-010,00000005785,1,1,KZ_BRAND_AND_SELECTED_SKUS,KZ_SKU_EVIDENCE_REQUIRED,https://www.vladmiva.ru/products/konusnye-trubinnye/806-314-198-524-010/,vladmiva-dental-catalog.json
ВладМиВа official,ВладМиВа,866.314.194.080.012,806-314-198-524-012,00000002926,1,1,KZ_BRAND_AND_SELECTED_SKUS,KZ_SKU_EVIDENCE_REQUIRED,https://www.vladmiva.ru/products/konusnye-trubinnye/806-314-198-524-012/,vladmiva-dental-catalog.json
ВладМиВа official,ВладМиВа,866.314.194.080.014,806-314-198-524-014,00000002927,1,1,KZ_BRAND_AND_SELECTED_SKUS,KZ_SKU_EVIDENCE_REQUIRED,https://www.vladmiva.ru/products/konusnye-trubinnye/806-314-198-524-014/,vladmiva-dental-catalog.json
ВладМиВа official,ВладМиВа,866.314.194.080.016,806-314-198-524-016,00000002928,1,1,KZ_BRAND_AND_SELECTED_SKUS,KZ_SKU_EVIDENCE_REQUIRED,https://www.vladmiva.ru/products/konusnye-trubinnye/806-314-198-524-016/,vladmiva-dental-catalog.json
ВладМиВа official,ВладМиВа,866.314.194.080.018,806-314-198-524-018,00000002929,1,1,KZ_BRAND_AND_SELECTED_SKUS,KZ_SKU_EVIDENCE_REQUIRED,https://www.vladmiva.ru/products/konusnye-trubinnye/806-314-198-524-018/,vladmiva-dental-catalog.json
ВладМиВа official,ВладМиВа,866.314.194.080.021,806-314-198-524-021_1,00000055616,1,1,KZ_BRAND_AND_SELECTED_SKUS,KZ_SKU_EVIDENCE_REQUIRED,https://www.vladmiva.ru/products/konusnye-trubinnye/806-314-198-524-021_1/,vladmiva-dental-catalog.json
ВладМиВа official,ВладМиВа,866.314.194.080.023,806-314-198-524-023,00000034621,1,1,KZ_BRAND_AND_SELECTED_SKUS,KZ_SKU_EVIDENCE_REQUIRED,https://www.vladmiva.ru/products/konusnye-trubinnye/806-314-198-524-023/,vladmiva-dental-catalog.json
ВладМиВа official,ВладМиВа,866.314.194.080.025,806-314-198-524-025,00-00066313,1,1,KZ_BRAND_AND_SELECTED_SKUS,KZ_SKU_EVIDENCE_REQUIRED,https://www.vladmiva.ru/products/konusnye-trubinnye/806-314-198-524-025/,vladmiva-dental-catalog.json
ВладМиВа official,ВладМиВа,866.314.194.100.010,806-314-199-524-010,00000044087,1,1,KZ_BRAND_AND_SELECTED_SKUS,KZ_SKU_EVIDENCE_REQUIRED,https://www.vladmiva.ru/products/konusnye-trubinnye/806-314-199-524-010/,vladmiva-dental-catalog.json
ВладМиВа official,ВладМиВа,866.314.194.100.012,806-314-199-524-012,00000002933,1,1,KZ_BRAND_AND_SELECTED_SKUS,KZ_SKU_EVIDENCE_REQUIRED,https://www.vladmiva.ru/products/konusnye-trubinnye/806-314-199-524-012/,vladmiva-dental-catalog.json
ВладМиВа official,ВладМиВа,866.314.194.100.014,806-314-199-524-014,00000002934,1,1,KZ_BRAND_AND_SELECTED_SKUS,KZ_SKU_EVIDENCE_REQUIRED,https://www.vladmiva.ru/products/konusnye-trubinnye/806-314-199-524-014/,vladmiva-dental-catalog.json
ВладМиВа official,ВладМиВа,866.314.194.100.016,806-314-199-524-016,00000002935,1,1,KZ_BRAND_AND_SELECTED_SKUS,KZ_SKU_EVIDENCE_REQUIRED,https://www.vladmiva.ru/products/konusnye-trubinnye/806-314-199-524-016/,vladmiva-dental-catalog.json
ВладМиВа official,ВладМиВа,866.314.194.100.018,806-314-199-524-018,00000002936,1,1,KZ_BRAND_AND_SELECTED_SKUS,KZ_SKU_EVIDENCE_REQUIRED,https://www.vladmiva.ru/products/konusnye-trubinnye/806-314-199-524-018/,vladmiva-dental-catalog.json
ВладМиВа official,ВладМиВа,866.314.194.100.021,806-314-199-524-021,00000043214,1,1,KZ_BRAND_AND_SELECTED_SKUS,KZ_SKU_EVIDENCE_REQUIRED,https://www.vladmiva.ru/products/konusnye-trubinnye/806-314-199-524-021/,vladmiva-dental-catalog.json
ВладМиВа official,ВладМиВа,866.314.194.100.023,806-314-199-524-023,00000002937,1,1,KZ_BRAND_AND_SELECTED_SKUS,KZ_SKU_EVIDENCE_REQUIRED,https://www.vladmiva.ru/products/konusnye-trubinnye/806-314-199-524-023/,vladmiva-dental-catalog.json
ВладМиВа official,ВладМиВа,866.314.194.115.024,806-314-200-524-024,00000043956,1,1,KZ_BRAND_AND_SELECTED_SKUS,KZ_SKU_EVIDENCE_REQUIRED,https://www.vladmiva.ru/products/konusnye-trubinnye/806-314-200-524-024/,vladmiva-dental-catalog.json
ВладМиВа official,ВладМиВа,866.314.194.120.014,806-314-220-524-014,00000044570,1,1,KZ_BRAND_AND_SELECTED_SKUS,KZ_SKU_EVIDENCE_REQUIRED,https://www.vladmiva.ru/products/konusnye-trubinnye/806-314-220-524-014/,vladmiva-dental-catalog.json
ВладМиВа official,ВладМиВа,866.314.225.035.012,806-314-225-524-012,00000002809,1,1,KZ_BRAND_AND_SELECTED_SKUS,KZ_SKU_EVIDENCE_REQUIRED,https://www.vladmiva.ru/products/konusnye-trubinnye/806-314-225-524-012/,vladmiva-dental-catalog.json
ВладМиВа official,ВладМиВа,866.314.225.035.014,806-314-225-524-014,00000002810,1,1,KZ_BRAND_AND_SELECTED_SKUS,KZ_SKU_EVIDENCE_REQUIRED,https://www.vladmiva.ru/products/konusnye-trubinnye/806-314-225-524-014/,vladmiva-dental-catalog.json
ВладМиВа official,ВладМиВа,866.314.225.035.016,806-314-225-524-016,00000002811,1,1,KZ_BRAND_AND_SELECTED_SKUS,KZ_SKU_EVIDENCE_REQUIRED,https://www.vladmiva.ru/products/konusnye-trubinnye/806-314-225-524-016/,vladmiva-dental-catalog.json
ВладМиВа official,ВладМиВа,866.314.225.040.018,806-314-225-524-018,00000002812,1,1,KZ_BRAND_AND_SELECTED_SKUS,KZ_SKU_EVIDENCE_REQUIRED,https://www.vladmiva.ru/products/konusnye-trubinnye/806-314-225-524-018/,vladmiva-dental-catalog.json
ВладМиВа official,ВладМиВа,866.314.225.060.023,806-314-225-524-023,00000002813,1,1,KZ_BRAND_AND_SELECTED_SKUS,KZ_SKU_EVIDENCE_REQUIRED,https://www.vladmiva.ru/products/konusnye-trubinnye/806-314-225-524-023/,vladmiva-dental-catalog.json
ВладМиВа official,ВладМиВа,866.314.294.060.012,806-314-297-524-012,00000002990,1,1,KZ_BRAND_AND_SELECTED_SKUS,KZ_SKU_EVIDENCE_REQUIRED,https://www.vladmiva.ru/products/konusnye-trubinnye/806-314-297-524-012/,vladmiva-dental-catalog.json
ВладМиВа official,ВладМиВа,866.314.294.060.014,806-314-297-524-014,00000002991,1,1,KZ_BRAND_AND_SELECTED_SKUS,KZ_SKU_EVIDENCE_REQUIRED,https://www.vladmiva.ru/products/konusnye-trubinnye/806-314-297-524-014/,vladmiva-dental-catalog.json
ВладМиВа official,ВладМиВа,866.314.294.060.016,806-314-297-524-016,00000002992,1,1,KZ_BRAND_AND_SELECTED_SKUS,KZ_SKU_EVIDENCE_REQUIRED,https://www.vladmiva.ru/products/konusnye-trubinnye/806-314-297-524-016/,vladmiva-dental-catalog.json
ВладМиВа official,ВладМиВа,866.314.294.060.018,806-314-297-524-018,00000002993,1,1,KZ_BRAND_AND_SELECTED_SKUS,KZ_SKU_EVIDENCE_REQUIRED,https://www.vladmiva.ru/products/konusnye-trubinnye/806-314-297-524-018/,vladmiva-dental-catalog.json
ВладМиВа official,ВладМиВа,866.314.294.080.012,806-314-298-524-012,00000002997,1,1,KZ_BRAND_AND_SELECTED_SKUS,KZ_SKU_EVIDENCE_REQUIRED,https://www.vladmiva.ru/products/konusnye-trubinnye/806-314-298-524-012/,vladmiva-dental-catalog.json
ВладМиВа official,ВладМиВа,866.314.294.080.014,806-314-298-524-014,00000002998,1,1,KZ_BRAND_AND_SELECTED_SKUS,KZ_SKU_EVIDENCE_REQUIRED,https://www.vladmiva.ru/products/konusnye-trubinnye/806-314-298-524-014/,vladmiva-dental-catalog.json
ВладМиВа official,ВладМиВа,866.314.294.080.016,806-314-298-524-016,00000002999,1,1,KZ_BRAND_AND_SELECTED_SKUS,KZ_SKU_EVIDENCE_REQUIRED,https://www.vladmiva.ru/products/konusnye-trubinnye/806-314-298-524-016/,vladmiva-dental-catalog.json
ВладМиВа official,ВладМиВа,866.314.294.080.018,806-314-298-524-018,00000003000,1,1,KZ_BRAND_AND_SELECTED_SKUS,KZ_SKU_EVIDENCE_REQUIRED,https://www.vladmiva.ru/products/konusnye-trubinnye/806-314-298-524-018/,vladmiva-dental-catalog.json
ВладМиВа official,ВладМиВа,866.314.294.080.023,806-314-298-524-023,00000003001,1,1,KZ_BRAND_AND_SELECTED_SKUS,KZ_SKU_EVIDENCE_REQUIRED,https://www.vladmiva.ru/products/konusnye-trubinnye/806-314-298-524-023/,vladmiva-dental-catalog.json
ВладМиВа official,ВладМиВа,866.314.294.100.012,806-314-299-524-012,00000003006,1,1,KZ_BRAND_AND_SELECTED_SKUS,KZ_SKU_EVIDENCE_REQUIRED,https://www.vladmiva.ru/products/konusnye-trubinnye/806-314-299-524-012/,vladmiva-dental-catalog.json
ВладМиВа official,ВладМиВа,866.314.294.100.014,806-314-299-524-014,00000003007,1,1,KZ_BRAND_AND_SELECTED_SKUS,KZ_SKU_EVIDENCE_REQUIRED,https://www.vladmiva.ru/products/konusnye-trubinnye/806-314-299-524-014/,vladmiva-dental-catalog.json
ВладМиВа official,ВладМиВа,866.314.294.100.016,806-314-299-524-016,00000003008,1,1,KZ_BRAND_AND_SELECTED_SKUS,KZ_SKU_EVIDENCE_REQUIRED,https://www.vladmiva.ru/products/konusnye-trubinnye/806-314-299-524-016/,vladmiva-dental-catalog.json
ВладМиВа official,ВладМиВа,866.314.294.100.018,806-314-299-524-018,00000003009,1,1,KZ_BRAND_AND_SELECTED_SKUS,KZ_SKU_EVIDENCE_REQUIRED,https://www.vladmiva.ru/products/konusnye-trubinnye/806-314-299-524-018/,vladmiva-dental-catalog.json
ВладМиВа official,ВладМиВа,866.314.294.100.023,806-314-299-524-023,00000003010,1,1,KZ_BRAND_AND_SELECTED_SKUS,KZ_SKU_EVIDENCE_REQUIRED,https://www.vladmiva.ru/products/konusnye-trubinnye/806-314-299-524-023/,vladmiva-dental-catalog.json
ВладМиВа official,ВладМиВа,866.315.010.016.010,806-315-010-524-010,00000012177,1,1,KZ_BRAND_AND_SELECTED_SKUS,KZ_SKU_EVIDENCE_REQUIRED,https://www.vladmiva.ru/products/konusnye-trubinnye/806-315-010-524-010/,vladmiva-dental-catalog.json
ВладМиВа official,ВладМиВа,866.315.010.016.012,806-315-010-524-012,00000002781,1,1,KZ_BRAND_AND_SELECTED_SKUS,KZ_SKU_EVIDENCE_REQUIRED,https://www.vladmiva.ru/products/konusnye-trubinnye/806-315-010-524-012/,vladmiva-dental-catalog.json
ВладМиВа official,ВладМиВа,866.315.010.016.014,806-315-010-524-014,00000002782,1,1,KZ_BRAND_AND_SELECTED_SKUS,KZ_SKU_EVIDENCE_REQUIRED,https://www.vladmiva.ru/products/konusnye-trubinnye/806-315-010-524-014/,vladmiva-dental-catalog.json
ВладМиВа official,ВладМиВа,866.315.010.016.016,806-315-010-524-016,00000002783,1,1,KZ_BRAND_AND_SELECTED_SKUS,KZ_SKU_EVIDENCE_REQUIRED,https://www.vladmiva.ru/products/konusnye-trubinnye/806-315-010-524-016/,vladmiva-dental-catalog.json
ВладМиВа official,ВладМиВа,866.315.010.016.018,806-315-010-524-018,00000002784,1,1,KZ_BRAND_AND_SELECTED_SKUS,KZ_SKU_EVIDENCE_REQUIRED,https://www.vladmiva.ru/products/konusnye-trubinnye/806-315-010-524-018/,vladmiva-dental-catalog.json
ВладМиВа official,ВладМиВа,866.315.010.020.021,806-315-010-524-021,00000023208,1,1,KZ_BRAND_AND_SELECTED_SKUS,KZ_SKU_EVIDENCE_REQUIRED,https://www.vladmiva.ru/products/konusnye-trubinnye/806-315-010-524-021/,vladmiva-dental-catalog.json
ВладМиВа official,ВладМиВа,866.315.010.023.023,806-315-010-524-023,00000002785,1,1,KZ_BRAND_AND_SELECTED_SKUS,KZ_SKU_EVIDENCE_REQUIRED,https://www.vladmiva.ru/products/konusnye-trubinnye/806-315-010-524-023/,vladmiva-dental-catalog.json
ВладМиВа official,ВладМиВа,866.315.010.024.025,806-315-010-524-025,00000020356,1,1,KZ_BRAND_AND_SELECTED_SKUS,KZ_SKU_EVIDENCE_REQUIRED,https://www.vladmiva.ru/products/konusnye-trubinnye/806-315-010-524-025/,vladmiva-dental-catalog.json
ВладМиВа official,ВладМиВа,866.315.019.022.012,806-315-019-524-012,00000014324,1,1,KZ_BRAND_AND_SELECTED_SKUS,KZ_SKU_EVIDENCE_REQUIRED,https://www.vladmiva.ru/products/konusnye-trubinnye/806-315-019-524-012/,vladmiva-dental-catalog.json
ВладМиВа official,ВладМиВа,866.315.019.022.014,806-315-019-524-014,00000003073,1,1,KZ_BRAND_AND_SELECTED_SKUS,KZ_SKU_EVIDENCE_REQUIRED,https://www.vladmiva.ru/products/konusnye-trubinnye/806-315-019-524-014/,vladmiva-dental-catalog.json
ВладМиВа official,ВладМиВа,866.315.019.022.016,806-315-019-524-016,00000003062,1,1,KZ_BRAND_AND_SELECTED_SKUS,KZ_SKU_EVIDENCE_REQUIRED,https://www.vladmiva.ru/products/konusnye-trubinnye/806-315-019-524-016/,vladmiva-dental-catalog.json
ВладМиВа official,ВладМиВа,866.315.019.022.018,806-315-019-524-018,00000003063,1,1,KZ_BRAND_AND_SELECTED_SKUS,KZ_SKU_EVIDENCE_REQUIRED,https://www.vladmiva.ru/products/konusnye-trubinnye/806-315-019-524-018/,vladmiva-dental-catalog.json
ВладМиВа official,ВладМиВа,866.315.164.100.025,806-315-166-524-025_1,00000024095,1,1,KZ_BRAND_AND_SELECTED_SKUS,KZ_SKU_EVIDENCE_REQUIRED,https://www.vladmiva.ru/products/konusnye-trubinnye/806-315-166-524-025_1/,vladmiva-dental-catalog.json
ВладМиВа official,ВладМиВа,866.315.164.100.027,806-315-166-524-027,00000011802,1,1,KZ_BRAND_AND_SELECTED_SKUS,KZ_SKU_EVIDENCE_REQUIRED,https://www.vladmiva.ru/products/konusnye-trubinnye/806-315-166-524-027/,vladmiva-dental-catalog.json
ВладМиВа official,ВладМиВа,866.315.164.100.029,806-315-166-524-029,00000032481,1,1,KZ_BRAND_AND_SELECTED_SKUS,KZ_SKU_EVIDENCE_REQUIRED,https://www.vladmiva.ru/products/konusnye-trubinnye/806-315-166-524-029/,vladmiva-dental-catalog.json
ВладМиВа official,ВладМиВа,866.315.168.060.012,806-315-171-524-012,00000009312,1,1,KZ_BRAND_AND_SELECTED_SKUS,KZ_SKU_EVIDENCE_REQUIRED,https://www.vladmiva.ru/products/konusnye-trubinnye/806-315-171-524-012/,vladmiva-dental-catalog.json
ВладМиВа official,ВладМиВа,866.315.168.060.014,806-315-171-524-014,00000041821,1,1,KZ_BRAND_AND_SELECTED_SKUS,KZ_SKU_EVIDENCE_REQUIRED,https://www.vladmiva.ru/products/konusnye-trubinnye/806-315-171-524-014/,vladmiva-dental-catalog.json
ВладМиВа official,ВладМиВа,866.315.168.100.018,806-315-173-524-018,00000021473,1,1,KZ_BRAND_AND_SELECTED_SKUS,KZ_SKU_EVIDENCE_REQUIRED,https://www.vladmiva.ru/products/konusnye-trubinnye/806-315-173-524-018/,vladmiva-dental-catalog.json
ВладМиВа official,ВладМиВа,866.315.168.100.023,806-315-173-524-023,00000004011,1,1,KZ_BRAND_AND_SELECTED_SKUS,KZ_SKU_EVIDENCE_REQUIRED,https://www.vladmiva.ru/products/konusnye-trubinnye/806-315-173-524-023/,vladmiva-dental-catalog.json
ВладМиВа official,ВладМиВа,866.315.194.060.012,806-315-197-524-012,00000021374,1,1,KZ_BRAND_AND_SELECTED_SKUS,KZ_SKU_EVIDENCE_REQUIRED,https://www.vladmiva.ru/products/konusnye-trubinnye/806-315-197-524-012/,vladmiva-dental-catalog.json
ВладМиВа official,ВладМиВа,866.315.194.060.014,806-315-197-524-014,00000022233,1,1,KZ_BRAND_AND_SELECTED_SKUS,KZ_SKU_EVIDENCE_REQUIRED,https://www.vladmiva.ru/products/konusnye-trubinnye/806-315-197-524-014/,vladmiva-dental-catalog.json
ВладМиВа official,ВладМиВа,866.315.194.060.016,806-315-197-524-016,00000042777,1,1,KZ_BRAND_AND_SELECTED_SKUS,KZ_SKU_EVIDENCE_REQUIRED,https://www.vladmiva.ru/products/konusnye-trubinnye/806-315-197-524-016/,vladmiva-dental-catalog.json
ВладМиВа official,ВладМиВа,866.315.194.060.018,806-315-197-524-018,00000012348,1,1,KZ_BRAND_AND_SELECTED_SKUS,KZ_SKU_EVIDENCE_REQUIRED,https://www.vladmiva.ru/products/konusnye-trubinnye/806-315-197-524-018/,vladmiva-dental-catalog.json
ВладМиВа official,ВладМиВа,866.315.194.080.012,806-315-198-524-012,00000011040,1,1,KZ_BRAND_AND_SELECTED_SKUS,KZ_SKU_EVIDENCE_REQUIRED,https://www.vladmiva.ru/products/konusnye-trubinnye/806-315-198-524-012/,vladmiva-dental-catalog.json
ВладМиВа official,ВладМиВа,866.315.194.080.014,806-315-198-524-014,00000022214,1,1,KZ_BRAND_AND_SELECTED_SKUS,KZ_SKU_EVIDENCE_REQUIRED,https://www.vladmiva.ru/products/konusnye-trubinnye/806-315-198-524-014/,vladmiva-dental-catalog.json
ВладМиВа official,ВладМиВа,866.315.194.080.016,806-315-198-524-016,00000022329,1,1,KZ_BRAND_AND_SELECTED_SKUS,KZ_SKU_EVIDENCE_REQUIRED,https://www.vladmiva.ru/products/konusnye-trubinnye/806-315-198-524-016/,vladmiva-dental-catalog.json
ВладМиВа official,ВладМиВа,866.315.194.080.018,806-315-198-524-018,00000021506,1,1,KZ_BRAND_AND_SELECTED_SKUS,KZ_SKU_EVIDENCE_REQUIRED,https://www.vladmiva.ru/products/konusnye-trubinnye/806-315-198-524-018/,vladmiva-dental-catalog.json
ВладМиВа official,ВладМиВа,866.315.194.100.012,806-315-199-524-012,00000021795,1,1,KZ_BRAND_AND_SELECTED_SKUS,KZ_SKU_EVIDENCE_REQUIRED,https://www.vladmiva.ru/products/konusnye-trubinnye/806-315-199-524-012/,vladmiva-dental-catalog.json
ВладМиВа official,ВладМиВа,866.315.194.100.014,806-315-199-524-014,00000021292,1,1,KZ_BRAND_AND_SELECTED_SKUS,KZ_SKU_EVIDENCE_REQUIRED,https://www.vladmiva.ru/products/konusnye-trubinnye/806-315-199-524-014/,vladmiva-dental-catalog.json
ВладМиВа official,ВладМиВа,866.315.194.100.016,806-315-199-524-016,00000012170,1,1,KZ_BRAND_AND_SELECTED_SKUS,KZ_SKU_EVIDENCE_REQUIRED,https://www.vladmiva.ru/products/konusnye-trubinnye/806-315-199-524-016/,vladmiva-dental-catalog.json
ВладМиВа official,ВладМиВа,866.315.194.100.018,806-315-199-524-018,00000021833,1,1,KZ_BRAND_AND_SELECTED_SKUS,KZ_SKU_EVIDENCE_REQUIRED,https://www.vladmiva.ru/products/konusnye-trubinnye/806-315-199-524-018/,vladmiva-dental-catalog.json
ВладМиВа official,ВладМиВа,866.315.225.035.016,806-315-225-524-016,00000003056,1,1,KZ_BRAND_AND_SELECTED_SKUS,KZ_SKU_EVIDENCE_REQUIRED,https://www.vladmiva.ru/products/konusnye-trubinnye/806-315-225-524-016/,vladmiva-dental-catalog.json
ВладМиВа official,ВладМиВа,866.315.225.040.018,806-315-225-524-018,00000014519,1,1,KZ_BRAND_AND_SELECTED_SKUS,KZ_SKU_EVIDENCE_REQUIRED,https://www.vladmiva.ru/products/konusnye-trubinnye/806-315-225-524-018/,vladmiva-dental-catalog.json
ВладМиВа official,ВладМиВа,866.315.225.060.023,806-315-225-524-023,00000014342,1,1,KZ_BRAND_AND_SELECTED_SKUS,KZ_SKU_EVIDENCE_REQUIRED,https://www.vladmiva.ru/products/konusnye-trubinnye/806-315-225-524-023/,vladmiva-dental-catalog.json
ВладМиВа official,ВладМиВа,866.315.294.080.012,806-315-298-524-012,00000022959,1,1,KZ_BRAND_AND_SELECTED_SKUS,KZ_SKU_EVIDENCE_REQUIRED,https://www.vladmiva.ru/products/konusnye-trubinnye/806-315-298-524-012/,vladmiva-dental-catalog.json
ВладМиВа official,ВладМиВа,866.315.294.080.014,806-315-298-524-014,00000021474,1,1,KZ_BRAND_AND_SELECTED_SKUS,KZ_SKU_EVIDENCE_REQUIRED,https://www.vladmiva.ru/products/konusnye-trubinnye/806-315-298-524-014/,vladmiva-dental-catalog.json
ВладМиВа official,ВладМиВа,866.315.294.080.016,806-315-298-524-016,00000022889,1,1,KZ_BRAND_AND_SELECTED_SKUS,KZ_SKU_EVIDENCE_REQUIRED,https://www.vladmiva.ru/products/konusnye-trubinnye/806-315-298-524-016/,vladmiva-dental-catalog.json
ВладМиВа official,ВладМиВа,866.315.294.080.018,806-315-298-524-018,00000021504,1,1,KZ_BRAND_AND_SELECTED_SKUS,KZ_SKU_EVIDENCE_REQUIRED,https://www.vladmiva.ru/products/konusnye-trubinnye/806-315-298-524-018/,vladmiva-dental-catalog.json
ВладМиВа official,ВладМиВа,866.315.294.100.012,806-315-299-524-012,00000074002,1,1,KZ_BRAND_AND_SELECTED_SKUS,KZ_SKU_EVIDENCE_REQUIRED,https://www.vladmiva.ru/products/konusnye-trubinnye/806-315-299-524-012/,vladmiva-dental-catalog.json
ВладМиВа official,ВладМиВа,866.315.294.100.014,806-315-299-524-014,00000015131,1,1,KZ_BRAND_AND_SELECTED_SKUS,KZ_SKU_EVIDENCE_REQUIRED,https://www.vladmiva.ru/products/konusnye-trubinnye/806-315-299-524-014/,vladmiva-dental-catalog.json
ВладМиВа official,ВладМиВа,866.315.294.100.016,806-315-299-524-016,00000021588,1,1,KZ_BRAND_AND_SELECTED_SKUS,KZ_SKU_EVIDENCE_REQUIRED,https://www.vladmiva.ru/products/konusnye-trubinnye/806-315-299-524-016/,vladmiva-dental-catalog.json
ВладМиВа official,ВладМиВа,866.315.294.100.018,806-315-299-524-018,00000021805,1,1,KZ_BRAND_AND_SELECTED_SKUS,KZ_SKU_EVIDENCE_REQUIRED,https://www.vladmiva.ru/products/konusnye-trubinnye/806-315-299-524-018/,vladmiva-dental-catalog.json
ВладМиВа official,ВладМиВа,876.314.010.016.010,806-314-010-534-010,00000049688,1,1,KZ_BRAND_AND_SELECTED_SKUS,KZ_SKU_EVIDENCE_REQUIRED,https://www.vladmiva.ru/products/konusnye-trubinnye/806-314-010-534-010/,vladmiva-dental-catalog.json
ВладМиВа official,ВладМиВа,876.314.010.016.012,806-314-010-534-012,00000014402,1,1,KZ_BRAND_AND_SELECTED_SKUS,KZ_SKU_EVIDENCE_REQUIRED,https://www.vladmiva.ru/products/konusnye-trubinnye/806-314-010-534-012/,vladmiva-dental-catalog.json
ВладМиВа official,ВладМиВа,876.314.010.016.014,806-314-010-534-014,00000002777,1,1,KZ_BRAND_AND_SELECTED_SKUS,KZ_SKU_EVIDENCE_REQUIRED,https://www.vladmiva.ru/products/konusnye-trubinnye/806-314-010-534-014/,vladmiva-dental-catalog.json
ВладМиВа official,ВладМиВа,876.314.010.016.016,806-314-010-534-016,00000002778,1,1,KZ_BRAND_AND_SELECTED_SKUS,KZ_SKU_EVIDENCE_REQUIRED,https://www.vladmiva.ru/products/konusnye-trubinnye/806-314-010-534-016/,vladmiva-dental-catalog.json
ВладМиВа official,ВладМиВа,876.314.010.016.018,806-314-010-534-018,00000002779,1,1,KZ_BRAND_AND_SELECTED_SKUS,KZ_SKU_EVIDENCE_REQUIRED,https://www.vladmiva.ru/products/konusnye-trubinnye/806-314-010-534-018/,vladmiva-dental-catalog.json
ВладМиВа official,ВладМиВа,876.314.010.020.021,806-314-010-534-021,00000003059,1,1,KZ_BRAND_AND_SELECTED_SKUS,KZ_SKU_EVIDENCE_REQUIRED,https://www.vladmiva.ru/products/konusnye-trubinnye/806-314-010-534-021/,vladmiva-dental-catalog.json
ВладМиВа official,ВладМиВа,876.314.010.023.023,806-314-010-534-023,00000002780,1,1,KZ_BRAND_AND_SELECTED_SKUS,KZ_SKU_EVIDENCE_REQUIRED,https://www.vladmiva.ru/products/konusnye-trubinnye/806-314-010-534-023/,vladmiva-dental-catalog.json
ВладМиВа official,ВладМиВа,876.314.019.022.012,806-314-019-534-012,00000010398,1,1,KZ_BRAND_AND_SELECTED_SKUS,KZ_SKU_EVIDENCE_REQUIRED,https://www.vladmiva.ru/products/konusnye-trubinnye/806-314-019-534-012/,vladmiva-dental-catalog.json
ВладМиВа official,ВладМиВа,876.314.019.022.014,806-314-019-534-014,00000002790,1,1,KZ_BRAND_AND_SELECTED_SKUS,KZ_SKU_EVIDENCE_REQUIRED,https://www.vladmiva.ru/products/konusnye-trubinnye/806-314-019-534-014/,vladmiva-dental-catalog.json
ВладМиВа official,ВладМиВа,876.314.019.022.016,806-314-019-534-016,00000002791,1,1,KZ_BRAND_AND_SELECTED_SKUS,KZ_SKU_EVIDENCE_REQUIRED,https://www.vladmiva.ru/products/konusnye-trubinnye/806-314-019-534-016/,vladmiva-dental-catalog.json
ВладМиВа official,ВладМиВа,876.314.019.022.018,806-314-019-534-018,00000002792,1,1,KZ_BRAND_AND_SELECTED_SKUS,KZ_SKU_EVIDENCE_REQUIRED,https://www.vladmiva.ru/products/konusnye-trubinnye/806-314-019-534-018/,vladmiva-dental-catalog.json
ВладМиВа official,ВладМиВа,876.314.164.080.010,806-314-165-534-010,00000003066,1,1,KZ_BRAND_AND_SELECTED_SKUS,KZ_SKU_EVIDENCE_REQUIRED,https://www.vladmiva.ru/products/konusnye-trubinnye/806-314-165-534-010/,vladmiva-dental-catalog.json
ВладМиВа official,ВладМиВа,876.314.164.080.012,806-314-165-534-012,00000002881,1,1,KZ_BRAND_AND_SELECTED_SKUS,KZ_SKU_EVIDENCE_REQUIRED,https://www.vladmiva.ru/products/konusnye-trubinnye/806-314-165-534-012/,vladmiva-dental-catalog.json
ВладМиВа official,ВладМиВа,876.314.164.080.014,806-314-165-534-014,00000002882,1,1,KZ_BRAND_AND_SELECTED_SKUS,KZ_SKU_EVIDENCE_REQUIRED,https://www.vladmiva.ru/products/konusnye-trubinnye/806-314-165-534-014/,vladmiva-dental-catalog.json
ВладМиВа official,ВладМиВа,876.314.164.080.016,806-314-165-534-016,00000002883,1,1,KZ_BRAND_AND_SELECTED_SKUS,KZ_SKU_EVIDENCE_REQUIRED,https://www.vladmiva.ru/products/konusnye-trubinnye/806-314-165-534-016/,vladmiva-dental-catalog.json
ВладМиВа official,ВладМиВа,876.314.164.080.018,806-314-165-534-018,00000002884,1,1,KZ_BRAND_AND_SELECTED_SKUS,KZ_SKU_EVIDENCE_REQUIRED,https://www.vladmiva.ru/products/konusnye-trubinnye/806-314-165-534-018/,vladmiva-dental-catalog.json
ВладМиВа official,ВладМиВа,876.314.164.100.010,806-314-166-534-010,00000008785,1,1,KZ_BRAND_AND_SELECTED_SKUS,KZ_SKU_EVIDENCE_REQUIRED,https://www.vladmiva.ru/products/konusnye-trubinnye/806-314-166-534-010/,vladmiva-dental-catalog.json
ВладМиВа official,ВладМиВа,876.314.164.100.012,806-314-166-534-012,00000018028,1,1,KZ_BRAND_AND_SELECTED_SKUS,KZ_SKU_EVIDENCE_REQUIRED,https://www.vladmiva.ru/products/konusnye-trubinnye/806-314-166-534-012/,vladmiva-dental-catalog.json
ВладМиВа official,ВладМиВа,876.314.164.100.014,806-314-166-534-014,00000002890,1,1,KZ_BRAND_AND_SELECTED_SKUS,KZ_SKU_EVIDENCE_REQUIRED,https://www.vladmiva.ru/products/konusnye-trubinnye/806-314-166-534-014/,vladmiva-dental-catalog.json
ВладМиВа official,ВладМиВа,876.314.164.100.016,806-314-166-534-016,00000002891,1,1,KZ_BRAND_AND_SELECTED_SKUS,KZ_SKU_EVIDENCE_REQUIRED,https://www.vladmiva.ru/products/konusnye-trubinnye/806-314-166-534-016/,vladmiva-dental-catalog.json
ВладМиВа official,ВладМиВа,876.314.164.100.018,806-314-166-534-018,00000002892,1,1,KZ_BRAND_AND_SELECTED_SKUS,KZ_SKU_EVIDENCE_REQUIRED,https://www.vladmiva.ru/products/konusnye-trubinnye/806-314-166-534-018/,vladmiva-dental-catalog.json
ВладМиВа official,ВладМиВа,876.314.164.100.021,806-314-166-534-021,00-00067828,1,1,KZ_BRAND_AND_SELECTED_SKUS,KZ_SKU_EVIDENCE_REQUIRED,https://www.vladmiva.ru/products/konusnye-trubinnye/806-314-166-534-021/,vladmiva-dental-catalog.json
ВладМиВа official,ВладМиВа,876.314.164.100.023,806-314-166-534-023,00000023015,1,1,KZ_BRAND_AND_SELECTED_SKUS,KZ_SKU_EVIDENCE_REQUIRED,https://www.vladmiva.ru/products/konusnye-trubinnye/806-314-166-534-023/,vladmiva-dental-catalog.json
ВладМиВа official,ВладМиВа,876.314.164.100.027,806-314-166-534-027,00000009140,1,1,KZ_BRAND_AND_SELECTED_SKUS,KZ_SKU_EVIDENCE_REQUIRED,https://www.vladmiva.ru/products/konusnye-trubinnye/806-314-166-534-027/,vladmiva-dental-catalog.json
ВладМиВа official,ВладМиВа,876.314.164.100.029,806-314-166-534-029,00000070633,1,1,KZ_BRAND_AND_SELECTED_SKUS,KZ_SKU_EVIDENCE_REQUIRED,https://www.vladmiva.ru/products/konusnye-trubinnye/806-314-166-534-029/,vladmiva-dental-catalog.json
ВладМиВа official,ВладМиВа,876.314.164.100.040,806-314-166-534-040,00-00066314,1,1,KZ_BRAND_AND_SELECTED_SKUS,KZ_SKU_EVIDENCE_REQUIRED,https://www.vladmiva.ru/products/konusnye-trubinnye/806-314-166-534-040/,vladmiva-dental-catalog.json
ВладМиВа official,ВладМиВа,876.314.164.115.010,806-314-167-534-010,00000026030,1,1,KZ_BRAND_AND_SELECTED_SKUS,KZ_SKU_EVIDENCE_REQUIRED,https://www.vladmiva.ru/products/konusnye-trubinnye/806-314-167-534-010/,vladmiva-dental-catalog.json
ВладМиВа official,ВладМиВа,876.314.164.115.012,806-314-167-534-012,00000011080,1,1,KZ_BRAND_AND_SELECTED_SKUS,KZ_SKU_EVIDENCE_REQUIRED,https://www.vladmiva.ru/products/konusnye-trubinnye/806-314-167-534-012/,vladmiva-dental-catalog.json
ВладМиВа official,ВладМиВа,876.314.164.115.014,806-314-167-534-014,00000019000,1,1,KZ_BRAND_AND_SELECTED_SKUS,KZ_SKU_EVIDENCE_REQUIRED,https://www.vladmiva.ru/products/konusnye-trubinnye/806-314-167-534-014/,vladmiva-dental-catalog.json
ВладМиВа official,ВладМиВа,876.314.164.115.016,806-314-167-534-016,00000014505,1,1,KZ_BRAND_AND_SELECTED_SKUS,KZ_SKU_EVIDENCE_REQUIRED,https://www.vladmiva.ru/products/konusnye-trubinnye/806-314-167-534-016/,vladmiva-dental-catalog.json
ВладМиВа official,ВладМиВа,876.314.164.115.018,806-314-167-534-018,00000014805,1,1,KZ_BRAND_AND_SELECTED_SKUS,KZ_SKU_EVIDENCE_REQUIRED,https://www.vladmiva.ru/products/konusnye-trubinnye/806-314-167-534-018/,vladmiva-dental-catalog.json
ВладМиВа official,ВладМиВа,876.314.168.040.012,806-314-170-534-012,00000002899,1,1,KZ_BRAND_AND_SELECTED_SKUS,KZ_SKU_EVIDENCE_REQUIRED,https://www.vladmiva.ru/products/konusnye-trubinnye/806-314-170-534-012/,vladmiva-dental-catalog.json
ВладМиВа official,ВладМиВа,876.314.168.040.014,806-314-170-534-014,00000002898,1,1,KZ_BRAND_AND_SELECTED_SKUS,KZ_SKU_EVIDENCE_REQUIRED,https://www.vladmiva.ru/products/konusnye-trubinnye/806-314-170-534-014/,vladmiva-dental-catalog.json
ВладМиВа official,ВладМиВа,876.314.168.060.012,806-314-171-534-012,00000014349,1,1,KZ_BRAND_AND_SELECTED_SKUS,KZ_SKU_EVIDENCE_REQUIRED,https://www.vladmiva.ru/products/konusnye-trubinnye/806-314-171-534-012/,vladmiva-dental-catalog.json
ВладМиВа official,ВладМиВа,876.314.168.060.014,806-314-171-534-014,00000002903,1,1,KZ_BRAND_AND_SELECTED_SKUS,KZ_SKU_EVIDENCE_REQUIRED,https://www.vladmiva.ru/products/konusnye-trubinnye/806-314-171-534-014/,vladmiva-dental-catalog.json
ВладМиВа official,ВладМиВа,876.314.168.060.016,806-314-171-534-016,00000002904,1,1,KZ_BRAND_AND_SELECTED_SKUS,KZ_SKU_EVIDENCE_REQUIRED,https://www.vladmiva.ru/products/konusnye-trubinnye/806-314-171-534-016/,vladmiva-dental-catalog.json
ВладМиВа official,ВладМиВа,876.314.168.060.018,806-314-171-534-018,00000062505,1,1,KZ_BRAND_AND_SELECTED_SKUS,KZ_SKU_EVIDENCE_REQUIRED,https://www.vladmiva.ru/products/konusnye-trubinnye/806-314-171-534-018/,vladmiva-dental-catalog.json
ВладМиВа official,ВладМиВа,876.314.168.080.012,806-314-172-534-012,00000017851,1,1,KZ_BRAND_AND_SELECTED_SKUS,KZ_SKU_EVIDENCE_REQUIRED,https://www.vladmiva.ru/products/konusnye-trubinnye/806-314-172-534-012/,vladmiva-dental-catalog.json
ВладМиВа official,ВладМиВа,876.314.168.080.014,806-314-172-534-014,00000002909,1,1,KZ_BRAND_AND_SELECTED_SKUS,KZ_SKU_EVIDENCE_REQUIRED,https://www.vladmiva.ru/products/konusnye-trubinnye/806-314-172-534-014/,vladmiva-dental-catalog.json
ВладМиВа official,ВладМиВа,876.314.168.080.016,806-314-172-534-016,00000002910,1,1,KZ_BRAND_AND_SELECTED_SKUS,KZ_SKU_EVIDENCE_REQUIRED,https://www.vladmiva.ru/products/konusnye-trubinnye/806-314-172-534-016/,vladmiva-dental-catalog.json
ВладМиВа official,ВладМиВа,876.314.168.080.018,806-314-172-534-018,00000002911,1,1,KZ_BRAND_AND_SELECTED_SKUS,KZ_SKU_EVIDENCE_REQUIRED,https://www.vladmiva.ru/products/konusnye-trubinnye/806-314-172-534-018/,vladmiva-dental-catalog.json
ВладМиВа official,ВладМиВа,876.314.168.080.023,806-314-172-534-023,00000047445,1,1,KZ_BRAND_AND_SELECTED_SKUS,KZ_SKU_EVIDENCE_REQUIRED,https://www.vladmiva.ru/products/konusnye-trubinnye/806-314-172-534-023/,vladmiva-dental-catalog.json
ВладМиВа official,ВладМиВа,876.314.168.100.012,806-314-173-534-012,00000019002,1,1,KZ_BRAND_AND_SELECTED_SKUS,KZ_SKU_EVIDENCE_REQUIRED,https://www.vladmiva.ru/products/konusnye-trubinnye/806-314-173-534-012/,vladmiva-dental-catalog.json
ВладМиВа official,ВладМиВа,876.314.168.100.014,806-314-173-534-014,00000002917,1,1,KZ_BRAND_AND_SELECTED_SKUS,KZ_SKU_EVIDENCE_REQUIRED,https://www.vladmiva.ru/products/konusnye-trubinnye/806-314-173-534-014/,vladmiva-dental-catalog.json
ВладМиВа official,ВладМиВа,876.314.168.100.016,806-314-173-534-016,00000002918,1,1,KZ_BRAND_AND_SELECTED_SKUS,KZ_SKU_EVIDENCE_REQUIRED,https://www.vladmiva.ru/products/konusnye-trubinnye/806-314-173-534-016/,vladmiva-dental-catalog.json
ВладМиВа official,ВладМиВа,876.314.168.100.018,806-314-173-534-018,00000002919,1,1,KZ_BRAND_AND_SELECTED_SKUS,KZ_SKU_EVIDENCE_REQUIRED,https://www.vladmiva.ru/products/konusnye-trubinnye/806-314-173-534-018/,vladmiva-dental-catalog.json
ВладМиВа official,ВладМиВа,876.314.168.100.023,806-314-173-534-023,00000002920,1,1,KZ_BRAND_AND_SELECTED_SKUS,KZ_SKU_EVIDENCE_REQUIRED,https://www.vladmiva.ru/products/konusnye-trubinnye/806-314-173-534-023/,vladmiva-dental-catalog.json
ВладМиВа official,ВладМиВа,876.314.194.060.012,806-314-197-534-012,00000017850,1,1,KZ_BRAND_AND_SELECTED_SKUS,KZ_SKU_EVIDENCE_REQUIRED,https://www.vladmiva.ru/products/konusnye-trubinnye/806-314-197-534-012/,vladmiva-dental-catalog.json
ВладМиВа official,ВладМиВа,876.314.194.060.014,806-314-197-534-014,00000002924,1,1,KZ_BRAND_AND_SELECTED_SKUS,KZ_SKU_EVIDENCE_REQUIRED,https://www.vladmiva.ru/products/konusnye-trubinnye/806-314-197-534-014/,vladmiva-dental-catalog.json
ВладМиВа official,ВладМиВа,876.314.194.060.016,806-314-197-534-016,00000002925,1,1,KZ_BRAND_AND_SELECTED_SKUS,KZ_SKU_EVIDENCE_REQUIRED,https://www.vladmiva.ru/products/konusnye-trubinnye/806-314-197-534-016/,vladmiva-dental-catalog.json
ВладМиВа official,ВладМиВа,876.314.194.060.018,806-314-197-534-018,00000011804,1,1,KZ_BRAND_AND_SELECTED_SKUS,KZ_SKU_EVIDENCE_REQUIRED,https://www.vladmiva.ru/products/konusnye-trubinnye/806-314-197-534-018/,vladmiva-dental-catalog.json
ВладМиВа official,ВладМиВа,876.314.194.080.012,806-314-198-534-012,00000018523,1,1,KZ_BRAND_AND_SELECTED_SKUS,KZ_SKU_EVIDENCE_REQUIRED,https://www.vladmiva.ru/products/konusnye-trubinnye/806-314-198-534-012/,vladmiva-dental-catalog.json
ВладМиВа official,ВладМиВа,876.314.194.080.014,806-314-198-534-014,00000002930,1,1,KZ_BRAND_AND_SELECTED_SKUS,KZ_SKU_EVIDENCE_REQUIRED,https://www.vladmiva.ru/products/konusnye-trubinnye/806-314-198-534-014/,vladmiva-dental-catalog.json
ВладМиВа official,ВладМиВа,876.314.194.080.016,806-314-198-534-016,00000002931,1,1,KZ_BRAND_AND_SELECTED_SKUS,KZ_SKU_EVIDENCE_REQUIRED,https://www.vladmiva.ru/products/konusnye-trubinnye/806-314-198-534-016/,vladmiva-dental-catalog.json
ВладМиВа official,ВладМиВа,876.314.194.080.018,806-314-198-534-018,00000023062,1,1,KZ_BRAND_AND_SELECTED_SKUS,KZ_SKU_EVIDENCE_REQUIRED,https://www.vladmiva.ru/products/konusnye-trubinnye/806-314-198-534-018/,vladmiva-dental-catalog.json
ВладМиВа official,ВладМиВа,876.314.194.080.021,806-314-198-534-021,00000058267,1,1,KZ_BRAND_AND_SELECTED_SKUS,KZ_SKU_EVIDENCE_REQUIRED,https://www.vladmiva.ru/products/konusnye-trubinnye/806-314-198-534-021/,vladmiva-dental-catalog.json
ВладМиВа official,ВладМиВа,876.314.194.080.023,806-314-198-534-023,00000032478,1,1,KZ_BRAND_AND_SELECTED_SKUS,KZ_SKU_EVIDENCE_REQUIRED,https://www.vladmiva.ru/products/konusnye-trubinnye/806-314-198-534-023/,vladmiva-dental-catalog.json
ВладМиВа official,ВладМиВа,876.314.194.080.025,806-314-198-534-025,00000066215,1,1,KZ_BRAND_AND_SELECTED_SKUS,KZ_SKU_EVIDENCE_REQUIRED,https://www.vladmiva.ru/products/konusnye-trubinnye/806-314-198-534-025/,vladmiva-dental-catalog.json
ВладМиВа official,ВладМиВа,876.314.194.100.012,806-314-199-534-012,00000019005,1,1,KZ_BRAND_AND_SELECTED_SKUS,KZ_SKU_EVIDENCE_REQUIRED,https://www.vladmiva.ru/products/konusnye-trubinnye/806-314-199-534-012/,vladmiva-dental-catalog.json
ВладМиВа official,ВладМиВа,876.314.194.100.014,806-314-199-534-014,00000002938,1,1,KZ_BRAND_AND_SELECTED_SKUS,KZ_SKU_EVIDENCE_REQUIRED,https://www.vladmiva.ru/products/konusnye-trubinnye/806-314-199-534-014/,vladmiva-dental-catalog.json
ВладМиВа official,ВладМиВа,876.314.194.100.016,806-314-199-534-016,00000002939,1,1,KZ_BRAND_AND_SELECTED_SKUS,KZ_SKU_EVIDENCE_REQUIRED,https://www.vladmiva.ru/products/konusnye-trubinnye/806-314-199-534-016/,vladmiva-dental-catalog.json
ВладМиВа official,ВладМиВа,876.314.194.100.018,806-314-199-534-018,00000002940,1,1,KZ_BRAND_AND_SELECTED_SKUS,KZ_SKU_EVIDENCE_REQUIRED,https://www.vladmiva.ru/products/konusnye-trubinnye/806-314-199-534-018/,vladmiva-dental-catalog.json
ВладМиВа official,ВладМиВа,876.314.194.100.021,806-314-199-534-021,00-00066368,1,1,KZ_BRAND_AND_SELECTED_SKUS,KZ_SKU_EVIDENCE_REQUIRED,https://www.vladmiva.ru/products/konusnye-trubinnye/806-314-199-534-021/,vladmiva-dental-catalog.json
ВладМиВа official,ВладМиВа,876.314.194.100.023,806-314-199-534-023,00000002941,1,1,KZ_BRAND_AND_SELECTED_SKUS,KZ_SKU_EVIDENCE_REQUIRED,https://www.vladmiva.ru/products/konusnye-trubinnye/806-314-199-534-023/,vladmiva-dental-catalog.json
ВладМиВа official,ВладМиВа,876.314.225.035.012,806-314-225-534-012,00000024751,1,1,KZ_BRAND_AND_SELECTED_SKUS,KZ_SKU_EVIDENCE_REQUIRED,https://www.vladmiva.ru/products/konusnye-trubinnye/806-314-225-534-012/,vladmiva-dental-catalog.json
ВладМиВа official,ВладМиВа,876.314.225.035.014,806-314-225-534-014,00000002814,1,1,KZ_BRAND_AND_SELECTED_SKUS,KZ_SKU_EVIDENCE_REQUIRED,https://www.vladmiva.ru/products/konusnye-trubinnye/806-314-225-534-014/,vladmiva-dental-catalog.json
ВладМиВа official,ВладМиВа,876.314.225.035.016,806-314-225-534-016,00000017853,1,1,KZ_BRAND_AND_SELECTED_SKUS,KZ_SKU_EVIDENCE_REQUIRED,https://www.vladmiva.ru/products/konusnye-trubinnye/806-314-225-534-016/,vladmiva-dental-catalog.json
ВладМиВа official,ВладМиВа,876.314.225.040.018,806-314-225-534-018,00000002815,1,1,KZ_BRAND_AND_SELECTED_SKUS,KZ_SKU_EVIDENCE_REQUIRED,https://www.vladmiva.ru/products/konusnye-trubinnye/806-314-225-534-018/,vladmiva-dental-catalog.json
ВладМиВа official,ВладМиВа,876.314.225.060.023,806-314-225-534-023,00000012297,1,1,KZ_BRAND_AND_SELECTED_SKUS,KZ_SKU_EVIDENCE_REQUIRED,https://www.vladmiva.ru/products/konusnye-trubinnye/806-314-225-534-023/,vladmiva-dental-catalog.json
ВладМиВа official,ВладМиВа,876.314.294.060.012,806-314-297-534-012,00000003067,1,1,KZ_BRAND_AND_SELECTED_SKUS,KZ_SKU_EVIDENCE_REQUIRED,https://www.vladmiva.ru/products/konusnye-trubinnye/806-314-297-534-012/,vladmiva-dental-catalog.json
ВладМиВа official,ВладМиВа,876.314.294.060.014,806-314-297-534-014,00000002994,1,1,KZ_BRAND_AND_SELECTED_SKUS,KZ_SKU_EVIDENCE_REQUIRED,https://www.vladmiva.ru/products/konusnye-trubinnye/806-314-297-534-014/,vladmiva-dental-catalog.json
ВладМиВа official,ВладМиВа,876.314.294.060.016,806-314-297-534-016,00000002995,1,1,KZ_BRAND_AND_SELECTED_SKUS,KZ_SKU_EVIDENCE_REQUIRED,https://www.vladmiva.ru/products/konusnye-trubinnye/806-314-297-534-016/,vladmiva-dental-catalog.json
ВладМиВа official,ВладМиВа,876.314.294.060.018,806-314-297-534-018,00000002996,1,1,KZ_BRAND_AND_SELECTED_SKUS,KZ_SKU_EVIDENCE_REQUIRED,https://www.vladmiva.ru/products/konusnye-trubinnye/806-314-297-534-018/,vladmiva-dental-catalog.json
ВладМиВа official,ВладМиВа,876.314.294.080.012,806-314-298-534-012,00000020002,1,1,KZ_BRAND_AND_SELECTED_SKUS,KZ_SKU_EVIDENCE_REQUIRED,https://www.vladmiva.ru/products/konusnye-trubinnye/806-314-298-534-012/,vladmiva-dental-catalog.json
ВладМиВа official,ВладМиВа,876.314.294.080.014,806-314-298-534-014,00000003002,1,1,KZ_BRAND_AND_SELECTED_SKUS,KZ_SKU_EVIDENCE_REQUIRED,https://www.vladmiva.ru/products/konusnye-trubinnye/806-314-298-534-014/,vladmiva-dental-catalog.json
ВладМиВа official,ВладМиВа,876.314.294.080.016,806-314-298-534-016,00000003003,1,1,KZ_BRAND_AND_SELECTED_SKUS,KZ_SKU_EVIDENCE_REQUIRED,https://www.vladmiva.ru/products/konusnye-trubinnye/806-314-298-534-016/,vladmiva-dental-catalog.json
ВладМиВа official,ВладМиВа,876.314.294.080.018,806-314-298-534-018,00000003004,1,1,KZ_BRAND_AND_SELECTED_SKUS,KZ_SKU_EVIDENCE_REQUIRED,https://www.vladmiva.ru/products/konusnye-trubinnye/806-314-298-534-018/,vladmiva-dental-catalog.json
ВладМиВа official,ВладМиВа,876.314.294.080.023,806-314-298-534-023,00000003005,1,1,KZ_BRAND_AND_SELECTED_SKUS,KZ_SKU_EVIDENCE_REQUIRED,https://www.vladmiva.ru/products/konusnye-trubinnye/806-314-298-534-023/,vladmiva-dental-catalog.json
ВладМиВа official,ВладМиВа,876.314.294.100.012,806-314-299-534-012,00000003011,1,1,KZ_BRAND_AND_SELECTED_SKUS,KZ_SKU_EVIDENCE_REQUIRED,https://www.vladmiva.ru/products/konusnye-trubinnye/806-314-299-534-012/,vladmiva-dental-catalog.json
ВладМиВа official,ВладМиВа,876.314.294.100.014,806-314-299-534-014,00000003012,1,1,KZ_BRAND_AND_SELECTED_SKUS,KZ_SKU_EVIDENCE_REQUIRED,https://www.vladmiva.ru/products/konusnye-trubinnye/806-314-299-534-014/,vladmiva-dental-catalog.json
ВладМиВа official,ВладМиВа,876.314.294.100.016,806-314-299-534-016,00000003013,1,1,KZ_BRAND_AND_SELECTED_SKUS,KZ_SKU_EVIDENCE_REQUIRED,https://www.vladmiva.ru/products/konusnye-trubinnye/806-314-299-534-016/,vladmiva-dental-catalog.json
ВладМиВа official,ВладМиВа,876.314.294.100.018,806-314-299-534-018,00000003014,1,1,KZ_BRAND_AND_SELECTED_SKUS,KZ_SKU_EVIDENCE_REQUIRED,https://www.vladmiva.ru/products/konusnye-trubinnye/806-314-299-534-018/,vladmiva-dental-catalog.json
ВладМиВа official,ВладМиВа,876.314.294.100.023,806-314-299-534-023,00000003015,1,1,KZ_BRAND_AND_SELECTED_SKUS,KZ_SKU_EVIDENCE_REQUIRED,https://www.vladmiva.ru/products/konusnye-trubinnye/806-314-299-534-023/,vladmiva-dental-catalog.json
ВладМиВа official,ВладМиВа,876.315.010.016.012,806-315-010-534-012,00000014606,1,1,KZ_BRAND_AND_SELECTED_SKUS,KZ_SKU_EVIDENCE_REQUIRED,https://www.vladmiva.ru/products/konusnye-trubinnye/806-315-010-534-012/,vladmiva-dental-catalog.json
ВладМиВа official,ВладМиВа,876.315.010.016.014,806-315-010-534-014,00000014327,1,1,KZ_BRAND_AND_SELECTED_SKUS,KZ_SKU_EVIDENCE_REQUIRED,https://www.vladmiva.ru/products/konusnye-trubinnye/806-315-010-534-014/,vladmiva-dental-catalog.json
ВладМиВа official,ВладМиВа,876.315.010.016.016,806-315-010-534-016,00000003064,1,1,KZ_BRAND_AND_SELECTED_SKUS,KZ_SKU_EVIDENCE_REQUIRED,https://www.vladmiva.ru/products/konusnye-trubinnye/806-315-010-534-016/,vladmiva-dental-catalog.json
ВладМиВа official,ВладМиВа,876.315.010.016.018,806-315-010-534-018,00000003065,1,1,KZ_BRAND_AND_SELECTED_SKUS,KZ_SKU_EVIDENCE_REQUIRED,https://www.vladmiva.ru/products/konusnye-trubinnye/806-315-010-534-018/,vladmiva-dental-catalog.json
ВладМиВа official,ВладМиВа,876.315.010.020.021,806-315-010-534-021,00000043709,1,1,KZ_BRAND_AND_SELECTED_SKUS,KZ_SKU_EVIDENCE_REQUIRED,https://www.vladmiva.ru/products/konusnye-trubinnye/806-315-010-534-021/,vladmiva-dental-catalog.json
ВладМиВа official,ВладМиВа,876.315.010.023.023,806-315-010-534-023,00000019022,1,1,KZ_BRAND_AND_SELECTED_SKUS,KZ_SKU_EVIDENCE_REQUIRED,https://www.vladmiva.ru/products/konusnye-trubinnye/806-315-010-534-023/,vladmiva-dental-catalog.json
ВладМиВа official,ВладМиВа,876.315.019.022.012,806-315-019-534-012,00000022232,1,1,KZ_BRAND_AND_SELECTED_SKUS,KZ_SKU_EVIDENCE_REQUIRED,https://www.vladmiva.ru/products/konusnye-trubinnye/806-315-019-534-012/,vladmiva-dental-catalog.json
ВладМиВа official,ВладМиВа,876.315.019.022.014,806-315-019-534-014,00000003259,1,1,KZ_BRAND_AND_SELECTED_SKUS,KZ_SKU_EVIDENCE_REQUIRED,https://www.vladmiva.ru/products/konusnye-trubinnye/806-315-019-534-014/,vladmiva-dental-catalog.json
ВладМиВа official,ВладМиВа,876.315.019.022.016,806-315-019-534-016,00000014328,1,1,KZ_BRAND_AND_SELECTED_SKUS,KZ_SKU_EVIDENCE_REQUIRED,https://www.vladmiva.ru/products/konusnye-trubinnye/806-315-019-534-016/,vladmiva-dental-catalog.json
ВладМиВа official,ВладМиВа,876.315.019.022.018,806-315-019-534-018,00000022079,1,1,KZ_BRAND_AND_SELECTED_SKUS,KZ_SKU_EVIDENCE_REQUIRED,https://www.vladmiva.ru/products/konusnye-trubinnye/806-315-019-534-018/,vladmiva-dental-catalog.json
ВладМиВа official,ВладМиВа,876.315.164.100.025,806-315-166-534-025,00000024098,1,1,KZ_BRAND_AND_SELECTED_SKUS,KZ_SKU_EVIDENCE_REQUIRED,https://www.vladmiva.ru/products/konusnye-trubinnye/806-315-166-534-025/,vladmiva-dental-catalog.json
ВладМиВа official,ВладМиВа,876.315.164.100.027,806-315-166-534-027,00000011801,1,1,KZ_BRAND_AND_SELECTED_SKUS,KZ_SKU_EVIDENCE_REQUIRED,https://www.vladmiva.ru/products/konusnye-trubinnye/806-315-166-534-027/,vladmiva-dental-catalog.json
ВладМиВа official,ВладМиВа,876.315.164.100.029,806-315-166-534-029,00000069466,1,1,KZ_BRAND_AND_SELECTED_SKUS,KZ_SKU_EVIDENCE_REQUIRED,https://www.vladmiva.ru/products/konusnye-trubinnye/806-315-166-534-029/,vladmiva-dental-catalog.json
ВладМиВа official,ВладМиВа,876.315.168.040.012,806-315-170-534-012,00000008770,1,1,KZ_BRAND_AND_SELECTED_SKUS,KZ_SKU_EVIDENCE_REQUIRED,https://www.vladmiva.ru/products/konusnye-trubinnye/806-315-170-534-012/,vladmiva-dental-catalog.json
ВладМиВа official,ВладМиВа,876.315.168.060.012,806-315-171-534-012,00000008771,1,1,KZ_BRAND_AND_SELECTED_SKUS,KZ_SKU_EVIDENCE_REQUIRED,https://www.vladmiva.ru/products/konusnye-trubinnye/806-315-171-534-012/,vladmiva-dental-catalog.json
ВладМиВа official,ВладМиВа,876.315.168.060.014,806-315-171-534-014,00000036601,1,1,KZ_BRAND_AND_SELECTED_SKUS,KZ_SKU_EVIDENCE_REQUIRED,https://www.vladmiva.ru/products/konusnye-trubinnye/806-315-171-534-014/,vladmiva-dental-catalog.json
ВладМиВа official,ВладМиВа,876.315.168.100.018,806-315-173-534-018,00000021502,1,1,KZ_BRAND_AND_SELECTED_SKUS,KZ_SKU_EVIDENCE_REQUIRED,https://www.vladmiva.ru/products/konusnye-trubinnye/806-315-173-534-018/,vladmiva-dental-catalog.json
ВладМиВа official,ВладМиВа,876.315.168.100.023,806-315-173-534-023,00000003077,1,1,KZ_BRAND_AND_SELECTED_SKUS,KZ_SKU_EVIDENCE_REQUIRED,https://www.vladmiva.ru/products/konusnye-trubinnye/806-315-173-534-023/,vladmiva-dental-catalog.json
ВладМиВа official,ВладМиВа,876.315.194.060.012,806-315-197-534-012,00000022225,1,1,KZ_BRAND_AND_SELECTED_SKUS,KZ_SKU_EVIDENCE_REQUIRED,https://www.vladmiva.ru/products/konusnye-trubinnye/806-315-197-534-012/,vladmiva-dental-catalog.json
ВладМиВа official,ВладМиВа,876.315.194.060.014,806-315-197-534-014,00000022378,1,1,KZ_BRAND_AND_SELECTED_SKUS,KZ_SKU_EVIDENCE_REQUIRED,https://www.vladmiva.ru/products/konusnye-trubinnye/806-315-197-534-014/,vladmiva-dental-catalog.json
ВладМиВа official,ВладМиВа,876.315.194.060.018,806-315-197-534-018,00000012377,1,1,KZ_BRAND_AND_SELECTED_SKUS,KZ_SKU_EVIDENCE_REQUIRED,https://www.vladmiva.ru/products/konusnye-trubinnye/806-315-197-534-018/,vladmiva-dental-catalog.json
ВладМиВа official,ВладМиВа,876.315.194.080.012,806-315-198-534-012,00000012273,1,1,KZ_BRAND_AND_SELECTED_SKUS,KZ_SKU_EVIDENCE_REQUIRED,https://www.vladmiva.ru/products/konusnye-trubinnye/806-315-198-534-012/,vladmiva-dental-catalog.json
ВладМиВа official,ВладМиВа,876.315.194.080.014,806-315-198-534-014,00000022217,1,1,KZ_BRAND_AND_SELECTED_SKUS,KZ_SKU_EVIDENCE_REQUIRED,https://www.vladmiva.ru/products/konusnye-trubinnye/806-315-198-534-014/,vladmiva-dental-catalog.json
ВладМиВа official,ВладМиВа,876.315.194.080.016,806-315-198-534-016,00000022227,1,1,KZ_BRAND_AND_SELECTED_SKUS,KZ_SKU_EVIDENCE_REQUIRED,https://www.vladmiva.ru/products/konusnye-trubinnye/806-315-198-534-016/,vladmiva-dental-catalog.json
ВладМиВа official,ВладМиВа,876.315.194.080.018,806-315-198-534-018,00000021499,1,1,KZ_BRAND_AND_SELECTED_SKUS,KZ_SKU_EVIDENCE_REQUIRED,https://www.vladmiva.ru/products/konusnye-trubinnye/806-315-198-534-018/,vladmiva-dental-catalog.json
ВладМиВа official,ВладМиВа,876.315.194.100.012,806-315-199-534-012,00000022220,1,1,KZ_BRAND_AND_SELECTED_SKUS,KZ_SKU_EVIDENCE_REQUIRED,https://www.vladmiva.ru/products/konusnye-trubinnye/806-315-199-534-012/,vladmiva-dental-catalog.json
ВладМиВа official,ВладМиВа,876.315.194.100.014,806-315-199-534-014,00000021303,1,1,KZ_BRAND_AND_SELECTED_SKUS,KZ_SKU_EVIDENCE_REQUIRED,https://www.vladmiva.ru/products/konusnye-trubinnye/806-315-199-534-014/,vladmiva-dental-catalog.json
ВладМиВа official,ВладМиВа,876.315.194.100.016,806-315-199-534-016,00000012625,1,1,KZ_BRAND_AND_SELECTED_SKUS,KZ_SKU_EVIDENCE_REQUIRED,https://www.vladmiva.ru/products/konusnye-trubinnye/806-315-199-534-016/,vladmiva-dental-catalog.json
ВладМиВа official,ВладМиВа,876.315.194.100.018,806-315-199-534-018,00000021838,1,1,KZ_BRAND_AND_SELECTED_SKUS,KZ_SKU_EVIDENCE_REQUIRED,https://www.vladmiva.ru/products/konusnye-trubinnye/806-315-199-534-018/,vladmiva-dental-catalog.json
ВладМиВа official,ВладМиВа,876.315.225.035.014,806-315-225-534-014,00000020062,1,1,KZ_BRAND_AND_SELECTED_SKUS,KZ_SKU_EVIDENCE_REQUIRED,https://www.vladmiva.ru/products/konusnye-trubinnye/806-315-225-534-014/,vladmiva-dental-catalog.json
ВладМиВа official,ВладМиВа,876.315.225.035.016,806-315-225-534-016,00000003057,1,1,KZ_BRAND_AND_SELECTED_SKUS,KZ_SKU_EVIDENCE_REQUIRED,https://www.vladmiva.ru/products/konusnye-trubinnye/806-315-225-534-016/,vladmiva-dental-catalog.json
ВладМиВа official,ВладМиВа,876.315.225.040.018,806-315-225-534-018,00000020391,1,1,KZ_BRAND_AND_SELECTED_SKUS,KZ_SKU_EVIDENCE_REQUIRED,https://www.vladmiva.ru/products/konusnye-trubinnye/806-315-225-534-018/,vladmiva-dental-catalog.json
ВладМиВа official,ВладМиВа,876.315.225.060.023,806-315-225-534-023,00000003058,1,1,KZ_BRAND_AND_SELECTED_SKUS,KZ_SKU_EVIDENCE_REQUIRED,https://www.vladmiva.ru/products/konusnye-trubinnye/806-315-225-534-023/,vladmiva-dental-catalog.json
ВладМиВа official,ВладМиВа,876.315.294.080.012,806-315-298-534-012,00000022941,1,1,KZ_BRAND_AND_SELECTED_SKUS,KZ_SKU_EVIDENCE_REQUIRED,https://www.vladmiva.ru/products/konusnye-trubinnye/806-315-298-534-012/,vladmiva-dental-catalog.json
ВладМиВа official,ВладМиВа,876.315.294.080.014,806-315-298-534-014,00000021449,1,1,KZ_BRAND_AND_SELECTED_SKUS,KZ_SKU_EVIDENCE_REQUIRED,https://www.vladmiva.ru/products/konusnye-trubinnye/806-315-298-534-014/,vladmiva-dental-catalog.json
ВладМиВа official,ВладМиВа,876.315.294.080.016,806-315-298-534-016,00000022888,1,1,KZ_BRAND_AND_SELECTED_SKUS,KZ_SKU_EVIDENCE_REQUIRED,https://www.vladmiva.ru/products/konusnye-trubinnye/806-315-298-534-016/,vladmiva-dental-catalog.json
ВладМиВа official,ВладМиВа,876.315.294.080.018,806-315-298-534-018,00000021510,1,1,KZ_BRAND_AND_SELECTED_SKUS,KZ_SKU_EVIDENCE_REQUIRED,https://www.vladmiva.ru/products/konusnye-trubinnye/806-315-298-534-018/,vladmiva-dental-catalog.json
ВладМиВа official,ВладМиВа,876.315.294.100.012,806-315-299-534-012,00000021904,1,1,KZ_BRAND_AND_SELECTED_SKUS,KZ_SKU_EVIDENCE_REQUIRED,https://www.vladmiva.ru/products/konusnye-trubinnye/806-315-299-534-012/,vladmiva-dental-catalog.json
ВладМиВа official,ВладМиВа,876.315.294.100.014,806-315-299-534-014,00000020206,1,1,KZ_BRAND_AND_SELECTED_SKUS,KZ_SKU_EVIDENCE_REQUIRED,https://www.vladmiva.ru/products/konusnye-trubinnye/806-315-299-534-014/,vladmiva-dental-catalog.json
ВладМиВа official,ВладМиВа,876.315.294.100.016,806-315-299-534-016,00000021807,1,1,KZ_BRAND_AND_SELECTED_SKUS,KZ_SKU_EVIDENCE_REQUIRED,https://www.vladmiva.ru/products/konusnye-trubinnye/806-315-299-534-016/,vladmiva-dental-catalog.json
ВладМиВа official,ВладМиВа,876.315.294.100.018,806-315-299-534-018,00000021806,1,1,KZ_BRAND_AND_SELECTED_SKUS,KZ_SKU_EVIDENCE_REQUIRED,https://www.vladmiva.ru/products/konusnye-trubinnye/806-315-299-534-018/,vladmiva-dental-catalog.json
ВладМиВа official,ВладМиВа,886.314.010.016.014,806-314-010-544-014,00000013170,1,1,KZ_BRAND_AND_SELECTED_SKUS,KZ_SKU_EVIDENCE_REQUIRED,https://www.vladmiva.ru/products/konusnye-trubinnye/806-314-010-544-014/,vladmiva-dental-catalog.json
ВладМиВа official,ВладМиВа,886.314.010.016.016,806-314-010-544-016,00000015167,1,1,KZ_BRAND_AND_SELECTED_SKUS,KZ_SKU_EVIDENCE_REQUIRED,https://www.vladmiva.ru/products/konusnye-trubinnye/806-314-010-544-016/,vladmiva-dental-catalog.json
ВладМиВа official,ВладМиВа,886.314.010.016.018,806-314-010-544-018,00000015168,1,1,KZ_BRAND_AND_SELECTED_SKUS,KZ_SKU_EVIDENCE_REQUIRED,https://www.vladmiva.ru/products/konusnye-trubinnye/806-314-010-544-018/,vladmiva-dental-catalog.json
ВладМиВа official,ВладМиВа,886.314.010.016.021,806-314-010-544-021,00000015169,1,1,KZ_BRAND_AND_SELECTED_SKUS,KZ_SKU_EVIDENCE_REQUIRED,https://www.vladmiva.ru/products/konusnye-trubinnye/806-314-010-544-021/,vladmiva-dental-catalog.json
ВладМиВа official,ВладМиВа,886.314.010.020.023,806-314-010-544-023,00000017878,1,1,KZ_BRAND_AND_SELECTED_SKUS,KZ_SKU_EVIDENCE_REQUIRED,https://www.vladmiva.ru/products/konusnye-trubinnye/806-314-010-544-023/,vladmiva-dental-catalog.json
ВладМиВа official,ВладМиВа,886.314.010.023.025,806-314-010-544-025,00000015170,1,1,KZ_BRAND_AND_SELECTED_SKUS,KZ_SKU_EVIDENCE_REQUIRED,https://www.vladmiva.ru/products/konusnye-trubinnye/806-314-010-544-025/,vladmiva-dental-catalog.json
ВладМиВа official,ВладМиВа,886.314.164.080.014,806-314-165-544-014,00000021444,1,1,KZ_BRAND_AND_SELECTED_SKUS,KZ_SKU_EVIDENCE_REQUIRED,https://www.vladmiva.ru/products/konusnye-trubinnye/806-314-165-544-014/,vladmiva-dental-catalog.json
ВладМиВа official,ВладМиВа,886.314.164.080.016,806-314-165-544-016,00000020350,1,1,KZ_BRAND_AND_SELECTED_SKUS,KZ_SKU_EVIDENCE_REQUIRED,https://www.vladmiva.ru/products/konusnye-trubinnye/806-314-165-544-016/,vladmiva-dental-catalog.json
ВладМиВа official,ВладМиВа,886.314.164.080.018,806-314-165-544-018,00000015142,1,1,KZ_BRAND_AND_SELECTED_SKUS,KZ_SKU_EVIDENCE_REQUIRED,https://www.vladmiva.ru/products/konusnye-trubinnye/806-314-165-544-018/,vladmiva-dental-catalog.json
ВладМиВа official,ВладМиВа,886.314.164.080.021,806-314-165-544-021,00000045828,1,1,KZ_BRAND_AND_SELECTED_SKUS,KZ_SKU_EVIDENCE_REQUIRED,https://www.vladmiva.ru/products/konusnye-trubinnye/806-314-165-544-021/,vladmiva-dental-catalog.json
ВладМиВа official,ВладМиВа,886.314.164.100.012,806-314-166-544-012,00000008628,1,1,KZ_BRAND_AND_SELECTED_SKUS,KZ_SKU_EVIDENCE_REQUIRED,https://www.vladmiva.ru/products/konusnye-trubinnye/806-314-166-544-012/,vladmiva-dental-catalog.json
ВладМиВа official,ВладМиВа,886.314.164.100.014,806-314-166-544-014,00000021094,1,1,KZ_BRAND_AND_SELECTED_SKUS,KZ_SKU_EVIDENCE_REQUIRED,https://www.vladmiva.ru/products/konusnye-trubinnye/806-314-166-544-014/,vladmiva-dental-catalog.json
ВладМиВа official,ВладМиВа,886.314.164.100.016,806-314-166-544-016,00000012997,1,1,KZ_BRAND_AND_SELECTED_SKUS,KZ_SKU_EVIDENCE_REQUIRED,https://www.vladmiva.ru/products/konusnye-trubinnye/806-314-166-544-016/,vladmiva-dental-catalog.json
ВладМиВа official,ВладМиВа,886.314.164.100.018,806-314-166-544-018,00000009139,1,1,KZ_BRAND_AND_SELECTED_SKUS,KZ_SKU_EVIDENCE_REQUIRED,https://www.vladmiva.ru/products/konusnye-trubinnye/806-314-166-544-018/,vladmiva-dental-catalog.json
ВладМиВа official,ВладМиВа,886.314.164.100.021,806-314-166-544-021,00000020379,1,1,KZ_BRAND_AND_SELECTED_SKUS,KZ_SKU_EVIDENCE_REQUIRED,https://www.vladmiva.ru/products/konusnye-trubinnye/806-314-166-544-021/,vladmiva-dental-catalog.json
ВладМиВа official,ВладМиВа,886.314.164.100.025,806-314-166-544-025,00000008508,1,1,KZ_BRAND_AND_SELECTED_SKUS,KZ_SKU_EVIDENCE_REQUIRED,https://www.vladmiva.ru/products/konusnye-trubinnye/806-314-166-544-025/,vladmiva-dental-catalog.json
ВладМиВа official,ВладМиВа,886.314.164.100.027,806-314-166-544-027,00000009141,1,1,KZ_BRAND_AND_SELECTED_SKUS,KZ_SKU_EVIDENCE_REQUIRED,https://www.vladmiva.ru/products/konusnye-trubinnye/806-314-166-544-027/,vladmiva-dental-catalog.json
ВладМиВа official,ВладМиВа,886.314.164.115.014,806-314-167-544-014,00000042542,1,1,KZ_BRAND_AND_SELECTED_SKUS,KZ_SKU_EVIDENCE_REQUIRED,https://www.vladmiva.ru/products/konusnye-trubinnye/806-314-167-544-014/,vladmiva-dental-catalog.json
ВладМиВа official,ВладМиВа,886.314.164.115.016,806-314-167-544-016,00000021093,1,1,KZ_BRAND_AND_SELECTED_SKUS,KZ_SKU_EVIDENCE_REQUIRED,https://www.vladmiva.ru/products/konusnye-trubinnye/806-314-167-544-016/,vladmiva-dental-catalog.json
ВладМиВа official,ВладМиВа,886.314.164.115.018,806-314-167-544-018,00000021335,1,1,KZ_BRAND_AND_SELECTED_SKUS,KZ_SKU_EVIDENCE_REQUIRED,https://www.vladmiva.ru/products/konusnye-trubinnye/806-314-167-544-018/,vladmiva-dental-catalog.json
ВладМиВа official,ВладМиВа,886.314.164.115.021,806-314-167-544-021,00000021098,1,1,KZ_BRAND_AND_SELECTED_SKUS,KZ_SKU_EVIDENCE_REQUIRED,https://www.vladmiva.ru/products/konusnye-trubinnye/806-314-167-544-021/,vladmiva-dental-catalog.json
ВладМиВа official,ВладМиВа,886.314.168.060.016,806-314-171-544-016_1,00000009290,1,1,KZ_BRAND_AND_SELECTED_SKUS,KZ_SKU_EVIDENCE_REQUIRED,https://www.vladmiva.ru/products/konusnye-trubinnye/806-314-171-544-016_1/,vladmiva-dental-catalog.json
ВладМиВа official,ВладМиВа,886.314.168.060.018,806-314-171-544-018,00000023237,1,1,KZ_BRAND_AND_SELECTED_SKUS,KZ_SKU_EVIDENCE_REQUIRED,https://www.vladmiva.ru/products/konusnye-trubinnye/806-314-171-544-018/,vladmiva-dental-catalog.json
ВладМиВа official,ВладМиВа,886.314.168.080.014,806-314-172-544-014,00000015136,1,1,KZ_BRAND_AND_SELECTED_SKUS,KZ_SKU_EVIDENCE_REQUIRED,https://www.vladmiva.ru/products/konusnye-trubinnye/806-314-172-544-014/,vladmiva-dental-catalog.json
ВладМиВа official,ВладМиВа,886.314.168.080.016,806-314-172-544-016,00000015133,1,1,KZ_BRAND_AND_SELECTED_SKUS,KZ_SKU_EVIDENCE_REQUIRED,https://www.vladmiva.ru/products/konusnye-trubinnye/806-314-172-544-016/,vladmiva-dental-catalog.json
ВладМиВа official,ВладМиВа,886.314.168.080.018,806-314-172-544-018,00000015134,1,1,KZ_BRAND_AND_SELECTED_SKUS,KZ_SKU_EVIDENCE_REQUIRED,https://www.vladmiva.ru/products/konusnye-trubinnye/806-314-172-544-018/,vladmiva-dental-catalog.json
ВладМиВа official,ВладМиВа,886.314.168.100.014,806-314-173-544-014,00000015137,1,1,KZ_BRAND_AND_SELECTED_SKUS,KZ_SKU_EVIDENCE_REQUIRED,https://www.vladmiva.ru/products/konusnye-trubinnye/806-314-173-544-014/,vladmiva-dental-catalog.json
ВладМиВа official,ВладМиВа,886.314.168.100.016,806-314-173-544-016,00000017918,1,1,KZ_BRAND_AND_SELECTED_SKUS,KZ_SKU_EVIDENCE_REQUIRED,https://www.vladmiva.ru/products/konusnye-trubinnye/806-314-173-544-016/,vladmiva-dental-catalog.json
ВладМиВа official,ВладМиВа,886.314.168.100.018,806-314-173-544-018,00000017919,1,1,KZ_BRAND_AND_SELECTED_SKUS,KZ_SKU_EVIDENCE_REQUIRED,https://www.vladmiva.ru/products/konusnye-trubinnye/806-314-173-544-018/,vladmiva-dental-catalog.json
ВладМиВа official,ВладМиВа,886.314.168.100.021,806-314-173-544-021,00000015138,1,1,KZ_BRAND_AND_SELECTED_SKUS,KZ_SKU_EVIDENCE_REQUIRED,https://www.vladmiva.ru/products/konusnye-trubinnye/806-314-173-544-021/,vladmiva-dental-catalog.json
ВладМиВа official,ВладМиВа,886.314.168.100.023,806-314-173-544-023,00000017920,1,1,KZ_BRAND_AND_SELECTED_SKUS,KZ_SKU_EVIDENCE_REQUIRED,https://www.vladmiva.ru/products/konusnye-trubinnye/806-314-173-544-023/,vladmiva-dental-catalog.json
ВладМиВа official,ВладМиВа,886.314.168.100.025,806-314-173-544-025,00000012582,1,1,KZ_BRAND_AND_SELECTED_SKUS,KZ_SKU_EVIDENCE_REQUIRED,https://www.vladmiva.ru/products/konusnye-trubinnye/806-314-173-544-025/,vladmiva-dental-catalog.json
ВладМиВа official,ВладМиВа,886.314.194.060.014,806-314-197-544-014,00000020375,1,1,KZ_BRAND_AND_SELECTED_SKUS,KZ_SKU_EVIDENCE_REQUIRED,https://www.vladmiva.ru/products/konusnye-trubinnye/806-314-197-544-014/,vladmiva-dental-catalog.json
ВладМиВа official,ВладМиВа,886.314.194.060.016,806-314-197-544-016,00000010397,1,1,KZ_BRAND_AND_SELECTED_SKUS,KZ_SKU_EVIDENCE_REQUIRED,https://www.vladmiva.ru/products/konusnye-trubinnye/806-314-197-544-016/,vladmiva-dental-catalog.json
ВладМиВа official,ВладМиВа,886.314.194.060.018,806-314-197-544-018,00000021500,1,1,KZ_BRAND_AND_SELECTED_SKUS,KZ_SKU_EVIDENCE_REQUIRED,https://www.vladmiva.ru/products/konusnye-trubinnye/806-314-197-544-018/,vladmiva-dental-catalog.json
ВладМиВа official,ВладМиВа,886.314.194.060.021,806-314-197-544-021,00-00066387,1,1,KZ_BRAND_AND_SELECTED_SKUS,KZ_SKU_EVIDENCE_REQUIRED,https://www.vladmiva.ru/products/konusnye-trubinnye/806-314-197-544-021/,vladmiva-dental-catalog.json
ВладМиВа official,ВладМиВа,886.314.194.080.014,806-314-198-544-014,00000015140,1,1,KZ_BRAND_AND_SELECTED_SKUS,KZ_SKU_EVIDENCE_REQUIRED,https://www.vladmiva.ru/products/konusnye-trubinnye/806-314-198-544-014/,vladmiva-dental-catalog.json
ВладМиВа official,ВладМиВа,886.314.194.080.016,806-314-198-544-016,00000017921,1,1,KZ_BRAND_AND_SELECTED_SKUS,KZ_SKU_EVIDENCE_REQUIRED,https://www.vladmiva.ru/products/konusnye-trubinnye/806-314-198-544-016/,vladmiva-dental-catalog.json
ВладМиВа official,ВладМиВа,886.314.194.080.018,806-314-198-544-018,00000017917,1,1,KZ_BRAND_AND_SELECTED_SKUS,KZ_SKU_EVIDENCE_REQUIRED,https://www.vladmiva.ru/products/konusnye-trubinnye/806-314-198-544-018/,vladmiva-dental-catalog.json
ВладМиВа official,ВладМиВа,886.314.194.080.021,806-314-198-544-021,00000037409,1,1,KZ_BRAND_AND_SELECTED_SKUS,KZ_SKU_EVIDENCE_REQUIRED,https://www.vladmiva.ru/products/konusnye-trubinnye/806-314-198-544-021/,vladmiva-dental-catalog.json
ВладМиВа official,ВладМиВа,886.314.194.080.027,806-314-198-544-027,00000083249,1,1,KZ_BRAND_AND_SELECTED_SKUS,KZ_SKU_EVIDENCE_REQUIRED,https://www.vladmiva.ru/products/konusnye-trubinnye/806-314-198-544-027/,vladmiva-dental-catalog.json
ВладМиВа official,ВладМиВа,886.314.194.100.014,806-314-199-544-014,00000017922,1,1,KZ_BRAND_AND_SELECTED_SKUS,KZ_SKU_EVIDENCE_REQUIRED,https://www.vladmiva.ru/products/konusnye-trubinnye/806-314-199-544-014/,vladmiva-dental-catalog.json
ВладМиВа official,ВладМиВа,886.314.194.100.016,806-314-199-544-016,00000015141,1,1,KZ_BRAND_AND_SELECTED_SKUS,KZ_SKU_EVIDENCE_REQUIRED,https://www.vladmiva.ru/products/konusnye-trubinnye/806-314-199-544-016/,vladmiva-dental-catalog.json
ВладМиВа official,ВладМиВа,886.314.194.100.018,806-314-199-544-018,00000017923,1,1,KZ_BRAND_AND_SELECTED_SKUS,KZ_SKU_EVIDENCE_REQUIRED,https://www.vladmiva.ru/products/konusnye-trubinnye/806-314-199-544-018/,vladmiva-dental-catalog.json
ВладМиВа official,ВладМиВа,886.314.194.100.021,806-314-199-544-021,00000013290,1,1,KZ_BRAND_AND_SELECTED_SKUS,KZ_SKU_EVIDENCE_REQUIRED,https://www.vladmiva.ru/products/konusnye-trubinnye/806-314-199-544-021/,vladmiva-dental-catalog.json
ВладМиВа official,ВладМиВа,886.314.194.100.023,806-314-199-544-023,00000012003,1,1,KZ_BRAND_AND_SELECTED_SKUS,KZ_SKU_EVIDENCE_REQUIRED,https://www.vladmiva.ru/products/konusnye-trubinnye/806-314-199-544-023/,vladmiva-dental-catalog.json
ВладМиВа official,ВладМиВа,886.314.194.100.025,806-314-199-544-025,00000012658,1,1,KZ_BRAND_AND_SELECTED_SKUS,KZ_SKU_EVIDENCE_REQUIRED,https://www.vladmiva.ru/products/konusnye-trubinnye/806-314-199-544-025/,vladmiva-dental-catalog.json
ВладМиВа official,ВладМиВа,886.314.294.060.018,806-314-297-544-018,00000025090,1,1,KZ_BRAND_AND_SELECTED_SKUS,KZ_SKU_EVIDENCE_REQUIRED,https://www.vladmiva.ru/products/konusnye-trubinnye/806-314-297-544-018/,vladmiva-dental-catalog.json
ВладМиВа official,ВладМиВа,886.314.294.080.014,806-314-298-544-014,00000015180,1,1,KZ_BRAND_AND_SELECTED_SKUS,KZ_SKU_EVIDENCE_REQUIRED,https://www.vladmiva.ru/products/konusnye-trubinnye/806-314-298-544-014/,vladmiva-dental-catalog.json
ВладМиВа official,ВладМиВа,886.314.294.080.016,806-314-298-544-016,00000015179,1,1,KZ_BRAND_AND_SELECTED_SKUS,KZ_SKU_EVIDENCE_REQUIRED,https://www.vladmiva.ru/products/konusnye-trubinnye/806-314-298-544-016/,vladmiva-dental-catalog.json
ВладМиВа official,ВладМиВа,886.314.294.080.018,806-314-298-544-018,00000017914,1,1,KZ_BRAND_AND_SELECTED_SKUS,KZ_SKU_EVIDENCE_REQUIRED,https://www.vladmiva.ru/products/konusnye-trubinnye/806-314-298-544-018/,vladmiva-dental-catalog.json
ВладМиВа official,ВладМиВа,886.314.294.080.021,806-314-298-544-021,00000020398,1,1,KZ_BRAND_AND_SELECTED_SKUS,KZ_SKU_EVIDENCE_REQUIRED,https://www.vladmiva.ru/products/konusnye-trubinnye/806-314-298-544-021/,vladmiva-dental-catalog.json
ВладМиВа official,ВладМиВа,886.314.294.080.023,806-314-298-544-023,00000009725,1,1,KZ_BRAND_AND_SELECTED_SKUS,KZ_SKU_EVIDENCE_REQUIRED,https://www.vladmiva.ru/products/konusnye-trubinnye/806-314-298-544-023/,vladmiva-dental-catalog.json
ВладМиВа official,ВладМиВа,886.314.294.080.025,806-314-298-544-025,00000015181,1,1,KZ_BRAND_AND_SELECTED_SKUS,KZ_SKU_EVIDENCE_REQUIRED,https://www.vladmiva.ru/products/konusnye-trubinnye/806-314-298-544-025/,vladmiva-dental-catalog.json
ВладМиВа official,ВладМиВа,886.314.294.100.014,806-314-299-544-014,00000017598,1,1,KZ_BRAND_AND_SELECTED_SKUS,KZ_SKU_EVIDENCE_REQUIRED,https://www.vladmiva.ru/products/konusnye-trubinnye/806-314-299-544-014/,vladmiva-dental-catalog.json
ВладМиВа official,ВладМиВа,886.314.294.100.016,806-314-299-544-016,00000017909,1,1,KZ_BRAND_AND_SELECTED_SKUS,KZ_SKU_EVIDENCE_REQUIRED,https://www.vladmiva.ru/products/konusnye-trubinnye/806-314-299-544-016/,vladmiva-dental-catalog.json
ВладМиВа official,ВладМиВа,886.314.294.100.018,806-314-299-544-018,00000015182,1,1,KZ_BRAND_AND_SELECTED_SKUS,KZ_SKU_EVIDENCE_REQUIRED,https://www.vladmiva.ru/products/konusnye-trubinnye/806-314-299-544-018/,vladmiva-dental-catalog.json
ВладМиВа official,ВладМиВа,886.314.294.100.021,806-314-299-544-021,00000021907,1,1,KZ_BRAND_AND_SELECTED_SKUS,KZ_SKU_EVIDENCE_REQUIRED,https://www.vladmiva.ru/products/konusnye-trubinnye/806-314-299-544-021/,vladmiva-dental-catalog.json
ВладМиВа official,ВладМиВа,886.314.294.100.023,806-314-299-544-023,00000015184,1,1,KZ_BRAND_AND_SELECTED_SKUS,KZ_SKU_EVIDENCE_REQUIRED,https://www.vladmiva.ru/products/konusnye-trubinnye/806-314-299-544-023/,vladmiva-dental-catalog.json
ВладМиВа official,ВладМиВа,886.314.294.100.025,806-314-299-544-025,00000012380,1,1,KZ_BRAND_AND_SELECTED_SKUS,KZ_SKU_EVIDENCE_REQUIRED,https://www.vladmiva.ru/products/konusnye-trubinnye/806-314-299-544-025/,vladmiva-dental-catalog.json
ВладМиВа official,ВладМиВа,886.315.010.016.014,806-315-010-544-014,00000055774,1,1,KZ_BRAND_AND_SELECTED_SKUS,KZ_SKU_EVIDENCE_REQUIRED,https://www.vladmiva.ru/products/konusnye-trubinnye/806-315-010-544-014/,vladmiva-dental-catalog.json
ВладМиВа official,ВладМиВа,886.315.010.016.016,806-315-010-544-016,00000043217,1,1,KZ_BRAND_AND_SELECTED_SKUS,KZ_SKU_EVIDENCE_REQUIRED,https://www.vladmiva.ru/products/konusnye-trubinnye/806-315-010-544-016/,vladmiva-dental-catalog.json
ВладМиВа official,ВладМиВа,886.315.010.016.018,806-315-010-544-018,00000041467,1,1,KZ_BRAND_AND_SELECTED_SKUS,KZ_SKU_EVIDENCE_REQUIRED,https://www.vladmiva.ru/products/konusnye-trubinnye/806-315-010-544-018/,vladmiva-dental-catalog.json
ВладМиВа official,ВладМиВа,886.315.010.016.021,806-315-010-544-021,00000015317,1,1,KZ_BRAND_AND_SELECTED_SKUS,KZ_SKU_EVIDENCE_REQUIRED,https://www.vladmiva.ru/products/konusnye-trubinnye/806-315-010-544-021/,vladmiva-dental-catalog.json
ВладМиВа official,ВладМиВа,886.315.164.100.027,806-315-166-544-027,00000024116,1,1,KZ_BRAND_AND_SELECTED_SKUS,KZ_SKU_EVIDENCE_REQUIRED,https://www.vladmiva.ru/products/konusnye-trubinnye/806-315-166-544-027/,vladmiva-dental-catalog.json
ВладМиВа official,ВладМиВа,886.315.194.080.014,806-315-198-544-014,00000022383,1,1,KZ_BRAND_AND_SELECTED_SKUS,KZ_SKU_EVIDENCE_REQUIRED,https://www.vladmiva.ru/products/konusnye-trubinnye/806-315-198-544-014/,vladmiva-dental-catalog.json
ВладМиВа official,ВладМиВа,886.315.194.080.016,806-315-198-544-016,00000022215,1,1,KZ_BRAND_AND_SELECTED_SKUS,KZ_SKU_EVIDENCE_REQUIRED,https://www.vladmiva.ru/products/konusnye-trubinnye/806-315-198-544-016/,vladmiva-dental-catalog.json
ВладМиВа official,ВладМиВа,886.315.194.080.018,806-315-198-544-018,00000022382,1,1,KZ_BRAND_AND_SELECTED_SKUS,KZ_SKU_EVIDENCE_REQUIRED,https://www.vladmiva.ru/products/konusnye-trubinnye/806-315-198-544-018/,vladmiva-dental-catalog.json
ВладМиВа official,ВладМиВа,886.315.194.080.021,806-315-198-544-021,00000022376,1,1,KZ_BRAND_AND_SELECTED_SKUS,KZ_SKU_EVIDENCE_REQUIRED,https://www.vladmiva.ru/products/konusnye-trubinnye/806-315-198-544-021/,vladmiva-dental-catalog.json
ВладМиВа official,ВладМиВа,886.315.194.100.014,806-315-199-544-014,00000022380,1,1,KZ_BRAND_AND_SELECTED_SKUS,KZ_SKU_EVIDENCE_REQUIRED,https://www.vladmiva.ru/products/konusnye-trubinnye/806-315-199-544-014/,vladmiva-dental-catalog.json
ВладМиВа official,ВладМиВа,886.315.194.100.018,806-315-199-544-018,00000040163,1,1,KZ_BRAND_AND_SELECTED_SKUS,KZ_SKU_EVIDENCE_REQUIRED,https://www.vladmiva.ru/products/konusnye-trubinnye/806-315-199-544-018/,vladmiva-dental-catalog.json
ВладМиВа official,ВладМиВа,836.314.243.080.010,806-314-243-504-010,00-00066386,1,1,KZ_BRAND_AND_SELECTED_SKUS,KZ_SKU_EVIDENCE_REQUIRED,https://www.vladmiva.ru/products/plamevidnye-trubinnye/806-314-243-504-010/,vladmiva-dental-catalog.json
ВладМиВа official,ВладМиВа,836.314.243.080.012,806-314-243-504-012,00000047182,1,1,KZ_BRAND_AND_SELECTED_SKUS,KZ_SKU_EVIDENCE_REQUIRED,https://www.vladmiva.ru/products/plamevidnye-trubinnye/806-314-243-504-012/,vladmiva-dental-catalog.json
ВладМиВа official,ВладМиВа,836.314.243.080.016,806-314-243-504-016,00000048156,1,1,KZ_BRAND_AND_SELECTED_SKUS,KZ_SKU_EVIDENCE_REQUIRED,https://www.vladmiva.ru/products/plamevidnye-trubinnye/806-314-243-504-016/,vladmiva-dental-catalog.json
ВладМиВа official,ВладМиВа,836.315.243.080.012,806-315-243-504-012,00000048259,1,1,KZ_BRAND_AND_SELECTED_SKUS,KZ_SKU_EVIDENCE_REQUIRED,https://www.vladmiva.ru/products/plamevidnye-trubinnye/806-315-243-504-012/,vladmiva-dental-catalog.json
ВладМиВа official,ВладМиВа,856.314.243.080.010,806-314-243-514-010,00000026640,1,1,KZ_BRAND_AND_SELECTED_SKUS,KZ_SKU_EVIDENCE_REQUIRED,https://www.vladmiva.ru/products/plamevidnye-trubinnye/806-314-243-514-010/,vladmiva-dental-catalog.json
ВладМиВа official,ВладМиВа,856.314.243.080.012,806-314-243-514-012,00000020380,1,1,KZ_BRAND_AND_SELECTED_SKUS,KZ_SKU_EVIDENCE_REQUIRED,https://www.vladmiva.ru/products/plamevidnye-trubinnye/806-314-243-514-012/,vladmiva-dental-catalog.json
ВладМиВа official,ВладМиВа,856.314.243.080.014,806-314-243-514-014,00000014508,1,1,KZ_BRAND_AND_SELECTED_SKUS,KZ_SKU_EVIDENCE_REQUIRED,https://www.vladmiva.ru/products/plamevidnye-trubinnye/806-314-243-514-014/,vladmiva-dental-catalog.json
ВладМиВа official,ВладМиВа,856.314.243.080.016,806-314-243-514-016,00000024293,1,1,KZ_BRAND_AND_SELECTED_SKUS,KZ_SKU_EVIDENCE_REQUIRED,https://www.vladmiva.ru/products/plamevidnye-trubinnye/806-314-243-514-016/,vladmiva-dental-catalog.json
ВладМиВа official,ВладМиВа,856.315.243.080.012,806-315-243-514-012,00000022460,1,1,KZ_BRAND_AND_SELECTED_SKUS,KZ_SKU_EVIDENCE_REQUIRED,https://www.vladmiva.ru/products/plamevidnye-trubinnye/806-315-243-514-012/,vladmiva-dental-catalog.json
ВладМиВа official,ВладМиВа,856.315.243.080.014,806-315-243-514-014,00000012849,1,1,KZ_BRAND_AND_SELECTED_SKUS,KZ_SKU_EVIDENCE_REQUIRED,https://www.vladmiva.ru/products/plamevidnye-trubinnye/806-315-243-514-014/,vladmiva-dental-catalog.json
ВладМиВа official,ВладМиВа,856.315.243.080.016,806-315-243-514-016,00000033660,1,1,KZ_BRAND_AND_SELECTED_SKUS,KZ_SKU_EVIDENCE_REQUIRED,https://www.vladmiva.ru/products/plamevidnye-trubinnye/806-315-243-514-016/,vladmiva-dental-catalog.json
ВладМиВа official,ВладМиВа,866.314.243.080.010,806-314-243-524-010,00-00066911,1,1,KZ_BRAND_AND_SELECTED_SKUS,KZ_SKU_EVIDENCE_REQUIRED,https://www.vladmiva.ru/products/plamevidnye-trubinnye/806-314-243-524-010/,vladmiva-dental-catalog.json
ВладМиВа official,ВладМиВа,866.314.243.080.012,806-314-243-524-012,00000026604,1,1,KZ_BRAND_AND_SELECTED_SKUS,KZ_SKU_EVIDENCE_REQUIRED,https://www.vladmiva.ru/products/plamevidnye-trubinnye/806-314-243-524-012/,vladmiva-dental-catalog.json
ВладМиВа official,ВладМиВа,866.314.243.080.014,806-314-243-524-014,00000002949,1,1,KZ_BRAND_AND_SELECTED_SKUS,KZ_SKU_EVIDENCE_REQUIRED,https://www.vladmiva.ru/products/plamevidnye-trubinnye/806-314-243-524-014/,vladmiva-dental-catalog.json
ВладМиВа official,ВладМиВа,866.314.243.080.016,806-314-243-524-016,00000002950,1,1,KZ_BRAND_AND_SELECTED_SKUS,KZ_SKU_EVIDENCE_REQUIRED,https://www.vladmiva.ru/products/plamevidnye-trubinnye/806-314-243-524-016/,vladmiva-dental-catalog.json
ВладМиВа official,ВладМиВа,866.314.243.080.018,806-314-243-524-018,00000002951,1,1,KZ_BRAND_AND_SELECTED_SKUS,KZ_SKU_EVIDENCE_REQUIRED,https://www.vladmiva.ru/products/plamevidnye-trubinnye/806-314-243-524-018/,vladmiva-dental-catalog.json
ВладМиВа official,ВладМиВа,866.315.243.080.014,806-315-243-524-014,00000002952,1,1,KZ_BRAND_AND_SELECTED_SKUS,KZ_SKU_EVIDENCE_REQUIRED,https://www.vladmiva.ru/products/plamevidnye-trubinnye/806-315-243-524-014/,vladmiva-dental-catalog.json
ВладМиВа official,ВладМиВа,866.315.243.080.016,806-315-243-524-016,00000002953,1,1,KZ_BRAND_AND_SELECTED_SKUS,KZ_SKU_EVIDENCE_REQUIRED,https://www.vladmiva.ru/products/plamevidnye-trubinnye/806-315-243-524-016/,vladmiva-dental-catalog.json
ВладМиВа official,ВладМиВа,866.315.243.080.018,806-315-243-524-018,00000002954,1,1,KZ_BRAND_AND_SELECTED_SKUS,KZ_SKU_EVIDENCE_REQUIRED,https://www.vladmiva.ru/products/plamevidnye-trubinnye/806-315-243-524-018/,vladmiva-dental-catalog.json
ВладМиВа official,ВладМиВа,876.314.243.080.012,806-314-243-534-012_1,00000055618,1,1,KZ_BRAND_AND_SELECTED_SKUS,KZ_SKU_EVIDENCE_REQUIRED,https://www.vladmiva.ru/products/plamevidnye-trubinnye/806-314-243-534-012_1/,vladmiva-dental-catalog.json
ВладМиВа official,ВладМиВа,876.314.243.080.014,806-314-243-534-014,00000003896,1,1,KZ_BRAND_AND_SELECTED_SKUS,KZ_SKU_EVIDENCE_REQUIRED,https://www.vladmiva.ru/products/plamevidnye-trubinnye/806-314-243-534-014/,vladmiva-dental-catalog.json
ВладМиВа official,ВладМиВа,876.314.243.080.016,806-314-243-534-016,00000021091,1,1,KZ_BRAND_AND_SELECTED_SKUS,KZ_SKU_EVIDENCE_REQUIRED,https://www.vladmiva.ru/products/plamevidnye-trubinnye/806-314-243-534-016/,vladmiva-dental-catalog.json
ВладМиВа official,ВладМиВа,876.314.243.080.018,806-314-243-534-018,00000021462,1,1,KZ_BRAND_AND_SELECTED_SKUS,KZ_SKU_EVIDENCE_REQUIRED,https://www.vladmiva.ru/products/plamevidnye-trubinnye/806-314-243-534-018/,vladmiva-dental-catalog.json
ВладМиВа official,ВладМиВа,876.315.243.080.014,806-315-243-534-014,00000009127,1,1,KZ_BRAND_AND_SELECTED_SKUS,KZ_SKU_EVIDENCE_REQUIRED,https://www.vladmiva.ru/products/plamevidnye-trubinnye/806-315-243-534-014/,vladmiva-dental-catalog.json
ВладМиВа official,ВладМиВа,876.315.243.080.016,806-315-243-534-016,00000019012,1,1,KZ_BRAND_AND_SELECTED_SKUS,KZ_SKU_EVIDENCE_REQUIRED,https://www.vladmiva.ru/products/plamevidnye-trubinnye/806-315-243-534-016/,vladmiva-dental-catalog.json
ВладМиВа official,ВладМиВа,876.315.243.080.018,806-315-243-534-018,00000010141,1,1,KZ_BRAND_AND_SELECTED_SKUS,KZ_SKU_EVIDENCE_REQUIRED,https://www.vladmiva.ru/products/plamevidnye-trubinnye/806-315-243-534-018/,vladmiva-dental-catalog.json
ВладМиВа official,ВладМиВа,836.314.237.040.014,806-314-238-504-014,00000026714,1,1,KZ_BRAND_AND_SELECTED_SKUS,KZ_SKU_EVIDENCE_REQUIRED,https://www.vladmiva.ru/products/prochie-formy-trubinnye/806-314-238-504-014/,vladmiva-dental-catalog.json
ВладМиВа official,ВладМиВа,836.314.237.070.021,806-314-239-504-021,00000014420,1,1,KZ_BRAND_AND_SELECTED_SKUS,KZ_SKU_EVIDENCE_REQUIRED,https://www.vladmiva.ru/products/prochie-formy-trubinnye/806-314-239-504-021/,vladmiva-dental-catalog.json
ВладМиВа official,ВладМиВа,836.314.254.030.010,806-314-257-504-010,00000018910,1,1,KZ_BRAND_AND_SELECTED_SKUS,KZ_SKU_EVIDENCE_REQUIRED,https://www.vladmiva.ru/products/prochie-formy-trubinnye/806-314-257-504-010/,vladmiva-dental-catalog.json
ВладМиВа official,ВладМиВа,836.314.254.030.012,806-314-257-504-012,00000024283,1,1,KZ_BRAND_AND_SELECTED_SKUS,KZ_SKU_EVIDENCE_REQUIRED,https://www.vladmiva.ru/products/prochie-formy-trubinnye/806-314-257-504-012/,vladmiva-dental-catalog.json
ВладМиВа official,ВладМиВа,836.314.254.030.014,806-314-257-504-014,00000014937,1,1,KZ_BRAND_AND_SELECTED_SKUS,KZ_SKU_EVIDENCE_REQUIRED,https://www.vladmiva.ru/products/prochie-formy-trubinnye/806-314-257-504-014/,vladmiva-dental-catalog.json
ВладМиВа official,ВладМиВа,836.314.254.045.016,806-314-257-504-016,00000014938,1,1,KZ_BRAND_AND_SELECTED_SKUS,KZ_SKU_EVIDENCE_REQUIRED,https://www.vladmiva.ru/products/prochie-formy-trubinnye/806-314-257-504-016/,vladmiva-dental-catalog.json
ВладМиВа official,ВладМиВа,836.314.254.050.018,806-314-257-504-018,00000045905,1,1,KZ_BRAND_AND_SELECTED_SKUS,KZ_SKU_EVIDENCE_REQUIRED,https://www.vladmiva.ru/products/prochie-formy-trubinnye/806-314-257-504-018/,vladmiva-dental-catalog.json
ВладМиВа official,ВладМиВа,836.314.254.050.021,806-314-257-504-021,00000015124,1,1,KZ_BRAND_AND_SELECTED_SKUS,KZ_SKU_EVIDENCE_REQUIRED,https://www.vladmiva.ru/products/prochie-formy-trubinnye/806-314-257-504-021/,vladmiva-dental-catalog.json
ВладМиВа official,ВладМиВа,836.314.254.050.025,806-314-257-504-025,00000019878,1,1,KZ_BRAND_AND_SELECTED_SKUS,KZ_SKU_EVIDENCE_REQUIRED,https://www.vladmiva.ru/products/prochie-formy-trubinnye/806-314-257-504-025/,vladmiva-dental-catalog.json
ВладМиВа official,ВладМиВа,836.314.272.100.010,806-314-274-504-010,00000036457,1,1,KZ_BRAND_AND_SELECTED_SKUS,KZ_SKU_EVIDENCE_REQUIRED,https://www.vladmiva.ru/products/prochie-formy-trubinnye/806-314-274-504-010/,vladmiva-dental-catalog.json
ВладМиВа official,ВладМиВа,836.314.272.100.012,806-314-274-504-012,00000018911,1,1,KZ_BRAND_AND_SELECTED_SKUS,KZ_SKU_EVIDENCE_REQUIRED,https://www.vladmiva.ru/products/prochie-formy-trubinnye/806-314-274-504-012/,vladmiva-dental-catalog.json
ВладМиВа official,ВладМиВа,836.314.272.100.014,806-314-274-504-014,00000019804,1,1,KZ_BRAND_AND_SELECTED_SKUS,KZ_SKU_EVIDENCE_REQUIRED,https://www.vladmiva.ru/products/prochie-formy-trubinnye/806-314-274-504-014/,vladmiva-dental-catalog.json
ВладМиВа official,ВладМиВа,836.314.277.028.012,806-314-277-504-012,00000021204,1,1,KZ_BRAND_AND_SELECTED_SKUS,KZ_SKU_EVIDENCE_REQUIRED,https://www.vladmiva.ru/products/prochie-formy-trubinnye/806-314-277-504-012/,vladmiva-dental-catalog.json
ВладМиВа official,ВладМиВа,836.314.277.034.014,806-314-277-504-014,00000041891,1,1,KZ_BRAND_AND_SELECTED_SKUS,KZ_SKU_EVIDENCE_REQUIRED,https://www.vladmiva.ru/products/prochie-formy-trubinnye/806-314-277-504-014/,vladmiva-dental-catalog.json
ВладМиВа official,ВладМиВа,836.314.277.036.016,806-314-277-504-016,00000014939,1,1,KZ_BRAND_AND_SELECTED_SKUS,KZ_SKU_EVIDENCE_REQUIRED,https://www.vladmiva.ru/products/prochie-formy-trubinnye/806-314-277-504-016/,vladmiva-dental-catalog.json
ВладМиВа official,ВладМиВа,836.314.277.042.021,806-314-277-504-021,00000014940,1,1,KZ_BRAND_AND_SELECTED_SKUS,KZ_SKU_EVIDENCE_REQUIRED,https://www.vladmiva.ru/products/prochie-formy-trubinnye/806-314-277-504-021/,vladmiva-dental-catalog.json
ВладМиВа official,ВладМиВа,836.314.465.050.014,806-314-465-504-014,00000021157,1,1,KZ_BRAND_AND_SELECTED_SKUS,KZ_SKU_EVIDENCE_REQUIRED,https://www.vladmiva.ru/products/prochie-formy-trubinnye/806-314-465-504-014/,vladmiva-dental-catalog.json
ВладМиВа official,ВладМиВа,836.314.465.050.016,806-314-465-504-016,00000055932,1,1,KZ_BRAND_AND_SELECTED_SKUS,KZ_SKU_EVIDENCE_REQUIRED,https://www.vladmiva.ru/products/prochie-formy-trubinnye/806-314-465-504-016/,vladmiva-dental-catalog.json
ВладМиВа official,ВладМиВа,836.314.539.040.010,806-314-540-504-010,00000014943,1,1,KZ_BRAND_AND_SELECTED_SKUS,KZ_SKU_EVIDENCE_REQUIRED,https://www.vladmiva.ru/products/prochie-formy-trubinnye/806-314-540-504-010/,vladmiva-dental-catalog.json
ВладМиВа official,ВладМиВа,836.314.539.040.012,806-314-540-504-012,00000014419,1,1,KZ_BRAND_AND_SELECTED_SKUS,KZ_SKU_EVIDENCE_REQUIRED,https://www.vladmiva.ru/products/prochie-formy-trubinnye/806-314-540-504-012/,vladmiva-dental-catalog.json
ВладМиВа official,ВладМиВа,836.314.539.040.014,806-314-540-504-014,00000018912,1,1,KZ_BRAND_AND_SELECTED_SKUS,KZ_SKU_EVIDENCE_REQUIRED,https://www.vladmiva.ru/products/prochie-formy-trubinnye/806-314-540-504-014/,vladmiva-dental-catalog.json
ВладМиВа official,ВладМиВа,836.315.254.030.012,806-315-257-504-012,00000040302,1,1,KZ_BRAND_AND_SELECTED_SKUS,KZ_SKU_EVIDENCE_REQUIRED,https://www.vladmiva.ru/products/prochie-formy-trubinnye/806-315-257-504-012/,vladmiva-dental-catalog.json
ВладМиВа official,ВладМиВа,836.315.254.030.014,806-315-257-504-014,00000040324,1,1,KZ_BRAND_AND_SELECTED_SKUS,KZ_SKU_EVIDENCE_REQUIRED,https://www.vladmiva.ru/products/prochie-formy-trubinnye/806-315-257-504-014/,vladmiva-dental-catalog.json
ВладМиВа official,ВладМиВа,836.315.254.045.016,806-315-257-504-016,00000040303,1,1,KZ_BRAND_AND_SELECTED_SKUS,KZ_SKU_EVIDENCE_REQUIRED,https://www.vladmiva.ru/products/prochie-formy-trubinnye/806-315-257-504-016/,vladmiva-dental-catalog.json
ВладМиВа official,ВладМиВа,836.315.254.050.018,806-315-257-504-018,00000036245,1,1,KZ_BRAND_AND_SELECTED_SKUS,KZ_SKU_EVIDENCE_REQUIRED,https://www.vladmiva.ru/products/prochie-formy-trubinnye/806-315-257-504-018/,vladmiva-dental-catalog.json
ВладМиВа official,ВладМиВа,836.315.254.050.021,806-315-257-504-021,00000022310,1,1,KZ_BRAND_AND_SELECTED_SKUS,KZ_SKU_EVIDENCE_REQUIRED,https://www.vladmiva.ru/products/prochie-formy-trubinnye/806-315-257-504-021/,vladmiva-dental-catalog.json
ВладМиВа official,ВладМиВа,836.315.254.050.025,806-315-257-504-025,00000037744,1,1,KZ_BRAND_AND_SELECTED_SKUS,KZ_SKU_EVIDENCE_REQUIRED,https://www.vladmiva.ru/products/prochie-formy-trubinnye/806-315-257-504-025/,vladmiva-dental-catalog.json
ВладМиВа official,ВладМиВа,836.315.277.036.016,806-315-277-504-016,00000013112,1,1,KZ_BRAND_AND_SELECTED_SKUS,KZ_SKU_EVIDENCE_REQUIRED,https://www.vladmiva.ru/products/prochie-formy-trubinnye/806-315-277-504-016/,vladmiva-dental-catalog.json
ВладМиВа official,ВладМиВа,836.315.277.042.021,806-315-277-504-021,00000017801,1,1,KZ_BRAND_AND_SELECTED_SKUS,KZ_SKU_EVIDENCE_REQUIRED,https://www.vladmiva.ru/products/prochie-formy-trubinnye/806-315-277-504-021/,vladmiva-dental-catalog.json
ВладМиВа official,ВладМиВа,836.315.539.040.010,806-315-540-504-010,00000041518,1,1,KZ_BRAND_AND_SELECTED_SKUS,KZ_SKU_EVIDENCE_REQUIRED,https://www.vladmiva.ru/products/prochie-formy-trubinnye/806-315-540-504-010/,vladmiva-dental-catalog.json
ВладМиВа official,ВладМиВа,856.314.032.016.010,806-314-032-514-010_1,00000023428,1,1,KZ_BRAND_AND_SELECTED_SKUS,KZ_SKU_EVIDENCE_REQUIRED,https://www.vladmiva.ru/products/prochie-formy-trubinnye/806-314-032-514-010_1/,vladmiva-dental-catalog.json
ВладМиВа official,ВладМиВа,856.314.032.016.012,806-314-032-514-012,00000023427,1,1,KZ_BRAND_AND_SELECTED_SKUS,KZ_SKU_EVIDENCE_REQUIRED,https://www.vladmiva.ru/products/prochie-formy-trubinnye/806-314-032-514-012/,vladmiva-dental-catalog.json
ВладМиВа official,ВладМиВа,856.314.032.018.014,806-314-032-514-014,00000034452,1,1,KZ_BRAND_AND_SELECTED_SKUS,KZ_SKU_EVIDENCE_REQUIRED,https://www.vladmiva.ru/products/prochie-formy-trubinnye/806-314-032-514-014/,vladmiva-dental-catalog.json
ВладМиВа official,ВладМиВа,856.314.032.020.016,806-314-032-514-016,00000055674,1,1,KZ_BRAND_AND_SELECTED_SKUS,KZ_SKU_EVIDENCE_REQUIRED,https://www.vladmiva.ru/products/prochie-formy-trubinnye/806-314-032-514-016/,vladmiva-dental-catalog.json
ВладМиВа official,ВладМиВа,856.314.037.040.031,806-314-038-514-031,00000071198,1,1,KZ_BRAND_AND_SELECTED_SKUS,KZ_SKU_EVIDENCE_REQUIRED,https://www.vladmiva.ru/products/prochie-formy-trubinnye/806-314-038-514-031/,vladmiva-dental-catalog.json
ВладМиВа official,ВладМиВа,856.314.040.018.040,806-314-042-514-040,00000055672,1,1,KZ_BRAND_AND_SELECTED_SKUS,KZ_SKU_EVIDENCE_REQUIRED,https://www.vladmiva.ru/products/prochie-formy-trubinnye/806-314-042-514-040/,vladmiva-dental-catalog.json
ВладМиВа official,ВладМиВа,856.314.040.018.050,806-314-042-514-050,00000008864,1,1,KZ_BRAND_AND_SELECTED_SKUS,KZ_SKU_EVIDENCE_REQUIRED,https://www.vladmiva.ru/products/prochie-formy-trubinnye/806-314-042-514-050/,vladmiva-dental-catalog.json
ВладМиВа official,ВладМиВа,856.314.067.008.025,806-314-068-514-025,00000017503,1,1,KZ_BRAND_AND_SELECTED_SKUS,KZ_SKU_EVIDENCE_REQUIRED,https://www.vladmiva.ru/products/prochie-formy-trubinnye/806-314-068-514-025/,vladmiva-dental-catalog.json
ВладМиВа official,ВладМиВа,856.314.067.008.027,806-314-068-514-027,00000022285,1,1,KZ_BRAND_AND_SELECTED_SKUS,KZ_SKU_EVIDENCE_REQUIRED,https://www.vladmiva.ru/products/prochie-formy-trubinnye/806-314-068-514-027/,vladmiva-dental-catalog.json
ВладМиВа official,ВладМиВа,856.314.067.013.040,806-314-068-514-040,00000017502,1,1,KZ_BRAND_AND_SELECTED_SKUS,KZ_SKU_EVIDENCE_REQUIRED,https://www.vladmiva.ru/products/prochie-formy-trubinnye/806-314-068-514-040/,vladmiva-dental-catalog.json
ВладМиВа official,ВладМиВа,856.314.067.018.050,806-314-068-514-050,00000014801,1,1,KZ_BRAND_AND_SELECTED_SKUS,KZ_SKU_EVIDENCE_REQUIRED,https://www.vladmiva.ru/products/prochie-formy-trubinnye/806-314-068-514-050/,vladmiva-dental-catalog.json
ВладМиВа official,ВладМиВа,856.314.237.030.010,806-314-233-514-010,00000014346,1,1,KZ_BRAND_AND_SELECTED_SKUS,KZ_SKU_EVIDENCE_REQUIRED,https://www.vladmiva.ru/products/prochie-formy-trubinnye/806-314-233-514-010/,vladmiva-dental-catalog.json
ВладМиВа official,ВладМиВа,856.314.237.030.012,806-314-233-514-012,00000014709,1,1,KZ_BRAND_AND_SELECTED_SKUS,KZ_SKU_EVIDENCE_REQUIRED,https://www.vladmiva.ru/products/prochie-formy-trubinnye/806-314-233-514-012/,vladmiva-dental-catalog.json
ВладМиВа official,ВладМиВа,856.314.237.040.012,806-314-238-514-012,00000014804,1,1,KZ_BRAND_AND_SELECTED_SKUS,KZ_SKU_EVIDENCE_REQUIRED,https://www.vladmiva.ru/products/prochie-formy-trubinnye/806-314-238-514-012/,vladmiva-dental-catalog.json
ВладМиВа official,ВладМиВа,856.314.237.040.014,806-314-238-514-014,00000014609,1,1,KZ_BRAND_AND_SELECTED_SKUS,KZ_SKU_EVIDENCE_REQUIRED,https://www.vladmiva.ru/products/prochie-formy-trubinnye/806-314-238-514-014/,vladmiva-dental-catalog.json
ВладМиВа official,ВладМиВа,856.314.237.070.021,806-314-239-514-021,00000014824,1,1,KZ_BRAND_AND_SELECTED_SKUS,KZ_SKU_EVIDENCE_REQUIRED,https://www.vladmiva.ru/products/prochie-formy-trubinnye/806-314-239-514-021/,vladmiva-dental-catalog.json
ВладМиВа official,ВладМиВа,856.314.254.030.010,806-314-257-514-010,00000018444,1,1,KZ_BRAND_AND_SELECTED_SKUS,KZ_SKU_EVIDENCE_REQUIRED,https://www.vladmiva.ru/products/prochie-formy-trubinnye/806-314-257-514-010/,vladmiva-dental-catalog.json
ВладМиВа official,ВладМиВа,856.314.254.030.012,806-314-257-514-012,00000023236,1,1,KZ_BRAND_AND_SELECTED_SKUS,KZ_SKU_EVIDENCE_REQUIRED,https://www.vladmiva.ru/products/prochie-formy-trubinnye/806-314-257-514-012/,vladmiva-dental-catalog.json
ВладМиВа official,ВладМиВа,856.314.254.030.014,806-314-257-514-014,00000014800,1,1,KZ_BRAND_AND_SELECTED_SKUS,KZ_SKU_EVIDENCE_REQUIRED,https://www.vladmiva.ru/products/prochie-formy-trubinnye/806-314-257-514-014/,vladmiva-dental-catalog.json
ВладМиВа official,ВладМиВа,856.314.254.045.016,806-314-257-514-016,00000014343,1,1,KZ_BRAND_AND_SELECTED_SKUS,KZ_SKU_EVIDENCE_REQUIRED,https://www.vladmiva.ru/products/prochie-formy-trubinnye/806-314-257-514-016/,vladmiva-dental-catalog.json
ВладМиВа official,ВладМиВа,856.314.254.050.018,806-314-257-514-018,00000036349,1,1,KZ_BRAND_AND_SELECTED_SKUS,KZ_SKU_EVIDENCE_REQUIRED,https://www.vladmiva.ru/products/prochie-formy-trubinnye/806-314-257-514-018/,vladmiva-dental-catalog.json
ВладМиВа official,ВладМиВа,856.314.254.050.021,806-314-257-514-021,00000014504,1,1,KZ_BRAND_AND_SELECTED_SKUS,KZ_SKU_EVIDENCE_REQUIRED,https://www.vladmiva.ru/products/prochie-formy-trubinnye/806-314-257-514-021/,vladmiva-dental-catalog.json
ВладМиВа official,ВладМиВа,856.314.254.050.023,806-314-257-514-023,00000047733,1,1,KZ_BRAND_AND_SELECTED_SKUS,KZ_SKU_EVIDENCE_REQUIRED,https://www.vladmiva.ru/products/prochie-formy-trubinnye/806-314-257-514-023/,vladmiva-dental-catalog.json
ВладМиВа official,ВладМиВа,856.314.254.050.025,806-314-257-514-025,00000014522,1,1,KZ_BRAND_AND_SELECTED_SKUS,KZ_SKU_EVIDENCE_REQUIRED,https://www.vladmiva.ru/products/prochie-formy-trubinnye/806-314-257-514-025/,vladmiva-dental-catalog.json
ВладМиВа official,ВладМиВа,856.314.272.100.010,806-314-274-514-010,00000034602,1,1,KZ_BRAND_AND_SELECTED_SKUS,KZ_SKU_EVIDENCE_REQUIRED,https://www.vladmiva.ru/products/prochie-formy-trubinnye/806-314-274-514-010/,vladmiva-dental-catalog.json
ВладМиВа official,ВладМиВа,856.314.272.100.012,806-314-274-514-012,00000012945,1,1,KZ_BRAND_AND_SELECTED_SKUS,KZ_SKU_EVIDENCE_REQUIRED,https://www.vladmiva.ru/products/prochie-formy-trubinnye/806-314-274-514-012/,vladmiva-dental-catalog.json
ВладМиВа official,ВладМиВа,856.314.272.100.014,806-314-274-514-014,00000018582,1,1,KZ_BRAND_AND_SELECTED_SKUS,KZ_SKU_EVIDENCE_REQUIRED,https://www.vladmiva.ru/products/prochie-formy-trubinnye/806-314-274-514-014/,vladmiva-dental-catalog.json
ВладМиВа official,ВладМиВа,856.314.272.100.016,806-314-274-514-016,00000023013,1,1,KZ_BRAND_AND_SELECTED_SKUS,KZ_SKU_EVIDENCE_REQUIRED,https://www.vladmiva.ru/products/prochie-formy-trubinnye/806-314-274-514-016/,vladmiva-dental-catalog.json
ВладМиВа official,ВладМиВа,856.314.277.028.012,806-314-277-514-012,00000021185,1,1,KZ_BRAND_AND_SELECTED_SKUS,KZ_SKU_EVIDENCE_REQUIRED,https://www.vladmiva.ru/products/prochie-formy-trubinnye/806-314-277-514-012/,vladmiva-dental-catalog.json
ВладМиВа official,ВладМиВа,856.314.277.034.014,806-314-277-514-014,00000006227,1,1,KZ_BRAND_AND_SELECTED_SKUS,KZ_SKU_EVIDENCE_REQUIRED,https://www.vladmiva.ru/products/prochie-formy-trubinnye/806-314-277-514-014/,vladmiva-dental-catalog.json
ВладМиВа official,ВладМиВа,856.314.277.036.016,806-314-277-514-016,00000014489,1,1,KZ_BRAND_AND_SELECTED_SKUS,KZ_SKU_EVIDENCE_REQUIRED,https://www.vladmiva.ru/products/prochie-formy-trubinnye/806-314-277-514-016/,vladmiva-dental-catalog.json
ВладМиВа official,ВладМиВа,856.314.277.041.018,806-314-277-514-018,00000014603,1,1,KZ_BRAND_AND_SELECTED_SKUS,KZ_SKU_EVIDENCE_REQUIRED,https://www.vladmiva.ru/products/prochie-formy-trubinnye/806-314-277-514-018/,vladmiva-dental-catalog.json
ВладМиВа official,ВладМиВа,856.314.277.042.021,806-314-277-514-021,00000014341,1,1,KZ_BRAND_AND_SELECTED_SKUS,KZ_SKU_EVIDENCE_REQUIRED,https://www.vladmiva.ru/products/prochie-formy-trubinnye/806-314-277-514-021/,vladmiva-dental-catalog.json
ВладМиВа official,ВладМиВа,856.314.303.007.021,806-314-304-514-021,00000014717,1,1,KZ_BRAND_AND_SELECTED_SKUS,KZ_SKU_EVIDENCE_REQUIRED,https://www.vladmiva.ru/products/prochie-formy-trubinnye/806-314-304-514-021/,vladmiva-dental-catalog.json
ВладМиВа official,ВладМиВа,856.314.303.011.040,806-314-304-514-040,00000007625,1,1,KZ_BRAND_AND_SELECTED_SKUS,KZ_SKU_EVIDENCE_REQUIRED,https://www.vladmiva.ru/products/prochie-formy-trubinnye/806-314-304-514-040/,vladmiva-dental-catalog.json
ВладМиВа official,ВладМиВа,856.314.465.050.014,806-314-465-514-014,00000013148,1,1,KZ_BRAND_AND_SELECTED_SKUS,KZ_SKU_EVIDENCE_REQUIRED,https://www.vladmiva.ru/products/prochie-formy-trubinnye/806-314-465-514-014/,vladmiva-dental-catalog.json
ВладМиВа official,ВладМиВа,856.314.465.050.016,806-314-465-514-016,00000003021,1,1,KZ_BRAND_AND_SELECTED_SKUS,KZ_SKU_EVIDENCE_REQUIRED,https://www.vladmiva.ru/products/prochie-formy-trubinnye/806-314-465-514-016/,vladmiva-dental-catalog.json
ВладМиВа official,ВладМиВа,856.314.539.040.009,806-314-540-514-009,00000041251,1,1,KZ_BRAND_AND_SELECTED_SKUS,KZ_SKU_EVIDENCE_REQUIRED,https://www.vladmiva.ru/products/prochie-formy-trubinnye/806-314-540-514-009/,vladmiva-dental-catalog.json
ВладМиВа official,ВладМиВа,856.314.539.040.010,806-314-540-514-010,00000014808,1,1,KZ_BRAND_AND_SELECTED_SKUS,KZ_SKU_EVIDENCE_REQUIRED,https://www.vladmiva.ru/products/prochie-formy-trubinnye/806-314-540-514-010/,vladmiva-dental-catalog.json
ВладМиВа official,ВладМиВа,856.314.539.040.012,806-314-540-514-012,00000014400,1,1,KZ_BRAND_AND_SELECTED_SKUS,KZ_SKU_EVIDENCE_REQUIRED,https://www.vladmiva.ru/products/prochie-formy-trubinnye/806-314-540-514-012/,vladmiva-dental-catalog.json
ВладМиВа official,ВладМиВа,856.314.539.040.014,806-314-540-514-014,00000018804,1,1,KZ_BRAND_AND_SELECTED_SKUS,KZ_SKU_EVIDENCE_REQUIRED,https://www.vladmiva.ru/products/prochie-formy-trubinnye/806-314-540-514-014/,vladmiva-dental-catalog.json
ВладМиВа official,ВладМиВа,856.315.254.030.010,806-315-257-514-010,00000006503,1,1,KZ_BRAND_AND_SELECTED_SKUS,KZ_SKU_EVIDENCE_REQUIRED,https://www.vladmiva.ru/products/prochie-formy-trubinnye/806-315-257-514-010/,vladmiva-dental-catalog.json
ВладМиВа official,ВладМиВа,856.315.254.030.012,806-315-257-514-012,00000040271,1,1,KZ_BRAND_AND_SELECTED_SKUS,KZ_SKU_EVIDENCE_REQUIRED,https://www.vladmiva.ru/products/prochie-formy-trubinnye/806-315-257-514-012/,vladmiva-dental-catalog.json
ВладМиВа official,ВладМиВа,856.315.254.030.014,806-315-257-514-014,00000012623,1,1,KZ_BRAND_AND_SELECTED_SKUS,KZ_SKU_EVIDENCE_REQUIRED,https://www.vladmiva.ru/products/prochie-formy-trubinnye/806-315-257-514-014/,vladmiva-dental-catalog.json
ВладМиВа official,ВладМиВа,856.315.254.045.016,806-315-257-514-016,00000012527,1,1,KZ_BRAND_AND_SELECTED_SKUS,KZ_SKU_EVIDENCE_REQUIRED,https://www.vladmiva.ru/products/prochie-formy-trubinnye/806-315-257-514-016/,vladmiva-dental-catalog.json
ВладМиВа official,ВладМиВа,856.315.254.050.018,806-315-257-514-018,00000012526,1,1,KZ_BRAND_AND_SELECTED_SKUS,KZ_SKU_EVIDENCE_REQUIRED,https://www.vladmiva.ru/products/prochie-formy-trubinnye/806-315-257-514-018/,vladmiva-dental-catalog.json
ВладМиВа official,ВладМиВа,856.315.254.050.021,806-315-257-514-021,00000021973,1,1,KZ_BRAND_AND_SELECTED_SKUS,KZ_SKU_EVIDENCE_REQUIRED,https://www.vladmiva.ru/products/prochie-formy-trubinnye/806-315-257-514-021/,vladmiva-dental-catalog.json
ВладМиВа official,ВладМиВа,856.315.254.050.025,806-315-257-514-025,00000008425,1,1,KZ_BRAND_AND_SELECTED_SKUS,KZ_SKU_EVIDENCE_REQUIRED,https://www.vladmiva.ru/products/prochie-formy-trubinnye/806-315-257-514-025/,vladmiva-dental-catalog.json
ВладМиВа official,ВладМиВа,856.315.277.028.012,806-315-277-514-012,00000040323,1,1,KZ_BRAND_AND_SELECTED_SKUS,KZ_SKU_EVIDENCE_REQUIRED,https://www.vladmiva.ru/products/prochie-formy-trubinnye/806-315-277-514-012/,vladmiva-dental-catalog.json
ВладМиВа official,ВладМиВа,856.315.277.034.014,806-315-277-514-014,00000054341,1,1,KZ_BRAND_AND_SELECTED_SKUS,KZ_SKU_EVIDENCE_REQUIRED,https://www.vladmiva.ru/products/prochie-formy-trubinnye/806-315-277-514-014/,vladmiva-dental-catalog.json
ВладМиВа official,ВладМиВа,856.315.277.036.016,806-315-277-514-016,00000017531,1,1,KZ_BRAND_AND_SELECTED_SKUS,KZ_SKU_EVIDENCE_REQUIRED,https://www.vladmiva.ru/products/prochie-formy-trubinnye/806-315-277-514-016/,vladmiva-dental-catalog.json
ВладМиВа official,ВладМиВа,856.315.277.041.018,806-315-277-514-018,00000034610,1,1,KZ_BRAND_AND_SELECTED_SKUS,KZ_SKU_EVIDENCE_REQUIRED,https://www.vladmiva.ru/products/prochie-formy-trubinnye/806-315-277-514-018/,vladmiva-dental-catalog.json
ВладМиВа official,ВладМиВа,856.315.277.042.021,806-315-277-514-021,00000017526,1,1,KZ_BRAND_AND_SELECTED_SKUS,KZ_SKU_EVIDENCE_REQUIRED,https://www.vladmiva.ru/products/prochie-formy-trubinnye/806-315-277-514-021/,vladmiva-dental-catalog.json
ВладМиВа official,ВладМиВа,856.315.303.007.021,806-315-304-514-021,00000014523,1,1,KZ_BRAND_AND_SELECTED_SKUS,KZ_SKU_EVIDENCE_REQUIRED,https://www.vladmiva.ru/products/prochie-formy-trubinnye/806-315-304-514-021/,vladmiva-dental-catalog.json
ВладМиВа official,ВладМиВа,866.314.032.016.014,806-314-032-524-014,00000002793,1,1,KZ_BRAND_AND_SELECTED_SKUS,KZ_SKU_EVIDENCE_REQUIRED,https://www.vladmiva.ru/products/prochie-formy-trubinnye/806-314-032-524-014/,vladmiva-dental-catalog.json
ВладМиВа official,ВладМиВа,866.314.032.018.016,806-314-032-524-016,00000002794,1,1,KZ_BRAND_AND_SELECTED_SKUS,KZ_SKU_EVIDENCE_REQUIRED,https://www.vladmiva.ru/products/prochie-formy-trubinnye/806-314-032-524-016/,vladmiva-dental-catalog.json
ВладМиВа official,ВладМиВа,866.314.032.020.018,806-314-032-524-018,00000002795,1,1,KZ_BRAND_AND_SELECTED_SKUS,KZ_SKU_EVIDENCE_REQUIRED,https://www.vladmiva.ru/products/prochie-formy-trubinnye/806-314-032-524-018/,vladmiva-dental-catalog.json
ВладМиВа official,ВладМиВа,866.314.037.040.033,806-314-038-524-033,00000002799,1,1,KZ_BRAND_AND_SELECTED_SKUS,KZ_SKU_EVIDENCE_REQUIRED,https://www.vladmiva.ru/products/prochie-formy-trubinnye/806-314-038-524-033/,vladmiva-dental-catalog.json
ВладМиВа official,ВладМиВа,866.314.040.008.040,806-314-041-524-040,00000002800,1,1,KZ_BRAND_AND_SELECTED_SKUS,KZ_SKU_EVIDENCE_REQUIRED,https://www.vladmiva.ru/products/prochie-formy-trubinnye/806-314-041-524-040/,vladmiva-dental-catalog.json
ВладМиВа official,ВладМиВа,866.314.040.018.040,806-314-042-524-040,00000002802,1,1,KZ_BRAND_AND_SELECTED_SKUS,KZ_SKU_EVIDENCE_REQUIRED,https://www.vladmiva.ru/products/prochie-formy-trubinnye/806-314-042-524-040/,vladmiva-dental-catalog.json
ВладМиВа official,ВладМиВа,866.314.040.018.050,806-314-042-524-050,00000002803,1,1,KZ_BRAND_AND_SELECTED_SKUS,KZ_SKU_EVIDENCE_REQUIRED,https://www.vladmiva.ru/products/prochie-formy-trubinnye/806-314-042-524-050/,vladmiva-dental-catalog.json
ВладМиВа official,ВладМиВа,866.314.067.008.027,806-314-068-524-027,00000002804,1,1,KZ_BRAND_AND_SELECTED_SKUS,KZ_SKU_EVIDENCE_REQUIRED,https://www.vladmiva.ru/products/prochie-formy-trubinnye/806-314-068-524-027/,vladmiva-dental-catalog.json
ВладМиВа official,ВладМиВа,866.314.067.008.033,806-314-068-524-033,00000022499,1,1,KZ_BRAND_AND_SELECTED_SKUS,KZ_SKU_EVIDENCE_REQUIRED,https://www.vladmiva.ru/products/prochie-formy-trubinnye/806-314-068-524-033/,vladmiva-dental-catalog.json
ВладМиВа official,ВладМиВа,866.314.067.013.040,806-314-068-524-040,00000002805,1,1,KZ_BRAND_AND_SELECTED_SKUS,KZ_SKU_EVIDENCE_REQUIRED,https://www.vladmiva.ru/products/prochie-formy-trubinnye/806-314-068-524-040/,vladmiva-dental-catalog.json
ВладМиВа official,ВладМиВа,866.314.067.018.050,806-314-068-524-050,00000002806,1,1,KZ_BRAND_AND_SELECTED_SKUS,KZ_SKU_EVIDENCE_REQUIRED,https://www.vladmiva.ru/products/prochie-formy-trubinnye/806-314-068-524-050/,vladmiva-dental-catalog.json
ВладМиВа official,ВладМиВа,866.314.219.100.012,806-314-219-524-012,00000043210,1,1,KZ_BRAND_AND_SELECTED_SKUS,KZ_SKU_EVIDENCE_REQUIRED,https://www.vladmiva.ru/products/prochie-formy-trubinnye/806-314-219-524-012/,vladmiva-dental-catalog.json
ВладМиВа official,ВладМиВа,866.314.237.030.012,806-314-233-524-012,00000002942,1,1,KZ_BRAND_AND_SELECTED_SKUS,KZ_SKU_EVIDENCE_REQUIRED,https://www.vladmiva.ru/products/prochie-formy-trubinnye/806-314-233-524-012/,vladmiva-dental-catalog.json
ВладМиВа official,ВладМиВа,866.314.237.030.014,806-314-233-524-014,00000002943,1,1,KZ_BRAND_AND_SELECTED_SKUS,KZ_SKU_EVIDENCE_REQUIRED,https://www.vladmiva.ru/products/prochie-formy-trubinnye/806-314-233-524-014/,vladmiva-dental-catalog.json
ВладМиВа official,ВладМиВа,866.314.237.030.016,806-314-233-524-016,00000071197,1,1,KZ_BRAND_AND_SELECTED_SKUS,KZ_SKU_EVIDENCE_REQUIRED,https://www.vladmiva.ru/products/prochie-formy-trubinnye/806-314-233-524-016/,vladmiva-dental-catalog.json
ВладМиВа official,ВладМиВа,866.314.237.040.012,806-314-238-524-012,00000002944,1,1,KZ_BRAND_AND_SELECTED_SKUS,KZ_SKU_EVIDENCE_REQUIRED,https://www.vladmiva.ru/products/prochie-formy-trubinnye/806-314-238-524-012/,vladmiva-dental-catalog.json
ВладМиВа official,ВладМиВа,866.314.237.040.014,806-314-238-524-014,00000002945,1,1,KZ_BRAND_AND_SELECTED_SKUS,KZ_SKU_EVIDENCE_REQUIRED,https://www.vladmiva.ru/products/prochie-formy-trubinnye/806-314-238-524-014/,vladmiva-dental-catalog.json
ВладМиВа official,ВладМиВа,866.314.237.040.016,806-314-238-524-016,00000002946,1,1,KZ_BRAND_AND_SELECTED_SKUS,KZ_SKU_EVIDENCE_REQUIRED,https://www.vladmiva.ru/products/prochie-formy-trubinnye/806-314-238-524-016/,vladmiva-dental-catalog.json
ВладМиВа official,ВладМиВа,866.314.237.040.018,806-314-238-524-018,00000042581,1,1,KZ_BRAND_AND_SELECTED_SKUS,KZ_SKU_EVIDENCE_REQUIRED,https://www.vladmiva.ru/products/prochie-formy-trubinnye/806-314-238-524-018/,vladmiva-dental-catalog.json
ВладМиВа official,ВладМиВа,866.314.237.050.023,806-314-237-524-023,00000044089,1,1,KZ_BRAND_AND_SELECTED_SKUS,KZ_SKU_EVIDENCE_REQUIRED,https://www.vladmiva.ru/products/prochie-formy-trubinnye/806-314-237-524-023/,vladmiva-dental-catalog.json
ВладМиВа official,ВладМиВа,866.314.237.070.021,806-314-239-524-021,00000024450,1,1,KZ_BRAND_AND_SELECTED_SKUS,KZ_SKU_EVIDENCE_REQUIRED,https://www.vladmiva.ru/products/prochie-formy-trubinnye/806-314-239-524-021/,vladmiva-dental-catalog.json
ВладМиВа official,ВладМиВа,866.314.237.070.023,806-314-239-524-023,00000002947,1,1,KZ_BRAND_AND_SELECTED_SKUS,KZ_SKU_EVIDENCE_REQUIRED,https://www.vladmiva.ru/products/prochie-formy-trubinnye/806-314-239-524-023/,vladmiva-dental-catalog.json
ВладМиВа official,ВладМиВа,866.314.254.030.012,806-314-257-524-012,00000014823,1,1,KZ_BRAND_AND_SELECTED_SKUS,KZ_SKU_EVIDENCE_REQUIRED,https://www.vladmiva.ru/products/prochie-formy-trubinnye/806-314-257-524-012/,vladmiva-dental-catalog.json
ВладМиВа official,ВладМиВа,866.314.254.030.014,806-314-257-524-014,00000023940,1,1,KZ_BRAND_AND_SELECTED_SKUS,KZ_SKU_EVIDENCE_REQUIRED,https://www.vladmiva.ru/products/prochie-formy-trubinnye/806-314-257-524-014/,vladmiva-dental-catalog.json
ВладМиВа official,ВладМиВа,866.314.254.030.016,806-314-257-524-016,00000002978,1,1,KZ_BRAND_AND_SELECTED_SKUS,KZ_SKU_EVIDENCE_REQUIRED,https://www.vladmiva.ru/products/prochie-formy-trubinnye/806-314-257-524-016/,vladmiva-dental-catalog.json
ВладМиВа official,ВладМиВа,866.314.254.045.018,806-314-257-524-018,00000002979,1,1,KZ_BRAND_AND_SELECTED_SKUS,KZ_SKU_EVIDENCE_REQUIRED,https://www.vladmiva.ru/products/prochie-formy-trubinnye/806-314-257-524-018/,vladmiva-dental-catalog.json
ВладМиВа official,ВладМиВа,866.314.254.050.021,806-314-257-524-021,00000036348,1,1,KZ_BRAND_AND_SELECTED_SKUS,KZ_SKU_EVIDENCE_REQUIRED,https://www.vladmiva.ru/products/prochie-formy-trubinnye/806-314-257-524-021/,vladmiva-dental-catalog.json
ВладМиВа official,ВладМиВа,866.314.254.050.023,806-314-257-524-023,00000002980,1,1,KZ_BRAND_AND_SELECTED_SKUS,KZ_SKU_EVIDENCE_REQUIRED,https://www.vladmiva.ru/products/prochie-formy-trubinnye/806-314-257-524-023/,vladmiva-dental-catalog.json
ВладМиВа official,ВладМиВа,866.314.254.050.027,806-314-257-524-027,00000002981,1,1,KZ_BRAND_AND_SELECTED_SKUS,KZ_SKU_EVIDENCE_REQUIRED,https://www.vladmiva.ru/products/prochie-formy-trubinnye/806-314-257-524-027/,vladmiva-dental-catalog.json
ВладМиВа official,ВладМиВа,866.314.272.100.012,806-314-274-524-012,00000034603,1,1,KZ_BRAND_AND_SELECTED_SKUS,KZ_SKU_EVIDENCE_REQUIRED,https://www.vladmiva.ru/products/prochie-formy-trubinnye/806-314-274-524-012/,vladmiva-dental-catalog.json
ВладМиВа official,ВладМиВа,866.314.272.100.014,806-314-274-524-014,00000003019,1,1,KZ_BRAND_AND_SELECTED_SKUS,KZ_SKU_EVIDENCE_REQUIRED,https://www.vladmiva.ru/products/prochie-formy-trubinnye/806-314-274-524-014/,vladmiva-dental-catalog.json
ВладМиВа official,ВладМиВа,866.314.272.100.016,806-314-274-524-016,00000003020,1,1,KZ_BRAND_AND_SELECTED_SKUS,KZ_SKU_EVIDENCE_REQUIRED,https://www.vladmiva.ru/products/prochie-formy-trubinnye/806-314-274-524-016/,vladmiva-dental-catalog.json
ВладМиВа official,ВладМиВа,866.314.272.100.018,806-314-274-524-018,00000023067,1,1,KZ_BRAND_AND_SELECTED_SKUS,KZ_SKU_EVIDENCE_REQUIRED,https://www.vladmiva.ru/products/prochie-formy-trubinnye/806-314-274-524-018/,vladmiva-dental-catalog.json
ВладМиВа official,ВладМиВа,866.314.277.028.014,806-314-277-524-014,00000021441,1,1,KZ_BRAND_AND_SELECTED_SKUS,KZ_SKU_EVIDENCE_REQUIRED,https://www.vladmiva.ru/products/prochie-formy-trubinnye/806-314-277-524-014/,vladmiva-dental-catalog.json
ВладМиВа official,ВладМиВа,866.314.277.034.016,806-314-277-524-016,00000005784,1,1,KZ_BRAND_AND_SELECTED_SKUS,KZ_SKU_EVIDENCE_REQUIRED,https://www.vladmiva.ru/products/prochie-formy-trubinnye/806-314-277-524-016/,vladmiva-dental-catalog.json
ВладМиВа official,ВладМиВа,866.314.277.036.018,806-314-277-524-018,00000002988,1,1,KZ_BRAND_AND_SELECTED_SKUS,KZ_SKU_EVIDENCE_REQUIRED,https://www.vladmiva.ru/products/prochie-formy-trubinnye/806-314-277-524-018/,vladmiva-dental-catalog.json
ВладМиВа official,ВладМиВа,866.314.277.041.021,806-314-277-524-021,00000034608,1,1,KZ_BRAND_AND_SELECTED_SKUS,KZ_SKU_EVIDENCE_REQUIRED,https://www.vladmiva.ru/products/prochie-formy-trubinnye/806-314-277-524-021/,vladmiva-dental-catalog.json
ВладМиВа official,ВладМиВа,866.314.277.042.023,806-314-277-524-023,00000002989,1,1,KZ_BRAND_AND_SELECTED_SKUS,KZ_SKU_EVIDENCE_REQUIRED,https://www.vladmiva.ru/products/prochie-formy-trubinnye/806-314-277-524-023/,vladmiva-dental-catalog.json
ВладМиВа official,ВладМиВа,866.314.303.007.023,806-314-304-524-023,00000003017,1,1,KZ_BRAND_AND_SELECTED_SKUS,KZ_SKU_EVIDENCE_REQUIRED,https://www.vladmiva.ru/products/prochie-formy-trubinnye/806-314-304-524-023/,vladmiva-dental-catalog.json
ВладМиВа official,ВладМиВа,866.314.303.011.040,806-314-304-524-040,00000003016,1,1,KZ_BRAND_AND_SELECTED_SKUS,KZ_SKU_EVIDENCE_REQUIRED,https://www.vladmiva.ru/products/prochie-formy-trubinnye/806-314-304-524-040/,vladmiva-dental-catalog.json
ВладМиВа official,ВладМиВа,866.314.465.050.014,806-314-465-524-014,00000009197,1,1,KZ_BRAND_AND_SELECTED_SKUS,KZ_SKU_EVIDENCE_REQUIRED,https://www.vladmiva.ru/products/prochie-formy-trubinnye/806-314-465-524-014/,vladmiva-dental-catalog.json
ВладМиВа official,ВладМиВа,866.314.465.050.016,806-314-465-524-016,00000014822,1,1,KZ_BRAND_AND_SELECTED_SKUS,KZ_SKU_EVIDENCE_REQUIRED,https://www.vladmiva.ru/products/prochie-formy-trubinnye/806-314-465-524-016/,vladmiva-dental-catalog.json
ВладМиВа official,ВладМиВа,866.314.465.050.018,806-314-465-524-018,00000004399,1,1,KZ_BRAND_AND_SELECTED_SKUS,KZ_SKU_EVIDENCE_REQUIRED,https://www.vladmiva.ru/products/prochie-formy-trubinnye/806-314-465-524-018/,vladmiva-dental-catalog.json
ВладМиВа official,ВладМиВа,866.314.539.040.010,806-314-540-524-010,00000041012,1,1,KZ_BRAND_AND_SELECTED_SKUS,KZ_SKU_EVIDENCE_REQUIRED,https://www.vladmiva.ru/products/prochie-formy-trubinnye/806-314-540-524-010/,vladmiva-dental-catalog.json
ВладМиВа official,ВладМиВа,866.314.539.040.012,806-314-540-524-012,00000002975,1,1,KZ_BRAND_AND_SELECTED_SKUS,KZ_SKU_EVIDENCE_REQUIRED,https://www.vladmiva.ru/products/prochie-formy-trubinnye/806-314-540-524-012/,vladmiva-dental-catalog.json
ВладМиВа official,ВладМиВа,866.314.539.040.014,806-314-540-524-014,00000002976,1,1,KZ_BRAND_AND_SELECTED_SKUS,KZ_SKU_EVIDENCE_REQUIRED,https://www.vladmiva.ru/products/prochie-formy-trubinnye/806-314-540-524-014/,vladmiva-dental-catalog.json
ВладМиВа official,ВладМиВа,866.314.539.040.016,806-314-540-524-016,00000002977,1,1,KZ_BRAND_AND_SELECTED_SKUS,KZ_SKU_EVIDENCE_REQUIRED,https://www.vladmiva.ru/products/prochie-formy-trubinnye/806-314-540-524-016/,vladmiva-dental-catalog.json
ВладМиВа official,ВладМиВа,866.315.032.016.014,806-315-032-524-014,00000002796,1,1,KZ_BRAND_AND_SELECTED_SKUS,KZ_SKU_EVIDENCE_REQUIRED,https://www.vladmiva.ru/products/prochie-formy-trubinnye/806-315-032-524-014/,vladmiva-dental-catalog.json
ВладМиВа official,ВладМиВа,866.315.032.018.016,806-315-032-524-016,00000002797,1,1,KZ_BRAND_AND_SELECTED_SKUS,KZ_SKU_EVIDENCE_REQUIRED,https://www.vladmiva.ru/products/prochie-formy-trubinnye/806-315-032-524-016/,vladmiva-dental-catalog.json
ВладМиВа official,ВладМиВа,866.315.032.020.018,806-315-032-524-018,00000002798,1,1,KZ_BRAND_AND_SELECTED_SKUS,KZ_SKU_EVIDENCE_REQUIRED,https://www.vladmiva.ru/products/prochie-formy-trubinnye/806-315-032-524-018/,vladmiva-dental-catalog.json
ВладМиВа official,ВладМиВа,866.315.237.030.012,806-315-233-524-012,00000011999,1,1,KZ_BRAND_AND_SELECTED_SKUS,KZ_SKU_EVIDENCE_REQUIRED,https://www.vladmiva.ru/products/prochie-formy-trubinnye/806-315-233-524-012/,vladmiva-dental-catalog.json
ВладМиВа official,ВладМиВа,866.315.237.030.014,806-315-233-524-014,00000010960,1,1,KZ_BRAND_AND_SELECTED_SKUS,KZ_SKU_EVIDENCE_REQUIRED,https://www.vladmiva.ru/products/prochie-formy-trubinnye/806-315-233-524-014/,vladmiva-dental-catalog.json
ВладМиВа official,ВладМиВа,866.315.237.040.014,806-315-238-524-014,00000010816,1,1,KZ_BRAND_AND_SELECTED_SKUS,KZ_SKU_EVIDENCE_REQUIRED,https://www.vladmiva.ru/products/prochie-formy-trubinnye/806-315-238-524-014/,vladmiva-dental-catalog.json
ВладМиВа official,ВладМиВа,866.315.237.040.016,806-315-238-524-016,00000024226,1,1,KZ_BRAND_AND_SELECTED_SKUS,KZ_SKU_EVIDENCE_REQUIRED,https://www.vladmiva.ru/products/prochie-formy-trubinnye/806-315-238-524-016/,vladmiva-dental-catalog.json
ВладМиВа official,ВладМиВа,866.315.254.030.012,806-315-257-524-012,00000006661,1,1,KZ_BRAND_AND_SELECTED_SKUS,KZ_SKU_EVIDENCE_REQUIRED,https://www.vladmiva.ru/products/prochie-formy-trubinnye/806-315-257-524-012/,vladmiva-dental-catalog.json
ВладМиВа official,ВладМиВа,866.315.254.030.014,806-315-257-524-014,00000034606,1,1,KZ_BRAND_AND_SELECTED_SKUS,KZ_SKU_EVIDENCE_REQUIRED,https://www.vladmiva.ru/products/prochie-formy-trubinnye/806-315-257-524-014/,vladmiva-dental-catalog.json
ВладМиВа official,ВладМиВа,866.315.254.030.016,806-315-257-524-016,00000007624,1,1,KZ_BRAND_AND_SELECTED_SKUS,KZ_SKU_EVIDENCE_REQUIRED,https://www.vladmiva.ru/products/prochie-formy-trubinnye/806-315-257-524-016/,vladmiva-dental-catalog.json
ВладМиВа official,ВладМиВа,866.315.254.045.018,806-315-257-524-018,00000018029,1,1,KZ_BRAND_AND_SELECTED_SKUS,KZ_SKU_EVIDENCE_REQUIRED,https://www.vladmiva.ru/products/prochie-formy-trubinnye/806-315-257-524-018/,vladmiva-dental-catalog.json
ВладМиВа official,ВладМиВа,866.315.254.050.021,806-315-257-524-021,00000036248,1,1,KZ_BRAND_AND_SELECTED_SKUS,KZ_SKU_EVIDENCE_REQUIRED,https://www.vladmiva.ru/products/prochie-formy-trubinnye/806-315-257-524-021/,vladmiva-dental-catalog.json
ВладМиВа official,ВладМиВа,866.315.254.050.023,806-315-257-524-023,00000018035,1,1,KZ_BRAND_AND_SELECTED_SKUS,KZ_SKU_EVIDENCE_REQUIRED,https://www.vladmiva.ru/products/prochie-formy-trubinnye/806-315-257-524-023/,vladmiva-dental-catalog.json
ВладМиВа official,ВладМиВа,866.315.254.050.027,806-315-257-524-027,00000008424,1,1,KZ_BRAND_AND_SELECTED_SKUS,KZ_SKU_EVIDENCE_REQUIRED,https://www.vladmiva.ru/products/prochie-formy-trubinnye/806-315-257-524-027/,vladmiva-dental-catalog.json
ВладМиВа official,ВладМиВа,866.315.277.028.014,806-315-277-524-014,00000040363,1,1,KZ_BRAND_AND_SELECTED_SKUS,KZ_SKU_EVIDENCE_REQUIRED,https://www.vladmiva.ru/products/prochie-formy-trubinnye/806-315-277-524-014/,vladmiva-dental-catalog.json
ВладМиВа official,ВладМиВа,866.315.277.034.016,806-315-277-524-016,00000054340,1,1,KZ_BRAND_AND_SELECTED_SKUS,KZ_SKU_EVIDENCE_REQUIRED,https://www.vladmiva.ru/products/prochie-formy-trubinnye/806-315-277-524-016/,vladmiva-dental-catalog.json
ВладМиВа official,ВладМиВа,866.315.277.036.018,806-315-277-524-018,00000017700,1,1,KZ_BRAND_AND_SELECTED_SKUS,KZ_SKU_EVIDENCE_REQUIRED,https://www.vladmiva.ru/products/prochie-formy-trubinnye/806-315-277-524-018/,vladmiva-dental-catalog.json
ВладМиВа official,ВладМиВа,866.315.277.041.021,806-315-277-524-021,00000033097,1,1,KZ_BRAND_AND_SELECTED_SKUS,KZ_SKU_EVIDENCE_REQUIRED,https://www.vladmiva.ru/products/prochie-formy-trubinnye/806-315-277-524-021/,vladmiva-dental-catalog.json
ВладМиВа official,ВладМиВа,866.315.277.042.023,806-315-277-524-023,00000017527,1,1,KZ_BRAND_AND_SELECTED_SKUS,KZ_SKU_EVIDENCE_REQUIRED,https://www.vladmiva.ru/products/prochie-formy-trubinnye/806-315-277-524-023/,vladmiva-dental-catalog.json
ВладМиВа official,ВладМиВа,866.315.303.007.023,806-315-304-524-023,00000003018,1,1,KZ_BRAND_AND_SELECTED_SKUS,KZ_SKU_EVIDENCE_REQUIRED,https://www.vladmiva.ru/products/prochie-formy-trubinnye/806-315-304-524-023/,vladmiva-dental-catalog.json
ВладМиВа official,ВладМиВа,876.314.032.016.014,806-314-032-534-014,00000009852,1,1,KZ_BRAND_AND_SELECTED_SKUS,KZ_SKU_EVIDENCE_REQUIRED,https://www.vladmiva.ru/products/prochie-formy-trubinnye/806-314-032-534-014/,vladmiva-dental-catalog.json
ВладМиВа official,ВладМиВа,876.314.032.018.016,806-314-032-534-016,00000009851,1,1,KZ_BRAND_AND_SELECTED_SKUS,KZ_SKU_EVIDENCE_REQUIRED,https://www.vladmiva.ru/products/prochie-formy-trubinnye/806-314-032-534-016/,vladmiva-dental-catalog.json
ВладМиВа official,ВладМиВа,876.314.032.020.018,806-314-032-534-018,00000007617,1,1,KZ_BRAND_AND_SELECTED_SKUS,KZ_SKU_EVIDENCE_REQUIRED,https://www.vladmiva.ru/products/prochie-formy-trubinnye/806-314-032-534-018/,vladmiva-dental-catalog.json
ВладМиВа official,ВладМиВа,876.314.037.040.033,806-314-038-534-033,00000008165,1,1,KZ_BRAND_AND_SELECTED_SKUS,KZ_SKU_EVIDENCE_REQUIRED,https://www.vladmiva.ru/products/prochie-formy-trubinnye/806-314-038-534-033/,vladmiva-dental-catalog.json
ВладМиВа official,ВладМиВа,876.314.037.040.047,806-314-038-534-047,00000047320,1,1,KZ_BRAND_AND_SELECTED_SKUS,KZ_SKU_EVIDENCE_REQUIRED,https://www.vladmiva.ru/products/prochie-formy-trubinnye/806-314-038-534-047/,vladmiva-dental-catalog.json
ВладМиВа official,ВладМиВа,876.314.040.018.040,806-314-042-534-040,00000024196,1,1,KZ_BRAND_AND_SELECTED_SKUS,KZ_SKU_EVIDENCE_REQUIRED,https://www.vladmiva.ru/products/prochie-formy-trubinnye/806-314-042-534-040/,vladmiva-dental-catalog.json
ВладМиВа official,ВладМиВа,876.314.040.018.050,806-314-042-534-050,00000004107,1,1,KZ_BRAND_AND_SELECTED_SKUS,KZ_SKU_EVIDENCE_REQUIRED,https://www.vladmiva.ru/products/prochie-formy-trubinnye/806-314-042-534-050/,vladmiva-dental-catalog.json
ВладМиВа official,ВладМиВа,876.314.067.008.027,806-314-068-534-027,00000002807,1,1,KZ_BRAND_AND_SELECTED_SKUS,KZ_SKU_EVIDENCE_REQUIRED,https://www.vladmiva.ru/products/prochie-formy-trubinnye/806-314-068-534-027/,vladmiva-dental-catalog.json
ВладМиВа official,ВладМиВа,876.314.067.008.033,806-314-068-534-033,00000059279,1,1,KZ_BRAND_AND_SELECTED_SKUS,KZ_SKU_EVIDENCE_REQUIRED,https://www.vladmiva.ru/products/prochie-formy-trubinnye/806-314-068-534-033/,vladmiva-dental-catalog.json
ВладМиВа official,ВладМиВа,876.314.067.013.040,806-314-068-534-040,00000002808,1,1,KZ_BRAND_AND_SELECTED_SKUS,KZ_SKU_EVIDENCE_REQUIRED,https://www.vladmiva.ru/products/prochie-formy-trubinnye/806-314-068-534-040/,vladmiva-dental-catalog.json
ВладМиВа official,ВладМиВа,876.314.067.018.050,806-314-068-534-050,00000019546,1,1,KZ_BRAND_AND_SELECTED_SKUS,KZ_SKU_EVIDENCE_REQUIRED,https://www.vladmiva.ru/products/prochie-formy-trubinnye/806-314-068-534-050/,vladmiva-dental-catalog.json
ВладМиВа official,ВладМиВа,876.314.237.030.012,806-314-233-534-012,00000009144,1,1,KZ_BRAND_AND_SELECTED_SKUS,KZ_SKU_EVIDENCE_REQUIRED,https://www.vladmiva.ru/products/prochie-formy-trubinnye/806-314-233-534-012/,vladmiva-dental-catalog.json
ВладМиВа official,ВладМиВа,876.314.237.030.014,806-314-233-534-014,00000020065,1,1,KZ_BRAND_AND_SELECTED_SKUS,KZ_SKU_EVIDENCE_REQUIRED,https://www.vladmiva.ru/products/prochie-formy-trubinnye/806-314-233-534-014/,vladmiva-dental-catalog.json
ВладМиВа official,ВладМиВа,876.314.237.040.012,806-314-238-534-012,00000055617,1,1,KZ_BRAND_AND_SELECTED_SKUS,KZ_SKU_EVIDENCE_REQUIRED,https://www.vladmiva.ru/products/prochie-formy-trubinnye/806-314-238-534-012/,vladmiva-dental-catalog.json
ВладМиВа official,ВладМиВа,876.314.237.040.014,806-314-238-534-014_1,00000016010,1,1,KZ_BRAND_AND_SELECTED_SKUS,KZ_SKU_EVIDENCE_REQUIRED,https://www.vladmiva.ru/products/prochie-formy-trubinnye/806-314-238-534-014_1/,vladmiva-dental-catalog.json
ВладМиВа official,ВладМиВа,876.314.237.040.016,806-314-238-534-016,00000016009,1,1,KZ_BRAND_AND_SELECTED_SKUS,KZ_SKU_EVIDENCE_REQUIRED,https://www.vladmiva.ru/products/prochie-formy-trubinnye/806-314-238-534-016/,vladmiva-dental-catalog.json
ВладМиВа official,ВладМиВа,876.314.237.040.018,806-314-238-534-018,00000042349,1,1,KZ_BRAND_AND_SELECTED_SKUS,KZ_SKU_EVIDENCE_REQUIRED,https://www.vladmiva.ru/products/prochie-formy-trubinnye/806-314-238-534-018/,vladmiva-dental-catalog.json
ВладМиВа official,ВладМиВа,876.314.237.070.023,806-314-239-534-023,00000002948,1,1,KZ_BRAND_AND_SELECTED_SKUS,KZ_SKU_EVIDENCE_REQUIRED,https://www.vladmiva.ru/products/prochie-formy-trubinnye/806-314-239-534-023/,vladmiva-dental-catalog.json
ВладМиВа official,ВладМиВа,876.314.254.030.012,806-314-257-534-012,00000020390,1,1,KZ_BRAND_AND_SELECTED_SKUS,KZ_SKU_EVIDENCE_REQUIRED,https://www.vladmiva.ru/products/prochie-formy-trubinnye/806-314-257-534-012/,vladmiva-dental-catalog.json
ВладМиВа official,ВладМиВа,876.314.254.030.014,806-314-257-534-014,00000021978,1,1,KZ_BRAND_AND_SELECTED_SKUS,KZ_SKU_EVIDENCE_REQUIRED,https://www.vladmiva.ru/products/prochie-formy-trubinnye/806-314-257-534-014/,vladmiva-dental-catalog.json
ВладМиВа official,ВладМиВа,876.314.254.030.016,806-314-257-534-016,00000002982,1,1,KZ_BRAND_AND_SELECTED_SKUS,KZ_SKU_EVIDENCE_REQUIRED,https://www.vladmiva.ru/products/prochie-formy-trubinnye/806-314-257-534-016/,vladmiva-dental-catalog.json
ВладМиВа official,ВладМиВа,876.314.254.045.018,806-314-257-534-018,00000002983,1,1,KZ_BRAND_AND_SELECTED_SKUS,KZ_SKU_EVIDENCE_REQUIRED,https://www.vladmiva.ru/products/prochie-formy-trubinnye/806-314-257-534-018/,vladmiva-dental-catalog.json
ВладМиВа official,ВладМиВа,876.314.254.050.021,806-314-257-534-021,00000036455,1,1,KZ_BRAND_AND_SELECTED_SKUS,KZ_SKU_EVIDENCE_REQUIRED,https://www.vladmiva.ru/products/prochie-formy-trubinnye/806-314-257-534-021/,vladmiva-dental-catalog.json
ВладМиВа official,ВладМиВа,876.314.254.050.023,806-314-257-534-023,00000002984,1,1,KZ_BRAND_AND_SELECTED_SKUS,KZ_SKU_EVIDENCE_REQUIRED,https://www.vladmiva.ru/products/prochie-formy-trubinnye/806-314-257-534-023/,vladmiva-dental-catalog.json
ВладМиВа official,ВладМиВа,876.314.254.050.027,806-314-257-534-027,00000002985,1,1,KZ_BRAND_AND_SELECTED_SKUS,KZ_SKU_EVIDENCE_REQUIRED,https://www.vladmiva.ru/products/prochie-formy-trubinnye/806-314-257-534-027/,vladmiva-dental-catalog.json
ВладМиВа official,ВладМиВа,876.314.272.100.012,806-314-274-534-012,00000031674,1,1,KZ_BRAND_AND_SELECTED_SKUS,KZ_SKU_EVIDENCE_REQUIRED,https://www.vladmiva.ru/products/prochie-formy-trubinnye/806-314-274-534-012/,vladmiva-dental-catalog.json
ВладМиВа official,ВладМиВа,876.314.272.100.014,806-314-274-534-014,00000019547,1,1,KZ_BRAND_AND_SELECTED_SKUS,KZ_SKU_EVIDENCE_REQUIRED,https://www.vladmiva.ru/products/prochie-formy-trubinnye/806-314-274-534-014/,vladmiva-dental-catalog.json
ВладМиВа official,ВладМиВа,876.314.272.100.016,806-314-274-534-016,00000017852,1,1,KZ_BRAND_AND_SELECTED_SKUS,KZ_SKU_EVIDENCE_REQUIRED,https://www.vladmiva.ru/products/prochie-formy-trubinnye/806-314-274-534-016/,vladmiva-dental-catalog.json
ВладМиВа official,ВладМиВа,876.314.272.100.018,806-314-274-534-018,00000023063,1,1,KZ_BRAND_AND_SELECTED_SKUS,KZ_SKU_EVIDENCE_REQUIRED,https://www.vladmiva.ru/products/prochie-formy-trubinnye/806-314-274-534-018/,vladmiva-dental-catalog.json
ВладМиВа official,ВладМиВа,876.314.277.028.014,806-314-277-534-014,00000021836,1,1,KZ_BRAND_AND_SELECTED_SKUS,KZ_SKU_EVIDENCE_REQUIRED,https://www.vladmiva.ru/products/prochie-formy-trubinnye/806-314-277-534-014/,vladmiva-dental-catalog.json
ВладМиВа official,ВладМиВа,876.314.277.034.016,806-314-277-534-016,00000005786,1,1,KZ_BRAND_AND_SELECTED_SKUS,KZ_SKU_EVIDENCE_REQUIRED,https://www.vladmiva.ru/products/prochie-formy-trubinnye/806-314-277-534-016/,vladmiva-dental-catalog.json
ВладМиВа official,ВладМиВа,876.314.277.036.018,806-314-277-534-018,00000002986,1,1,KZ_BRAND_AND_SELECTED_SKUS,KZ_SKU_EVIDENCE_REQUIRED,https://www.vladmiva.ru/products/prochie-formy-trubinnye/806-314-277-534-018/,vladmiva-dental-catalog.json
ВладМиВа official,ВладМиВа,876.314.277.041.021,806-314-277-534-021,00000034607,1,1,KZ_BRAND_AND_SELECTED_SKUS,KZ_SKU_EVIDENCE_REQUIRED,https://www.vladmiva.ru/products/prochie-formy-trubinnye/806-314-277-534-021/,vladmiva-dental-catalog.json
ВладМиВа official,ВладМиВа,876.314.277.042.023,806-314-277-534-023,00000002987,1,1,KZ_BRAND_AND_SELECTED_SKUS,KZ_SKU_EVIDENCE_REQUIRED,https://www.vladmiva.ru/products/prochie-formy-trubinnye/806-314-277-534-023/,vladmiva-dental-catalog.json
ВладМиВа official,ВладМиВа,876.314.277.042.031,806-314-277-534-031,00000056068,1,1,KZ_BRAND_AND_SELECTED_SKUS,KZ_SKU_EVIDENCE_REQUIRED,https://www.vladmiva.ru/products/prochie-formy-trubinnye/806-314-277-534-031/,vladmiva-dental-catalog.json
ВладМиВа official,ВладМиВа,876.314.465.050.016,806-314-465-534-016,00000012046,1,1,KZ_BRAND_AND_SELECTED_SKUS,KZ_SKU_EVIDENCE_REQUIRED,https://www.vladmiva.ru/products/prochie-formy-trubinnye/806-314-465-534-016/,vladmiva-dental-catalog.json
ВладМиВа official,ВладМиВа,876.314.465.050.018,806-314-465-534-018,00000022228,1,1,KZ_BRAND_AND_SELECTED_SKUS,KZ_SKU_EVIDENCE_REQUIRED,https://www.vladmiva.ru/products/prochie-formy-trubinnye/806-314-465-534-018/,vladmiva-dental-catalog.json
ВладМиВа official,ВладМиВа,876.314.539.040.012,806-314-540-534-012,00000007667,1,1,KZ_BRAND_AND_SELECTED_SKUS,KZ_SKU_EVIDENCE_REQUIRED,https://www.vladmiva.ru/products/prochie-formy-trubinnye/806-314-540-534-012/,vladmiva-dental-catalog.json
ВладМиВа official,ВладМиВа,876.314.539.040.014,806-314-540-534-014,00000023224,1,1,KZ_BRAND_AND_SELECTED_SKUS,KZ_SKU_EVIDENCE_REQUIRED,https://www.vladmiva.ru/products/prochie-formy-trubinnye/806-314-540-534-014/,vladmiva-dental-catalog.json
ВладМиВа official,ВладМиВа,876.314.539.040.016,806-314-540-534-016,00000012960,1,1,KZ_BRAND_AND_SELECTED_SKUS,KZ_SKU_EVIDENCE_REQUIRED,https://www.vladmiva.ru/products/prochie-formy-trubinnye/806-314-540-534-016/,vladmiva-dental-catalog.json
ВладМиВа official,ВладМиВа,876.315.032.016.014,806-315-032-534-014,00000012520,1,1,KZ_BRAND_AND_SELECTED_SKUS,KZ_SKU_EVIDENCE_REQUIRED,https://www.vladmiva.ru/products/prochie-formy-trubinnye/806-315-032-534-014/,vladmiva-dental-catalog.json
ВладМиВа official,ВладМиВа,876.315.237.030.012,806-315-233-534-012,00000012089,1,1,KZ_BRAND_AND_SELECTED_SKUS,KZ_SKU_EVIDENCE_REQUIRED,https://www.vladmiva.ru/products/prochie-formy-trubinnye/806-315-233-534-012/,vladmiva-dental-catalog.json
ВладМиВа official,ВладМиВа,876.315.254.030.012,806-315-257-534-012,00000006667,1,1,KZ_BRAND_AND_SELECTED_SKUS,KZ_SKU_EVIDENCE_REQUIRED,https://www.vladmiva.ru/products/prochie-formy-trubinnye/806-315-257-534-012/,vladmiva-dental-catalog.json
ВладМиВа official,ВладМиВа,876.315.254.030.014,806-315-257-534-014,00000040162,1,1,KZ_BRAND_AND_SELECTED_SKUS,KZ_SKU_EVIDENCE_REQUIRED,https://www.vladmiva.ru/products/prochie-formy-trubinnye/806-315-257-534-014/,vladmiva-dental-catalog.json
ВладМиВа official,ВладМиВа,876.315.254.030.016,806-315-257-534-016,00000013185,1,1,KZ_BRAND_AND_SELECTED_SKUS,KZ_SKU_EVIDENCE_REQUIRED,https://www.vladmiva.ru/products/prochie-formy-trubinnye/806-315-257-534-016/,vladmiva-dental-catalog.json
ВладМиВа official,ВладМиВа,876.315.254.045.018,806-315-257-534-018,00000019805,1,1,KZ_BRAND_AND_SELECTED_SKUS,KZ_SKU_EVIDENCE_REQUIRED,https://www.vladmiva.ru/products/prochie-formy-trubinnye/806-315-257-534-018/,vladmiva-dental-catalog.json
ВладМиВа official,ВладМиВа,876.315.254.050.021,806-315-257-534-021,00000036250,1,1,KZ_BRAND_AND_SELECTED_SKUS,KZ_SKU_EVIDENCE_REQUIRED,https://www.vladmiva.ru/products/prochie-formy-trubinnye/806-315-257-534-021/,vladmiva-dental-catalog.json
ВладМиВа official,ВладМиВа,876.315.254.050.023,806-315-257-534-023,00000013152,1,1,KZ_BRAND_AND_SELECTED_SKUS,KZ_SKU_EVIDENCE_REQUIRED,https://www.vladmiva.ru/products/prochie-formy-trubinnye/806-315-257-534-023/,vladmiva-dental-catalog.json
ВладМиВа official,ВладМиВа,876.315.277.028.014,806-315-277-534-014,00000040364,1,1,KZ_BRAND_AND_SELECTED_SKUS,KZ_SKU_EVIDENCE_REQUIRED,https://www.vladmiva.ru/products/prochie-formy-trubinnye/806-315-277-534-014/,vladmiva-dental-catalog.json
ВладМиВа official,ВладМиВа,876.315.277.036.018,806-315-277-534-018,00000009819,1,1,KZ_BRAND_AND_SELECTED_SKUS,KZ_SKU_EVIDENCE_REQUIRED,https://www.vladmiva.ru/products/prochie-formy-trubinnye/806-315-277-534-018/,vladmiva-dental-catalog.json
ВладМиВа official,ВладМиВа,876.315.277.041.021,806-315-277-534-021,00000034611,1,1,KZ_BRAND_AND_SELECTED_SKUS,KZ_SKU_EVIDENCE_REQUIRED,https://www.vladmiva.ru/products/prochie-formy-trubinnye/806-315-277-534-021/,vladmiva-dental-catalog.json
ВладМиВа official,ВладМиВа,876.315.277.042.023,806-315-277-534-023,00000018445,1,1,KZ_BRAND_AND_SELECTED_SKUS,KZ_SKU_EVIDENCE_REQUIRED,https://www.vladmiva.ru/products/prochie-formy-trubinnye/806-315-277-534-023/,vladmiva-dental-catalog.json
ВладМиВа official,ВладМиВа,876.315.303.007.023,806-315-304-534-023,00000021831,1,1,KZ_BRAND_AND_SELECTED_SKUS,KZ_SKU_EVIDENCE_REQUIRED,https://www.vladmiva.ru/products/prochie-formy-trubinnye/806-315-304-534-023/,vladmiva-dental-catalog.json
ВладМиВа official,ВладМиВа,886.314.037.040.033,806-314-038-544-033,00000015171,1,1,KZ_BRAND_AND_SELECTED_SKUS,KZ_SKU_EVIDENCE_REQUIRED,https://www.vladmiva.ru/products/prochie-formy-trubinnye/806-314-038-544-033/,vladmiva-dental-catalog.json
ВладМиВа official,ВладМиВа,886.314.037.040.035,806-314-038-544-035,00000055931,1,1,KZ_BRAND_AND_SELECTED_SKUS,KZ_SKU_EVIDENCE_REQUIRED,https://www.vladmiva.ru/products/prochie-formy-trubinnye/806-314-038-544-035/,vladmiva-dental-catalog.json
ВладМиВа official,ВладМиВа,886.314.067.013.040,806-314-068-544-040,00000041936,1,1,KZ_BRAND_AND_SELECTED_SKUS,KZ_SKU_EVIDENCE_REQUIRED,https://www.vladmiva.ru/products/prochie-formy-trubinnye/806-314-068-544-040/,vladmiva-dental-catalog.json
ВладМиВа official,ВладМиВа,886.314.067.018.050,806-314-068-544-050,00000019858,1,1,KZ_BRAND_AND_SELECTED_SKUS,KZ_SKU_EVIDENCE_REQUIRED,https://www.vladmiva.ru/products/prochie-formy-trubinnye/806-314-068-544-050/,vladmiva-dental-catalog.json
ВладМиВа official,ВладМиВа,886.314.237.040.018,806-314-238-544-018,00000015175,1,1,KZ_BRAND_AND_SELECTED_SKUS,KZ_SKU_EVIDENCE_REQUIRED,https://www.vladmiva.ru/products/prochie-formy-trubinnye/806-314-238-544-018/,vladmiva-dental-catalog.json
ВладМиВа official,ВладМиВа,886.314.237.070.023,806-314-239-544-023,00000018890,1,1,KZ_BRAND_AND_SELECTED_SKUS,KZ_SKU_EVIDENCE_REQUIRED,https://www.vladmiva.ru/products/prochie-formy-trubinnye/806-314-239-544-023/,vladmiva-dental-catalog.json
ВладМиВа official,ВладМиВа,886.314.237.070.025,806-314-239-544-025,00000017915,1,1,KZ_BRAND_AND_SELECTED_SKUS,KZ_SKU_EVIDENCE_REQUIRED,https://www.vladmiva.ru/products/prochie-formy-trubinnye/806-314-239-544-025/,vladmiva-dental-catalog.json
ВладМиВа official,ВладМиВа,886.314.254.030.016,806-314-257-544-016,00000009342,1,1,KZ_BRAND_AND_SELECTED_SKUS,KZ_SKU_EVIDENCE_REQUIRED,https://www.vladmiva.ru/products/prochie-formy-trubinnye/806-314-257-544-016/,vladmiva-dental-catalog.json
ВладМиВа official,ВладМиВа,886.314.254.030.018,806-314-257-544-018,00000020399,1,1,KZ_BRAND_AND_SELECTED_SKUS,KZ_SKU_EVIDENCE_REQUIRED,https://www.vladmiva.ru/products/prochie-formy-trubinnye/806-314-257-544-018/,vladmiva-dental-catalog.json
ВладМиВа official,ВладМиВа,886.314.254.045.021,806-314-257-544-021,00000031461,1,1,KZ_BRAND_AND_SELECTED_SKUS,KZ_SKU_EVIDENCE_REQUIRED,https://www.vladmiva.ru/products/prochie-formy-trubinnye/806-314-257-544-021/,vladmiva-dental-catalog.json
ВладМиВа official,ВладМиВа,886.314.254.050.023,806-314-257-544-023,00000017908,1,1,KZ_BRAND_AND_SELECTED_SKUS,KZ_SKU_EVIDENCE_REQUIRED,https://www.vladmiva.ru/products/prochie-formy-trubinnye/806-314-257-544-023/,vladmiva-dental-catalog.json
ВладМиВа official,ВладМиВа,886.314.254.050.025,806-314-257-544-025,00000010868,1,1,KZ_BRAND_AND_SELECTED_SKUS,KZ_SKU_EVIDENCE_REQUIRED,https://www.vladmiva.ru/products/prochie-formy-trubinnye/806-314-257-544-025/,vladmiva-dental-catalog.json
ВладМиВа official,ВладМиВа,886.314.254.050.027,806-314-257-544-027,00000009142,1,1,KZ_BRAND_AND_SELECTED_SKUS,KZ_SKU_EVIDENCE_REQUIRED,https://www.vladmiva.ru/products/prochie-formy-trubinnye/806-314-257-544-027/,vladmiva-dental-catalog.json
ВладМиВа official,ВладМиВа,886.314.254.050.029,806-314-257-544-029,00000015178,1,1,KZ_BRAND_AND_SELECTED_SKUS,KZ_SKU_EVIDENCE_REQUIRED,https://www.vladmiva.ru/products/prochie-formy-trubinnye/806-314-257-544-029/,vladmiva-dental-catalog.json
ВладМиВа official,ВладМиВа,886.314.272.100.014,806-314-274-544-014_1,00000055620,1,1,KZ_BRAND_AND_SELECTED_SKUS,KZ_SKU_EVIDENCE_REQUIRED,https://www.vladmiva.ru/products/prochie-formy-trubinnye/806-314-274-544-014_1/,vladmiva-dental-catalog.json
ВладМиВа official,ВладМиВа,886.314.272.100.016,806-314-274-544-016,00000017603,1,1,KZ_BRAND_AND_SELECTED_SKUS,KZ_SKU_EVIDENCE_REQUIRED,https://www.vladmiva.ru/products/prochie-formy-trubinnye/806-314-274-544-016/,vladmiva-dental-catalog.json
ВладМиВа official,ВладМиВа,886.314.272.100.018,806-314-274-544-018,00000015362,1,1,KZ_BRAND_AND_SELECTED_SKUS,KZ_SKU_EVIDENCE_REQUIRED,https://www.vladmiva.ru/products/prochie-formy-trubinnye/806-314-274-544-018/,vladmiva-dental-catalog.json
ВладМиВа official,ВладМиВа,886.314.277.028.016,806-314-277-544-016,00000022977,1,1,KZ_BRAND_AND_SELECTED_SKUS,KZ_SKU_EVIDENCE_REQUIRED,https://www.vladmiva.ru/products/prochie-formy-trubinnye/806-314-277-544-016/,vladmiva-dental-catalog.json
ВладМиВа official,ВладМиВа,886.314.277.034.018,806-314-277-544-018,00000018026,1,1,KZ_BRAND_AND_SELECTED_SKUS,KZ_SKU_EVIDENCE_REQUIRED,https://www.vladmiva.ru/products/prochie-formy-trubinnye/806-314-277-544-018/,vladmiva-dental-catalog.json
ВладМиВа official,ВладМиВа,886.314.277.036.021,806-314-277-544-021,00000011532,1,1,KZ_BRAND_AND_SELECTED_SKUS,KZ_SKU_EVIDENCE_REQUIRED,https://www.vladmiva.ru/products/prochie-formy-trubinnye/806-314-277-544-021/,vladmiva-dental-catalog.json
ВладМиВа official,ВладМиВа,886.314.277.041.023,806-314-277-544-023,00000017910,1,1,KZ_BRAND_AND_SELECTED_SKUS,KZ_SKU_EVIDENCE_REQUIRED,https://www.vladmiva.ru/products/prochie-formy-trubinnye/806-314-277-544-023/,vladmiva-dental-catalog.json
ВладМиВа official,ВладМиВа,886.314.277.042.025,806-314-277-544-025,00000010036,1,1,KZ_BRAND_AND_SELECTED_SKUS,KZ_SKU_EVIDENCE_REQUIRED,https://www.vladmiva.ru/products/prochie-formy-trubinnye/806-314-277-544-025/,vladmiva-dental-catalog.json
ВладМиВа official,ВладМиВа,886.314.277.042.027,806-314-277-544-027,00000011592,1,1,KZ_BRAND_AND_SELECTED_SKUS,KZ_SKU_EVIDENCE_REQUIRED,https://www.vladmiva.ru/products/prochie-formy-trubinnye/806-314-277-544-027/,vladmiva-dental-catalog.json
ВладМиВа official,ВладМиВа,886.314.294.080.012,806-314-298-544-012,00000010330,1,1,KZ_BRAND_AND_SELECTED_SKUS,KZ_SKU_EVIDENCE_REQUIRED,https://www.vladmiva.ru/products/prochie-formy-trubinnye/806-314-298-544-012/,vladmiva-dental-catalog.json
ВладМиВа official,ВладМиВа,886.315.254.045.021,806-315-257-544-021,00000076165,1,1,KZ_BRAND_AND_SELECTED_SKUS,KZ_SKU_EVIDENCE_REQUIRED,https://www.vladmiva.ru/products/prochie-formy-trubinnye/806-315-257-544-021/,vladmiva-dental-catalog.json
ВладМиВа official,ВладМиВа,886.315.254.050.025,806-315-257-544-025,00000024052,1,1,KZ_BRAND_AND_SELECTED_SKUS,KZ_SKU_EVIDENCE_REQUIRED,https://www.vladmiva.ru/products/prochie-formy-trubinnye/806-315-257-544-025/,vladmiva-dental-catalog.json
ВладМиВа official,ВладМиВа,886.315.277.036.021,806-315-277-544-021,00000020358,1,1,KZ_BRAND_AND_SELECTED_SKUS,KZ_SKU_EVIDENCE_REQUIRED,https://www.vladmiva.ru/products/prochie-formy-trubinnye/806-315-277-544-021/,vladmiva-dental-catalog.json
ВладМиВа official,ВладМиВа,886.315.277.041.023,806-315-277-544-023,00000020357,1,1,KZ_BRAND_AND_SELECTED_SKUS,KZ_SKU_EVIDENCE_REQUIRED,https://www.vladmiva.ru/products/prochie-formy-trubinnye/806-315-277-544-023/,vladmiva-dental-catalog.json
ВладМиВа official,ВладМиВа,836.314.001.000.009,806-314-001-504-009,00000016002,1,1,KZ_BRAND_AND_SELECTED_SKUS,KZ_SKU_EVIDENCE_REQUIRED,https://www.vladmiva.ru/products/sfericheskie-trubinnye/806-314-001-504-009/,vladmiva-dental-catalog.json
ВладМиВа official,ВладМиВа,836.314.001.000.010,806-314-001-504-010,00000019808,1,1,KZ_BRAND_AND_SELECTED_SKUS,KZ_SKU_EVIDENCE_REQUIRED,https://www.vladmiva.ru/products/sfericheskie-trubinnye/806-314-001-504-010/,vladmiva-dental-catalog.json
ВладМиВа official,ВладМиВа,836.314.001.000.012,806-314-001-504-012,00000014412,1,1,KZ_BRAND_AND_SELECTED_SKUS,KZ_SKU_EVIDENCE_REQUIRED,https://www.vladmiva.ru/products/sfericheskie-trubinnye/806-314-001-504-012/,vladmiva-dental-catalog.json
ВладМиВа official,ВладМиВа,836.314.001.000.014,806-314-001-504-014,00000014929,1,1,KZ_BRAND_AND_SELECTED_SKUS,KZ_SKU_EVIDENCE_REQUIRED,https://www.vladmiva.ru/products/sfericheskie-trubinnye/806-314-001-504-014/,vladmiva-dental-catalog.json
ВладМиВа official,ВладМиВа,836.314.001.000.016,806-314-001-504-016,00000015126,1,1,KZ_BRAND_AND_SELECTED_SKUS,KZ_SKU_EVIDENCE_REQUIRED,https://www.vladmiva.ru/products/sfericheskie-trubinnye/806-314-001-504-016/,vladmiva-dental-catalog.json
ВладМиВа official,ВладМиВа,836.314.001.000.018,806-314-001-504-018,00000018909,1,1,KZ_BRAND_AND_SELECTED_SKUS,KZ_SKU_EVIDENCE_REQUIRED,https://www.vladmiva.ru/products/sfericheskie-trubinnye/806-314-001-504-018/,vladmiva-dental-catalog.json
ВладМиВа official,ВладМиВа,836.314.001.000.021,806-314-001-504-021,00000017610,1,1,KZ_BRAND_AND_SELECTED_SKUS,KZ_SKU_EVIDENCE_REQUIRED,https://www.vladmiva.ru/products/sfericheskie-trubinnye/806-314-001-504-021/,vladmiva-dental-catalog.json
ВладМиВа official,ВладМиВа,836.314.001.000.023,806-314-001-504-023,00000009045,1,1,KZ_BRAND_AND_SELECTED_SKUS,KZ_SKU_EVIDENCE_REQUIRED,https://www.vladmiva.ru/products/sfericheskie-trubinnye/806-314-001-504-023/,vladmiva-dental-catalog.json
ВладМиВа official,ВладМиВа,836.314.001.000.025,806-314-001-504-025,00000014878,1,1,KZ_BRAND_AND_SELECTED_SKUS,KZ_SKU_EVIDENCE_REQUIRED,https://www.vladmiva.ru/products/sfericheskie-trubinnye/806-314-001-504-025/,vladmiva-dental-catalog.json
ВладМиВа official,ВладМиВа,836.314.697.000.010,806-314-697-504-010,00000032482,1,1,KZ_BRAND_AND_SELECTED_SKUS,KZ_SKU_EVIDENCE_REQUIRED,https://www.vladmiva.ru/products/sfericheskie-trubinnye/806-314-697-504-010/,vladmiva-dental-catalog.json
ВладМиВа official,ВладМиВа,836.314.697.000.012,806-314-697-504-012,00000024195,1,1,KZ_BRAND_AND_SELECTED_SKUS,KZ_SKU_EVIDENCE_REQUIRED,https://www.vladmiva.ru/products/sfericheskie-trubinnye/806-314-697-504-012/,vladmiva-dental-catalog.json
ВладМиВа official,ВладМиВа,836.314.697.000.014,806-314-697-504-014,00000036075,1,1,KZ_BRAND_AND_SELECTED_SKUS,KZ_SKU_EVIDENCE_REQUIRED,https://www.vladmiva.ru/products/sfericheskie-trubinnye/806-314-697-504-014/,vladmiva-dental-catalog.json
ВладМиВа official,ВладМиВа,836.314.697.000.016,806-314-697-504-016,00000013081,1,1,KZ_BRAND_AND_SELECTED_SKUS,KZ_SKU_EVIDENCE_REQUIRED,https://www.vladmiva.ru/products/sfericheskie-trubinnye/806-314-697-504-016/,vladmiva-dental-catalog.json
ВладМиВа official,ВладМиВа,836.315.001.000.009,806-315-001-504-009,00000021508,1,1,KZ_BRAND_AND_SELECTED_SKUS,KZ_SKU_EVIDENCE_REQUIRED,https://www.vladmiva.ru/products/sfericheskie-trubinnye/806-315-001-504-009/,vladmiva-dental-catalog.json
ВладМиВа official,ВладМиВа,836.315.001.000.010,806-315-001-504-010,00000013107,1,1,KZ_BRAND_AND_SELECTED_SKUS,KZ_SKU_EVIDENCE_REQUIRED,https://www.vladmiva.ru/products/sfericheskie-trubinnye/806-315-001-504-010/,vladmiva-dental-catalog.json
ВладМиВа official,ВладМиВа,836.315.001.000.012,806-315-001-504-012,00000010961,1,1,KZ_BRAND_AND_SELECTED_SKUS,KZ_SKU_EVIDENCE_REQUIRED,https://www.vladmiva.ru/products/sfericheskie-trubinnye/806-315-001-504-012/,vladmiva-dental-catalog.json
ВладМиВа official,ВладМиВа,836.315.001.000.014,806-315-001-504-014,00000009773,1,1,KZ_BRAND_AND_SELECTED_SKUS,KZ_SKU_EVIDENCE_REQUIRED,https://www.vladmiva.ru/products/sfericheskie-trubinnye/806-315-001-504-014/,vladmiva-dental-catalog.json
ВладМиВа official,ВладМиВа,836.315.001.000.016,806-315-001-504-016,00000012893,1,1,KZ_BRAND_AND_SELECTED_SKUS,KZ_SKU_EVIDENCE_REQUIRED,https://www.vladmiva.ru/products/sfericheskie-trubinnye/806-315-001-504-016/,vladmiva-dental-catalog.json
ВладМиВа official,ВладМиВа,836.315.001.000.018,806-315-001-504-018,00000021565,1,1,KZ_BRAND_AND_SELECTED_SKUS,KZ_SKU_EVIDENCE_REQUIRED,https://www.vladmiva.ru/products/sfericheskie-trubinnye/806-315-001-504-018/,vladmiva-dental-catalog.json
ВладМиВа official,ВладМиВа,836.315.001.000.021,806-315-001-504-021,00000023233,1,1,KZ_BRAND_AND_SELECTED_SKUS,KZ_SKU_EVIDENCE_REQUIRED,https://www.vladmiva.ru/products/sfericheskie-trubinnye/806-315-001-504-021/,vladmiva-dental-catalog.json
ВладМиВа official,ВладМиВа,836.315.001.000.023,806-315-001-504-023,00000022597,1,1,KZ_BRAND_AND_SELECTED_SKUS,KZ_SKU_EVIDENCE_REQUIRED,https://www.vladmiva.ru/products/sfericheskie-trubinnye/806-315-001-504-023/,vladmiva-dental-catalog.json
ВладМиВа official,ВладМиВа,836.315.001.000.025,806-315-001-504-025,00000022876,1,1,KZ_BRAND_AND_SELECTED_SKUS,KZ_SKU_EVIDENCE_REQUIRED,https://www.vladmiva.ru/products/sfericheskie-trubinnye/806-315-001-504-025/,vladmiva-dental-catalog.json
ВладМиВа official,ВладМиВа,836.315.001.000.027,806-315-001-504-027,00000023473,1,1,KZ_BRAND_AND_SELECTED_SKUS,KZ_SKU_EVIDENCE_REQUIRED,https://www.vladmiva.ru/products/sfericheskie-trubinnye/806-315-001-504-027/,vladmiva-dental-catalog.json
ВладМиВа official,ВладМиВа,836.315.697.000.010,806-315-697-504-010,00000043735,1,1,KZ_BRAND_AND_SELECTED_SKUS,KZ_SKU_EVIDENCE_REQUIRED,https://www.vladmiva.ru/products/sfericheskie-trubinnye/806-315-697-504-010/,vladmiva-dental-catalog.json
ВладМиВа official,ВладМиВа,836.315.697.000.012,806-315-697-504-012,00000043736,1,1,KZ_BRAND_AND_SELECTED_SKUS,KZ_SKU_EVIDENCE_REQUIRED,https://www.vladmiva.ru/products/sfericheskie-trubinnye/806-315-697-504-012/,vladmiva-dental-catalog.json
ВладМиВа official,ВладМиВа,836.316.001.000.009,806-316-001-504-009,00000056175,1,1,KZ_BRAND_AND_SELECTED_SKUS,KZ_SKU_EVIDENCE_REQUIRED,https://www.vladmiva.ru/products/sfericheskie-trubinnye/806-316-001-504-009/,vladmiva-dental-catalog.json
ВладМиВа official,ВладМиВа,836.316.001.000.010,806-316-001-504-010,00000026641,1,1,KZ_BRAND_AND_SELECTED_SKUS,KZ_SKU_EVIDENCE_REQUIRED,https://www.vladmiva.ru/products/sfericheskie-trubinnye/806-316-001-504-010/,vladmiva-dental-catalog.json
ВладМиВа official,ВладМиВа,836.316.001.000.012,806-316-001-504-012,00000020336,1,1,KZ_BRAND_AND_SELECTED_SKUS,KZ_SKU_EVIDENCE_REQUIRED,https://www.vladmiva.ru/products/sfericheskie-trubinnye/806-316-001-504-012/,vladmiva-dental-catalog.json
ВладМиВа official,ВладМиВа,836.316.001.000.014,806-316-001-504-014,00000022422,1,1,KZ_BRAND_AND_SELECTED_SKUS,KZ_SKU_EVIDENCE_REQUIRED,https://www.vladmiva.ru/products/sfericheskie-trubinnye/806-316-001-504-014/,vladmiva-dental-catalog.json
ВладМиВа official,ВладМиВа,836.316.001.000.016,806-316-001-504-016,00000020337,1,1,KZ_BRAND_AND_SELECTED_SKUS,KZ_SKU_EVIDENCE_REQUIRED,https://www.vladmiva.ru/products/sfericheskie-trubinnye/806-316-001-504-016/,vladmiva-dental-catalog.json
ВладМиВа official,ВладМиВа,836.316.001.000.018,806-316-001-504-018,00000023933,1,1,KZ_BRAND_AND_SELECTED_SKUS,KZ_SKU_EVIDENCE_REQUIRED,https://www.vladmiva.ru/products/sfericheskie-trubinnye/806-316-001-504-018/,vladmiva-dental-catalog.json
ВладМиВа official,ВладМиВа,836.316.001.000.021,806-316-001-504-021,00000023934,1,1,KZ_BRAND_AND_SELECTED_SKUS,KZ_SKU_EVIDENCE_REQUIRED,https://www.vladmiva.ru/products/sfericheskie-trubinnye/806-316-001-504-021/,vladmiva-dental-catalog.json
ВладМиВа official,ВладМиВа,836.316.001.000.023,806-316-001-504-023,00000036242,1,1,KZ_BRAND_AND_SELECTED_SKUS,KZ_SKU_EVIDENCE_REQUIRED,https://www.vladmiva.ru/products/sfericheskie-trubinnye/806-316-001-504-023/,vladmiva-dental-catalog.json
ВладМиВа official,ВладМиВа,856.314.001.000.009,806-314-001-514-009,00000014756,1,1,KZ_BRAND_AND_SELECTED_SKUS,KZ_SKU_EVIDENCE_REQUIRED,https://www.vladmiva.ru/products/sfericheskie-trubinnye/806-314-001-514-009/,vladmiva-dental-catalog.json
ВладМиВа official,ВладМиВа,856.314.001.000.010,806-314-001-514-010,00000014495,1,1,KZ_BRAND_AND_SELECTED_SKUS,KZ_SKU_EVIDENCE_REQUIRED,https://www.vladmiva.ru/products/sfericheskie-trubinnye/806-314-001-514-010/,vladmiva-dental-catalog.json
ВладМиВа official,ВладМиВа,856.314.001.000.012,806-314-001-514-012,00000014347,1,1,KZ_BRAND_AND_SELECTED_SKUS,KZ_SKU_EVIDENCE_REQUIRED,https://www.vladmiva.ru/products/sfericheskie-trubinnye/806-314-001-514-012/,vladmiva-dental-catalog.json
ВладМиВа official,ВладМиВа,856.314.001.000.014,806-314-001-514-014,00000014348,1,1,KZ_BRAND_AND_SELECTED_SKUS,KZ_SKU_EVIDENCE_REQUIRED,https://www.vladmiva.ru/products/sfericheskie-trubinnye/806-314-001-514-014/,vladmiva-dental-catalog.json
ВладМиВа official,ВладМиВа,856.314.001.000.016,806-314-001-514-016,00000014471,1,1,KZ_BRAND_AND_SELECTED_SKUS,KZ_SKU_EVIDENCE_REQUIRED,https://www.vladmiva.ru/products/sfericheskie-trubinnye/806-314-001-514-016/,vladmiva-dental-catalog.json
ВладМиВа official,ВладМиВа,856.314.001.000.018,806-314-001-514-018,00000014492,1,1,KZ_BRAND_AND_SELECTED_SKUS,KZ_SKU_EVIDENCE_REQUIRED,https://www.vladmiva.ru/products/sfericheskie-trubinnye/806-314-001-514-018/,vladmiva-dental-catalog.json
ВладМиВа official,ВладМиВа,856.314.001.000.021,806-314-001-514-021,00000014927,1,1,KZ_BRAND_AND_SELECTED_SKUS,KZ_SKU_EVIDENCE_REQUIRED,https://www.vladmiva.ru/products/sfericheskie-trubinnye/806-314-001-514-021/,vladmiva-dental-catalog.json
ВладМиВа official,ВладМиВа,856.314.001.000.023,806-314-001-514-023,00000014624,1,1,KZ_BRAND_AND_SELECTED_SKUS,KZ_SKU_EVIDENCE_REQUIRED,https://www.vladmiva.ru/products/sfericheskie-trubinnye/806-314-001-514-023/,vladmiva-dental-catalog.json
ВладМиВа official,ВладМиВа,856.314.001.000.025,806-314-001-514-025,00000014556,1,1,KZ_BRAND_AND_SELECTED_SKUS,KZ_SKU_EVIDENCE_REQUIRED,https://www.vladmiva.ru/products/sfericheskie-trubinnye/806-314-001-514-025/,vladmiva-dental-catalog.json
ВладМиВа official,ВладМиВа,856.314.697.000.009,806-314-697-514-009_1,00000008630,1,1,KZ_BRAND_AND_SELECTED_SKUS,KZ_SKU_EVIDENCE_REQUIRED,https://www.vladmiva.ru/products/sfericheskie-trubinnye/806-314-697-514-009_1/,vladmiva-dental-catalog.json
ВладМиВа official,ВладМиВа,856.314.697.000.010,806-314-697-514-010,00000014949,1,1,KZ_BRAND_AND_SELECTED_SKUS,KZ_SKU_EVIDENCE_REQUIRED,https://www.vladmiva.ru/products/sfericheskie-trubinnye/806-314-697-514-010/,vladmiva-dental-catalog.json
ВладМиВа official,ВладМиВа,856.314.697.000.012,806-314-697-514-012,00000014600,1,1,KZ_BRAND_AND_SELECTED_SKUS,KZ_SKU_EVIDENCE_REQUIRED,https://www.vladmiva.ru/products/sfericheskie-trubinnye/806-314-697-514-012/,vladmiva-dental-catalog.json
ВладМиВа official,ВладМиВа,856.314.697.000.014,806-314-697-514-014,00000014491,1,1,KZ_BRAND_AND_SELECTED_SKUS,KZ_SKU_EVIDENCE_REQUIRED,https://www.vladmiva.ru/products/sfericheskie-trubinnye/806-314-697-514-014/,vladmiva-dental-catalog.json
ВладМиВа official,ВладМиВа,856.314.697.000.016,806-314-697-514-016,00000014506,1,1,KZ_BRAND_AND_SELECTED_SKUS,KZ_SKU_EVIDENCE_REQUIRED,https://www.vladmiva.ru/products/sfericheskie-trubinnye/806-314-697-514-016/,vladmiva-dental-catalog.json
ВладМиВа official,ВладМиВа,856.314.697.000.018,806-314-697-514-018,00000048334,1,1,KZ_BRAND_AND_SELECTED_SKUS,KZ_SKU_EVIDENCE_REQUIRED,https://www.vladmiva.ru/products/sfericheskie-trubinnye/806-314-697-514-018/,vladmiva-dental-catalog.json
ВладМиВа official,ВладМиВа,856.315.001.000.009,806-315-001-514-009,00000017755,1,1,KZ_BRAND_AND_SELECTED_SKUS,KZ_SKU_EVIDENCE_REQUIRED,https://www.vladmiva.ru/products/sfericheskie-trubinnye/806-315-001-514-009/,vladmiva-dental-catalog.json
ВладМиВа official,ВладМиВа,856.315.001.000.010,806-315-001-514-010,00000010631,1,1,KZ_BRAND_AND_SELECTED_SKUS,KZ_SKU_EVIDENCE_REQUIRED,https://www.vladmiva.ru/products/sfericheskie-trubinnye/806-315-001-514-010/,vladmiva-dental-catalog.json
ВладМиВа official,ВладМиВа,856.315.001.000.012,806-315-001-514-012,00000010620,1,1,KZ_BRAND_AND_SELECTED_SKUS,KZ_SKU_EVIDENCE_REQUIRED,https://www.vladmiva.ru/products/sfericheskie-trubinnye/806-315-001-514-012/,vladmiva-dental-catalog.json
ВладМиВа official,ВладМиВа,856.315.001.000.014,806-315-001-514-014,00000014340,1,1,KZ_BRAND_AND_SELECTED_SKUS,KZ_SKU_EVIDENCE_REQUIRED,https://www.vladmiva.ru/products/sfericheskie-trubinnye/806-315-001-514-014/,vladmiva-dental-catalog.json
ВладМиВа official,ВладМиВа,856.315.001.000.016,806-315-001-514-016,00000014502,1,1,KZ_BRAND_AND_SELECTED_SKUS,KZ_SKU_EVIDENCE_REQUIRED,https://www.vladmiva.ru/products/sfericheskie-trubinnye/806-315-001-514-016/,vladmiva-dental-catalog.json
ВладМиВа official,ВладМиВа,856.315.001.000.018,806-315-001-514-018,00000014501,1,1,KZ_BRAND_AND_SELECTED_SKUS,KZ_SKU_EVIDENCE_REQUIRED,https://www.vladmiva.ru/products/sfericheskie-trubinnye/806-315-001-514-018/,vladmiva-dental-catalog.json
ВладМиВа official,ВладМиВа,856.315.001.000.021,806-315-001-514-021,00000014339,1,1,KZ_BRAND_AND_SELECTED_SKUS,KZ_SKU_EVIDENCE_REQUIRED,https://www.vladmiva.ru/products/sfericheskie-trubinnye/806-315-001-514-021/,vladmiva-dental-catalog.json
ВладМиВа official,ВладМиВа,856.315.001.000.023,806-315-001-514-023,00000021568,1,1,KZ_BRAND_AND_SELECTED_SKUS,KZ_SKU_EVIDENCE_REQUIRED,https://www.vladmiva.ru/products/sfericheskie-trubinnye/806-315-001-514-023/,vladmiva-dental-catalog.json
ВладМиВа official,ВладМиВа,856.315.001.000.025,806-315-001-514-025,00000022083,1,1,KZ_BRAND_AND_SELECTED_SKUS,KZ_SKU_EVIDENCE_REQUIRED,https://www.vladmiva.ru/products/sfericheskie-trubinnye/806-315-001-514-025/,vladmiva-dental-catalog.json
ВладМиВа official,ВладМиВа,856.315.001.000.027,806-315-001-514-027,00000023472,1,1,KZ_BRAND_AND_SELECTED_SKUS,KZ_SKU_EVIDENCE_REQUIRED,https://www.vladmiva.ru/products/sfericheskie-trubinnye/806-315-001-514-027/,vladmiva-dental-catalog.json
ВладМиВа official,ВладМиВа,856.315.001.000.031,806-315-001-514-031,00000021476,1,1,KZ_BRAND_AND_SELECTED_SKUS,KZ_SKU_EVIDENCE_REQUIRED,https://www.vladmiva.ru/products/sfericheskie-trubinnye/806-315-001-514-031/,vladmiva-dental-catalog.json
ВладМиВа official,ВладМиВа,856.315.002.030.014,806-315-002-514-014,00000026642,1,1,KZ_BRAND_AND_SELECTED_SKUS,KZ_SKU_EVIDENCE_REQUIRED,https://www.vladmiva.ru/products/sfericheskie-trubinnye/806-315-002-514-014/,vladmiva-dental-catalog.json
ВладМиВа official,ВладМиВа,856.315.002.030.016,806-315-002-514-016,00000026643,1,1,KZ_BRAND_AND_SELECTED_SKUS,KZ_SKU_EVIDENCE_REQUIRED,https://www.vladmiva.ru/products/sfericheskie-trubinnye/806-315-002-514-016/,vladmiva-dental-catalog.json
ВладМиВа official,ВладМиВа,856.315.002.035.018,806-315-002-514-018,00000014336,1,1,KZ_BRAND_AND_SELECTED_SKUS,KZ_SKU_EVIDENCE_REQUIRED,https://www.vladmiva.ru/products/sfericheskie-trubinnye/806-315-002-514-018/,vladmiva-dental-catalog.json
ВладМиВа official,ВладМиВа,856.315.002.040.021,806-315-002-514-021,00000038855,1,1,KZ_BRAND_AND_SELECTED_SKUS,KZ_SKU_EVIDENCE_REQUIRED,https://www.vladmiva.ru/products/sfericheskie-trubinnye/806-315-002-514-021/,vladmiva-dental-catalog.json
ВладМиВа official,ВладМиВа,856.315.697.000.009,806-315-697-514-009,00000078933,1,1,KZ_BRAND_AND_SELECTED_SKUS,KZ_SKU_EVIDENCE_REQUIRED,https://www.vladmiva.ru/products/sfericheskie-trubinnye/806-315-697-514-009/,vladmiva-dental-catalog.json
ВладМиВа official,ВладМиВа,856.315.697.000.010,806-315-697-514-010,00000043737,1,1,KZ_BRAND_AND_SELECTED_SKUS,KZ_SKU_EVIDENCE_REQUIRED,https://www.vladmiva.ru/products/sfericheskie-trubinnye/806-315-697-514-010/,vladmiva-dental-catalog.json
ВладМиВа official,ВладМиВа,856.315.697.000.012,806-315-697-514-012,00000043738,1,1,KZ_BRAND_AND_SELECTED_SKUS,KZ_SKU_EVIDENCE_REQUIRED,https://www.vladmiva.ru/products/sfericheskie-trubinnye/806-315-697-514-012/,vladmiva-dental-catalog.json
ВладМиВа official,ВладМиВа,856.315.697.000.014,806-315-697-514-014,00000045311,1,1,KZ_BRAND_AND_SELECTED_SKUS,KZ_SKU_EVIDENCE_REQUIRED,https://www.vladmiva.ru/products/sfericheskie-trubinnye/806-315-697-514-014/,vladmiva-dental-catalog.json
ВладМиВа official,ВладМиВа,856.315.697.000.016,806-315-697-514-016,00000045293,1,1,KZ_BRAND_AND_SELECTED_SKUS,KZ_SKU_EVIDENCE_REQUIRED,https://www.vladmiva.ru/products/sfericheskie-trubinnye/806-315-697-514-016/,vladmiva-dental-catalog.json
ВладМиВа official,ВладМиВа,856.316.001.000.009,806-316-001-514-009,00000021118,1,1,KZ_BRAND_AND_SELECTED_SKUS,KZ_SKU_EVIDENCE_REQUIRED,https://www.vladmiva.ru/products/sfericheskie-trubinnye/806-316-001-514-009/,vladmiva-dental-catalog.json
ВладМиВа official,ВладМиВа,856.316.001.000.010,806-316-001-514-010,00000012941,1,1,KZ_BRAND_AND_SELECTED_SKUS,KZ_SKU_EVIDENCE_REQUIRED,https://www.vladmiva.ru/products/sfericheskie-trubinnye/806-316-001-514-010/,vladmiva-dental-catalog.json
ВладМиВа official,ВладМиВа,856.316.001.000.012,806-316-001-514-012,00000013108,1,1,KZ_BRAND_AND_SELECTED_SKUS,KZ_SKU_EVIDENCE_REQUIRED,https://www.vladmiva.ru/products/sfericheskie-trubinnye/806-316-001-514-012/,vladmiva-dental-catalog.json
ВладМиВа official,ВладМиВа,856.316.001.000.014,806-316-001-514-014,00000009137,1,1,KZ_BRAND_AND_SELECTED_SKUS,KZ_SKU_EVIDENCE_REQUIRED,https://www.vladmiva.ru/products/sfericheskie-trubinnye/806-316-001-514-014/,vladmiva-dental-catalog.json
ВладМиВа official,ВладМиВа,856.316.001.000.016,806-316-001-514-016,00000012961,1,1,KZ_BRAND_AND_SELECTED_SKUS,KZ_SKU_EVIDENCE_REQUIRED,https://www.vladmiva.ru/products/sfericheskie-trubinnye/806-316-001-514-016/,vladmiva-dental-catalog.json
ВладМиВа official,ВладМиВа,856.316.001.000.018,806-316-001-514-018,00000023937,1,1,KZ_BRAND_AND_SELECTED_SKUS,KZ_SKU_EVIDENCE_REQUIRED,https://www.vladmiva.ru/products/sfericheskie-trubinnye/806-316-001-514-018/,vladmiva-dental-catalog.json
ВладМиВа official,ВладМиВа,856.316.001.000.021,806-316-001-514-021,00000023948,1,1,KZ_BRAND_AND_SELECTED_SKUS,KZ_SKU_EVIDENCE_REQUIRED,https://www.vladmiva.ru/products/sfericheskie-trubinnye/806-316-001-514-021/,vladmiva-dental-catalog.json
ВладМиВа official,ВладМиВа,856.316.001.000.023,806-316-001-514-023,00000036207,1,1,KZ_BRAND_AND_SELECTED_SKUS,KZ_SKU_EVIDENCE_REQUIRED,https://www.vladmiva.ru/products/sfericheskie-trubinnye/806-316-001-514-023/,vladmiva-dental-catalog.json
ВладМиВа official,ВладМиВа,866.314.001.000.010,806-314-001-524-010,00000003825,1,1,KZ_BRAND_AND_SELECTED_SKUS,KZ_SKU_EVIDENCE_REQUIRED,https://www.vladmiva.ru/products/sfericheskie-trubinnye/806-314-001-524-010/,vladmiva-dental-catalog.json
ВладМиВа official,ВладМиВа,866.314.001.000.012,806-314-001-524-012,00000002727,1,1,KZ_BRAND_AND_SELECTED_SKUS,KZ_SKU_EVIDENCE_REQUIRED,https://www.vladmiva.ru/products/sfericheskie-trubinnye/806-314-001-524-012/,vladmiva-dental-catalog.json
ВладМиВа official,ВладМиВа,866.314.001.000.014,806-314-001-524-014,00000002728,1,1,KZ_BRAND_AND_SELECTED_SKUS,KZ_SKU_EVIDENCE_REQUIRED,https://www.vladmiva.ru/products/sfericheskie-trubinnye/806-314-001-524-014/,vladmiva-dental-catalog.json
ВладМиВа official,ВладМиВа,866.314.001.000.016,806-314-001-524-016,00000002729,1,1,KZ_BRAND_AND_SELECTED_SKUS,KZ_SKU_EVIDENCE_REQUIRED,https://www.vladmiva.ru/products/sfericheskie-trubinnye/806-314-001-524-016/,vladmiva-dental-catalog.json
ВладМиВа official,ВладМиВа,866.314.001.000.018,806-314-001-524-018,00000002730,1,1,KZ_BRAND_AND_SELECTED_SKUS,KZ_SKU_EVIDENCE_REQUIRED,https://www.vladmiva.ru/products/sfericheskie-trubinnye/806-314-001-524-018/,vladmiva-dental-catalog.json
ВладМиВа official,ВладМиВа,866.314.001.000.021,806-314-001-524-021,00000002731,1,1,KZ_BRAND_AND_SELECTED_SKUS,KZ_SKU_EVIDENCE_REQUIRED,https://www.vladmiva.ru/products/sfericheskie-trubinnye/806-314-001-524-021/,vladmiva-dental-catalog.json
ВладМиВа official,ВладМиВа,866.314.001.000.023,806-314-001-524-023,00000002732,1,1,KZ_BRAND_AND_SELECTED_SKUS,KZ_SKU_EVIDENCE_REQUIRED,https://www.vladmiva.ru/products/sfericheskie-trubinnye/806-314-001-524-023/,vladmiva-dental-catalog.json
ВладМиВа official,ВладМиВа,866.314.001.000.025,806-314-001-524-025,00000017530,1,1,KZ_BRAND_AND_SELECTED_SKUS,KZ_SKU_EVIDENCE_REQUIRED,https://www.vladmiva.ru/products/sfericheskie-trubinnye/806-314-001-524-025/,vladmiva-dental-catalog.json
ВладМиВа official,ВладМиВа,866.314.001.000.027,806-314-001-524-027,00000002733,1,1,KZ_BRAND_AND_SELECTED_SKUS,KZ_SKU_EVIDENCE_REQUIRED,https://www.vladmiva.ru/products/sfericheskie-trubinnye/806-314-001-524-027/,vladmiva-dental-catalog.json
ВладМиВа official,ВладМиВа,866.314.001.000.029,806-314-001-524-029,00000021874,1,1,KZ_BRAND_AND_SELECTED_SKUS,KZ_SKU_EVIDENCE_REQUIRED,https://www.vladmiva.ru/products/sfericheskie-trubinnye/806-314-001-524-029/,vladmiva-dental-catalog.json
ВладМиВа official,ВладМиВа,866.314.001.000.033,806-314-001-524-033,00000042013,1,1,KZ_BRAND_AND_SELECTED_SKUS,KZ_SKU_EVIDENCE_REQUIRED,https://www.vladmiva.ru/products/sfericheskie-trubinnye/806-314-001-524-033/,vladmiva-dental-catalog.json
ВладМиВа official,ВладМиВа,866.314.002.020.010,806-314-002-524-010,00000014548,1,1,KZ_BRAND_AND_SELECTED_SKUS,KZ_SKU_EVIDENCE_REQUIRED,https://www.vladmiva.ru/products/sfericheskie-trubinnye/806-314-002-524-010/,vladmiva-dental-catalog.json
ВладМиВа official,ВладМиВа,866.314.002.030.012,806-314-002-524-012,00000002752,1,1,KZ_BRAND_AND_SELECTED_SKUS,KZ_SKU_EVIDENCE_REQUIRED,https://www.vladmiva.ru/products/sfericheskie-trubinnye/806-314-002-524-012/,vladmiva-dental-catalog.json
ВладМиВа official,ВладМиВа,866.314.002.030.014,806-314-002-524-014,00000002753,1,1,KZ_BRAND_AND_SELECTED_SKUS,KZ_SKU_EVIDENCE_REQUIRED,https://www.vladmiva.ru/products/sfericheskie-trubinnye/806-314-002-524-014/,vladmiva-dental-catalog.json
ВладМиВа official,ВладМиВа,866.314.002.030.016,806-314-002-524-016,00000002754,1,1,KZ_BRAND_AND_SELECTED_SKUS,KZ_SKU_EVIDENCE_REQUIRED,https://www.vladmiva.ru/products/sfericheskie-trubinnye/806-314-002-524-016/,vladmiva-dental-catalog.json
ВладМиВа official,ВладМиВа,866.314.002.035.018,806-314-002-524-018,00000002755,1,1,KZ_BRAND_AND_SELECTED_SKUS,KZ_SKU_EVIDENCE_REQUIRED,https://www.vladmiva.ru/products/sfericheskie-trubinnye/806-314-002-524-018/,vladmiva-dental-catalog.json
ВладМиВа official,ВладМиВа,866.314.002.040.021,806-314-002-524-021,00000002756,1,1,KZ_BRAND_AND_SELECTED_SKUS,KZ_SKU_EVIDENCE_REQUIRED,https://www.vladmiva.ru/products/sfericheskie-trubinnye/806-314-002-524-021/,vladmiva-dental-catalog.json
ВладМиВа official,ВладМиВа,866.314.002.045.023,806-314-002-524-023,00000002757,1,1,KZ_BRAND_AND_SELECTED_SKUS,KZ_SKU_EVIDENCE_REQUIRED,https://www.vladmiva.ru/products/sfericheskie-trubinnye/806-314-002-524-023/,vladmiva-dental-catalog.json
ВладМиВа official,ВладМиВа,866.314.002.050.025,806-314-002-524-025,00000011799,1,1,KZ_BRAND_AND_SELECTED_SKUS,KZ_SKU_EVIDENCE_REQUIRED,https://www.vladmiva.ru/products/sfericheskie-trubinnye/806-314-002-524-025/,vladmiva-dental-catalog.json
ВладМиВа official,ВладМиВа,866.314.002.055.027,806-314-002-524-027,00000002758,1,1,KZ_BRAND_AND_SELECTED_SKUS,KZ_SKU_EVIDENCE_REQUIRED,https://www.vladmiva.ru/products/sfericheskie-trubinnye/806-314-002-524-027/,vladmiva-dental-catalog.json
ВладМиВа official,ВладМиВа,866.314.697.000.010,806-314-697-524-010,00000047101,1,1,KZ_BRAND_AND_SELECTED_SKUS,KZ_SKU_EVIDENCE_REQUIRED,https://www.vladmiva.ru/products/sfericheskie-trubinnye/806-314-697-524-010/,vladmiva-dental-catalog.json
ВладМиВа official,ВладМиВа,866.314.697.000.012,806-314-697-524-012,00000002768,1,1,KZ_BRAND_AND_SELECTED_SKUS,KZ_SKU_EVIDENCE_REQUIRED,https://www.vladmiva.ru/products/sfericheskie-trubinnye/806-314-697-524-012/,vladmiva-dental-catalog.json
ВладМиВа official,ВладМиВа,866.314.697.000.014,806-314-697-524-014,00000002769,1,1,KZ_BRAND_AND_SELECTED_SKUS,KZ_SKU_EVIDENCE_REQUIRED,https://www.vladmiva.ru/products/sfericheskie-trubinnye/806-314-697-524-014/,vladmiva-dental-catalog.json
ВладМиВа official,ВладМиВа,866.314.697.000.016,806-314-697-524-016,00000002770,1,1,KZ_BRAND_AND_SELECTED_SKUS,KZ_SKU_EVIDENCE_REQUIRED,https://www.vladmiva.ru/products/sfericheskie-trubinnye/806-314-697-524-016/,vladmiva-dental-catalog.json
ВладМиВа official,ВладМиВа,866.314.697.000.018,806-314-697-524-018,00000002771,1,1,KZ_BRAND_AND_SELECTED_SKUS,KZ_SKU_EVIDENCE_REQUIRED,https://www.vladmiva.ru/products/sfericheskie-trubinnye/806-314-697-524-018/,vladmiva-dental-catalog.json
ВладМиВа official,ВладМиВа,866.314.697.000.021,806-314-697-524-021,00000048289,1,1,KZ_BRAND_AND_SELECTED_SKUS,KZ_SKU_EVIDENCE_REQUIRED,https://www.vladmiva.ru/products/sfericheskie-trubinnye/806-314-697-524-021/,vladmiva-dental-catalog.json
ВладМиВа official,ВладМиВа,866.315.001.000.010,806-315-001-524-010,00000004422,1,1,KZ_BRAND_AND_SELECTED_SKUS,KZ_SKU_EVIDENCE_REQUIRED,https://www.vladmiva.ru/products/sfericheskie-trubinnye/806-315-001-524-010/,vladmiva-dental-catalog.json
ВладМиВа official,ВладМиВа,866.315.001.000.012,806-315-001-524-012,00000002740,1,1,KZ_BRAND_AND_SELECTED_SKUS,KZ_SKU_EVIDENCE_REQUIRED,https://www.vladmiva.ru/products/sfericheskie-trubinnye/806-315-001-524-012/,vladmiva-dental-catalog.json
ВладМиВа official,ВладМиВа,866.315.001.000.014,806-315-001-524-014,00000002741,1,1,KZ_BRAND_AND_SELECTED_SKUS,KZ_SKU_EVIDENCE_REQUIRED,https://www.vladmiva.ru/products/sfericheskie-trubinnye/806-315-001-524-014/,vladmiva-dental-catalog.json
ВладМиВа official,ВладМиВа,866.315.001.000.016,806-315-001-524-016,00000002742,1,1,KZ_BRAND_AND_SELECTED_SKUS,KZ_SKU_EVIDENCE_REQUIRED,https://www.vladmiva.ru/products/sfericheskie-trubinnye/806-315-001-524-016/,vladmiva-dental-catalog.json
ВладМиВа official,ВладМиВа,866.315.001.000.018,806-315-001-524-018,00000002743,1,1,KZ_BRAND_AND_SELECTED_SKUS,KZ_SKU_EVIDENCE_REQUIRED,https://www.vladmiva.ru/products/sfericheskie-trubinnye/806-315-001-524-018/,vladmiva-dental-catalog.json
ВладМиВа official,ВладМиВа,866.315.001.000.021,806-315-001-524-021,00000002749,1,1,KZ_BRAND_AND_SELECTED_SKUS,KZ_SKU_EVIDENCE_REQUIRED,https://www.vladmiva.ru/products/sfericheskie-trubinnye/806-315-001-524-021/,vladmiva-dental-catalog.json
ВладМиВа official,ВладМиВа,866.315.001.000.023,806-315-001-524-023,00000014625,1,1,KZ_BRAND_AND_SELECTED_SKUS,KZ_SKU_EVIDENCE_REQUIRED,https://www.vladmiva.ru/products/sfericheskie-trubinnye/806-315-001-524-023/,vladmiva-dental-catalog.json
ВладМиВа official,ВладМиВа,866.315.001.000.025,806-315-001-524-025,00000002750,1,1,KZ_BRAND_AND_SELECTED_SKUS,KZ_SKU_EVIDENCE_REQUIRED,https://www.vladmiva.ru/products/sfericheskie-trubinnye/806-315-001-524-025/,vladmiva-dental-catalog.json
ВладМиВа official,ВладМиВа,866.315.001.000.027,806-315-001-524-027,00000002751,1,1,KZ_BRAND_AND_SELECTED_SKUS,KZ_SKU_EVIDENCE_REQUIRED,https://www.vladmiva.ru/products/sfericheskie-trubinnye/806-315-001-524-027/,vladmiva-dental-catalog.json
ВладМиВа official,ВладМиВа,866.315.001.000.029,806-315-001-524-029,00000022282,1,1,KZ_BRAND_AND_SELECTED_SKUS,KZ_SKU_EVIDENCE_REQUIRED,https://www.vladmiva.ru/products/sfericheskie-trubinnye/806-315-001-524-029/,vladmiva-dental-catalog.json
ВладМиВа official,ВладМиВа,866.315.001.000.033,806-315-001-524-033,00000021294,1,1,KZ_BRAND_AND_SELECTED_SKUS,KZ_SKU_EVIDENCE_REQUIRED,https://www.vladmiva.ru/products/sfericheskie-trubinnye/806-315-001-524-033/,vladmiva-dental-catalog.json
ВладМиВа official,ВладМиВа,866.315.001.000.035,806-315-001-524-035,00000022283,1,1,KZ_BRAND_AND_SELECTED_SKUS,KZ_SKU_EVIDENCE_REQUIRED,https://www.vladmiva.ru/products/sfericheskie-trubinnye/806-315-001-524-035/,vladmiva-dental-catalog.json
ВладМиВа official,ВладМиВа,866.315.002.020.010,806-315-002-524-010,00000014507,1,1,KZ_BRAND_AND_SELECTED_SKUS,KZ_SKU_EVIDENCE_REQUIRED,https://www.vladmiva.ru/products/sfericheskie-trubinnye/806-315-002-524-010/,vladmiva-dental-catalog.json
ВладМиВа official,ВладМиВа,866.315.002.030.012,806-315-002-524-012,00000002762,1,1,KZ_BRAND_AND_SELECTED_SKUS,KZ_SKU_EVIDENCE_REQUIRED,https://www.vladmiva.ru/products/sfericheskie-trubinnye/806-315-002-524-012/,vladmiva-dental-catalog.json
ВладМиВа official,ВладМиВа,866.315.002.030.014,806-315-002-524-014,00000002763,1,1,KZ_BRAND_AND_SELECTED_SKUS,KZ_SKU_EVIDENCE_REQUIRED,https://www.vladmiva.ru/products/sfericheskie-trubinnye/806-315-002-524-014/,vladmiva-dental-catalog.json
ВладМиВа official,ВладМиВа,866.315.002.030.016,806-315-002-524-016,00000002764,1,1,KZ_BRAND_AND_SELECTED_SKUS,KZ_SKU_EVIDENCE_REQUIRED,https://www.vladmiva.ru/products/sfericheskie-trubinnye/806-315-002-524-016/,vladmiva-dental-catalog.json
ВладМиВа official,ВладМиВа,866.315.002.035.018,806-315-002-524-018,00000002765,1,1,KZ_BRAND_AND_SELECTED_SKUS,KZ_SKU_EVIDENCE_REQUIRED,https://www.vladmiva.ru/products/sfericheskie-trubinnye/806-315-002-524-018/,vladmiva-dental-catalog.json
ВладМиВа official,ВладМиВа,866.315.002.040.021,806-315-002-524-021,00000002766,1,1,KZ_BRAND_AND_SELECTED_SKUS,KZ_SKU_EVIDENCE_REQUIRED,https://www.vladmiva.ru/products/sfericheskie-trubinnye/806-315-002-524-021/,vladmiva-dental-catalog.json
ВладМиВа official,ВладМиВа,866.315.002.045.023,806-315-002-524-023,00000002767,1,1,KZ_BRAND_AND_SELECTED_SKUS,KZ_SKU_EVIDENCE_REQUIRED,https://www.vladmiva.ru/products/sfericheskie-trubinnye/806-315-002-524-023/,vladmiva-dental-catalog.json
ВладМиВа official,ВладМиВа,866.315.002.050.025,806-315-002-524-025,00000042579,1,1,KZ_BRAND_AND_SELECTED_SKUS,KZ_SKU_EVIDENCE_REQUIRED,https://www.vladmiva.ru/products/sfericheskie-trubinnye/806-315-002-524-025/,vladmiva-dental-catalog.json
ВладМиВа official,ВладМиВа,866.315.002.055.027,806-315-002-524-027,00000018567,1,1,KZ_BRAND_AND_SELECTED_SKUS,KZ_SKU_EVIDENCE_REQUIRED,https://www.vladmiva.ru/products/sfericheskie-trubinnye/806-315-002-524-027/,vladmiva-dental-catalog.json
ВладМиВа official,ВладМиВа,866.315.697.000.012,806-315-697-524-012,00000043739,1,1,KZ_BRAND_AND_SELECTED_SKUS,KZ_SKU_EVIDENCE_REQUIRED,https://www.vladmiva.ru/products/sfericheskie-trubinnye/806-315-697-524-012/,vladmiva-dental-catalog.json
ВладМиВа official,ВладМиВа,866.315.697.000.014,806-315-697-524-014,00000044990,1,1,KZ_BRAND_AND_SELECTED_SKUS,KZ_SKU_EVIDENCE_REQUIRED,https://www.vladmiva.ru/products/sfericheskie-trubinnye/806-315-697-524-014/,vladmiva-dental-catalog.json
ВладМиВа official,ВладМиВа,866.315.697.000.016,806-315-697-524-016,00000045023,1,1,KZ_BRAND_AND_SELECTED_SKUS,KZ_SKU_EVIDENCE_REQUIRED,https://www.vladmiva.ru/products/sfericheskie-trubinnye/806-315-697-524-016/,vladmiva-dental-catalog.json
ВладМиВа official,ВладМиВа,866.315.697.000.018,806-315-697-524-018,00000045200,1,1,KZ_BRAND_AND_SELECTED_SKUS,KZ_SKU_EVIDENCE_REQUIRED,https://www.vladmiva.ru/products/sfericheskie-trubinnye/806-315-697-524-018/,vladmiva-dental-catalog.json
ВладМиВа official,ВладМиВа,866.315.697.000.021,806-315-697-524-021,00000043772,1,1,KZ_BRAND_AND_SELECTED_SKUS,KZ_SKU_EVIDENCE_REQUIRED,https://www.vladmiva.ru/products/sfericheskie-trubinnye/806-315-697-524-021/,vladmiva-dental-catalog.json
ВладМиВа official,ВладМиВа,866.316.001.000.010,806-316-001-524-010,00000011078,1,1,KZ_BRAND_AND_SELECTED_SKUS,KZ_SKU_EVIDENCE_REQUIRED,https://www.vladmiva.ru/products/sfericheskie-trubinnye/806-316-001-524-010/,vladmiva-dental-catalog.json
ВладМиВа official,ВладМиВа,866.316.001.000.012,806-316-001-524-012,00000018803,1,1,KZ_BRAND_AND_SELECTED_SKUS,KZ_SKU_EVIDENCE_REQUIRED,https://www.vladmiva.ru/products/sfericheskie-trubinnye/806-316-001-524-012/,vladmiva-dental-catalog.json
ВладМиВа official,ВладМиВа,866.316.001.000.014,806-316-001-524-014,00000018801,1,1,KZ_BRAND_AND_SELECTED_SKUS,KZ_SKU_EVIDENCE_REQUIRED,https://www.vladmiva.ru/products/sfericheskie-trubinnye/806-316-001-524-014/,vladmiva-dental-catalog.json
ВладМиВа official,ВладМиВа,866.316.001.000.016,806-316-001-524-016,00000019013,1,1,KZ_BRAND_AND_SELECTED_SKUS,KZ_SKU_EVIDENCE_REQUIRED,https://www.vladmiva.ru/products/sfericheskie-trubinnye/806-316-001-524-016/,vladmiva-dental-catalog.json
ВладМиВа official,ВладМиВа,866.316.001.000.018,806-316-001-524-018,00000017929,1,1,KZ_BRAND_AND_SELECTED_SKUS,KZ_SKU_EVIDENCE_REQUIRED,https://www.vladmiva.ru/products/sfericheskie-trubinnye/806-316-001-524-018/,vladmiva-dental-catalog.json
ВладМиВа official,ВладМиВа,866.316.001.000.021,806-316-001-524-021,00000031463,1,1,KZ_BRAND_AND_SELECTED_SKUS,KZ_SKU_EVIDENCE_REQUIRED,https://www.vladmiva.ru/products/sfericheskie-trubinnye/806-316-001-524-021/,vladmiva-dental-catalog.json
ВладМиВа official,ВладМиВа,866.316.001.000.023,806-316-001-524-023,00000023935,1,1,KZ_BRAND_AND_SELECTED_SKUS,KZ_SKU_EVIDENCE_REQUIRED,https://www.vladmiva.ru/products/sfericheskie-trubinnye/806-316-001-524-023/,vladmiva-dental-catalog.json
ВладМиВа official,ВладМиВа,866.316.001.000.025,806-316-001-524-025,00000036247,1,1,KZ_BRAND_AND_SELECTED_SKUS,KZ_SKU_EVIDENCE_REQUIRED,https://www.vladmiva.ru/products/sfericheskie-trubinnye/806-316-001-524-025/,vladmiva-dental-catalog.json
ВладМиВа official,ВладМиВа,866.316.002.040.021,806-316-002-524-021,00000023113,1,1,KZ_BRAND_AND_SELECTED_SKUS,KZ_SKU_EVIDENCE_REQUIRED,https://www.vladmiva.ru/products/sfericheskie-trubinnye/806-316-002-524-021/,vladmiva-dental-catalog.json
ВладМиВа official,ВладМиВа,876.314.001.000.010,806-314-001-534-010,00000021872,1,1,KZ_BRAND_AND_SELECTED_SKUS,KZ_SKU_EVIDENCE_REQUIRED,https://www.vladmiva.ru/products/sfericheskie-trubinnye/806-314-001-534-010/,vladmiva-dental-catalog.json
ВладМиВа official,ВладМиВа,876.314.001.000.012,806-314-001-534-012,00000018446,1,1,KZ_BRAND_AND_SELECTED_SKUS,KZ_SKU_EVIDENCE_REQUIRED,https://www.vladmiva.ru/products/sfericheskie-trubinnye/806-314-001-534-012/,vladmiva-dental-catalog.json
ВладМиВа official,ВладМиВа,876.314.001.000.014,806-314-001-534-014,00000002734,1,1,KZ_BRAND_AND_SELECTED_SKUS,KZ_SKU_EVIDENCE_REQUIRED,https://www.vladmiva.ru/products/sfericheskie-trubinnye/806-314-001-534-014/,vladmiva-dental-catalog.json
ВладМиВа official,ВладМиВа,876.314.001.000.016,806-314-001-534-016,00000002735,1,1,KZ_BRAND_AND_SELECTED_SKUS,KZ_SKU_EVIDENCE_REQUIRED,https://www.vladmiva.ru/products/sfericheskie-trubinnye/806-314-001-534-016/,vladmiva-dental-catalog.json
ВладМиВа official,ВладМиВа,876.314.001.000.018,806-314-001-534-018,00000002736,1,1,KZ_BRAND_AND_SELECTED_SKUS,KZ_SKU_EVIDENCE_REQUIRED,https://www.vladmiva.ru/products/sfericheskie-trubinnye/806-314-001-534-018/,vladmiva-dental-catalog.json
ВладМиВа official,ВладМиВа,876.314.001.000.021,806-314-001-534-021,00000002737,1,1,KZ_BRAND_AND_SELECTED_SKUS,KZ_SKU_EVIDENCE_REQUIRED,https://www.vladmiva.ru/products/sfericheskie-trubinnye/806-314-001-534-021/,vladmiva-dental-catalog.json
ВладМиВа official,ВладМиВа,876.314.001.000.023,806-314-001-534-023,00000002738,1,1,KZ_BRAND_AND_SELECTED_SKUS,KZ_SKU_EVIDENCE_REQUIRED,https://www.vladmiva.ru/products/sfericheskie-trubinnye/806-314-001-534-023/,vladmiva-dental-catalog.json
ВладМиВа official,ВладМиВа,876.314.001.000.025,806-314-001-534-025,00000003071,1,1,KZ_BRAND_AND_SELECTED_SKUS,KZ_SKU_EVIDENCE_REQUIRED,https://www.vladmiva.ru/products/sfericheskie-trubinnye/806-314-001-534-025/,vladmiva-dental-catalog.json
ВладМиВа official,ВладМиВа,876.314.001.000.027,806-314-001-534-027,00000002739,1,1,KZ_BRAND_AND_SELECTED_SKUS,KZ_SKU_EVIDENCE_REQUIRED,https://www.vladmiva.ru/products/sfericheskie-trubinnye/806-314-001-534-027/,vladmiva-dental-catalog.json
ВладМиВа official,ВладМиВа,876.314.001.000.029,806-314-001-534-029,00000040028,1,1,KZ_BRAND_AND_SELECTED_SKUS,KZ_SKU_EVIDENCE_REQUIRED,https://www.vladmiva.ru/products/sfericheskie-trubinnye/806-314-001-534-029/,vladmiva-dental-catalog.json
ВладМиВа official,ВладМиВа,876.314.001.000.033,806-314-001-534-033,00000042014,1,1,KZ_BRAND_AND_SELECTED_SKUS,KZ_SKU_EVIDENCE_REQUIRED,https://www.vladmiva.ru/products/sfericheskie-trubinnye/806-314-001-534-033/,vladmiva-dental-catalog.json
ВладМиВа official,ВладМиВа,876.314.002.020.010,806-314-002-534-010,00000041813,1,1,KZ_BRAND_AND_SELECTED_SKUS,KZ_SKU_EVIDENCE_REQUIRED,https://www.vladmiva.ru/products/sfericheskie-trubinnye/806-314-002-534-010/,vladmiva-dental-catalog.json
ВладМиВа official,ВладМиВа,876.314.002.030.012,806-314-002-534-012,00000003072,1,1,KZ_BRAND_AND_SELECTED_SKUS,KZ_SKU_EVIDENCE_REQUIRED,https://www.vladmiva.ru/products/sfericheskie-trubinnye/806-314-002-534-012/,vladmiva-dental-catalog.json
ВладМиВа official,ВладМиВа,876.314.002.030.014,806-314-002-534-014,00000002759,1,1,KZ_BRAND_AND_SELECTED_SKUS,KZ_SKU_EVIDENCE_REQUIRED,https://www.vladmiva.ru/products/sfericheskie-trubinnye/806-314-002-534-014/,vladmiva-dental-catalog.json
ВладМиВа official,ВладМиВа,876.314.002.030.016,806-314-002-534-016,00000002760,1,1,KZ_BRAND_AND_SELECTED_SKUS,KZ_SKU_EVIDENCE_REQUIRED,https://www.vladmiva.ru/products/sfericheskie-trubinnye/806-314-002-534-016/,vladmiva-dental-catalog.json
ВладМиВа official,ВладМиВа,876.314.002.035.018,806-314-002-534-018,00000002761,1,1,KZ_BRAND_AND_SELECTED_SKUS,KZ_SKU_EVIDENCE_REQUIRED,https://www.vladmiva.ru/products/sfericheskie-trubinnye/806-314-002-534-018/,vladmiva-dental-catalog.json
ВладМиВа official,ВладМиВа,876.314.002.040.021,806-314-002-534-021,00000017927,1,1,KZ_BRAND_AND_SELECTED_SKUS,KZ_SKU_EVIDENCE_REQUIRED,https://www.vladmiva.ru/products/sfericheskie-trubinnye/806-314-002-534-021/,vladmiva-dental-catalog.json
ВладМиВа official,ВладМиВа,876.314.002.045.023,806-314-002-534-023,00000017928,1,1,KZ_BRAND_AND_SELECTED_SKUS,KZ_SKU_EVIDENCE_REQUIRED,https://www.vladmiva.ru/products/sfericheskie-trubinnye/806-314-002-534-023/,vladmiva-dental-catalog.json
ВладМиВа official,ВладМиВа,876.314.002.050.025,806-314-002-534-025,00000022973,1,1,KZ_BRAND_AND_SELECTED_SKUS,KZ_SKU_EVIDENCE_REQUIRED,https://www.vladmiva.ru/products/sfericheskie-trubinnye/806-314-002-534-025/,vladmiva-dental-catalog.json
ВладМиВа official,ВладМиВа,876.314.697.000.012,806-314-697-534-012,00000019014,1,1,KZ_BRAND_AND_SELECTED_SKUS,KZ_SKU_EVIDENCE_REQUIRED,https://www.vladmiva.ru/products/sfericheskie-trubinnye/806-314-697-534-012/,vladmiva-dental-catalog.json
ВладМиВа official,ВладМиВа,876.314.697.000.014,806-314-697-534-014,00000018104,1,1,KZ_BRAND_AND_SELECTED_SKUS,KZ_SKU_EVIDENCE_REQUIRED,https://www.vladmiva.ru/products/sfericheskie-trubinnye/806-314-697-534-014/,vladmiva-dental-catalog.json
ВладМиВа official,ВладМиВа,876.314.697.000.016,806-314-697-534-016,00000019003,1,1,KZ_BRAND_AND_SELECTED_SKUS,KZ_SKU_EVIDENCE_REQUIRED,https://www.vladmiva.ru/products/sfericheskie-trubinnye/806-314-697-534-016/,vladmiva-dental-catalog.json
ВладМиВа official,ВладМиВа,876.314.697.000.018,806-314-697-534-018,00000017601,1,1,KZ_BRAND_AND_SELECTED_SKUS,KZ_SKU_EVIDENCE_REQUIRED,https://www.vladmiva.ru/products/sfericheskie-trubinnye/806-314-697-534-018/,vladmiva-dental-catalog.json
ВладМиВа official,ВладМиВа,876.314.697.000.021,806-314-697-534-021,00000048290,1,1,KZ_BRAND_AND_SELECTED_SKUS,KZ_SKU_EVIDENCE_REQUIRED,https://www.vladmiva.ru/products/sfericheskie-trubinnye/806-314-697-534-021/,vladmiva-dental-catalog.json
ВладМиВа official,ВладМиВа,876.315.001.000.010,806-315-001-534-010,00000021496,1,1,KZ_BRAND_AND_SELECTED_SKUS,KZ_SKU_EVIDENCE_REQUIRED,https://www.vladmiva.ru/products/sfericheskie-trubinnye/806-315-001-534-010/,vladmiva-dental-catalog.json
ВладМиВа official,ВладМиВа,876.315.001.000.012,806-315-001-534-012,00000019803,1,1,KZ_BRAND_AND_SELECTED_SKUS,KZ_SKU_EVIDENCE_REQUIRED,https://www.vladmiva.ru/products/sfericheskie-trubinnye/806-315-001-534-012/,vladmiva-dental-catalog.json
ВладМиВа official,ВладМиВа,876.315.001.000.014,806-315-001-534-014,00000003049,1,1,KZ_BRAND_AND_SELECTED_SKUS,KZ_SKU_EVIDENCE_REQUIRED,https://www.vladmiva.ru/products/sfericheskie-trubinnye/806-315-001-534-014/,vladmiva-dental-catalog.json
ВладМиВа official,ВладМиВа,876.315.001.000.016,806-315-001-534-016,00000003050,1,1,KZ_BRAND_AND_SELECTED_SKUS,KZ_SKU_EVIDENCE_REQUIRED,https://www.vladmiva.ru/products/sfericheskie-trubinnye/806-315-001-534-016/,vladmiva-dental-catalog.json
ВладМиВа official,ВладМиВа,876.315.001.000.018,806-315-001-534-018,00000003051,1,1,KZ_BRAND_AND_SELECTED_SKUS,KZ_SKU_EVIDENCE_REQUIRED,https://www.vladmiva.ru/products/sfericheskie-trubinnye/806-315-001-534-018/,vladmiva-dental-catalog.json
ВладМиВа official,ВладМиВа,876.315.001.000.021,806-315-001-534-021,00000003068,1,1,KZ_BRAND_AND_SELECTED_SKUS,KZ_SKU_EVIDENCE_REQUIRED,https://www.vladmiva.ru/products/sfericheskie-trubinnye/806-315-001-534-021/,vladmiva-dental-catalog.json
ВладМиВа official,ВладМиВа,876.315.001.000.023,806-315-001-534-023,00000004432,1,1,KZ_BRAND_AND_SELECTED_SKUS,KZ_SKU_EVIDENCE_REQUIRED,https://www.vladmiva.ru/products/sfericheskie-trubinnye/806-315-001-534-023/,vladmiva-dental-catalog.json
ВладМиВа official,ВладМиВа,876.315.001.000.025,806-315-001-534-025,00000008158,1,1,KZ_BRAND_AND_SELECTED_SKUS,KZ_SKU_EVIDENCE_REQUIRED,https://www.vladmiva.ru/products/sfericheskie-trubinnye/806-315-001-534-025/,vladmiva-dental-catalog.json
ВладМиВа official,ВладМиВа,876.315.001.000.027,806-315-001-534-027,00000017602,1,1,KZ_BRAND_AND_SELECTED_SKUS,KZ_SKU_EVIDENCE_REQUIRED,https://www.vladmiva.ru/products/sfericheskie-trubinnye/806-315-001-534-027/,vladmiva-dental-catalog.json
ВладМиВа official,ВладМиВа,876.315.001.000.029,806-315-001-534-029,00000020072,1,1,KZ_BRAND_AND_SELECTED_SKUS,KZ_SKU_EVIDENCE_REQUIRED,https://www.vladmiva.ru/products/sfericheskie-trubinnye/806-315-001-534-029/,vladmiva-dental-catalog.json
ВладМиВа official,ВладМиВа,876.315.001.000.033,806-315-001-534-033,00000021289,1,1,KZ_BRAND_AND_SELECTED_SKUS,KZ_SKU_EVIDENCE_REQUIRED,https://www.vladmiva.ru/products/sfericheskie-trubinnye/806-315-001-534-033/,vladmiva-dental-catalog.json
ВладМиВа official,ВладМиВа,876.315.002.030.012,806-315-002-534-012,00000003052,1,1,KZ_BRAND_AND_SELECTED_SKUS,KZ_SKU_EVIDENCE_REQUIRED,https://www.vladmiva.ru/products/sfericheskie-trubinnye/806-315-002-534-012/,vladmiva-dental-catalog.json
ВладМиВа official,ВладМиВа,876.315.002.030.014,806-315-002-534-014,00000003053,1,1,KZ_BRAND_AND_SELECTED_SKUS,KZ_SKU_EVIDENCE_REQUIRED,https://www.vladmiva.ru/products/sfericheskie-trubinnye/806-315-002-534-014/,vladmiva-dental-catalog.json
ВладМиВа official,ВладМиВа,876.315.002.030.016,806-315-002-534-016,00000003054,1,1,KZ_BRAND_AND_SELECTED_SKUS,KZ_SKU_EVIDENCE_REQUIRED,https://www.vladmiva.ru/products/sfericheskie-trubinnye/806-315-002-534-016/,vladmiva-dental-catalog.json
ВладМиВа official,ВладМиВа,876.315.002.035.018,806-315-002-534-018,00000003055,1,1,KZ_BRAND_AND_SELECTED_SKUS,KZ_SKU_EVIDENCE_REQUIRED,https://www.vladmiva.ru/products/sfericheskie-trubinnye/806-315-002-534-018/,vladmiva-dental-catalog.json
ВладМиВа official,ВладМиВа,876.315.002.040.021,806-315-002-534-021,00000023073,1,1,KZ_BRAND_AND_SELECTED_SKUS,KZ_SKU_EVIDENCE_REQUIRED,https://www.vladmiva.ru/products/sfericheskie-trubinnye/806-315-002-534-021/,vladmiva-dental-catalog.json
ВладМиВа official,ВладМиВа,876.315.002.045.023,806-315-002-534-023,00000041816,1,1,KZ_BRAND_AND_SELECTED_SKUS,KZ_SKU_EVIDENCE_REQUIRED,https://www.vladmiva.ru/products/sfericheskie-trubinnye/806-315-002-534-023/,vladmiva-dental-catalog.json
ВладМиВа official,ВладМиВа,876.315.002.050.025,806-315-002-534-025,00000042583,1,1,KZ_BRAND_AND_SELECTED_SKUS,KZ_SKU_EVIDENCE_REQUIRED,https://www.vladmiva.ru/products/sfericheskie-trubinnye/806-315-002-534-025/,vladmiva-dental-catalog.json
ВладМиВа official,ВладМиВа,876.315.002.055.027,806-315-002-534-027,00000021974,1,1,KZ_BRAND_AND_SELECTED_SKUS,KZ_SKU_EVIDENCE_REQUIRED,https://www.vladmiva.ru/products/sfericheskie-trubinnye/806-315-002-534-027/,vladmiva-dental-catalog.json
ВладМиВа official,ВладМиВа,876.315.697.000.012,806-315-697-534-012,00000045024,1,1,KZ_BRAND_AND_SELECTED_SKUS,KZ_SKU_EVIDENCE_REQUIRED,https://www.vladmiva.ru/products/sfericheskie-trubinnye/806-315-697-534-012/,vladmiva-dental-catalog.json
ВладМиВа official,ВладМиВа,876.315.697.000.014,806-315-697-534-014,00000044991,1,1,KZ_BRAND_AND_SELECTED_SKUS,KZ_SKU_EVIDENCE_REQUIRED,https://www.vladmiva.ru/products/sfericheskie-trubinnye/806-315-697-534-014/,vladmiva-dental-catalog.json
ВладМиВа official,ВладМиВа,876.315.697.000.016,806-315-697-534-016,00000044992,1,1,KZ_BRAND_AND_SELECTED_SKUS,KZ_SKU_EVIDENCE_REQUIRED,https://www.vladmiva.ru/products/sfericheskie-trubinnye/806-315-697-534-016/,vladmiva-dental-catalog.json
ВладМиВа official,ВладМиВа,876.315.697.000.018,806-315-697-534-018,00000045201,1,1,KZ_BRAND_AND_SELECTED_SKUS,KZ_SKU_EVIDENCE_REQUIRED,https://www.vladmiva.ru/products/sfericheskie-trubinnye/806-315-697-534-018/,vladmiva-dental-catalog.json
ВладМиВа official,ВладМиВа,876.315.697.000.021,806-315-697-534-021,00000045292,1,1,KZ_BRAND_AND_SELECTED_SKUS,KZ_SKU_EVIDENCE_REQUIRED,https://www.vladmiva.ru/products/sfericheskie-trubinnye/806-315-697-534-021/,vladmiva-dental-catalog.json
ВладМиВа official,ВладМиВа,876.316.001.000.010,806-316-001-534-010,00000022330,1,1,KZ_BRAND_AND_SELECTED_SKUS,KZ_SKU_EVIDENCE_REQUIRED,https://www.vladmiva.ru/products/sfericheskie-trubinnye/806-316-001-534-010/,vladmiva-dental-catalog.json
ВладМиВа official,ВладМиВа,876.316.001.000.012,806-316-001-534-012,00000010802,1,1,KZ_BRAND_AND_SELECTED_SKUS,KZ_SKU_EVIDENCE_REQUIRED,https://www.vladmiva.ru/products/sfericheskie-trubinnye/806-316-001-534-012/,vladmiva-dental-catalog.json
ВладМиВа official,ВладМиВа,876.316.001.000.014,806-316-001-534-014,00000018889,1,1,KZ_BRAND_AND_SELECTED_SKUS,KZ_SKU_EVIDENCE_REQUIRED,https://www.vladmiva.ru/products/sfericheskie-trubinnye/806-316-001-534-014/,vladmiva-dental-catalog.json
ВладМиВа official,ВладМиВа,876.316.001.000.016,806-316-001-534-016,00000018800,1,1,KZ_BRAND_AND_SELECTED_SKUS,KZ_SKU_EVIDENCE_REQUIRED,https://www.vladmiva.ru/products/sfericheskie-trubinnye/806-316-001-534-016/,vladmiva-dental-catalog.json
ВладМиВа official,ВладМиВа,876.316.001.000.018,806-316-001-534-018,00000018802,1,1,KZ_BRAND_AND_SELECTED_SKUS,KZ_SKU_EVIDENCE_REQUIRED,https://www.vladmiva.ru/products/sfericheskie-trubinnye/806-316-001-534-018/,vladmiva-dental-catalog.json
ВладМиВа official,ВладМиВа,876.316.001.000.021,806-316-001-534-021,00000022958,1,1,KZ_BRAND_AND_SELECTED_SKUS,KZ_SKU_EVIDENCE_REQUIRED,https://www.vladmiva.ru/products/sfericheskie-trubinnye/806-316-001-534-021/,vladmiva-dental-catalog.json
ВладМиВа official,ВладМиВа,876.316.001.000.023,806-316-001-534-023,00000023923,1,1,KZ_BRAND_AND_SELECTED_SKUS,KZ_SKU_EVIDENCE_REQUIRED,https://www.vladmiva.ru/products/sfericheskie-trubinnye/806-316-001-534-023/,vladmiva-dental-catalog.json
ВладМиВа official,ВладМиВа,876.316.001.000.025,806-316-001-534-025,00000036067,1,1,KZ_BRAND_AND_SELECTED_SKUS,KZ_SKU_EVIDENCE_REQUIRED,https://www.vladmiva.ru/products/sfericheskie-trubinnye/806-316-001-534-025/,vladmiva-dental-catalog.json
ВладМиВа official,ВладМиВа,886.314.001.000.014,806-314-001-544-014,00000020010,1,1,KZ_BRAND_AND_SELECTED_SKUS,KZ_SKU_EVIDENCE_REQUIRED,https://www.vladmiva.ru/products/sfericheskie-trubinnye/806-314-001-544-014/,vladmiva-dental-catalog.json
ВладМиВа official,ВладМиВа,886.314.001.000.016,806-314-001-544-016,00000015162,1,1,KZ_BRAND_AND_SELECTED_SKUS,KZ_SKU_EVIDENCE_REQUIRED,https://www.vladmiva.ru/products/sfericheskie-trubinnye/806-314-001-544-016/,vladmiva-dental-catalog.json
ВладМиВа official,ВладМиВа,886.314.001.000.018,806-314-001-544-018,00000017912,1,1,KZ_BRAND_AND_SELECTED_SKUS,KZ_SKU_EVIDENCE_REQUIRED,https://www.vladmiva.ru/products/sfericheskie-trubinnye/806-314-001-544-018/,vladmiva-dental-catalog.json
ВладМиВа official,ВладМиВа,886.314.001.000.021,806-314-001-544-021,00000015163,1,1,KZ_BRAND_AND_SELECTED_SKUS,KZ_SKU_EVIDENCE_REQUIRED,https://www.vladmiva.ru/products/sfericheskie-trubinnye/806-314-001-544-021/,vladmiva-dental-catalog.json
ВладМиВа official,ВладМиВа,886.314.001.000.023,806-314-001-544-023,00000018013,1,1,KZ_BRAND_AND_SELECTED_SKUS,KZ_SKU_EVIDENCE_REQUIRED,https://www.vladmiva.ru/products/sfericheskie-trubinnye/806-314-001-544-023/,vladmiva-dental-catalog.json
ВладМиВа official,ВладМиВа,886.314.001.000.025,806-314-001-544-025,00000017907,1,1,KZ_BRAND_AND_SELECTED_SKUS,KZ_SKU_EVIDENCE_REQUIRED,https://www.vladmiva.ru/products/sfericheskie-trubinnye/806-314-001-544-025/,vladmiva-dental-catalog.json
ВладМиВа official,ВладМиВа,886.314.001.000.027,806-314-001-544-027,00000018014,1,1,KZ_BRAND_AND_SELECTED_SKUS,KZ_SKU_EVIDENCE_REQUIRED,https://www.vladmiva.ru/products/sfericheskie-trubinnye/806-314-001-544-027/,vladmiva-dental-catalog.json
ВладМиВа official,ВладМиВа,886.314.001.000.029,806-314-001-544-029,00000012519,1,1,KZ_BRAND_AND_SELECTED_SKUS,KZ_SKU_EVIDENCE_REQUIRED,https://www.vladmiva.ru/products/sfericheskie-trubinnye/806-314-001-544-029/,vladmiva-dental-catalog.json
ВладМиВа official,ВладМиВа,886.314.002.040.021,806-314-002-544-021,00000070357,1,1,KZ_BRAND_AND_SELECTED_SKUS,KZ_SKU_EVIDENCE_REQUIRED,https://www.vladmiva.ru/products/sfericheskie-trubinnye/806-314-002-544-021/,vladmiva-dental-catalog.json
ВладМиВа official,ВладМиВа,886.314.697.000.014,806-314-697-544-014,00000021155,1,1,KZ_BRAND_AND_SELECTED_SKUS,KZ_SKU_EVIDENCE_REQUIRED,https://www.vladmiva.ru/products/sfericheskie-trubinnye/806-314-697-544-014/,vladmiva-dental-catalog.json
ВладМиВа official,ВладМиВа,886.314.697.000.016,806-314-697-544-016,00000018010,1,1,KZ_BRAND_AND_SELECTED_SKUS,KZ_SKU_EVIDENCE_REQUIRED,https://www.vladmiva.ru/products/sfericheskie-trubinnye/806-314-697-544-016/,vladmiva-dental-catalog.json
ВладМиВа official,ВладМиВа,886.314.697.000.018,806-314-697-544-018,00000015165,1,1,KZ_BRAND_AND_SELECTED_SKUS,KZ_SKU_EVIDENCE_REQUIRED,https://www.vladmiva.ru/products/sfericheskie-trubinnye/806-314-697-544-018/,vladmiva-dental-catalog.json
ВладМиВа official,ВладМиВа,886.314.697.000.021,806-314-697-544-021,00000012686,1,1,KZ_BRAND_AND_SELECTED_SKUS,KZ_SKU_EVIDENCE_REQUIRED,https://www.vladmiva.ru/products/sfericheskie-trubinnye/806-314-697-544-021/,vladmiva-dental-catalog.json
ВладМиВа official,ВладМиВа,886.315.001.000.014,806-315-001-544-014,00000019800,1,1,KZ_BRAND_AND_SELECTED_SKUS,KZ_SKU_EVIDENCE_REQUIRED,https://www.vladmiva.ru/products/sfericheskie-trubinnye/806-315-001-544-014/,vladmiva-dental-catalog.json
ВладМиВа official,ВладМиВа,886.315.001.000.016,806-315-001-544-016,00000019806,1,1,KZ_BRAND_AND_SELECTED_SKUS,KZ_SKU_EVIDENCE_REQUIRED,https://www.vladmiva.ru/products/sfericheskie-trubinnye/806-315-001-544-016/,vladmiva-dental-catalog.json
ВладМиВа official,ВладМиВа,886.315.001.000.018,806-315-001-544-018,00000018027,1,1,KZ_BRAND_AND_SELECTED_SKUS,KZ_SKU_EVIDENCE_REQUIRED,https://www.vladmiva.ru/products/sfericheskie-trubinnye/806-315-001-544-018/,vladmiva-dental-catalog.json
ВладМиВа official,ВладМиВа,886.315.001.000.021,806-315-001-544-021,00000010462,1,1,KZ_BRAND_AND_SELECTED_SKUS,KZ_SKU_EVIDENCE_REQUIRED,https://www.vladmiva.ru/products/sfericheskie-trubinnye/806-315-001-544-021/,vladmiva-dental-catalog.json
ВладМиВа official,ВладМиВа,886.315.001.000.023,806-315-001-544-023,00000012942,1,1,KZ_BRAND_AND_SELECTED_SKUS,KZ_SKU_EVIDENCE_REQUIRED,https://www.vladmiva.ru/products/sfericheskie-trubinnye/806-315-001-544-023/,vladmiva-dental-catalog.json
ВладМиВа official,ВладМиВа,886.315.001.000.025,806-315-001-544-025,00000013016,1,1,KZ_BRAND_AND_SELECTED_SKUS,KZ_SKU_EVIDENCE_REQUIRED,https://www.vladmiva.ru/products/sfericheskie-trubinnye/806-315-001-544-025/,vladmiva-dental-catalog.json
ВладМиВа official,ВладМиВа,886.315.001.000.027,806-315-001-544-027,00000022311,1,1,KZ_BRAND_AND_SELECTED_SKUS,KZ_SKU_EVIDENCE_REQUIRED,https://www.vladmiva.ru/products/sfericheskie-trubinnye/806-315-001-544-027/,vladmiva-dental-catalog.json
ВладМиВа official,ВладМиВа,886.315.001.000.029,806-315-001-544-029,00000012940,1,1,KZ_BRAND_AND_SELECTED_SKUS,KZ_SKU_EVIDENCE_REQUIRED,https://www.vladmiva.ru/products/sfericheskie-trubinnye/806-315-001-544-029/,vladmiva-dental-catalog.json
ВладМиВа official,ВладМиВа,886.315.001.000.031,806-315-001-544-031,00000022924,1,1,KZ_BRAND_AND_SELECTED_SKUS,KZ_SKU_EVIDENCE_REQUIRED,https://www.vladmiva.ru/products/sfericheskie-trubinnye/806-315-001-544-031/,vladmiva-dental-catalog.json
ВладМиВа official,ВладМиВа,886.315.002.030.014,806-315-002-544-014,00000035757,1,1,KZ_BRAND_AND_SELECTED_SKUS,KZ_SKU_EVIDENCE_REQUIRED,https://www.vladmiva.ru/products/sfericheskie-trubinnye/806-315-002-544-014/,vladmiva-dental-catalog.json
ВладМиВа official,ВладМиВа,886.315.002.030.016,806-315-002-544-016,00000036076,1,1,KZ_BRAND_AND_SELECTED_SKUS,KZ_SKU_EVIDENCE_REQUIRED,https://www.vladmiva.ru/products/sfericheskie-trubinnye/806-315-002-544-016/,vladmiva-dental-catalog.json
ВладМиВа official,ВладМиВа,886.315.002.035.018,806-315-002-544-018,00000035753,1,1,KZ_BRAND_AND_SELECTED_SKUS,KZ_SKU_EVIDENCE_REQUIRED,https://www.vladmiva.ru/products/sfericheskie-trubinnye/806-315-002-544-018/,vladmiva-dental-catalog.json
ВладМиВа official,ВладМиВа,886.315.002.040.021,806-315-002-544-021,00000038856,1,1,KZ_BRAND_AND_SELECTED_SKUS,KZ_SKU_EVIDENCE_REQUIRED,https://www.vladmiva.ru/products/sfericheskie-trubinnye/806-315-002-544-021/,vladmiva-dental-catalog.json
ВладМиВа official,ВладМиВа,886.315.697.000.014,806-315-697-544-014,00000045304,1,1,KZ_BRAND_AND_SELECTED_SKUS,KZ_SKU_EVIDENCE_REQUIRED,https://www.vladmiva.ru/products/sfericheskie-trubinnye/806-315-697-544-014/,vladmiva-dental-catalog.json
ВладМиВа official,ВладМиВа,886.315.697.000.016,806-315-697-544-016,00000046069,1,1,KZ_BRAND_AND_SELECTED_SKUS,KZ_SKU_EVIDENCE_REQUIRED,https://www.vladmiva.ru/products/sfericheskie-trubinnye/806-315-697-544-016/,vladmiva-dental-catalog.json
ВладМиВа official,ВладМиВа,886.315.697.000.018,806-315-697-544-018,00-00068000,1,1,KZ_BRAND_AND_SELECTED_SKUS,KZ_SKU_EVIDENCE_REQUIRED,https://www.vladmiva.ru/products/sfericheskie-trubinnye/806-315-697-544-018/,vladmiva-dental-catalog.json
ВладМиВа official,ВладМиВа,886.316.001.000.014,806-316-001-544-014,00000022406,1,1,KZ_BRAND_AND_SELECTED_SKUS,KZ_SKU_EVIDENCE_REQUIRED,https://www.vladmiva.ru/products/sfericheskie-trubinnye/806-316-001-544-014/,vladmiva-dental-catalog.json
ВладМиВа official,ВладМиВа,886.316.001.000.016,806-316-001-544-016,00000012864,1,1,KZ_BRAND_AND_SELECTED_SKUS,KZ_SKU_EVIDENCE_REQUIRED,https://www.vladmiva.ru/products/sfericheskie-trubinnye/806-316-001-544-016/,vladmiva-dental-catalog.json
ВладМиВа official,ВладМиВа,886.316.001.000.018,806-316-001-544-018,00000022384,1,1,KZ_BRAND_AND_SELECTED_SKUS,KZ_SKU_EVIDENCE_REQUIRED,https://www.vladmiva.ru/products/sfericheskie-trubinnye/806-316-001-544-018/,vladmiva-dental-catalog.json
ВладМиВа official,ВладМиВа,886.316.001.000.021,806-316-001-544-021,00000021350,1,1,KZ_BRAND_AND_SELECTED_SKUS,KZ_SKU_EVIDENCE_REQUIRED,https://www.vladmiva.ru/products/sfericheskie-trubinnye/806-316-001-544-021/,vladmiva-dental-catalog.json
ВладМиВа official,ВладМиВа,886.316.001.000.023,806-316-001-544-023,00000023068,1,1,KZ_BRAND_AND_SELECTED_SKUS,KZ_SKU_EVIDENCE_REQUIRED,https://www.vladmiva.ru/products/sfericheskie-trubinnye/806-316-001-544-023/,vladmiva-dental-catalog.json
ВладМиВа official,ВладМиВа,886.316.001.000.025,806-316-001-544-025,00000024102,1,1,KZ_BRAND_AND_SELECTED_SKUS,KZ_SKU_EVIDENCE_REQUIRED,https://www.vladmiva.ru/products/sfericheskie-trubinnye/806-316-001-544-025/,vladmiva-dental-catalog.json
ВладМиВа official,ВладМиВа,886.316.001.000.027,806-316-001-544-027,00000036244,1,1,KZ_BRAND_AND_SELECTED_SKUS,KZ_SKU_EVIDENCE_REQUIRED,https://www.vladmiva.ru/products/sfericheskie-trubinnye/806-316-001-544-027/,vladmiva-dental-catalog.json
ВладМиВа official,ВладМиВа,836.314.107.040.009,806-314-109-504-009,00000009049,1,1,KZ_BRAND_AND_SELECTED_SKUS,KZ_SKU_EVIDENCE_REQUIRED,https://www.vladmiva.ru/products/tsilindricheskie-trubinnye/806-314-109-504-009/,vladmiva-dental-catalog.json
ВладМиВа official,ВладМиВа,836.314.107.040.010,806-314-109-504-010,00000012274,1,1,KZ_BRAND_AND_SELECTED_SKUS,KZ_SKU_EVIDENCE_REQUIRED,https://www.vladmiva.ru/products/tsilindricheskie-trubinnye/806-314-109-504-010/,vladmiva-dental-catalog.json
ВладМиВа official,ВладМиВа,836.314.107.040.012,806-314-109-504-012,00000009013,1,1,KZ_BRAND_AND_SELECTED_SKUS,KZ_SKU_EVIDENCE_REQUIRED,https://www.vladmiva.ru/products/tsilindricheskie-trubinnye/806-314-109-504-012/,vladmiva-dental-catalog.json
ВладМиВа official,ВладМиВа,836.314.107.040.014,806-314-109-504-014,00000034626,1,1,KZ_BRAND_AND_SELECTED_SKUS,KZ_SKU_EVIDENCE_REQUIRED,https://www.vladmiva.ru/products/tsilindricheskie-trubinnye/806-314-109-504-014/,vladmiva-dental-catalog.json
ВладМиВа official,ВладМиВа,836.314.107.060.009,806-314-110-504-009,00000014930,1,1,KZ_BRAND_AND_SELECTED_SKUS,KZ_SKU_EVIDENCE_REQUIRED,https://www.vladmiva.ru/products/tsilindricheskie-trubinnye/806-314-110-504-009/,vladmiva-dental-catalog.json
ВладМиВа official,ВладМиВа,836.314.107.060.010,806-314-110-504-010,00000022313,1,1,KZ_BRAND_AND_SELECTED_SKUS,KZ_SKU_EVIDENCE_REQUIRED,https://www.vladmiva.ru/products/tsilindricheskie-trubinnye/806-314-110-504-010/,vladmiva-dental-catalog.json
ВладМиВа official,ВладМиВа,836.314.107.060.012,806-314-110-504-012,00000014931,1,1,KZ_BRAND_AND_SELECTED_SKUS,KZ_SKU_EVIDENCE_REQUIRED,https://www.vladmiva.ru/products/tsilindricheskie-trubinnye/806-314-110-504-012/,vladmiva-dental-catalog.json
ВладМиВа official,ВладМиВа,836.314.107.060.014,806-314-110-504-014,00000018203,1,1,KZ_BRAND_AND_SELECTED_SKUS,KZ_SKU_EVIDENCE_REQUIRED,https://www.vladmiva.ru/products/tsilindricheskie-trubinnye/806-314-110-504-014/,vladmiva-dental-catalog.json
ВладМиВа official,ВладМиВа,836.314.107.060.016,806-314-110-504-016,00000012973,1,1,KZ_BRAND_AND_SELECTED_SKUS,KZ_SKU_EVIDENCE_REQUIRED,https://www.vladmiva.ru/products/tsilindricheskie-trubinnye/806-314-110-504-016/,vladmiva-dental-catalog.json
ВладМиВа official,ВладМиВа,836.314.107.060.021,806-314-110-504-021,00000023218,1,1,KZ_BRAND_AND_SELECTED_SKUS,KZ_SKU_EVIDENCE_REQUIRED,https://www.vladmiva.ru/products/tsilindricheskie-trubinnye/806-314-110-504-021/,vladmiva-dental-catalog.json
ВладМиВа official,ВладМиВа,836.314.107.080.009,806-314-111-504-009,00000018205,1,1,KZ_BRAND_AND_SELECTED_SKUS,KZ_SKU_EVIDENCE_REQUIRED,https://www.vladmiva.ru/products/tsilindricheskie-trubinnye/806-314-111-504-009/,vladmiva-dental-catalog.json
ВладМиВа official,ВладМиВа,836.314.107.080.010,806-314-111-504-010,00000018600,1,1,KZ_BRAND_AND_SELECTED_SKUS,KZ_SKU_EVIDENCE_REQUIRED,https://www.vladmiva.ru/products/tsilindricheskie-trubinnye/806-314-111-504-010/,vladmiva-dental-catalog.json
ВладМиВа official,ВладМиВа,836.314.107.080.012,806-314-111-504-012,00000018051,1,1,KZ_BRAND_AND_SELECTED_SKUS,KZ_SKU_EVIDENCE_REQUIRED,https://www.vladmiva.ru/products/tsilindricheskie-trubinnye/806-314-111-504-012/,vladmiva-dental-catalog.json
ВладМиВа official,ВладМиВа,836.314.107.080.014,806-314-111-504-014,00000014932,1,1,KZ_BRAND_AND_SELECTED_SKUS,KZ_SKU_EVIDENCE_REQUIRED,https://www.vladmiva.ru/products/tsilindricheskie-trubinnye/806-314-111-504-014/,vladmiva-dental-catalog.json
ВладМиВа official,ВладМиВа,836.314.107.080.016,806-314-111-504-016,00000019877,1,1,KZ_BRAND_AND_SELECTED_SKUS,KZ_SKU_EVIDENCE_REQUIRED,https://www.vladmiva.ru/products/tsilindricheskie-trubinnye/806-314-111-504-016/,vladmiva-dental-catalog.json
ВладМиВа official,ВладМиВа,836.314.107.100.009,806-314-112-504-009,00000008430,1,1,KZ_BRAND_AND_SELECTED_SKUS,KZ_SKU_EVIDENCE_REQUIRED,https://www.vladmiva.ru/products/tsilindricheskie-trubinnye/806-314-112-504-009/,vladmiva-dental-catalog.json
ВладМиВа official,ВладМиВа,836.314.107.100.010,806-314-112-504-010,00000008507,1,1,KZ_BRAND_AND_SELECTED_SKUS,KZ_SKU_EVIDENCE_REQUIRED,https://www.vladmiva.ru/products/tsilindricheskie-trubinnye/806-314-112-504-010/,vladmiva-dental-catalog.json
ВладМиВа official,ВладМиВа,836.314.126.060.010,806-314-129-504-010,00000014933,1,1,KZ_BRAND_AND_SELECTED_SKUS,KZ_SKU_EVIDENCE_REQUIRED,https://www.vladmiva.ru/products/tsilindricheskie-trubinnye/806-314-129-504-010/,vladmiva-dental-catalog.json
ВладМиВа official,ВладМиВа,836.314.126.060.012,806-314-129-504-012,00000074510,1,1,KZ_BRAND_AND_SELECTED_SKUS,KZ_SKU_EVIDENCE_REQUIRED,https://www.vladmiva.ru/products/tsilindricheskie-trubinnye/806-314-129-504-012/,vladmiva-dental-catalog.json
ВладМиВа official,ВладМиВа,836.314.126.080.010,806-314-130-504-010,00000016000,1,1,KZ_BRAND_AND_SELECTED_SKUS,KZ_SKU_EVIDENCE_REQUIRED,https://www.vladmiva.ru/products/tsilindricheskie-trubinnye/806-314-130-504-010/,vladmiva-dental-catalog.json
ВладМиВа official,ВладМиВа,836.314.126.080.012,806-314-130-504-012,00000014934,1,1,KZ_BRAND_AND_SELECTED_SKUS,KZ_SKU_EVIDENCE_REQUIRED,https://www.vladmiva.ru/products/tsilindricheskie-trubinnye/806-314-130-504-012/,vladmiva-dental-catalog.json
ВладМиВа official,ВладМиВа,836.314.126.100.010,806-314-131-504-010,00000014457,1,1,KZ_BRAND_AND_SELECTED_SKUS,KZ_SKU_EVIDENCE_REQUIRED,https://www.vladmiva.ru/products/tsilindricheskie-trubinnye/806-314-131-504-010/,vladmiva-dental-catalog.json
ВладМиВа official,ВладМиВа,836.314.126.100.012,806-314-131-504-012,00000020041,1,1,KZ_BRAND_AND_SELECTED_SKUS,KZ_SKU_EVIDENCE_REQUIRED,https://www.vladmiva.ru/products/tsilindricheskie-trubinnye/806-314-131-504-012/,vladmiva-dental-catalog.json
ВладМиВа official,ВладМиВа,836.314.126.100.014,806-314-131-504-014,00000018053,1,1,KZ_BRAND_AND_SELECTED_SKUS,KZ_SKU_EVIDENCE_REQUIRED,https://www.vladmiva.ru/products/tsilindricheskie-trubinnye/806-314-131-504-014/,vladmiva-dental-catalog.json
ВладМиВа official,ВладМиВа,836.314.137.040.010,806-314-139-504-010,00000016005,1,1,KZ_BRAND_AND_SELECTED_SKUS,KZ_SKU_EVIDENCE_REQUIRED,https://www.vladmiva.ru/products/tsilindricheskie-trubinnye/806-314-139-504-010/,vladmiva-dental-catalog.json
ВладМиВа official,ВладМиВа,836.314.137.040.012,806-314-139-504-012,00000043734,1,1,KZ_BRAND_AND_SELECTED_SKUS,KZ_SKU_EVIDENCE_REQUIRED,https://www.vladmiva.ru/products/tsilindricheskie-trubinnye/806-314-139-504-012/,vladmiva-dental-catalog.json
ВладМиВа official,ВладМиВа,836.314.137.060.010,806-314-140-504-010,00000017605,1,1,KZ_BRAND_AND_SELECTED_SKUS,KZ_SKU_EVIDENCE_REQUIRED,https://www.vladmiva.ru/products/tsilindricheskie-trubinnye/806-314-140-504-010/,vladmiva-dental-catalog.json
ВладМиВа official,ВладМиВа,836.314.137.060.012,806-314-140-504-012,00000016003,1,1,KZ_BRAND_AND_SELECTED_SKUS,KZ_SKU_EVIDENCE_REQUIRED,https://www.vladmiva.ru/products/tsilindricheskie-trubinnye/806-314-140-504-012/,vladmiva-dental-catalog.json
ВладМиВа official,ВладМиВа,836.314.137.080.010,806-314-141-504-010,00000018103,1,1,KZ_BRAND_AND_SELECTED_SKUS,KZ_SKU_EVIDENCE_REQUIRED,https://www.vladmiva.ru/products/tsilindricheskie-trubinnye/806-314-141-504-010/,vladmiva-dental-catalog.json
ВладМиВа official,ВладМиВа,836.314.137.080.012,806-314-141-504-012,00000014935,1,1,KZ_BRAND_AND_SELECTED_SKUS,KZ_SKU_EVIDENCE_REQUIRED,https://www.vladmiva.ru/products/tsilindricheskie-trubinnye/806-314-141-504-012/,vladmiva-dental-catalog.json
ВладМиВа official,ВладМиВа,836.314.137.080.014,806-314-141-504-014,00000020101,1,1,KZ_BRAND_AND_SELECTED_SKUS,KZ_SKU_EVIDENCE_REQUIRED,https://www.vladmiva.ru/products/tsilindricheskie-trubinnye/806-314-141-504-014/,vladmiva-dental-catalog.json
ВладМиВа official,ВладМиВа,836.314.137.100.010,806-314-142-504-010,00000018808,1,1,KZ_BRAND_AND_SELECTED_SKUS,KZ_SKU_EVIDENCE_REQUIRED,https://www.vladmiva.ru/products/tsilindricheskie-trubinnye/806-314-142-504-010/,vladmiva-dental-catalog.json
ВладМиВа official,ВладМиВа,836.314.137.100.012,806-314-142-504-012,00000018050,1,1,KZ_BRAND_AND_SELECTED_SKUS,KZ_SKU_EVIDENCE_REQUIRED,https://www.vladmiva.ru/products/tsilindricheskie-trubinnye/806-314-142-504-012/,vladmiva-dental-catalog.json
ВладМиВа official,ВладМиВа,836.314.245.080.009,806-314-249-504-009,00000018907,1,1,KZ_BRAND_AND_SELECTED_SKUS,KZ_SKU_EVIDENCE_REQUIRED,https://www.vladmiva.ru/products/tsilindricheskie-trubinnye/806-314-249-504-009/,vladmiva-dental-catalog.json
ВладМиВа official,ВладМиВа,836.314.245.080.010,806-314-249-504-010,00000019876,1,1,KZ_BRAND_AND_SELECTED_SKUS,KZ_SKU_EVIDENCE_REQUIRED,https://www.vladmiva.ru/products/tsilindricheskie-trubinnye/806-314-249-504-010/,vladmiva-dental-catalog.json
ВладМиВа official,ВладМиВа,836.314.245.080.012,806-314-249-504-012,00000014417,1,1,KZ_BRAND_AND_SELECTED_SKUS,KZ_SKU_EVIDENCE_REQUIRED,https://www.vladmiva.ru/products/tsilindricheskie-trubinnye/806-314-249-504-012/,vladmiva-dental-catalog.json
ВладМиВа official,ВладМиВа,836.314.245.080.014,806-314-249-504-014,00000017111,1,1,KZ_BRAND_AND_SELECTED_SKUS,KZ_SKU_EVIDENCE_REQUIRED,https://www.vladmiva.ru/products/tsilindricheskie-trubinnye/806-314-249-504-014/,vladmiva-dental-catalog.json
ВладМиВа official,ВладМиВа,836.314.245.080.016,806-314-249-504-016,00000018585,1,1,KZ_BRAND_AND_SELECTED_SKUS,KZ_SKU_EVIDENCE_REQUIRED,https://www.vladmiva.ru/products/tsilindricheskie-trubinnye/806-314-249-504-016/,vladmiva-dental-catalog.json
ВладМиВа official,ВладМиВа,836.314.245.080.021,806-314-249-504-021,00000019018,1,1,KZ_BRAND_AND_SELECTED_SKUS,KZ_SKU_EVIDENCE_REQUIRED,https://www.vladmiva.ru/products/tsilindricheskie-trubinnye/806-314-249-504-021/,vladmiva-dental-catalog.json
ВладМиВа official,ВладМиВа,836.314.245.100.010,806-314-250-504-010,00000018052,1,1,KZ_BRAND_AND_SELECTED_SKUS,KZ_SKU_EVIDENCE_REQUIRED,https://www.vladmiva.ru/products/tsilindricheskie-trubinnye/806-314-250-504-010/,vladmiva-dental-catalog.json
ВладМиВа official,ВладМиВа,836.314.245.100.012,806-314-250-504-012,00000015116,1,1,KZ_BRAND_AND_SELECTED_SKUS,KZ_SKU_EVIDENCE_REQUIRED,https://www.vladmiva.ru/products/tsilindricheskie-trubinnye/806-314-250-504-012/,vladmiva-dental-catalog.json
ВладМиВа official,ВладМиВа,836.314.245.100.014,806-314-250-504-014,00000014409,1,1,KZ_BRAND_AND_SELECTED_SKUS,KZ_SKU_EVIDENCE_REQUIRED,https://www.vladmiva.ru/products/tsilindricheskie-trubinnye/806-314-250-504-014/,vladmiva-dental-catalog.json
ВладМиВа official,ВладМиВа,836.314.245.100.016,806-314-250-504-016,00000010265,1,1,KZ_BRAND_AND_SELECTED_SKUS,KZ_SKU_EVIDENCE_REQUIRED,https://www.vladmiva.ru/products/tsilindricheskie-trubinnye/806-314-250-504-016/,vladmiva-dental-catalog.json
ВладМиВа official,ВладМиВа,836.314.245.115.010,806-314-251-504-010,00000008431,1,1,KZ_BRAND_AND_SELECTED_SKUS,KZ_SKU_EVIDENCE_REQUIRED,https://www.vladmiva.ru/products/tsilindricheskie-trubinnye/806-314-251-504-010/,vladmiva-dental-catalog.json
ВладМиВа official,ВладМиВа,836.314.245.115.012,806-314-251-504-012,00000034625,1,1,KZ_BRAND_AND_SELECTED_SKUS,KZ_SKU_EVIDENCE_REQUIRED,https://www.vladmiva.ru/products/tsilindricheskie-trubinnye/806-314-251-504-012/,vladmiva-dental-catalog.json
ВладМиВа official,ВладМиВа,836.314.245.115.014,806-314-251-504-014,00000021044,1,1,KZ_BRAND_AND_SELECTED_SKUS,KZ_SKU_EVIDENCE_REQUIRED,https://www.vladmiva.ru/products/tsilindricheskie-trubinnye/806-314-251-504-014/,vladmiva-dental-catalog.json
ВладМиВа official,ВладМиВа,836.315.107.040.016,806-315-109-504-016,00000022344,1,1,KZ_BRAND_AND_SELECTED_SKUS,KZ_SKU_EVIDENCE_REQUIRED,https://www.vladmiva.ru/products/tsilindricheskie-trubinnye/806-315-109-504-016/,vladmiva-dental-catalog.json
ВладМиВа official,ВладМиВа,836.315.107.060.010,806-315-110-504-010,00000036602,1,1,KZ_BRAND_AND_SELECTED_SKUS,KZ_SKU_EVIDENCE_REQUIRED,https://www.vladmiva.ru/products/tsilindricheskie-trubinnye/806-315-110-504-010/,vladmiva-dental-catalog.json
ВладМиВа official,ВладМиВа,836.315.107.060.012,806-315-110-504-012,00000034622,1,1,KZ_BRAND_AND_SELECTED_SKUS,KZ_SKU_EVIDENCE_REQUIRED,https://www.vladmiva.ru/products/tsilindricheskie-trubinnye/806-315-110-504-012/,vladmiva-dental-catalog.json
ВладМиВа official,ВладМиВа,836.315.107.080.009,806-315-111-504-009,00000013019,1,1,KZ_BRAND_AND_SELECTED_SKUS,KZ_SKU_EVIDENCE_REQUIRED,https://www.vladmiva.ru/products/tsilindricheskie-trubinnye/806-315-111-504-009/,vladmiva-dental-catalog.json
ВладМиВа official,ВладМиВа,836.315.107.080.010,806-315-111-504-010,00000022077,1,1,KZ_BRAND_AND_SELECTED_SKUS,KZ_SKU_EVIDENCE_REQUIRED,https://www.vladmiva.ru/products/tsilindricheskie-trubinnye/806-315-111-504-010/,vladmiva-dental-catalog.json
ВладМиВа official,ВладМиВа,836.315.107.080.012,806-315-111-504-012,00000020115,1,1,KZ_BRAND_AND_SELECTED_SKUS,KZ_SKU_EVIDENCE_REQUIRED,https://www.vladmiva.ru/products/tsilindricheskie-trubinnye/806-315-111-504-012/,vladmiva-dental-catalog.json
ВладМиВа official,ВладМиВа,836.315.107.080.014,806-315-111-504-014,00000022426,1,1,KZ_BRAND_AND_SELECTED_SKUS,KZ_SKU_EVIDENCE_REQUIRED,https://www.vladmiva.ru/products/tsilindricheskie-trubinnye/806-315-111-504-014/,vladmiva-dental-catalog.json
ВладМиВа official,ВладМиВа,836.315.126.080.010,806-315-130-504-010,00000022209,1,1,KZ_BRAND_AND_SELECTED_SKUS,KZ_SKU_EVIDENCE_REQUIRED,https://www.vladmiva.ru/products/tsilindricheskie-trubinnye/806-315-130-504-010/,vladmiva-dental-catalog.json
ВладМиВа official,ВладМиВа,836.315.126.080.012,806-315-130-504-012,00000022320,1,1,KZ_BRAND_AND_SELECTED_SKUS,KZ_SKU_EVIDENCE_REQUIRED,https://www.vladmiva.ru/products/tsilindricheskie-trubinnye/806-315-130-504-012/,vladmiva-dental-catalog.json
ВладМиВа official,ВладМиВа,836.315.126.100.010,806-315-131-504-010,00000021376,1,1,KZ_BRAND_AND_SELECTED_SKUS,KZ_SKU_EVIDENCE_REQUIRED,https://www.vladmiva.ru/products/tsilindricheskie-trubinnye/806-315-131-504-010/,vladmiva-dental-catalog.json
ВладМиВа official,ВладМиВа,836.315.126.100.012,806-315-131-504-012,00000021564,1,1,KZ_BRAND_AND_SELECTED_SKUS,KZ_SKU_EVIDENCE_REQUIRED,https://www.vladmiva.ru/products/tsilindricheskie-trubinnye/806-315-131-504-012/,vladmiva-dental-catalog.json
ВладМиВа official,ВладМиВа,836.315.126.100.014,806-315-131-504-014,00000021468,1,1,KZ_BRAND_AND_SELECTED_SKUS,KZ_SKU_EVIDENCE_REQUIRED,https://www.vladmiva.ru/products/tsilindricheskie-trubinnye/806-315-131-504-014/,vladmiva-dental-catalog.json
ВладМиВа official,ВладМиВа,836.315.137.100.010,806-315-142-504-010,00000037644,1,1,KZ_BRAND_AND_SELECTED_SKUS,KZ_SKU_EVIDENCE_REQUIRED,https://www.vladmiva.ru/products/tsilindricheskie-trubinnye/806-315-142-504-010/,vladmiva-dental-catalog.json
ВладМиВа official,ВладМиВа,856.314.107.040.009,806-314-109-514-009,00000014825,1,1,KZ_BRAND_AND_SELECTED_SKUS,KZ_SKU_EVIDENCE_REQUIRED,https://www.vladmiva.ru/products/tsilindricheskie-trubinnye/806-314-109-514-009/,vladmiva-dental-catalog.json
ВладМиВа official,ВладМиВа,856.314.107.040.010,806-314-109-514-010,00000017431,1,1,KZ_BRAND_AND_SELECTED_SKUS,KZ_SKU_EVIDENCE_REQUIRED,https://www.vladmiva.ru/products/tsilindricheskie-trubinnye/806-314-109-514-010/,vladmiva-dental-catalog.json
ВладМиВа official,ВладМиВа,856.314.107.040.012,806-314-109-514-012,00000014547,1,1,KZ_BRAND_AND_SELECTED_SKUS,KZ_SKU_EVIDENCE_REQUIRED,https://www.vladmiva.ru/products/tsilindricheskie-trubinnye/806-314-109-514-012/,vladmiva-dental-catalog.json
ВладМиВа official,ВладМиВа,856.314.107.040.014,806-314-109-514-014,00000021905,1,1,KZ_BRAND_AND_SELECTED_SKUS,KZ_SKU_EVIDENCE_REQUIRED,https://www.vladmiva.ru/products/tsilindricheskie-trubinnye/806-314-109-514-014/,vladmiva-dental-catalog.json
ВладМиВа official,ВладМиВа,856.314.107.040.016,806-314-109-514-016,00000022331,1,1,KZ_BRAND_AND_SELECTED_SKUS,KZ_SKU_EVIDENCE_REQUIRED,https://www.vladmiva.ru/products/tsilindricheskie-trubinnye/806-314-109-514-016/,vladmiva-dental-catalog.json
ВладМиВа official,ВладМиВа,856.314.107.060.009,806-314-110-514-009,00000014755,1,1,KZ_BRAND_AND_SELECTED_SKUS,KZ_SKU_EVIDENCE_REQUIRED,https://www.vladmiva.ru/products/tsilindricheskie-trubinnye/806-314-110-514-009/,vladmiva-dental-catalog.json
ВладМиВа official,ВладМиВа,856.314.107.060.010,806-314-110-514-010,00000009047,1,1,KZ_BRAND_AND_SELECTED_SKUS,KZ_SKU_EVIDENCE_REQUIRED,https://www.vladmiva.ru/products/tsilindricheskie-trubinnye/806-314-110-514-010/,vladmiva-dental-catalog.json
ВладМиВа official,ВладМиВа,856.314.107.060.012,806-314-110-514-012,00000014333,1,1,KZ_BRAND_AND_SELECTED_SKUS,KZ_SKU_EVIDENCE_REQUIRED,https://www.vladmiva.ru/products/tsilindricheskie-trubinnye/806-314-110-514-012/,vladmiva-dental-catalog.json
ВладМиВа official,ВладМиВа,856.314.107.060.014,806-314-110-514-014,00000014334,1,1,KZ_BRAND_AND_SELECTED_SKUS,KZ_SKU_EVIDENCE_REQUIRED,https://www.vladmiva.ru/products/tsilindricheskie-trubinnye/806-314-110-514-014/,vladmiva-dental-catalog.json
ВладМиВа official,ВладМиВа,856.314.107.060.016,806-314-110-514-016,00000017904,1,1,KZ_BRAND_AND_SELECTED_SKUS,KZ_SKU_EVIDENCE_REQUIRED,https://www.vladmiva.ru/products/tsilindricheskie-trubinnye/806-314-110-514-016/,vladmiva-dental-catalog.json
ВладМиВа official,ВладМиВа,856.314.107.060.021,806-314-110-514-021,00000036249,1,1,KZ_BRAND_AND_SELECTED_SKUS,KZ_SKU_EVIDENCE_REQUIRED,https://www.vladmiva.ru/products/tsilindricheskie-trubinnye/806-314-110-514-021/,vladmiva-dental-catalog.json
ВладМиВа official,ВладМиВа,856.314.107.080.009,806-314-111-514-009,00000014490,1,1,KZ_BRAND_AND_SELECTED_SKUS,KZ_SKU_EVIDENCE_REQUIRED,https://www.vladmiva.ru/products/tsilindricheskie-trubinnye/806-314-111-514-009/,vladmiva-dental-catalog.json
ВладМиВа official,ВладМиВа,856.314.107.080.010,806-314-111-514-010,00000018601,1,1,KZ_BRAND_AND_SELECTED_SKUS,KZ_SKU_EVIDENCE_REQUIRED,https://www.vladmiva.ru/products/tsilindricheskie-trubinnye/806-314-111-514-010/,vladmiva-dental-catalog.json
ВладМиВа official,ВладМиВа,856.314.107.080.012,806-314-111-514-012,00000014807,1,1,KZ_BRAND_AND_SELECTED_SKUS,KZ_SKU_EVIDENCE_REQUIRED,https://www.vladmiva.ru/products/tsilindricheskie-trubinnye/806-314-111-514-012/,vladmiva-dental-catalog.json
ВладМиВа official,ВладМиВа,856.314.107.080.014,806-314-111-514-014,00000014806,1,1,KZ_BRAND_AND_SELECTED_SKUS,KZ_SKU_EVIDENCE_REQUIRED,https://www.vladmiva.ru/products/tsilindricheskie-trubinnye/806-314-111-514-014/,vladmiva-dental-catalog.json
ВладМиВа official,ВладМиВа,856.314.107.080.016,806-314-111-514-016,00000017501,1,1,KZ_BRAND_AND_SELECTED_SKUS,KZ_SKU_EVIDENCE_REQUIRED,https://www.vladmiva.ru/products/tsilindricheskie-trubinnye/806-314-111-514-016/,vladmiva-dental-catalog.json
ВладМиВа official,ВладМиВа,856.314.107.100.009,806-314-112-514-009,00000008320,1,1,KZ_BRAND_AND_SELECTED_SKUS,KZ_SKU_EVIDENCE_REQUIRED,https://www.vladmiva.ru/products/tsilindricheskie-trubinnye/806-314-112-514-009/,vladmiva-dental-catalog.json
ВладМиВа official,ВладМиВа,856.314.107.100.010,806-314-112-514-010,00000026176,1,1,KZ_BRAND_AND_SELECTED_SKUS,KZ_SKU_EVIDENCE_REQUIRED,https://www.vladmiva.ru/products/tsilindricheskie-trubinnye/806-314-112-514-010/,vladmiva-dental-catalog.json
ВладМиВа official,ВладМиВа,856.314.107.120.009,806-314-113-514-009,00000034337,1,1,KZ_BRAND_AND_SELECTED_SKUS,KZ_SKU_EVIDENCE_REQUIRED,https://www.vladmiva.ru/products/tsilindricheskie-trubinnye/806-314-113-514-009/,vladmiva-dental-catalog.json
ВладМиВа official,ВладМиВа,856.314.107.120.010,806-314-113-514-010,00000033087,1,1,KZ_BRAND_AND_SELECTED_SKUS,KZ_SKU_EVIDENCE_REQUIRED,https://www.vladmiva.ru/products/tsilindricheskie-trubinnye/806-314-113-514-010/,vladmiva-dental-catalog.json
ВладМиВа official,ВладМиВа,856.314.107.120.016,806-314-113-514-016,00000054885,1,1,KZ_BRAND_AND_SELECTED_SKUS,KZ_SKU_EVIDENCE_REQUIRED,https://www.vladmiva.ru/products/tsilindricheskie-trubinnye/806-314-113-514-016/,vladmiva-dental-catalog.json
ВладМиВа official,ВладМиВа,856.314.126.060.010,806-314-129-514-010,00000017906,1,1,KZ_BRAND_AND_SELECTED_SKUS,KZ_SKU_EVIDENCE_REQUIRED,https://www.vladmiva.ru/products/tsilindricheskie-trubinnye/806-314-129-514-010/,vladmiva-dental-catalog.json
ВладМиВа official,ВладМиВа,856.314.126.080.010,806-314-130-514-010,00000014554,1,1,KZ_BRAND_AND_SELECTED_SKUS,KZ_SKU_EVIDENCE_REQUIRED,https://www.vladmiva.ru/products/tsilindricheskie-trubinnye/806-314-130-514-010/,vladmiva-dental-catalog.json
ВладМиВа official,ВладМиВа,856.314.126.080.012,806-314-130-514-012,00000014500,1,1,KZ_BRAND_AND_SELECTED_SKUS,KZ_SKU_EVIDENCE_REQUIRED,https://www.vladmiva.ru/products/tsilindricheskie-trubinnye/806-314-130-514-012/,vladmiva-dental-catalog.json
ВладМиВа official,ВладМиВа,856.314.126.080.014,806-314-130-514-014,00000022944,1,1,KZ_BRAND_AND_SELECTED_SKUS,KZ_SKU_EVIDENCE_REQUIRED,https://www.vladmiva.ru/products/tsilindricheskie-trubinnye/806-314-130-514-014/,vladmiva-dental-catalog.json
ВладМиВа official,ВладМиВа,856.314.126.100.010,806-314-131-514-010,00000017900,1,1,KZ_BRAND_AND_SELECTED_SKUS,KZ_SKU_EVIDENCE_REQUIRED,https://www.vladmiva.ru/products/tsilindricheskie-trubinnye/806-314-131-514-010/,vladmiva-dental-catalog.json
ВладМиВа official,ВладМиВа,856.314.126.100.012,806-314-131-514-012,00000014607,1,1,KZ_BRAND_AND_SELECTED_SKUS,KZ_SKU_EVIDENCE_REQUIRED,https://www.vladmiva.ru/products/tsilindricheskie-trubinnye/806-314-131-514-012/,vladmiva-dental-catalog.json
ВладМиВа official,ВладМиВа,856.314.126.100.014,806-314-131-514-014,00000014509,1,1,KZ_BRAND_AND_SELECTED_SKUS,KZ_SKU_EVIDENCE_REQUIRED,https://www.vladmiva.ru/products/tsilindricheskie-trubinnye/806-314-131-514-014/,vladmiva-dental-catalog.json
ВладМиВа official,ВладМиВа,856.314.126.100.016,806-314-131-514-016,00000034604,1,1,KZ_BRAND_AND_SELECTED_SKUS,KZ_SKU_EVIDENCE_REQUIRED,https://www.vladmiva.ru/products/tsilindricheskie-trubinnye/806-314-131-514-016/,vladmiva-dental-catalog.json
ВладМиВа official,ВладМиВа,856.314.137.040.010,806-314-139-514-010,00000018448,1,1,KZ_BRAND_AND_SELECTED_SKUS,KZ_SKU_EVIDENCE_REQUIRED,https://www.vladmiva.ru/products/tsilindricheskie-trubinnye/806-314-139-514-010/,vladmiva-dental-catalog.json
ВладМиВа official,ВладМиВа,856.314.137.040.012,806-314-139-514-012,00000019873,1,1,KZ_BRAND_AND_SELECTED_SKUS,KZ_SKU_EVIDENCE_REQUIRED,https://www.vladmiva.ru/products/tsilindricheskie-trubinnye/806-314-139-514-012/,vladmiva-dental-catalog.json
ВладМиВа official,ВладМиВа,856.314.137.060.010,806-314-140-514-010,00000015114,1,1,KZ_BRAND_AND_SELECTED_SKUS,KZ_SKU_EVIDENCE_REQUIRED,https://www.vladmiva.ru/products/tsilindricheskie-trubinnye/806-314-140-514-010/,vladmiva-dental-catalog.json
ВладМиВа official,ВладМиВа,856.314.137.060.012,806-314-140-514-012,00000014785,1,1,KZ_BRAND_AND_SELECTED_SKUS,KZ_SKU_EVIDENCE_REQUIRED,https://www.vladmiva.ru/products/tsilindricheskie-trubinnye/806-314-140-514-012/,vladmiva-dental-catalog.json
ВладМиВа official,ВладМиВа,856.314.137.060.014,806-314-140-514-014,00000052696,1,1,KZ_BRAND_AND_SELECTED_SKUS,KZ_SKU_EVIDENCE_REQUIRED,https://www.vladmiva.ru/products/tsilindricheskie-trubinnye/806-314-140-514-014/,vladmiva-dental-catalog.json
ВладМиВа official,ВладМиВа,856.314.137.080.009,806-314-141-514-009,00000056301,1,1,KZ_BRAND_AND_SELECTED_SKUS,KZ_SKU_EVIDENCE_REQUIRED,https://www.vladmiva.ru/products/tsilindricheskie-trubinnye/806-314-141-514-009/,vladmiva-dental-catalog.json
ВладМиВа official,ВладМиВа,856.314.137.080.010,806-314-141-514-010,00000015115,1,1,KZ_BRAND_AND_SELECTED_SKUS,KZ_SKU_EVIDENCE_REQUIRED,https://www.vladmiva.ru/products/tsilindricheskie-trubinnye/806-314-141-514-010/,vladmiva-dental-catalog.json
ВладМиВа official,ВладМиВа,856.314.137.080.012,806-314-141-514-012,00000018100,1,1,KZ_BRAND_AND_SELECTED_SKUS,KZ_SKU_EVIDENCE_REQUIRED,https://www.vladmiva.ru/products/tsilindricheskie-trubinnye/806-314-141-514-012/,vladmiva-dental-catalog.json
ВладМиВа official,ВладМиВа,856.314.137.080.014,806-314-141-514-014,00000009027,1,1,KZ_BRAND_AND_SELECTED_SKUS,KZ_SKU_EVIDENCE_REQUIRED,https://www.vladmiva.ru/products/tsilindricheskie-trubinnye/806-314-141-514-014/,vladmiva-dental-catalog.json
ВладМиВа official,ВладМиВа,856.314.137.100.010,806-314-142-514-010,00000014803,1,1,KZ_BRAND_AND_SELECTED_SKUS,KZ_SKU_EVIDENCE_REQUIRED,https://www.vladmiva.ru/products/tsilindricheskie-trubinnye/806-314-142-514-010/,vladmiva-dental-catalog.json
ВладМиВа official,ВладМиВа,856.314.137.100.012,806-314-142-514-012,00000014337,1,1,KZ_BRAND_AND_SELECTED_SKUS,KZ_SKU_EVIDENCE_REQUIRED,https://www.vladmiva.ru/products/tsilindricheskie-trubinnye/806-314-142-514-012/,vladmiva-dental-catalog.json
ВладМиВа official,ВладМиВа,856.314.137.100.014,806-314-142-514-014,00000018025,1,1,KZ_BRAND_AND_SELECTED_SKUS,KZ_SKU_EVIDENCE_REQUIRED,https://www.vladmiva.ru/products/tsilindricheskie-trubinnye/806-314-142-514-014/,vladmiva-dental-catalog.json
ВладМиВа official,ВладМиВа,856.314.245.080.009,806-314-249-514-009,00000019807,1,1,KZ_BRAND_AND_SELECTED_SKUS,KZ_SKU_EVIDENCE_REQUIRED,https://www.vladmiva.ru/products/tsilindricheskie-trubinnye/806-314-249-514-009/,vladmiva-dental-catalog.json
ВладМиВа official,ВладМиВа,856.314.245.080.010,806-314-249-514-010,00000014494,1,1,KZ_BRAND_AND_SELECTED_SKUS,KZ_SKU_EVIDENCE_REQUIRED,https://www.vladmiva.ru/products/tsilindricheskie-trubinnye/806-314-249-514-010/,vladmiva-dental-catalog.json
ВладМиВа official,ВладМиВа,856.314.245.080.012,806-314-249-514-012,00000014338,1,1,KZ_BRAND_AND_SELECTED_SKUS,KZ_SKU_EVIDENCE_REQUIRED,https://www.vladmiva.ru/products/tsilindricheskie-trubinnye/806-314-249-514-012/,vladmiva-dental-catalog.json
ВладМиВа official,ВладМиВа,856.314.245.080.014,806-314-249-514-014,00000014401,1,1,KZ_BRAND_AND_SELECTED_SKUS,KZ_SKU_EVIDENCE_REQUIRED,https://www.vladmiva.ru/products/tsilindricheskie-trubinnye/806-314-249-514-014/,vladmiva-dental-catalog.json
ВладМиВа official,ВладМиВа,856.314.245.080.016,806-314-249-514-016,00000014925,1,1,KZ_BRAND_AND_SELECTED_SKUS,KZ_SKU_EVIDENCE_REQUIRED,https://www.vladmiva.ru/products/tsilindricheskie-trubinnye/806-314-249-514-016/,vladmiva-dental-catalog.json
ВладМиВа official,ВладМиВа,856.314.245.080.021,806-314-249-514-021,00000014655,1,1,KZ_BRAND_AND_SELECTED_SKUS,KZ_SKU_EVIDENCE_REQUIRED,https://www.vladmiva.ru/products/tsilindricheskie-trubinnye/806-314-249-514-021/,vladmiva-dental-catalog.json
ВладМиВа official,ВладМиВа,856.314.245.100.010,806-314-250-514-010,00000014473,1,1,KZ_BRAND_AND_SELECTED_SKUS,KZ_SKU_EVIDENCE_REQUIRED,https://www.vladmiva.ru/products/tsilindricheskie-trubinnye/806-314-250-514-010/,vladmiva-dental-catalog.json
ВладМиВа official,ВладМиВа,856.314.245.100.012,806-314-250-514-012,00000014344,1,1,KZ_BRAND_AND_SELECTED_SKUS,KZ_SKU_EVIDENCE_REQUIRED,https://www.vladmiva.ru/products/tsilindricheskie-trubinnye/806-314-250-514-012/,vladmiva-dental-catalog.json
ВладМиВа official,ВладМиВа,856.314.245.100.014,806-314-250-514-014,00000014820,1,1,KZ_BRAND_AND_SELECTED_SKUS,KZ_SKU_EVIDENCE_REQUIRED,https://www.vladmiva.ru/products/tsilindricheskie-trubinnye/806-314-250-514-014/,vladmiva-dental-catalog.json
ВладМиВа official,ВладМиВа,856.314.245.100.016,806-314-250-514-016,00000021048,1,1,KZ_BRAND_AND_SELECTED_SKUS,KZ_SKU_EVIDENCE_REQUIRED,https://www.vladmiva.ru/products/tsilindricheskie-trubinnye/806-314-250-514-016/,vladmiva-dental-catalog.json
ВладМиВа official,ВладМиВа,856.314.245.115.010,806-314-251-514-010,00000008772,1,1,KZ_BRAND_AND_SELECTED_SKUS,KZ_SKU_EVIDENCE_REQUIRED,https://www.vladmiva.ru/products/tsilindricheskie-trubinnye/806-314-251-514-010/,vladmiva-dental-catalog.json
ВладМиВа official,ВладМиВа,856.314.245.115.012,806-314-251-514-012,00000014758,1,1,KZ_BRAND_AND_SELECTED_SKUS,KZ_SKU_EVIDENCE_REQUIRED,https://www.vladmiva.ru/products/tsilindricheskie-trubinnye/806-314-251-514-012/,vladmiva-dental-catalog.json
ВладМиВа official,ВладМиВа,856.314.245.115.014,806-314-251-514-014,00000014923,1,1,KZ_BRAND_AND_SELECTED_SKUS,KZ_SKU_EVIDENCE_REQUIRED,https://www.vladmiva.ru/products/tsilindricheskie-trubinnye/806-314-251-514-014/,vladmiva-dental-catalog.json
ВладМиВа official,ВладМиВа,856.314.245.115.016,806-314-251-514-016,00000018904,1,1,KZ_BRAND_AND_SELECTED_SKUS,KZ_SKU_EVIDENCE_REQUIRED,https://www.vladmiva.ru/products/tsilindricheskie-trubinnye/806-314-251-514-016/,vladmiva-dental-catalog.json
ВладМиВа official,ВладМиВа,856.315.107.040.009,806-315-109-514-009,00000021940,1,1,KZ_BRAND_AND_SELECTED_SKUS,KZ_SKU_EVIDENCE_REQUIRED,https://www.vladmiva.ru/products/tsilindricheskie-trubinnye/806-315-109-514-009/,vladmiva-dental-catalog.json
ВладМиВа official,ВладМиВа,856.315.107.040.012,806-315-109-514-012,00000056174,1,1,KZ_BRAND_AND_SELECTED_SKUS,KZ_SKU_EVIDENCE_REQUIRED,https://www.vladmiva.ru/products/tsilindricheskie-trubinnye/806-315-109-514-012/,vladmiva-dental-catalog.json
ВладМиВа official,ВладМиВа,856.315.107.040.014,806-315-109-514-014,00000021941,1,1,KZ_BRAND_AND_SELECTED_SKUS,KZ_SKU_EVIDENCE_REQUIRED,https://www.vladmiva.ru/products/tsilindricheskie-trubinnye/806-315-109-514-014/,vladmiva-dental-catalog.json
ВладМиВа official,ВладМиВа,856.315.107.040.016,806-315-109-514-016,00000022084,1,1,KZ_BRAND_AND_SELECTED_SKUS,KZ_SKU_EVIDENCE_REQUIRED,https://www.vladmiva.ru/products/tsilindricheskie-trubinnye/806-315-109-514-016/,vladmiva-dental-catalog.json
ВладМиВа official,ВладМиВа,856.315.107.060.009,806-315-110-514-009,00000024750,1,1,KZ_BRAND_AND_SELECTED_SKUS,KZ_SKU_EVIDENCE_REQUIRED,https://www.vladmiva.ru/products/tsilindricheskie-trubinnye/806-315-110-514-009/,vladmiva-dental-catalog.json
ВладМиВа official,ВладМиВа,856.315.107.060.010,806-315-110-514-010,00000038852,1,1,KZ_BRAND_AND_SELECTED_SKUS,KZ_SKU_EVIDENCE_REQUIRED,https://www.vladmiva.ru/products/tsilindricheskie-trubinnye/806-315-110-514-010/,vladmiva-dental-catalog.json
ВладМиВа official,ВладМиВа,856.315.107.060.012,806-315-110-514-012,00000033975,1,1,KZ_BRAND_AND_SELECTED_SKUS,KZ_SKU_EVIDENCE_REQUIRED,https://www.vladmiva.ru/products/tsilindricheskie-trubinnye/806-315-110-514-012/,vladmiva-dental-catalog.json
ВладМиВа official,ВладМиВа,856.315.107.060.014,806-315-110-514-014,00000063655,1,1,KZ_BRAND_AND_SELECTED_SKUS,KZ_SKU_EVIDENCE_REQUIRED,https://www.vladmiva.ru/products/tsilindricheskie-trubinnye/806-315-110-514-014/,vladmiva-dental-catalog.json
ВладМиВа official,ВладМиВа,856.315.107.080.009,806-315-111-514-009,00000013104,1,1,KZ_BRAND_AND_SELECTED_SKUS,KZ_SKU_EVIDENCE_REQUIRED,https://www.vladmiva.ru/products/tsilindricheskie-trubinnye/806-315-111-514-009/,vladmiva-dental-catalog.json
ВладМиВа official,ВладМиВа,856.315.107.080.010,806-315-111-514-010,00000013894,1,1,KZ_BRAND_AND_SELECTED_SKUS,KZ_SKU_EVIDENCE_REQUIRED,https://www.vladmiva.ru/products/tsilindricheskie-trubinnye/806-315-111-514-010/,vladmiva-dental-catalog.json
ВладМиВа official,ВладМиВа,856.315.107.080.012,806-315-111-514-012,00000015318,1,1,KZ_BRAND_AND_SELECTED_SKUS,KZ_SKU_EVIDENCE_REQUIRED,https://www.vladmiva.ru/products/tsilindricheskie-trubinnye/806-315-111-514-012/,vladmiva-dental-catalog.json
ВладМиВа official,ВладМиВа,856.315.107.080.014,806-315-111-514-014,00000015361,1,1,KZ_BRAND_AND_SELECTED_SKUS,KZ_SKU_EVIDENCE_REQUIRED,https://www.vladmiva.ru/products/tsilindricheskie-trubinnye/806-315-111-514-014/,vladmiva-dental-catalog.json
ВладМиВа official,ВладМиВа,856.315.107.080.016,806-315-111-514-016,00000015378,1,1,KZ_BRAND_AND_SELECTED_SKUS,KZ_SKU_EVIDENCE_REQUIRED,https://www.vladmiva.ru/products/tsilindricheskie-trubinnye/806-315-111-514-016/,vladmiva-dental-catalog.json
ВладМиВа official,ВладМиВа,856.315.126.080.010,806-315-130-514-010,00000022087,1,1,KZ_BRAND_AND_SELECTED_SKUS,KZ_SKU_EVIDENCE_REQUIRED,https://www.vladmiva.ru/products/tsilindricheskie-trubinnye/806-315-130-514-010/,vladmiva-dental-catalog.json
ВладМиВа official,ВладМиВа,856.315.126.080.012,806-315-130-514-012,00000022205,1,1,KZ_BRAND_AND_SELECTED_SKUS,KZ_SKU_EVIDENCE_REQUIRED,https://www.vladmiva.ru/products/tsilindricheskie-trubinnye/806-315-130-514-012/,vladmiva-dental-catalog.json
ВладМиВа official,ВладМиВа,856.315.126.100.010,806-315-131-514-010,00000021443,1,1,KZ_BRAND_AND_SELECTED_SKUS,KZ_SKU_EVIDENCE_REQUIRED,https://www.vladmiva.ru/products/tsilindricheskie-trubinnye/806-315-131-514-010/,vladmiva-dental-catalog.json
ВладМиВа official,ВладМиВа,856.315.126.100.012,806-315-131-514-012,00000021789,1,1,KZ_BRAND_AND_SELECTED_SKUS,KZ_SKU_EVIDENCE_REQUIRED,https://www.vladmiva.ru/products/tsilindricheskie-trubinnye/806-315-131-514-012/,vladmiva-dental-catalog.json
ВладМиВа official,ВладМиВа,856.315.126.100.014,806-315-131-514-014,00000021507,1,1,KZ_BRAND_AND_SELECTED_SKUS,KZ_SKU_EVIDENCE_REQUIRED,https://www.vladmiva.ru/products/tsilindricheskie-trubinnye/806-315-131-514-014/,vladmiva-dental-catalog.json
ВладМиВа official,ВладМиВа,856.315.126.100.025,806-315-131-514-025,00000022957,1,1,KZ_BRAND_AND_SELECTED_SKUS,KZ_SKU_EVIDENCE_REQUIRED,https://www.vladmiva.ru/products/tsilindricheskie-trubinnye/806-315-131-514-025/,vladmiva-dental-catalog.json
ВладМиВа official,ВладМиВа,856.315.137.100.010,806-315-142-514-010,00000021839,1,1,KZ_BRAND_AND_SELECTED_SKUS,KZ_SKU_EVIDENCE_REQUIRED,https://www.vladmiva.ru/products/tsilindricheskie-trubinnye/806-315-142-514-010/,vladmiva-dental-catalog.json
ВладМиВа official,ВладМиВа,856.315.137.100.012,806-315-142-514-012,00000021840,1,1,KZ_BRAND_AND_SELECTED_SKUS,KZ_SKU_EVIDENCE_REQUIRED,https://www.vladmiva.ru/products/tsilindricheskie-trubinnye/806-315-142-514-012/,vladmiva-dental-catalog.json
ВладМиВа official,ВладМиВа,856.315.137.100.014,806-315-142-514-014,00000021937,1,1,KZ_BRAND_AND_SELECTED_SKUS,KZ_SKU_EVIDENCE_REQUIRED,https://www.vladmiva.ru/products/tsilindricheskie-trubinnye/806-315-142-514-014/,vladmiva-dental-catalog.json
ВладМиВа official,ВладМиВа,866.314.040.008.050,806-314-041-524-050,00000002801,1,1,KZ_BRAND_AND_SELECTED_SKUS,KZ_SKU_EVIDENCE_REQUIRED,https://www.vladmiva.ru/products/tsilindricheskie-trubinnye/806-314-041-524-050/,vladmiva-dental-catalog.json
ВладМиВа official,ВладМиВа,866.314.107.040.010,806-314-109-524-010,00000002816,1,1,KZ_BRAND_AND_SELECTED_SKUS,KZ_SKU_EVIDENCE_REQUIRED,https://www.vladmiva.ru/products/tsilindricheskie-trubinnye/806-314-109-524-010/,vladmiva-dental-catalog.json
ВладМиВа official,ВладМиВа,866.314.107.040.012,806-314-109-524-012,00000002817,1,1,KZ_BRAND_AND_SELECTED_SKUS,KZ_SKU_EVIDENCE_REQUIRED,https://www.vladmiva.ru/products/tsilindricheskie-trubinnye/806-314-109-524-012/,vladmiva-dental-catalog.json
ВладМиВа official,ВладМиВа,866.314.107.040.014,806-314-109-524-014,00000002818,1,1,KZ_BRAND_AND_SELECTED_SKUS,KZ_SKU_EVIDENCE_REQUIRED,https://www.vladmiva.ru/products/tsilindricheskie-trubinnye/806-314-109-524-014/,vladmiva-dental-catalog.json
ВладМиВа official,ВладМиВа,866.314.107.040.016,806-314-109-524-016,00000021908,1,1,KZ_BRAND_AND_SELECTED_SKUS,KZ_SKU_EVIDENCE_REQUIRED,https://www.vladmiva.ru/products/tsilindricheskie-trubinnye/806-314-109-524-016/,vladmiva-dental-catalog.json
ВладМиВа official,ВладМиВа,866.314.107.040.018,806-314-109-524-018,00000022325,1,1,KZ_BRAND_AND_SELECTED_SKUS,KZ_SKU_EVIDENCE_REQUIRED,https://www.vladmiva.ru/products/tsilindricheskie-trubinnye/806-314-109-524-018/,vladmiva-dental-catalog.json
ВладМиВа official,ВладМиВа,866.314.107.060.010,806-314-110-524-010,00000002821,1,1,KZ_BRAND_AND_SELECTED_SKUS,KZ_SKU_EVIDENCE_REQUIRED,https://www.vladmiva.ru/products/tsilindricheskie-trubinnye/806-314-110-524-010/,vladmiva-dental-catalog.json
ВладМиВа official,ВладМиВа,866.314.107.060.012,806-314-110-524-012,00000002822,1,1,KZ_BRAND_AND_SELECTED_SKUS,KZ_SKU_EVIDENCE_REQUIRED,https://www.vladmiva.ru/products/tsilindricheskie-trubinnye/806-314-110-524-012/,vladmiva-dental-catalog.json
ВладМиВа official,ВладМиВа,866.314.107.060.014,806-314-110-524-014,00000002823,1,1,KZ_BRAND_AND_SELECTED_SKUS,KZ_SKU_EVIDENCE_REQUIRED,https://www.vladmiva.ru/products/tsilindricheskie-trubinnye/806-314-110-524-014/,vladmiva-dental-catalog.json
ВладМиВа official,ВладМиВа,866.314.107.060.016,806-314-110-524-016,00000002824,1,1,KZ_BRAND_AND_SELECTED_SKUS,KZ_SKU_EVIDENCE_REQUIRED,https://www.vladmiva.ru/products/tsilindricheskie-trubinnye/806-314-110-524-016/,vladmiva-dental-catalog.json
ВладМиВа official,ВладМиВа,866.314.107.060.018,806-314-110-524-018,00000002825,1,1,KZ_BRAND_AND_SELECTED_SKUS,KZ_SKU_EVIDENCE_REQUIRED,https://www.vladmiva.ru/products/tsilindricheskie-trubinnye/806-314-110-524-018/,vladmiva-dental-catalog.json
ВладМиВа official,ВладМиВа,866.314.107.060.023,806-314-110-524-023,00000002826,1,1,KZ_BRAND_AND_SELECTED_SKUS,KZ_SKU_EVIDENCE_REQUIRED,https://www.vladmiva.ru/products/tsilindricheskie-trubinnye/806-314-110-524-023/,vladmiva-dental-catalog.json
ВладМиВа official,ВладМиВа,866.314.107.060.025,806-314-110-524-025,00000026772,1,1,KZ_BRAND_AND_SELECTED_SKUS,KZ_SKU_EVIDENCE_REQUIRED,https://www.vladmiva.ru/products/tsilindricheskie-trubinnye/806-314-110-524-025/,vladmiva-dental-catalog.json
ВладМиВа official,ВладМиВа,866.314.107.060.027,806-314-110-524-027,00000002827,1,1,KZ_BRAND_AND_SELECTED_SKUS,KZ_SKU_EVIDENCE_REQUIRED,https://www.vladmiva.ru/products/tsilindricheskie-trubinnye/806-314-110-524-027/,vladmiva-dental-catalog.json
ВладМиВа official,ВладМиВа,866.314.107.080.010,806-314-111-524-010,00000002837,1,1,KZ_BRAND_AND_SELECTED_SKUS,KZ_SKU_EVIDENCE_REQUIRED,https://www.vladmiva.ru/products/tsilindricheskie-trubinnye/806-314-111-524-010/,vladmiva-dental-catalog.json
ВладМиВа official,ВладМиВа,866.314.107.080.012,806-314-111-524-012,00000002838,1,1,KZ_BRAND_AND_SELECTED_SKUS,KZ_SKU_EVIDENCE_REQUIRED,https://www.vladmiva.ru/products/tsilindricheskie-trubinnye/806-314-111-524-012/,vladmiva-dental-catalog.json
ВладМиВа official,ВладМиВа,866.314.107.080.014,806-314-111-524-014,00000002839,1,1,KZ_BRAND_AND_SELECTED_SKUS,KZ_SKU_EVIDENCE_REQUIRED,https://www.vladmiva.ru/products/tsilindricheskie-trubinnye/806-314-111-524-014/,vladmiva-dental-catalog.json
ВладМиВа official,ВладМиВа,866.314.107.080.016,806-314-111-524-016,00000002840,1,1,KZ_BRAND_AND_SELECTED_SKUS,KZ_SKU_EVIDENCE_REQUIRED,https://www.vladmiva.ru/products/tsilindricheskie-trubinnye/806-314-111-524-016/,vladmiva-dental-catalog.json
ВладМиВа official,ВладМиВа,866.314.107.080.018,806-314-111-524-018,00000002841,1,1,KZ_BRAND_AND_SELECTED_SKUS,KZ_SKU_EVIDENCE_REQUIRED,https://www.vladmiva.ru/products/tsilindricheskie-trubinnye/806-314-111-524-018/,vladmiva-dental-catalog.json
ВладМиВа official,ВладМиВа,866.314.107.080.023,806-314-111-524-023,00000041814,1,1,KZ_BRAND_AND_SELECTED_SKUS,KZ_SKU_EVIDENCE_REQUIRED,https://www.vladmiva.ru/products/tsilindricheskie-trubinnye/806-314-111-524-023/,vladmiva-dental-catalog.json
ВладМиВа official,ВладМиВа,866.314.107.100.010,806-314-112-524-010,00000034614,1,1,KZ_BRAND_AND_SELECTED_SKUS,KZ_SKU_EVIDENCE_REQUIRED,https://www.vladmiva.ru/products/tsilindricheskie-trubinnye/806-314-112-524-010/,vladmiva-dental-catalog.json
ВладМиВа official,ВладМиВа,866.314.107.100.012,806-314-112-524-012,00000022471,1,1,KZ_BRAND_AND_SELECTED_SKUS,KZ_SKU_EVIDENCE_REQUIRED,https://www.vladmiva.ru/products/tsilindricheskie-trubinnye/806-314-112-524-012/,vladmiva-dental-catalog.json
ВладМиВа official,ВладМиВа,866.314.107.100.014,806-314-112-524-014,00000009292,1,1,KZ_BRAND_AND_SELECTED_SKUS,KZ_SKU_EVIDENCE_REQUIRED,https://www.vladmiva.ru/products/tsilindricheskie-trubinnye/806-314-112-524-014/,vladmiva-dental-catalog.json
ВладМиВа official,ВладМиВа,866.314.107.100.016,806-314-112-524-016,00000034615,1,1,KZ_BRAND_AND_SELECTED_SKUS,KZ_SKU_EVIDENCE_REQUIRED,https://www.vladmiva.ru/products/tsilindricheskie-trubinnye/806-314-112-524-016/,vladmiva-dental-catalog.json
ВладМиВа official,ВладМиВа,866.314.107.100.018,806-314-112-524-018,00000034616,1,1,KZ_BRAND_AND_SELECTED_SKUS,KZ_SKU_EVIDENCE_REQUIRED,https://www.vladmiva.ru/products/tsilindricheskie-trubinnye/806-314-112-524-018/,vladmiva-dental-catalog.json
ВладМиВа official,ВладМиВа,866.314.107.120.010,806-314-113-524-010,00000034617,1,1,KZ_BRAND_AND_SELECTED_SKUS,KZ_SKU_EVIDENCE_REQUIRED,https://www.vladmiva.ru/products/tsilindricheskie-trubinnye/806-314-113-524-010/,vladmiva-dental-catalog.json
ВладМиВа official,ВладМиВа,866.314.107.120.012,806-314-113-524-012,00000033089,1,1,KZ_BRAND_AND_SELECTED_SKUS,KZ_SKU_EVIDENCE_REQUIRED,https://www.vladmiva.ru/products/tsilindricheskie-trubinnye/806-314-113-524-012/,vladmiva-dental-catalog.json
ВладМиВа official,ВладМиВа,866.314.107.120.014,806-314-113-524-014,00000008413,1,1,KZ_BRAND_AND_SELECTED_SKUS,KZ_SKU_EVIDENCE_REQUIRED,https://www.vladmiva.ru/products/tsilindricheskie-trubinnye/806-314-113-524-014/,vladmiva-dental-catalog.json
ВладМиВа official,ВладМиВа,866.314.107.120.016,806-314-113-524-016,00000034257,1,1,KZ_BRAND_AND_SELECTED_SKUS,KZ_SKU_EVIDENCE_REQUIRED,https://www.vladmiva.ru/products/tsilindricheskie-trubinnye/806-314-113-524-016/,vladmiva-dental-catalog.json
ВладМиВа official,ВладМиВа,866.314.107.120.018,806-314-113-524-018,00000034618,1,1,KZ_BRAND_AND_SELECTED_SKUS,KZ_SKU_EVIDENCE_REQUIRED,https://www.vladmiva.ru/products/tsilindricheskie-trubinnye/806-314-113-524-018/,vladmiva-dental-catalog.json
ВладМиВа official,ВладМиВа,866.314.126.060.012,806-314-129-524-012,00000002847,1,1,KZ_BRAND_AND_SELECTED_SKUS,KZ_SKU_EVIDENCE_REQUIRED,https://www.vladmiva.ru/products/tsilindricheskie-trubinnye/806-314-129-524-012/,vladmiva-dental-catalog.json
ВладМиВа official,ВладМиВа,866.314.126.080.012,806-314-130-524-012,00000002848,1,1,KZ_BRAND_AND_SELECTED_SKUS,KZ_SKU_EVIDENCE_REQUIRED,https://www.vladmiva.ru/products/tsilindricheskie-trubinnye/806-314-130-524-012/,vladmiva-dental-catalog.json
ВладМиВа official,ВладМиВа,866.314.126.080.014,806-314-130-524-014,00000002849,1,1,KZ_BRAND_AND_SELECTED_SKUS,KZ_SKU_EVIDENCE_REQUIRED,https://www.vladmiva.ru/products/tsilindricheskie-trubinnye/806-314-130-524-014/,vladmiva-dental-catalog.json
ВладМиВа official,ВладМиВа,866.314.126.080.016,806-314-130-524-016,00000022279,1,1,KZ_BRAND_AND_SELECTED_SKUS,KZ_SKU_EVIDENCE_REQUIRED,https://www.vladmiva.ru/products/tsilindricheskie-trubinnye/806-314-130-524-016/,vladmiva-dental-catalog.json
ВладМиВа official,ВладМиВа,866.314.126.080.023,806-314-130-524-023,00000036243,1,1,KZ_BRAND_AND_SELECTED_SKUS,KZ_SKU_EVIDENCE_REQUIRED,https://www.vladmiva.ru/products/tsilindricheskie-trubinnye/806-314-130-524-023/,vladmiva-dental-catalog.json
ВладМиВа official,ВладМиВа,866.314.126.100.012,806-314-131-524-012,00000002852,1,1,KZ_BRAND_AND_SELECTED_SKUS,KZ_SKU_EVIDENCE_REQUIRED,https://www.vladmiva.ru/products/tsilindricheskie-trubinnye/806-314-131-524-012/,vladmiva-dental-catalog.json
ВладМиВа official,ВладМиВа,866.314.126.100.014,806-314-131-524-014,00000002853,1,1,KZ_BRAND_AND_SELECTED_SKUS,KZ_SKU_EVIDENCE_REQUIRED,https://www.vladmiva.ru/products/tsilindricheskie-trubinnye/806-314-131-524-014/,vladmiva-dental-catalog.json
ВладМиВа official,ВладМиВа,866.314.126.100.016,806-314-131-524-016,00000002854,1,1,KZ_BRAND_AND_SELECTED_SKUS,KZ_SKU_EVIDENCE_REQUIRED,https://www.vladmiva.ru/products/tsilindricheskie-trubinnye/806-314-131-524-016/,vladmiva-dental-catalog.json
ВладМиВа official,ВладМиВа,866.314.126.100.023,806-314-131-524-023,00000006504,1,1,KZ_BRAND_AND_SELECTED_SKUS,KZ_SKU_EVIDENCE_REQUIRED,https://www.vladmiva.ru/products/tsilindricheskie-trubinnye/806-314-131-524-023/,vladmiva-dental-catalog.json
ВладМиВа official,ВладМиВа,866.314.137.040.012,806-314-139-524-012,00000002858,1,1,KZ_BRAND_AND_SELECTED_SKUS,KZ_SKU_EVIDENCE_REQUIRED,https://www.vladmiva.ru/products/tsilindricheskie-trubinnye/806-314-139-524-012/,vladmiva-dental-catalog.json
ВладМиВа official,ВладМиВа,866.314.137.040.014,806-314-139-524-014,00000014623,1,1,KZ_BRAND_AND_SELECTED_SKUS,KZ_SKU_EVIDENCE_REQUIRED,https://www.vladmiva.ru/products/tsilindricheskie-trubinnye/806-314-139-524-014/,vladmiva-dental-catalog.json
ВладМиВа official,ВладМиВа,866.314.137.060.012,806-314-140-524-012,00000002859,1,1,KZ_BRAND_AND_SELECTED_SKUS,KZ_SKU_EVIDENCE_REQUIRED,https://www.vladmiva.ru/products/tsilindricheskie-trubinnye/806-314-140-524-012/,vladmiva-dental-catalog.json
ВладМиВа official,ВладМиВа,866.314.137.060.014,806-314-140-524-014,00000002860,1,1,KZ_BRAND_AND_SELECTED_SKUS,KZ_SKU_EVIDENCE_REQUIRED,https://www.vladmiva.ru/products/tsilindricheskie-trubinnye/806-314-140-524-014/,vladmiva-dental-catalog.json
ВладМиВа official,ВладМиВа,866.314.137.060.016,806-314-140-524-016,00000055677,1,1,KZ_BRAND_AND_SELECTED_SKUS,KZ_SKU_EVIDENCE_REQUIRED,https://www.vladmiva.ru/products/tsilindricheskie-trubinnye/806-314-140-524-016/,vladmiva-dental-catalog.json
ВладМиВа official,ВладМиВа,866.314.137.060.018,806-314-140-524-018,00000058106,1,1,KZ_BRAND_AND_SELECTED_SKUS,KZ_SKU_EVIDENCE_REQUIRED,https://www.vladmiva.ru/products/tsilindricheskie-trubinnye/806-314-140-524-018/,vladmiva-dental-catalog.json
ВладМиВа official,ВладМиВа,866.314.137.080.010,806-314-141-524-010,00000013086,1,1,KZ_BRAND_AND_SELECTED_SKUS,KZ_SKU_EVIDENCE_REQUIRED,https://www.vladmiva.ru/products/tsilindricheskie-trubinnye/806-314-141-524-010/,vladmiva-dental-catalog.json
ВладМиВа official,ВладМиВа,866.314.137.080.012,806-314-141-524-012,00000002863,1,1,KZ_BRAND_AND_SELECTED_SKUS,KZ_SKU_EVIDENCE_REQUIRED,https://www.vladmiva.ru/products/tsilindricheskie-trubinnye/806-314-141-524-012/,vladmiva-dental-catalog.json
ВладМиВа official,ВладМиВа,866.314.137.080.014,806-314-141-524-014,00000002864,1,1,KZ_BRAND_AND_SELECTED_SKUS,KZ_SKU_EVIDENCE_REQUIRED,https://www.vladmiva.ru/products/tsilindricheskie-trubinnye/806-314-141-524-014/,vladmiva-dental-catalog.json
ВладМиВа official,ВладМиВа,866.314.137.080.016,806-314-141-524-016,00000002865,1,1,KZ_BRAND_AND_SELECTED_SKUS,KZ_SKU_EVIDENCE_REQUIRED,https://www.vladmiva.ru/products/tsilindricheskie-trubinnye/806-314-141-524-016/,vladmiva-dental-catalog.json
ВладМиВа official,ВладМиВа,866.314.137.080.018,806-314-141-524-018,00000054884,1,1,KZ_BRAND_AND_SELECTED_SKUS,KZ_SKU_EVIDENCE_REQUIRED,https://www.vladmiva.ru/products/tsilindricheskie-trubinnye/806-314-141-524-018/,vladmiva-dental-catalog.json
ВладМиВа official,ВладМиВа,866.314.137.080.023,806-314-141-524-023,00000032479,1,1,KZ_BRAND_AND_SELECTED_SKUS,KZ_SKU_EVIDENCE_REQUIRED,https://www.vladmiva.ru/products/tsilindricheskie-trubinnye/806-314-141-524-023/,vladmiva-dental-catalog.json
ВладМиВа official,ВладМиВа,866.314.137.100.012,806-314-142-524-012,00000002869,1,1,KZ_BRAND_AND_SELECTED_SKUS,KZ_SKU_EVIDENCE_REQUIRED,https://www.vladmiva.ru/products/tsilindricheskie-trubinnye/806-314-142-524-012/,vladmiva-dental-catalog.json
ВладМиВа official,ВладМиВа,866.314.137.100.014,806-314-142-524-014,00000002870,1,1,KZ_BRAND_AND_SELECTED_SKUS,KZ_SKU_EVIDENCE_REQUIRED,https://www.vladmiva.ru/products/tsilindricheskie-trubinnye/806-314-142-524-014/,vladmiva-dental-catalog.json
ВладМиВа official,ВладМиВа,866.314.137.100.016,806-314-142-524-016,00000002871,1,1,KZ_BRAND_AND_SELECTED_SKUS,KZ_SKU_EVIDENCE_REQUIRED,https://www.vladmiva.ru/products/tsilindricheskie-trubinnye/806-314-142-524-016/,vladmiva-dental-catalog.json
ВладМиВа official,ВладМиВа,866.314.137.100.018,806-314-142-524-018,00000042584,1,1,KZ_BRAND_AND_SELECTED_SKUS,KZ_SKU_EVIDENCE_REQUIRED,https://www.vladmiva.ru/products/tsilindricheskie-trubinnye/806-314-142-524-018/,vladmiva-dental-catalog.json
ВладМиВа official,ВладМиВа,866.314.137.100.023,806-314-142-524-023,00000008316,1,1,KZ_BRAND_AND_SELECTED_SKUS,KZ_SKU_EVIDENCE_REQUIRED,https://www.vladmiva.ru/products/tsilindricheskie-trubinnye/806-314-142-524-023/,vladmiva-dental-catalog.json
ВладМиВа official,ВладМиВа,866.314.245.080.010,806-314-249-524-010,00000002955,1,1,KZ_BRAND_AND_SELECTED_SKUS,KZ_SKU_EVIDENCE_REQUIRED,https://www.vladmiva.ru/products/tsilindricheskie-trubinnye/806-314-249-524-010/,vladmiva-dental-catalog.json
ВладМиВа official,ВладМиВа,866.314.245.080.012,806-314-249-524-012,00000002956,1,1,KZ_BRAND_AND_SELECTED_SKUS,KZ_SKU_EVIDENCE_REQUIRED,https://www.vladmiva.ru/products/tsilindricheskie-trubinnye/806-314-249-524-012/,vladmiva-dental-catalog.json
ВладМиВа official,ВладМиВа,866.314.245.080.014,806-314-249-524-014,00000002957,1,1,KZ_BRAND_AND_SELECTED_SKUS,KZ_SKU_EVIDENCE_REQUIRED,https://www.vladmiva.ru/products/tsilindricheskie-trubinnye/806-314-249-524-014/,vladmiva-dental-catalog.json
ВладМиВа official,ВладМиВа,866.314.245.080.016,806-314-249-524-016,00000002958,1,1,KZ_BRAND_AND_SELECTED_SKUS,KZ_SKU_EVIDENCE_REQUIRED,https://www.vladmiva.ru/products/tsilindricheskie-trubinnye/806-314-249-524-016/,vladmiva-dental-catalog.json
ВладМиВа official,ВладМиВа,866.314.245.080.018,806-314-249-524-018,00000002959,1,1,KZ_BRAND_AND_SELECTED_SKUS,KZ_SKU_EVIDENCE_REQUIRED,https://www.vladmiva.ru/products/tsilindricheskie-trubinnye/806-314-249-524-018/,vladmiva-dental-catalog.json
ВладМиВа official,ВладМиВа,866.314.245.080.023,806-314-249-524-023,00000002960,1,1,KZ_BRAND_AND_SELECTED_SKUS,KZ_SKU_EVIDENCE_REQUIRED,https://www.vladmiva.ru/products/tsilindricheskie-trubinnye/806-314-249-524-023/,vladmiva-dental-catalog.json
ВладМиВа official,ВладМиВа,866.314.245.100.010,806-314-250-524-010,00000000207,1,1,KZ_BRAND_AND_SELECTED_SKUS,KZ_SKU_EVIDENCE_REQUIRED,https://www.vladmiva.ru/products/tsilindricheskie-trubinnye/806-314-250-524-010/,vladmiva-dental-catalog.json
ВладМиВа official,ВладМиВа,866.314.245.100.012,806-314-250-524-012,00000002965,1,1,KZ_BRAND_AND_SELECTED_SKUS,KZ_SKU_EVIDENCE_REQUIRED,https://www.vladmiva.ru/products/tsilindricheskie-trubinnye/806-314-250-524-012/,vladmiva-dental-catalog.json
ВладМиВа official,ВладМиВа,866.314.245.100.014,806-314-250-524-014,00000002966,1,1,KZ_BRAND_AND_SELECTED_SKUS,KZ_SKU_EVIDENCE_REQUIRED,https://www.vladmiva.ru/products/tsilindricheskie-trubinnye/806-314-250-524-014/,vladmiva-dental-catalog.json
ВладМиВа official,ВладМиВа,866.314.245.100.016,806-314-250-524-016,00000002967,1,1,KZ_BRAND_AND_SELECTED_SKUS,KZ_SKU_EVIDENCE_REQUIRED,https://www.vladmiva.ru/products/tsilindricheskie-trubinnye/806-314-250-524-016/,vladmiva-dental-catalog.json
ВладМиВа official,ВладМиВа,866.314.245.100.018,806-314-250-524-018,00000002968,1,1,KZ_BRAND_AND_SELECTED_SKUS,KZ_SKU_EVIDENCE_REQUIRED,https://www.vladmiva.ru/products/tsilindricheskie-trubinnye/806-314-250-524-018/,vladmiva-dental-catalog.json
ВладМиВа official,ВладМиВа,866.314.245.115.012,806-314-251-524-012,00000023950,1,1,KZ_BRAND_AND_SELECTED_SKUS,KZ_SKU_EVIDENCE_REQUIRED,https://www.vladmiva.ru/products/tsilindricheskie-trubinnye/806-314-251-524-012/,vladmiva-dental-catalog.json
ВладМиВа official,ВладМиВа,866.314.245.115.014,806-314-251-524-014,00000002972,1,1,KZ_BRAND_AND_SELECTED_SKUS,KZ_SKU_EVIDENCE_REQUIRED,https://www.vladmiva.ru/products/tsilindricheskie-trubinnye/806-314-251-524-014/,vladmiva-dental-catalog.json
ВладМиВа official,ВладМиВа,866.314.245.115.016,806-314-251-524-016,00000002973,1,1,KZ_BRAND_AND_SELECTED_SKUS,KZ_SKU_EVIDENCE_REQUIRED,https://www.vladmiva.ru/products/tsilindricheskie-trubinnye/806-314-251-524-016/,vladmiva-dental-catalog.json
ВладМиВа official,ВладМиВа,866.314.245.115.018,806-314-251-524-018,00000002974,1,1,KZ_BRAND_AND_SELECTED_SKUS,KZ_SKU_EVIDENCE_REQUIRED,https://www.vladmiva.ru/products/tsilindricheskie-trubinnye/806-314-251-524-018/,vladmiva-dental-catalog.json
ВладМиВа official,ВладМиВа,866.314.552.075.018,806-314-552-524-018,00000024292,1,1,KZ_BRAND_AND_SELECTED_SKUS,KZ_SKU_EVIDENCE_REQUIRED,https://www.vladmiva.ru/products/tsilindricheskie-trubinnye/806-314-552-524-018/,vladmiva-dental-catalog.json
ВладМиВа official,ВладМиВа,866.315.107.040.010,806-315-109-524-010,00000021942,1,1,KZ_BRAND_AND_SELECTED_SKUS,KZ_SKU_EVIDENCE_REQUIRED,https://www.vladmiva.ru/products/tsilindricheskie-trubinnye/806-315-109-524-010/,vladmiva-dental-catalog.json
ВладМиВа official,ВладМиВа,866.315.107.040.012,806-315-109-524-012,00000022223,1,1,KZ_BRAND_AND_SELECTED_SKUS,KZ_SKU_EVIDENCE_REQUIRED,https://www.vladmiva.ru/products/tsilindricheskie-trubinnye/806-315-109-524-012/,vladmiva-dental-catalog.json
ВладМиВа official,ВладМиВа,866.315.107.040.014,806-315-109-524-014,00000023216,1,1,KZ_BRAND_AND_SELECTED_SKUS,KZ_SKU_EVIDENCE_REQUIRED,https://www.vladmiva.ru/products/tsilindricheskie-trubinnye/806-315-109-524-014/,vladmiva-dental-catalog.json
ВладМиВа official,ВладМиВа,866.315.107.040.016,806-315-109-524-016,00000021976,1,1,KZ_BRAND_AND_SELECTED_SKUS,KZ_SKU_EVIDENCE_REQUIRED,https://www.vladmiva.ru/products/tsilindricheskie-trubinnye/806-315-109-524-016/,vladmiva-dental-catalog.json
ВладМиВа official,ВладМиВа,866.315.107.040.018,806-315-109-524-018,00000022328,1,1,KZ_BRAND_AND_SELECTED_SKUS,KZ_SKU_EVIDENCE_REQUIRED,https://www.vladmiva.ru/products/tsilindricheskie-trubinnye/806-315-109-524-018/,vladmiva-dental-catalog.json
ВладМиВа official,ВладМиВа,866.315.107.060.010,806-315-110-524-010,00000022235,1,1,KZ_BRAND_AND_SELECTED_SKUS,KZ_SKU_EVIDENCE_REQUIRED,https://www.vladmiva.ru/products/tsilindricheskie-trubinnye/806-315-110-524-010/,vladmiva-dental-catalog.json
ВладМиВа official,ВладМиВа,866.315.107.060.012,806-315-110-524-012,00000002834,1,1,KZ_BRAND_AND_SELECTED_SKUS,KZ_SKU_EVIDENCE_REQUIRED,https://www.vladmiva.ru/products/tsilindricheskie-trubinnye/806-315-110-524-012/,vladmiva-dental-catalog.json
ВладМиВа official,ВладМиВа,866.315.107.060.014,806-315-110-524-014,00000002835,1,1,KZ_BRAND_AND_SELECTED_SKUS,KZ_SKU_EVIDENCE_REQUIRED,https://www.vladmiva.ru/products/tsilindricheskie-trubinnye/806-315-110-524-014/,vladmiva-dental-catalog.json
ВладМиВа official,ВладМиВа,866.315.107.060.016,806-315-110-524-016,00000002836,1,1,KZ_BRAND_AND_SELECTED_SKUS,KZ_SKU_EVIDENCE_REQUIRED,https://www.vladmiva.ru/products/tsilindricheskie-trubinnye/806-315-110-524-016/,vladmiva-dental-catalog.json
ВладМиВа official,ВладМиВа,866.315.107.060.018,806-315-110-524-018,00000014947,1,1,KZ_BRAND_AND_SELECTED_SKUS,KZ_SKU_EVIDENCE_REQUIRED,https://www.vladmiva.ru/products/tsilindricheskie-trubinnye/806-315-110-524-018/,vladmiva-dental-catalog.json
ВладМиВа official,ВладМиВа,866.315.107.060.023,806-315-110-524-023,00000042270,1,1,KZ_BRAND_AND_SELECTED_SKUS,KZ_SKU_EVIDENCE_REQUIRED,https://www.vladmiva.ru/products/tsilindricheskie-trubinnye/806-315-110-524-023/,vladmiva-dental-catalog.json
ВладМиВа official,ВладМиВа,866.315.107.060.027,806-315-110-524-027,00000017001,1,1,KZ_BRAND_AND_SELECTED_SKUS,KZ_SKU_EVIDENCE_REQUIRED,https://www.vladmiva.ru/products/tsilindricheskie-trubinnye/806-315-110-524-027/,vladmiva-dental-catalog.json
ВладМиВа official,ВладМиВа,866.315.107.080.010,806-315-111-524-010,00000013082,1,1,KZ_BRAND_AND_SELECTED_SKUS,KZ_SKU_EVIDENCE_REQUIRED,https://www.vladmiva.ru/products/tsilindricheskie-trubinnye/806-315-111-524-010/,vladmiva-dental-catalog.json
ВладМиВа official,ВладМиВа,866.315.107.080.012,806-315-111-524-012,00000020114,1,1,KZ_BRAND_AND_SELECTED_SKUS,KZ_SKU_EVIDENCE_REQUIRED,https://www.vladmiva.ru/products/tsilindricheskie-trubinnye/806-315-111-524-012/,vladmiva-dental-catalog.json
ВладМиВа official,ВладМиВа,866.315.107.080.014,806-315-111-524-014,00000020232,1,1,KZ_BRAND_AND_SELECTED_SKUS,KZ_SKU_EVIDENCE_REQUIRED,https://www.vladmiva.ru/products/tsilindricheskie-trubinnye/806-315-111-524-014/,vladmiva-dental-catalog.json
ВладМиВа official,ВладМиВа,866.315.107.080.016,806-315-111-524-016,00000020058,1,1,KZ_BRAND_AND_SELECTED_SKUS,KZ_SKU_EVIDENCE_REQUIRED,https://www.vladmiva.ru/products/tsilindricheskie-trubinnye/806-315-111-524-016/,vladmiva-dental-catalog.json
ВладМиВа official,ВладМиВа,866.315.107.080.018,806-315-111-524-018,00000015404,1,1,KZ_BRAND_AND_SELECTED_SKUS,KZ_SKU_EVIDENCE_REQUIRED,https://www.vladmiva.ru/products/tsilindricheskie-trubinnye/806-315-111-524-018/,vladmiva-dental-catalog.json
ВладМиВа official,ВладМиВа,866.315.126.060.012,806-315-129-524-012,00000023226,1,1,KZ_BRAND_AND_SELECTED_SKUS,KZ_SKU_EVIDENCE_REQUIRED,https://www.vladmiva.ru/products/tsilindricheskie-trubinnye/806-315-129-524-012/,vladmiva-dental-catalog.json
ВладМиВа official,ВладМиВа,866.315.126.080.012,806-315-130-524-012,00000022234,1,1,KZ_BRAND_AND_SELECTED_SKUS,KZ_SKU_EVIDENCE_REQUIRED,https://www.vladmiva.ru/products/tsilindricheskie-trubinnye/806-315-130-524-012/,vladmiva-dental-catalog.json
ВладМиВа official,ВладМиВа,866.315.126.080.014,806-315-130-524-014,00000022216,1,1,KZ_BRAND_AND_SELECTED_SKUS,KZ_SKU_EVIDENCE_REQUIRED,https://www.vladmiva.ru/products/tsilindricheskie-trubinnye/806-315-130-524-014/,vladmiva-dental-catalog.json
ВладМиВа official,ВладМиВа,866.315.126.080.016,806-315-130-524-016,00000076297,1,1,KZ_BRAND_AND_SELECTED_SKUS,KZ_SKU_EVIDENCE_REQUIRED,https://www.vladmiva.ru/products/tsilindricheskie-trubinnye/806-315-130-524-016/,vladmiva-dental-catalog.json
ВладМиВа official,ВладМиВа,866.315.126.100.012,806-315-131-524-012,00000021377,1,1,KZ_BRAND_AND_SELECTED_SKUS,KZ_SKU_EVIDENCE_REQUIRED,https://www.vladmiva.ru/products/tsilindricheskie-trubinnye/806-315-131-524-012/,vladmiva-dental-catalog.json
ВладМиВа official,ВладМиВа,866.315.126.100.014,806-315-131-524-014,00000021803,1,1,KZ_BRAND_AND_SELECTED_SKUS,KZ_SKU_EVIDENCE_REQUIRED,https://www.vladmiva.ru/products/tsilindricheskie-trubinnye/806-315-131-524-014/,vladmiva-dental-catalog.json
ВладМиВа official,ВладМиВа,866.315.126.100.016,806-315-131-524-016,00000021498,1,1,KZ_BRAND_AND_SELECTED_SKUS,KZ_SKU_EVIDENCE_REQUIRED,https://www.vladmiva.ru/products/tsilindricheskie-trubinnye/806-315-131-524-016/,vladmiva-dental-catalog.json
ВладМиВа official,ВладМиВа,866.315.137.040.010,806-315-139-524-010,00000022473,1,1,KZ_BRAND_AND_SELECTED_SKUS,KZ_SKU_EVIDENCE_REQUIRED,https://www.vladmiva.ru/products/tsilindricheskie-trubinnye/806-315-139-524-010/,vladmiva-dental-catalog.json
ВладМиВа official,ВладМиВа,866.315.137.040.012,806-315-139-524-012,00000023217,1,1,KZ_BRAND_AND_SELECTED_SKUS,KZ_SKU_EVIDENCE_REQUIRED,https://www.vladmiva.ru/products/tsilindricheskie-trubinnye/806-315-139-524-012/,vladmiva-dental-catalog.json
ВладМиВа official,ВладМиВа,866.315.137.060.012,806-315-140-524-012,00000023221,1,1,KZ_BRAND_AND_SELECTED_SKUS,KZ_SKU_EVIDENCE_REQUIRED,https://www.vladmiva.ru/products/tsilindricheskie-trubinnye/806-315-140-524-012/,vladmiva-dental-catalog.json
ВладМиВа official,ВладМиВа,866.315.137.060.014,806-315-140-524-014,00000024197,1,1,KZ_BRAND_AND_SELECTED_SKUS,KZ_SKU_EVIDENCE_REQUIRED,https://www.vladmiva.ru/products/tsilindricheskie-trubinnye/806-315-140-524-014/,vladmiva-dental-catalog.json
ВладМиВа official,ВладМиВа,866.315.137.080.012,806-315-141-524-012,00000022379,1,1,KZ_BRAND_AND_SELECTED_SKUS,KZ_SKU_EVIDENCE_REQUIRED,https://www.vladmiva.ru/products/tsilindricheskie-trubinnye/806-315-141-524-012/,vladmiva-dental-catalog.json
ВладМиВа official,ВладМиВа,866.315.137.080.014,806-315-141-524-014,00000048336,1,1,KZ_BRAND_AND_SELECTED_SKUS,KZ_SKU_EVIDENCE_REQUIRED,https://www.vladmiva.ru/products/tsilindricheskie-trubinnye/806-315-141-524-014/,vladmiva-dental-catalog.json
ВладМиВа official,ВладМиВа,866.315.137.080.016,806-315-141-524-016,00000025836,1,1,KZ_BRAND_AND_SELECTED_SKUS,KZ_SKU_EVIDENCE_REQUIRED,https://www.vladmiva.ru/products/tsilindricheskie-trubinnye/806-315-141-524-016/,vladmiva-dental-catalog.json
ВладМиВа official,ВладМиВа,866.315.137.100.012,806-315-142-524-012,00000021832,1,1,KZ_BRAND_AND_SELECTED_SKUS,KZ_SKU_EVIDENCE_REQUIRED,https://www.vladmiva.ru/products/tsilindricheskie-trubinnye/806-315-142-524-012/,vladmiva-dental-catalog.json
ВладМиВа official,ВладМиВа,866.315.137.100.014,806-315-142-524-014,00000021830,1,1,KZ_BRAND_AND_SELECTED_SKUS,KZ_SKU_EVIDENCE_REQUIRED,https://www.vladmiva.ru/products/tsilindricheskie-trubinnye/806-315-142-524-014/,vladmiva-dental-catalog.json
ВладМиВа official,ВладМиВа,866.315.137.100.016,806-315-142-524-016,00000021853,1,1,KZ_BRAND_AND_SELECTED_SKUS,KZ_SKU_EVIDENCE_REQUIRED,https://www.vladmiva.ru/products/tsilindricheskie-trubinnye/806-315-142-524-016/,vladmiva-dental-catalog.json
ВладМиВа official,ВладМиВа,866.315.551.055.018,806-315-551-524-018,00000011625,1,1,KZ_BRAND_AND_SELECTED_SKUS,KZ_SKU_EVIDENCE_REQUIRED,https://www.vladmiva.ru/products/tsilindricheskie-trubinnye/806-315-551-524-018/,vladmiva-dental-catalog.json
ВладМиВа official,ВладМиВа,866.315.552.075.018,806-315-552-524-018,00000017999,1,1,KZ_BRAND_AND_SELECTED_SKUS,KZ_SKU_EVIDENCE_REQUIRED,https://www.vladmiva.ru/products/tsilindricheskie-trubinnye/806-315-552-524-018/,vladmiva-dental-catalog.json
ВладМиВа official,ВладМиВа,866.315.554.050.018,806-315-554-524-018,00000017430,1,1,KZ_BRAND_AND_SELECTED_SKUS,KZ_SKU_EVIDENCE_REQUIRED,https://www.vladmiva.ru/products/tsilindricheskie-trubinnye/806-315-554-524-018/,vladmiva-dental-catalog.json
ВладМиВа official,ВладМиВа,866.315.555.070.018,806-315-555-524-018,00000017432,1,1,KZ_BRAND_AND_SELECTED_SKUS,KZ_SKU_EVIDENCE_REQUIRED,https://www.vladmiva.ru/products/tsilindricheskie-trubinnye/806-315-555-524-018/,vladmiva-dental-catalog.json
ВладМиВа official,ВладМиВа,876.314.040.008.040,806-314-041-534-040,00000003897,1,1,KZ_BRAND_AND_SELECTED_SKUS,KZ_SKU_EVIDENCE_REQUIRED,https://www.vladmiva.ru/products/tsilindricheskie-trubinnye/806-314-041-534-040/,vladmiva-dental-catalog.json
ВладМиВа official,ВладМиВа,876.314.040.008.050,806-314-041-534-050,00000009138,1,1,KZ_BRAND_AND_SELECTED_SKUS,KZ_SKU_EVIDENCE_REQUIRED,https://www.vladmiva.ru/products/tsilindricheskie-trubinnye/806-314-041-534-050/,vladmiva-dental-catalog.json
ВладМиВа official,ВладМиВа,876.314.107.040.010,806-314-109-534-010,00000017611,1,1,KZ_BRAND_AND_SELECTED_SKUS,KZ_SKU_EVIDENCE_REQUIRED,https://www.vladmiva.ru/products/tsilindricheskie-trubinnye/806-314-109-534-010/,vladmiva-dental-catalog.json
ВладМиВа official,ВладМиВа,876.314.107.040.012,806-314-109-534-012,00000002819,1,1,KZ_BRAND_AND_SELECTED_SKUS,KZ_SKU_EVIDENCE_REQUIRED,https://www.vladmiva.ru/products/tsilindricheskie-trubinnye/806-314-109-534-012/,vladmiva-dental-catalog.json
ВладМиВа official,ВладМиВа,876.314.107.040.014,806-314-109-534-014,00000002820,1,1,KZ_BRAND_AND_SELECTED_SKUS,KZ_SKU_EVIDENCE_REQUIRED,https://www.vladmiva.ru/products/tsilindricheskie-trubinnye/806-314-109-534-014/,vladmiva-dental-catalog.json
ВладМиВа official,ВладМиВа,876.314.107.040.016,806-314-109-534-016,00000021975,1,1,KZ_BRAND_AND_SELECTED_SKUS,KZ_SKU_EVIDENCE_REQUIRED,https://www.vladmiva.ru/products/tsilindricheskie-trubinnye/806-314-109-534-016/,vladmiva-dental-catalog.json
ВладМиВа official,ВладМиВа,876.314.107.040.018,806-314-109-534-018,00000022381,1,1,KZ_BRAND_AND_SELECTED_SKUS,KZ_SKU_EVIDENCE_REQUIRED,https://www.vladmiva.ru/products/tsilindricheskie-trubinnye/806-314-109-534-018/,vladmiva-dental-catalog.json
ВладМиВа official,ВладМиВа,876.314.107.060.010,806-314-110-534-010,00000023922,1,1,KZ_BRAND_AND_SELECTED_SKUS,KZ_SKU_EVIDENCE_REQUIRED,https://www.vladmiva.ru/products/tsilindricheskie-trubinnye/806-314-110-534-010/,vladmiva-dental-catalog.json
ВладМиВа official,ВладМиВа,876.314.107.060.012,806-314-110-534-012,00000002828,1,1,KZ_BRAND_AND_SELECTED_SKUS,KZ_SKU_EVIDENCE_REQUIRED,https://www.vladmiva.ru/products/tsilindricheskie-trubinnye/806-314-110-534-012/,vladmiva-dental-catalog.json
ВладМиВа official,ВладМиВа,876.314.107.060.014,806-314-110-534-014,00000002829,1,1,KZ_BRAND_AND_SELECTED_SKUS,KZ_SKU_EVIDENCE_REQUIRED,https://www.vladmiva.ru/products/tsilindricheskie-trubinnye/806-314-110-534-014/,vladmiva-dental-catalog.json
ВладМиВа official,ВладМиВа,876.314.107.060.016,806-314-110-534-016,00000002830,1,1,KZ_BRAND_AND_SELECTED_SKUS,KZ_SKU_EVIDENCE_REQUIRED,https://www.vladmiva.ru/products/tsilindricheskie-trubinnye/806-314-110-534-016/,vladmiva-dental-catalog.json
ВладМиВа official,ВладМиВа,876.314.107.060.018,806-314-110-534-018,00000002831,1,1,KZ_BRAND_AND_SELECTED_SKUS,KZ_SKU_EVIDENCE_REQUIRED,https://www.vladmiva.ru/products/tsilindricheskie-trubinnye/806-314-110-534-018/,vladmiva-dental-catalog.json
ВладМиВа official,ВладМиВа,876.314.107.060.023,806-314-110-534-023,00000002832,1,1,KZ_BRAND_AND_SELECTED_SKUS,KZ_SKU_EVIDENCE_REQUIRED,https://www.vladmiva.ru/products/tsilindricheskie-trubinnye/806-314-110-534-023/,vladmiva-dental-catalog.json
ВладМиВа official,ВладМиВа,876.314.107.060.027,806-314-110-534-027,00000002833,1,1,KZ_BRAND_AND_SELECTED_SKUS,KZ_SKU_EVIDENCE_REQUIRED,https://www.vladmiva.ru/products/tsilindricheskie-trubinnye/806-314-110-534-027/,vladmiva-dental-catalog.json
ВладМиВа official,ВладМиВа,876.314.107.080.010,806-314-111-534-010,00000021088,1,1,KZ_BRAND_AND_SELECTED_SKUS,KZ_SKU_EVIDENCE_REQUIRED,https://www.vladmiva.ru/products/tsilindricheskie-trubinnye/806-314-111-534-010/,vladmiva-dental-catalog.json
ВладМиВа official,ВладМиВа,876.314.107.080.012,806-314-111-534-012,00000002842,1,1,KZ_BRAND_AND_SELECTED_SKUS,KZ_SKU_EVIDENCE_REQUIRED,https://www.vladmiva.ru/products/tsilindricheskie-trubinnye/806-314-111-534-012/,vladmiva-dental-catalog.json
ВладМиВа official,ВладМиВа,876.314.107.080.014,806-314-111-534-014,00000002843,1,1,KZ_BRAND_AND_SELECTED_SKUS,KZ_SKU_EVIDENCE_REQUIRED,https://www.vladmiva.ru/products/tsilindricheskie-trubinnye/806-314-111-534-014/,vladmiva-dental-catalog.json
ВладМиВа official,ВладМиВа,876.314.107.080.016,806-314-111-534-016,00000002844,1,1,KZ_BRAND_AND_SELECTED_SKUS,KZ_SKU_EVIDENCE_REQUIRED,https://www.vladmiva.ru/products/tsilindricheskie-trubinnye/806-314-111-534-016/,vladmiva-dental-catalog.json
ВладМиВа official,ВладМиВа,876.314.107.080.018,806-314-111-534-018,00000002845,1,1,KZ_BRAND_AND_SELECTED_SKUS,KZ_SKU_EVIDENCE_REQUIRED,https://www.vladmiva.ru/products/tsilindricheskie-trubinnye/806-314-111-534-018/,vladmiva-dental-catalog.json
ВладМиВа official,ВладМиВа,876.314.107.080.023,806-314-111-534-023,00000038854,1,1,KZ_BRAND_AND_SELECTED_SKUS,KZ_SKU_EVIDENCE_REQUIRED,https://www.vladmiva.ru/products/tsilindricheskie-trubinnye/806-314-111-534-023/,vladmiva-dental-catalog.json
ВладМиВа official,ВладМиВа,876.314.107.100.010,806-314-112-534-010,00000008315,1,1,KZ_BRAND_AND_SELECTED_SKUS,KZ_SKU_EVIDENCE_REQUIRED,https://www.vladmiva.ru/products/tsilindricheskie-trubinnye/806-314-112-534-010/,vladmiva-dental-catalog.json
ВладМиВа official,ВладМиВа,876.314.107.100.012,806-314-112-534-012,00000039215,1,1,KZ_BRAND_AND_SELECTED_SKUS,KZ_SKU_EVIDENCE_REQUIRED,https://www.vladmiva.ru/products/tsilindricheskie-trubinnye/806-314-112-534-012/,vladmiva-dental-catalog.json
ВладМиВа official,ВладМиВа,876.314.107.100.014,806-314-112-534-014,00000009291,1,1,KZ_BRAND_AND_SELECTED_SKUS,KZ_SKU_EVIDENCE_REQUIRED,https://www.vladmiva.ru/products/tsilindricheskie-trubinnye/806-314-112-534-014/,vladmiva-dental-catalog.json
ВладМиВа official,ВладМиВа,876.314.107.100.016,806-314-112-534-016,00000034612,1,1,KZ_BRAND_AND_SELECTED_SKUS,KZ_SKU_EVIDENCE_REQUIRED,https://www.vladmiva.ru/products/tsilindricheskie-trubinnye/806-314-112-534-016/,vladmiva-dental-catalog.json
ВладМиВа official,ВладМиВа,876.314.107.100.018,806-314-112-534-018,00000034613,1,1,KZ_BRAND_AND_SELECTED_SKUS,KZ_SKU_EVIDENCE_REQUIRED,https://www.vladmiva.ru/products/tsilindricheskie-trubinnye/806-314-112-534-018/,vladmiva-dental-catalog.json
ВладМиВа official,ВладМиВа,876.314.107.120.010,806-314-113-534-010,00000033088,1,1,KZ_BRAND_AND_SELECTED_SKUS,KZ_SKU_EVIDENCE_REQUIRED,https://www.vladmiva.ru/products/tsilindricheskie-trubinnye/806-314-113-534-010/,vladmiva-dental-catalog.json
ВладМиВа official,ВладМиВа,876.314.107.120.012,806-314-113-534-012,00000033096,1,1,KZ_BRAND_AND_SELECTED_SKUS,KZ_SKU_EVIDENCE_REQUIRED,https://www.vladmiva.ru/products/tsilindricheskie-trubinnye/806-314-113-534-012/,vladmiva-dental-catalog.json
ВладМиВа official,ВладМиВа,876.314.107.120.014,806-314-113-534-014,00000008321,1,1,KZ_BRAND_AND_SELECTED_SKUS,KZ_SKU_EVIDENCE_REQUIRED,https://www.vladmiva.ru/products/tsilindricheskie-trubinnye/806-314-113-534-014/,vladmiva-dental-catalog.json
ВладМиВа official,ВладМиВа,876.314.107.120.016,806-314-113-534-016,00000041815,1,1,KZ_BRAND_AND_SELECTED_SKUS,KZ_SKU_EVIDENCE_REQUIRED,https://www.vladmiva.ru/products/tsilindricheskie-trubinnye/806-314-113-534-016/,vladmiva-dental-catalog.json
ВладМиВа official,ВладМиВа,876.314.107.120.018,806-314-113-534-018,00000034619,1,1,KZ_BRAND_AND_SELECTED_SKUS,KZ_SKU_EVIDENCE_REQUIRED,https://www.vladmiva.ru/products/tsilindricheskie-trubinnye/806-314-113-534-018/,vladmiva-dental-catalog.json
ВладМиВа official,ВладМиВа,876.314.126.060.012,806-314-129-534-012,00000038722,1,1,KZ_BRAND_AND_SELECTED_SKUS,KZ_SKU_EVIDENCE_REQUIRED,https://www.vladmiva.ru/products/tsilindricheskie-trubinnye/806-314-129-534-012/,vladmiva-dental-catalog.json
ВладМиВа official,ВладМиВа,876.314.126.060.012,806-314-129-534-014,00000079899,1,1,KZ_BRAND_AND_SELECTED_SKUS,KZ_SKU_EVIDENCE_REQUIRED,https://www.vladmiva.ru/products/tsilindricheskie-trubinnye/806-314-129-534-014/,vladmiva-dental-catalog.json
ВладМиВа official,ВладМиВа,876.314.126.060.016,806-314-129-534-016,00000047699,1,1,KZ_BRAND_AND_SELECTED_SKUS,KZ_SKU_EVIDENCE_REQUIRED,https://www.vladmiva.ru/products/tsilindricheskie-trubinnye/806-314-129-534-016/,vladmiva-dental-catalog.json
ВладМиВа official,ВладМиВа,876.314.126.080.012,806-314-130-534-012,00000002850,1,1,KZ_BRAND_AND_SELECTED_SKUS,KZ_SKU_EVIDENCE_REQUIRED,https://www.vladmiva.ru/products/tsilindricheskie-trubinnye/806-314-130-534-012/,vladmiva-dental-catalog.json
ВладМиВа official,ВладМиВа,876.314.126.080.014,806-314-130-534-014,00000002851,1,1,KZ_BRAND_AND_SELECTED_SKUS,KZ_SKU_EVIDENCE_REQUIRED,https://www.vladmiva.ru/products/tsilindricheskie-trubinnye/806-314-130-534-014/,vladmiva-dental-catalog.json
ВладМиВа official,ВладМиВа,876.314.126.080.016,806-314-130-534-016,00000022945,1,1,KZ_BRAND_AND_SELECTED_SKUS,KZ_SKU_EVIDENCE_REQUIRED,https://www.vladmiva.ru/products/tsilindricheskie-trubinnye/806-314-130-534-016/,vladmiva-dental-catalog.json
ВладМиВа official,ВладМиВа,876.314.126.080.023,806-314-130-534-023,00000036206,1,1,KZ_BRAND_AND_SELECTED_SKUS,KZ_SKU_EVIDENCE_REQUIRED,https://www.vladmiva.ru/products/tsilindricheskie-trubinnye/806-314-130-534-023/,vladmiva-dental-catalog.json
ВладМиВа official,ВладМиВа,876.314.126.100.012,806-314-131-534-012,00000002855,1,1,KZ_BRAND_AND_SELECTED_SKUS,KZ_SKU_EVIDENCE_REQUIRED,https://www.vladmiva.ru/products/tsilindricheskie-trubinnye/806-314-131-534-012/,vladmiva-dental-catalog.json
ВладМиВа official,ВладМиВа,876.314.126.100.014,806-314-131-534-014,00000002856,1,1,KZ_BRAND_AND_SELECTED_SKUS,KZ_SKU_EVIDENCE_REQUIRED,https://www.vladmiva.ru/products/tsilindricheskie-trubinnye/806-314-131-534-014/,vladmiva-dental-catalog.json
ВладМиВа official,ВладМиВа,876.314.126.100.016,806-314-131-534-016,00000002857,1,1,KZ_BRAND_AND_SELECTED_SKUS,KZ_SKU_EVIDENCE_REQUIRED,https://www.vladmiva.ru/products/tsilindricheskie-trubinnye/806-314-131-534-016/,vladmiva-dental-catalog.json
ВладМиВа official,ВладМиВа,876.314.126.100.023,806-314-131-534-023,00000006505,1,1,KZ_BRAND_AND_SELECTED_SKUS,KZ_SKU_EVIDENCE_REQUIRED,https://www.vladmiva.ru/products/tsilindricheskie-trubinnye/806-314-131-534-023/,vladmiva-dental-catalog.json
ВладМиВа official,ВладМиВа,876.314.137.040.012,806-314-139-534-012,00000020063,1,1,KZ_BRAND_AND_SELECTED_SKUS,KZ_SKU_EVIDENCE_REQUIRED,https://www.vladmiva.ru/products/tsilindricheskie-trubinnye/806-314-139-534-012/,vladmiva-dental-catalog.json
ВладМиВа official,ВладМиВа,876.314.137.040.014,806-314-139-534-014,00000020064,1,1,KZ_BRAND_AND_SELECTED_SKUS,KZ_SKU_EVIDENCE_REQUIRED,https://www.vladmiva.ru/products/tsilindricheskie-trubinnye/806-314-139-534-014/,vladmiva-dental-catalog.json
ВладМиВа official,ВладМиВа,876.314.137.060.012,806-314-140-534-012,00000002861,1,1,KZ_BRAND_AND_SELECTED_SKUS,KZ_SKU_EVIDENCE_REQUIRED,https://www.vladmiva.ru/products/tsilindricheskie-trubinnye/806-314-140-534-012/,vladmiva-dental-catalog.json
ВладМиВа official,ВладМиВа,876.314.137.060.014,806-314-140-534-014,00000002862,1,1,KZ_BRAND_AND_SELECTED_SKUS,KZ_SKU_EVIDENCE_REQUIRED,https://www.vladmiva.ru/products/tsilindricheskie-trubinnye/806-314-140-534-014/,vladmiva-dental-catalog.json
ВладМиВа official,ВладМиВа,876.314.137.060.016,806-314-140-534-016,00-00066621,1,1,KZ_BRAND_AND_SELECTED_SKUS,KZ_SKU_EVIDENCE_REQUIRED,https://www.vladmiva.ru/products/tsilindricheskie-trubinnye/806-314-140-534-016/,vladmiva-dental-catalog.json
ВладМиВа official,ВладМиВа,876.314.137.080.012,806-314-141-534-012,00000002866,1,1,KZ_BRAND_AND_SELECTED_SKUS,KZ_SKU_EVIDENCE_REQUIRED,https://www.vladmiva.ru/products/tsilindricheskie-trubinnye/806-314-141-534-012/,vladmiva-dental-catalog.json
ВладМиВа official,ВладМиВа,876.314.137.080.014,806-314-141-534-014,00000002867,1,1,KZ_BRAND_AND_SELECTED_SKUS,KZ_SKU_EVIDENCE_REQUIRED,https://www.vladmiva.ru/products/tsilindricheskie-trubinnye/806-314-141-534-014/,vladmiva-dental-catalog.json
ВладМиВа official,ВладМиВа,876.314.137.080.016,806-314-141-534-016,00000002868,1,1,KZ_BRAND_AND_SELECTED_SKUS,KZ_SKU_EVIDENCE_REQUIRED,https://www.vladmiva.ru/products/tsilindricheskie-trubinnye/806-314-141-534-016/,vladmiva-dental-catalog.json
ВладМиВа official,ВладМиВа,876.314.137.080.018,806-314-141-534-018,00000052411,1,1,KZ_BRAND_AND_SELECTED_SKUS,KZ_SKU_EVIDENCE_REQUIRED,https://www.vladmiva.ru/products/tsilindricheskie-trubinnye/806-314-141-534-018/,vladmiva-dental-catalog.json
ВладМиВа official,ВладМиВа,876.314.137.080.023,806-314-141-534-023,00000041014,1,1,KZ_BRAND_AND_SELECTED_SKUS,KZ_SKU_EVIDENCE_REQUIRED,https://www.vladmiva.ru/products/tsilindricheskie-trubinnye/806-314-141-534-023/,vladmiva-dental-catalog.json
ВладМиВа official,ВладМиВа,876.314.137.100.012,806-314-142-534-012,00000002872,1,1,KZ_BRAND_AND_SELECTED_SKUS,KZ_SKU_EVIDENCE_REQUIRED,https://www.vladmiva.ru/products/tsilindricheskie-trubinnye/806-314-142-534-012/,vladmiva-dental-catalog.json
ВладМиВа official,ВладМиВа,876.314.137.100.014,806-314-142-534-014,00000002873,1,1,KZ_BRAND_AND_SELECTED_SKUS,KZ_SKU_EVIDENCE_REQUIRED,https://www.vladmiva.ru/products/tsilindricheskie-trubinnye/806-314-142-534-014/,vladmiva-dental-catalog.json
ВладМиВа official,ВладМиВа,876.314.137.100.016,806-314-142-534-016,00000002874,1,1,KZ_BRAND_AND_SELECTED_SKUS,KZ_SKU_EVIDENCE_REQUIRED,https://www.vladmiva.ru/products/tsilindricheskie-trubinnye/806-314-142-534-016/,vladmiva-dental-catalog.json
ВладМиВа official,ВладМиВа,876.314.137.100.018,806-314-142-534-018,00000002875,1,1,KZ_BRAND_AND_SELECTED_SKUS,KZ_SKU_EVIDENCE_REQUIRED,https://www.vladmiva.ru/products/tsilindricheskie-trubinnye/806-314-142-534-018/,vladmiva-dental-catalog.json
ВладМиВа official,ВладМиВа,876.314.137.100.023,806-314-142-534-023,00000008411,1,1,KZ_BRAND_AND_SELECTED_SKUS,KZ_SKU_EVIDENCE_REQUIRED,https://www.vladmiva.ru/products/tsilindricheskie-trubinnye/806-314-142-534-023/,vladmiva-dental-catalog.json
ВладМиВа official,ВладМиВа,876.314.137.100.023,806-314-142-544-025,0000080766,1,1,KZ_BRAND_AND_SELECTED_SKUS,KZ_SKU_EVIDENCE_REQUIRED,https://www.vladmiva.ru/products/tsilindricheskie-trubinnye/806-314-142-544-025/,vladmiva-dental-catalog.json
ВладМиВа official,ВладМиВа,876.314.245.080.010,806-314-249-534-010,00000049689,1,1,KZ_BRAND_AND_SELECTED_SKUS,KZ_SKU_EVIDENCE_REQUIRED,https://www.vladmiva.ru/products/tsilindricheskie-trubinnye/806-314-249-534-010/,vladmiva-dental-catalog.json
ВладМиВа official,ВладМиВа,876.314.245.080.012,806-314-249-534-012,00000018777,1,1,KZ_BRAND_AND_SELECTED_SKUS,KZ_SKU_EVIDENCE_REQUIRED,https://www.vladmiva.ru/products/tsilindricheskie-trubinnye/806-314-249-534-012/,vladmiva-dental-catalog.json
ВладМиВа official,ВладМиВа,876.314.245.080.014,806-314-249-534-014,00000002961,1,1,KZ_BRAND_AND_SELECTED_SKUS,KZ_SKU_EVIDENCE_REQUIRED,https://www.vladmiva.ru/products/tsilindricheskie-trubinnye/806-314-249-534-014/,vladmiva-dental-catalog.json
ВладМиВа official,ВладМиВа,876.314.245.080.016,806-314-249-534-016,00000002962,1,1,KZ_BRAND_AND_SELECTED_SKUS,KZ_SKU_EVIDENCE_REQUIRED,https://www.vladmiva.ru/products/tsilindricheskie-trubinnye/806-314-249-534-016/,vladmiva-dental-catalog.json
ВладМиВа official,ВладМиВа,876.314.245.080.018,806-314-249-534-018,00000002963,1,1,KZ_BRAND_AND_SELECTED_SKUS,KZ_SKU_EVIDENCE_REQUIRED,https://www.vladmiva.ru/products/tsilindricheskie-trubinnye/806-314-249-534-018/,vladmiva-dental-catalog.json
ВладМиВа official,ВладМиВа,876.314.245.080.023,806-314-249-534-023,00000002964,1,1,KZ_BRAND_AND_SELECTED_SKUS,KZ_SKU_EVIDENCE_REQUIRED,https://www.vladmiva.ru/products/tsilindricheskie-trubinnye/806-314-249-534-023/,vladmiva-dental-catalog.json
ВладМиВа official,ВладМиВа,876.314.245.100.012,806-314-250-534-012,00000014558,1,1,KZ_BRAND_AND_SELECTED_SKUS,KZ_SKU_EVIDENCE_REQUIRED,https://www.vladmiva.ru/products/tsilindricheskie-trubinnye/806-314-250-534-012/,vladmiva-dental-catalog.json
ВладМиВа official,ВладМиВа,876.314.245.100.014,806-314-250-534-014,00000002969,1,1,KZ_BRAND_AND_SELECTED_SKUS,KZ_SKU_EVIDENCE_REQUIRED,https://www.vladmiva.ru/products/tsilindricheskie-trubinnye/806-314-250-534-014/,vladmiva-dental-catalog.json
ВладМиВа official,ВладМиВа,876.314.245.100.016,806-314-250-534-016,00000002970,1,1,KZ_BRAND_AND_SELECTED_SKUS,KZ_SKU_EVIDENCE_REQUIRED,https://www.vladmiva.ru/products/tsilindricheskie-trubinnye/806-314-250-534-016/,vladmiva-dental-catalog.json
ВладМиВа official,ВладМиВа,876.314.245.100.018,806-314-250-534-018,00000002971,1,1,KZ_BRAND_AND_SELECTED_SKUS,KZ_SKU_EVIDENCE_REQUIRED,https://www.vladmiva.ru/products/tsilindricheskie-trubinnye/806-314-250-534-018/,vladmiva-dental-catalog.json
ВладМиВа official,ВладМиВа,876.314.245.115.012,806-314-251-534-012,00000000069,1,1,KZ_BRAND_AND_SELECTED_SKUS,KZ_SKU_EVIDENCE_REQUIRED,https://www.vladmiva.ru/products/tsilindricheskie-trubinnye/806-314-251-534-012/,vladmiva-dental-catalog.json
ВладМиВа official,ВладМиВа,876.314.245.115.014,806-314-251-534-014,00000018778,1,1,KZ_BRAND_AND_SELECTED_SKUS,KZ_SKU_EVIDENCE_REQUIRED,https://www.vladmiva.ru/products/tsilindricheskie-trubinnye/806-314-251-534-014/,vladmiva-dental-catalog.json
ВладМиВа official,ВладМиВа,876.314.245.115.016,806-314-251-534-016,00000019015,1,1,KZ_BRAND_AND_SELECTED_SKUS,KZ_SKU_EVIDENCE_REQUIRED,https://www.vladmiva.ru/products/tsilindricheskie-trubinnye/806-314-251-534-016/,vladmiva-dental-catalog.json
ВладМиВа official,ВладМиВа,876.314.245.115.018,806-314-251-534-018,00000019004,1,1,KZ_BRAND_AND_SELECTED_SKUS,KZ_SKU_EVIDENCE_REQUIRED,https://www.vladmiva.ru/products/tsilindricheskie-trubinnye/806-314-251-534-018/,vladmiva-dental-catalog.json
ВладМиВа official,ВладМиВа,876.314.552.075.018,806-314-552-534-018,00000022078,1,1,KZ_BRAND_AND_SELECTED_SKUS,KZ_SKU_EVIDENCE_REQUIRED,https://www.vladmiva.ru/products/tsilindricheskie-trubinnye/806-314-552-534-018/,vladmiva-dental-catalog.json
ВладМиВа official,ВладМиВа,876.315.107.040.010,806-315-109-534-010,00000026648,1,1,KZ_BRAND_AND_SELECTED_SKUS,KZ_SKU_EVIDENCE_REQUIRED,https://www.vladmiva.ru/products/tsilindricheskie-trubinnye/806-315-109-534-010/,vladmiva-dental-catalog.json
ВладМиВа official,ВладМиВа,876.315.107.040.012,806-315-109-534-012,00000022318,1,1,KZ_BRAND_AND_SELECTED_SKUS,KZ_SKU_EVIDENCE_REQUIRED,https://www.vladmiva.ru/products/tsilindricheskie-trubinnye/806-315-109-534-012/,vladmiva-dental-catalog.json
ВладМиВа official,ВладМиВа,876.315.107.040.014,806-315-109-534-014,00000022317,1,1,KZ_BRAND_AND_SELECTED_SKUS,KZ_SKU_EVIDENCE_REQUIRED,https://www.vladmiva.ru/products/tsilindricheskie-trubinnye/806-315-109-534-014/,vladmiva-dental-catalog.json
ВладМиВа official,ВладМиВа,876.315.107.040.016,806-315-109-534-016,00000034624,1,1,KZ_BRAND_AND_SELECTED_SKUS,KZ_SKU_EVIDENCE_REQUIRED,https://www.vladmiva.ru/products/tsilindricheskie-trubinnye/806-315-109-534-016/,vladmiva-dental-catalog.json
ВладМиВа official,ВладМиВа,876.315.107.040.018,806-315-109-534-018,00000022236,1,1,KZ_BRAND_AND_SELECTED_SKUS,KZ_SKU_EVIDENCE_REQUIRED,https://www.vladmiva.ru/products/tsilindricheskie-trubinnye/806-315-109-534-018/,vladmiva-dental-catalog.json
ВладМиВа official,ВладМиВа,876.315.107.060.010,806-315-110-534-010,00000024726,1,1,KZ_BRAND_AND_SELECTED_SKUS,KZ_SKU_EVIDENCE_REQUIRED,https://www.vladmiva.ru/products/tsilindricheskie-trubinnye/806-315-110-534-010/,vladmiva-dental-catalog.json
ВладМиВа official,ВладМиВа,876.315.107.060.012,806-315-110-534-012,00000015364,1,1,KZ_BRAND_AND_SELECTED_SKUS,KZ_SKU_EVIDENCE_REQUIRED,https://www.vladmiva.ru/products/tsilindricheskie-trubinnye/806-315-110-534-012/,vladmiva-dental-catalog.json
ВладМиВа official,ВладМиВа,876.315.107.060.014,806-315-110-534-014,00000020047,1,1,KZ_BRAND_AND_SELECTED_SKUS,KZ_SKU_EVIDENCE_REQUIRED,https://www.vladmiva.ru/products/tsilindricheskie-trubinnye/806-315-110-534-014/,vladmiva-dental-catalog.json
ВладМиВа official,ВладМиВа,876.315.107.060.016,806-315-110-534-016,00000003060,1,1,KZ_BRAND_AND_SELECTED_SKUS,KZ_SKU_EVIDENCE_REQUIRED,https://www.vladmiva.ru/products/tsilindricheskie-trubinnye/806-315-110-534-016/,vladmiva-dental-catalog.json
ВладМиВа official,ВладМиВа,876.315.107.060.018,806-315-110-534-018,00000003061,1,1,KZ_BRAND_AND_SELECTED_SKUS,KZ_SKU_EVIDENCE_REQUIRED,https://www.vladmiva.ru/products/tsilindricheskie-trubinnye/806-315-110-534-018/,vladmiva-dental-catalog.json
ВладМиВа official,ВладМиВа,876.315.107.060.023,806-315-110-534-023,00000042541,1,1,KZ_BRAND_AND_SELECTED_SKUS,KZ_SKU_EVIDENCE_REQUIRED,https://www.vladmiva.ru/products/tsilindricheskie-trubinnye/806-315-110-534-023/,vladmiva-dental-catalog.json
ВладМиВа official,ВладМиВа,876.315.107.060.027,806-315-110-534-027,00000013020,1,1,KZ_BRAND_AND_SELECTED_SKUS,KZ_SKU_EVIDENCE_REQUIRED,https://www.vladmiva.ru/products/tsilindricheskie-trubinnye/806-315-110-534-027/,vladmiva-dental-catalog.json
ВладМиВа official,ВладМиВа,876.315.107.080.010,806-315-111-534-010,00000020353,1,1,KZ_BRAND_AND_SELECTED_SKUS,KZ_SKU_EVIDENCE_REQUIRED,https://www.vladmiva.ru/products/tsilindricheskie-trubinnye/806-315-111-534-010/,vladmiva-dental-catalog.json
ВладМиВа official,ВладМиВа,876.315.107.080.012,806-315-111-534-012,00000022278,1,1,KZ_BRAND_AND_SELECTED_SKUS,KZ_SKU_EVIDENCE_REQUIRED,https://www.vladmiva.ru/products/tsilindricheskie-trubinnye/806-315-111-534-012/,vladmiva-dental-catalog.json
ВладМиВа official,ВладМиВа,876.315.107.080.014,806-315-111-534-014,00000013522,1,1,KZ_BRAND_AND_SELECTED_SKUS,KZ_SKU_EVIDENCE_REQUIRED,https://www.vladmiva.ru/products/tsilindricheskie-trubinnye/806-315-111-534-014/,vladmiva-dental-catalog.json
ВладМиВа official,ВладМиВа,876.315.107.080.016,806-315-111-534-016,00000020351,1,1,KZ_BRAND_AND_SELECTED_SKUS,KZ_SKU_EVIDENCE_REQUIRED,https://www.vladmiva.ru/products/tsilindricheskie-trubinnye/806-315-111-534-016/,vladmiva-dental-catalog.json
ВладМиВа official,ВладМиВа,876.315.107.080.018,806-315-111-534-018,00000020352,1,1,KZ_BRAND_AND_SELECTED_SKUS,KZ_SKU_EVIDENCE_REQUIRED,https://www.vladmiva.ru/products/tsilindricheskie-trubinnye/806-315-111-534-018/,vladmiva-dental-catalog.json
ВладМиВа official,ВладМиВа,876.315.126.080.012,806-315-130-534-012,00000022210,1,1,KZ_BRAND_AND_SELECTED_SKUS,KZ_SKU_EVIDENCE_REQUIRED,https://www.vladmiva.ru/products/tsilindricheskie-trubinnye/806-315-130-534-012/,vladmiva-dental-catalog.json
ВладМиВа official,ВладМиВа,876.315.126.080.014,806-315-130-534-014,00000022319,1,1,KZ_BRAND_AND_SELECTED_SKUS,KZ_SKU_EVIDENCE_REQUIRED,https://www.vladmiva.ru/products/tsilindricheskie-trubinnye/806-315-130-534-014/,vladmiva-dental-catalog.json
ВладМиВа official,ВладМиВа,876.315.126.080.016,806-315-130-534-016,00000038853,1,1,KZ_BRAND_AND_SELECTED_SKUS,KZ_SKU_EVIDENCE_REQUIRED,https://www.vladmiva.ru/products/tsilindricheskie-trubinnye/806-315-130-534-016/,vladmiva-dental-catalog.json
ВладМиВа official,ВладМиВа,876.315.126.100.012,806-315-131-534-012,00000021442,1,1,KZ_BRAND_AND_SELECTED_SKUS,KZ_SKU_EVIDENCE_REQUIRED,https://www.vladmiva.ru/products/tsilindricheskie-trubinnye/806-315-131-534-012/,vladmiva-dental-catalog.json
ВладМиВа official,ВладМиВа,876.315.126.100.014,806-315-131-534-014,00000021802,1,1,KZ_BRAND_AND_SELECTED_SKUS,KZ_SKU_EVIDENCE_REQUIRED,https://www.vladmiva.ru/products/tsilindricheskie-trubinnye/806-315-131-534-014/,vladmiva-dental-catalog.json
ВладМиВа official,ВладМиВа,876.315.126.100.016,806-315-131-534-016,00000021470,1,1,KZ_BRAND_AND_SELECTED_SKUS,KZ_SKU_EVIDENCE_REQUIRED,https://www.vladmiva.ru/products/tsilindricheskie-trubinnye/806-315-131-534-016/,vladmiva-dental-catalog.json
ВладМиВа official,ВладМиВа,876.315.137.040.012,806-315-139-534-012,00000043810,1,1,KZ_BRAND_AND_SELECTED_SKUS,KZ_SKU_EVIDENCE_REQUIRED,https://www.vladmiva.ru/products/tsilindricheskie-trubinnye/806-315-139-534-012/,vladmiva-dental-catalog.json
ВладМиВа official,ВладМиВа,876.315.137.060.012,806-315-140-534-012,00000036453,1,1,KZ_BRAND_AND_SELECTED_SKUS,KZ_SKU_EVIDENCE_REQUIRED,https://www.vladmiva.ru/products/tsilindricheskie-trubinnye/806-315-140-534-012/,vladmiva-dental-catalog.json
ВладМиВа official,ВладМиВа,876.315.137.060.014,806-315-140-534-014,00000021793,1,1,KZ_BRAND_AND_SELECTED_SKUS,KZ_SKU_EVIDENCE_REQUIRED,https://www.vladmiva.ru/products/tsilindricheskie-trubinnye/806-315-140-534-014/,vladmiva-dental-catalog.json
ВладМиВа official,ВладМиВа,876.315.137.080.012,806-315-141-534-012,00000022226,1,1,KZ_BRAND_AND_SELECTED_SKUS,KZ_SKU_EVIDENCE_REQUIRED,https://www.vladmiva.ru/products/tsilindricheskie-trubinnye/806-315-141-534-012/,vladmiva-dental-catalog.json
ВладМиВа official,ВладМиВа,876.315.137.080.014,806-315-141-534-014,00000037240,1,1,KZ_BRAND_AND_SELECTED_SKUS,KZ_SKU_EVIDENCE_REQUIRED,https://www.vladmiva.ru/products/tsilindricheskie-trubinnye/806-315-141-534-014/,vladmiva-dental-catalog.json
ВладМиВа official,ВладМиВа,876.315.137.080.016,806-315-141-534-016,00000022404,1,1,KZ_BRAND_AND_SELECTED_SKUS,KZ_SKU_EVIDENCE_REQUIRED,https://www.vladmiva.ru/products/tsilindricheskie-trubinnye/806-315-141-534-016/,vladmiva-dental-catalog.json
ВладМиВа official,ВладМиВа,876.315.137.100.012,806-315-142-534-012,00000021796,1,1,KZ_BRAND_AND_SELECTED_SKUS,KZ_SKU_EVIDENCE_REQUIRED,https://www.vladmiva.ru/products/tsilindricheskie-trubinnye/806-315-142-534-012/,vladmiva-dental-catalog.json
ВладМиВа official,ВладМиВа,876.315.137.100.014,806-315-142-534-014,00000021829,1,1,KZ_BRAND_AND_SELECTED_SKUS,KZ_SKU_EVIDENCE_REQUIRED,https://www.vladmiva.ru/products/tsilindricheskie-trubinnye/806-315-142-534-014/,vladmiva-dental-catalog.json
ВладМиВа official,ВладМиВа,876.315.137.100.016,806-315-142-534-016,00000021979,1,1,KZ_BRAND_AND_SELECTED_SKUS,KZ_SKU_EVIDENCE_REQUIRED,https://www.vladmiva.ru/products/tsilindricheskie-trubinnye/806-315-142-534-016/,vladmiva-dental-catalog.json
ВладМиВа official,ВладМиВа,876.315.551.055.018,806-315-551-534-018,00000017500,1,1,KZ_BRAND_AND_SELECTED_SKUS,KZ_SKU_EVIDENCE_REQUIRED,https://www.vladmiva.ru/products/tsilindricheskie-trubinnye/806-315-551-534-018/,vladmiva-dental-catalog.json
ВладМиВа official,ВладМиВа,876.315.552.075.018,806-315-552-534-018,00000018580,1,1,KZ_BRAND_AND_SELECTED_SKUS,KZ_SKU_EVIDENCE_REQUIRED,https://www.vladmiva.ru/products/tsilindricheskie-trubinnye/806-315-552-534-018/,vladmiva-dental-catalog.json
ВладМиВа official,ВладМиВа,876.315.554.050.018,806-315-554-534-018,00000017903,1,1,KZ_BRAND_AND_SELECTED_SKUS,KZ_SKU_EVIDENCE_REQUIRED,https://www.vladmiva.ru/products/tsilindricheskie-trubinnye/806-315-554-534-018/,vladmiva-dental-catalog.json
ВладМиВа official,ВладМиВа,876.315.555.070.018,806-315-555-534-018,00000016011,1,1,KZ_BRAND_AND_SELECTED_SKUS,KZ_SKU_EVIDENCE_REQUIRED,https://www.vladmiva.ru/products/tsilindricheskie-trubinnye/806-315-555-534-018/,vladmiva-dental-catalog.json
ВладМиВа official,ВладМиВа,886.314.107.040.014,806-314-109-544-014,00000015172,1,1,KZ_BRAND_AND_SELECTED_SKUS,KZ_SKU_EVIDENCE_REQUIRED,https://www.vladmiva.ru/products/tsilindricheskie-trubinnye/806-314-109-544-014/,vladmiva-dental-catalog.json
ВладМиВа official,ВладМиВа,886.314.107.040.016,806-314-109-544-016,00000015173,1,1,KZ_BRAND_AND_SELECTED_SKUS,KZ_SKU_EVIDENCE_REQUIRED,https://www.vladmiva.ru/products/tsilindricheskie-trubinnye/806-314-109-544-016/,vladmiva-dental-catalog.json
ВладМиВа official,ВладМиВа,886.314.107.040.018,806-314-109-544-018,00000021938,1,1,KZ_BRAND_AND_SELECTED_SKUS,KZ_SKU_EVIDENCE_REQUIRED,https://www.vladmiva.ru/products/tsilindricheskie-trubinnye/806-314-109-544-018/,vladmiva-dental-catalog.json
ВладМиВа official,ВладМиВа,886.314.107.060.012,806-314-110-544-012,00000031456,1,1,KZ_BRAND_AND_SELECTED_SKUS,KZ_SKU_EVIDENCE_REQUIRED,https://www.vladmiva.ru/products/tsilindricheskie-trubinnye/806-314-110-544-012/,vladmiva-dental-catalog.json
ВладМиВа official,ВладМиВа,886.314.107.060.014,806-314-110-544-014,00000018012,1,1,KZ_BRAND_AND_SELECTED_SKUS,KZ_SKU_EVIDENCE_REQUIRED,https://www.vladmiva.ru/products/tsilindricheskie-trubinnye/806-314-110-544-014/,vladmiva-dental-catalog.json
ВладМиВа official,ВладМиВа,886.314.107.060.016,806-314-110-544-016,00000015174,1,1,KZ_BRAND_AND_SELECTED_SKUS,KZ_SKU_EVIDENCE_REQUIRED,https://www.vladmiva.ru/products/tsilindricheskie-trubinnye/806-314-110-544-016/,vladmiva-dental-catalog.json
ВладМиВа official,ВладМиВа,886.314.107.060.018,806-314-110-544-018,00000015161,1,1,KZ_BRAND_AND_SELECTED_SKUS,KZ_SKU_EVIDENCE_REQUIRED,https://www.vladmiva.ru/products/tsilindricheskie-trubinnye/806-314-110-544-018/,vladmiva-dental-catalog.json
ВладМиВа official,ВладМиВа,886.314.107.060.021,806-314-110-544-021,00000021042,1,1,KZ_BRAND_AND_SELECTED_SKUS,KZ_SKU_EVIDENCE_REQUIRED,https://www.vladmiva.ru/products/tsilindricheskie-trubinnye/806-314-110-544-021/,vladmiva-dental-catalog.json
ВладМиВа official,ВладМиВа,886.314.107.060.025,806-314-110-544-025,00000015160,1,1,KZ_BRAND_AND_SELECTED_SKUS,KZ_SKU_EVIDENCE_REQUIRED,https://www.vladmiva.ru/products/tsilindricheskie-trubinnye/806-314-110-544-025/,vladmiva-dental-catalog.json
ВладМиВа official,ВладМиВа,886.314.107.060.027,806-314-110-544-027,00000018030,1,1,KZ_BRAND_AND_SELECTED_SKUS,KZ_SKU_EVIDENCE_REQUIRED,https://www.vladmiva.ru/products/tsilindricheskie-trubinnye/806-314-110-544-027/,vladmiva-dental-catalog.json
ВладМиВа official,ВладМиВа,886.314.107.060.029,806-314-110-544-029,00000010187,1,1,KZ_BRAND_AND_SELECTED_SKUS,KZ_SKU_EVIDENCE_REQUIRED,https://www.vladmiva.ru/products/tsilindricheskie-trubinnye/806-314-110-544-029/,vladmiva-dental-catalog.json
ВладМиВа official,ВладМиВа,886.314.107.080.012,806-314-111-544-012,00000017913,1,1,KZ_BRAND_AND_SELECTED_SKUS,KZ_SKU_EVIDENCE_REQUIRED,https://www.vladmiva.ru/products/tsilindricheskie-trubinnye/806-314-111-544-012/,vladmiva-dental-catalog.json
ВладМиВа official,ВладМиВа,886.314.107.080.014,806-314-111-544-014,00000015157,1,1,KZ_BRAND_AND_SELECTED_SKUS,KZ_SKU_EVIDENCE_REQUIRED,https://www.vladmiva.ru/products/tsilindricheskie-trubinnye/806-314-111-544-014/,vladmiva-dental-catalog.json
ВладМиВа official,ВладМиВа,886.314.107.080.016,806-314-111-544-016,00000015155,1,1,KZ_BRAND_AND_SELECTED_SKUS,KZ_SKU_EVIDENCE_REQUIRED,https://www.vladmiva.ru/products/tsilindricheskie-trubinnye/806-314-111-544-016/,vladmiva-dental-catalog.json
ВладМиВа official,ВладМиВа,886.314.107.080.018,806-314-111-544-018,00000015158,1,1,KZ_BRAND_AND_SELECTED_SKUS,KZ_SKU_EVIDENCE_REQUIRED,https://www.vladmiva.ru/products/tsilindricheskie-trubinnye/806-314-111-544-018/,vladmiva-dental-catalog.json
ВладМиВа official,ВладМиВа,886.314.107.080.021,806-314-111-544-021,00000022280,1,1,KZ_BRAND_AND_SELECTED_SKUS,KZ_SKU_EVIDENCE_REQUIRED,https://www.vladmiva.ru/products/tsilindricheskie-trubinnye/806-314-111-544-021/,vladmiva-dental-catalog.json
ВладМиВа official,ВладМиВа,886.314.107.100.014,806-314-112-544-014,00000008625,1,1,KZ_BRAND_AND_SELECTED_SKUS,KZ_SKU_EVIDENCE_REQUIRED,https://www.vladmiva.ru/products/tsilindricheskie-trubinnye/806-314-112-544-014/,vladmiva-dental-catalog.json
ВладМиВа official,ВладМиВа,886.314.107.100.016,806-314-112-544-016,00000008629,1,1,KZ_BRAND_AND_SELECTED_SKUS,KZ_SKU_EVIDENCE_REQUIRED,https://www.vladmiva.ru/products/tsilindricheskie-trubinnye/806-314-112-544-016/,vladmiva-dental-catalog.json
ВладМиВа official,ВладМиВа,886.314.107.100.018,806-314-112-544-018,00000007796,1,1,KZ_BRAND_AND_SELECTED_SKUS,KZ_SKU_EVIDENCE_REQUIRED,https://www.vladmiva.ru/products/tsilindricheskie-trubinnye/806-314-112-544-018/,vladmiva-dental-catalog.json
ВладМиВа official,ВладМиВа,886.314.107.120.014,806-314-113-544-014,00000034620,1,1,KZ_BRAND_AND_SELECTED_SKUS,KZ_SKU_EVIDENCE_REQUIRED,https://www.vladmiva.ru/products/tsilindricheskie-trubinnye/806-314-113-544-014/,vladmiva-dental-catalog.json
ВладМиВа official,ВладМиВа,886.314.107.120.014,806-314-113-544-016,0000080765,1,1,KZ_BRAND_AND_SELECTED_SKUS,KZ_SKU_EVIDENCE_REQUIRED,https://www.vladmiva.ru/products/tsilindricheskie-trubinnye/806-314-113-544-016/,vladmiva-dental-catalog.json
ВладМиВа official,ВладМиВа,886.314.126.080.014,806-314-130-544-014,00000015154,1,1,KZ_BRAND_AND_SELECTED_SKUS,KZ_SKU_EVIDENCE_REQUIRED,https://www.vladmiva.ru/products/tsilindricheskie-trubinnye/806-314-130-544-014/,vladmiva-dental-catalog.json
ВладМиВа official,ВладМиВа,886.314.126.080.016,806-314-130-544-016,00000015153,1,1,KZ_BRAND_AND_SELECTED_SKUS,KZ_SKU_EVIDENCE_REQUIRED,https://www.vladmiva.ru/products/tsilindricheskie-trubinnye/806-314-130-544-016/,vladmiva-dental-catalog.json
ВладМиВа official,ВладМиВа,886.314.126.080.018,806-314-130-544-018,00000011800,1,1,KZ_BRAND_AND_SELECTED_SKUS,KZ_SKU_EVIDENCE_REQUIRED,https://www.vladmiva.ru/products/tsilindricheskie-trubinnye/806-314-130-544-018/,vladmiva-dental-catalog.json
ВладМиВа official,ВладМиВа,886.314.126.100.014,806-314-131-544-014,00000015151,1,1,KZ_BRAND_AND_SELECTED_SKUS,KZ_SKU_EVIDENCE_REQUIRED,https://www.vladmiva.ru/products/tsilindricheskie-trubinnye/806-314-131-544-014/,vladmiva-dental-catalog.json
ВладМиВа official,ВладМиВа,886.314.126.100.016,806-314-131-544-016,00000015150,1,1,KZ_BRAND_AND_SELECTED_SKUS,KZ_SKU_EVIDENCE_REQUIRED,https://www.vladmiva.ru/products/tsilindricheskie-trubinnye/806-314-131-544-016/,vladmiva-dental-catalog.json
ВладМиВа official,ВладМиВа,886.314.126.100.018,806-314-131-544-018,00000020231,1,1,KZ_BRAND_AND_SELECTED_SKUS,KZ_SKU_EVIDENCE_REQUIRED,https://www.vladmiva.ru/products/tsilindricheskie-trubinnye/806-314-131-544-018/,vladmiva-dental-catalog.json
ВладМиВа official,ВладМиВа,886.314.137.060.012,806-314-140-544-012,00000010331,1,1,KZ_BRAND_AND_SELECTED_SKUS,KZ_SKU_EVIDENCE_REQUIRED,https://www.vladmiva.ru/products/tsilindricheskie-trubinnye/806-314-140-544-012/,vladmiva-dental-catalog.json
ВладМиВа official,ВладМиВа,886.314.137.060.014,806-314-140-544-014,00000017916,1,1,KZ_BRAND_AND_SELECTED_SKUS,KZ_SKU_EVIDENCE_REQUIRED,https://www.vladmiva.ru/products/tsilindricheskie-trubinnye/806-314-140-544-014/,vladmiva-dental-catalog.json
ВладМиВа official,ВладМиВа,886.314.137.060.016,806-314-140-544-016,00000015149,1,1,KZ_BRAND_AND_SELECTED_SKUS,KZ_SKU_EVIDENCE_REQUIRED,https://www.vladmiva.ru/products/tsilindricheskie-trubinnye/806-314-140-544-016/,vladmiva-dental-catalog.json
ВладМиВа official,ВладМиВа,886.314.137.080.014,806-314-141-544-014,00000015148,1,1,KZ_BRAND_AND_SELECTED_SKUS,KZ_SKU_EVIDENCE_REQUIRED,https://www.vladmiva.ru/products/tsilindricheskie-trubinnye/806-314-141-544-014/,vladmiva-dental-catalog.json
ВладМиВа official,ВладМиВа,886.314.137.080.016,806-314-141-544-016,00000015147,1,1,KZ_BRAND_AND_SELECTED_SKUS,KZ_SKU_EVIDENCE_REQUIRED,https://www.vladmiva.ru/products/tsilindricheskie-trubinnye/806-314-141-544-016/,vladmiva-dental-catalog.json
ВладМиВа official,ВладМиВа,886.314.137.080.018,806-314-141-544-018,00000015146,1,1,KZ_BRAND_AND_SELECTED_SKUS,KZ_SKU_EVIDENCE_REQUIRED,https://www.vladmiva.ru/products/tsilindricheskie-trubinnye/806-314-141-544-018/,vladmiva-dental-catalog.json
ВладМиВа official,ВладМиВа,886.314.137.080.025,806-314-141-544-025,00000041013,1,1,KZ_BRAND_AND_SELECTED_SKUS,KZ_SKU_EVIDENCE_REQUIRED,https://www.vladmiva.ru/products/tsilindricheskie-trubinnye/806-314-141-544-025/,vladmiva-dental-catalog.json
ВладМиВа official,ВладМиВа,886.314.137.100.014,806-314-142-544-014,00000015143,1,1,KZ_BRAND_AND_SELECTED_SKUS,KZ_SKU_EVIDENCE_REQUIRED,https://www.vladmiva.ru/products/tsilindricheskie-trubinnye/806-314-142-544-014/,vladmiva-dental-catalog.json
ВладМиВа official,ВладМиВа,886.314.137.100.016,806-314-142-544-016,00000015144,1,1,KZ_BRAND_AND_SELECTED_SKUS,KZ_SKU_EVIDENCE_REQUIRED,https://www.vladmiva.ru/products/tsilindricheskie-trubinnye/806-314-142-544-016/,vladmiva-dental-catalog.json
ВладМиВа official,ВладМиВа,886.314.137.100.018,806-314-142-544-018,00000015145,1,1,KZ_BRAND_AND_SELECTED_SKUS,KZ_SKU_EVIDENCE_REQUIRED,https://www.vladmiva.ru/products/tsilindricheskie-trubinnye/806-314-142-544-018/,vladmiva-dental-catalog.json
ВладМиВа official,ВладМиВа,886.314.245.080.016,806-314-249-544-016,00000042776,1,1,KZ_BRAND_AND_SELECTED_SKUS,KZ_SKU_EVIDENCE_REQUIRED,https://www.vladmiva.ru/products/tsilindricheskie-trubinnye/806-314-249-544-016/,vladmiva-dental-catalog.json
ВладМиВа official,ВладМиВа,886.314.245.080.018,806-314-249-544-018,00000005783,1,1,KZ_BRAND_AND_SELECTED_SKUS,KZ_SKU_EVIDENCE_REQUIRED,https://www.vladmiva.ru/products/tsilindricheskie-trubinnye/806-314-249-544-018/,vladmiva-dental-catalog.json
ВладМиВа official,ВладМиВа,886.314.245.100.014,806-314-250-544-014,00000015177,1,1,KZ_BRAND_AND_SELECTED_SKUS,KZ_SKU_EVIDENCE_REQUIRED,https://www.vladmiva.ru/products/tsilindricheskie-trubinnye/806-314-250-544-014/,vladmiva-dental-catalog.json
ВладМиВа official,ВладМиВа,886.314.245.100.016,806-314-250-544-016,00000015176,1,1,KZ_BRAND_AND_SELECTED_SKUS,KZ_SKU_EVIDENCE_REQUIRED,https://www.vladmiva.ru/products/tsilindricheskie-trubinnye/806-314-250-544-016/,vladmiva-dental-catalog.json
ВладМиВа official,ВладМиВа,886.314.245.100.018,806-314-250-544-018,00000017911,1,1,KZ_BRAND_AND_SELECTED_SKUS,KZ_SKU_EVIDENCE_REQUIRED,https://www.vladmiva.ru/products/tsilindricheskie-trubinnye/806-314-250-544-018/,vladmiva-dental-catalog.json
ВладМиВа official,ВладМиВа,886.314.245.100.021,806-314-250-544-021,00000012308,1,1,KZ_BRAND_AND_SELECTED_SKUS,KZ_SKU_EVIDENCE_REQUIRED,https://www.vladmiva.ru/products/tsilindricheskie-trubinnye/806-314-250-544-021/,vladmiva-dental-catalog.json
ВладМиВа official,ВладМиВа,886.314.245.115.014,806-314-251-544-014_1,00000055628,1,1,KZ_BRAND_AND_SELECTED_SKUS,KZ_SKU_EVIDENCE_REQUIRED,https://www.vladmiva.ru/products/tsilindricheskie-trubinnye/806-314-251-544-014_1/,vladmiva-dental-catalog.json
ВладМиВа official,ВладМиВа,886.314.245.115.016,806-314-251-544-016,00000012004,1,1,KZ_BRAND_AND_SELECTED_SKUS,KZ_SKU_EVIDENCE_REQUIRED,https://www.vladmiva.ru/products/tsilindricheskie-trubinnye/806-314-251-544-016/,vladmiva-dental-catalog.json
ВладМиВа official,ВладМиВа,886.314.245.115.018,806-314-251-544-018,00000012040,1,1,KZ_BRAND_AND_SELECTED_SKUS,KZ_SKU_EVIDENCE_REQUIRED,https://www.vladmiva.ru/products/tsilindricheskie-trubinnye/806-314-251-544-018/,vladmiva-dental-catalog.json
ВладМиВа official,ВладМиВа,886.315.107.040.016,806-315-109-544-016,00000022324,1,1,KZ_BRAND_AND_SELECTED_SKUS,KZ_SKU_EVIDENCE_REQUIRED,https://www.vladmiva.ru/products/tsilindricheskie-trubinnye/806-315-109-544-016/,vladmiva-dental-catalog.json
ВладМиВа official,ВладМиВа,886.315.107.060.014,806-315-110-544-014,00000015365,1,1,KZ_BRAND_AND_SELECTED_SKUS,KZ_SKU_EVIDENCE_REQUIRED,https://www.vladmiva.ru/products/tsilindricheskie-trubinnye/806-315-110-544-014/,vladmiva-dental-catalog.json
ВладМиВа official,ВладМиВа,886.315.107.060.016,806-315-110-544-016,00000031556,1,1,KZ_BRAND_AND_SELECTED_SKUS,KZ_SKU_EVIDENCE_REQUIRED,https://www.vladmiva.ru/products/tsilindricheskie-trubinnye/806-315-110-544-016/,vladmiva-dental-catalog.json
ВладМиВа official,ВладМиВа,886.315.107.060.018,806-315-110-544-018,00000040221,1,1,KZ_BRAND_AND_SELECTED_SKUS,KZ_SKU_EVIDENCE_REQUIRED,https://www.vladmiva.ru/products/tsilindricheskie-trubinnye/806-315-110-544-018/,vladmiva-dental-catalog.json
ВладМиВа official,ВладМиВа,886.315.107.060.021,806-315-110-544-021,00000022309,1,1,KZ_BRAND_AND_SELECTED_SKUS,KZ_SKU_EVIDENCE_REQUIRED,https://www.vladmiva.ru/products/tsilindricheskie-trubinnye/806-315-110-544-021/,vladmiva-dental-catalog.json
ВладМиВа official,ВладМиВа,886.315.107.060.025,806-315-110-544-025,00000034623,1,1,KZ_BRAND_AND_SELECTED_SKUS,KZ_SKU_EVIDENCE_REQUIRED,https://www.vladmiva.ru/products/tsilindricheskie-trubinnye/806-315-110-544-025/,vladmiva-dental-catalog.json
ВладМиВа official,ВладМиВа,886.315.107.080.014,806-315-111-544-014,00000015315,1,1,KZ_BRAND_AND_SELECTED_SKUS,KZ_SKU_EVIDENCE_REQUIRED,https://www.vladmiva.ru/products/tsilindricheskie-trubinnye/806-315-111-544-014/,vladmiva-dental-catalog.json
ВладМиВа official,ВладМиВа,886.315.107.080.016,806-315-111-544-016,00000013441,1,1,KZ_BRAND_AND_SELECTED_SKUS,KZ_SKU_EVIDENCE_REQUIRED,https://www.vladmiva.ru/products/tsilindricheskie-trubinnye/806-315-111-544-016/,vladmiva-dental-catalog.json
ВладМиВа official,ВладМиВа,886.315.107.080.018,806-315-111-544-018,00000021095,1,1,KZ_BRAND_AND_SELECTED_SKUS,KZ_SKU_EVIDENCE_REQUIRED,https://www.vladmiva.ru/products/tsilindricheskie-trubinnye/806-315-111-544-018/,vladmiva-dental-catalog.json
ВладМиВа official,ВладМиВа,886.315.107.080.021,806-315-111-544-021,00000021071,1,1,KZ_BRAND_AND_SELECTED_SKUS,KZ_SKU_EVIDENCE_REQUIRED,https://www.vladmiva.ru/products/tsilindricheskie-trubinnye/806-315-111-544-021/,vladmiva-dental-catalog.json
ВладМиВа official,ВладМиВа,886.315.126.080.016,806-315-130-544-016,00000022326,1,1,KZ_BRAND_AND_SELECTED_SKUS,KZ_SKU_EVIDENCE_REQUIRED,https://www.vladmiva.ru/products/tsilindricheskie-trubinnye/806-315-130-544-016/,vladmiva-dental-catalog.json
ВладМиВа official,ВладМиВа,886.315.126.080.018,806-315-130-544-018,00000036456,1,1,KZ_BRAND_AND_SELECTED_SKUS,KZ_SKU_EVIDENCE_REQUIRED,https://www.vladmiva.ru/products/tsilindricheskie-trubinnye/806-315-130-544-018/,vladmiva-dental-catalog.json
ВладМиВа official,ВладМиВа,886.315.126.100.014,806-315-131-544-014,00000021522,1,1,KZ_BRAND_AND_SELECTED_SKUS,KZ_SKU_EVIDENCE_REQUIRED,https://www.vladmiva.ru/products/tsilindricheskie-trubinnye/806-315-131-544-014/,vladmiva-dental-catalog.json
ВладМиВа official,ВладМиВа,886.315.126.100.016,806-315-131-544-016,00000021566,1,1,KZ_BRAND_AND_SELECTED_SKUS,KZ_SKU_EVIDENCE_REQUIRED,https://www.vladmiva.ru/products/tsilindricheskie-trubinnye/806-315-131-544-016/,vladmiva-dental-catalog.json
ВладМиВа official,ВладМиВа,886.315.126.100.018,806-315-131-544-018,00000021471,1,1,KZ_BRAND_AND_SELECTED_SKUS,KZ_SKU_EVIDENCE_REQUIRED,https://www.vladmiva.ru/products/tsilindricheskie-trubinnye/806-315-131-544-018/,vladmiva-dental-catalog.json
ВладМиВа official,ВладМиВа,886.315.137.080.016,806-315-141-544-016,00000037239,1,1,KZ_BRAND_AND_SELECTED_SKUS,KZ_SKU_EVIDENCE_REQUIRED,https://www.vladmiva.ru/products/tsilindricheskie-trubinnye/806-315-141-544-016/,vladmiva-dental-catalog.json
ВладМиВа official,ВладМиВа,886.315.137.080.018,806-315-141-544-018,00000022425,1,1,KZ_BRAND_AND_SELECTED_SKUS,KZ_SKU_EVIDENCE_REQUIRED,https://www.vladmiva.ru/products/tsilindricheskie-trubinnye/806-315-141-544-018/,vladmiva-dental-catalog.json
ВладМиВа official,ВладМиВа,836.204.164.080.010,806-204-165-504-010,00000022891,1,1,KZ_BRAND_AND_SELECTED_SKUS,KZ_SKU_EVIDENCE_REQUIRED,https://www.vladmiva.ru/products/konusnye-uglovye/806-204-165-504-010/,vladmiva-dental-catalog.json
ВладМиВа official,ВладМиВа,836.204.164.080.012,806-204-165-504-012,00000022940,1,1,KZ_BRAND_AND_SELECTED_SKUS,KZ_SKU_EVIDENCE_REQUIRED,https://www.vladmiva.ru/products/konusnye-uglovye/806-204-165-504-012/,vladmiva-dental-catalog.json
ВладМиВа official,ВладМиВа,836.204.164.100.010,806-204-166-504-010,00000022572,1,1,KZ_BRAND_AND_SELECTED_SKUS,KZ_SKU_EVIDENCE_REQUIRED,https://www.vladmiva.ru/products/konusnye-uglovye/806-204-166-504-010/,vladmiva-dental-catalog.json
ВладМиВа official,ВладМиВа,836.204.164.100.012,806-204-166-504-012,00000022971,1,1,KZ_BRAND_AND_SELECTED_SKUS,KZ_SKU_EVIDENCE_REQUIRED,https://www.vladmiva.ru/products/konusnye-uglovye/806-204-166-504-012/,vladmiva-dental-catalog.json
ВладМиВа official,ВладМиВа,836.204.164.100.014,806-204-166-504-014,00000013442,1,1,KZ_BRAND_AND_SELECTED_SKUS,KZ_SKU_EVIDENCE_REQUIRED,https://www.vladmiva.ru/products/konusnye-uglovye/806-204-166-504-014/,vladmiva-dental-catalog.json
ВладМиВа official,ВладМиВа,836.204.164.100.031,806-204-166-504-031,00000023008,1,1,KZ_BRAND_AND_SELECTED_SKUS,KZ_SKU_EVIDENCE_REQUIRED,https://www.vladmiva.ru/products/konusnye-uglovye/806-204-166-504-031/,vladmiva-dental-catalog.json
ВладМиВа official,ВладМиВа,856.204.010.016.014,806-204-010-514-014,00000017590,1,1,KZ_BRAND_AND_SELECTED_SKUS,KZ_SKU_EVIDENCE_REQUIRED,https://www.vladmiva.ru/products/konusnye-uglovye/806-204-010-514-014/,vladmiva-dental-catalog.json
ВладМиВа official,ВладМиВа,856.204.010.016.016,806-204-010-514-016_1,00000017595,1,1,KZ_BRAND_AND_SELECTED_SKUS,KZ_SKU_EVIDENCE_REQUIRED,https://www.vladmiva.ru/products/konusnye-uglovye/806-204-010-514-016_1/,vladmiva-dental-catalog.json
ВладМиВа official,ВладМиВа,856.204.010.016.018,806-204-010-514-018,00000043731,1,1,KZ_BRAND_AND_SELECTED_SKUS,KZ_SKU_EVIDENCE_REQUIRED,https://www.vladmiva.ru/products/konusnye-uglovye/806-204-010-514-018/,vladmiva-dental-catalog.json
ВладМиВа official,ВладМиВа,856.204.010.023.021,806-204-010-514-021,00000043732,1,1,KZ_BRAND_AND_SELECTED_SKUS,KZ_SKU_EVIDENCE_REQUIRED,https://www.vladmiva.ru/products/konusnye-uglovye/806-204-010-514-021/,vladmiva-dental-catalog.json
ВладМиВа official,ВладМиВа,856.204.010.023.023,806-204-010-514-023,00000043733,1,1,KZ_BRAND_AND_SELECTED_SKUS,KZ_SKU_EVIDENCE_REQUIRED,https://www.vladmiva.ru/products/konusnye-uglovye/806-204-010-514-023/,vladmiva-dental-catalog.json
ВладМиВа official,ВладМиВа,856.204.164.080.010,806-204-165-514-010,00000009919,1,1,KZ_BRAND_AND_SELECTED_SKUS,KZ_SKU_EVIDENCE_REQUIRED,https://www.vladmiva.ru/products/konusnye-uglovye/806-204-165-514-010/,vladmiva-dental-catalog.json
ВладМиВа official,ВладМиВа,856.204.164.080.012,806-204-165-514-012,00000020302,1,1,KZ_BRAND_AND_SELECTED_SKUS,KZ_SKU_EVIDENCE_REQUIRED,https://www.vladmiva.ru/products/konusnye-uglovye/806-204-165-514-012/,vladmiva-dental-catalog.json
ВладМиВа official,ВладМиВа,856.204.164.080.014,806-204-165-514-014,00000017588,1,1,KZ_BRAND_AND_SELECTED_SKUS,KZ_SKU_EVIDENCE_REQUIRED,https://www.vladmiva.ru/products/konusnye-uglovye/806-204-165-514-014/,vladmiva-dental-catalog.json
ВладМиВа official,ВладМиВа,856.204.164.100.010,806-204-166-514-010,00000013189,1,1,KZ_BRAND_AND_SELECTED_SKUS,KZ_SKU_EVIDENCE_REQUIRED,https://www.vladmiva.ru/products/konusnye-uglovye/806-204-166-514-010/,vladmiva-dental-catalog.json
ВладМиВа official,ВладМиВа,856.204.164.100.012,806-204-166-514-012,00000021521,1,1,KZ_BRAND_AND_SELECTED_SKUS,KZ_SKU_EVIDENCE_REQUIRED,https://www.vladmiva.ru/products/konusnye-uglovye/806-204-166-514-012/,vladmiva-dental-catalog.json
ВладМиВа official,ВладМиВа,856.204.164.100.014,806-204-166-514-014,00000015316,1,1,KZ_BRAND_AND_SELECTED_SKUS,KZ_SKU_EVIDENCE_REQUIRED,https://www.vladmiva.ru/products/konusnye-uglovye/806-204-166-514-014/,vladmiva-dental-catalog.json
ВладМиВа official,ВладМиВа,856.204.164.100.016,806-204-166-514-016,00000017589,1,1,KZ_BRAND_AND_SELECTED_SKUS,KZ_SKU_EVIDENCE_REQUIRED,https://www.vladmiva.ru/products/konusnye-uglovye/806-204-166-514-016/,vladmiva-dental-catalog.json
ВладМиВа official,ВладМиВа,856.204.164.100.025,806-204-166-514-025,00000022972,1,1,KZ_BRAND_AND_SELECTED_SKUS,KZ_SKU_EVIDENCE_REQUIRED,https://www.vladmiva.ru/products/konusnye-uglovye/806-204-166-514-025/,vladmiva-dental-catalog.json
ВладМиВа official,ВладМиВа,856.204.164.100.031,806-204-166-514-031,00000023006,1,1,KZ_BRAND_AND_SELECTED_SKUS,KZ_SKU_EVIDENCE_REQUIRED,https://www.vladmiva.ru/products/konusnye-uglovye/806-204-166-514-031/,vladmiva-dental-catalog.json
ВладМиВа official,ВладМиВа,856.204.164.115.012,806-204-167-514-012,00000022923,1,1,KZ_BRAND_AND_SELECTED_SKUS,KZ_SKU_EVIDENCE_REQUIRED,https://www.vladmiva.ru/products/konusnye-uglovye/806-204-167-514-012/,vladmiva-dental-catalog.json
ВладМиВа official,ВладМиВа,856.204.164.115.014,806-204-167-514-014,00000021097,1,1,KZ_BRAND_AND_SELECTED_SKUS,KZ_SKU_EVIDENCE_REQUIRED,https://www.vladmiva.ru/products/konusnye-uglovye/806-204-167-514-014/,vladmiva-dental-catalog.json
ВладМиВа official,ВладМиВа,856.204.168.080.016,806-204-172-514-016,00000023936,1,1,KZ_BRAND_AND_SELECTED_SKUS,KZ_SKU_EVIDENCE_REQUIRED,https://www.vladmiva.ru/products/konusnye-uglovye/806-204-172-514-016/,vladmiva-dental-catalog.json
ВладМиВа official,ВладМиВа,866.204.010.012.027,806-204-014-524-027,00000008865,1,1,KZ_BRAND_AND_SELECTED_SKUS,KZ_SKU_EVIDENCE_REQUIRED,https://www.vladmiva.ru/products/konusnye-uglovye/806-204-014-524-027/,vladmiva-dental-catalog.json
ВладМиВа official,ВладМиВа,866.204.010.016.010,806-204-010-524-010,00000022474,1,1,KZ_BRAND_AND_SELECTED_SKUS,KZ_SKU_EVIDENCE_REQUIRED,https://www.vladmiva.ru/products/konusnye-uglovye/806-204-010-524-010/,vladmiva-dental-catalog.json
ВладМиВа official,ВладМиВа,866.204.010.016.012,806-204-010-524-012,00000014701,1,1,KZ_BRAND_AND_SELECTED_SKUS,KZ_SKU_EVIDENCE_REQUIRED,https://www.vladmiva.ru/products/konusnye-uglovye/806-204-010-524-012/,vladmiva-dental-catalog.json
ВладМиВа official,ВладМиВа,866.204.010.016.014,806-204-010-524-014,00000014408,1,1,KZ_BRAND_AND_SELECTED_SKUS,KZ_SKU_EVIDENCE_REQUIRED,https://www.vladmiva.ru/products/konusnye-uglovye/806-204-010-524-014/,vladmiva-dental-catalog.json
ВладМиВа official,ВладМиВа,866.204.010.016.016,806-204-010-524-016,00000014472,1,1,KZ_BRAND_AND_SELECTED_SKUS,KZ_SKU_EVIDENCE_REQUIRED,https://www.vladmiva.ru/products/konusnye-uglovye/806-204-010-524-016/,vladmiva-dental-catalog.json
ВладМиВа official,ВладМиВа,866.204.010.016.018,806-204-010-524-018,00000014944,1,1,KZ_BRAND_AND_SELECTED_SKUS,KZ_SKU_EVIDENCE_REQUIRED,https://www.vladmiva.ru/products/konusnye-uglovye/806-204-010-524-018/,vladmiva-dental-catalog.json
ВладМиВа official,ВладМиВа,866.204.010.020.021,806-204-010-524-021,00000017803,1,1,KZ_BRAND_AND_SELECTED_SKUS,KZ_SKU_EVIDENCE_REQUIRED,https://www.vladmiva.ru/products/konusnye-uglovye/806-204-010-524-021/,vladmiva-dental-catalog.json
ВладМиВа official,ВладМиВа,866.204.010.023.023,806-204-010-524-023,00000020354,1,1,KZ_BRAND_AND_SELECTED_SKUS,KZ_SKU_EVIDENCE_REQUIRED,https://www.vladmiva.ru/products/konusnye-uglovye/806-204-010-524-023/,vladmiva-dental-catalog.json
ВладМиВа official,ВладМиВа,866.204.010.025.027,806-204-010-524-027,00000020396,1,1,KZ_BRAND_AND_SELECTED_SKUS,KZ_SKU_EVIDENCE_REQUIRED,https://www.vladmiva.ru/products/konusnye-uglovye/806-204-010-524-027/,vladmiva-dental-catalog.json
ВладМиВа official,ВладМиВа,866.204.164.080.012,806-204-165-524-012,00000014910,1,1,KZ_BRAND_AND_SELECTED_SKUS,KZ_SKU_EVIDENCE_REQUIRED,https://www.vladmiva.ru/products/konusnye-uglovye/806-204-165-524-012/,vladmiva-dental-catalog.json
ВладМиВа official,ВладМиВа,866.204.164.080.014,806-204-165-524-014,00000014911,1,1,KZ_BRAND_AND_SELECTED_SKUS,KZ_SKU_EVIDENCE_REQUIRED,https://www.vladmiva.ru/products/konusnye-uglovye/806-204-165-524-014/,vladmiva-dental-catalog.json
ВладМиВа official,ВладМиВа,866.204.164.080.016,806-204-165-524-016,00000017860,1,1,KZ_BRAND_AND_SELECTED_SKUS,KZ_SKU_EVIDENCE_REQUIRED,https://www.vladmiva.ru/products/konusnye-uglovye/806-204-165-524-016/,vladmiva-dental-catalog.json
ВладМиВа official,ВладМиВа,866.204.164.080.018,806-204-165-524-018,00-00067450,1,1,KZ_BRAND_AND_SELECTED_SKUS,KZ_SKU_EVIDENCE_REQUIRED,https://www.vladmiva.ru/products/konusnye-uglovye/806-204-165-524-018/,vladmiva-dental-catalog.json
ВладМиВа official,ВладМиВа,866.204.164.080.027,806-204-165-524-027,00000023066,1,1,KZ_BRAND_AND_SELECTED_SKUS,KZ_SKU_EVIDENCE_REQUIRED,https://www.vladmiva.ru/products/konusnye-uglovye/806-204-165-524-027/,vladmiva-dental-catalog.json
ВладМиВа official,ВладМиВа,866.204.164.100.010,806-204-166-524-010,00000014912,1,1,KZ_BRAND_AND_SELECTED_SKUS,KZ_SKU_EVIDENCE_REQUIRED,https://www.vladmiva.ru/products/konusnye-uglovye/806-204-166-524-010/,vladmiva-dental-catalog.json
ВладМиВа official,ВладМиВа,866.204.164.100.012,806-204-166-524-012,00000014913,1,1,KZ_BRAND_AND_SELECTED_SKUS,KZ_SKU_EVIDENCE_REQUIRED,https://www.vladmiva.ru/products/konusnye-uglovye/806-204-166-524-012/,vladmiva-dental-catalog.json
ВладМиВа official,ВладМиВа,866.204.164.100.014,806-204-166-524-014,00000014914,1,1,KZ_BRAND_AND_SELECTED_SKUS,KZ_SKU_EVIDENCE_REQUIRED,https://www.vladmiva.ru/products/konusnye-uglovye/806-204-166-524-014/,vladmiva-dental-catalog.json
ВладМиВа official,ВладМиВа,866.204.164.100.016,806-204-166-524-016,00000017005,1,1,KZ_BRAND_AND_SELECTED_SKUS,KZ_SKU_EVIDENCE_REQUIRED,https://www.vladmiva.ru/products/konusnye-uglovye/806-204-166-524-016/,vladmiva-dental-catalog.json
ВладМиВа official,ВладМиВа,866.204.164.100.018,806-204-166-524-018,00000017608,1,1,KZ_BRAND_AND_SELECTED_SKUS,KZ_SKU_EVIDENCE_REQUIRED,https://www.vladmiva.ru/products/konusnye-uglovye/806-204-166-524-018/,vladmiva-dental-catalog.json
ВладМиВа official,ВладМиВа,866.204.164.100.027,806-204-166-524-027,00000017555,1,1,KZ_BRAND_AND_SELECTED_SKUS,KZ_SKU_EVIDENCE_REQUIRED,https://www.vladmiva.ru/products/konusnye-uglovye/806-204-166-524-027/,vladmiva-dental-catalog.json
ВладМиВа official,ВладМиВа,866.204.164.100.033,806-204-166-524-033,00000023012,1,1,KZ_BRAND_AND_SELECTED_SKUS,KZ_SKU_EVIDENCE_REQUIRED,https://www.vladmiva.ru/products/konusnye-uglovye/806-204-166-524-033/,vladmiva-dental-catalog.json
ВладМиВа official,ВладМиВа,866.204.164.115.014,806-204-167-524-014,00000017529,1,1,KZ_BRAND_AND_SELECTED_SKUS,KZ_SKU_EVIDENCE_REQUIRED,https://www.vladmiva.ru/products/konusnye-uglovye/806-204-167-524-014/,vladmiva-dental-catalog.json
ВладМиВа official,ВладМиВа,866.204.164.115.016,806-204-167-524-016,00000017902,1,1,KZ_BRAND_AND_SELECTED_SKUS,KZ_SKU_EVIDENCE_REQUIRED,https://www.vladmiva.ru/products/konusnye-uglovye/806-204-167-524-016/,vladmiva-dental-catalog.json
ВладМиВа official,ВладМиВа,866.204.168.080.010,806-204-172-524-010_1,00000031466,1,1,KZ_BRAND_AND_SELECTED_SKUS,KZ_SKU_EVIDENCE_REQUIRED,https://www.vladmiva.ru/products/konusnye-uglovye/806-204-172-524-010_1/,vladmiva-dental-catalog.json
ВладМиВа official,ВладМиВа,866.204.168.080.012,806-204-172-524-012,00000014951,1,1,KZ_BRAND_AND_SELECTED_SKUS,KZ_SKU_EVIDENCE_REQUIRED,https://www.vladmiva.ru/products/konusnye-uglovye/806-204-172-524-012/,vladmiva-dental-catalog.json
ВладМиВа official,ВладМиВа,866.204.168.080.014,806-204-172-524-014_1,00000031465,1,1,KZ_BRAND_AND_SELECTED_SKUS,KZ_SKU_EVIDENCE_REQUIRED,https://www.vladmiva.ru/products/konusnye-uglovye/806-204-172-524-014_1/,vladmiva-dental-catalog.json
ВладМиВа official,ВладМиВа,866.204.168.080.016,806-204-172-524-016,00000014920,1,1,KZ_BRAND_AND_SELECTED_SKUS,KZ_SKU_EVIDENCE_REQUIRED,https://www.vladmiva.ru/products/konusnye-uglovye/806-204-172-524-016/,vladmiva-dental-catalog.json
ВладМиВа official,ВладМиВа,866.204.168.080.018,806-204-172-524-018,00000017804,1,1,KZ_BRAND_AND_SELECTED_SKUS,KZ_SKU_EVIDENCE_REQUIRED,https://www.vladmiva.ru/products/konusnye-uglovye/806-204-172-524-018/,vladmiva-dental-catalog.json
ВладМиВа official,ВладМиВа,866.204.168.080.027,806-204-172-524-027,00000010432,1,1,KZ_BRAND_AND_SELECTED_SKUS,KZ_SKU_EVIDENCE_REQUIRED,https://www.vladmiva.ru/products/konusnye-uglovye/806-204-172-524-027/,vladmiva-dental-catalog.json
ВладМиВа official,ВладМиВа,866.204.168.100.014,806-204-173-524-014,00000041259,1,1,KZ_BRAND_AND_SELECTED_SKUS,KZ_SKU_EVIDENCE_REQUIRED,https://www.vladmiva.ru/products/konusnye-uglovye/806-204-173-524-014/,vladmiva-dental-catalog.json
ВладМиВа official,ВладМиВа,866.204.168.100.016,806-204-173-524-016,00000018001,1,1,KZ_BRAND_AND_SELECTED_SKUS,KZ_SKU_EVIDENCE_REQUIRED,https://www.vladmiva.ru/products/konusnye-uglovye/806-204-173-524-016/,vladmiva-dental-catalog.json
ВладМиВа official,ВладМиВа,866.204.168.100.018,806-204-173-524-018,00000018005,1,1,KZ_BRAND_AND_SELECTED_SKUS,KZ_SKU_EVIDENCE_REQUIRED,https://www.vladmiva.ru/products/konusnye-uglovye/806-204-173-524-018/,vladmiva-dental-catalog.json
ВладМиВа official,ВладМиВа,866.204.194.100.010,806-204-199-524-010,00000020061,1,1,KZ_BRAND_AND_SELECTED_SKUS,KZ_SKU_EVIDENCE_REQUIRED,https://www.vladmiva.ru/products/konusnye-uglovye/806-204-199-524-010/,vladmiva-dental-catalog.json
ВладМиВа official,ВладМиВа,866.204.194.100.012,806-204-199-524-012_1,00000031462,1,1,KZ_BRAND_AND_SELECTED_SKUS,KZ_SKU_EVIDENCE_REQUIRED,https://www.vladmiva.ru/products/konusnye-uglovye/806-204-199-524-012_1/,vladmiva-dental-catalog.json
ВладМиВа official,ВладМиВа,866.204.194.100.014,806-204-199-524-014_1,00000031464,1,1,KZ_BRAND_AND_SELECTED_SKUS,KZ_SKU_EVIDENCE_REQUIRED,https://www.vladmiva.ru/products/konusnye-uglovye/806-204-199-524-014_1/,vladmiva-dental-catalog.json
ВладМиВа official,ВладМиВа,866.204.194.100.016,806-204-199-524-016,00000018002,1,1,KZ_BRAND_AND_SELECTED_SKUS,KZ_SKU_EVIDENCE_REQUIRED,https://www.vladmiva.ru/products/konusnye-uglovye/806-204-199-524-016/,vladmiva-dental-catalog.json
ВладМиВа official,ВладМиВа,866.204.194.100.018,806-204-199-524-018,00000018004,1,1,KZ_BRAND_AND_SELECTED_SKUS,KZ_SKU_EVIDENCE_REQUIRED,https://www.vladmiva.ru/products/konusnye-uglovye/806-204-199-524-018/,vladmiva-dental-catalog.json
ВладМиВа official,ВладМиВа,866.204.245.080.016,806-204-249-524-016-udalit,00000063670,1,1,KZ_BRAND_AND_SELECTED_SKUS,KZ_SKU_EVIDENCE_REQUIRED,https://www.vladmiva.ru/products/konusnye-uglovye/806-204-249-524-016-udalit/,vladmiva-dental-catalog.json
ВладМиВа official,ВладМиВа,866.205.010.016.012,806-205-010-524-012,00000014202,1,1,KZ_BRAND_AND_SELECTED_SKUS,KZ_SKU_EVIDENCE_REQUIRED,https://www.vladmiva.ru/products/konusnye-uglovye/806-205-010-524-012/,vladmiva-dental-catalog.json
ВладМиВа official,ВладМиВа,866.205.010.016.014,806-205-010-524-014,00000014922,1,1,KZ_BRAND_AND_SELECTED_SKUS,KZ_SKU_EVIDENCE_REQUIRED,https://www.vladmiva.ru/products/konusnye-uglovye/806-205-010-524-014/,vladmiva-dental-catalog.json
ВладМиВа official,ВладМиВа,866.205.010.016.016,806-205-010-524-016,00000014201,1,1,KZ_BRAND_AND_SELECTED_SKUS,KZ_SKU_EVIDENCE_REQUIRED,https://www.vladmiva.ru/products/konusnye-uglovye/806-205-010-524-016/,vladmiva-dental-catalog.json
ВладМиВа official,ВладМиВа,866.205.010.016.018,806-205-010-524-018,00000014520,1,1,KZ_BRAND_AND_SELECTED_SKUS,KZ_SKU_EVIDENCE_REQUIRED,https://www.vladmiva.ru/products/konusnye-uglovye/806-205-010-524-018/,vladmiva-dental-catalog.json
ВладМиВа official,ВладМиВа,866.205.010.020.021,806-205-010-524-021,00000021563,1,1,KZ_BRAND_AND_SELECTED_SKUS,KZ_SKU_EVIDENCE_REQUIRED,https://www.vladmiva.ru/products/konusnye-uglovye/806-205-010-524-021/,vladmiva-dental-catalog.json
ВладМиВа official,ВладМиВа,866.205.010.023.023,806-205-010-524-023,00000017604,1,1,KZ_BRAND_AND_SELECTED_SKUS,KZ_SKU_EVIDENCE_REQUIRED,https://www.vladmiva.ru/products/konusnye-uglovye/806-205-010-524-023/,vladmiva-dental-catalog.json
ВладМиВа official,ВладМиВа,866.205.010.025.027,806-205-010-524-027,00000013206,1,1,KZ_BRAND_AND_SELECTED_SKUS,KZ_SKU_EVIDENCE_REQUIRED,https://www.vladmiva.ru/products/konusnye-uglovye/806-205-010-524-027/,vladmiva-dental-catalog.json
ВладМиВа official,ВладМиВа,866.205.014.012.027,806-205-014-524-027,00000021040,1,1,KZ_BRAND_AND_SELECTED_SKUS,KZ_SKU_EVIDENCE_REQUIRED,https://www.vladmiva.ru/products/konusnye-uglovye/806-205-014-524-027/,vladmiva-dental-catalog.json
ВладМиВа official,ВладМиВа,876.204.010.016.012,806-204-010-534-012,00000019501,1,1,KZ_BRAND_AND_SELECTED_SKUS,KZ_SKU_EVIDENCE_REQUIRED,https://www.vladmiva.ru/products/konusnye-uglovye/806-204-010-534-012/,vladmiva-dental-catalog.json
ВладМиВа official,ВладМиВа,876.204.010.016.014,806-204-010-534-014,00000013147,1,1,KZ_BRAND_AND_SELECTED_SKUS,KZ_SKU_EVIDENCE_REQUIRED,https://www.vladmiva.ru/products/konusnye-uglovye/806-204-010-534-014/,vladmiva-dental-catalog.json
ВладМиВа official,ВладМиВа,876.204.010.016.016,806-204-010-534-016,00000009530,1,1,KZ_BRAND_AND_SELECTED_SKUS,KZ_SKU_EVIDENCE_REQUIRED,https://www.vladmiva.ru/products/konusnye-uglovye/806-204-010-534-016/,vladmiva-dental-catalog.json
ВладМиВа official,ВладМиВа,876.204.010.016.018,806-204-010-534-018,00000019026,1,1,KZ_BRAND_AND_SELECTED_SKUS,KZ_SKU_EVIDENCE_REQUIRED,https://www.vladmiva.ru/products/konusnye-uglovye/806-204-010-534-018/,vladmiva-dental-catalog.json
ВладМиВа official,ВладМиВа,876.204.010.020.021,806-204-010-534-021,00000019502,1,1,KZ_BRAND_AND_SELECTED_SKUS,KZ_SKU_EVIDENCE_REQUIRED,https://www.vladmiva.ru/products/konusnye-uglovye/806-204-010-534-021/,vladmiva-dental-catalog.json
ВладМиВа official,ВладМиВа,876.204.010.023.023,806-204-010-534-023,00000014881,1,1,KZ_BRAND_AND_SELECTED_SKUS,KZ_SKU_EVIDENCE_REQUIRED,https://www.vladmiva.ru/products/konusnye-uglovye/806-204-010-534-023/,vladmiva-dental-catalog.json
ВладМиВа official,ВладМиВа,876.204.010.025.027,806-204-010-534-027,00000020393,1,1,KZ_BRAND_AND_SELECTED_SKUS,KZ_SKU_EVIDENCE_REQUIRED,https://www.vladmiva.ru/products/konusnye-uglovye/806-204-010-534-027/,vladmiva-dental-catalog.json
ВладМиВа official,ВладМиВа,876.204.164.080.014,806-204-165-534-014_1,0000036454,1,1,KZ_BRAND_AND_SELECTED_SKUS,KZ_SKU_EVIDENCE_REQUIRED,https://www.vladmiva.ru/products/konusnye-uglovye/806-204-165-534-014_1/,vladmiva-dental-catalog.json
ВладМиВа official,ВладМиВа,876.204.164.080.016,806-204-165-534-016,00000019007,1,1,KZ_BRAND_AND_SELECTED_SKUS,KZ_SKU_EVIDENCE_REQUIRED,https://www.vladmiva.ru/products/konusnye-uglovye/806-204-165-534-016/,vladmiva-dental-catalog.json
ВладМиВа official,ВладМиВа,876.204.164.080.027,806-204-165-534-027,00000022949,1,1,KZ_BRAND_AND_SELECTED_SKUS,KZ_SKU_EVIDENCE_REQUIRED,https://www.vladmiva.ru/products/konusnye-uglovye/806-204-165-534-027/,vladmiva-dental-catalog.json
ВладМиВа official,ВладМиВа,876.204.164.100.014,806-204-166-534-014,00000019006,1,1,KZ_BRAND_AND_SELECTED_SKUS,KZ_SKU_EVIDENCE_REQUIRED,https://www.vladmiva.ru/products/konusnye-uglovye/806-204-166-534-014/,vladmiva-dental-catalog.json
ВладМиВа official,ВладМиВа,876.204.164.100.016,806-204-166-534-016,00000012038,1,1,KZ_BRAND_AND_SELECTED_SKUS,KZ_SKU_EVIDENCE_REQUIRED,https://www.vladmiva.ru/products/konusnye-uglovye/806-204-166-534-016/,vladmiva-dental-catalog.json
ВладМиВа official,ВладМиВа,876.204.164.100.018,806-204-166-534-018,00000034647,1,1,KZ_BRAND_AND_SELECTED_SKUS,KZ_SKU_EVIDENCE_REQUIRED,https://www.vladmiva.ru/products/konusnye-uglovye/806-204-166-534-018/,vladmiva-dental-catalog.json
ВладМиВа official,ВладМиВа,876.204.164.100.027,806-204-166-534-027,00000041819,1,1,KZ_BRAND_AND_SELECTED_SKUS,KZ_SKU_EVIDENCE_REQUIRED,https://www.vladmiva.ru/products/konusnye-uglovye/806-204-166-534-027/,vladmiva-dental-catalog.json
ВладМиВа official,ВладМиВа,876.204.164.115.014,806-204-167-534-014,00000020312,1,1,KZ_BRAND_AND_SELECTED_SKUS,KZ_SKU_EVIDENCE_REQUIRED,https://www.vladmiva.ru/products/konusnye-uglovye/806-204-167-534-014/,vladmiva-dental-catalog.json
ВладМиВа official,ВладМиВа,876.204.164.115.016,806-204-167-534-016,00000070940,1,1,KZ_BRAND_AND_SELECTED_SKUS,KZ_SKU_EVIDENCE_REQUIRED,https://www.vladmiva.ru/products/konusnye-uglovye/806-204-167-534-016/,vladmiva-dental-catalog.json
ВладМиВа official,ВладМиВа,876.204.168.080.016,806-204-172-534-016,00000011803,1,1,KZ_BRAND_AND_SELECTED_SKUS,KZ_SKU_EVIDENCE_REQUIRED,https://www.vladmiva.ru/products/konusnye-uglovye/806-204-172-534-016/,vladmiva-dental-catalog.json
ВладМиВа official,ВладМиВа,876.204.168.080.018,806-204-172-534-018,00000020308,1,1,KZ_BRAND_AND_SELECTED_SKUS,KZ_SKU_EVIDENCE_REQUIRED,https://www.vladmiva.ru/products/konusnye-uglovye/806-204-172-534-018/,vladmiva-dental-catalog.json
ВладМиВа official,ВладМиВа,876.204.168.080.027,806-204-172-534-027,00000020311,1,1,KZ_BRAND_AND_SELECTED_SKUS,KZ_SKU_EVIDENCE_REQUIRED,https://www.vladmiva.ru/products/konusnye-uglovye/806-204-172-534-027/,vladmiva-dental-catalog.json
ВладМиВа official,ВладМиВа,876.204.168.100.014,806-204-173-534-014,00000041260,1,1,KZ_BRAND_AND_SELECTED_SKUS,KZ_SKU_EVIDENCE_REQUIRED,https://www.vladmiva.ru/products/konusnye-uglovye/806-204-173-534-014/,vladmiva-dental-catalog.json
ВладМиВа official,ВладМиВа,876.204.168.100.016,806-204-173-534-016,00000024809,1,1,KZ_BRAND_AND_SELECTED_SKUS,KZ_SKU_EVIDENCE_REQUIRED,https://www.vladmiva.ru/products/konusnye-uglovye/806-204-173-534-016/,vladmiva-dental-catalog.json
ВладМиВа official,ВладМиВа,876.204.168.100.018,806-204-173-534-018,00000041268,1,1,KZ_BRAND_AND_SELECTED_SKUS,KZ_SKU_EVIDENCE_REQUIRED,https://www.vladmiva.ru/products/konusnye-uglovye/806-204-173-534-018/,vladmiva-dental-catalog.json
ВладМиВа official,ВладМиВа,876.204.194.100.014,806-204-199-534-014,00000038065,1,1,KZ_BRAND_AND_SELECTED_SKUS,KZ_SKU_EVIDENCE_REQUIRED,https://www.vladmiva.ru/products/konusnye-uglovye/806-204-199-534-014/,vladmiva-dental-catalog.json
ВладМиВа official,ВладМиВа,876.204.194.100.016,806-204-199-534-016,00000038067,1,1,KZ_BRAND_AND_SELECTED_SKUS,KZ_SKU_EVIDENCE_REQUIRED,https://www.vladmiva.ru/products/konusnye-uglovye/806-204-199-534-016/,vladmiva-dental-catalog.json
ВладМиВа official,ВладМиВа,876.205.010.016.012,806-205-010-534-012,00000009143,1,1,KZ_BRAND_AND_SELECTED_SKUS,KZ_SKU_EVIDENCE_REQUIRED,https://www.vladmiva.ru/products/konusnye-uglovye/806-205-010-534-012/,vladmiva-dental-catalog.json
ВладМиВа official,ВладМиВа,876.205.010.016.014,806-205-010-534-014,00000020042,1,1,KZ_BRAND_AND_SELECTED_SKUS,KZ_SKU_EVIDENCE_REQUIRED,https://www.vladmiva.ru/products/konusnye-uglovye/806-205-010-534-014/,vladmiva-dental-catalog.json
ВладМиВа official,ВладМиВа,876.205.010.016.016,806-205-010-534-016,00000009046,1,1,KZ_BRAND_AND_SELECTED_SKUS,KZ_SKU_EVIDENCE_REQUIRED,https://www.vladmiva.ru/products/konusnye-uglovye/806-205-010-534-016/,vladmiva-dental-catalog.json
ВладМиВа official,ВладМиВа,876.205.010.016.018,806-205-010-534-018,00000007642,1,1,KZ_BRAND_AND_SELECTED_SKUS,KZ_SKU_EVIDENCE_REQUIRED,https://www.vladmiva.ru/products/konusnye-uglovye/806-205-010-534-018/,vladmiva-dental-catalog.json
ВладМиВа official,ВладМиВа,876.205.010.020.021,806-205-010-534-021,00000012700,1,1,KZ_BRAND_AND_SELECTED_SKUS,KZ_SKU_EVIDENCE_REQUIRED,https://www.vladmiva.ru/products/konusnye-uglovye/806-205-010-534-021/,vladmiva-dental-catalog.json
ВладМиВа official,ВладМиВа,876.205.010.023.023,806-205-010-534-023,00000007621,1,1,KZ_BRAND_AND_SELECTED_SKUS,KZ_SKU_EVIDENCE_REQUIRED,https://www.vladmiva.ru/products/konusnye-uglovye/806-205-010-534-023/,vladmiva-dental-catalog.json
ВладМиВа official,ВладМиВа,876.205.010.025.027,806-205-010-534-027,00000013266,1,1,KZ_BRAND_AND_SELECTED_SKUS,KZ_SKU_EVIDENCE_REQUIRED,https://www.vladmiva.ru/products/konusnye-uglovye/806-205-010-534-027/,vladmiva-dental-catalog.json
ВладМиВа official,ВладМиВа,856.204.243.080.014,806-204-243-514-014,00000022943,1,1,KZ_BRAND_AND_SELECTED_SKUS,KZ_SKU_EVIDENCE_REQUIRED,https://www.vladmiva.ru/products/plamevidnye-uglovye/806-204-243-514-014/,vladmiva-dental-catalog.json
ВладМиВа official,ВладМиВа,856.204.243.080.016,806-204-243-514-016,00000049482,1,1,KZ_BRAND_AND_SELECTED_SKUS,KZ_SKU_EVIDENCE_REQUIRED,https://www.vladmiva.ru/products/plamevidnye-uglovye/806-204-243-514-016/,vladmiva-dental-catalog.json
ВладМиВа official,ВладМиВа,856.205.243.080.012,806-205-243-514-012,00000022907,1,1,KZ_BRAND_AND_SELECTED_SKUS,KZ_SKU_EVIDENCE_REQUIRED,https://www.vladmiva.ru/products/plamevidnye-uglovye/806-205-243-514-012/,vladmiva-dental-catalog.json
ВладМиВа official,ВладМиВа,856.205.243.080.016,806-205-243-514-016,00000021039,1,1,KZ_BRAND_AND_SELECTED_SKUS,KZ_SKU_EVIDENCE_REQUIRED,https://www.vladmiva.ru/products/plamevidnye-uglovye/806-205-243-514-016/,vladmiva-dental-catalog.json
ВладМиВа official,ВладМиВа,866.204.243.080.014,806-204-243-524-014,00000014605,1,1,KZ_BRAND_AND_SELECTED_SKUS,KZ_SKU_EVIDENCE_REQUIRED,https://www.vladmiva.ru/products/plamevidnye-uglovye/806-204-243-524-014/,vladmiva-dental-catalog.json
ВладМиВа official,ВладМиВа,866.204.243.080.016,806-204-243-524-016,00000014608,1,1,KZ_BRAND_AND_SELECTED_SKUS,KZ_SKU_EVIDENCE_REQUIRED,https://www.vladmiva.ru/products/plamevidnye-uglovye/806-204-243-524-016/,vladmiva-dental-catalog.json
ВладМиВа official,ВладМиВа,866.204.243.080.018,806-204-243-524-018,00000014418,1,1,KZ_BRAND_AND_SELECTED_SKUS,KZ_SKU_EVIDENCE_REQUIRED,https://www.vladmiva.ru/products/plamevidnye-uglovye/806-204-243-524-018/,vladmiva-dental-catalog.json
ВладМиВа official,ВладМиВа,866.205.243.080.014,806-205-243-524-014,00000013263,1,1,KZ_BRAND_AND_SELECTED_SKUS,KZ_SKU_EVIDENCE_REQUIRED,https://www.vladmiva.ru/products/plamevidnye-uglovye/806-205-243-524-014/,vladmiva-dental-catalog.json
ВладМиВа official,ВладМиВа,866.205.243.080.016,806-205-243-524-016,00000010035,1,1,KZ_BRAND_AND_SELECTED_SKUS,KZ_SKU_EVIDENCE_REQUIRED,https://www.vladmiva.ru/products/plamevidnye-uglovye/806-205-243-524-016/,vladmiva-dental-catalog.json
ВладМиВа official,ВладМиВа,866.205.243.080.018,806-205-243-524-018,00000010075,1,1,KZ_BRAND_AND_SELECTED_SKUS,KZ_SKU_EVIDENCE_REQUIRED,https://www.vladmiva.ru/products/plamevidnye-uglovye/806-205-243-524-018/,vladmiva-dental-catalog.json
ВладМиВа official,ВладМиВа,876.204.243.080.016,806-204-243-534-016,00000019010,1,1,KZ_BRAND_AND_SELECTED_SKUS,KZ_SKU_EVIDENCE_REQUIRED,https://www.vladmiva.ru/products/plamevidnye-uglovye/806-204-243-534-016/,vladmiva-dental-catalog.json
ВладМиВа official,ВладМиВа,876.204.243.080.018,806-204-243-534-018,00000041937,1,1,KZ_BRAND_AND_SELECTED_SKUS,KZ_SKU_EVIDENCE_REQUIRED,https://www.vladmiva.ru/products/plamevidnye-uglovye/806-204-243-534-018/,vladmiva-dental-catalog.json
ВладМиВа official,ВладМиВа,836.204.254.045.012,806-204-257-504-016,00000021501,1,1,KZ_BRAND_AND_SELECTED_SKUS,KZ_SKU_EVIDENCE_REQUIRED,https://www.vladmiva.ru/products/prochie-formy-uglovye/806-204-257-504-016/,vladmiva-dental-catalog.json
ВладМиВа official,ВладМиВа,856.204.254.030.012,806-204-257-514-012,00000006463,1,1,KZ_BRAND_AND_SELECTED_SKUS,KZ_SKU_EVIDENCE_REQUIRED,https://www.vladmiva.ru/products/prochie-formy-uglovye/806-204-257-514-012/,vladmiva-dental-catalog.json
ВладМиВа official,ВладМиВа,856.204.254.030.014,806-204-257-514-014,00000022975,1,1,KZ_BRAND_AND_SELECTED_SKUS,KZ_SKU_EVIDENCE_REQUIRED,https://www.vladmiva.ru/products/prochie-formy-uglovye/806-204-257-514-014/,vladmiva-dental-catalog.json
ВладМиВа official,ВладМиВа,856.204.254.045.016,806-204-257-514-016,00000020395,1,1,KZ_BRAND_AND_SELECTED_SKUS,KZ_SKU_EVIDENCE_REQUIRED,https://www.vladmiva.ru/products/prochie-formy-uglovye/806-204-257-514-016/,vladmiva-dental-catalog.json
ВладМиВа official,ВладМиВа,856.204.254.050.018,806-204-257-514-018,00000020309,1,1,KZ_BRAND_AND_SELECTED_SKUS,KZ_SKU_EVIDENCE_REQUIRED,https://www.vladmiva.ru/products/prochie-formy-uglovye/806-204-257-514-018/,vladmiva-dental-catalog.json
ВладМиВа official,ВладМиВа,856.204.254.050.021,806-204-257-514-021,00000020052,1,1,KZ_BRAND_AND_SELECTED_SKUS,KZ_SKU_EVIDENCE_REQUIRED,https://www.vladmiva.ru/products/prochie-formy-uglovye/806-204-257-514-021/,vladmiva-dental-catalog.json
ВладМиВа official,ВладМиВа,866.204.040.008.040,806-204-041-524-040,00000007641,1,1,KZ_BRAND_AND_SELECTED_SKUS,KZ_SKU_EVIDENCE_REQUIRED,https://www.vladmiva.ru/products/prochie-formy-uglovye/806-204-041-524-040/,vladmiva-dental-catalog.json
ВладМиВа official,ВладМиВа,866.204.040.008.050,806-204-041-524-050,00000009125,1,1,KZ_BRAND_AND_SELECTED_SKUS,KZ_SKU_EVIDENCE_REQUIRED,https://www.vladmiva.ru/products/prochie-formy-uglovye/806-204-041-524-050/,vladmiva-dental-catalog.json
ВладМиВа official,ВладМиВа,866.204.040.018.040,806-204-042-524-040,00000022982,1,1,KZ_BRAND_AND_SELECTED_SKUS,KZ_SKU_EVIDENCE_REQUIRED,https://www.vladmiva.ru/products/prochie-formy-uglovye/806-204-042-524-040/,vladmiva-dental-catalog.json
ВладМиВа official,ВладМиВа,866.204.067.013.040,806-204-068-524-040,00000017800,1,1,KZ_BRAND_AND_SELECTED_SKUS,KZ_SKU_EVIDENCE_REQUIRED,https://www.vladmiva.ru/products/prochie-formy-uglovye/806-204-068-524-040/,vladmiva-dental-catalog.json
ВладМиВа official,ВладМиВа,866.204.067.018.050,806-204-068-524-050,00000020057,1,1,KZ_BRAND_AND_SELECTED_SKUS,KZ_SKU_EVIDENCE_REQUIRED,https://www.vladmiva.ru/products/prochie-formy-uglovye/806-204-068-524-050/,vladmiva-dental-catalog.json
ВладМиВа official,ВладМиВа,866.204.254.030.014,806-204-257-524-014,00000014918,1,1,KZ_BRAND_AND_SELECTED_SKUS,KZ_SKU_EVIDENCE_REQUIRED,https://www.vladmiva.ru/products/prochie-formy-uglovye/806-204-257-524-014/,vladmiva-dental-catalog.json
ВладМиВа official,ВладМиВа,866.204.254.030.016,806-204-257-524-016,00000014702,1,1,KZ_BRAND_AND_SELECTED_SKUS,KZ_SKU_EVIDENCE_REQUIRED,https://www.vladmiva.ru/products/prochie-formy-uglovye/806-204-257-524-016/,vladmiva-dental-catalog.json
ВладМиВа official,ВладМиВа,866.204.254.045.018,806-204-257-524-018,00000014703,1,1,KZ_BRAND_AND_SELECTED_SKUS,KZ_SKU_EVIDENCE_REQUIRED,https://www.vladmiva.ru/products/prochie-formy-uglovye/806-204-257-524-018/,vladmiva-dental-catalog.json
ВладМиВа official,ВладМиВа,866.204.254.050.021,806-204-257-524-021,00000014880,1,1,KZ_BRAND_AND_SELECTED_SKUS,KZ_SKU_EVIDENCE_REQUIRED,https://www.vladmiva.ru/products/prochie-formy-uglovye/806-204-257-524-021/,vladmiva-dental-catalog.json
ВладМиВа official,ВладМиВа,866.204.254.050.023,806-204-257-524-023,00000014704,1,1,KZ_BRAND_AND_SELECTED_SKUS,KZ_SKU_EVIDENCE_REQUIRED,https://www.vladmiva.ru/products/prochie-formy-uglovye/806-204-257-524-023/,vladmiva-dental-catalog.json
ВладМиВа official,ВладМиВа,866.204.277.041.018,806-204-277-524-018,00000018003,1,1,KZ_BRAND_AND_SELECTED_SKUS,KZ_SKU_EVIDENCE_REQUIRED,https://www.vladmiva.ru/products/prochie-formy-uglovye/806-204-277-524-018/,vladmiva-dental-catalog.json
ВладМиВа official,ВладМиВа,866.204.294.100.012,806-204-299-524-012,00000015113,1,1,KZ_BRAND_AND_SELECTED_SKUS,KZ_SKU_EVIDENCE_REQUIRED,https://www.vladmiva.ru/products/prochie-formy-uglovye/806-204-299-524-012/,vladmiva-dental-catalog.json
ВладМиВа official,ВладМиВа,866.204.303.010.033,806-204-304-524-033,00000022483,1,1,KZ_BRAND_AND_SELECTED_SKUS,KZ_SKU_EVIDENCE_REQUIRED,https://www.vladmiva.ru/products/prochie-formy-uglovye/806-204-304-524-033/,vladmiva-dental-catalog.json
ВладМиВа official,ВладМиВа,876.204.294.100.012,806-204-299-534-012,00000034649,1,1,KZ_BRAND_AND_SELECTED_SKUS,KZ_SKU_EVIDENCE_REQUIRED,https://www.vladmiva.ru/products/prochie-formy-uglovye/806-204-299-534-012/,vladmiva-dental-catalog.json
ВладМиВа official,ВладМиВа,836.204.001.000.012,806-204-001-504-012_1,00000022969,1,1,KZ_BRAND_AND_SELECTED_SKUS,KZ_SKU_EVIDENCE_REQUIRED,https://www.vladmiva.ru/products/sfericheskie-uglovye/806-204-001-504-012_1/,vladmiva-dental-catalog.json
ВладМиВа official,ВладМиВа,836.204.001.000.014,806-204-001-504-014,00000022928,1,1,KZ_BRAND_AND_SELECTED_SKUS,KZ_SKU_EVIDENCE_REQUIRED,https://www.vladmiva.ru/products/sfericheskie-uglovye/806-204-001-504-014/,vladmiva-dental-catalog.json
ВладМиВа official,ВладМиВа,836.204.001.000.016,806-204-001-504-016_1,00000018862,1,1,KZ_BRAND_AND_SELECTED_SKUS,KZ_SKU_EVIDENCE_REQUIRED,https://www.vladmiva.ru/products/sfericheskie-uglovye/806-204-001-504-016_1/,vladmiva-dental-catalog.json
ВладМиВа official,ВладМиВа,836.204.001.000.018,806-204-001-504-018_1,00000025837,1,1,KZ_BRAND_AND_SELECTED_SKUS,KZ_SKU_EVIDENCE_REQUIRED,https://www.vladmiva.ru/products/sfericheskie-uglovye/806-204-001-504-018_1/,vladmiva-dental-catalog.json
ВладМиВа official,ВладМиВа,836.204.001.000.021,806-204-001-504-021,00000022566,1,1,KZ_BRAND_AND_SELECTED_SKUS,KZ_SKU_EVIDENCE_REQUIRED,https://www.vladmiva.ru/products/sfericheskie-uglovye/806-204-001-504-021/,vladmiva-dental-catalog.json
ВладМиВа official,ВладМиВа,836.204.001.000.023,806-204-001-504-023,00000018863,1,1,KZ_BRAND_AND_SELECTED_SKUS,KZ_SKU_EVIDENCE_REQUIRED,https://www.vladmiva.ru/products/sfericheskie-uglovye/806-204-001-504-023/,vladmiva-dental-catalog.json
ВладМиВа official,ВладМиВа,836.204.001.000.025,806-204-001-504-025,00000024058,1,1,KZ_BRAND_AND_SELECTED_SKUS,KZ_SKU_EVIDENCE_REQUIRED,https://www.vladmiva.ru/products/sfericheskie-uglovye/806-204-001-504-025/,vladmiva-dental-catalog.json
ВладМиВа official,ВладМиВа,836.204.001.000.027,806-204-001-504-027,00000022897,1,1,KZ_BRAND_AND_SELECTED_SKUS,KZ_SKU_EVIDENCE_REQUIRED,https://www.vladmiva.ru/products/sfericheskie-uglovye/806-204-001-504-027/,vladmiva-dental-catalog.json
ВладМиВа official,ВладМиВа,836.205.001.000.010,806-205-001-504-010,00000023098,1,1,KZ_BRAND_AND_SELECTED_SKUS,KZ_SKU_EVIDENCE_REQUIRED,https://www.vladmiva.ru/products/sfericheskie-uglovye/806-205-001-504-010/,vladmiva-dental-catalog.json
ВладМиВа official,ВладМиВа,836.205.001.000.012,806-205-001-504-012,00000011806,1,1,KZ_BRAND_AND_SELECTED_SKUS,KZ_SKU_EVIDENCE_REQUIRED,https://www.vladmiva.ru/products/sfericheskie-uglovye/806-205-001-504-012/,vladmiva-dental-catalog.json
ВладМиВа official,ВладМиВа,836.205.001.000.014,806-205-001-504-014,00000022872,1,1,KZ_BRAND_AND_SELECTED_SKUS,KZ_SKU_EVIDENCE_REQUIRED,https://www.vladmiva.ru/products/sfericheskie-uglovye/806-205-001-504-014/,vladmiva-dental-catalog.json
ВладМиВа official,ВладМиВа,836.205.001.000.016,806-205-001-504-016,00000023078,1,1,KZ_BRAND_AND_SELECTED_SKUS,KZ_SKU_EVIDENCE_REQUIRED,https://www.vladmiva.ru/products/sfericheskie-uglovye/806-205-001-504-016/,vladmiva-dental-catalog.json
ВладМиВа official,ВладМиВа,836.205.001.000.025,806-205-001-504-025,00000022929,1,1,KZ_BRAND_AND_SELECTED_SKUS,KZ_SKU_EVIDENCE_REQUIRED,https://www.vladmiva.ru/products/sfericheskie-uglovye/806-205-001-504-025/,vladmiva-dental-catalog.json
ВладМиВа official,ВладМиВа,856.204.001.000.010,806-204-001-514-010,00000020339,1,1,KZ_BRAND_AND_SELECTED_SKUS,KZ_SKU_EVIDENCE_REQUIRED,https://www.vladmiva.ru/products/sfericheskie-uglovye/806-204-001-514-010/,vladmiva-dental-catalog.json
ВладМиВа official,ВладМиВа,856.204.001.000.012,806-204-001-514-012,00000021584,1,1,KZ_BRAND_AND_SELECTED_SKUS,KZ_SKU_EVIDENCE_REQUIRED,https://www.vladmiva.ru/products/sfericheskie-uglovye/806-204-001-514-012/,vladmiva-dental-catalog.json
ВладМиВа official,ВладМиВа,856.204.001.000.014,806-204-001-514-014,00000024863,1,1,KZ_BRAND_AND_SELECTED_SKUS,KZ_SKU_EVIDENCE_REQUIRED,https://www.vladmiva.ru/products/sfericheskie-uglovye/806-204-001-514-014/,vladmiva-dental-catalog.json
ВладМиВа official,ВладМиВа,856.204.001.000.016,806-204-001-514-016,00000021184,1,1,KZ_BRAND_AND_SELECTED_SKUS,KZ_SKU_EVIDENCE_REQUIRED,https://www.vladmiva.ru/products/sfericheskie-uglovye/806-204-001-514-016/,vladmiva-dental-catalog.json
ВладМиВа official,ВладМиВа,856.204.001.000.018,806-204-001-514-018,00000005944,1,1,KZ_BRAND_AND_SELECTED_SKUS,KZ_SKU_EVIDENCE_REQUIRED,https://www.vladmiva.ru/products/sfericheskie-uglovye/806-204-001-514-018/,vladmiva-dental-catalog.json
ВладМиВа official,ВладМиВа,856.204.001.000.021,806-204-001-514-021,00000021519,1,1,KZ_BRAND_AND_SELECTED_SKUS,KZ_SKU_EVIDENCE_REQUIRED,https://www.vladmiva.ru/products/sfericheskie-uglovye/806-204-001-514-021/,vladmiva-dental-catalog.json
ВладМиВа official,ВладМиВа,856.204.001.000.023,806-204-001-514-023,00000043729,1,1,KZ_BRAND_AND_SELECTED_SKUS,KZ_SKU_EVIDENCE_REQUIRED,https://www.vladmiva.ru/products/sfericheskie-uglovye/806-204-001-514-023/,vladmiva-dental-catalog.json
ВладМиВа official,ВладМиВа,856.204.001.000.025,806-204-001-514-025,00000022405,1,1,KZ_BRAND_AND_SELECTED_SKUS,KZ_SKU_EVIDENCE_REQUIRED,https://www.vladmiva.ru/products/sfericheskie-uglovye/806-204-001-514-025/,vladmiva-dental-catalog.json
ВладМиВа official,ВладМиВа,856.205.001.000.010,806-205-001-514-010,00000023108,1,1,KZ_BRAND_AND_SELECTED_SKUS,KZ_SKU_EVIDENCE_REQUIRED,https://www.vladmiva.ru/products/sfericheskie-uglovye/806-205-001-514-010/,vladmiva-dental-catalog.json
ВладМиВа official,ВладМиВа,856.205.001.000.012,806-205-001-514-012,00000042107,1,1,KZ_BRAND_AND_SELECTED_SKUS,KZ_SKU_EVIDENCE_REQUIRED,https://www.vladmiva.ru/products/sfericheskie-uglovye/806-205-001-514-012/,vladmiva-dental-catalog.json
ВладМиВа official,ВладМиВа,856.205.001.000.014,806-205-001-514-014,00000022970,1,1,KZ_BRAND_AND_SELECTED_SKUS,KZ_SKU_EVIDENCE_REQUIRED,https://www.vladmiva.ru/products/sfericheskie-uglovye/806-205-001-514-014/,vladmiva-dental-catalog.json
ВладМиВа official,ВладМиВа,856.205.001.000.016,806-205-001-514-016,00000023916,1,1,KZ_BRAND_AND_SELECTED_SKUS,KZ_SKU_EVIDENCE_REQUIRED,https://www.vladmiva.ru/products/sfericheskie-uglovye/806-205-001-514-016/,vladmiva-dental-catalog.json
ВладМиВа official,ВладМиВа,856.205.001.000.018,806-205-001-514-018,00000043726,1,1,KZ_BRAND_AND_SELECTED_SKUS,KZ_SKU_EVIDENCE_REQUIRED,https://www.vladmiva.ru/products/sfericheskie-uglovye/806-205-001-514-018/,vladmiva-dental-catalog.json
ВладМиВа official,ВладМиВа,856.205.001.000.021,806-205-001-514-021,00000022571,1,1,KZ_BRAND_AND_SELECTED_SKUS,KZ_SKU_EVIDENCE_REQUIRED,https://www.vladmiva.ru/products/sfericheskie-uglovye/806-205-001-514-021/,vladmiva-dental-catalog.json
ВладМиВа official,ВладМиВа,856.205.001.000.025,806-205-001-514-025,00000023238,1,1,KZ_BRAND_AND_SELECTED_SKUS,KZ_SKU_EVIDENCE_REQUIRED,https://www.vladmiva.ru/products/sfericheskie-uglovye/806-205-001-514-025/,vladmiva-dental-catalog.json
ВладМиВа official,ВладМиВа,856.205.002.030.014,806-205-002-514-014,00000023100,1,1,KZ_BRAND_AND_SELECTED_SKUS,KZ_SKU_EVIDENCE_REQUIRED,https://www.vladmiva.ru/products/sfericheskie-uglovye/806-205-002-514-014/,vladmiva-dental-catalog.json
ВладМиВа official,ВладМиВа,866.204.001.000.010,806-204-001-524-010_1,00-00031467,1,1,KZ_BRAND_AND_SELECTED_SKUS,KZ_SKU_EVIDENCE_REQUIRED,https://www.vladmiva.ru/products/sfericheskie-uglovye/806-204-001-524-010_1/,vladmiva-dental-catalog.json
ВладМиВа official,ВладМиВа,866.204.001.000.012,806-204-001-524-012,00000014407,1,1,KZ_BRAND_AND_SELECTED_SKUS,KZ_SKU_EVIDENCE_REQUIRED,https://www.vladmiva.ru/products/sfericheskie-uglovye/806-204-001-524-012/,vladmiva-dental-catalog.json
ВладМиВа official,ВладМиВа,866.204.001.000.014,806-204-001-524-014,00000014406,1,1,KZ_BRAND_AND_SELECTED_SKUS,KZ_SKU_EVIDENCE_REQUIRED,https://www.vladmiva.ru/products/sfericheskie-uglovye/806-204-001-524-014/,vladmiva-dental-catalog.json
ВладМиВа official,ВладМиВа,866.204.001.000.016,806-204-001-524-016,00000014404,1,1,KZ_BRAND_AND_SELECTED_SKUS,KZ_SKU_EVIDENCE_REQUIRED,https://www.vladmiva.ru/products/sfericheskie-uglovye/806-204-001-524-016/,vladmiva-dental-catalog.json
ВладМиВа official,ВладМиВа,866.204.001.000.018,806-204-001-524-018,00000014405,1,1,KZ_BRAND_AND_SELECTED_SKUS,KZ_SKU_EVIDENCE_REQUIRED,https://www.vladmiva.ru/products/sfericheskie-uglovye/806-204-001-524-018/,vladmiva-dental-catalog.json
ВладМиВа official,ВладМиВа,866.204.001.000.021,806-204-001-524-021,00000014403,1,1,KZ_BRAND_AND_SELECTED_SKUS,KZ_SKU_EVIDENCE_REQUIRED,https://www.vladmiva.ru/products/sfericheskie-uglovye/806-204-001-524-021/,vladmiva-dental-catalog.json
ВладМиВа official,ВладМиВа,866.204.001.000.023,806-204-001-524-023,00000014425,1,1,KZ_BRAND_AND_SELECTED_SKUS,KZ_SKU_EVIDENCE_REQUIRED,https://www.vladmiva.ru/products/sfericheskie-uglovye/806-204-001-524-023/,vladmiva-dental-catalog.json
ВладМиВа official,ВладМиВа,866.204.001.000.025,806-204-001-524-025,00000021230,1,1,KZ_BRAND_AND_SELECTED_SKUS,KZ_SKU_EVIDENCE_REQUIRED,https://www.vladmiva.ru/products/sfericheskie-uglovye/806-204-001-524-025/,vladmiva-dental-catalog.json
ВладМиВа official,ВладМиВа,866.204.001.000.027,806-204-001-524-027_1,00000031460,1,1,KZ_BRAND_AND_SELECTED_SKUS,KZ_SKU_EVIDENCE_REQUIRED,https://www.vladmiva.ru/products/sfericheskie-uglovye/806-204-001-524-027_1/,vladmiva-dental-catalog.json
ВладМиВа official,ВладМиВа,866.204.001.000.029,806-204-001-524-029,00000023114,1,1,KZ_BRAND_AND_SELECTED_SKUS,KZ_SKU_EVIDENCE_REQUIRED,https://www.vladmiva.ru/products/sfericheskie-uglovye/806-204-001-524-029/,vladmiva-dental-catalog.json
ВладМиВа official,ВладМиВа,866.204.001.000.033,806-204-001-524-033,00000023112,1,1,KZ_BRAND_AND_SELECTED_SKUS,KZ_SKU_EVIDENCE_REQUIRED,https://www.vladmiva.ru/products/sfericheskie-uglovye/806-204-001-524-033/,vladmiva-dental-catalog.json
ВладМиВа official,ВладМиВа,866.204.002.030.012,806-204-002-524-012,00000022479,1,1,KZ_BRAND_AND_SELECTED_SKUS,KZ_SKU_EVIDENCE_REQUIRED,https://www.vladmiva.ru/products/sfericheskie-uglovye/806-204-002-524-012/,vladmiva-dental-catalog.json
ВладМиВа official,ВладМиВа,866.204.002.030.014,806-204-002-524-014,00000023133,1,1,KZ_BRAND_AND_SELECTED_SKUS,KZ_SKU_EVIDENCE_REQUIRED,https://www.vladmiva.ru/products/sfericheskie-uglovye/806-204-002-524-014/,vladmiva-dental-catalog.json
ВладМиВа official,ВладМиВа,866.204.002.030.016,806-204-002-524-016,00000021788,1,1,KZ_BRAND_AND_SELECTED_SKUS,KZ_SKU_EVIDENCE_REQUIRED,https://www.vladmiva.ru/products/sfericheskie-uglovye/806-204-002-524-016/,vladmiva-dental-catalog.json
ВладМиВа official,ВладМиВа,866.204.002.035.018,806-204-002-524-018,00000038128,1,1,KZ_BRAND_AND_SELECTED_SKUS,KZ_SKU_EVIDENCE_REQUIRED,https://www.vladmiva.ru/products/sfericheskie-uglovye/806-204-002-524-018/,vladmiva-dental-catalog.json
ВладМиВа official,ВладМиВа,866.204.002.040.021,806-204-002-524-021,00000037910,1,1,KZ_BRAND_AND_SELECTED_SKUS,KZ_SKU_EVIDENCE_REQUIRED,https://www.vladmiva.ru/products/sfericheskie-uglovye/806-204-002-524-021/,vladmiva-dental-catalog.json
ВладМиВа official,ВладМиВа,866.204.002.045.023,806-204-002-524-023,00000041252,1,1,KZ_BRAND_AND_SELECTED_SKUS,KZ_SKU_EVIDENCE_REQUIRED,https://www.vladmiva.ru/products/sfericheskie-uglovye/806-204-002-524-023/,vladmiva-dental-catalog.json
ВладМиВа official,ВладМиВа,866.204.002.050.025,806-204-002-524-025,00000056064,1,1,KZ_BRAND_AND_SELECTED_SKUS,KZ_SKU_EVIDENCE_REQUIRED,https://www.vladmiva.ru/products/sfericheskie-uglovye/806-204-002-524-025/,vladmiva-dental-catalog.json
ВладМиВа official,ВладМиВа,866.205.001.000.010,806-205-001-524-010,00000020049,1,1,KZ_BRAND_AND_SELECTED_SKUS,KZ_SKU_EVIDENCE_REQUIRED,https://www.vladmiva.ru/products/sfericheskie-uglovye/806-205-001-524-010/,vladmiva-dental-catalog.json
ВладМиВа official,ВладМиВа,866.205.001.000.012,806-205-001-524-012,00000014945,1,1,KZ_BRAND_AND_SELECTED_SKUS,KZ_SKU_EVIDENCE_REQUIRED,https://www.vladmiva.ru/products/sfericheskie-uglovye/806-205-001-524-012/,vladmiva-dental-catalog.json
ВладМиВа official,ВладМиВа,866.205.001.000.014,806-205-001-524-014,00000014424,1,1,KZ_BRAND_AND_SELECTED_SKUS,KZ_SKU_EVIDENCE_REQUIRED,https://www.vladmiva.ru/products/sfericheskie-uglovye/806-205-001-524-014/,vladmiva-dental-catalog.json
ВладМиВа official,ВладМиВа,866.205.001.000.016,806-205-001-524-016,00000014458,1,1,KZ_BRAND_AND_SELECTED_SKUS,KZ_SKU_EVIDENCE_REQUIRED,https://www.vladmiva.ru/products/sfericheskie-uglovye/806-205-001-524-016/,vladmiva-dental-catalog.json
ВладМиВа official,ВладМиВа,866.205.001.000.018,806-205-001-524-018,00000014465,1,1,KZ_BRAND_AND_SELECTED_SKUS,KZ_SKU_EVIDENCE_REQUIRED,https://www.vladmiva.ru/products/sfericheskie-uglovye/806-205-001-524-018/,vladmiva-dental-catalog.json
ВладМиВа official,ВладМиВа,866.205.001.000.021,806-205-001-524-021,00000014470,1,1,KZ_BRAND_AND_SELECTED_SKUS,KZ_SKU_EVIDENCE_REQUIRED,https://www.vladmiva.ru/products/sfericheskie-uglovye/806-205-001-524-021/,vladmiva-dental-catalog.json
ВладМиВа official,ВладМиВа,866.205.001.000.023,806-205-001-524-023,00000014426,1,1,KZ_BRAND_AND_SELECTED_SKUS,KZ_SKU_EVIDENCE_REQUIRED,https://www.vladmiva.ru/products/sfericheskie-uglovye/806-205-001-524-023/,vladmiva-dental-catalog.json
ВладМиВа official,ВладМиВа,866.205.001.000.025,806-205-001-524-025,00000020355,1,1,KZ_BRAND_AND_SELECTED_SKUS,KZ_SKU_EVIDENCE_REQUIRED,https://www.vladmiva.ru/products/sfericheskie-uglovye/806-205-001-524-025/,vladmiva-dental-catalog.json
ВладМиВа official,ВладМиВа,866.205.001.000.027,806-205-001-524-027,00000010622,1,1,KZ_BRAND_AND_SELECTED_SKUS,KZ_SKU_EVIDENCE_REQUIRED,https://www.vladmiva.ru/products/sfericheskie-uglovye/806-205-001-524-027/,vladmiva-dental-catalog.json
ВладМиВа official,ВладМиВа,866.205.001.000.033,806-205-001-524-033,00000038723,1,1,KZ_BRAND_AND_SELECTED_SKUS,KZ_SKU_EVIDENCE_REQUIRED,https://www.vladmiva.ru/products/sfericheskie-uglovye/806-205-001-524-033/,vladmiva-dental-catalog.json
ВладМиВа official,ВладМиВа,866.205.002.030.012,806-205-002-524-012,00000032863,1,1,KZ_BRAND_AND_SELECTED_SKUS,KZ_SKU_EVIDENCE_REQUIRED,https://www.vladmiva.ru/products/sfericheskie-uglovye/806-205-002-524-012/,vladmiva-dental-catalog.json
ВладМиВа official,ВладМиВа,866.205.002.030.014,806-205-002-524-014,00000056063,1,1,KZ_BRAND_AND_SELECTED_SKUS,KZ_SKU_EVIDENCE_REQUIRED,https://www.vladmiva.ru/products/sfericheskie-uglovye/806-205-002-524-014/,vladmiva-dental-catalog.json
ВладМиВа official,ВладМиВа,866.205.002.030.016,806-205-002-524-016,00000021790,1,1,KZ_BRAND_AND_SELECTED_SKUS,KZ_SKU_EVIDENCE_REQUIRED,https://www.vladmiva.ru/products/sfericheskie-uglovye/806-205-002-524-016/,vladmiva-dental-catalog.json
ВладМиВа official,ВладМиВа,876.204.001.000.012,806-204-001-534-012,00000019500,1,1,KZ_BRAND_AND_SELECTED_SKUS,KZ_SKU_EVIDENCE_REQUIRED,https://www.vladmiva.ru/products/sfericheskie-uglovye/806-204-001-534-012/,vladmiva-dental-catalog.json
ВладМиВа official,ВладМиВа,876.204.001.000.014,806-204-001-534-014,00000020048,1,1,KZ_BRAND_AND_SELECTED_SKUS,KZ_SKU_EVIDENCE_REQUIRED,https://www.vladmiva.ru/products/sfericheskie-uglovye/806-204-001-534-014/,vladmiva-dental-catalog.json
ВладМиВа official,ВладМиВа,876.204.001.000.016,806-204-001-534-016,00000019008,1,1,KZ_BRAND_AND_SELECTED_SKUS,KZ_SKU_EVIDENCE_REQUIRED,https://www.vladmiva.ru/products/sfericheskie-uglovye/806-204-001-534-016/,vladmiva-dental-catalog.json
ВладМиВа official,ВладМиВа,876.204.001.000.018,806-204-001-534-018,00000009602,1,1,KZ_BRAND_AND_SELECTED_SKUS,KZ_SKU_EVIDENCE_REQUIRED,https://www.vladmiva.ru/products/sfericheskie-uglovye/806-204-001-534-018/,vladmiva-dental-catalog.json
ВладМиВа official,ВладМиВа,876.204.001.000.021,806-204-001-534-021,00000019020,1,1,KZ_BRAND_AND_SELECTED_SKUS,KZ_SKU_EVIDENCE_REQUIRED,https://www.vladmiva.ru/products/sfericheskie-uglovye/806-204-001-534-021/,vladmiva-dental-catalog.json
ВладМиВа official,ВладМиВа,876.204.001.000.023,806-204-001-534-023,00000018222,1,1,KZ_BRAND_AND_SELECTED_SKUS,KZ_SKU_EVIDENCE_REQUIRED,https://www.vladmiva.ru/products/sfericheskie-uglovye/806-204-001-534-023/,vladmiva-dental-catalog.json
ВладМиВа official,ВладМиВа,876.204.001.000.025,806-204-001-534-025,00000023107,1,1,KZ_BRAND_AND_SELECTED_SKUS,KZ_SKU_EVIDENCE_REQUIRED,https://www.vladmiva.ru/products/sfericheskie-uglovye/806-204-001-534-025/,vladmiva-dental-catalog.json
ВладМиВа official,ВладМиВа,876.204.001.000.027,806-204-001-534-027,00000007622,1,1,KZ_BRAND_AND_SELECTED_SKUS,KZ_SKU_EVIDENCE_REQUIRED,https://www.vladmiva.ru/products/sfericheskie-uglovye/806-204-001-534-027/,vladmiva-dental-catalog.json
ВладМиВа official,ВладМиВа,876.204.001.000.029,806-204-001-534-029,00000023011,1,1,KZ_BRAND_AND_SELECTED_SKUS,KZ_SKU_EVIDENCE_REQUIRED,https://www.vladmiva.ru/products/sfericheskie-uglovye/806-204-001-534-029/,vladmiva-dental-catalog.json
ВладМиВа official,ВладМиВа,876.204.001.000.033,806-204-001-534-033,00000023093,1,1,KZ_BRAND_AND_SELECTED_SKUS,KZ_SKU_EVIDENCE_REQUIRED,https://www.vladmiva.ru/products/sfericheskie-uglovye/806-204-001-534-033/,vladmiva-dental-catalog.json
ВладМиВа official,ВладМиВа,876.204.002.030.012,806-204-002-534-012,00000043728,1,1,KZ_BRAND_AND_SELECTED_SKUS,KZ_SKU_EVIDENCE_REQUIRED,https://www.vladmiva.ru/products/sfericheskie-uglovye/806-204-002-534-012/,vladmiva-dental-catalog.json
ВладМиВа official,ВладМиВа,876.204.002.030.014,806-204-002-534-014,00000023130,1,1,KZ_BRAND_AND_SELECTED_SKUS,KZ_SKU_EVIDENCE_REQUIRED,https://www.vladmiva.ru/products/sfericheskie-uglovye/806-204-002-534-014/,vladmiva-dental-catalog.json
ВладМиВа official,ВладМиВа,876.204.002.030.016,806-204-002-534-016,00000037922,1,1,KZ_BRAND_AND_SELECTED_SKUS,KZ_SKU_EVIDENCE_REQUIRED,https://www.vladmiva.ru/products/sfericheskie-uglovye/806-204-002-534-016/,vladmiva-dental-catalog.json
ВладМиВа official,ВладМиВа,876.204.002.035.018,806-204-002-534-018,00000038384,1,1,KZ_BRAND_AND_SELECTED_SKUS,KZ_SKU_EVIDENCE_REQUIRED,https://www.vladmiva.ru/products/sfericheskie-uglovye/806-204-002-534-018/,vladmiva-dental-catalog.json
ВладМиВа official,ВладМиВа,876.204.002.040.021,806-204-002-534-021,00000037911,1,1,KZ_BRAND_AND_SELECTED_SKUS,KZ_SKU_EVIDENCE_REQUIRED,https://www.vladmiva.ru/products/sfericheskie-uglovye/806-204-002-534-021/,vladmiva-dental-catalog.json
ВладМиВа official,ВладМиВа,876.204.002.045.023,806-204-002-534-023,00000055673,1,1,KZ_BRAND_AND_SELECTED_SKUS,KZ_SKU_EVIDENCE_REQUIRED,https://www.vladmiva.ru/products/sfericheskie-uglovye/806-204-002-534-023/,vladmiva-dental-catalog.json
ВладМиВа official,ВладМиВа,876.204.002.050.025,806-204-002-534-025,00000040501,1,1,KZ_BRAND_AND_SELECTED_SKUS,KZ_SKU_EVIDENCE_REQUIRED,https://www.vladmiva.ru/products/sfericheskie-uglovye/806-204-002-534-025/,vladmiva-dental-catalog.json
ВладМиВа official,ВладМиВа,876.204.164.100.012,806-204-166-534-012,00000068823,1,1,KZ_BRAND_AND_SELECTED_SKUS,KZ_SKU_EVIDENCE_REQUIRED,https://www.vladmiva.ru/products/sfericheskie-uglovye/806-204-166-534-012/,vladmiva-dental-catalog.json
ВладМиВа official,ВладМиВа,876.205.001.000.010,806-205-001-534-010,00000039766,1,1,KZ_BRAND_AND_SELECTED_SKUS,KZ_SKU_EVIDENCE_REQUIRED,https://www.vladmiva.ru/products/sfericheskie-uglovye/806-205-001-534-010/,vladmiva-dental-catalog.json
ВладМиВа official,ВладМиВа,876.205.001.000.012,806-205-001-534-012,00000012041,1,1,KZ_BRAND_AND_SELECTED_SKUS,KZ_SKU_EVIDENCE_REQUIRED,https://www.vladmiva.ru/products/sfericheskie-uglovye/806-205-001-534-012/,vladmiva-dental-catalog.json
ВладМиВа official,ВладМиВа,876.205.001.000.014,806-205-001-534-014,00000012010,1,1,KZ_BRAND_AND_SELECTED_SKUS,KZ_SKU_EVIDENCE_REQUIRED,https://www.vladmiva.ru/products/sfericheskie-uglovye/806-205-001-534-014/,vladmiva-dental-catalog.json
ВладМиВа official,ВладМиВа,876.205.001.000.016,806-205-001-534-016,00000012039,1,1,KZ_BRAND_AND_SELECTED_SKUS,KZ_SKU_EVIDENCE_REQUIRED,https://www.vladmiva.ru/products/sfericheskie-uglovye/806-205-001-534-016/,vladmiva-dental-catalog.json
ВладМиВа official,ВладМиВа,876.205.001.000.018,806-205-001-534-018,00000007665,1,1,KZ_BRAND_AND_SELECTED_SKUS,KZ_SKU_EVIDENCE_REQUIRED,https://www.vladmiva.ru/products/sfericheskie-uglovye/806-205-001-534-018/,vladmiva-dental-catalog.json
ВладМиВа official,ВладМиВа,876.205.001.000.021,806-205-001-534-021,00000012699,1,1,KZ_BRAND_AND_SELECTED_SKUS,KZ_SKU_EVIDENCE_REQUIRED,https://www.vladmiva.ru/products/sfericheskie-uglovye/806-205-001-534-021/,vladmiva-dental-catalog.json
ВладМиВа official,ВладМиВа,876.205.001.000.023,806-205-001-534-023,00000022081,1,1,KZ_BRAND_AND_SELECTED_SKUS,KZ_SKU_EVIDENCE_REQUIRED,https://www.vladmiva.ru/products/sfericheskie-uglovye/806-205-001-534-023/,vladmiva-dental-catalog.json
ВладМиВа official,ВладМиВа,876.205.001.000.027,806-205-001-534-027,00000038724,1,1,KZ_BRAND_AND_SELECTED_SKUS,KZ_SKU_EVIDENCE_REQUIRED,https://www.vladmiva.ru/products/sfericheskie-uglovye/806-205-001-534-027/,vladmiva-dental-catalog.json
ВладМиВа official,ВладМиВа,876.205.001.000.033,806-205-001-534-033,00000041820,1,1,KZ_BRAND_AND_SELECTED_SKUS,KZ_SKU_EVIDENCE_REQUIRED,https://www.vladmiva.ru/products/sfericheskie-uglovye/806-205-001-534-033/,vladmiva-dental-catalog.json
ВладМиВа official,ВладМиВа,836.204.245.100.010,806-204-250-504-010,00000020303,1,1,KZ_BRAND_AND_SELECTED_SKUS,KZ_SKU_EVIDENCE_REQUIRED,https://www.vladmiva.ru/products/tsilindricheskie-uglovye/806-204-250-504-010/,vladmiva-dental-catalog.json
ВладМиВа official,ВладМиВа,856.204.107.080.009,806-204-111-514-009,00000020301,1,1,KZ_BRAND_AND_SELECTED_SKUS,KZ_SKU_EVIDENCE_REQUIRED,https://www.vladmiva.ru/products/tsilindricheskie-uglovye/806-204-111-514-009/,vladmiva-dental-catalog.json
ВладМиВа official,ВладМиВа,856.204.137.080.010,806-204-141-514-010,00000023919,1,1,KZ_BRAND_AND_SELECTED_SKUS,KZ_SKU_EVIDENCE_REQUIRED,https://www.vladmiva.ru/products/tsilindricheskie-uglovye/806-204-141-514-010/,vladmiva-dental-catalog.json
ВладМиВа official,ВладМиВа,856.204.137.080.012,806-204-141-514-012,00000021073,1,1,KZ_BRAND_AND_SELECTED_SKUS,KZ_SKU_EVIDENCE_REQUIRED,https://www.vladmiva.ru/products/tsilindricheskie-uglovye/806-204-141-514-012/,vladmiva-dental-catalog.json
ВладМиВа official,ВладМиВа,856.204.245.080.014,806-204-249-514-014,00000020392,1,1,KZ_BRAND_AND_SELECTED_SKUS,KZ_SKU_EVIDENCE_REQUIRED,https://www.vladmiva.ru/products/tsilindricheskie-uglovye/806-204-249-514-014/,vladmiva-dental-catalog.json
ВладМиВа official,ВладМиВа,856.204.245.100.010,806-204-250-514-010,00000013265,1,1,KZ_BRAND_AND_SELECTED_SKUS,KZ_SKU_EVIDENCE_REQUIRED,https://www.vladmiva.ru/products/tsilindricheskie-uglovye/806-204-250-514-010/,vladmiva-dental-catalog.json
ВладМиВа official,ВладМиВа,856.204.245.100.012,806-204-250-514-012,00000043069,1,1,KZ_BRAND_AND_SELECTED_SKUS,KZ_SKU_EVIDENCE_REQUIRED,https://www.vladmiva.ru/products/tsilindricheskie-uglovye/806-204-250-514-012/,vladmiva-dental-catalog.json
ВладМиВа official,ВладМиВа,856.204.245.100.014,806-204-250-514-014,00000056299,1,1,KZ_BRAND_AND_SELECTED_SKUS,KZ_SKU_EVIDENCE_REQUIRED,https://www.vladmiva.ru/products/tsilindricheskie-uglovye/806-204-250-514-014/,vladmiva-dental-catalog.json
ВладМиВа official,ВладМиВа,866.204.107.040.010,806-204-109-524-010,00000018586,1,1,KZ_BRAND_AND_SELECTED_SKUS,KZ_SKU_EVIDENCE_REQUIRED,https://www.vladmiva.ru/products/tsilindricheskie-uglovye/806-204-109-524-010/,vladmiva-dental-catalog.json
ВладМиВа official,ВладМиВа,866.204.107.040.012,806-204-109-524-012,00000014952,1,1,KZ_BRAND_AND_SELECTED_SKUS,KZ_SKU_EVIDENCE_REQUIRED,https://www.vladmiva.ru/products/tsilindricheskie-uglovye/806-204-109-524-012/,vladmiva-dental-catalog.json
ВладМиВа official,ВладМиВа,866.204.107.060.010,806-204-110-524-010,00000016004,1,1,KZ_BRAND_AND_SELECTED_SKUS,KZ_SKU_EVIDENCE_REQUIRED,https://www.vladmiva.ru/products/tsilindricheskie-uglovye/806-204-110-524-010/,vladmiva-dental-catalog.json
ВладМиВа official,ВладМиВа,866.204.107.060.012,806-204-110-524-012,00000014955,1,1,KZ_BRAND_AND_SELECTED_SKUS,KZ_SKU_EVIDENCE_REQUIRED,https://www.vladmiva.ru/products/tsilindricheskie-uglovye/806-204-110-524-012/,vladmiva-dental-catalog.json
ВладМиВа official,ВладМиВа,866.204.107.060.014,806-204-110-524-014,00000014464,1,1,KZ_BRAND_AND_SELECTED_SKUS,KZ_SKU_EVIDENCE_REQUIRED,https://www.vladmiva.ru/products/tsilindricheskie-uglovye/806-204-110-524-014/,vladmiva-dental-catalog.json
ВладМиВа official,ВладМиВа,866.204.107.060.016,806-204-110-524-016,00000014456,1,1,KZ_BRAND_AND_SELECTED_SKUS,KZ_SKU_EVIDENCE_REQUIRED,https://www.vladmiva.ru/products/tsilindricheskie-uglovye/806-204-110-524-016/,vladmiva-dental-catalog.json
ВладМиВа official,ВладМиВа,866.204.107.060.018,806-204-110-524-018,00000017926,1,1,KZ_BRAND_AND_SELECTED_SKUS,KZ_SKU_EVIDENCE_REQUIRED,https://www.vladmiva.ru/products/tsilindricheskie-uglovye/806-204-110-524-018/,vladmiva-dental-catalog.json
ВладМиВа official,ВладМиВа,866.204.107.060.027,806-204-110-524-027,00000017607,1,1,KZ_BRAND_AND_SELECTED_SKUS,KZ_SKU_EVIDENCE_REQUIRED,https://www.vladmiva.ru/products/tsilindricheskie-uglovye/806-204-110-524-027/,vladmiva-dental-catalog.json
ВладМиВа official,ВладМиВа,866.204.107.080.010,806-204-111-524-010,00000021045,1,1,KZ_BRAND_AND_SELECTED_SKUS,KZ_SKU_EVIDENCE_REQUIRED,https://www.vladmiva.ru/products/tsilindricheskie-uglovye/806-204-111-524-010/,vladmiva-dental-catalog.json
ВладМиВа official,ВладМиВа,866.204.107.080.012,806-204-111-524-012,00000022495,1,1,KZ_BRAND_AND_SELECTED_SKUS,KZ_SKU_EVIDENCE_REQUIRED,https://www.vladmiva.ru/products/tsilindricheskie-uglovye/806-204-111-524-012/,vladmiva-dental-catalog.json
ВладМиВа official,ВладМиВа,866.204.107.080.014,806-204-111-524-014,00000022951,1,1,KZ_BRAND_AND_SELECTED_SKUS,KZ_SKU_EVIDENCE_REQUIRED,https://www.vladmiva.ru/products/tsilindricheskie-uglovye/806-204-111-524-014/,vladmiva-dental-catalog.json
ВладМиВа official,ВладМиВа,866.204.107.080.016,806-204-111-524-016,00000026605,1,1,KZ_BRAND_AND_SELECTED_SKUS,KZ_SKU_EVIDENCE_REQUIRED,https://www.vladmiva.ru/products/tsilindricheskie-uglovye/806-204-111-524-016/,vladmiva-dental-catalog.json
ВладМиВа official,ВладМиВа,866.204.137.060.012,806-204-140-524-012,00000014919,1,1,KZ_BRAND_AND_SELECTED_SKUS,KZ_SKU_EVIDENCE_REQUIRED,https://www.vladmiva.ru/products/tsilindricheskie-uglovye/806-204-140-524-012/,vladmiva-dental-catalog.json
ВладМиВа official,ВладМиВа,866.204.137.060.014,806-204-140-524-014,00000017606,1,1,KZ_BRAND_AND_SELECTED_SKUS,KZ_SKU_EVIDENCE_REQUIRED,https://www.vladmiva.ru/products/tsilindricheskie-uglovye/806-204-140-524-014/,vladmiva-dental-catalog.json
ВладМиВа official,ВладМиВа,866.204.137.080.012,806-204-141-524-012,00000014917,1,1,KZ_BRAND_AND_SELECTED_SKUS,KZ_SKU_EVIDENCE_REQUIRED,https://www.vladmiva.ru/products/tsilindricheskie-uglovye/806-204-141-524-012/,vladmiva-dental-catalog.json
ВладМиВа official,ВладМиВа,866.204.137.080.014,806-204-141-524-014,00000017757,1,1,KZ_BRAND_AND_SELECTED_SKUS,KZ_SKU_EVIDENCE_REQUIRED,https://www.vladmiva.ru/products/tsilindricheskie-uglovye/806-204-141-524-014/,vladmiva-dental-catalog.json
ВладМиВа official,ВладМиВа,866.204.245.080.014,806-204-249-524-014,00000048189,1,1,KZ_BRAND_AND_SELECTED_SKUS,KZ_SKU_EVIDENCE_REQUIRED,https://www.vladmiva.ru/products/tsilindricheskie-uglovye/806-204-249-524-014/,vladmiva-dental-catalog.json
ВладМиВа official,ВладМиВа,866.204.245.100.012,806-204-250-524-012,00000014700,1,1,KZ_BRAND_AND_SELECTED_SKUS,KZ_SKU_EVIDENCE_REQUIRED,https://www.vladmiva.ru/products/tsilindricheskie-uglovye/806-204-250-524-012/,vladmiva-dental-catalog.json
ВладМиВа official,ВладМиВа,866.204.245.100.016,806-204-250-524-016,00000017600,1,1,KZ_BRAND_AND_SELECTED_SKUS,KZ_SKU_EVIDENCE_REQUIRED,https://www.vladmiva.ru/products/tsilindricheskie-uglovye/806-204-250-524-016/,vladmiva-dental-catalog.json
ВладМиВа official,ВладМиВа,866.205.107.040.010,806-205-109-524-010,00000014555,1,1,KZ_BRAND_AND_SELECTED_SKUS,KZ_SKU_EVIDENCE_REQUIRED,https://www.vladmiva.ru/products/tsilindricheskie-uglovye/806-205-109-524-010/,vladmiva-dental-catalog.json
ВладМиВа official,ВладМиВа,866.205.107.040.012,806-205-109-524-012,00000014953,1,1,KZ_BRAND_AND_SELECTED_SKUS,KZ_SKU_EVIDENCE_REQUIRED,https://www.vladmiva.ru/products/tsilindricheskie-uglovye/806-205-109-524-012/,vladmiva-dental-catalog.json
ВладМиВа official,ВладМиВа,866.205.107.060.012,806-205-110-524-012,00000014733,1,1,KZ_BRAND_AND_SELECTED_SKUS,KZ_SKU_EVIDENCE_REQUIRED,https://www.vladmiva.ru/products/tsilindricheskie-uglovye/806-205-110-524-012/,vladmiva-dental-catalog.json
ВладМиВа official,ВладМиВа,866.205.107.060.014,806-205-110-524-014,00000014954,1,1,KZ_BRAND_AND_SELECTED_SKUS,KZ_SKU_EVIDENCE_REQUIRED,https://www.vladmiva.ru/products/tsilindricheskie-uglovye/806-205-110-524-014/,vladmiva-dental-catalog.json
ВладМиВа official,ВладМиВа,866.205.107.060.016,806-205-110-524-016,00000014950,1,1,KZ_BRAND_AND_SELECTED_SKUS,KZ_SKU_EVIDENCE_REQUIRED,https://www.vladmiva.ru/products/tsilindricheskie-uglovye/806-205-110-524-016/,vladmiva-dental-catalog.json
ВладМиВа official,ВладМиВа,866.205.107.060.018,806-205-110-524-018,00000018011,1,1,KZ_BRAND_AND_SELECTED_SKUS,KZ_SKU_EVIDENCE_REQUIRED,https://www.vladmiva.ru/products/tsilindricheskie-uglovye/806-205-110-524-018/,vladmiva-dental-catalog.json
ВладМиВа official,ВладМиВа,866.205.107.060.027,806-205-110-524-027,00000014281,1,1,KZ_BRAND_AND_SELECTED_SKUS,KZ_SKU_EVIDENCE_REQUIRED,https://www.vladmiva.ru/products/tsilindricheskie-uglovye/806-205-110-524-027/,vladmiva-dental-catalog.json
ВладМиВа official,ВладМиВа,866.205.137.060.012,806-205-140-524-012,00000017525,1,1,KZ_BRAND_AND_SELECTED_SKUS,KZ_SKU_EVIDENCE_REQUIRED,https://www.vladmiva.ru/products/tsilindricheskie-uglovye/806-205-140-524-012/,vladmiva-dental-catalog.json
ВладМиВа official,ВладМиВа,876.204.107.040.010,806-204-109-534-010,00000026780,1,1,KZ_BRAND_AND_SELECTED_SKUS,KZ_SKU_EVIDENCE_REQUIRED,https://www.vladmiva.ru/products/tsilindricheskie-uglovye/806-204-109-534-010/,vladmiva-dental-catalog.json
ВладМиВа official,ВладМиВа,876.204.107.060.010,806-204-110-534-010,00000023091,1,1,KZ_BRAND_AND_SELECTED_SKUS,KZ_SKU_EVIDENCE_REQUIRED,https://www.vladmiva.ru/products/tsilindricheskie-uglovye/806-204-110-534-010/,vladmiva-dental-catalog.json
ВладМиВа official,ВладМиВа,876.204.107.060.012,806-204-110-534-012,00000020376,1,1,KZ_BRAND_AND_SELECTED_SKUS,KZ_SKU_EVIDENCE_REQUIRED,https://www.vladmiva.ru/products/tsilindricheskie-uglovye/806-204-110-534-012/,vladmiva-dental-catalog.json
ВладМиВа official,ВладМиВа,876.204.107.060.014,806-204-110-534-014,00000021509,1,1,KZ_BRAND_AND_SELECTED_SKUS,KZ_SKU_EVIDENCE_REQUIRED,https://www.vladmiva.ru/products/tsilindricheskie-uglovye/806-204-110-534-014/,vladmiva-dental-catalog.json
ВладМиВа official,ВладМиВа,876.204.107.060.016,806-204-110-534-016,00000019009,1,1,KZ_BRAND_AND_SELECTED_SKUS,KZ_SKU_EVIDENCE_REQUIRED,https://www.vladmiva.ru/products/tsilindricheskie-uglovye/806-204-110-534-016/,vladmiva-dental-catalog.json
ВладМиВа official,ВладМиВа,876.204.107.060.018,806-204-110-534-018,00000034648,1,1,KZ_BRAND_AND_SELECTED_SKUS,KZ_SKU_EVIDENCE_REQUIRED,https://www.vladmiva.ru/products/tsilindricheskie-uglovye/806-204-110-534-018/,vladmiva-dental-catalog.json
ВладМиВа official,ВладМиВа,876.204.107.060.027,806-204-110-534-027,00000020304,1,1,KZ_BRAND_AND_SELECTED_SKUS,KZ_SKU_EVIDENCE_REQUIRED,https://www.vladmiva.ru/products/tsilindricheskie-uglovye/806-204-110-534-027/,vladmiva-dental-catalog.json
ВладМиВа official,ВладМиВа,876.204.107.080.010,806-204-111-534-010,00000029204,1,1,KZ_BRAND_AND_SELECTED_SKUS,KZ_SKU_EVIDENCE_REQUIRED,https://www.vladmiva.ru/products/tsilindricheskie-uglovye/806-204-111-534-010/,vladmiva-dental-catalog.json
ВладМиВа official,ВладМиВа,876.204.107.080.012,806-204-111-534-012,00000022485,1,1,KZ_BRAND_AND_SELECTED_SKUS,KZ_SKU_EVIDENCE_REQUIRED,https://www.vladmiva.ru/products/tsilindricheskie-uglovye/806-204-111-534-012/,vladmiva-dental-catalog.json
ВладМиВа official,ВладМиВа,876.204.107.080.014,806-204-111-534-014,00000025838,1,1,KZ_BRAND_AND_SELECTED_SKUS,KZ_SKU_EVIDENCE_REQUIRED,https://www.vladmiva.ru/products/tsilindricheskie-uglovye/806-204-111-534-014/,vladmiva-dental-catalog.json
ВладМиВа official,ВладМиВа,876.204.107.080.016,806-204-111-534-016,00000026606,1,1,KZ_BRAND_AND_SELECTED_SKUS,KZ_SKU_EVIDENCE_REQUIRED,https://www.vladmiva.ru/products/tsilindricheskie-uglovye/806-204-111-534-016/,vladmiva-dental-catalog.json
ВладМиВа official,ВладМиВа,876.204.137.060.012,806-204-140-534-012,00000020310,1,1,KZ_BRAND_AND_SELECTED_SKUS,KZ_SKU_EVIDENCE_REQUIRED,https://www.vladmiva.ru/products/tsilindricheskie-uglovye/806-204-140-534-012/,vladmiva-dental-catalog.json
ВладМиВа official,ВладМиВа,876.204.137.060.014,806-204-140-534-014,00000022494,1,1,KZ_BRAND_AND_SELECTED_SKUS,KZ_SKU_EVIDENCE_REQUIRED,https://www.vladmiva.ru/products/tsilindricheskie-uglovye/806-204-140-534-014/,vladmiva-dental-catalog.json
ВладМиВа official,ВладМиВа,876.204.137.080.012,806-204-141-534-012,00000024093,1,1,KZ_BRAND_AND_SELECTED_SKUS,KZ_SKU_EVIDENCE_REQUIRED,https://www.vladmiva.ru/products/tsilindricheskie-uglovye/806-204-141-534-012/,vladmiva-dental-catalog.json
ВладМиВа official,ВладМиВа,876.204.137.080.014,806-204-141-534-014,00000019001,1,1,KZ_BRAND_AND_SELECTED_SKUS,KZ_SKU_EVIDENCE_REQUIRED,https://www.vladmiva.ru/products/tsilindricheskie-uglovye/806-204-141-534-014/,vladmiva-dental-catalog.json
ВладМиВа official,ВладМиВа,876.204.245.100.016,806-204-250-534-016,00000019011,1,1,KZ_BRAND_AND_SELECTED_SKUS,KZ_SKU_EVIDENCE_REQUIRED,https://www.vladmiva.ru/products/tsilindricheskie-uglovye/806-204-250-534-016/,vladmiva-dental-catalog.json
ВладМиВа official,ВладМиВа,876.205.107.060.012,806-205-110-534-012,00000040325,1,1,KZ_BRAND_AND_SELECTED_SKUS,KZ_SKU_EVIDENCE_REQUIRED,https://www.vladmiva.ru/products/tsilindricheskie-uglovye/806-205-110-534-012/,vladmiva-dental-catalog.json
ВладМиВа official,ВладМиВа,876.205.107.060.014,806-205-110-534-014,00000022855,1,1,KZ_BRAND_AND_SELECTED_SKUS,KZ_SKU_EVIDENCE_REQUIRED,https://www.vladmiva.ru/products/tsilindricheskie-uglovye/806-205-110-534-014/,vladmiva-dental-catalog.json
ВладМиВа official,ВладМиВа,876.205.107.060.016,806-205-110-534-016,00000021046,1,1,KZ_BRAND_AND_SELECTED_SKUS,KZ_SKU_EVIDENCE_REQUIRED,https://www.vladmiva.ru/products/tsilindricheskie-uglovye/806-205-110-534-016/,vladmiva-dental-catalog.json
ВладМиВа official,ВладМиВа,876.205.107.060.018,806-205-110-534-018,00000055839,1,1,KZ_BRAND_AND_SELECTED_SKUS,KZ_SKU_EVIDENCE_REQUIRED,https://www.vladmiva.ru/products/tsilindricheskie-uglovye/806-205-110-534-018/,vladmiva-dental-catalog.json
ВладМиВа official,ВладМиВа,ЛОЖКА ОТТИСКНАЯ металлическая для верхней челюсти ЛОС-В №2 арт.50-2 МП,lozhka-ottisknaya-metall-verkh-los-v-2-art-50-2-mp-belmedinstrumenty,00000072560,1,1,KZ_BRAND_AND_SELECTED_SKUS,KZ_SKU_EVIDENCE_REQUIRED,https://www.vladmiva.ru/products/ortopedicheskie-i-zubotekhnicheskie-instrumenty/lozhka-ottisknaya-metall-verkh-los-v-2-art-50-2-mp-belmedinstrumenty/,vladmiva-dental-catalog.json
ВладМиВа official,ВладМиВа,ЛОЖКА ОТТИСКНАЯ металлическая для нижней челюсти ЛОС-Н №2 арт.50-5 МП,lozhka-ottisknaya-metall-niz-los-n-2-art-50-5-mp-belmedinstrumenty,00000072561,1,1,KZ_BRAND_AND_SELECTED_SKUS,KZ_SKU_EVIDENCE_REQUIRED,https://www.vladmiva.ru/products/ortopedicheskie-i-zubotekhnicheskie-instrumenty/lozhka-ottisknaya-metall-niz-los-n-2-art-50-5-mp-belmedinstrumenty/,vladmiva-dental-catalog.json
ВладМиВа official,ВладМиВа,ЛОЖКА ОТТИСКНАЯ перфорированная верхняя №2 арт. 786-1092U4,lozhka-ottisk-perforirovannaya-verkh-2-art-786-1092u4-belmedinstrumenty,00000072557,1,1,KZ_BRAND_AND_SELECTED_SKUS,KZ_SKU_EVIDENCE_REQUIRED,https://www.vladmiva.ru/products/ortopedicheskie-i-zubotekhnicheskie-instrumenty/lozhka-ottisk-perforirovannaya-verkh-2-art-786-1092u4-belmedinstrumenty/,vladmiva-dental-catalog.json
ВладМиВа official,ВладМиВа,ЛОЖКА ОТТИСКНАЯ перфорированная нижняя №2 арт. 786-1092L4,lozhka-ottisk-perforirovannaya-niz-2-art-786-1092l4-belmedinstrumenty,00000072558,1,1,KZ_BRAND_AND_SELECTED_SKUS,KZ_SKU_EVIDENCE_REQUIRED,https://www.vladmiva.ru/products/ortopedicheskie-i-zubotekhnicheskie-instrumenty/lozhka-ottisk-perforirovannaya-niz-2-art-786-1092l4-belmedinstrumenty/,vladmiva-dental-catalog.json
ВладМиВа official,ВладМиВа,МИКРОМЕТР ПО МЕТАЛЛУ арт.1668 ПП,mikrometr-po-metallu-art-1668-pp-belmedinstrumenty,00000071569,1,1,KZ_BRAND_AND_SELECTED_SKUS,KZ_SKU_EVIDENCE_REQUIRED,https://www.vladmiva.ru/products/ortopedicheskie-i-zubotekhnicheskie-instrumenty/mikrometr-po-metallu-art-1668-pp-belmedinstrumenty/,vladmiva-dental-catalog.json
ВладМиВа official,ВладМиВа,МОЛОТОК ЛАТУННЫЙ арт.240-2 МП,molotok-latunnyy-art-240-2-mp-belmedinstrumenty,00000071570,1,1,KZ_BRAND_AND_SELECTED_SKUS,KZ_SKU_EVIDENCE_REQUIRED,https://www.vladmiva.ru/products/ortopedicheskie-i-zubotekhnicheskie-instrumenty/molotok-latunnyy-art-240-2-mp-belmedinstrumenty/,vladmiva-dental-catalog.json
ВладМиВа official,ВладМиВа,МОЛОТОК СТАЛЬНОЙ арт.240-1,molotok-stalnoy-art-240-1-mp-belmedinstrumenty,00000071571,1,1,KZ_BRAND_AND_SELECTED_SKUS,KZ_SKU_EVIDENCE_REQUIRED,https://www.vladmiva.ru/products/ortopedicheskie-i-zubotekhnicheskie-instrumenty/molotok-stalnoy-art-240-1-mp-belmedinstrumenty/,vladmiva-dental-catalog.json
ВладМиВа official,ВладМиВа,НОЖ ДЛЯ ВОСКА арт.1700 ПП,nozh-dlya-voska-art-1700-pp-belmedinstrumenty,00000071572,1,1,KZ_BRAND_AND_SELECTED_SKUS,KZ_SKU_EVIDENCE_REQUIRED,https://www.vladmiva.ru/products/ortopedicheskie-i-zubotekhnicheskie-instrumenty/nozh-dlya-voska-art-1700-pp-belmedinstrumenty/,vladmiva-dental-catalog.json
ВладМиВа official,ВладМиВа,НОЖ ДЛЯ ВОСКА арт.1702 ПП,nozh-dlya-voska-art-1702-pp-belmedinstrumenty,00000071573,1,1,KZ_BRAND_AND_SELECTED_SKUS,KZ_SKU_EVIDENCE_REQUIRED,https://www.vladmiva.ru/products/ortopedicheskie-i-zubotekhnicheskie-instrumenty/nozh-dlya-voska-art-1702-pp-belmedinstrumenty/,vladmiva-dental-catalog.json
ВладМиВа official,ВладМиВа,НОЖ ДЛЯ ВОСКА арт.1703 ПП,nozh-dlya-voska-art-1703-pp-belmedinstrumenty,00000071574,1,1,KZ_BRAND_AND_SELECTED_SKUS,KZ_SKU_EVIDENCE_REQUIRED,https://www.vladmiva.ru/products/ortopedicheskie-i-zubotekhnicheskie-instrumenty/nozh-dlya-voska-art-1703-pp-belmedinstrumenty/,vladmiva-dental-catalog.json
ВладМиВа official,ВладМиВа,НОЖ ДЛЯ ВОСКА арт.1708 ПП,nozh-dlya-voska-art-1708-pp-belmedinstrumenty,00000071575,1,1,KZ_BRAND_AND_SELECTED_SKUS,KZ_SKU_EVIDENCE_REQUIRED,https://www.vladmiva.ru/products/ortopedicheskie-i-zubotekhnicheskie-instrumenty/nozh-dlya-voska-art-1708-pp-belmedinstrumenty/,vladmiva-dental-catalog.json
ВладМиВа official,ВладМиВа,НОЖ ДЛЯ ВОСКА арт.1710 ПП,nozh-dlya-voska-art-1710-pp-belmedinstrumenty,00000071576,1,1,KZ_BRAND_AND_SELECTED_SKUS,KZ_SKU_EVIDENCE_REQUIRED,https://www.vladmiva.ru/products/ortopedicheskie-i-zubotekhnicheskie-instrumenty/nozh-dlya-voska-art-1710-pp-belmedinstrumenty/,vladmiva-dental-catalog.json
ВладМиВа official,ВладМиВа,НОЖ ДЛЯ ВОСКА арт.1711 ПП,nozh-dlya-voska-art-1711-pp-belmedinstrumenty,00000071577,1,1,KZ_BRAND_AND_SELECTED_SKUS,KZ_SKU_EVIDENCE_REQUIRED,https://www.vladmiva.ru/products/ortopedicheskie-i-zubotekhnicheskie-instrumenty/nozh-dlya-voska-art-1711-pp-belmedinstrumenty/,vladmiva-dental-catalog.json
ВладМиВа official,ВладМиВа,НОЖ ДЛЯ ВОСКА арт.1712 ПП,nozh-dlya-voska-art-1712-pp-belmedinstrumenty,00000071578,1,1,KZ_BRAND_AND_SELECTED_SKUS,KZ_SKU_EVIDENCE_REQUIRED,https://www.vladmiva.ru/products/ortopedicheskie-i-zubotekhnicheskie-instrumenty/nozh-dlya-voska-art-1712-pp-belmedinstrumenty/,vladmiva-dental-catalog.json
ВладМиВа official,ВладМиВа,НОЖ ДЛЯ ВОСКА арт.1713 ПП,nozh-dlya-voska-art-1713-pp-belmedinstrumenty,00000071579,1,1,KZ_BRAND_AND_SELECTED_SKUS,KZ_SKU_EVIDENCE_REQUIRED,https://www.vladmiva.ru/products/ortopedicheskie-i-zubotekhnicheskie-instrumenty/nozh-dlya-voska-art-1713-pp-belmedinstrumenty/,vladmiva-dental-catalog.json
ВладМиВа official,ВладМиВа,НОЖ ДЛЯ ВОСКА арт.1714 ПП,nozh-dlya-gipsa-art-1714-pp-belmedinstrumenty,00000071580,1,1,KZ_BRAND_AND_SELECTED_SKUS,KZ_SKU_EVIDENCE_REQUIRED,https://www.vladmiva.ru/products/ortopedicheskie-i-zubotekhnicheskie-instrumenty/nozh-dlya-gipsa-art-1714-pp-belmedinstrumenty/,vladmiva-dental-catalog.json
ВладМиВа official,ВладМиВа,НОЖ ДЛЯ ВОСКА арт.1715 ПП,nozh-dlya-gipsa-art-1715-pp-belmedinstrumenty,00000071581,1,1,KZ_BRAND_AND_SELECTED_SKUS,KZ_SKU_EVIDENCE_REQUIRED,https://www.vladmiva.ru/products/ortopedicheskie-i-zubotekhnicheskie-instrumenty/nozh-dlya-gipsa-art-1715-pp-belmedinstrumenty/,vladmiva-dental-catalog.json
ВладМиВа official,ВладМиВа,НОЖ ДЛЯ ВОСКА арт.1716 ПП,nozh-dlya-gipsa-art-1716-pp-belmedinstrumenty,00000071582,1,1,KZ_BRAND_AND_SELECTED_SKUS,KZ_SKU_EVIDENCE_REQUIRED,https://www.vladmiva.ru/products/ortopedicheskie-i-zubotekhnicheskie-instrumenty/nozh-dlya-gipsa-art-1716-pp-belmedinstrumenty/,vladmiva-dental-catalog.json
ВладМиВа official,ВладМиВа,НОЖ ДЛЯ ВОСКА арт.1717 ПП,nozh-dlya-gipsa-art-1717-pp-belmedinstrumenty,00000071583,1,1,KZ_BRAND_AND_SELECTED_SKUS,KZ_SKU_EVIDENCE_REQUIRED,https://www.vladmiva.ru/products/ortopedicheskie-i-zubotekhnicheskie-instrumenty/nozh-dlya-gipsa-art-1717-pp-belmedinstrumenty/,vladmiva-dental-catalog.json
ВладМиВа official,ВладМиВа,НОЖНИЦЫ ДЛЯ КОРОНОК ВЕРТИКАЛЬНО-ИЗОГНУТЫЕ 125 мм арт. 200-1 ТП,nozhnitsy-d-koronok-vertikal-izognutye-125mm-art-200-1-tp-belmedinstrumenty,00000071568,1,1,KZ_BRAND_AND_SELECTED_SKUS,KZ_SKU_EVIDENCE_REQUIRED,https://www.vladmiva.ru/products/ortopedicheskie-i-zubotekhnicheskie-instrumenty/nozhnitsy-d-koronok-vertikal-izognutye-125mm-art-200-1-tp-belmedinstrumenty/,vladmiva-dental-catalog.json
ВладМиВа official,ВладМиВа,НОЖНИЦЫ ДЛЯ КОРОНОК ВЕРТИКАЛЬНО-ИЗОГНУТЫЕ 125 мм арт. 200-1 ТП,nozhnitsy-zubotekhnicheskie-po-metallu-bolshie-190mm-art-200-2-tp-belmedinstrumenty,00000080220,1,1,KZ_BRAND_AND_SELECTED_SKUS,KZ_SKU_EVIDENCE_REQUIRED,https://www.vladmiva.ru/products/ortopedicheskie-i-zubotekhnicheskie-instrumenty/nozhnitsy-zubotekhnicheskie-po-metallu-bolshie-190mm-art-200-2-tp-belmedinstrumenty/,vladmiva-dental-catalog.json
ВладМиВа official,ВладМиВа,ОККЛЮДАТОР арт.3418 ПП,okklyudator-art-3418-pp-belmedinstrumenty,00000071565,1,1,KZ_BRAND_AND_SELECTED_SKUS,KZ_SKU_EVIDENCE_REQUIRED,https://www.vladmiva.ru/products/ortopedicheskie-i-zubotekhnicheskie-instrumenty/okklyudator-art-3418-pp-belmedinstrumenty/,vladmiva-dental-catalog.json
ВладМиВа official,ВладМиВа,ОККЛЮДАТОР арт.3421 ПП,okklyudator-art-3421-pp-belmedinstrumenty,00000071566,1,1,KZ_BRAND_AND_SELECTED_SKUS,KZ_SKU_EVIDENCE_REQUIRED,https://www.vladmiva.ru/products/ortopedicheskie-i-zubotekhnicheskie-instrumenty/okklyudator-art-3421-pp-belmedinstrumenty/,vladmiva-dental-catalog.json
ВладМиВа official,ВладМиВа,ОККЛЮДАТОР арт.3422 ПП,okklyudator-art-3422-pp-belmedinstrumenty,00000071567,1,1,KZ_BRAND_AND_SELECTED_SKUS,KZ_SKU_EVIDENCE_REQUIRED,https://www.vladmiva.ru/products/ortopedicheskie-i-zubotekhnicheskie-instrumenty/okklyudator-art-3422-pp-belmedinstrumenty/,vladmiva-dental-catalog.json
ВладМиВа official,ВладМиВа,ОККЛЮДАТОР МАГНИТНЫЙ арт.3411 ПП,okklyudator-magnitnyy-art-3411-pp-belmedinstrumenty,00000071564,1,1,KZ_BRAND_AND_SELECTED_SKUS,KZ_SKU_EVIDENCE_REQUIRED,https://www.vladmiva.ru/products/ortopedicheskie-i-zubotekhnicheskie-instrumenty/okklyudator-magnitnyy-art-3411-pp-belmedinstrumenty/,vladmiva-dental-catalog.json
ВладМиВа official,ВладМиВа,РЕЗАК ДЛЯ ГИПСА 17 мм,rezak-dlya-gipsa-170mm-belmedinstrumenty,00000071584,1,1,KZ_BRAND_AND_SELECTED_SKUS,KZ_SKU_EVIDENCE_REQUIRED,https://www.vladmiva.ru/products/ortopedicheskie-i-zubotekhnicheskie-instrumenty/rezak-dlya-gipsa-170mm-belmedinstrumenty/,vladmiva-dental-catalog.json
ВладМиВа official,ВладМиВа,ШПАТЕЛЬ ДЛЯ ЦЕМЕНТА двухсторонний арт.102-3 МП,shpatel-dvukhstoronniy-d-tsementa-art-102-3-mp-belmedinstrumenty,00000072549,1,1,KZ_BRAND_AND_SELECTED_SKUS,KZ_SKU_EVIDENCE_REQUIRED,https://www.vladmiva.ru/products/ortopedicheskie-i-zubotekhnicheskie-instrumenty/shpatel-dvukhstoronniy-d-tsementa-art-102-3-mp-belmedinstrumenty/,vladmiva-dental-catalog.json
ВладМиВа official,ВладМиВа,ЩИПЦЫ КЛЮВОВИДНЫЕ ДЛЯ КОРОНОК арт. 220-1 МП,shchiptsy-klyuvovidnye-d-koronok-art-220-1mp-belmedinstrumenty,00000072559,1,1,KZ_BRAND_AND_SELECTED_SKUS,KZ_SKU_EVIDENCE_REQUIRED,https://www.vladmiva.ru/products/ortopedicheskie-i-zubotekhnicheskie-instrumenty/shchiptsy-klyuvovidnye-d-koronok-art-220-1mp-belmedinstrumenty/,vladmiva-dental-catalog.json
ВладМиВа official,ВладМиВа,ЩИПЦЫ КРАМПОННЫЕ №2 арт.220-2 МП,shchiptsy-kramponnye-2-art-220-2-mp-belmedinstrumenty,00000072556,1,1,KZ_BRAND_AND_SELECTED_SKUS,KZ_SKU_EVIDENCE_REQUIRED,https://www.vladmiva.ru/products/ortopedicheskie-i-zubotekhnicheskie-instrumenty/shchiptsy-kramponnye-2-art-220-2-mp-belmedinstrumenty/,vladmiva-dental-catalog.json
ВладМиВа official,ВладМиВа,ЩИПЦЫ КРАМПОННЫЕ ОРТОДОНТИЧЕСКИЕ арт.3247 ПП,shchiptsy-kramponnye-art-3247-pp-belmedinstrumenty,00000072555,1,1,KZ_BRAND_AND_SELECTED_SKUS,KZ_SKU_EVIDENCE_REQUIRED,https://www.vladmiva.ru/products/ortopedicheskie-i-zubotekhnicheskie-instrumenty/shchiptsy-kramponnye-art-3247-pp-belmedinstrumenty/,vladmiva-dental-catalog.json
ВладМиВа official,ВладМиВа,Гладилка двухсторонняя №6 арт. 10-2 МП /Белмединструменты,gladilka-dvukhstoronnyaya-6-art-10-2-mp-belmedinstrumenty,00000072548,1,1,KZ_BRAND_AND_SELECTED_SKUS,KZ_SKU_EVIDENCE_REQUIRED,https://www.vladmiva.ru/products/terapevticheskie-instrumenty/gladilka-dvukhstoronnyaya-6-art-10-2-mp-belmedinstrumenty/,vladmiva-dental-catalog.json
ВладМиВа official,ВладМиВа,ГЛАДИЛКА ДЛЯ МОДЕЛИРОВАНИЯ ПР арт.5000-2-1с ЮП,gladilka-d-modelirovaniya-sinyaya-pr-art-5000-2-1s-yup-belmedinstrumenty,00000071537,1,1,KZ_BRAND_AND_SELECTED_SKUS,KZ_SKU_EVIDENCE_REQUIRED,https://www.vladmiva.ru/products/terapevticheskie-instrumenty/gladilka-d-modelirovaniya-sinyaya-pr-art-5000-2-1s-yup-belmedinstrumenty/,vladmiva-dental-catalog.json
ВладМиВа official,ВладМиВа,ГЛАДИЛКА С КРУГЛОЙ ГОЛОВКОЙ №4 ПР синий арт.9000-6-4с ЮП,gladilka-s-krugloy-golovkoy-4-pr-siniy-art-9000-6-4s-yup-belmedinstrumenty,00000071540,1,1,KZ_BRAND_AND_SELECTED_SKUS,KZ_SKU_EVIDENCE_REQUIRED,https://www.vladmiva.ru/products/terapevticheskie-instrumenty/gladilka-s-krugloy-golovkoy-4-pr-siniy-art-9000-6-4s-yup-belmedinstrumenty/,vladmiva-dental-catalog.json
ВладМиВа official,ВладМиВа,ГЛАДИЛКА С КРУГЛОЙ ГОЛОВКОЙ №4 СР арт.9000-5-4 ЮП,gladilka-s-krugloy-golovkoy-4-sr-art-9000-5-4-yup-belmedinstrumenty,00000071528,1,1,KZ_BRAND_AND_SELECTED_SKUS,KZ_SKU_EVIDENCE_REQUIRED,https://www.vladmiva.ru/products/terapevticheskie-instrumenty/gladilka-s-krugloy-golovkoy-4-sr-art-9000-5-4-yup-belmedinstrumenty/,vladmiva-dental-catalog.json
ВладМиВа official,ВладМиВа,ГЛАДИЛКА СЕРПОВИДНАЯ арт.10-1 СП,gladilka-sharovidnaya-art-10-1-sp-belmedinstrumenty,00000071437,1,1,KZ_BRAND_AND_SELECTED_SKUS,KZ_SKU_EVIDENCE_REQUIRED,https://www.vladmiva.ru/products/terapevticheskie-instrumenty/gladilka-sharovidnaya-art-10-1-sp-belmedinstrumenty/,vladmiva-dental-catalog.json
ВладМиВа official,ВладМиВа,ГЛАДИЛКА СЕРПОВИДНАЯ арт.10-4 МП,gladilka-serpovidnaya-art-10-4-mp-belmedinstrumenty,00000071436,1,1,KZ_BRAND_AND_SELECTED_SKUS,KZ_SKU_EVIDENCE_REQUIRED,https://www.vladmiva.ru/products/terapevticheskie-instrumenty/gladilka-serpovidnaya-art-10-4-mp-belmedinstrumenty/,vladmiva-dental-catalog.json
ВладМиВа official,ВладМиВа,ГЛАДИЛКА ШГ 3 арт.10-7 МП,gladilka-shg-3-art-10-7-mp-belmedinstrumenty,00000071441,1,1,KZ_BRAND_AND_SELECTED_SKUS,KZ_SKU_EVIDENCE_REQUIRED,https://www.vladmiva.ru/products/terapevticheskie-instrumenty/gladilka-shg-3-art-10-7-mp-belmedinstrumenty/,vladmiva-dental-catalog.json
ВладМиВа official,ВладМиВа,ГЛАДИЛКА ШГ №1 арт.10-5 МП,gladilka-shg-1-art-10-5-mp-belmedinstrumenty,00000071439,1,1,KZ_BRAND_AND_SELECTED_SKUS,KZ_SKU_EVIDENCE_REQUIRED,https://www.vladmiva.ru/products/terapevticheskie-instrumenty/gladilka-shg-1-art-10-5-mp-belmedinstrumenty/,vladmiva-dental-catalog.json
ВладМиВа official,ВладМиВа,ГЛАДИЛКА ШГ №1 арт.10-8 СП,gladilka-shg-1-art-10-8-sp-belmedinstrumenty,00000071438,1,1,KZ_BRAND_AND_SELECTED_SKUS,KZ_SKU_EVIDENCE_REQUIRED,https://www.vladmiva.ru/products/terapevticheskie-instrumenty/gladilka-shg-1-art-10-8-sp-belmedinstrumenty/,vladmiva-dental-catalog.json
ВладМиВа official,ВладМиВа,ГЛАДИЛКА ШГ №2 арт. 10-6 МП,gladilka-shg-2-art-10-6-mp-belmedinstrumenty,00000071440,1,1,KZ_BRAND_AND_SELECTED_SKUS,KZ_SKU_EVIDENCE_REQUIRED,https://www.vladmiva.ru/products/terapevticheskie-instrumenty/gladilka-shg-2-art-10-6-mp-belmedinstrumenty/,vladmiva-dental-catalog.json
ВладМиВа official,ВладМиВа,ГЛАДИЛКА ШГ №2 арт.10-9 СП,gladilka-shg-2-art-10-9-sp-belmedinstrumenty,00000071442,1,1,KZ_BRAND_AND_SELECTED_SKUS,KZ_SKU_EVIDENCE_REQUIRED,https://www.vladmiva.ru/products/terapevticheskie-instrumenty/gladilka-shg-2-art-10-9-sp-belmedinstrumenty/,vladmiva-dental-catalog.json
ВладМиВа official,ВладМиВа,ГЛАДИЛКА ШГ №3 арт.10-10 СП,gladilka-shg-3-art-10-10-sp-belmedinstrumenty,00000071443,1,1,KZ_BRAND_AND_SELECTED_SKUS,KZ_SKU_EVIDENCE_REQUIRED,https://www.vladmiva.ru/products/terapevticheskie-instrumenty/gladilka-shg-3-art-10-10-sp-belmedinstrumenty/,vladmiva-dental-catalog.json
ВладМиВа official,ВладМиВа,ДЕРЖАТЕЛЬ ДЛЯ САЛФЕТОК /металл/арт.1051 ПП,derzhatel-d-salfetok-metallich-art-1051-pp-belmedinstrumenty,00000071560,1,1,KZ_BRAND_AND_SELECTED_SKUS,KZ_SKU_EVIDENCE_REQUIRED,https://www.vladmiva.ru/products/terapevticheskie-instrumenty/derzhatel-d-salfetok-metallich-art-1051-pp-belmedinstrumenty/,vladmiva-dental-catalog.json
ВладМиВа official,ВладМиВа,ДЕРЖАТЕЛЬ ДЛЯ САЛФЕТОК арт.1052 ПП,derzhatel-d-salfetok-art-1052-pp-belmedinstrumenty,00000071559,1,1,KZ_BRAND_AND_SELECTED_SKUS,KZ_SKU_EVIDENCE_REQUIRED,https://www.vladmiva.ru/products/terapevticheskie-instrumenty/derzhatel-d-salfetok-art-1052-pp-belmedinstrumenty/,vladmiva-dental-catalog.json
ВладМиВа official,ВладМиВа,ЗЕРКАЛО СТОМАТОЛОГИЧЕСКОЕ арт.1903 ПП,zerkalo-stomat-art-1903pp-belmedinstrumenty,00000071424,1,1,KZ_BRAND_AND_SELECTED_SKUS,KZ_SKU_EVIDENCE_REQUIRED,https://www.vladmiva.ru/products/terapevticheskie-instrumenty/zerkalo-stomat-art-1903pp-belmedinstrumenty/,vladmiva-dental-catalog.json
ВладМиВа official,ВладМиВа,ЗЕРКАЛО СТОМАТОЛОГИЧЕСКОЕ арт.1904 ПП,zerkalo-stomat-art-1904pp-belmedinstrumenty,00000071426,1,1,KZ_BRAND_AND_SELECTED_SKUS,KZ_SKU_EVIDENCE_REQUIRED,https://www.vladmiva.ru/products/terapevticheskie-instrumenty/zerkalo-stomat-art-1904pp-belmedinstrumenty/,vladmiva-dental-catalog.json
ВладМиВа official,ВладМиВа,ЗЕРКАЛО СТОМАТОЛОГИЧЕСКОЕ арт.1905 ПП,zerkalo-stomat-art-1905pp-belmedinstrumenty,00000071425,1,1,KZ_BRAND_AND_SELECTED_SKUS,KZ_SKU_EVIDENCE_REQUIRED,https://www.vladmiva.ru/products/terapevticheskie-instrumenty/zerkalo-stomat-art-1905pp-belmedinstrumenty/,vladmiva-dental-catalog.json
ВладМиВа official,ВладМиВа,ЗЕРКАЛО СТОМАТОЛОГИЧЕСКОЕ арт.1907 ПП,zerkalo-stomat-art-1907pp-belmedinstrumenty,00000071427,1,1,KZ_BRAND_AND_SELECTED_SKUS,KZ_SKU_EVIDENCE_REQUIRED,https://www.vladmiva.ru/products/terapevticheskie-instrumenty/zerkalo-stomat-art-1907pp-belmedinstrumenty/,vladmiva-dental-catalog.json
ВладМиВа official,ВладМиВа,ЗЕРКАЛО СТОМАТОЛОГИЧЕСКОЕ арт.1908 ПП,zerkalo-stomat-art-1908pp-belmedinstrumenty,00000071428,1,1,KZ_BRAND_AND_SELECTED_SKUS,KZ_SKU_EVIDENCE_REQUIRED,https://www.vladmiva.ru/products/terapevticheskie-instrumenty/zerkalo-stomat-art-1908pp-belmedinstrumenty/,vladmiva-dental-catalog.json
ВладМиВа official,ВладМиВа,ЗЕРКАЛО СТОМАТОЛОГИЧЕСКОЕ арт.1909 ПП,zerkalo-stomat-art-1909pp-belmedinstrumenty,00000071429,1,1,KZ_BRAND_AND_SELECTED_SKUS,KZ_SKU_EVIDENCE_REQUIRED,https://www.vladmiva.ru/products/terapevticheskie-instrumenty/zerkalo-stomat-art-1909pp-belmedinstrumenty/,vladmiva-dental-catalog.json
ВладМиВа official,ВладМиВа,ЗОНД ЗАКРУГЛЕННЫЙ И ШТОПФЕР КОНУСООБРАЗНЫЙ ПР арт.5000-2-3с,zond-zakruglen-i-shtopfer-konusoobr-pr-art-5000-2-3s-yup-belmedinstrumenty,00000071539,1,1,KZ_BRAND_AND_SELECTED_SKUS,KZ_SKU_EVIDENCE_REQUIRED,https://www.vladmiva.ru/products/terapevticheskie-instrumenty/zond-zakruglen-i-shtopfer-konusoobr-pr-art-5000-2-3s-yup-belmedinstrumenty/,vladmiva-dental-catalog.json
ВладМиВа official,ВладМиВа,ЗОНД ЗАКРУГЛЕННЫЙ И ШТОПФЕР КОНУСООБРАЗНЫЙ СР арт. 5000-1-3 ЛМП,zond-zakruglen-i-shtopfer-konusoobr-sr-art-5000-1-3-lmp-belmedinstrumenty,00000071527,1,1,KZ_BRAND_AND_SELECTED_SKUS,KZ_SKU_EVIDENCE_REQUIRED,https://www.vladmiva.ru/products/terapevticheskie-instrumenty/zond-zakruglen-i-shtopfer-konusoobr-sr-art-5000-1-3-lmp-belmedinstrumenty/,vladmiva-dental-catalog.json
ВладМиВа official,ВладМиВа,ЗОНД ИЗОГНУТЫЙ арт.30-3 МП,zond-izognutyy-art-30-3-mp-belmedinstrumenty,00000071445,1,1,KZ_BRAND_AND_SELECTED_SKUS,KZ_SKU_EVIDENCE_REQUIRED,https://www.vladmiva.ru/products/terapevticheskie-instrumenty/zond-izognutyy-art-30-3-mp-belmedinstrumenty/,vladmiva-dental-catalog.json
ВладМиВа official,ВладМиВа,ЗОНД ИЗОГНУТЫЙ арт.30-4 МП,zond-serpovidnyy-art-30-4-mp-belmedinstrumenty,00000072532,1,1,KZ_BRAND_AND_SELECTED_SKUS,KZ_SKU_EVIDENCE_REQUIRED,https://www.vladmiva.ru/products/terapevticheskie-instrumenty/zond-serpovidnyy-art-30-4-mp-belmedinstrumenty/,vladmiva-dental-catalog.json
ВладМиВа official,ВладМиВа,ЗОНД ИЗОГНУТЫЙ С ЧЕРНОЙ РУЧКОЙ арт.9000-8-1 ЮП,zond-izognutyy-s-chernoy-ruchkoy-art-9000-8-1-yup-belmedinstrumenty,00000071546,1,1,KZ_BRAND_AND_SELECTED_SKUS,KZ_SKU_EVIDENCE_REQUIRED,https://www.vladmiva.ru/products/terapevticheskie-instrumenty/zond-izognutyy-s-chernoy-ruchkoy-art-9000-8-1-yup-belmedinstrumenty/,vladmiva-dental-catalog.json
ВладМиВа official,ВладМиВа,ЗОНД ИЗОГНУТЫЙ СР арт.9000-2-1 ЮП,zond-izognutyy-sr-art-9000-2-1-yup-belmedinstrumenty,00000071529,1,1,KZ_BRAND_AND_SELECTED_SKUS,KZ_SKU_EVIDENCE_REQUIRED,https://www.vladmiva.ru/products/terapevticheskie-instrumenty/zond-izognutyy-sr-art-9000-2-1-yup-belmedinstrumenty/,vladmiva-dental-catalog.json
ВладМиВа official,ВладМиВа,ЗОНД ИЗОГНУТЫЙ/ L=15мм/ арт. 30-1 СП,zond-izognutyy-l-15mm-art-30-1-belmedinstrumenty,00000071444,1,1,KZ_BRAND_AND_SELECTED_SKUS,KZ_SKU_EVIDENCE_REQUIRED,https://www.vladmiva.ru/products/terapevticheskie-instrumenty/zond-izognutyy-l-15mm-art-30-1-belmedinstrumenty/,vladmiva-dental-catalog.json
ВладМиВа official,ВладМиВа,ИНСТРУМЕНТ ДЛЯ СНЯТИЯ ЗУБНЫХ ОТЛОЖЕНИЙ/ желобоватый синий № 2 СР/арт. 4000-2-2 ЮП,instrument-zhelobovatyy-d-snyatiya-zub-otlozheniy-siniy-2-sr-art-4000-2-2-yup-belmedinstrumenty,00000071433,1,2,KZ_BRAND_AND_SELECTED_SKUS,KZ_SKU_EVIDENCE_REQUIRED,https://www.vladmiva.ru/products/terapevticheskie-instrumenty/instrument-zhelobovatyy-d-snyatiya-zub-otlozheniy-siniy-2-sr-art-4000-2-2-yup-belmedinstrumenty/,vladmiva-dental-catalog.json
ВладМиВа official,ВладМиВа,ИНСТРУМЕНТ ДЛЯ СНЯТИЯ ЗУБНЫХ ОТЛОЖЕНИЙ/ серповидный № 1 СР красный/ арт.4000-2-1 ЮП,instrument-d-snyatiya-zub-otlozheniy-serpovidnyy-1sr-krasnyy-art-4000-2-1-yup-belmedinstrumenty,00000071530,1,1,KZ_BRAND_AND_SELECTED_SKUS,KZ_SKU_EVIDENCE_REQUIRED,https://www.vladmiva.ru/products/terapevticheskie-instrumenty/instrument-d-snyatiya-zub-otlozheniy-serpovidnyy-1sr-krasnyy-art-4000-2-1-yup-belmedinstrumenty/,vladmiva-dental-catalog.json
ВладМиВа official,ВладМиВа,ИНСТРУМЕНТ ДЛЯ СНЯТИЯ ЗУБНЫХ ОТЛОЖЕНИЙ/копьевидный № 3 СР желтый/арт 4000-2-3 ЮП,instrument-d-snyatiya-zub-otlozheniy-kopevidnyy-3-sr-zheltyy-art-4000-2-3-yup-belmedinstrumenty,00000071532,1,2,KZ_BRAND_AND_SELECTED_SKUS,KZ_SKU_EVIDENCE_REQUIRED,https://www.vladmiva.ru/products/terapevticheskie-instrumenty/instrument-d-snyatiya-zub-otlozheniy-kopevidnyy-3-sr-zheltyy-art-4000-2-3-yup-belmedinstrumenty/,vladmiva-dental-catalog.json
ВладМиВа official,ВладМиВа,ИНСТРУМЕНТ ДЛЯ УДАЛЕНИЯ ИЗЛИШКОВ МАТЕРИАЛА синий ПР арт. 5000-2-5с ЮП,instrument-d-udaleniya-izlishkov-materiala-siniy-pr-art-5000-2-5s-yup-belmedinstrumenty,00000071434,1,2,KZ_BRAND_AND_SELECTED_SKUS,KZ_SKU_EVIDENCE_REQUIRED,https://www.vladmiva.ru/products/terapevticheskie-instrumenty/instrument-d-udaleniya-izlishkov-materiala-siniy-pr-art-5000-2-5s-yup-belmedinstrumenty/,vladmiva-dental-catalog.json
ВладМиВа official,ВладМиВа,КАССЕТА СТЕРИЛИЗАЦИОННАЯ КСИ-6 арт.120-9 ЮП,kasseta-sterilizatsion-ksi-6-art-120-9-yup-belmedinstrumenty,00000071452,1,1,KZ_BRAND_AND_SELECTED_SKUS,KZ_SKU_EVIDENCE_REQUIRED,https://www.vladmiva.ru/products/terapevticheskie-instrumenty/kasseta-sterilizatsion-ksi-6-art-120-9-yup-belmedinstrumenty/,vladmiva-dental-catalog.json
ВладМиВа official,ВладМиВа,КАССЕТА СТЕРИЛИЗАЦИОННАЯ КСИ-6 арт.120-9 ЮП,kasseta-sterilizatsion-ksii-16-art-120-10-yup-belmedinstrumenty,00000083754,1,1,KZ_BRAND_AND_SELECTED_SKUS,KZ_SKU_EVIDENCE_REQUIRED,https://www.vladmiva.ru/products/terapevticheskie-instrumenty/kasseta-sterilizatsion-ksii-16-art-120-10-yup-belmedinstrumenty/,vladmiva-dental-catalog.json
ВладМиВа official,ВладМиВа,КЮРЕТКА СЕРПОВИДНАЯ № 1 СР арт.4000-2-1 ЮП,kyuretka-sepovidnaya-1-sr-art-4000-2-1-yup-belmedinstrumenty,00000071531,1,1,KZ_BRAND_AND_SELECTED_SKUS,KZ_SKU_EVIDENCE_REQUIRED,https://www.vladmiva.ru/products/terapevticheskie-instrumenty/kyuretka-sepovidnaya-1-sr-art-4000-2-1-yup-belmedinstrumenty/,vladmiva-dental-catalog.json
ВладМиВа official,ВладМиВа,ЛОТОК ПОЧКООБРАЗНЫЙ МЕТАЛЛИЧЕСКИЙ арт.3519 ПП,lotok-pochkoobraz-metallicheskiy-art-3519-pp-belmedinstrumenty,00000071558,1,1,KZ_BRAND_AND_SELECTED_SKUS,KZ_SKU_EVIDENCE_REQUIRED,https://www.vladmiva.ru/products/terapevticheskie-instrumenty/lotok-pochkoobraz-metallicheskiy-art-3519-pp-belmedinstrumenty/,vladmiva-dental-catalog.json
ВладМиВа official,ВладМиВа,НАБОР ДЛЯ РАББЕРДАМА арт.200 ЮП,nabor-dlya-rabberdama-200-yup-belmedinstrumenty,00000071423,1,2,KZ_BRAND_AND_SELECTED_SKUS,KZ_SKU_EVIDENCE_REQUIRED,https://www.vladmiva.ru/products/terapevticheskie-instrumenty/nabor-dlya-rabberdama-200-yup-belmedinstrumenty/,vladmiva-dental-catalog.json
ВладМиВа official,ВладМиВа,Набор инструментов д/хирургич.манипуляций 90 ЮПП /Белмединструменты,nabor-instrumentov-d-khirurgich-manipulyatsiy-90-yupp-belmedinstrumenty,00000072534,1,1,KZ_BRAND_AND_SELECTED_SKUS,KZ_SKU_EVIDENCE_REQUIRED,https://www.vladmiva.ru/products/terapevticheskie-instrumenty/nabor-instrumentov-d-khirurgich-manipulyatsiy-90-yupp-belmedinstrumenty/,vladmiva-dental-catalog.json
ВладМиВа official,ВладМиВа,НАБОР ИНСТРУМЕНТОВ ДЛЯ МОДЕЛИРОВАНИЯ арт. 5000-1 ЛМП,nabor-instrumentov-d-modelirovaniya-5000-1-lmp-belmedinstrumenty,00-00071419,1,1,KZ_BRAND_AND_SELECTED_SKUS,KZ_SKU_EVIDENCE_REQUIRED,https://www.vladmiva.ru/products/terapevticheskie-instrumenty/nabor-instrumentov-d-modelirovaniya-5000-1-lmp-belmedinstrumenty/,vladmiva-dental-catalog.json
ВладМиВа official,ВладМиВа,НАБОР ИНСТРУМЕНТОВ ДЛЯ МОДЕЛИРОВАНИЯ арт. 5000-2с ЛМП,nabor-instrumentov-d-modelirovaniya-5000-2s-lmp-belmedinstrumenty,00-00071422,1,1,KZ_BRAND_AND_SELECTED_SKUS,KZ_SKU_EVIDENCE_REQUIRED,https://www.vladmiva.ru/products/terapevticheskie-instrumenty/nabor-instrumentov-d-modelirovaniya-5000-2s-lmp-belmedinstrumenty/,vladmiva-dental-catalog.json
ВладМиВа official,ВладМиВа,НАБОР ИНСТРУМЕНТОВ ДЛЯ ОТКРЫТОГО СИНУС-ЛИФТИНГА арт. 126-7 ЮП,nabor-instrumentov-d-otkrytogo-sinus-liftinga126-7-yup-belmedinstrumenty,00000071526,1,2,KZ_BRAND_AND_SELECTED_SKUS,KZ_SKU_EVIDENCE_REQUIRED,https://www.vladmiva.ru/products/terapevticheskie-instrumenty/nabor-instrumentov-d-otkrytogo-sinus-liftinga126-7-yup-belmedinstrumenty/,vladmiva-dental-catalog.json
ВладМиВа official,ВладМиВа,НАБОР ИНСТРУМЕНТОВ ДЛЯ ПЛОМБИРОВАНИЯ арт.9000-5 ЮП,nabor-instrumentov-d-plombirovaniya-9000-5-yup-belmedinstrumenty,00-00071417,1,1,KZ_BRAND_AND_SELECTED_SKUS,KZ_SKU_EVIDENCE_REQUIRED,https://www.vladmiva.ru/products/terapevticheskie-instrumenty/nabor-instrumentov-d-plombirovaniya-9000-5-yup-belmedinstrumenty/,vladmiva-dental-catalog.json
ВладМиВа official,ВладМиВа,НАБОР ИНСТРУМЕНТОВ ДЛЯ ПЛОМБИРОВАНИЯ арт.9000-6с ЮП,nabor-instrumentov-d-plombirovaniya-9000-6s-yup-belmedinstrumenty,00-00071418,1,1,KZ_BRAND_AND_SELECTED_SKUS,KZ_SKU_EVIDENCE_REQUIRED,https://www.vladmiva.ru/products/terapevticheskie-instrumenty/nabor-instrumentov-d-plombirovaniya-9000-6s-yup-belmedinstrumenty/,vladmiva-dental-catalog.json
ВладМиВа official,ВладМиВа,НАБОР ИНСТРУМЕНТОВ ДЛЯ СНЯТИЯ ЗУБНЫХ ОТЛОЖЕНИЙ арт. 4000-1 ЮП,nabor-instrumentov-d-snyatiya-zub-otlozheniy-4000-1-yup-belmedinstrumenty,00000071411,1,1,KZ_BRAND_AND_SELECTED_SKUS,KZ_SKU_EVIDENCE_REQUIRED,https://www.vladmiva.ru/products/terapevticheskie-instrumenty/nabor-instrumentov-d-snyatiya-zub-otlozheniy-4000-1-yup-belmedinstrumenty/,vladmiva-dental-catalog.json
ВладМиВа official,ВладМиВа,НАБОР ИНСТРУМЕНТОВ ДЛЯ СНЯТИЯ ЗУБНЫХ ОТЛОЖЕНИЙ арт. 4000-2 ЮП,nabor-instrumentov-d-snyatiya-zub-otlozheniy-4000-2-yup-belmedinstrumenty,00-00071412,1,1,KZ_BRAND_AND_SELECTED_SKUS,KZ_SKU_EVIDENCE_REQUIRED,https://www.vladmiva.ru/products/terapevticheskie-instrumenty/nabor-instrumentov-d-snyatiya-zub-otlozheniy-4000-2-yup-belmedinstrumenty/,vladmiva-dental-catalog.json
ВладМиВа official,ВладМиВа,НАБОР ИНСТРУМЕНТОВ ДЛЯ СНЯТИЯ ЗУБНЫХ ОТЛОЖЕНИЙ арт. 4000-3с ЮП,nabor-instrumentov-d-snyatiya-zub-otlozheniy-4000-3s-yup-belmedinstrumenty,00-00071413,1,1,KZ_BRAND_AND_SELECTED_SKUS,KZ_SKU_EVIDENCE_REQUIRED,https://www.vladmiva.ru/products/terapevticheskie-instrumenty/nabor-instrumentov-d-snyatiya-zub-otlozheniy-4000-3s-yup-belmedinstrumenty/,vladmiva-dental-catalog.json
ВладМиВа official,ВладМиВа,НАБОР ИНСТРУМЕНТОВ ДЛЯ СНЯТИЯ ЗУБНЫХ ОТЛОЖЕНИЙ арт. 9000-1 ЮП,nabor-instrumentov-d-snyatiya-zub-otlozheniy-9000-1-yup-belmedinstrumenty,00-00071414,1,2,KZ_BRAND_AND_SELECTED_SKUS,KZ_SKU_EVIDENCE_REQUIRED,https://www.vladmiva.ru/products/terapevticheskie-instrumenty/nabor-instrumentov-d-snyatiya-zub-otlozheniy-9000-1-yup-belmedinstrumenty/,vladmiva-dental-catalog.json
ВладМиВа official,ВладМиВа,НАБОР ИНСТРУМЕНТОВ ДЛЯ СНЯТИЯ ЗУБНЫХ ОТЛОЖЕНИЙ арт. 9000-2 ЮП,nabor-instrumentov-d-snyatiya-zub-otlozheniy-9000-2-yup-belmedinstrumenty,00-00071415,1,2,KZ_BRAND_AND_SELECTED_SKUS,KZ_SKU_EVIDENCE_REQUIRED,https://www.vladmiva.ru/products/terapevticheskie-instrumenty/nabor-instrumentov-d-snyatiya-zub-otlozheniy-9000-2-yup-belmedinstrumenty/,vladmiva-dental-catalog.json
ВладМиВа official,ВладМиВа,НАБОР ИНСТРУМЕНТОВ ДЛЯ СНЯТИЯ ЗУБНЫХ ОТЛОЖЕНИЙ арт. 9000-3с ЮП,nabor-instrumentov-d-snyatiya-zub-otlozheniy-9000-3s-yup-belmedinstrumenty,00-00071416,1,1,KZ_BRAND_AND_SELECTED_SKUS,KZ_SKU_EVIDENCE_REQUIRED,https://www.vladmiva.ru/products/terapevticheskie-instrumenty/nabor-instrumentov-d-snyatiya-zub-otlozheniy-9000-3s-yup-belmedinstrumenty/,vladmiva-dental-catalog.json
ВладМиВа official,ВладМиВа,ПОДСТАВКА ПОД БОРЫ 16 отверстий арт.1145 ПП,podstavka-pod-bory-16-otverstiy-art-1145-pp-belmedinstrumenty,00000071548,1,1,KZ_BRAND_AND_SELECTED_SKUS,KZ_SKU_EVIDENCE_REQUIRED,https://www.vladmiva.ru/products/terapevticheskie-instrumenty/podstavka-pod-bory-16-otverstiy-art-1145-pp-belmedinstrumenty/,vladmiva-dental-catalog.json
ВладМиВа official,ВладМиВа,ПОДСТАВКА ПОД БОРЫ 30 отверстий арт.1145 ПП,podstavka-pod-bory-30-otverstiy-art-1145-pp-belmedinstrumenty,00000071549,1,1,KZ_BRAND_AND_SELECTED_SKUS,KZ_SKU_EVIDENCE_REQUIRED,https://www.vladmiva.ru/products/terapevticheskie-instrumenty/podstavka-pod-bory-30-otverstiy-art-1145-pp-belmedinstrumenty/,vladmiva-dental-catalog.json
ВладМиВа official,ВладМиВа,ПОДСТАВКА-СТЕРИЛИЗАТОР на 10 боров ПСБ - 10/арт. 130-6,podstavka-sterilizator-na-10-borov-psb-10-art-130-6-yup-belmedinstrumenty,00000071550,1,1,KZ_BRAND_AND_SELECTED_SKUS,KZ_SKU_EVIDENCE_REQUIRED,https://www.vladmiva.ru/products/terapevticheskie-instrumenty/podstavka-sterilizator-na-10-borov-psb-10-art-130-6-yup-belmedinstrumenty/,vladmiva-dental-catalog.json
ВладМиВа official,ВладМиВа,ПОДСТАВКА-СТЕРИЛИЗАТОР на 12 боров ПСБ - 12/арт. 130-7в,podstavka-sterilizator-na-12-borov-psb-12v-art-130-7v-yup-belmedinstrumenty,00000071551,1,1,KZ_BRAND_AND_SELECTED_SKUS,KZ_SKU_EVIDENCE_REQUIRED,https://www.vladmiva.ru/products/terapevticheskie-instrumenty/podstavka-sterilizator-na-12-borov-psb-12v-art-130-7v-yup-belmedinstrumenty/,vladmiva-dental-catalog.json
ВладМиВа official,ВладМиВа,ПОДСТАВКА-СТЕРИЛИЗАТОР на 4 бора ПСБ - 4в/арт. 130-1в,podstavka-sterilizator-na-4-bora-psb-4v-art-130-1v-yup-belmedinstrumenty,00000071552,1,1,KZ_BRAND_AND_SELECTED_SKUS,KZ_SKU_EVIDENCE_REQUIRED,https://www.vladmiva.ru/products/terapevticheskie-instrumenty/podstavka-sterilizator-na-4-bora-psb-4v-art-130-1v-yup-belmedinstrumenty/,vladmiva-dental-catalog.json
ВладМиВа official,ВладМиВа,ПОДСТАВКА-СТЕРИЛИЗАТОР на 4 бора ПСБ - 4Н/арт. 130-1н,podstavka-sterilizator-na-4-bora-psb-4n-art-130-1n-yup-belmedinstrumenty,00000071553,1,1,KZ_BRAND_AND_SELECTED_SKUS,KZ_SKU_EVIDENCE_REQUIRED,https://www.vladmiva.ru/products/terapevticheskie-instrumenty/podstavka-sterilizator-na-4-bora-psb-4n-art-130-1n-yup-belmedinstrumenty/,vladmiva-dental-catalog.json
ВладМиВа official,ВладМиВа,ПОДСТАВКА-СТЕРИЛИЗАТОР на 6 боров ПСБ - 6.2в/арт. 130-3в (2),podstavka-sterilizator-na-6-borov-psb-6-2v-art-130-3v-2-yup-belmedinstrumenty,00000071554,1,1,KZ_BRAND_AND_SELECTED_SKUS,KZ_SKU_EVIDENCE_REQUIRED,https://www.vladmiva.ru/products/terapevticheskie-instrumenty/podstavka-sterilizator-na-6-borov-psb-6-2v-art-130-3v-2-yup-belmedinstrumenty/,vladmiva-dental-catalog.json
ВладМиВа official,ВладМиВа,ПОДСТАВКА-СТЕРИЛИЗАТОР на 6 боров ПСБ - 6.2Н/арт. 130-3н ЮП,podstavka-sterilizator-na-6-borov-psb-6-2n-art-130-3n-yup-belmedinstrumenty,00000071555,1,1,KZ_BRAND_AND_SELECTED_SKUS,KZ_SKU_EVIDENCE_REQUIRED,https://www.vladmiva.ru/products/terapevticheskie-instrumenty/podstavka-sterilizator-na-6-borov-psb-6-2n-art-130-3n-yup-belmedinstrumenty/,vladmiva-dental-catalog.json
ВладМиВа official,ВладМиВа,ПОДСТАВКА-СТЕРИЛИЗАТОР на 6 боров с держателем ПСБ - 6к/арт. 130-4 ЮП,podstavka-sterilizator-na-6-borov-s-derzhat-psb-6k-art-130-4-yup-belmedinstrumenty,00000071556,1,1,KZ_BRAND_AND_SELECTED_SKUS,KZ_SKU_EVIDENCE_REQUIRED,https://www.vladmiva.ru/products/terapevticheskie-instrumenty/podstavka-sterilizator-na-6-borov-s-derzhat-psb-6k-art-130-4-yup-belmedinstrumenty/,vladmiva-dental-catalog.json
ВладМиВа official,ВладМиВа,ПОДСТАВКА-СТЕРИЛИЗАТОР на 8 боров ПСБ - 8/арт. 130-5 ЮП,podstavka-sterilizator-na-8-borov-psb-8-art-130-5-yup-belmedinstrumenty,00000071557,1,1,KZ_BRAND_AND_SELECTED_SKUS,KZ_SKU_EVIDENCE_REQUIRED,https://www.vladmiva.ru/products/terapevticheskie-instrumenty/podstavka-sterilizator-na-8-borov-psb-8-art-130-5-yup-belmedinstrumenty/,vladmiva-dental-catalog.json
ВладМиВа official,ВладМиВа,РУЧКА ДЛЯ ЗЕРКАЛА арт.100-1 СП,ruchka-dlya-zerkala-art-100-1sp-belmedinstrumenty,00000071431,1,1,KZ_BRAND_AND_SELECTED_SKUS,KZ_SKU_EVIDENCE_REQUIRED,https://www.vladmiva.ru/products/terapevticheskie-instrumenty/ruchka-dlya-zerkala-art-100-1sp-belmedinstrumenty/,vladmiva-dental-catalog.json
ВладМиВа official,ВладМиВа,РУЧКА ДЛЯ ЗЕРКАЛА арт.100-2МП,ruchka-dlya-zerkala-art-100-2mp-belmedinstrumenty,00000071430,1,1,KZ_BRAND_AND_SELECTED_SKUS,KZ_SKU_EVIDENCE_REQUIRED,https://www.vladmiva.ru/products/terapevticheskie-instrumenty/ruchka-dlya-zerkala-art-100-2mp-belmedinstrumenty/,vladmiva-dental-catalog.json
ВладМиВа official,ВладМиВа,СТЕРИЛИЗАТОР для боров 90х45х17/арт 101-4СП,sterilizator-d-borov-90kh45kh17-art-101-4sp-belmedinstrumenty,00000071547,1,1,KZ_BRAND_AND_SELECTED_SKUS,KZ_SKU_EVIDENCE_REQUIRED,https://www.vladmiva.ru/products/terapevticheskie-instrumenty/sterilizator-d-borov-90kh45kh17-art-101-4sp-belmedinstrumenty/,vladmiva-dental-catalog.json
ВладМиВа official,ВладМиВа,ШТОПФЕР ДЛЯ МОДЕЛИРОВАНИЯ/зеленый СР/арт.5000-1-2 ЛМП,shtopfer-d-modelirovaniya-zelenyy-sr-art-5000-1-2-lmp-belmedinstrumenty,00000071534,1,1,KZ_BRAND_AND_SELECTED_SKUS,KZ_SKU_EVIDENCE_REQUIRED,https://www.vladmiva.ru/products/terapevticheskie-instrumenty/shtopfer-d-modelirovaniya-zelenyy-sr-art-5000-1-2-lmp-belmedinstrumenty/,vladmiva-dental-catalog.json
ВладМиВа official,ВладМиВа,ШТОПФЕР ДЛЯ МОДЕЛИРОВАНИЯ/золотой ПР/арт.5000-2-2с ЮП,shtopfer-d-modelirovaniya-pr-art-5000-2-2s-yup-belmedinstrumenty,00000071544,1,1,KZ_BRAND_AND_SELECTED_SKUS,KZ_SKU_EVIDENCE_REQUIRED,https://www.vladmiva.ru/products/terapevticheskie-instrumenty/shtopfer-d-modelirovaniya-pr-art-5000-2-2s-yup-belmedinstrumenty/,vladmiva-dental-catalog.json
ВладМиВа official,ВладМиВа,ШТОПФЕР ДЛЯ РАСПРЕДЕЛЕНИЯ МАТЕРИАЛА ПР арт.5000-2-4с ЮП,shtopfer-d-rapredeleniya-materiala-pr-art-5000-2-4s-yup-belmedinstrumenty,00000071538,1,1,KZ_BRAND_AND_SELECTED_SKUS,KZ_SKU_EVIDENCE_REQUIRED,https://www.vladmiva.ru/products/terapevticheskie-instrumenty/shtopfer-d-rapredeleniya-materiala-pr-art-5000-2-4s-yup-belmedinstrumenty/,vladmiva-dental-catalog.json
ВладМиВа official,ВладМиВа,ШТОПФЕР-ГЛАДИЛКА №1/морская волна ПР/арт.9000-6-1с ЮП,shtopfer-gladilka-1-pr-morskaya-volna-art-9000-6-1s-yup-belmedinstrumenty,00000071545,1,1,KZ_BRAND_AND_SELECTED_SKUS,KZ_SKU_EVIDENCE_REQUIRED,https://www.vladmiva.ru/products/terapevticheskie-instrumenty/shtopfer-gladilka-1-pr-morskaya-volna-art-9000-6-1s-yup-belmedinstrumenty/,vladmiva-dental-catalog.json
ВладМиВа official,ВладМиВа,ШТОПФЕР-ГЛАДИЛКА №2/красный ПР/арт. 9000-6-2с ЮП,shtopfer-gladilka-2-pr-krasnyy-art-9000-6-2s-yup-belmedinstrumenty,00000071542,1,1,KZ_BRAND_AND_SELECTED_SKUS,KZ_SKU_EVIDENCE_REQUIRED,https://www.vladmiva.ru/products/terapevticheskie-instrumenty/shtopfer-gladilka-2-pr-krasnyy-art-9000-6-2s-yup-belmedinstrumenty/,vladmiva-dental-catalog.json
ВладМиВа official,ВладМиВа,ШТОПФЕР-ГЛАДИЛКА №3/желтый ПР/арт. 9000-6-3с ЮП,shtopfer-glalka-3-pr-zheltyy-art-9000-6-3s-yup-belmedinstrumenty,00000071543,1,1,KZ_BRAND_AND_SELECTED_SKUS,KZ_SKU_EVIDENCE_REQUIRED,https://www.vladmiva.ru/products/terapevticheskie-instrumenty/shtopfer-glalka-3-pr-zheltyy-art-9000-6-3s-yup-belmedinstrumenty/,vladmiva-dental-catalog.json
ВладМиВа official,ВладМиВа,ШТОПФЕР-ГЛАДИЛКА №3/морская волна СР/арт. 9000-5-3 ЮП,shtopfer-gladilka-3-sr-morskaya-volna-9000-5-3-yup-belmedinstrumenty,00000071533,1,1,KZ_BRAND_AND_SELECTED_SKUS,KZ_SKU_EVIDENCE_REQUIRED,https://www.vladmiva.ru/products/terapevticheskie-instrumenty/shtopfer-gladilka-3-sr-morskaya-volna-9000-5-3-yup-belmedinstrumenty/,vladmiva-dental-catalog.json
ВладМиВа official,ВладМиВа,ШТОПФЕР-ГЛАДИЛКА №5/золотой ПР/арт. 9000-6-5с ЮП,shtopfer-gladilka-5-pr-zolotoy-art-9000-6-5s-yup-belmedinstrumenty,00000071536,1,1,KZ_BRAND_AND_SELECTED_SKUS,KZ_SKU_EVIDENCE_REQUIRED,https://www.vladmiva.ru/products/terapevticheskie-instrumenty/shtopfer-gladilka-5-pr-zolotoy-art-9000-6-5s-yup-belmedinstrumenty/,vladmiva-dental-catalog.json
ВладМиВа official,ВладМиВа,ЭКРАН ЗАЩИТНЫЙ/корона/ арт.1000-1,ekran-zashchitnyy-korona-art-1000-1-belmedinstrumenty,00000071435,1,1,KZ_BRAND_AND_SELECTED_SKUS,KZ_SKU_EVIDENCE_REQUIRED,https://www.vladmiva.ru/products/terapevticheskie-instrumenty/ekran-zashchitnyy-korona-art-1000-1-belmedinstrumenty/,vladmiva-dental-catalog.json
ВладМиВа official,ВладМиВа,ЭКРАН ЗАЩИТНЫЙ/очки/арт.1000-1,ekran-zashchitnyy-ochki-art-1000-1-belmedinstrumenty,00000071607,1,1,KZ_BRAND_AND_SELECTED_SKUS,KZ_SKU_EVIDENCE_REQUIRED,https://www.vladmiva.ru/products/terapevticheskie-instrumenty/ekran-zashchitnyy-ochki-art-1000-1-belmedinstrumenty/,vladmiva-dental-catalog.json
ВладМиВа official,ВладМиВа,"ЭКРАН ЗАЩИТНЫЙ/толщина 0,2 мм/арт. 1000-1",ekran-zashchitnyy-tolshchina-0-2mm-art-1000-1-belmedinstrumenty,00000071605,1,1,KZ_BRAND_AND_SELECTED_SKUS,KZ_SKU_EVIDENCE_REQUIRED,https://www.vladmiva.ru/products/terapevticheskie-instrumenty/ekran-zashchitnyy-tolshchina-0-2mm-art-1000-1-belmedinstrumenty/,vladmiva-dental-catalog.json
ВладМиВа official,ВладМиВа,"ЭКРАН ЗАЩИТНЫЙ/удлинённый щиток 0,3 мм/ арт. 1000-1",ekran-zashchitnyy-udlinennyy-art-1000-1-belmedinstrumenty,00000071591,1,1,KZ_BRAND_AND_SELECTED_SKUS,KZ_SKU_EVIDENCE_REQUIRED,https://www.vladmiva.ru/products/terapevticheskie-instrumenty/ekran-zashchitnyy-udlinennyy-art-1000-1-belmedinstrumenty/,vladmiva-dental-catalog.json
ВладМиВа official,ВладМиВа,ЭКСКАВАТОР №1 арт.105-1 СП,ekskavator-1-art-105-1-sp-belmedinstrumenty,00000071446,1,1,KZ_BRAND_AND_SELECTED_SKUS,KZ_SKU_EVIDENCE_REQUIRED,https://www.vladmiva.ru/products/terapevticheskie-instrumenty/ekskavator-1-art-105-1-sp-belmedinstrumenty/,vladmiva-dental-catalog.json
ВладМиВа official,ВладМиВа,ЭКСКАВАТОР №2 арт.105-2 СП,ekskavator-2-art-105-2-sp-belmedinstrumenty,00000071447,1,1,KZ_BRAND_AND_SELECTED_SKUS,KZ_SKU_EVIDENCE_REQUIRED,https://www.vladmiva.ru/products/terapevticheskie-instrumenty/ekskavator-2-art-105-2-sp-belmedinstrumenty/,vladmiva-dental-catalog.json
ВладМиВа official,ВладМиВа,ЭКСКАВАТОР №2/серый/ арт. 9000-2-3 ЮП,ekskavator-2-sr-seryy-art-9000-2-3-yup-belmedinstrumenty,00000071535,1,1,KZ_BRAND_AND_SELECTED_SKUS,KZ_SKU_EVIDENCE_REQUIRED,https://www.vladmiva.ru/products/terapevticheskie-instrumenty/ekskavator-2-sr-seryy-art-9000-2-3-yup-belmedinstrumenty/,vladmiva-dental-catalog.json
ВладМиВа official,ВладМиВа,ЭКСКАВАТОР №3 арт.105-3 СП,ekskavator-3-art-105-3-sp-belmedinstrumenty,00000071448,1,1,KZ_BRAND_AND_SELECTED_SKUS,KZ_SKU_EVIDENCE_REQUIRED,https://www.vladmiva.ru/products/terapevticheskie-instrumenty/ekskavator-3-art-105-3-sp-belmedinstrumenty/,vladmiva-dental-catalog.json
ВладМиВа official,ВладМиВа,ЭКСКАВАТОР для удаления размягченного дентина арт. 304.030 ПП,ekskavator-d-udaleniya-razmyagchen-dentina-art-904-030-pp-belmedinstrumenty,00000071449,1,1,KZ_BRAND_AND_SELECTED_SKUS,KZ_SKU_EVIDENCE_REQUIRED,https://www.vladmiva.ru/products/terapevticheskie-instrumenty/ekskavator-d-udaleniya-razmyagchen-dentina-art-904-030-pp-belmedinstrumenty/,vladmiva-dental-catalog.json
ВладМиВа official,ВладМиВа,ЛОЖКА КЮРЕТАЖНАЯ №1/арт. 70-1 СП,lozhka-kyuretazhnaya-1-art-70-1-sp-belmedinstrumenty,00000071497,1,1,KZ_BRAND_AND_SELECTED_SKUS,KZ_SKU_EVIDENCE_REQUIRED,https://www.vladmiva.ru/products/khirurgicheskie-instrumenty/lozhka-kyuretazhnaya-1-art-70-1-sp-belmedinstrumenty/,vladmiva-dental-catalog.json
ВладМиВа official,ВладМиВа,ЛОЖКА КЮРЕТАЖНАЯ №2/арт. 70-2 СП,lozhka-kyuretazhnaya-2-art-70-2-sp-belmedinstrumenty,00000071498,1,1,KZ_BRAND_AND_SELECTED_SKUS,KZ_SKU_EVIDENCE_REQUIRED,https://www.vladmiva.ru/products/khirurgicheskie-instrumenty/lozhka-kyuretazhnaya-2-art-70-2-sp-belmedinstrumenty/,vladmiva-dental-catalog.json
ВладМиВа official,ВладМиВа,ЛОЖКА КЮРЕТАЖНАЯ №3/арт. 70-3 СП,lozhka-kyuretazhnaya-3-art-70-3-sp-belmedinstrumenty,00000071499,1,1,KZ_BRAND_AND_SELECTED_SKUS,KZ_SKU_EVIDENCE_REQUIRED,https://www.vladmiva.ru/products/khirurgicheskie-instrumenty/lozhka-kyuretazhnaya-3-art-70-3-sp-belmedinstrumenty/,vladmiva-dental-catalog.json
ВладМиВа official,ВладМиВа,НАБОР ИНСТРУМЕНТОВ ДЛЯ ЗАКРЫТОГО СИНУС-ЛИФТИНГА арт. 126-5 ЮП,nabor-instrumentov-d-zakrytogo-sinus-liftinga126-5-yup-belmedinstrumenty,00000071525,1,2,KZ_BRAND_AND_SELECTED_SKUS,KZ_SKU_EVIDENCE_REQUIRED,https://www.vladmiva.ru/products/khirurgicheskie-instrumenty/nabor-instrumentov-d-zakrytogo-sinus-liftinga126-5-yup-belmedinstrumenty/,vladmiva-dental-catalog.json
ВладМиВа official,ВладМиВа,НАБОР ИНСТРУМЕНТОВ ДЛЯ ФОРМИРОВАНИЯ КОСТНОГО ЛОЖА ИМПЛАНТА арт. 120 ЮП,nabor-instrumentov-d-formirov-kostnogo-lozha-implanta-120-yup-belmedinstrumenty,00000071451,1,1,KZ_BRAND_AND_SELECTED_SKUS,KZ_SKU_EVIDENCE_REQUIRED,https://www.vladmiva.ru/products/khirurgicheskie-instrumenty/nabor-instrumentov-d-formirov-kostnogo-lozha-implanta-120-yup-belmedinstrumenty/,vladmiva-dental-catalog.json
ВладМиВа official,ВладМиВа,НАБОР ИНСТРУМЕНТОВ ДЛЯ ЭКСТРАКЦИИ ЗУБОВ С БАМПЕРАМИ арт.104-1 ЮП,nabor-instrumentov-d-ekstraktsii-zubov-s-bamperami-104-1-yup-belmedinstrumenty,00000071523,1,3,KZ_BRAND_AND_SELECTED_SKUS,KZ_SKU_EVIDENCE_REQUIRED,https://www.vladmiva.ru/products/khirurgicheskie-instrumenty/nabor-instrumentov-d-ekstraktsii-zubov-s-bamperami-104-1-yup-belmedinstrumenty/,vladmiva-dental-catalog.json
ВладМиВа official,ВладМиВа,НАБОР ИНСТРУМЕНТОВ ДЛЯ ЭКСТРАКЦИИ ЗУБОВ С БАМПЕРАМИ арт.104-2 ЮП,nabor-instrumentov-d-ekstraktsii-zubov-s-bamperami-104-2-yup-belmedinstrumenty,00000071524,1,3,KZ_BRAND_AND_SELECTED_SKUS,KZ_SKU_EVIDENCE_REQUIRED,https://www.vladmiva.ru/products/khirurgicheskie-instrumenty/nabor-instrumentov-d-ekstraktsii-zubov-s-bamperami-104-2-yup-belmedinstrumenty/,vladmiva-dental-catalog.json
ВладМиВа official,ВладМиВа,НОЖНИЦЫ десневые двойной изогнутости 105 мм арт.413 ПП,nozhnitsy-desnevye-dvoynoy-izognutosti-105mm-art-413-pp-belmedinstrumenty,00000072545,1,1,KZ_BRAND_AND_SELECTED_SKUS,KZ_SKU_EVIDENCE_REQUIRED,https://www.vladmiva.ru/products/khirurgicheskie-instrumenty/nozhnitsy-desnevye-dvoynoy-izognutosti-105mm-art-413-pp-belmedinstrumenty/,vladmiva-dental-catalog.json
ВладМиВа official,ВладМиВа,НОЖНИЦЫ десневые изогнутые 160 мм арт.418 ПП,nozhnitsy-desnevye-izognutye-160mm-art-418-pp-belmedinstrumenty,00000072546,1,1,KZ_BRAND_AND_SELECTED_SKUS,KZ_SKU_EVIDENCE_REQUIRED,https://www.vladmiva.ru/products/khirurgicheskie-instrumenty/nozhnitsy-desnevye-izognutye-160mm-art-418-pp-belmedinstrumenty/,vladmiva-dental-catalog.json
ВладМиВа official,ВладМиВа,НОЖНИЦЫ десневые прямые 130 мм арт.406 ПП,nozhnitsy-desnevye-pryamye-130mm-art-406-pp-belmedinstrumenty,00000072543,1,1,KZ_BRAND_AND_SELECTED_SKUS,KZ_SKU_EVIDENCE_REQUIRED,https://www.vladmiva.ru/products/khirurgicheskie-instrumenty/nozhnitsy-desnevye-pryamye-130mm-art-406-pp-belmedinstrumenty/,vladmiva-dental-catalog.json
ВладМиВа official,ВладМиВа,НОЖНИЦЫ десневые прямые 160 мм арт.417 ПП,nozhnitsy-desnevye-pryamye-160mm-art-417-pp-belmedinstrumenty,00000072544,1,1,KZ_BRAND_AND_SELECTED_SKUS,KZ_SKU_EVIDENCE_REQUIRED,https://www.vladmiva.ru/products/khirurgicheskie-instrumenty/nozhnitsy-desnevye-pryamye-160mm-art-417-pp-belmedinstrumenty/,vladmiva-dental-catalog.json
ВладМиВа official,ВладМиВа,НОЖНИЦЫ хирургические изогнутые 170 мм арт.428 ПП,nozhnitsy-khirurgicheskie-izognutye-170mm-art-428-pp-belmedinstrumenty,00000072547,1,1,KZ_BRAND_AND_SELECTED_SKUS,KZ_SKU_EVIDENCE_REQUIRED,https://www.vladmiva.ru/products/khirurgicheskie-instrumenty/nozhnitsy-khirurgicheskie-izognutye-170mm-art-428-pp-belmedinstrumenty/,vladmiva-dental-catalog.json
ВладМиВа official,ВладМиВа,НОЖНИЦЫ-МИКРО изогнутые 145 мм арт.441-1 ППА,nozhnitsy-mikro-izognutye-art-441-1-ppa-belmedinstrumenty,00000072537,1,1,KZ_BRAND_AND_SELECTED_SKUS,KZ_SKU_EVIDENCE_REQUIRED,https://www.vladmiva.ru/products/khirurgicheskie-instrumenty/nozhnitsy-mikro-izognutye-art-441-1-ppa-belmedinstrumenty/,vladmiva-dental-catalog.json
ВладМиВа official,ВладМиВа,НОЖНИЦЫ-МИКРО изогнутые 180 мм арт. 441-3 ЮП,nozhnitsy-mikro-izognutye-18sm-art-441-3-yup-belmedinstrumenty,00000072541,1,1,KZ_BRAND_AND_SELECTED_SKUS,KZ_SKU_EVIDENCE_REQUIRED,https://www.vladmiva.ru/products/khirurgicheskie-instrumenty/nozhnitsy-mikro-izognutye-18sm-art-441-3-yup-belmedinstrumenty/,vladmiva-dental-catalog.json
ВладМиВа official,ВладМиВа,НОЖНИЦЫ-МИКРО прямые 145 мм арт.441-2 ППА,nozhnitsy-mikro-pryamye-art-441-2-ppa-belmedinstrumenty,00000072538,1,1,KZ_BRAND_AND_SELECTED_SKUS,KZ_SKU_EVIDENCE_REQUIRED,https://www.vladmiva.ru/products/khirurgicheskie-instrumenty/nozhnitsy-mikro-pryamye-art-441-2-ppa-belmedinstrumenty/,vladmiva-dental-catalog.json
ВладМиВа official,ВладМиВа,НОЖНИЦЫ-МИКРО прямые 180 мм арт. 441-4 ЮП,nozhnitsy-mikro-pryamye-18sm-art-441-4-yup-belmedinstrumenty,00000072542,1,1,KZ_BRAND_AND_SELECTED_SKUS,KZ_SKU_EVIDENCE_REQUIRED,https://www.vladmiva.ru/products/khirurgicheskie-instrumenty/nozhnitsy-mikro-pryamye-18sm-art-441-4-yup-belmedinstrumenty/,vladmiva-dental-catalog.json
ВладМиВа official,ВладМиВа,ПИНЦЕТ ЗУБНОЙ ИЗОГНУТЫЙ С НАСЕЧКОЙ арт.80-1 СП,pintset-zubnoy-izognutyy-s-nasechkoy-art-80-1-sp-belmedinstrumenty,00000071450,1,1,KZ_BRAND_AND_SELECTED_SKUS,KZ_SKU_EVIDENCE_REQUIRED,https://www.vladmiva.ru/products/khirurgicheskie-instrumenty/pintset-zubnoy-izognutyy-s-nasechkoy-art-80-1-sp-belmedinstrumenty/,vladmiva-dental-catalog.json
ВладМиВа official,ВладМиВа,РОТОРАСШИРИТЕЛЬ РУЧНОЙ ВЗРОСЛЫЙ арт.90 - 2 ЮП,rotorasshiritel-ruchnoy-vzroslyy-art-90-2-belmedinstrumenty,00000071454,1,1,KZ_BRAND_AND_SELECTED_SKUS,KZ_SKU_EVIDENCE_REQUIRED,https://www.vladmiva.ru/products/khirurgicheskie-instrumenty/rotorasshiritel-ruchnoy-vzroslyy-art-90-2-belmedinstrumenty/,vladmiva-dental-catalog.json
ВладМиВа official,ВладМиВа,РОТОРАСШИРИТЕЛЬ РУЧНОЙ ВЗРОСЛЫЙ ПОЛИМЕРНОЕ ПОКРЫТИЕ арт.90-3 ЮП,rotorasshiritel-ruchnoy-vzroslyy-polimern-pokrytie-art-90-3-yup-belmedinstrumenty,00000071455,1,1,KZ_BRAND_AND_SELECTED_SKUS,KZ_SKU_EVIDENCE_REQUIRED,https://www.vladmiva.ru/products/khirurgicheskie-instrumenty/rotorasshiritel-ruchnoy-vzroslyy-polimern-pokrytie-art-90-3-yup-belmedinstrumenty/,vladmiva-dental-catalog.json
ВладМиВа official,ВладМиВа,РОТОРАСШИРИТЕЛЬ РУЧНОЙ ДЕТСКИЙ арт.90-1 ЮП,rotorasshiritel-ruchnoy-detskiy-art-90-1-yup-belmedinstrumenty,00000071453,1,1,KZ_BRAND_AND_SELECTED_SKUS,KZ_SKU_EVIDENCE_REQUIRED,https://www.vladmiva.ru/products/khirurgicheskie-instrumenty/rotorasshiritel-ruchnoy-detskiy-art-90-1-yup-belmedinstrumenty/,vladmiva-dental-catalog.json
ВладМиВа official,ВладМиВа,ШПРИЦ КАРПУЛЬНЫЙ арт.1040 ПП,shprits-karpulnyy-art-1040-pp-belmedinstrumenty,00000071500,1,1,KZ_BRAND_AND_SELECTED_SKUS,KZ_SKU_EVIDENCE_REQUIRED,https://www.vladmiva.ru/products/khirurgicheskie-instrumenty/shprits-karpulnyy-art-1040-pp-belmedinstrumenty/,vladmiva-dental-catalog.json
ВладМиВа official,ВладМиВа,ШПРИЦ КАРПУЛЬНЫЙ арт.2322 ПП,shprits-karpulnyy-art-2322-3422-pp-belmedinstrumenty,00000071501,1,1,KZ_BRAND_AND_SELECTED_SKUS,KZ_SKU_EVIDENCE_REQUIRED,https://www.vladmiva.ru/products/khirurgicheskie-instrumenty/shprits-karpulnyy-art-2322-3422-pp-belmedinstrumenty/,vladmiva-dental-catalog.json
ВладМиВа official,ВладМиВа,ЩИПЦЫ ДЛЯ УДАЛЕНИЯ клыков и премоляров верхней челюсти №7 арт. 104-10 ВП,shchiptsy-d-udaleniya-klykov-verkh-chelyusti-7-art-104-10-vp-belmedinstrumenty,00000071522,1,1,KZ_BRAND_AND_SELECTED_SKUS,KZ_SKU_EVIDENCE_REQUIRED,https://www.vladmiva.ru/products/khirurgicheskie-instrumenty/shchiptsy-d-udaleniya-klykov-verkh-chelyusti-7-art-104-10-vp-belmedinstrumenty/,vladmiva-dental-catalog.json
ВладМиВа official,ВладМиВа,ЩИПЦЫ ДЛЯ УДАЛЕНИЯ корней зубов верхней челюсти с узкими губками №51 А арт.104-16 ВП,shchiptsy-d-udaleniya-uzkie-korney-verkh-chelyusti-51a-art-104-16-vp-belmedinstrumenty,00000071521,1,1,KZ_BRAND_AND_SELECTED_SKUS,KZ_SKU_EVIDENCE_REQUIRED,https://www.vladmiva.ru/products/khirurgicheskie-instrumenty/shchiptsy-d-udaleniya-uzkie-korney-verkh-chelyusti-51a-art-104-16-vp-belmedinstrumenty/,vladmiva-dental-catalog.json
ВладМиВа official,ВладМиВа,ЩИПЦЫ ДЛЯ УДАЛЕНИЯ корней зубов верхней челюсти с широкими губками №52 арт. 104-8 ВП,shchiptsy-d-udaleniya-shirokie-korney-verkh-chelyusti-52-art-104-8-vp-belmedinstrumenty,00000071519,1,1,KZ_BRAND_AND_SELECTED_SKUS,KZ_SKU_EVIDENCE_REQUIRED,https://www.vladmiva.ru/products/khirurgicheskie-instrumenty/shchiptsy-d-udaleniya-shirokie-korney-verkh-chelyusti-52-art-104-8-vp-belmedinstrumenty/,vladmiva-dental-catalog.json
ВладМиВа official,ВладМиВа,ЩИПЦЫ ДЛЯ УДАЛЕНИЯ корней зубов верхней челюсти со средними губками №51 арт.104-9 ВП,shchiptsy-d-udaleniya-srednie-korney-verkh-chelyusti-51-art-104-9-vp-belmedinstrumenty,00000071520,1,1,KZ_BRAND_AND_SELECTED_SKUS,KZ_SKU_EVIDENCE_REQUIRED,https://www.vladmiva.ru/products/khirurgicheskie-instrumenty/shchiptsy-d-udaleniya-srednie-korney-verkh-chelyusti-51-art-104-9-vp-belmedinstrumenty/,vladmiva-dental-catalog.json
ВладМиВа official,ВладМиВа,ЩИПЦЫ ДЛЯ УДАЛЕНИЯ корней зубов нижней челюсти арт. 104-1 ВП,shchiptsy-d-udaleniya-korney-nizhney-chelyusti-art-104-1-vp-belmedinstrumenty,00000071506,1,1,KZ_BRAND_AND_SELECTED_SKUS,KZ_SKU_EVIDENCE_REQUIRED,https://www.vladmiva.ru/products/khirurgicheskie-instrumenty/shchiptsy-d-udaleniya-korney-nizhney-chelyusti-art-104-1-vp-belmedinstrumenty/,vladmiva-dental-catalog.json
ВладМиВа official,ВладМиВа,ЩИПЦЫ ДЛЯ УДАЛЕНИЯ молочных моляров верхней челюсти №39 арт. 104-13 ВП,shchiptsy-d-udaleniya-moloch-molyar-verkh-chelyusti-39-art-104-13-vp-belmedinstrumenty,00000071513,1,1,KZ_BRAND_AND_SELECTED_SKUS,KZ_SKU_EVIDENCE_REQUIRED,https://www.vladmiva.ru/products/khirurgicheskie-instrumenty/shchiptsy-d-udaleniya-moloch-molyar-verkh-chelyusti-39-art-104-13-vp-belmedinstrumenty/,vladmiva-dental-catalog.json
ВладМиВа official,ВладМиВа,ЩИПЦЫ ДЛЯ УДАЛЕНИЯ молочных моляров верхней челюсти №39 арт.104-14 ВП,shchiptsy-d-udaleniya-reztsov-i-klykov-nizhney-chelyusti-13-art-104-14-vp-belmedinstrumenty,00000071516,1,1,KZ_BRAND_AND_SELECTED_SKUS,KZ_SKU_EVIDENCE_REQUIRED,https://www.vladmiva.ru/products/khirurgicheskie-instrumenty/shchiptsy-d-udaleniya-reztsov-i-klykov-nizhney-chelyusti-13-art-104-14-vp-belmedinstrumenty/,vladmiva-dental-catalog.json
ВладМиВа official,ВладМиВа,ЩИПЦЫ ДЛЯ УДАЛЕНИЯ молочных моляров верхней челюсти левой стороны №18 арт.104-12 ВП,shchiptsy-d-udaleniya-moloch-molyar-verkh-levoy-storony-18-art-104-12-vp-belmedinstrumenty,00000071508,1,1,KZ_BRAND_AND_SELECTED_SKUS,KZ_SKU_EVIDENCE_REQUIRED,https://www.vladmiva.ru/products/khirurgicheskie-instrumenty/shchiptsy-d-udaleniya-moloch-molyar-verkh-levoy-storony-18-art-104-12-vp-belmedinstrumenty/,vladmiva-dental-catalog.json
ВладМиВа official,ВладМиВа,ЩИПЦЫ ДЛЯ УДАЛЕНИЯ молочных моляров нижней челюсти №22А арт.104-2 ВП,shchiptsy-d-udaleniya-moloch-molyar-nizhney-chelyusti-22a-art-104-2-vp-belmedinstrumenty,00000071509,1,1,KZ_BRAND_AND_SELECTED_SKUS,KZ_SKU_EVIDENCE_REQUIRED,https://www.vladmiva.ru/products/khirurgicheskie-instrumenty/shchiptsy-d-udaleniya-moloch-molyar-nizhney-chelyusti-22a-art-104-2-vp-belmedinstrumenty/,vladmiva-dental-catalog.json
ВладМиВа official,ВладМиВа,ЩИПЦЫ ДЛЯ УДАЛЕНИЯ молочных резцов верхней челюсти №37 арт. 104-3 ВП,shchiptsy-d-udaleniya-moloch-reztsov-verkh-chelyusti-37-art-104-3-vp-belmedinstrumenty,00000071511,1,1,KZ_BRAND_AND_SELECTED_SKUS,KZ_SKU_EVIDENCE_REQUIRED,https://www.vladmiva.ru/products/khirurgicheskie-instrumenty/shchiptsy-d-udaleniya-moloch-reztsov-verkh-chelyusti-37-art-104-3-vp-belmedinstrumenty/,vladmiva-dental-catalog.json
ВладМиВа official,ВладМиВа,ЩИПЦЫ ДЛЯ УДАЛЕНИЯ молочных резцов нижней челюсти №38 арт. 104-4 ВП,shchiptsy-d-udaleniya-moloch-reztsov-nizhney-chelyusti-38-art-104-4-vp-belmedinstrumenty,00000071512,1,1,KZ_BRAND_AND_SELECTED_SKUS,KZ_SKU_EVIDENCE_REQUIRED,https://www.vladmiva.ru/products/khirurgicheskie-instrumenty/shchiptsy-d-udaleniya-moloch-reztsov-nizhney-chelyusti-38-art-104-4-vp-belmedinstrumenty/,vladmiva-dental-catalog.json
ВладМиВа official,ВладМиВа,ЩИПЦЫ ДЛЯ УДАЛЕНИЯ моляров верхней челюсти правой стороны №17 арт.104-11 ВП,shchiptsy-d-udaleniya-molochn-molyar-verkh-pravoy-storony-17-art-104-11-vp-belmedinstrumenty,00000071507,1,1,KZ_BRAND_AND_SELECTED_SKUS,KZ_SKU_EVIDENCE_REQUIRED,https://www.vladmiva.ru/products/khirurgicheskie-instrumenty/shchiptsy-d-udaleniya-molochn-molyar-verkh-pravoy-storony-17-art-104-11-vp-belmedinstrumenty/,vladmiva-dental-catalog.json
ВладМиВа official,ВладМиВа,ЩИПЦЫ ДЛЯ УДАЛЕНИЯ моляров нижней челюсти №22 врт.104-5 ВП,shchiptsy-d-udaleniya-moloch-molyar-nizhney-chelyusti-22-art-104-5-vp-belmedinstrumenty,00000071514,1,1,KZ_BRAND_AND_SELECTED_SKUS,KZ_SKU_EVIDENCE_REQUIRED,https://www.vladmiva.ru/products/khirurgicheskie-instrumenty/shchiptsy-d-udaleniya-moloch-molyar-nizhney-chelyusti-22-art-104-5-vp-belmedinstrumenty/,vladmiva-dental-catalog.json
ВладМиВа official,ВладМиВа,ЩИПЦЫ ДЛЯ УДАЛЕНИЯ резцов и клыков верхней челюсти №2 арт. 104-6 ВП,shchiptsy-d-udaleniya-reztsov-i-klykov-verkh-chelyusti-2-art-104-6-vp-belmedinstrumenty,00000071515,1,1,KZ_BRAND_AND_SELECTED_SKUS,KZ_SKU_EVIDENCE_REQUIRED,https://www.vladmiva.ru/products/khirurgicheskie-instrumenty/shchiptsy-d-udaleniya-reztsov-i-klykov-verkh-chelyusti-2-art-104-6-vp-belmedinstrumenty/,vladmiva-dental-catalog.json
ВладМиВа official,ВладМиВа,ЩИПЦЫ ДЛЯ УДАЛЕНИЯ с широкими губами для верхней челюсти арт.1046 ПП,shchiptsy-d-udaleniya-s-shirok-gubami-d-verkh-chelyusti-2-art-104-6-pp-vp-belmedinstrumenty,00000071503,1,1,KZ_BRAND_AND_SELECTED_SKUS,KZ_SKU_EVIDENCE_REQUIRED,https://www.vladmiva.ru/products/khirurgicheskie-instrumenty/shchiptsy-d-udaleniya-s-shirok-gubami-d-verkh-chelyusti-2-art-104-6-pp-vp-belmedinstrumenty/,vladmiva-dental-catalog.json
ВладМиВа official,ВладМиВа,ЩИПЦЫ ДЛЯ УДАЛЕНИЯ с широкими губами для нижней челюсти арт.1102 ПП,shchiptsy-d-udaleniya-s-shirok-gubami-d-nizhney-chelyusti-33-art-1102-pp-belmedinstrumenty,00000071504,1,1,KZ_BRAND_AND_SELECTED_SKUS,KZ_SKU_EVIDENCE_REQUIRED,https://www.vladmiva.ru/products/khirurgicheskie-instrumenty/shchiptsy-d-udaleniya-s-shirok-gubami-d-nizhney-chelyusti-33-art-1102-pp-belmedinstrumenty/,vladmiva-dental-catalog.json
ВладМиВа official,ВладМиВа,ЩИПЦЫ ДЛЯ УДАЛЕНИЯ стандартные арт.1021,shchiptsy-d-udaleniya-uzkie-verkhnie-51a-1021-pp-belmedinstrumenty,00000071502,1,1,KZ_BRAND_AND_SELECTED_SKUS,KZ_SKU_EVIDENCE_REQUIRED,https://www.vladmiva.ru/products/khirurgicheskie-instrumenty/shchiptsy-d-udaleniya-uzkie-verkhnie-51a-1021-pp-belmedinstrumenty/,vladmiva-dental-catalog.json
ВладМиВа official,ВладМиВа,ЩИПЦЫ ДЛЯ УДАЛЕНИЯ третьих моляров верхней челюсти №67 арт.104-7 ВП,shchiptsy-d-udaleniya-molyarov-verkh-chelyusti-67-art-104-7-vp-belmedinstrumenty,00000071517,1,1,KZ_BRAND_AND_SELECTED_SKUS,KZ_SKU_EVIDENCE_REQUIRED,https://www.vladmiva.ru/products/khirurgicheskie-instrumenty/shchiptsy-d-udaleniya-molyarov-verkh-chelyusti-67-art-104-7-vp-belmedinstrumenty/,vladmiva-dental-catalog.json
ВладМиВа official,ВладМиВа,ЩИПЦЫ ДЛЯ УДАЛЕНИЯ третьих моляров нижней челюсти №79 арт.104-15 ВП,shchiptsy-d-udaleniya-molyarov-nizhney-chelyusti-79-art-104-15-vp-belmedinstrumenty,00000071518,1,1,KZ_BRAND_AND_SELECTED_SKUS,KZ_SKU_EVIDENCE_REQUIRED,https://www.vladmiva.ru/products/khirurgicheskie-instrumenty/shchiptsy-d-udaleniya-molyarov-nizhney-chelyusti-79-art-104-15-vp-belmedinstrumenty/,vladmiva-dental-catalog.json
ВладМиВа official,ВладМиВа,ЩИПЦЫ ДЛЯ УДАЛЕНИЯ фрагментов корней арт.1155 ПП,shchiptsy-d-udaleniya-fragmentov-korney-art-1155-pp-belmedinstrumenty,00000071505,1,1,KZ_BRAND_AND_SELECTED_SKUS,KZ_SKU_EVIDENCE_REQUIRED,https://www.vladmiva.ru/products/khirurgicheskie-instrumenty/shchiptsy-d-udaleniya-fragmentov-korney-art-1155-pp-belmedinstrumenty/,vladmiva-dental-catalog.json
ВладМиВа official,ВладМиВа,ЭЛЕВАТОР зубной штыковидный медиальный арт. 106-21 ВП,elevator-shtykovidnyy-medialnyy-art-106-21-vp-belmedinstrumenty,00000071494,1,1,KZ_BRAND_AND_SELECTED_SKUS,KZ_SKU_EVIDENCE_REQUIRED,https://www.vladmiva.ru/products/khirurgicheskie-instrumenty/elevator-shtykovidnyy-medialnyy-art-106-21-vp-belmedinstrumenty/,vladmiva-dental-catalog.json
ВладМиВа official,ВладМиВа,ЭЛЕВАТОР ЗУБНОЙ для разрушения межкорневых перегородок арт. 106-6 ВП,elevator-d-razrusheniya-mezhkornev-peregorodok-art-106-6-vp-belmedinstrumenty,00000071482,1,1,KZ_BRAND_AND_SELECTED_SKUS,KZ_SKU_EVIDENCE_REQUIRED,https://www.vladmiva.ru/products/khirurgicheskie-instrumenty/elevator-d-razrusheniya-mezhkornev-peregorodok-art-106-6-vp-belmedinstrumenty/,vladmiva-dental-catalog.json
ВладМиВа official,ВладМиВа,ЭЛЕВАТОР ЗУБНОЙ для разрушения межкорневых перегородок арт. 106-7 ВП,elevator-d-razrusheniya-mezhkornev-peregorodok-art-106-7-vp-belmedinstrumenty,00000071483,1,1,KZ_BRAND_AND_SELECTED_SKUS,KZ_SKU_EVIDENCE_REQUIRED,https://www.vladmiva.ru/products/khirurgicheskie-instrumenty/elevator-d-razrusheniya-mezhkornev-peregorodok-art-106-7-vp-belmedinstrumenty/,vladmiva-dental-catalog.json
ВладМиВа official,ВладМиВа,ЭЛЕВАТОР зубной угловой большой левый арт. 106-13 ВП,elevator-uglovoy-bolshoy-levyy-art-106-13-vp-belmedinstrumenty,00000071481,1,1,KZ_BRAND_AND_SELECTED_SKUS,KZ_SKU_EVIDENCE_REQUIRED,https://www.vladmiva.ru/products/khirurgicheskie-instrumenty/elevator-uglovoy-bolshoy-levyy-art-106-13-vp-belmedinstrumenty/,vladmiva-dental-catalog.json
ВладМиВа official,ВладМиВа,ЭЛЕВАТОР зубной угловой левый арт. 106-10 ВП,elevator-uglovoy-levyy-art-106-10-vp-belmedinstrumenty,00000071486,1,1,KZ_BRAND_AND_SELECTED_SKUS,KZ_SKU_EVIDENCE_REQUIRED,https://www.vladmiva.ru/products/khirurgicheskie-instrumenty/elevator-uglovoy-levyy-art-106-10-vp-belmedinstrumenty/,vladmiva-dental-catalog.json
ВладМиВа official,ВладМиВа,ЭЛЕВАТОР зубной угловой левый арт. 106-11 ВП,elevator-uglovoy-levyy-art-106-11-vp-belmedinstrumenty,00000071487,1,1,KZ_BRAND_AND_SELECTED_SKUS,KZ_SKU_EVIDENCE_REQUIRED,https://www.vladmiva.ru/products/khirurgicheskie-instrumenty/elevator-uglovoy-levyy-art-106-11-vp-belmedinstrumenty/,vladmiva-dental-catalog.json
ВладМиВа official,ВладМиВа,ЭЛЕВАТОР зубной угловой левый арт. 106-14 ВП,elevator-uglovoy-levyy-art-106-14-vp-belmedinstrumenty,00000071488,1,1,KZ_BRAND_AND_SELECTED_SKUS,KZ_SKU_EVIDENCE_REQUIRED,https://www.vladmiva.ru/products/khirurgicheskie-instrumenty/elevator-uglovoy-levyy-art-106-14-vp-belmedinstrumenty/,vladmiva-dental-catalog.json
ВладМиВа official,ВладМиВа,ЭЛЕВАТОР зубной угловой малый левый арт.106-12 ВП,elevator-uglovoy-malyy-levyy-art-106-12-vp-belmedinstrumenty,00000071480,1,1,KZ_BRAND_AND_SELECTED_SKUS,KZ_SKU_EVIDENCE_REQUIRED,https://www.vladmiva.ru/products/khirurgicheskie-instrumenty/elevator-uglovoy-malyy-levyy-art-106-12-vp-belmedinstrumenty/,vladmiva-dental-catalog.json
ВладМиВа official,ВладМиВа,ЭЛЕВАТОР зубной угловой малый правый арт. 106-18 ВП,elevator-uglovoy-malyy-pravyy-art-106-18-vp-belmedinstrumenty,00000071479,1,1,KZ_BRAND_AND_SELECTED_SKUS,KZ_SKU_EVIDENCE_REQUIRED,https://www.vladmiva.ru/products/khirurgicheskie-instrumenty/elevator-uglovoy-malyy-pravyy-art-106-18-vp-belmedinstrumenty/,vladmiva-dental-catalog.json
ВладМиВа official,ВладМиВа,ЭЛЕВАТОР зубной угловой правый арт. 106-16 ВП,elevator-uglovoy-pravyy-art-106-16-vp-belmedinstrumenty,00000071490,1,1,KZ_BRAND_AND_SELECTED_SKUS,KZ_SKU_EVIDENCE_REQUIRED,https://www.vladmiva.ru/products/khirurgicheskie-instrumenty/elevator-uglovoy-pravyy-art-106-16-vp-belmedinstrumenty/,vladmiva-dental-catalog.json
ВладМиВа official,ВладМиВа,ЭЛЕВАТОР зубной угловой правый арт. 106-17 ВП,elevator-uglovoy-pravyy-art-106-17-vp-belmedinstrumenty,00000071491,1,1,KZ_BRAND_AND_SELECTED_SKUS,KZ_SKU_EVIDENCE_REQUIRED,https://www.vladmiva.ru/products/khirurgicheskie-instrumenty/elevator-uglovoy-pravyy-art-106-17-vp-belmedinstrumenty/,vladmiva-dental-catalog.json
ВладМиВа official,ВладМиВа,ЭЛЕВАТОР зубной угловой правый арт. 106-19 ВП,elevator-uglovoy-pravyy-art-106-19-vp-belmedinstrumenty,00000071492,1,1,KZ_BRAND_AND_SELECTED_SKUS,KZ_SKU_EVIDENCE_REQUIRED,https://www.vladmiva.ru/products/khirurgicheskie-instrumenty/elevator-uglovoy-pravyy-art-106-19-vp-belmedinstrumenty/,vladmiva-dental-catalog.json
ВладМиВа official,ВладМиВа,ЭЛЕВАТОР зубной штыковидный дистальный арт. 106-20 ВП,elevator-shtykovidnyy-distalnyy-art-106-20-vp-belmedinstrumenty,00000071493,1,1,KZ_BRAND_AND_SELECTED_SKUS,KZ_SKU_EVIDENCE_REQUIRED,https://www.vladmiva.ru/products/khirurgicheskie-instrumenty/elevator-shtykovidnyy-distalnyy-art-106-20-vp-belmedinstrumenty/,vladmiva-dental-catalog.json
ВладМиВа official,ВладМиВа,ЭЛЕВАТОР левый арт.106-22 СП,elevator-levyy-art-106-22-sp-belmedinstrumenty,00000071495,1,1,KZ_BRAND_AND_SELECTED_SKUS,KZ_SKU_EVIDENCE_REQUIRED,https://www.vladmiva.ru/products/khirurgicheskie-instrumenty/elevator-levyy-art-106-22-sp-belmedinstrumenty/,vladmiva-dental-catalog.json
ВладМиВа official,ВладМиВа,ЭЛЕВАТОР правый арт.106-23 СП,elevator-pravyy-art-106-23-sp-belmedinstrumenty,00000071496,1,1,KZ_BRAND_AND_SELECTED_SKUS,KZ_SKU_EVIDENCE_REQUIRED,https://www.vladmiva.ru/products/khirurgicheskie-instrumenty/elevator-pravyy-art-106-23-sp-belmedinstrumenty/,vladmiva-dental-catalog.json
ВладМиВа official,ВладМиВа,"ЭЛЕВАТОР прямой 1,5 мм арт.1204 ПП",elevator-pryamoy-1-5mm-art-1204-pp-belmedinstrumenty,00000071475,1,1,KZ_BRAND_AND_SELECTED_SKUS,KZ_SKU_EVIDENCE_REQUIRED,https://www.vladmiva.ru/products/khirurgicheskie-instrumenty/elevator-pryamoy-1-5mm-art-1204-pp-belmedinstrumenty/,vladmiva-dental-catalog.json
ВладМиВа official,ВладМиВа,ЭЛЕВАТОР прямой 2 мм арт.1202 ПП,elevator-pryamoy-2mm-art-1202-pp-belmedinstrumenty,00000071473,1,1,KZ_BRAND_AND_SELECTED_SKUS,KZ_SKU_EVIDENCE_REQUIRED,https://www.vladmiva.ru/products/khirurgicheskie-instrumenty/elevator-pryamoy-2mm-art-1202-pp-belmedinstrumenty/,vladmiva-dental-catalog.json
ВладМиВа official,ВладМиВа,ЭЛЕВАТОР прямой 2 мм арт.1205 ПП,elevator-pryamoy-2mm-art-1205-pp-belmedinstrumenty,00000071476,1,1,KZ_BRAND_AND_SELECTED_SKUS,KZ_SKU_EVIDENCE_REQUIRED,https://www.vladmiva.ru/products/khirurgicheskie-instrumenty/elevator-pryamoy-2mm-art-1205-pp-belmedinstrumenty/,vladmiva-dental-catalog.json
ВладМиВа official,ВладМиВа,"ЭЛЕВАТОР прямой 3,5 мм арт.1203 ПП",elevator-pryamoy-3-5mm-art-1203-pp-belmedinstrumenty,00000071474,1,1,KZ_BRAND_AND_SELECTED_SKUS,KZ_SKU_EVIDENCE_REQUIRED,https://www.vladmiva.ru/products/khirurgicheskie-instrumenty/elevator-pryamoy-3-5mm-art-1203-pp-belmedinstrumenty/,vladmiva-dental-catalog.json
ВладМиВа official,ВладМиВа,ЭЛЕВАТОР прямой арт. 106-1 ВП,elevator-pryamoy-art-106-1-vp-belmedinstrumenty,00000071459,1,1,KZ_BRAND_AND_SELECTED_SKUS,KZ_SKU_EVIDENCE_REQUIRED,https://www.vladmiva.ru/products/khirurgicheskie-instrumenty/elevator-pryamoy-art-106-1-vp-belmedinstrumenty/,vladmiva-dental-catalog.json
ВладМиВа official,ВладМиВа,ЭЛЕВАТОР прямой арт. 106-2 ВП,elevator-pryamoy-art-106-2-vp-belmedinstrumenty,00000071460,1,1,KZ_BRAND_AND_SELECTED_SKUS,KZ_SKU_EVIDENCE_REQUIRED,https://www.vladmiva.ru/products/khirurgicheskie-instrumenty/elevator-pryamoy-art-106-2-vp-belmedinstrumenty/,vladmiva-dental-catalog.json
ВладМиВа official,ВладМиВа,ЭЛЕВАТОР прямой арт. 269 ПП,elevator-pryamoy-art-269-pp-belmedinstrumenty,00000071477,1,1,KZ_BRAND_AND_SELECTED_SKUS,KZ_SKU_EVIDENCE_REQUIRED,https://www.vladmiva.ru/products/khirurgicheskie-instrumenty/elevator-pryamoy-art-269-pp-belmedinstrumenty/,vladmiva-dental-catalog.json
ВладМиВа official,ВладМиВа,ЭЛЕВАТОР прямой арт.106-24 СП,elevator-pryamoy-art-106-24-sp-belmedinstrumenty,00000071478,1,1,KZ_BRAND_AND_SELECTED_SKUS,KZ_SKU_EVIDENCE_REQUIRED,https://www.vladmiva.ru/products/khirurgicheskie-instrumenty/elevator-pryamoy-art-106-24-sp-belmedinstrumenty/,vladmiva-dental-catalog.json
ВладМиВа official,ВладМиВа,ЭЛЕВАТОР прямой арт.106-3 ВП,elevator-pryamoy-art-106-3-vp-belmedinstrumenty,00000071461,1,1,KZ_BRAND_AND_SELECTED_SKUS,KZ_SKU_EVIDENCE_REQUIRED,https://www.vladmiva.ru/products/khirurgicheskie-instrumenty/elevator-pryamoy-art-106-3-vp-belmedinstrumenty/,vladmiva-dental-catalog.json
ВладМиВа official,ВладМиВа,ЭЛЕВАТОР прямой арт.106-4 ВП,elevator-pryamoy-art-106-4-vp-belmedinstrumenty,00000071462,1,1,KZ_BRAND_AND_SELECTED_SKUS,KZ_SKU_EVIDENCE_REQUIRED,https://www.vladmiva.ru/products/khirurgicheskie-instrumenty/elevator-pryamoy-art-106-4-vp-belmedinstrumenty/,vladmiva-dental-catalog.json
ВладМиВа official,ВладМиВа,ЭЛЕВАТОР прямой арт.106-5 ВП,elevator-pryamoy-art-106-5-vp-belmedinstrumenty,00000071463,1,1,KZ_BRAND_AND_SELECTED_SKUS,KZ_SKU_EVIDENCE_REQUIRED,https://www.vladmiva.ru/products/khirurgicheskie-instrumenty/elevator-pryamoy-art-106-5-vp-belmedinstrumenty/,vladmiva-dental-catalog.json
ВладМиВа official,ВладМиВа,ЭЛЕВАТОР прямой с двойным изгибом левый арт. 331 ПП,elevator-pryamoy-s-dvoynym-izgibom-levyy-art-331-pp-belmedinstrumenty,00000071469,1,1,KZ_BRAND_AND_SELECTED_SKUS,KZ_SKU_EVIDENCE_REQUIRED,https://www.vladmiva.ru/products/khirurgicheskie-instrumenty/elevator-pryamoy-s-dvoynym-izgibom-levyy-art-331-pp-belmedinstrumenty/,vladmiva-dental-catalog.json
ВладМиВа official,ВладМиВа,ЭЛЕВАТОР прямой с двойным изгибом правый арт.332 ПП,elevator-pryamoy-s-dvoynym-izgibom-pravyy-art-332-pp-belmedinstrumenty,00000071470,1,1,KZ_BRAND_AND_SELECTED_SKUS,KZ_SKU_EVIDENCE_REQUIRED,https://www.vladmiva.ru/products/khirurgicheskie-instrumenty/elevator-pryamoy-s-dvoynym-izgibom-pravyy-art-332-pp-belmedinstrumenty/,vladmiva-dental-catalog.json
ВладМиВа official,ВладМиВа,ЭЛЕВАТОР прямой с закругленной рабочей частью 3 мм арт. 247 ПП,elevator-pryamoy-zakruglen-3mm-art-247-pp-belmedinstrumenty,00000071456,1,1,KZ_BRAND_AND_SELECTED_SKUS,KZ_SKU_EVIDENCE_REQUIRED,https://www.vladmiva.ru/products/khirurgicheskie-instrumenty/elevator-pryamoy-zakruglen-3mm-art-247-pp-belmedinstrumenty/,vladmiva-dental-catalog.json
ВладМиВа official,ВладМиВа,ЭЛЕВАТОР прямой с заостренной рабочей частью 1 мм арт. 251 ПП,elevator-pryamoy-zaostrennyy-1mm-art-251-pp-belmedinstrumenty,00000071468,1,1,KZ_BRAND_AND_SELECTED_SKUS,KZ_SKU_EVIDENCE_REQUIRED,https://www.vladmiva.ru/products/khirurgicheskie-instrumenty/elevator-pryamoy-zaostrennyy-1mm-art-251-pp-belmedinstrumenty/,vladmiva-dental-catalog.json
ВладМиВа official,ВладМиВа,"ЭЛЕВАТОР прямой с заостренной рабочей частью 1,5 мм арт. 249 ПП",elevator-pryamoy-zaostrennyy-1-5mm-art-249-pp-belmedinstrumenty,00000071467,1,1,KZ_BRAND_AND_SELECTED_SKUS,KZ_SKU_EVIDENCE_REQUIRED,https://www.vladmiva.ru/products/khirurgicheskie-instrumenty/elevator-pryamoy-zaostrennyy-1-5mm-art-249-pp-belmedinstrumenty/,vladmiva-dental-catalog.json
ВладМиВа official,ВладМиВа,ЭЛЕВАТОР прямой с заостренной рабочей частью 2 мм арт. 239 ПП,elevator-pryamoy-zaostrennyy-2mm-art-239-pp-belmedinstrumenty,00000071466,1,1,KZ_BRAND_AND_SELECTED_SKUS,KZ_SKU_EVIDENCE_REQUIRED,https://www.vladmiva.ru/products/khirurgicheskie-instrumenty/elevator-pryamoy-zaostrennyy-2mm-art-239-pp-belmedinstrumenty/,vladmiva-dental-catalog.json
ВладМиВа official,ВладМиВа,ЭЛЕВАТОР прямой с заостренной рабочей частью 3 мм арт. 1207 ПП,elevator-pryamoy-zaostrennyy-3mm-art-1207-pp-belmedinstrumenty,00000071464,1,1,KZ_BRAND_AND_SELECTED_SKUS,KZ_SKU_EVIDENCE_REQUIRED,https://www.vladmiva.ru/products/khirurgicheskie-instrumenty/elevator-pryamoy-zaostrennyy-3mm-art-1207-pp-belmedinstrumenty/,vladmiva-dental-catalog.json
ВладМиВа official,ВладМиВа,ЭЛЕВАТОР прямой с заостренной рабочей частью 4 мм арт. 1208 ПП,elevator-pryamoy-zaostrennyy-4mm-art-1208-pp-belmedinstrumenty,00000071465,1,1,KZ_BRAND_AND_SELECTED_SKUS,KZ_SKU_EVIDENCE_REQUIRED,https://www.vladmiva.ru/products/khirurgicheskie-instrumenty/elevator-pryamoy-zaostrennyy-4mm-art-1208-pp-belmedinstrumenty/,vladmiva-dental-catalog.json
ВладМиВа official,ВладМиВа,ЭЛЕВАТОР прямой с изогнутой рабочей частью левый арт. 258 ПП,elevator-pryamoy-izognut-levyy-art-258-pp-belmedinstrumenty,00000071457,1,1,KZ_BRAND_AND_SELECTED_SKUS,KZ_SKU_EVIDENCE_REQUIRED,https://www.vladmiva.ru/products/khirurgicheskie-instrumenty/elevator-pryamoy-izognut-levyy-art-258-pp-belmedinstrumenty/,vladmiva-dental-catalog.json
ВладМиВа official,ВладМиВа,ЭЛЕВАТОР прямой с изогнутой рабочей частью правый арт. 259 ПП,elevator-pryamoy-izognut-pravyy-art-259-pp-belmedinstrumenty,00000071458,1,1,KZ_BRAND_AND_SELECTED_SKUS,KZ_SKU_EVIDENCE_REQUIRED,https://www.vladmiva.ru/products/khirurgicheskie-instrumenty/elevator-pryamoy-izognut-pravyy-art-259-pp-belmedinstrumenty/,vladmiva-dental-catalog.json
ВладМиВа official,ВладМиВа,ЭЛЕВАТОР прямой серповидный правый арт. 282 ПП,elevator-pryamoy-serpovidnyy-levyy-art-282-pp-belmedinstrumenty,00000071471,1,1,KZ_BRAND_AND_SELECTED_SKUS,KZ_SKU_EVIDENCE_REQUIRED,https://www.vladmiva.ru/products/khirurgicheskie-instrumenty/elevator-pryamoy-serpovidnyy-levyy-art-282-pp-belmedinstrumenty/,vladmiva-dental-catalog.json
ВладМиВа official,ВладМиВа,ЭЛЕВАТОР прямой серповидный правый арт.283 ПП,elevator-pryamoy-serpovidnyy-pravyy-art-283-pp-belmedinstrumenty,00000071472,1,1,KZ_BRAND_AND_SELECTED_SKUS,KZ_SKU_EVIDENCE_REQUIRED,https://www.vladmiva.ru/products/khirurgicheskie-instrumenty/elevator-pryamoy-serpovidnyy-pravyy-art-283-pp-belmedinstrumenty/,vladmiva-dental-catalog.json
ВладМиВа official,ВладМиВа,ЭЛЕВАТОР с двойным изгибом левый арт. 106-8 ВП,elevator-s-dvoynym-izgibom-levyy-art-106-8-vp-belmedinstrumenty,00000071484,1,1,KZ_BRAND_AND_SELECTED_SKUS,KZ_SKU_EVIDENCE_REQUIRED,https://www.vladmiva.ru/products/khirurgicheskie-instrumenty/elevator-s-dvoynym-izgibom-levyy-art-106-8-vp-belmedinstrumenty/,vladmiva-dental-catalog.json
ВладМиВа official,ВладМиВа,ЭЛЕВАТОР с двойным изгибом правый арт. 106-9 ВП,elevator-s-dvoynym-izgibom-pravyy-art-106-9-vp-belmedinstrumenty,00000071485,1,1,KZ_BRAND_AND_SELECTED_SKUS,KZ_SKU_EVIDENCE_REQUIRED,https://www.vladmiva.ru/products/khirurgicheskie-instrumenty/elevator-s-dvoynym-izgibom-pravyy-art-106-9-vp-belmedinstrumenty/,vladmiva-dental-catalog.json
ВладМиВа official,ВладМиВа,ЭЛЕВАТОР угловой правый арт. 106-15 ВП,elevator-uglovoy-pravyy-art-106-15-vp-belmedinstrumenty,00000071489,1,1,KZ_BRAND_AND_SELECTED_SKUS,KZ_SKU_EVIDENCE_REQUIRED,https://www.vladmiva.ru/products/khirurgicheskie-instrumenty/elevator-uglovoy-pravyy-art-106-15-vp-belmedinstrumenty/,vladmiva-dental-catalog.json
ВладМиВа official,ВладМиВа,ДЕНТАЛКАСТ 30 тип 3,gips-dentalkast-30-tip-3-25-kg,00000062605 | 00000062207,2,2,KZ_BRAND_AND_SELECTED_SKUS,KZ_SKU_EVIDENCE_REQUIRED,https://www.vladmiva.ru/products/stomatologicheskie-instrumenty-zzm-/gips-dentalkast-30-tip-3-25-kg/,vladmiva-dental-catalog.json
ВладМиВа official,ВладМиВа,ДЕНТАЛКАСТ 50 тип 4/порошок/3кг,gips-dentalkast-50-tip-4-3-kg,00000062607,1,2,KZ_BRAND_AND_SELECTED_SKUS,KZ_SKU_EVIDENCE_REQUIRED,https://www.vladmiva.ru/products/stomatologicheskie-instrumenty-zzm-/gips-dentalkast-50-tip-4-3-kg/,vladmiva-dental-catalog.json
ВладМиВа official,ВладМиВа,Зт-лак золотой/15 мл,zt-lak-zolotoy-15-ml-,00000062610,1,1,KZ_BRAND_AND_SELECTED_SKUS,KZ_SKU_EVIDENCE_REQUIRED,https://www.vladmiva.ru/products/stomatologicheskie-instrumenty-zzm-/zt-lak-zolotoy-15-ml-/,vladmiva-dental-catalog.json
ВладМиВа official,ВладМиВа,Зт-лак красный/15 мл,zt-lak-krasnyy-15-ml-,00000062609,1,1,KZ_BRAND_AND_SELECTED_SKUS,KZ_SKU_EVIDENCE_REQUIRED,https://www.vladmiva.ru/products/stomatologicheskie-instrumenty-zzm-/zt-lak-krasnyy-15-ml-/,vladmiva-dental-catalog.json
ВладМиВа official,ВладМиВа,Зт-лак растворитель/15 мл,zt-lak-rastvoritel-15-ml-,00000062613,1,1,KZ_BRAND_AND_SELECTED_SKUS,KZ_SKU_EVIDENCE_REQUIRED,https://www.vladmiva.ru/products/stomatologicheskie-instrumenty-zzm-/zt-lak-rastvoritel-15-ml-/,vladmiva-dental-catalog.json
ВладМиВа official,ВладМиВа,Зт-лак серебряный/15 мл,zt-lak-serebryanyy-15-ml-,00000062611,1,1,KZ_BRAND_AND_SELECTED_SKUS,KZ_SKU_EVIDENCE_REQUIRED,https://www.vladmiva.ru/products/stomatologicheskie-instrumenty-zzm-/zt-lak-serebryanyy-15-ml-/,vladmiva-dental-catalog.json
ВладМиВа official,ВладМиВа,Зт-лак синий/15 мл,zt-lak-siniy-15-ml-,00000062608,1,1,KZ_BRAND_AND_SELECTED_SKUS,KZ_SKU_EVIDENCE_REQUIRED,https://www.vladmiva.ru/products/stomatologicheskie-instrumenty-zzm-/zt-lak-siniy-15-ml-/,vladmiva-dental-catalog.json
ВладМиВа official,ВладМиВа,Зт-лак штумфлак/15 мл,zt-lak-shtumflak-15-ml-,00000062612,1,1,KZ_BRAND_AND_SELECTED_SKUS,KZ_SKU_EVIDENCE_REQUIRED,https://www.vladmiva.ru/products/stomatologicheskie-instrumenty-zzm-/zt-lak-shtumflak-15-ml-/,vladmiva-dental-catalog.json
ВладМиВа official,ВладМиВа,ИНДИКАСТ/паста/12мл,indikast-12ml-,00000062145,1,1,KZ_BRAND_AND_SELECTED_SKUS,KZ_SKU_EVIDENCE_REQUIRED,https://www.vladmiva.ru/products/stomatologicheskie-instrumenty-zzm-/indikast-12ml-/,vladmiva-dental-catalog.json
ВладМиВа official,ВладМиВа,ЛАБОМАРК/жидкость/белый/15мл,labomark-belyy-15ml-,00000062144,1,1,KZ_BRAND_AND_SELECTED_SKUS,KZ_SKU_EVIDENCE_REQUIRED,https://www.vladmiva.ru/products/stomatologicheskie-instrumenty-zzm-/labomark-belyy-15ml-/,vladmiva-dental-catalog.json
ВладМиВа official,ВладМиВа,ЛАБОМАРК/жидкость/зелёный/15мл,labomark-zelyenyy-15ml-,00000062616,1,1,KZ_BRAND_AND_SELECTED_SKUS,KZ_SKU_EVIDENCE_REQUIRED,https://www.vladmiva.ru/products/stomatologicheskie-instrumenty-zzm-/labomark-zelyenyy-15ml-/,vladmiva-dental-catalog.json
ВладМиВа official,ВладМиВа,ЛАБОМАРК/жидкость/красный/15мл,labomark-krasnyy-15ml-,00000062614,1,1,KZ_BRAND_AND_SELECTED_SKUS,KZ_SKU_EVIDENCE_REQUIRED,https://www.vladmiva.ru/products/stomatologicheskie-instrumenty-zzm-/labomark-krasnyy-15ml-/,vladmiva-dental-catalog.json
ВладМиВа official,ВладМиВа,ЛАБОМАРК/жидкость/синий/15мл,labomark-siniy-15ml-,00000062615,1,1,KZ_BRAND_AND_SELECTED_SKUS,KZ_SKU_EVIDENCE_REQUIRED,https://www.vladmiva.ru/products/stomatologicheskie-instrumenty-zzm-/labomark-siniy-15ml-/,vladmiva-dental-catalog.json
ВладМиВа official,ВладМиВа,ЛАБОМАРК/растворитель/15мл,labomark-rastvoritel-15ml-,00000062617,1,1,KZ_BRAND_AND_SELECTED_SKUS,KZ_SKU_EVIDENCE_REQUIRED,https://www.vladmiva.ru/products/stomatologicheskie-instrumenty-zzm-/labomark-rastvoritel-15ml-/,vladmiva-dental-catalog.json
ВладМиВа official,ВладМиВа,ПАТТЕРНПЛАСТ,patternplast-nabor-100ml-zh-2-50por-,00000057150 | 00000062601,2,2,KZ_BRAND_AND_SELECTED_SKUS,KZ_SKU_EVIDENCE_REQUIRED,https://www.vladmiva.ru/products/stomatologicheskie-instrumenty-zzm-/patternplast-nabor-100ml-zh-2-50por-/,vladmiva-dental-catalog.json
ВладМиВа official,ВладМиВа,ПАТТЕРНПЛАСТ–LC флоу/паста/5г,patternplast-lc-flou-pasta-5gr,00000062604,1,2,KZ_BRAND_AND_SELECTED_SKUS,KZ_SKU_EVIDENCE_REQUIRED,https://www.vladmiva.ru/products/stomatologicheskie-instrumenty-zzm-/patternplast-lc-flou-pasta-5gr/,vladmiva-dental-catalog.json
ВладМиВа official,ВладМиВа,ПАТТЕРНПЛАСТ–LC/паста/ 5г,patternplast-lc-pasta-5gr,00000062386,1,1,KZ_BRAND_AND_SELECTED_SKUS,KZ_SKU_EVIDENCE_REQUIRED,https://www.vladmiva.ru/products/stomatologicheskie-instrumenty-zzm-/patternplast-lc-pasta-5gr/,vladmiva-dental-catalog.json
ВладМиВа official,ВладМиВа,ПАТТЕРНПЛАСТ–М,patternplast-m-nabor-100ml-zh-2-50por-,00000062600,1,1,KZ_BRAND_AND_SELECTED_SKUS,KZ_SKU_EVIDENCE_REQUIRED,https://www.vladmiva.ru/products/stomatologicheskie-instrumenty-zzm-/patternplast-m-nabor-100ml-zh-2-50por-/,vladmiva-dental-catalog.json
ВладМиВа official,ВладМиВа,ПАТТЕРНПЛАСТ–М,patternplast-m-zhidkost-100ml,00000062602,1,1,KZ_BRAND_AND_SELECTED_SKUS,KZ_SKU_EVIDENCE_REQUIRED,https://www.vladmiva.ru/products/stomatologicheskie-instrumenty-zzm-/patternplast-m-zhidkost-100ml/,vladmiva-dental-catalog.json
ВладМиВа official,ВладМиВа,ФОТОТРЕЙ,fototrey-20sht,00000057142 | 00000083712 | 00000107180 | 00000107179 | 00000107181,5,2,KZ_BRAND_AND_SELECTED_SKUS,KZ_SKU_EVIDENCE_REQUIRED,https://www.vladmiva.ru/products/stomatologicheskie-instrumenty-zzm-/fototrey-20sht/,vladmiva-dental-catalog.json
ВладМиВа official,ВладМиВа,ФОТОТРЕЙ /50шт,fototrey-50sht,00000083712,1,1,KZ_BRAND_AND_SELECTED_SKUS,KZ_SKU_EVIDENCE_REQUIRED,https://www.vladmiva.ru/products/stomatologicheskie-instrumenty-zzm-/fototrey-50sht/,vladmiva-dental-catalog.json
ВладМиВа official,ВладМиВа,"Гидроблок со слюноотсосом ГСС-5 ""Селена-2000""настольный",slyunootsos-stomat-gss-5-avtonom-nastol-vladmiva,00000004606,1,1,KZ_BRAND_AND_SELECTED_SKUS,KZ_SKU_EVIDENCE_REQUIRED,https://www.vladmiva.ru/products/stomatologicheskoe-oborudovanie-/slyunootsos-stomat-gss-5-avtonom-nastol-vladmiva/,vladmiva-dental-catalog.json
ВладМиВа official,ВладМиВа,Кресло типа КСО-01 /облегченное /,kreslo-tipa-kso-01-oblegchennoe-vladmiva,00000009957,1,1,KZ_BRAND_AND_SELECTED_SKUS,KZ_SKU_EVIDENCE_REQUIRED,https://www.vladmiva.ru/products/stomatologicheskoe-oborudovanie-/kreslo-tipa-kso-01-oblegchennoe-vladmiva/,vladmiva-dental-catalog.json
ВладМиВа official,ВладМиВа,Светильник ССП-01/переносной,svetilnik-ssp-01-vladmiva-perenosnoy,00000010981,1,1,KZ_BRAND_AND_SELECTED_SKUS,KZ_SKU_EVIDENCE_REQUIRED,https://www.vladmiva.ru/products/stomatologicheskoe-oborudovanie-/svetilnik-ssp-01-vladmiva-perenosnoy/,vladmiva-dental-catalog.json
ВладМиВа official,ВладМиВа,Столик инструментальный/стекло ССИ-02В,stolik-instr-steklo-steklo-ssi-02v-vladmiva,00000005091,1,1,KZ_BRAND_AND_SELECTED_SKUS,KZ_SKU_EVIDENCE_REQUIRED,https://www.vladmiva.ru/products/stomatologicheskoe-oborudovanie-/stolik-instr-steklo-steklo-ssi-02v-vladmiva/,vladmiva-dental-catalog.json
ВладМиВа official,ВладМиВа,"Установка стоматологическая УС-01М ""Селена 2000"" модуль врача мобильный без ресивера",ustanovka-us-01m-mobilnaya-so-slyunootsosom,00000064240,1,1,KZ_BRAND_AND_SELECTED_SKUS,KZ_SKU_EVIDENCE_REQUIRED,https://www.vladmiva.ru/products/stomatologicheskoe-oborudovanie-/ustanovka-us-01m-mobilnaya-so-slyunootsosom/,vladmiva-dental-catalog.json
ВладМиВа official,ВладМиВа,"Установка стоматологическая УС-01П ""Селена 2000""",ustanovka-us-01p-mobilnaya-so-slyunootsosom,00000064434,1,1,KZ_BRAND_AND_SELECTED_SKUS,KZ_SKU_EVIDENCE_REQUIRED,https://www.vladmiva.ru/products/stomatologicheskoe-oborudovanie-/ustanovka-us-01p-mobilnaya-so-slyunootsosom/,vladmiva-dental-catalog.json
ВладМиВа official,ВладМиВа,Чаша плевательница,plevatelnitsa-na-stoyke-vladmiva-,00000004536,1,1,KZ_BRAND_AND_SELECTED_SKUS,KZ_SKU_EVIDENCE_REQUIRED,https://www.vladmiva.ru/products/stomatologicheskoe-oborudovanie-/plevatelnitsa-na-stoyke-vladmiva-/,vladmiva-dental-catalog.json
ВладМиВа official,ВладМиВа,ГЕЛИН/300 г,gelin-0-3kg-polimer-stomatologiya,00000025630,1,1,KZ_BRAND_AND_SELECTED_SKUS,KZ_SKU_EVIDENCE_REQUIRED,https://www.vladmiva.ru/products/ortopedicheskie4/gelin-0-3kg-polimer-stomatologiya/,vladmiva-dental-catalog.json
ВладМиВа official,ВладМиВа,ГИЛЬЗЫ ДЛЯ ЗУБНЫХ КОРОНОК,gilzy-10-mm-100sht-polimer-stomatologiya,00000025002 | 00000025005 | 00000024968 | 00000025064 | 00000025203 | 00000025189 | 00000025010 | 00000024967 | 00000025011 | 00000025000 | 00000024963 | 00000025001,12,1,KZ_BRAND_AND_SELECTED_SKUS,KZ_SKU_EVIDENCE_REQUIRED,https://www.vladmiva.ru/products/ortopedicheskie4/gilzy-10-mm-100sht-polimer-stomatologiya/,vladmiva-dental-catalog.json
ВладМиВа official,ВладМиВа,ГОЛОВКИ ШЛИФОВАЛЬНЫЕ/На прямой наконечник для естественных зубов,golovka-d-estestv-zubov-pryamaya-gsv-7-10sht-polimer-stomatologiya,00000026413,1,1,KZ_BRAND_AND_SELECTED_SKUS,KZ_SKU_EVIDENCE_REQUIRED,https://www.vladmiva.ru/products/ortopedicheskie4/golovka-d-estestv-zubov-pryamaya-gsv-7-10sht-polimer-stomatologiya/,vladmiva-dental-catalog.json
ВладМиВа official,ВладМиВа,ГОЛОВКИ ШЛИФОВАЛЬНЫЕ/На прямой наконечник для естественных зубов,golovka-d-estestv-zubov-pryamaya-gu-10-10sht-polimer-stomatologiya,00000026408,1,1,KZ_BRAND_AND_SELECTED_SKUS,KZ_SKU_EVIDENCE_REQUIRED,https://www.vladmiva.ru/products/ortopedicheskie4/golovka-d-estestv-zubov-pryamaya-gu-10-10sht-polimer-stomatologiya/,vladmiva-dental-catalog.json
ВладМиВа official,ВладМиВа,ГОЛОВКИ ШЛИФОВАЛЬНЫЕ/На прямой наконечник для естественных зубов,golovka-d-estestv-zubov-pryamaya-gu-4-10sht-polimer-stomatologiya,00000026375,1,1,KZ_BRAND_AND_SELECTED_SKUS,KZ_SKU_EVIDENCE_REQUIRED,https://www.vladmiva.ru/products/ortopedicheskie4/golovka-d-estestv-zubov-pryamaya-gu-4-10sht-polimer-stomatologiya/,vladmiva-dental-catalog.json
ВладМиВа official,ВладМиВа,ГОЛОВКИ ШЛИФОВАЛЬНЫЕ/На прямой наконечник для естественных зубов,golovka-d-estestv-zubov-pryamaya-gu-6-10sht-polimer-stomatologiya,00000026407,1,1,KZ_BRAND_AND_SELECTED_SKUS,KZ_SKU_EVIDENCE_REQUIRED,https://www.vladmiva.ru/products/ortopedicheskie4/golovka-d-estestv-zubov-pryamaya-gu-6-10sht-polimer-stomatologiya/,vladmiva-dental-catalog.json
ВладМиВа official,ВладМиВа,ГОЛОВКИ ШЛИФОВАЛЬНЫЕ/На прямой наконечник для естественных зубов,golovka-d-estestv-zubov-pryamaya-guv-10-10sht-polimer-stomatologiya,00000026409,1,1,KZ_BRAND_AND_SELECTED_SKUS,KZ_SKU_EVIDENCE_REQUIRED,https://www.vladmiva.ru/products/ortopedicheskie4/golovka-d-estestv-zubov-pryamaya-guv-10-10sht-polimer-stomatologiya/,vladmiva-dental-catalog.json
ВладМиВа official,ВладМиВа,ГОЛОВКИ ШЛИФОВАЛЬНЫЕ/На прямой наконечник для нейлоновых протезов,golovka-shlif-d-neylonovykh-protezov-gk-6-gruboy-obrabotki-polimer-stomatologiya,00000054208 | 00000054210 | 00000054211 | 00000043048 | 00000043041 | 00000043032 | 00000043040 | 00000043043 | 00000043035 | 00000043039 | 00000043042 | 00000043801 | 00000043800 | 00000043799 | 00000043037 | 00000043044 | 00000043033 | 00000043253 | 00000043045 | 00000043034 | 00000043036 | 00000043049 | 00000043050 | 00000043265 | 00000043264 | 00000069525 | 00000069526 | 00000069527 | 00000043046 | 00000043047 | 00000043038 | 00000062531,32,14,KZ_BRAND_AND_SELECTED_SKUS,KZ_SKU_EVIDENCE_REQUIRED,https://www.vladmiva.ru/products/ortopedicheskie4/golovka-shlif-d-neylonovykh-protezov-gk-6-gruboy-obrabotki-polimer-stomatologiya/,vladmiva-dental-catalog.json
ВладМиВа official,ВладМиВа,ГОЛОВКИ ШЛИФОВАЛЬНЫЕ/На прямой наконечник для пластмассовых протезов,golovka-d-plastmas-protez-gkz-12-5-10sht-p-s,00000026406 | 00000026415 | 00000026417 | 0000026416 | 00000026404 | 00000026418,6,6,KZ_BRAND_AND_SELECTED_SKUS,KZ_SKU_EVIDENCE_REQUIRED,https://www.vladmiva.ru/products/ortopedicheskie4/golovka-d-plastmas-protez-gkz-12-5-10sht-p-s/,vladmiva-dental-catalog.json
ВладМиВа official,ВладМиВа,ГОЛОВКИ ШЛИФОВАЛЬНЫЕ/На прямой наконечник для протезов из КХС,golovka-d-kkhs-gk-6-10sht-polimer-stomatolo,00000026434 | 00000026441 | 00000026442 | 00000026439 | 00000026440 | 00000026436 | 00000026435 | 00000026437 | 00000026438,9,9,KZ_BRAND_AND_SELECTED_SKUS,KZ_SKU_EVIDENCE_REQUIRED,https://www.vladmiva.ru/products/ortopedicheskie4/golovka-d-kkhs-gk-6-10sht-polimer-stomatolo/,vladmiva-dental-catalog.json
ВладМиВа official,ВладМиВа,ГОЛОВКИ ШЛИФОВАЛЬНЫЕ/На прямой наконечник для стальных протезов,golovka-d-stalnykh-protez-gsv-10-10sht-p-s,00000031914 | 00000008883 | 00000026423 | 00000026421 | 00000006579 | 00000026420 | 00000010694 | 00000026422 | 00000008882,9,8,KZ_BRAND_AND_SELECTED_SKUS,KZ_SKU_EVIDENCE_REQUIRED,https://www.vladmiva.ru/products/ortopedicheskie4/golovka-d-stalnykh-protez-gsv-10-10sht-p-s/,vladmiva-dental-catalog.json
ВладМиВа official,ВладМиВа,ГОЛОВКИ ШЛИФОВАЛЬНЫЕ/На прямой наконечник/для КХС,golovka-d-kkhs-guz-12-8-10sht-polimer-stomato,00000049281 | 00000026432,2,2,KZ_BRAND_AND_SELECTED_SKUS,KZ_SKU_EVIDENCE_REQUIRED,https://www.vladmiva.ru/products/ortopedicheskie4/golovka-d-kkhs-guz-12-8-10sht-polimer-stomato/,vladmiva-dental-catalog.json
ВладМиВа official,ВладМиВа,ГОЛОВКИ ШЛИФОВАЛЬНЫЕ/На прямой наконечник/для обработки естественных зубов,golovka-d-estestv-zubov-pryamaya-gsv-12-5-10sht-polimer-stomatologiya,00000034601 | 00000009433 | 00000026410,3,3,KZ_BRAND_AND_SELECTED_SKUS,KZ_SKU_EVIDENCE_REQUIRED,https://www.vladmiva.ru/products/ortopedicheskie4/golovka-d-estestv-zubov-pryamaya-gsv-12-5-10sht-polimer-stomatologiya/,vladmiva-dental-catalog.json
ВладМиВа official,ВладМиВа,ГОЛОВКИ ШЛИФОВАЛЬНЫЕ/На прямой наконечник/для обработки пластмассовых протезов,golovka-d-plastmas-protez-gk-6-10sht-p-s_1,00000043218 | 00000026419 | 00000049282,3,3,KZ_BRAND_AND_SELECTED_SKUS,KZ_SKU_EVIDENCE_REQUIRED,https://www.vladmiva.ru/products/ortopedicheskie4/golovka-d-plastmas-protez-gk-6-10sht-p-s_1/,vladmiva-dental-catalog.json
ВладМиВа official,ВладМиВа,ГОЛОВКИ ШЛИФОВАЛЬНЫЕ/На угловой наконечник для естественных зубов,golovka-d-estestv-zubov-uglovaya-gsv-7-10sht-polimer-stomatologiya,00000026402 | 00000026397 | 00000026394 | 00000026396 | 00000026398,5,5,KZ_BRAND_AND_SELECTED_SKUS,KZ_SKU_EVIDENCE_REQUIRED,https://www.vladmiva.ru/products/ortopedicheskie4/golovka-d-estestv-zubov-uglovaya-gsv-7-10sht-polimer-stomatologiya/,vladmiva-dental-catalog.json
ВладМиВа official,ВладМиВа,ГОЛОВКИ ШЛИФОВАЛЬНЫЕ/На угловой наконечник/для обработки естественных зубов/ГУ-8/10шт,golovka-d-estestv-zubov-uglovaya-gu-8-10sht-polimer-stomatologiya,00000009432,1,1,KZ_BRAND_AND_SELECTED_SKUS,KZ_SKU_EVIDENCE_REQUIRED,https://www.vladmiva.ru/products/ortopedicheskie4/golovka-d-estestv-zubov-uglovaya-gu-8-10sht-polimer-stomatologiya/,vladmiva-dental-catalog.json
ВладМиВа official,ВладМиВа,ДИСКИ БУМАЖНЫЕ ВОДОСТОЙКИЕ,diski-bumazhnye-vodostoykie-d-22-0-mm-400-sht-polimer-stomatologiya,00000054244 | 00000034841 | 00000041797 | 00000041404,4,3,KZ_BRAND_AND_SELECTED_SKUS,KZ_SKU_EVIDENCE_REQUIRED,https://www.vladmiva.ru/products/ortopedicheskie4/diski-bumazhnye-vodostoykie-d-22-0-mm-400-sht-polimer-stomatologiya/,vladmiva-dental-catalog.json
ВладМиВа official,ВладМиВа,"ДИСКИ СЕПАРАЦИОННЫЕ ВУЛКАНИТОВЫЕ/d–18,0 мм/400 шт",diski-separatsionnye-vulkanitovye-d-18-0-mm-400-sht-polimer-stomatologiya,00000034844,1,2,KZ_BRAND_AND_SELECTED_SKUS,KZ_SKU_EVIDENCE_REQUIRED,https://www.vladmiva.ru/products/ortopedicheskie4/diski-separatsionnye-vulkanitovye-d-18-0-mm-400-sht-polimer-stomatologiya/,vladmiva-dental-catalog.json
ВладМиВа official,ВладМиВа,"ДИСКИ СЕПАРАЦИОННЫЕ ВУЛКАНИТОВЫЕ/d–18,0 мм/50 шт",diski-separatsionnye-vulkanitovye-d-18-0-mm-50sht-polimer-stomatologiya,00000075614,1,1,KZ_BRAND_AND_SELECTED_SKUS,KZ_SKU_EVIDENCE_REQUIRED,https://www.vladmiva.ru/products/ortopedicheskie4/diski-separatsionnye-vulkanitovye-d-18-0-mm-50sht-polimer-stomatologiya/,vladmiva-dental-catalog.json
ВладМиВа official,ВладМиВа,"ДИСКИ СЕПАРАЦИОННЫЕ ВУЛКАНИТОВЫЕ/d–22,0 мм/400 шт",diski-separatsionnye-vulkanitovye-d-22-0-mm-400-sht-polimer-stomatologiya,00000034845,1,2,KZ_BRAND_AND_SELECTED_SKUS,KZ_SKU_EVIDENCE_REQUIRED,https://www.vladmiva.ru/products/ortopedicheskie4/diski-separatsionnye-vulkanitovye-d-22-0-mm-400-sht-polimer-stomatologiya/,vladmiva-dental-catalog.json
ВладМиВа official,ВладМиВа,"ДИСКИ СЕПАРАЦИОННЫЕ ВУЛКАНИТОВЫЕ/d–22,0 мм/50 шт",diski-separatsionnye-vulkanitovye-d-22-0-mm-50sht-polimer-stomatologiya,00000074741,1,1,KZ_BRAND_AND_SELECTED_SKUS,KZ_SKU_EVIDENCE_REQUIRED,https://www.vladmiva.ru/products/ortopedicheskie4/diski-separatsionnye-vulkanitovye-d-22-0-mm-50sht-polimer-stomatologiya/,vladmiva-dental-catalog.json
ВладМиВа official,ВладМиВа,"КЛАММЕРЫ СТАЛЬНЫЕ КРУГЛЫЕ (TiN)/d–1,0 мм/ L=25мм/1 шт",klammery-tin-d-1-0-l25mm-polimer-stomatologiya,00000025215,1,1,KZ_BRAND_AND_SELECTED_SKUS,KZ_SKU_EVIDENCE_REQUIRED,https://www.vladmiva.ru/products/ortopedicheskie4/klammery-tin-d-1-0-l25mm-polimer-stomatologiya/,vladmiva-dental-catalog.json
ВладМиВа official,ВладМиВа,"КЛАММЕРЫ СТАЛЬНЫЕ КРУГЛЫЕ (TiN)/d–1,0 мм/ L=32мм/1 шт",klammery-tin-d-1-0-l32mm-polimer-stomatologiya,00000025216,1,1,KZ_BRAND_AND_SELECTED_SKUS,KZ_SKU_EVIDENCE_REQUIRED,https://www.vladmiva.ru/products/ortopedicheskie4/klammery-tin-d-1-0-l32mm-polimer-stomatologiya/,vladmiva-dental-catalog.json
ВладМиВа official,ВладМиВа,"КЛАММЕРЫ СТАЛЬНЫЕ КРУГЛЫЕ (TiN)/d–1,2 мм/ L=25мм/1 шт",klammery-tin-d-1-2-l25mm-polimer-stomatologiya,00000025214,1,1,KZ_BRAND_AND_SELECTED_SKUS,KZ_SKU_EVIDENCE_REQUIRED,https://www.vladmiva.ru/products/ortopedicheskie4/klammery-tin-d-1-2-l25mm-polimer-stomatologiya/,vladmiva-dental-catalog.json
ВладМиВа official,ВладМиВа,"КЛАММЕРЫ СТАЛЬНЫЕ КРУГЛЫЕ (TiN)/d–1,2 мм/ L=32мм/1 шт",klammery-tin-d-1-2-l32mm-polimer-stomatologiya,00000025217,1,1,KZ_BRAND_AND_SELECTED_SKUS,KZ_SKU_EVIDENCE_REQUIRED,https://www.vladmiva.ru/products/ortopedicheskie4/klammery-tin-d-1-2-l32mm-polimer-stomatologiya/,vladmiva-dental-catalog.json
ВладМиВа official,ВладМиВа,"КЛАММЕРЫ СТАЛЬНЫЕ КРУГЛЫЕ/d–1,0 мм (L=32 мм и L=25мм)/160 шт + 340 шт",klammery-f-1-0-500sht-polimer-stomatologiya,00000024969,1,1,KZ_BRAND_AND_SELECTED_SKUS,KZ_SKU_EVIDENCE_REQUIRED,https://www.vladmiva.ru/products/ortopedicheskie4/klammery-f-1-0-500sht-polimer-stomatologiya/,vladmiva-dental-catalog.json
ВладМиВа official,ВладМиВа,"КЛАММЕРЫ СТАЛЬНЫЕ КРУГЛЫЕ/d–1,2 мм (L=32 мм и L=25мм)/160 шт + 340 шт",klammery-f-1-2-500sht-polimer-stomatologiya,00000024970,1,1,KZ_BRAND_AND_SELECTED_SKUS,KZ_SKU_EVIDENCE_REQUIRED,https://www.vladmiva.ru/products/ortopedicheskie4/klammery-f-1-2-500sht-polimer-stomatologiya/,vladmiva-dental-catalog.json
ВладМиВа official,ВладМиВа,"КРУГИ ПОЛИРОВАЛЬНЫЕ ГИБКИЕ /тонкой шлифовки/d 18,0 мм, Т 4,0 мм, d отв. 2,0 мм/50 шт",krugi-polir-gibkie-d-bormashin-18-0-mm-dlya-tonkoy-obrabotki-50sht-polimer-stomatologiya-90-75-mkm,00000034847,1,1,KZ_BRAND_AND_SELECTED_SKUS,KZ_SKU_EVIDENCE_REQUIRED,https://www.vladmiva.ru/products/ortopedicheskie4/krugi-polir-gibkie-d-bormashin-18-0-mm-dlya-tonkoy-obrabotki-50sht-polimer-stomatologiya-90-75-mkm/,vladmiva-dental-catalog.json
ВладМиВа official,ВладМиВа,КРУГИ ПОЛИРОВАЛЬНЫЕ ГИБКИЕ ДЛЯ БОРМАШИН/груб. шлифовка/d 22 мм/50 шт,krugi-polir-gibkie-d-bormashin-22-0-mm-dlya-gruboy-obrabotki-50sht-polimer-stomatologiya-,00000062720,1,1,KZ_BRAND_AND_SELECTED_SKUS,KZ_SKU_EVIDENCE_REQUIRED,https://www.vladmiva.ru/products/ortopedicheskie4/krugi-polir-gibkie-d-bormashin-22-0-mm-dlya-gruboy-obrabotki-50sht-polimer-stomatologiya-/,vladmiva-dental-catalog.json
ВладМиВа official,ВладМиВа,КРУГИ ПОЛИРОВАЛЬНЫЕ ГИБКИЕ ДЛЯ БОРМАШИН/грубая шлифовка/d 18 мм/50 шт,krugi-polir-gibkie-d-bormashin-18-0-mm-dlya-gruboy-obrabotki-50sht-polimer-stomatologiya-150-125mkm,00000045151,1,1,KZ_BRAND_AND_SELECTED_SKUS,KZ_SKU_EVIDENCE_REQUIRED,https://www.vladmiva.ru/products/ortopedicheskie4/krugi-polir-gibkie-d-bormashin-18-0-mm-dlya-gruboy-obrabotki-50sht-polimer-stomatologiya-150-125mkm/,vladmiva-dental-catalog.json
ВладМиВа official,ВладМиВа,КРУГИ ПОЛИРОВАЛЬНЫЕ ГИБКИЕ ДЛЯ БОРМАШИН/тонк. шлифовка/d 22 мм/50 шт,krugi-polir-gibkie-d-bormashin-22-0-mm-dlya-tonkoy-obrabotki-50sht-polimer-stomatologiya-,00000062719,1,1,KZ_BRAND_AND_SELECTED_SKUS,KZ_SKU_EVIDENCE_REQUIRED,https://www.vladmiva.ru/products/ortopedicheskie4/krugi-polir-gibkie-d-bormashin-22-0-mm-dlya-tonkoy-obrabotki-50sht-polimer-stomatologiya-/,vladmiva-dental-catalog.json
ВладМиВа official,ВладМиВа,"КРУГИ ПОЛИРОВАЛЬНЫЕ ГИБКИЕ/грубой шлифовки/d 20,0мм, Т 4,0 мм, d отв. 2,0 мм/50 шт",krugi-polir-gibkie-d-bormashin-20-0-mm-dlya-gruboy-obrabotki-50sht-polimer-stomatologiya,00000043804,1,1,KZ_BRAND_AND_SELECTED_SKUS,KZ_SKU_EVIDENCE_REQUIRED,https://www.vladmiva.ru/products/ortopedicheskie4/krugi-polir-gibkie-d-bormashin-20-0-mm-dlya-gruboy-obrabotki-50sht-polimer-stomatologiya/,vladmiva-dental-catalog.json
ВладМиВа official,ВладМиВа,"КРУГИ ПОЛИРОВАЛЬНЫЕ ГИБКИЕ/тонкой шлифовки/d 20,0мм, Т 4,0 мм, d отв. 2,0 мм/50 шт",krugi-polir-gibkie-d-bormashin-20-0-mm-dlya-tonkoy-obrabotki-50sht-polimer-stomatologiya,00000034848,1,1,KZ_BRAND_AND_SELECTED_SKUS,KZ_SKU_EVIDENCE_REQUIRED,https://www.vladmiva.ru/products/ortopedicheskie4/krugi-polir-gibkie-d-bormashin-20-0-mm-dlya-tonkoy-obrabotki-50sht-polimer-stomatologiya/,vladmiva-dental-catalog.json
ВладМиВа official,ВладМиВа,"КРУГИ ПРОРЕЗНЫЕ НА ВУЛКАНИТОВОЙ СВЯЗКЕ/d 20,0 мм, Т 0,5 мм/50 шт",krugi-proreznye-stomat-na-vulk-svyazke-20-0mmkh0-5mm-50sht-polimer-stomatologiya,00000072048,1,1,KZ_BRAND_AND_SELECTED_SKUS,KZ_SKU_EVIDENCE_REQUIRED,https://www.vladmiva.ru/products/ortopedicheskie4/krugi-proreznye-stomat-na-vulk-svyazke-20-0mmkh0-5mm-50sht-polimer-stomatologiya/,vladmiva-dental-catalog.json
ВладМиВа official,ВладМиВа,"КРУГИ ПРОРЕЗНЫЕ НА ВУЛКАНИТОВОЙ СВЯЗКЕ/d 20,0 мм, Т 1 мм/50 шт",krugi-proreznye-stomat-na-vulk-svyazke-20-0mmkh1-0mm-50sht-polimer-stomatologiya,00000071242,1,1,KZ_BRAND_AND_SELECTED_SKUS,KZ_SKU_EVIDENCE_REQUIRED,https://www.vladmiva.ru/products/ortopedicheskie4/krugi-proreznye-stomat-na-vulk-svyazke-20-0mmkh1-0mm-50sht-polimer-stomatologiya/,vladmiva-dental-catalog.json
ВладМиВа official,ВладМиВа,"КРУГИ ПРОРЕЗНЫЕ НА ВУЛКАНИТОВОЙ СВЯЗКЕ/d 40,0 мм, Т 1,0 мм, d отв. 2,0 мм/45 шт",krugi-proreznye-stomat-na-vulk-svyazke-40-0mmkh1-0mm-45sht-polimer-stomatologiya,00000039231,1,1,KZ_BRAND_AND_SELECTED_SKUS,KZ_SKU_EVIDENCE_REQUIRED,https://www.vladmiva.ru/products/ortopedicheskie4/krugi-proreznye-stomat-na-vulk-svyazke-40-0mmkh1-0mm-45sht-polimer-stomatologiya/,vladmiva-dental-catalog.json
ВладМиВа official,ВладМиВа,"КРУГИ ПРОРЕЗНЫЕ НА ВУЛКАНИТОВОЙ СВЯЗКЕ/d 40,0 мм, Т 1,5 мм, d отв. 2,0 мм/30 шт",krugi-proreznye-stomat-na-vulk-svyazke-40-0mmkh1-5mm-30sht-polimer-stomatologiya,00000034850,1,1,KZ_BRAND_AND_SELECTED_SKUS,KZ_SKU_EVIDENCE_REQUIRED,https://www.vladmiva.ru/products/ortopedicheskie4/krugi-proreznye-stomat-na-vulk-svyazke-40-0mmkh1-5mm-30sht-polimer-stomatologiya/,vladmiva-dental-catalog.json
ВладМиВа official,ВладМиВа,"КРУГИ ПРОРЕЗНЫЕ НА ВУЛКАНИТОВОЙ СВЯЗКЕ/d 40,0 мм, Т 2,0 мм/20 шт",krugi-proreznye-stomat-na-vulk-svyazke-40-0mmkh2-0mm-20sht-polimer-stomatologiya,00000071241,1,1,KZ_BRAND_AND_SELECTED_SKUS,KZ_SKU_EVIDENCE_REQUIRED,https://www.vladmiva.ru/products/ortopedicheskie4/krugi-proreznye-stomat-na-vulk-svyazke-40-0mmkh2-0mm-20sht-polimer-stomatologiya/,vladmiva-dental-catalog.json
ВладМиВа official,ВладМиВа,Круги шлиф д/естественных зубов ПП-18х3/50шт/,krugi-shlif-d-estestvennykh-zubov-pp-18kh3-50sht-polimer-stomatologiya,00000062722,1,1,KZ_BRAND_AND_SELECTED_SKUS,KZ_SKU_EVIDENCE_REQUIRED,https://www.vladmiva.ru/products/ortopedicheskie4/krugi-shlif-d-estestvennykh-zubov-pp-18kh3-50sht-polimer-stomatologiya/,vladmiva-dental-catalog.json
ВладМиВа official,ВладМиВа,Круги шлиф д/естественных зубов ПП-20х3/50шт/,krugi-shlif-d-estestvennykh-zubov-pp-20kh3-50sht-polimer-stomatologiya,00000062721,1,1,KZ_BRAND_AND_SELECTED_SKUS,KZ_SKU_EVIDENCE_REQUIRED,https://www.vladmiva.ru/products/ortopedicheskie4/krugi-shlif-d-estestvennykh-zubov-pp-20kh3-50sht-polimer-stomatologiya/,vladmiva-dental-catalog.json
ВладМиВа official,ВладМиВа,"КРУГИ ШЛИФОВАЛЬНЫЕ ЭЛ. НА ВУЛКАНИТОВОЙ СВЯЗКЕ/грубой шлифовки/d 50,0 мм, Т 8,0 мм/10 шт",krugi-shlif-elastichnye-50-0-mmkh8-dlya-gruboy-obrabotki-10sht-d-shlifmashin-polimer-stomatologiya,00000043803,1,1,KZ_BRAND_AND_SELECTED_SKUS,KZ_SKU_EVIDENCE_REQUIRED,https://www.vladmiva.ru/products/ortopedicheskie4/krugi-shlif-elastichnye-50-0-mmkh8-dlya-gruboy-obrabotki-10sht-d-shlifmashin-polimer-stomatologiya/,vladmiva-dental-catalog.json
ВладМиВа official,ВладМиВа,"КРУГИ ШЛИФОВАЛЬНЫЕ ЭЛ. НА ВУЛКАНИТОВОЙ СВЯЗКЕ/грубой шлифовки/d 90,0 мм, Т 8,0 мм/3 шт",krugi-shlif-elastichnye-90-0-mm-3sht-dlya-gruboy-obr-d-shlifmashin-na-vulkanitovoy-svyazke-polimer-s,00000043802,1,1,KZ_BRAND_AND_SELECTED_SKUS,KZ_SKU_EVIDENCE_REQUIRED,https://www.vladmiva.ru/products/ortopedicheskie4/krugi-shlif-elastichnye-90-0-mm-3sht-dlya-gruboy-obr-d-shlifmashin-na-vulkanitovoy-svyazke-polimer-s/,vladmiva-dental-catalog.json
ВладМиВа official,ВладМиВа,"КРУГИ ШЛИФОВАЛЬНЫЕ ЭЛ. НА ВУЛКАНИТОВОЙ СВЯЗКЕ/тонкой шлифовки/d 50,0 мм, Т 8,0 мм/10 шт",krugi-shlif-elastichnye-50-0-mmkh8-dlya-tonkoy-obrabotki-10sht-d-shlifmashin-polimer-stomatologiya,00000034852,1,1,KZ_BRAND_AND_SELECTED_SKUS,KZ_SKU_EVIDENCE_REQUIRED,https://www.vladmiva.ru/products/ortopedicheskie4/krugi-shlif-elastichnye-50-0-mmkh8-dlya-tonkoy-obrabotki-10sht-d-shlifmashin-polimer-stomatologiya/,vladmiva-dental-catalog.json
ВладМиВа official,ВладМиВа,"КРУГИ ШЛИФОВАЛЬНЫЕ ЭЛ. НА ВУЛКАНИТОВОЙ СВЯЗКЕ/тонкой шлифовки/d 90,0 мм, Т 8,0 мм/3 шт",krugi-shlif-elastichnye-90-0-mm-3sht-dlya-tonkoy-obr-d-shlifmashin-na-vulkanitovoy-svyazke-polimer-s,00000034853,1,1,KZ_BRAND_AND_SELECTED_SKUS,KZ_SKU_EVIDENCE_REQUIRED,https://www.vladmiva.ru/products/ortopedicheskie4/krugi-shlif-elastichnye-90-0-mm-3sht-dlya-tonkoy-obr-d-shlifmashin-na-vulkanitovoy-svyazke-polimer-s/,vladmiva-dental-catalog.json
ВладМиВа official,ВладМиВа,КРУГИ ШЛИФОВАЛЬНЫЕ/для естественных зубов/ПВ-12х3/50 шт,krugi-shlif-d-estestvennykh-zubov-pv-12kh3-50sht-polimer-stomatologiya,00000034855,1,1,KZ_BRAND_AND_SELECTED_SKUS,KZ_SKU_EVIDENCE_REQUIRED,https://www.vladmiva.ru/products/ortopedicheskie4/krugi-shlif-d-estestvennykh-zubov-pv-12kh3-50sht-polimer-stomatologiya/,vladmiva-dental-catalog.json
ВладМиВа official,ВладМиВа,КРУГИ ШЛИФОВАЛЬНЫЕ/для естественных зубов/ПВ-14х3/50 шт,krugi-shlif-d-estestvennykh-zubov-pv-14kh3-50sht-polimer-stomatologiya,00000034856,1,1,KZ_BRAND_AND_SELECTED_SKUS,KZ_SKU_EVIDENCE_REQUIRED,https://www.vladmiva.ru/products/ortopedicheskie4/krugi-shlif-d-estestvennykh-zubov-pv-14kh3-50sht-polimer-stomatologiya/,vladmiva-dental-catalog.json
ВладМиВа official,ВладМиВа,КРУГИ ШЛИФОВАЛЬНЫЕ/для естественных зубов/ПВ-16х3/50 шт,krugi-shlif-d-estestvennykh-zubov-pv-16kh3-50sht-polimer-stomatologiya,00000034857,1,1,KZ_BRAND_AND_SELECTED_SKUS,KZ_SKU_EVIDENCE_REQUIRED,https://www.vladmiva.ru/products/ortopedicheskie4/krugi-shlif-d-estestvennykh-zubov-pv-16kh3-50sht-polimer-stomatologiya/,vladmiva-dental-catalog.json
ВладМиВа official,ВладМиВа,КРУГИ ШЛИФОВАЛЬНЫЕ/для естественных зубов/ЧК-13х4/50 шт,krugi-shlif-d-estestvennykh-zubov-chk-13kh4-50sht-polimer-stomatologiya,00000034858,1,1,KZ_BRAND_AND_SELECTED_SKUS,KZ_SKU_EVIDENCE_REQUIRED,https://www.vladmiva.ru/products/ortopedicheskie4/krugi-shlif-d-estestvennykh-zubov-chk-13kh4-50sht-polimer-stomatologiya/,vladmiva-dental-catalog.json
ВладМиВа official,ВладМиВа,КРУГИ ШЛИФОВАЛЬНЫЕ/для естественных зубов/ЧК-18х5/50 шт,krugi-shlif-d-estestvennykh-zubov-chk-18kh5-50sht-polimer-stomatologiya_1,00000034859,1,1,KZ_BRAND_AND_SELECTED_SKUS,KZ_SKU_EVIDENCE_REQUIRED,https://www.vladmiva.ru/products/ortopedicheskie4/krugi-shlif-d-estestvennykh-zubov-chk-18kh5-50sht-polimer-stomatologiya_1/,vladmiva-dental-catalog.json
ВладМиВа official,ВладМиВа,КРУГИ ШЛИФОВАЛЬНЫЕ/для естественных зубов/ЧЧВ-18х3/50 шт,krugi-shlif-d-estestvennykh-zubov-chchv-18kh3-50sht-polimer-stomatologiya,00000034860,1,1,KZ_BRAND_AND_SELECTED_SKUS,KZ_SKU_EVIDENCE_REQUIRED,https://www.vladmiva.ru/products/ortopedicheskie4/krugi-shlif-d-estestvennykh-zubov-chchv-18kh3-50sht-polimer-stomatologiya/,vladmiva-dental-catalog.json
ВладМиВа official,ВладМиВа,КРУГИ ШЛИФОВАЛЬНЫЕ/для КХС/ПВ-20х3/50 шт,krugi-shl-pv-20-3-kkhs-50sht-polimer-stomatologiya,00000036982,1,1,KZ_BRAND_AND_SELECTED_SKUS,KZ_SKU_EVIDENCE_REQUIRED,https://www.vladmiva.ru/products/ortopedicheskie4/krugi-shl-pv-20-3-kkhs-50sht-polimer-stomatologiya/,vladmiva-dental-catalog.json
ВладМиВа official,ВладМиВа,КРУГИ ШЛИФОВАЛЬНЫЕ/для КХС/ПП-14х3/50 шт,krugi-shl-pp-14kh3-kkhs-50sht-polimer-stomatologiya,00000034864,1,1,KZ_BRAND_AND_SELECTED_SKUS,KZ_SKU_EVIDENCE_REQUIRED,https://www.vladmiva.ru/products/ortopedicheskie4/krugi-shl-pp-14kh3-kkhs-50sht-polimer-stomatologiya/,vladmiva-dental-catalog.json
ВладМиВа official,ВладМиВа,КРУГИ ШЛИФОВАЛЬНЫЕ/для КХС/ПП-20х3/50 шт,krugi-shl-pp-20-3-kkhs-50sht-polimer-stomatologiya_1,00000008486,1,1,KZ_BRAND_AND_SELECTED_SKUS,KZ_SKU_EVIDENCE_REQUIRED,https://www.vladmiva.ru/products/ortopedicheskie4/krugi-shl-pp-20-3-kkhs-50sht-polimer-stomatologiya_1/,vladmiva-dental-catalog.json
ВладМиВа official,ВладМиВа,КРУГИ ШЛИФОВАЛЬНЫЕ/для КХС/ПП-50х6/10 шт,krugi-shl-pp-50-6-kkhs-10sht-polimer-stomatologiya,00000005818,1,1,KZ_BRAND_AND_SELECTED_SKUS,KZ_SKU_EVIDENCE_REQUIRED,https://www.vladmiva.ru/products/ortopedicheskie4/krugi-shl-pp-50-6-kkhs-10sht-polimer-stomatologiya/,vladmiva-dental-catalog.json
ВладМиВа official,ВладМиВа,КРУГИ ШЛИФОВАЛЬНЫЕ/для КХС/ПП-65х6/10 шт,krugi-shl-pp-65kh6-kkhs-10sht-polimer-stomatologiya,00000034863,1,1,KZ_BRAND_AND_SELECTED_SKUS,KZ_SKU_EVIDENCE_REQUIRED,https://www.vladmiva.ru/products/ortopedicheskie4/krugi-shl-pp-65kh6-kkhs-10sht-polimer-stomatologiya/,vladmiva-dental-catalog.json
ВладМиВа official,ВладМиВа,КРУГИ ШЛИФОВАЛЬНЫЕ/для КХС/ЧК-13х4/50 шт,krugi-shl-chk-13kh4-kkhs-50sht-polimer-stomatologiya,00000034865,1,1,KZ_BRAND_AND_SELECTED_SKUS,KZ_SKU_EVIDENCE_REQUIRED,https://www.vladmiva.ru/products/ortopedicheskie4/krugi-shl-chk-13kh4-kkhs-50sht-polimer-stomatologiya/,vladmiva-dental-catalog.json
ВладМиВа official,ВладМиВа,КРУГИ ШЛИФОВАЛЬНЫЕ/для КХС/ЧК-18х5/50 шт,krugi-shl-chk-18kh5-kkhs-50sht-polimer-stomatologiya_1,00000008487,1,1,KZ_BRAND_AND_SELECTED_SKUS,KZ_SKU_EVIDENCE_REQUIRED,https://www.vladmiva.ru/products/ortopedicheskie4/krugi-shl-chk-18kh5-kkhs-50sht-polimer-stomatologiya_1/,vladmiva-dental-catalog.json
ВладМиВа official,ВладМиВа,КРУГИ ШЛИФОВАЛЬНЫЕ/для КХС/ЧЧВ-18х3/50 шт,krugi-shl-chchv-18kh3-kkhs-50sht-polimer-stomatologiya_1,00000008485,1,1,KZ_BRAND_AND_SELECTED_SKUS,KZ_SKU_EVIDENCE_REQUIRED,https://www.vladmiva.ru/products/ortopedicheskie4/krugi-shl-chchv-18kh3-kkhs-50sht-polimer-stomatologiya_1/,vladmiva-dental-catalog.json
ВладМиВа official,ВладМиВа,КРУГИ ШЛИФОВАЛЬНЫЕ/для КХС/ЧЧВ-22х3/50 шт,krugi-shl-chchv-22kh3-kkhs-50sht-polimer-stomatologiya_1,00000008484,1,1,KZ_BRAND_AND_SELECTED_SKUS,KZ_SKU_EVIDENCE_REQUIRED,https://www.vladmiva.ru/products/ortopedicheskie4/krugi-shl-chchv-22kh3-kkhs-50sht-polimer-stomatologiya_1/,vladmiva-dental-catalog.json
ВладМиВа official,ВладМиВа,КРУГИ ШЛИФОВАЛЬНЫЕ/для пластмассовых протезов/ПВ-18х3/50 шт,krugi-shl-d-plastmass-pv-18kh3-50sht-polimer-stomatologiya,00000034867,1,1,KZ_BRAND_AND_SELECTED_SKUS,KZ_SKU_EVIDENCE_REQUIRED,https://www.vladmiva.ru/products/ortopedicheskie4/krugi-shl-d-plastmass-pv-18kh3-50sht-polimer-stomatologiya/,vladmiva-dental-catalog.json
ВладМиВа official,ВладМиВа,КРУГИ ШЛИФОВАЛЬНЫЕ/для пластмассовых протезов/ПВ-20х3/50 шт,krugi-shl-d-plastmass-pv-20kh3-50sht-polimer-stomatologiya,00000034868,1,1,KZ_BRAND_AND_SELECTED_SKUS,KZ_SKU_EVIDENCE_REQUIRED,https://www.vladmiva.ru/products/ortopedicheskie4/krugi-shl-d-plastmass-pv-20kh3-50sht-polimer-stomatologiya/,vladmiva-dental-catalog.json
ВладМиВа official,ВладМиВа,КРУГИ ШЛИФОВАЛЬНЫЕ/для пластмассовых протезов/ПП-20х3/50 шт,krugi-shl-d-plastmass-pp-20kh3-50sht-polimer-stomatologiya,00000054258,1,1,KZ_BRAND_AND_SELECTED_SKUS,KZ_SKU_EVIDENCE_REQUIRED,https://www.vladmiva.ru/products/ortopedicheskie4/krugi-shl-d-plastmass-pp-20kh3-50sht-polimer-stomatologiya/,vladmiva-dental-catalog.json
ВладМиВа official,ВладМиВа,КРУГИ ШЛИФОВАЛЬНЫЕ/для пластмассовых протезов/ПП-50х6/10 шт,krugi-shl-d-plastmass-pp50kh6-10sht-polimer-stomatologiya_1,00000033177,1,1,KZ_BRAND_AND_SELECTED_SKUS,KZ_SKU_EVIDENCE_REQUIRED,https://www.vladmiva.ru/products/ortopedicheskie4/krugi-shl-d-plastmass-pp50kh6-10sht-polimer-stomatologiya_1/,vladmiva-dental-catalog.json
ВладМиВа official,ВладМиВа,КРУГИ ШЛИФОВАЛЬНЫЕ/для пластмассовых протезов/ПП-65х6/10 шт,krugi-shl-d-plastmass-pp-65kh6-10sht-polimer-stomatologiya,00000034866,1,1,KZ_BRAND_AND_SELECTED_SKUS,KZ_SKU_EVIDENCE_REQUIRED,https://www.vladmiva.ru/products/ortopedicheskie4/krugi-shl-d-plastmass-pp-65kh6-10sht-polimer-stomatologiya/,vladmiva-dental-catalog.json
ВладМиВа official,ВладМиВа,КРУГИ ШЛИФОВАЛЬНЫЕ/для пластмассовых протезов/ЧК-18/50 шт,krugi-shl-d-plastmass-chk-18kh5-50sht-polimer-stomatologiya,00000054256,1,1,KZ_BRAND_AND_SELECTED_SKUS,KZ_SKU_EVIDENCE_REQUIRED,https://www.vladmiva.ru/products/ortopedicheskie4/krugi-shl-d-plastmass-chk-18kh5-50sht-polimer-stomatologiya/,vladmiva-dental-catalog.json
ВладМиВа official,ВладМиВа,КРУГИ ШЛИФОВАЛЬНЫЕ/для пластмассовых протезов/ЧЧВ-22/50 шт,krugi-shl-d-plastmass-chchv-22-3-50sht-polimer-stomatologiya,00000054257,1,1,KZ_BRAND_AND_SELECTED_SKUS,KZ_SKU_EVIDENCE_REQUIRED,https://www.vladmiva.ru/products/ortopedicheskie4/krugi-shl-d-plastmass-chchv-22-3-50sht-polimer-stomatologiya/,vladmiva-dental-catalog.json
ВладМиВа official,ВладМиВа,КРУГИ ШЛИФОВАЛЬНЫЕ/для стальных протезов/ПВ-18х3/50 шт,krugi-shl-pv-18-3-d-stalnykh-protezov-50sht-polimer-stomatologiya,00000007817,1,1,KZ_BRAND_AND_SELECTED_SKUS,KZ_SKU_EVIDENCE_REQUIRED,https://www.vladmiva.ru/products/ortopedicheskie4/krugi-shl-pv-18-3-d-stalnykh-protezov-50sht-polimer-stomatologiya/,vladmiva-dental-catalog.json
ВладМиВа official,ВладМиВа,КРУГИ ШЛИФОВАЛЬНЫЕ/для стальных протезов/ПВ-20х3/50 шт,krugi-shl-pv-20-3-d-stalnykh-protezov-50sht-polimer-stomatologiya,00000007816,1,1,KZ_BRAND_AND_SELECTED_SKUS,KZ_SKU_EVIDENCE_REQUIRED,https://www.vladmiva.ru/products/ortopedicheskie4/krugi-shl-pv-20-3-d-stalnykh-protezov-50sht-polimer-stomatologiya/,vladmiva-dental-catalog.json
ВладМиВа official,ВладМиВа,КРУГИ ШЛИФОВАЛЬНЫЕ/для стальных протезов/ПП-50х6/10 шт,krugi-shl-d-stali-pp50kh6-10sht-polimer-stomatologiya,00000008558,1,1,KZ_BRAND_AND_SELECTED_SKUS,KZ_SKU_EVIDENCE_REQUIRED,https://www.vladmiva.ru/products/ortopedicheskie4/krugi-shl-d-stali-pp50kh6-10sht-polimer-stomatologiya/,vladmiva-dental-catalog.json
ВладМиВа official,ВладМиВа,КРУГИ ШЛИФОВАЛЬНЫЕ/для стальных протезов/ПП-65х6/10 шт,krugi-shl-pp-65kh6-d-stalnykh-protezov-10sht-polimer-stomatologiya,00000034861,1,1,KZ_BRAND_AND_SELECTED_SKUS,KZ_SKU_EVIDENCE_REQUIRED,https://www.vladmiva.ru/products/ortopedicheskie4/krugi-shl-pp-65kh6-d-stalnykh-protezov-10sht-polimer-stomatologiya/,vladmiva-dental-catalog.json
ВладМиВа official,ВладМиВа,КРУГИ ШЛИФОВАЛЬНЫЕ/для стальных протезов/ЧК-18х5/50 шт,krugi-shl-chk-18kh5-d-stalnykh-protezov-50sht-polimer-stomatologiya,00000034862,1,1,KZ_BRAND_AND_SELECTED_SKUS,KZ_SKU_EVIDENCE_REQUIRED,https://www.vladmiva.ru/products/ortopedicheskie4/krugi-shl-chk-18kh5-d-stalnykh-protezov-50sht-polimer-stomatologiya/,vladmiva-dental-catalog.json
ВладМиВа official,ВладМиВа,КРУГИ ШЛИФОВАЛЬНЫЕ/для стальных протезов/ЧЧВ-22х3/50 шт,krugi-shl-chchv-22-3-d-stalnykh-protezov-50sht-polimer-stomatologiya,00000007815,1,1,KZ_BRAND_AND_SELECTED_SKUS,KZ_SKU_EVIDENCE_REQUIRED,https://www.vladmiva.ru/products/ortopedicheskie4/krugi-shl-chchv-22-3-d-stalnykh-protezov-50sht-polimer-stomatologiya/,vladmiva-dental-catalog.json
ВладМиВа official,ВладМиВа,КРУГИ ШЛИФОВАЛЬНЫЕ/для обработки пластмассовых протезов/ПВ-16х3/50шт,krugi-shl-d-plastmass-pv-16kh3-50sht-polimer-stomatologiya,00000037114,1,1,KZ_BRAND_AND_SELECTED_SKUS,KZ_SKU_EVIDENCE_REQUIRED,https://www.vladmiva.ru/products/ortopedicheskie4/krugi-shl-d-plastmass-pv-16kh3-50sht-polimer-stomatologiya/,vladmiva-dental-catalog.json
ВладМиВа official,ВладМиВа,КРУГИ ШЛИФОВАЛЬНЫЕ/для обработки стальных протезов/ПП-20х3/50 шт,krugi-shl-pp-20-3-d-stalnykh-protezov-50sht-polimer-stomatologiya,00000034359,1,1,KZ_BRAND_AND_SELECTED_SKUS,KZ_SKU_EVIDENCE_REQUIRED,https://www.vladmiva.ru/products/ortopedicheskie4/krugi-shl-pp-20-3-d-stalnykh-protezov-50sht-polimer-stomatologiya/,vladmiva-dental-catalog.json
ВладМиВа official,ВладМиВа,КРУГИ ШЛИФОВАЛЬНЫЕ/для обработки стальных протезов/ЧК-18х3/50 шт,krugi-shl-chk-18-d-stalnykh-protezov-50sht-polimer-stomatologiya,00000034383,1,1,KZ_BRAND_AND_SELECTED_SKUS,KZ_SKU_EVIDENCE_REQUIRED,https://www.vladmiva.ru/products/ortopedicheskie4/krugi-shl-chk-18-d-stalnykh-protezov-50sht-polimer-stomatologiya/,vladmiva-dental-catalog.json
ВладМиВа official,ВладМиВа,"МЭН/35 х 7,5 х 0,06/25 шт",matritsy-men-25-polimer-stomatologiya,00000025631,1,1,KZ_BRAND_AND_SELECTED_SKUS,KZ_SKU_EVIDENCE_REQUIRED,https://www.vladmiva.ru/products/terapevticheskie/matritsy-men-25-polimer-stomatologiya/,vladmiva-dental-catalog.json
ВладМиВа official,ВладМиВа,"ПЭН/40 х 7,0 х 0,06/100 шт",poloski-pen-100-polimer-stomatologiya,00000025632,1,1,KZ_BRAND_AND_SELECTED_SKUS,KZ_SKU_EVIDENCE_REQUIRED,https://www.vladmiva.ru/products/terapevticheskie/poloski-pen-100-polimer-stomatologiya/,vladmiva-dental-catalog.json
ВладМиВа official,ВладМиВа,СИЛИДОНТ-2/Порошок/50 г + 30 г,silidont-2-porosh-50g-30g-polimer-stomatologiya,00000024836,1,1,KZ_BRAND_AND_SELECTED_SKUS,KZ_SKU_EVIDENCE_REQUIRED,https://www.vladmiva.ru/products/terapevticheskie/silidont-2-porosh-50g-30g-polimer-stomatologiya/,vladmiva-dental-catalog.json
ВладМиВа official,ВладМиВа,СИЛИЦИН ПЛЮС/Порошок/50 г + 30 г,silitsin-plyus-50g-30g-polimer-stomatologiya,00000024835,1,1,KZ_BRAND_AND_SELECTED_SKUS,KZ_SKU_EVIDENCE_REQUIRED,https://www.vladmiva.ru/products/terapevticheskie/silitsin-plyus-50g-30g-polimer-stomatologiya/,vladmiva-dental-catalog.json
ВладМиВа official,ВладМиВа,УНИФАС-2/Порошок/100 г + 60 г,unifas-100g-60g-polimer-stomatologiya,00000024818,1,1,KZ_BRAND_AND_SELECTED_SKUS,KZ_SKU_EVIDENCE_REQUIRED,https://www.vladmiva.ru/products/terapevticheskie/unifas-100g-60g-polimer-stomatologiya/,vladmiva-dental-catalog.json
ВладМиВа official,ВладМиВа,"ПРОВОЛОКА АЛЮМИНИЕВАЯ ДЛЯ ШИНИРОВАНИЯ/Длина – 5,0 м. Диаметр – 2,0 мм",provoloka-alyuminievaya-2-0mm-polimer-stomatologiya,00000024907,1,1,KZ_BRAND_AND_SELECTED_SKUS,KZ_SKU_EVIDENCE_REQUIRED,https://www.vladmiva.ru/products/khirurgicheskie/provoloka-alyuminievaya-2-0mm-polimer-stomatologiya/,vladmiva-dental-catalog.json
ВладМиВа official,ВладМиВа,ПРОВОЛОКА ДЛЯ ОРТОДОНТИЧЕСКИХ АППАРАТОВ,provoloka-ortodonticheskaya-1-2mm-polimer-stomatolog,00000024972 | 00000054098 | 00000024908 | 00000024971 | 00000024909,5,3,KZ_BRAND_AND_SELECTED_SKUS,KZ_SKU_EVIDENCE_REQUIRED,https://www.vladmiva.ru/products/khirurgicheskie/provoloka-ortodonticheskaya-1-2mm-polimer-stomatolog/,vladmiva-dental-catalog.json
ВладМиВа official,ВладМиВа,"ПРОВОЛОКА ЛИГАТУРНАЯ ДЛЯ ШИНИРОВАНИЯ/Длина – 5,0 м. Диаметр – 0,5 мм",provoloka-ligaturnaya-0-5-mm-polimer-stomatolog,00000026147,1,1,KZ_BRAND_AND_SELECTED_SKUS,KZ_SKU_EVIDENCE_REQUIRED,https://www.vladmiva.ru/products/khirurgicheskie/provoloka-ligaturnaya-0-5-mm-polimer-stomatolog/,vladmiva-dental-catalog.json
ZT Dental official,ZT Dental,SECTIONAL MATRIX SYSTEM A4,3615217,,1,3,KZ_BRAND_AND_SELECTED_SKUS,MANUFACTURER_REFERENCE_REQUIRED,https://www.ztdental.com/productinfo/3615217.html,ztdental-manufacturer-catalog.json
ZT Dental official,ZT Dental,SECTIONAL MATRIX SYSTEM A2,3615316,,1,3,KZ_BRAND_AND_SELECTED_SKUS,MANUFACTURER_REFERENCE_REQUIRED,https://www.ztdental.com/productinfo/3615316.html,ztdental-manufacturer-catalog.json
ZT Dental official,ZT Dental,SECTIONAL MATRIX SYSTEM A3,3615403,,1,2,KZ_BRAND_AND_SELECTED_SKUS,MANUFACTURER_REFERENCE_REQUIRED,https://www.ztdental.com/productinfo/3615403.html,ztdental-manufacturer-catalog.json
ZT Dental official,ZT Dental,SECTIONAL MATRIX SYSTEM B3 for paediatric dentistry,3615459,,1,2,KZ_BRAND_AND_SELECTED_SKUS,MANUFACTURER_REFERENCE_REQUIRED,https://www.ztdental.com/productinfo/3615459.html,ztdental-manufacturer-catalog.json
ZT Dental official,ZT Dental,SECTIONAL MATRIX SYSTEM B4,3615651,,1,2,KZ_BRAND_AND_SELECTED_SKUS,MANUFACTURER_REFERENCE_REQUIRED,https://www.ztdental.com/productinfo/3615651.html,ztdental-manufacturer-catalog.json
ZT Dental official,ZT Dental,SECTIONAL MATRIX SYSTEM C2,3616091,,1,2,KZ_BRAND_AND_SELECTED_SKUS,MANUFACTURER_REFERENCE_REQUIRED,https://www.ztdental.com/productinfo/3616091.html,ztdental-manufacturer-catalog.json
ZT Dental official,ZT Dental,SECTIONAL MATRIX SYSTEM D3,3616158,,1,2,KZ_BRAND_AND_SELECTED_SKUS,MANUFACTURER_REFERENCE_REQUIRED,https://www.ztdental.com/productinfo/3616158.html,ztdental-manufacturer-catalog.json
ZT Dental official,ZT Dental,SECTIONAL MATRIX SYSTEM G2,3616716,,1,2,KZ_BRAND_AND_SELECTED_SKUS,MANUFACTURER_REFERENCE_REQUIRED,https://www.ztdental.com/productinfo/3616716.html,ztdental-manufacturer-catalog.json
ZT Dental official,ZT Dental,SECTIONAL MATRIX SYSTEM F1,3616775,,1,2,KZ_BRAND_AND_SELECTED_SKUS,MANUFACTURER_REFERENCE_REQUIRED,https://www.ztdental.com/productinfo/3616775.html,ztdental-manufacturer-catalog.json
ZT Dental official,ZT Dental,SECTIONAL MATRIX SYSTEM F3,3616814,,1,2,KZ_BRAND_AND_SELECTED_SKUS,MANUFACTURER_REFERENCE_REQUIRED,https://www.ztdental.com/productinfo/3616814.html,ztdental-manufacturer-catalog.json
ZT Dental official,ZT Dental,SECTIONAL MATRIX SYSTEM H1,3620311,,1,2,KZ_BRAND_AND_SELECTED_SKUS,MANUFACTURER_REFERENCE_REQUIRED,https://www.ztdental.com/productinfo/3620311.html,ztdental-manufacturer-catalog.json
ZT Dental official,ZT Dental,SECTIONAL MATRIX BANDS M2,3620424,,1,2,KZ_BRAND_AND_SELECTED_SKUS,MANUFACTURER_REFERENCE_REQUIRED,https://www.ztdental.com/productinfo/3620424.html,ztdental-manufacturer-catalog.json
ZT Dental official,ZT Dental,SECTIONAL MATRIX BANDS M10 1.0,3620539,,1,2,KZ_BRAND_AND_SELECTED_SKUS,MANUFACTURER_REFERENCE_REQUIRED,https://www.ztdental.com/productinfo/3620539.html,ztdental-manufacturer-catalog.json
ZT Dental official,ZT Dental,SECTIONAL MATRIX BANDS M4 1.0,3620870,,1,2,KZ_BRAND_AND_SELECTED_SKUS,MANUFACTURER_REFERENCE_REQUIRED,https://www.ztdental.com/productinfo/3620870.html,ztdental-manufacturer-catalog.json
ZT Dental official,ZT Dental,SECTIONAL MATRIX BANDS M4 2.0,3620885,,1,2,KZ_BRAND_AND_SELECTED_SKUS,MANUFACTURER_REFERENCE_REQUIRED,https://www.ztdental.com/productinfo/3620885.html,ztdental-manufacturer-catalog.json
ZT Dental official,ZT Dental,RETAINER AND MATRIX M5 2.0,3620955,,1,3,KZ_BRAND_AND_SELECTED_SKUS,MANUFACTURER_REFERENCE_REQUIRED,https://www.ztdental.com/productinfo/3620955.html,ztdental-manufacturer-catalog.json
ZT Dental official,ZT Dental,STEEL MATRIX M6 1.0,3620997,,1,2,KZ_BRAND_AND_SELECTED_SKUS,MANUFACTURER_REFERENCE_REQUIRED,https://www.ztdental.com/productinfo/3620997.html,ztdental-manufacturer-catalog.json
ZT Dental official,ZT Dental,MATRIX BANDS M7 1.0,3621024,,1,2,KZ_BRAND_AND_SELECTED_SKUS,MANUFACTURER_REFERENCE_REQUIRED,https://www.ztdental.com/productinfo/3621024.html,ztdental-manufacturer-catalog.json
ZT Dental official,ZT Dental,CONTOURED ANTERIOR MATRIX M8 1.0,3621045,,1,2,KZ_BRAND_AND_SELECTED_SKUS,MANUFACTURER_REFERENCE_REQUIRED,https://www.ztdental.com/productinfo/3621045.html,ztdental-manufacturer-catalog.json
ZT Dental official,ZT Dental,CONTOURED ANTERIOR METAL MATRIX M8 2.0,3621132,,1,2,KZ_BRAND_AND_SELECTED_SKUS,MANUFACTURER_REFERENCE_REQUIRED,https://www.ztdental.com/productinfo/3621132.html,ztdental-manufacturer-catalog.json
ZT Dental official,ZT Dental,TOFFLEMIRE CONTOURED MATRICES M9,3622611,,1,2,KZ_BRAND_AND_SELECTED_SKUS,MANUFACTURER_REFERENCE_REQUIRED,https://www.ztdental.com/productinfo/3622611.html,ztdental-manufacturer-catalog.json
ZT Dental official,ZT Dental,TRANSPARENT CERVICAL MATRICES M11 1.0,3622614,,1,2,KZ_BRAND_AND_SELECTED_SKUS,MANUFACTURER_REFERENCE_REQUIRED,https://www.ztdental.com/productinfo/3622614.html,ztdental-manufacturer-catalog.json
ZT Dental official,ZT Dental,WEDGE GUARDS M3,3622616,,1,2,KZ_BRAND_AND_SELECTED_SKUS,MANUFACTURER_REFERENCE_REQUIRED,https://www.ztdental.com/productinfo/3622616.html,ztdental-manufacturer-catalog.json
ZT Dental official,ZT Dental,CLAMP RING R1 2.0,3622619,,1,2,KZ_BRAND_AND_SELECTED_SKUS,MANUFACTURER_REFERENCE_REQUIRED,https://www.ztdental.com/productinfo/3622619.html,ztdental-manufacturer-catalog.json
ZT Dental official,ZT Dental,CLAMP RING R2 3.0,3622631,,1,2,KZ_BRAND_AND_SELECTED_SKUS,MANUFACTURER_REFERENCE_REQUIRED,https://www.ztdental.com/productinfo/3622631.html,ztdental-manufacturer-catalog.json
ZT Dental official,ZT Dental,CLAMP RING R3 1.0,3622633,,1,2,KZ_BRAND_AND_SELECTED_SKUS,MANUFACTURER_REFERENCE_REQUIRED,https://www.ztdental.com/productinfo/3622633.html,ztdental-manufacturer-catalog.json
ZT Dental official,ZT Dental,CLAMP RING R4 3.0,3622635,,1,2,KZ_BRAND_AND_SELECTED_SKUS,MANUFACTURER_REFERENCE_REQUIRED,https://www.ztdental.com/productinfo/3622635.html,ztdental-manufacturer-catalog.json
ZT Dental official,ZT Dental,CLAMP RING R5 1.0,3622675,,1,2,KZ_BRAND_AND_SELECTED_SKUS,MANUFACTURER_REFERENCE_REQUIRED,https://www.ztdental.com/productinfo/3622675.html,ztdental-manufacturer-catalog.json
ZT Dental official,ZT Dental,CLAMP RING R5 2.0,3622680,,1,2,KZ_BRAND_AND_SELECTED_SKUS,MANUFACTURER_REFERENCE_REQUIRED,https://www.ztdental.com/productinfo/3622680.html,ztdental-manufacturer-catalog.json
ZT Dental official,ZT Dental,CLAMP RING R6 1.0,3622684,,1,2,KZ_BRAND_AND_SELECTED_SKUS,MANUFACTURER_REFERENCE_REQUIRED,https://www.ztdental.com/productinfo/3622684.html,ztdental-manufacturer-catalog.json
ZT Dental official,ZT Dental,CLAMP RING R8 1.0 for paediatric dentistry,3623585,,1,2,KZ_BRAND_AND_SELECTED_SKUS,MANUFACTURER_REFERENCE_REQUIRED,https://www.ztdental.com/productinfo/3623585.html,ztdental-manufacturer-catalog.json
ZT Dental official,ZT Dental,CLAMP RING R7 1.0,3623587,,1,2,KZ_BRAND_AND_SELECTED_SKUS,MANUFACTURER_REFERENCE_REQUIRED,https://www.ztdental.com/productinfo/3623587.html,ztdental-manufacturer-catalog.json
ZT Dental official,ZT Dental,CLAMP RING R10 1.0,3623590,,1,2,KZ_BRAND_AND_SELECTED_SKUS,MANUFACTURER_REFERENCE_REQUIRED,https://www.ztdental.com/productinfo/3623590.html,ztdental-manufacturer-catalog.json
ZT Dental official,ZT Dental,TULWAR WEDGES W5 1.0,3623602,,1,2,KZ_BRAND_AND_SELECTED_SKUS,MANUFACTURER_REFERENCE_REQUIRED,https://www.ztdental.com/productinfo/3623602.html,ztdental-manufacturer-catalog.json
ZT Dental official,ZT Dental,ADAPTIVE WEDGES W3 1.0,3623605,,1,2,KZ_BRAND_AND_SELECTED_SKUS,MANUFACTURER_REFERENCE_REQUIRED,https://www.ztdental.com/productinfo/3623605.html,ztdental-manufacturer-catalog.json
ZT Dental official,ZT Dental,DIAMOND WEDGES W4 3.0,3623608,,1,2,KZ_BRAND_AND_SELECTED_SKUS,MANUFACTURER_REFERENCE_REQUIRED,https://www.ztdental.com/productinfo/3623608.html,ztdental-manufacturer-catalog.json
ZT Dental official,ZT Dental,WOODENWEDGES W1 1.0,3623613,,1,2,KZ_BRAND_AND_SELECTED_SKUS,MANUFACTURER_REFERENCE_REQUIRED,https://www.ztdental.com/productinfo/3623613.html,ztdental-manufacturer-catalog.json
ZT Dental official,ZT Dental,RESIN DENTAL DAM CLAMPS 2.0,3623623,,1,2,KZ_BRAND_AND_SELECTED_SKUS,MANUFACTURER_REFERENCE_REQUIRED,https://www.ztdental.com/productinfo/3623623.html,ztdental-manufacturer-catalog.json
ZT Dental official,ZT Dental,DISTAL-EXTENSION DENTAL DAM CLAMP,3623625,,1,2,KZ_BRAND_AND_SELECTED_SKUS,MANUFACTURER_REFERENCE_REQUIRED,https://www.ztdental.com/productinfo/3623625.html,ztdental-manufacturer-catalog.json
ZT Dental official,ZT Dental,COTTON ROLL HOLDER,3623634,,1,2,KZ_BRAND_AND_SELECTED_SKUS,MANUFACTURER_REFERENCE_REQUIRED,https://www.ztdental.com/productinfo/3623634.html,ztdental-manufacturer-catalog.json
ZT Dental official,ZT Dental,COTTON ROLL HOLDER,3623665,,1,2,KZ_BRAND_AND_SELECTED_SKUS,MANUFACTURER_REFERENCE_REQUIRED,https://www.ztdental.com/productinfo/3623665.html,ztdental-manufacturer-catalog.json
ZT Dental official,ZT Dental,CARBON FIBER RUBBER DAM FRAME,3624817,,1,2,KZ_BRAND_AND_SELECTED_SKUS,MANUFACTURER_REFERENCE_REQUIRED,https://www.ztdental.com/productinfo/3624817.html,ztdental-manufacturer-catalog.json
ZT Dental official,ZT Dental,DENTAL DAM STABILIZING CORD,3624857,,1,2,KZ_BRAND_AND_SELECTED_SKUS,MANUFACTURER_REFERENCE_REQUIRED,https://www.ztdental.com/productinfo/3624857.html,ztdental-manufacturer-catalog.json
ZT Dental official,ZT Dental,DIAMOND IMPREGNATED POLISHING SYSTEM P2 1.0 POLISHERS FOR COMPOSITES,3624939,,1,2,KZ_BRAND_AND_SELECTED_SKUS,MANUFACTURER_REFERENCE_REQUIRED,https://www.ztdental.com/productinfo/3624939.html,ztdental-manufacturer-catalog.json
ZT Dental official,ZT Dental,POLISHING SYSTEM P2 2.0 DIAMONDIMPREGNATED,3624979,,1,2,KZ_BRAND_AND_SELECTED_SKUS,MANUFACTURER_REFERENCE_REQUIRED,https://www.ztdental.com/productinfo/3624979.html,ztdental-manufacturer-catalog.json
ZT Dental official,ZT Dental,DIAMOND IMPREGNATED POLISHING SYSTEM P3 1.0 POLISHERS FOR CERAMICS,3625144,,1,2,KZ_BRAND_AND_SELECTED_SKUS,MANUFACTURER_REFERENCE_REQUIRED,https://www.ztdental.com/productinfo/3625144.html,ztdental-manufacturer-catalog.json
ZT Dental official,ZT Dental,TRANSLUCENT POLISHING DISCS P12 3.0,3630379,,1,2,KZ_BRAND_AND_SELECTED_SKUS,MANUFACTURER_REFERENCE_REQUIRED,https://www.ztdental.com/productinfo/3630379.html,ztdental-manufacturer-catalog.json
ZT Dental official,ZT Dental,TRANSLUCENT POLISHING DISCS P12 4.0,3630412,,1,2,KZ_BRAND_AND_SELECTED_SKUS,MANUFACTURER_REFERENCE_REQUIRED,https://www.ztdental.com/productinfo/3630412.html,ztdental-manufacturer-catalog.json
ZT Dental official,ZT Dental,DENTAL STEM POLISHING DISCS P12 1.0,3630428,,1,2,KZ_BRAND_AND_SELECTED_SKUS,MANUFACTURER_REFERENCE_REQUIRED,https://www.ztdental.com/productinfo/3630428.html,ztdental-manufacturer-catalog.json
ZT Dental official,ZT Dental,DOUBLE SIDED STEM POLISHING DISCS P12 2.0,3630497,,1,2,KZ_BRAND_AND_SELECTED_SKUS,MANUFACTURER_REFERENCE_REQUIRED,https://www.ztdental.com/productinfo/3630497.html,ztdental-manufacturer-catalog.json
ZT Dental official,ZT Dental,RESIN POLISHING STRIPS P11 1.0,3630521,,1,2,KZ_BRAND_AND_SELECTED_SKUS,MANUFACTURER_REFERENCE_REQUIRED,https://www.ztdental.com/productinfo/3630521.html,ztdental-manufacturer-catalog.json
ZT Dental official,ZT Dental,FINISHING AND POUSHING STRIPS P11 2.0,3630626,,1,2,KZ_BRAND_AND_SELECTED_SKUS,MANUFACTURER_REFERENCE_REQUIRED,https://www.ztdental.com/productinfo/3630626.html,ztdental-manufacturer-catalog.json
ZT Dental official,ZT Dental,RESIN POLISHING STRIP HOLDER 2.0,3630658,,1,2,KZ_BRAND_AND_SELECTED_SKUS,MANUFACTURER_REFERENCE_REQUIRED,https://www.ztdental.com/productinfo/3630658.html,ztdental-manufacturer-catalog.json
ZT Dental official,ZT Dental,PROPHYLAXIS PASTE P22 1.0,3630763,,1,2,KZ_BRAND_AND_SELECTED_SKUS,MANUFACTURER_REFERENCE_REQUIRED,https://www.ztdental.com/productinfo/3630763.html,ztdental-manufacturer-catalog.json
ZT Dental official,ZT Dental,PROPHYLAXIS PASTE P22 2.0,3630789,,1,2,KZ_BRAND_AND_SELECTED_SKUS,MANUFACTURER_REFERENCE_REQUIRED,https://www.ztdental.com/productinfo/3630789.html,ztdental-manufacturer-catalog.json
ZT Dental official,ZT Dental,CHEEK RETRACTORS,3631181,,1,2,KZ_BRAND_AND_SELECTED_SKUS,MANUFACTURER_REFERENCE_REQUIRED,https://www.ztdental.com/productinfo/3631181.html,ztdental-manufacturer-catalog.json
ZT Dental official,ZT Dental,FORCEPS FOR PLACING RINGS,3639074,,1,2,KZ_BRAND_AND_SELECTED_SKUS,MANUFACTURER_REFERENCE_REQUIRED,https://www.ztdental.com/productinfo/3639074.html,ztdental-manufacturer-catalog.json
ZT Dental official,ZT Dental,FORCEPS FOR PLACING SECTIONAL MATRIX BANDS,3639077,,1,2,KZ_BRAND_AND_SELECTED_SKUS,MANUFACTURER_REFERENCE_REQUIRED,https://www.ztdental.com/productinfo/3639077.html,ztdental-manufacturer-catalog.json
ZT Dental official,ZT Dental,FORCEPS FOR PLACING WEDGES,3639079,,1,2,KZ_BRAND_AND_SELECTED_SKUS,MANUFACTURER_REFERENCE_REQUIRED,https://www.ztdental.com/productinfo/3639079.html,ztdental-manufacturer-catalog.json
ZT Dental official,ZT Dental,DISPOSABLE MOUTH MIRRORS,3639216,,1,2,KZ_BRAND_AND_SELECTED_SKUS,MANUFACTURER_REFERENCE_REQUIRED,https://www.ztdental.com/productinfo/3639216.html,ztdental-manufacturer-catalog.json
ZT Dental official,ZT Dental,PERIODONTAL PROBE AND EXPLORER,3639219,,1,2,KZ_BRAND_AND_SELECTED_SKUS,MANUFACTURER_REFERENCE_REQUIRED,https://www.ztdental.com/productinfo/3639219.html,ztdental-manufacturer-catalog.json
ZT Dental official,ZT Dental,FLEXIMETER STRIPS,3639221,,1,2,KZ_BRAND_AND_SELECTED_SKUS,MANUFACTURER_REFERENCE_REQUIRED,https://www.ztdental.com/productinfo/3639221.html,ztdental-manufacturer-catalog.json
ZT Dental official,ZT Dental,SPLIT TYPE MOUTH SUPPORT,3640355,,1,2,KZ_BRAND_AND_SELECTED_SKUS,MANUFACTURER_REFERENCE_REQUIRED,https://www.ztdental.com/productinfo/3640355.html,ztdental-manufacturer-catalog.json
ZT Dental official,ZT Dental,ASPIRATOR TIPS,3640367,,1,2,KZ_BRAND_AND_SELECTED_SKUS,MANUFACTURER_REFERENCE_REQUIRED,https://www.ztdental.com/productinfo/3640367.html,ztdental-manufacturer-catalog.json
ZT Dental official,ZT Dental,AIR/ATER SYRINGE TIPS,3640384,,1,2,KZ_BRAND_AND_SELECTED_SKUS,MANUFACTURER_REFERENCE_REQUIRED,https://www.ztdental.com/productinfo/3640384.html,ztdental-manufacturer-catalog.json
ZT Dental official,ZT Dental,CARBON FIBER IMPLANT SCALER KITS,3640418,,1,2,KZ_BRAND_AND_SELECTED_SKUS,MANUFACTURER_REFERENCE_REQUIRED,https://www.ztdental.com/productinfo/3640418.html,ztdental-manufacturer-catalog.json
ZT Dental official,ZT Dental,ASPIRATION TIPS FOR IMPLANT SURGERY,3641716,,1,2,KZ_BRAND_AND_SELECTED_SKUS,MANUFACTURER_REFERENCE_REQUIRED,https://www.ztdental.com/productinfo/3641716.html,ztdental-manufacturer-catalog.json
ZT Dental official,ZT Dental,AIR/ATER SYRINGE TIPS WITH LUER LOCK,3642606,,1,2,KZ_BRAND_AND_SELECTED_SKUS,MANUFACTURER_REFERENCE_REQUIRED,https://www.ztdental.com/productinfo/3642606.html,ztdental-manufacturer-catalog.json
ZT Dental official,ZT Dental,ADAPTER,3642718,,1,2,KZ_BRAND_AND_SELECTED_SKUS,MANUFACTURER_REFERENCE_REQUIRED,https://www.ztdental.com/productinfo/3642718.html,ztdental-manufacturer-catalog.json
ZT Dental official,ZT Dental,PRE-BENT NEEDLE TIPS,3642843,,1,2,KZ_BRAND_AND_SELECTED_SKUS,MANUFACTURER_REFERENCE_REQUIRED,https://www.ztdental.com/productinfo/3642843.html,ztdental-manufacturer-catalog.json
ZT Dental official,ZT Dental,PLASTIC HALF CHAIR COVERS,816866,,1,1,KZ_BRAND_AND_SELECTED_SKUS,MANUFACTURER_REFERENCE_REQUIRED,https://www.ztdental.com/productinfo/816866.html,ztdental-manufacturer-catalog.json
ZT Dental official,ZT Dental,POSITIONING SYSTEM FOR SENSOR 2.0,3637499,,1,2,KZ_BRAND_AND_SELECTED_SKUS,MANUFACTURER_REFERENCE_REQUIRED,https://www.ztdental.com/productinfo/3637499.html,ztdental-manufacturer-catalog.json
ZT Dental official,ZT Dental,COMPLETE FILM POSITIONING SYSTEM,3637528,,1,2,KZ_BRAND_AND_SELECTED_SKUS,MANUFACTURER_REFERENCE_REQUIRED,https://www.ztdental.com/productinfo/3637528.html,ztdental-manufacturer-catalog.json
ZT Dental official,ZT Dental,BARRIER ENVELOPES,3637576,,1,2,KZ_BRAND_AND_SELECTED_SKUS,MANUFACTURER_REFERENCE_REQUIRED,https://www.ztdental.com/productinfo/3637576.html,ztdental-manufacturer-catalog.json
ZT Dental official,ZT Dental,BARRIER ENVELOPES,3637605,,1,2,KZ_BRAND_AND_SELECTED_SKUS,MANUFACTURER_REFERENCE_REQUIRED,https://www.ztdental.com/productinfo/3637605.html,ztdental-manufacturer-catalog.json
ZT Dental official,ZT Dental,BARRIER ENVELOPES WITH EXTENDED TAB,3637650,,1,2,KZ_BRAND_AND_SELECTED_SKUS,MANUFACTURER_REFERENCE_REQUIRED,https://www.ztdental.com/productinfo/3637650.html,ztdental-manufacturer-catalog.json
ZT Dental official,ZT Dental,PAPER COVER ( CARBOARD ),3637717,,1,2,KZ_BRAND_AND_SELECTED_SKUS,MANUFACTURER_REFERENCE_REQUIRED,https://www.ztdental.com/productinfo/3637717.html,ztdental-manufacturer-catalog.json
ZT Dental official,ZT Dental,PLASTIC X-RAY DIGITAL SENSOR SLEEVE,816879,,1,1,KZ_BRAND_AND_SELECTED_SKUS,MANUFACTURER_REFERENCE_REQUIRED,https://www.ztdental.com/productinfo/816879.html,ztdental-manufacturer-catalog.json
ZT Dental official,ZT Dental,DISPOSABLEIMPRESSION TRAYS,3634950,,1,2,KZ_BRAND_AND_SELECTED_SKUS,MANUFACTURER_REFERENCE_REQUIRED,https://www.ztdental.com/productinfo/3634950.html,ztdental-manufacturer-catalog.json
ZT Dental official,ZT Dental,AUTOCLAVABLEIMPRESSION TRAYS,3634983,,1,2,KZ_BRAND_AND_SELECTED_SKUS,MANUFACTURER_REFERENCE_REQUIRED,https://www.ztdental.com/productinfo/3634983.html,ztdental-manufacturer-catalog.json
ZT Dental official,ZT Dental,ORTHODONTIC IMPRESSION TRAYS,3635005,,1,2,KZ_BRAND_AND_SELECTED_SKUS,MANUFACTURER_REFERENCE_REQUIRED,https://www.ztdental.com/productinfo/3635005.html,ztdental-manufacturer-catalog.json
ZT Dental official,ZT Dental,DISTAL-EXTENSIONIMPRESSION TRAYS,3635030,,1,2,KZ_BRAND_AND_SELECTED_SKUS,MANUFACTURER_REFERENCE_REQUIRED,https://www.ztdental.com/productinfo/3635030.html,ztdental-manufacturer-catalog.json
ZT Dental official,ZT Dental,EDENTULOUSIMPRESSION TRAYS,3637125,,1,2,KZ_BRAND_AND_SELECTED_SKUS,MANUFACTURER_REFERENCE_REQUIRED,https://www.ztdental.com/productinfo/3637125.html,ztdental-manufacturer-catalog.json
ZT Dental official,ZT Dental,CUSTOMIZABLE THERMO PLASTIC IMPRESSION TRAYS,3637167,,1,2,KZ_BRAND_AND_SELECTED_SKUS,MANUFACTURER_REFERENCE_REQUIRED,https://www.ztdental.com/productinfo/3637167.html,ztdental-manufacturer-catalog.json
ZT Dental official,ZT Dental,AUTOCLAVABLE 3IN 1TRAYS,3637184,,1,2,KZ_BRAND_AND_SELECTED_SKUS,MANUFACTURER_REFERENCE_REQUIRED,https://www.ztdental.com/productinfo/3637184.html,ztdental-manufacturer-catalog.json
ZT Dental official,ZT Dental,MPRESSION TRAY EDGE TRIMMING,3639143,,1,2,KZ_BRAND_AND_SELECTED_SKUS,MANUFACTURER_REFERENCE_REQUIRED,https://www.ztdental.com/productinfo/3639143.html,ztdental-manufacturer-catalog.json
ZT Dental official,ZT Dental,HEADREST COVERS,816864,,1,4,KZ_BRAND_AND_SELECTED_SKUS,MANUFACTURER_REFERENCE_REQUIRED,https://www.ztdental.com/productinfo/816864.html,ztdental-manufacturer-catalog.json
ZT Dental official,ZT Dental,PLASTIC FULL CHAIR COVERS,816865,,1,1,KZ_BRAND_AND_SELECTED_SKUS,MANUFACTURER_REFERENCE_REQUIRED,https://www.ztdental.com/productinfo/816865.html,ztdental-manufacturer-catalog.json
ZT Dental official,ZT Dental,PLASTIC AIR/WATER SYRINGE COVERS,816869,,1,1,KZ_BRAND_AND_SELECTED_SKUS,MANUFACTURER_REFERENCE_REQUIRED,https://www.ztdental.com/productinfo/816869.html,ztdental-manufacturer-catalog.json
ZT Dental official,ZT Dental,DISPOSABLE FACE SHIELD,3639166,,1,2,KZ_BRAND_AND_SELECTED_SKUS,MANUFACTURER_REFERENCE_REQUIRED,https://www.ztdental.com/productinfo/3639166.html,ztdental-manufacturer-catalog.json
ZT Dental official,ZT Dental,PLASTIC HANDPIECE SLEEVES,3639170,,1,2,KZ_BRAND_AND_SELECTED_SKUS,MANUFACTURER_REFERENCE_REQUIRED,https://www.ztdental.com/productinfo/3639170.html,ztdental-manufacturer-catalog.json
ZT Dental official,ZT Dental,BARRIER FILM,3639178,,1,2,KZ_BRAND_AND_SELECTED_SKUS,MANUFACTURER_REFERENCE_REQUIRED,https://www.ztdental.com/productinfo/3639178.html,ztdental-manufacturer-catalog.json
ZT Dental official,ZT Dental,AUTOCLAVABLE PLASTIC STERILIZATION CASSETTES,3640390,,1,2,KZ_BRAND_AND_SELECTED_SKUS,MANUFACTURER_REFERENCE_REQUIRED,https://www.ztdental.com/productinfo/3640390.html,ztdental-manufacturer-catalog.json
ZT Dental official,ZT Dental,DENTAL ENDO BOX,3641344,,1,2,KZ_BRAND_AND_SELECTED_SKUS,MANUFACTURER_REFERENCE_REQUIRED,https://www.ztdental.com/productinfo/3641344.html,ztdental-manufacturer-catalog.json
ZT Dental official,ZT Dental,FILE STAND WITH NUMBERINGS,3641370,,1,2,KZ_BRAND_AND_SELECTED_SKUS,MANUFACTURER_REFERENCE_REQUIRED,https://www.ztdental.com/productinfo/3641370.html,ztdental-manufacturer-catalog.json
ZT Dental official,ZT Dental,FILE HOLDERS WITH NUMBERINGS,3641417,,1,2,KZ_BRAND_AND_SELECTED_SKUS,MANUFACTURER_REFERENCE_REQUIRED,https://www.ztdental.com/productinfo/3641417.html,ztdental-manufacturer-catalog.json
ZT Dental official,ZT Dental,SAFETY EYEWEAR,3641447,,1,2,KZ_BRAND_AND_SELECTED_SKUS,MANUFACTURER_REFERENCE_REQUIRED,https://www.ztdental.com/productinfo/3641447.html,ztdental-manufacturer-catalog.json
ZT Dental official,ZT Dental,ASPIRATOR TIPS,816836,,1,1,KZ_BRAND_AND_SELECTED_SKUS,MANUFACTURER_REFERENCE_REQUIRED,https://www.ztdental.com/productinfo/816836.html,ztdental-manufacturer-catalog.json
ZT Dental official,ZT Dental,SALIVA EJECTORS,816833,,1,2,KZ_BRAND_AND_SELECTED_SKUS,MANUFACTURER_REFERENCE_REQUIRED,https://www.ztdental.com/productinfo/816833.html,ztdental-manufacturer-catalog.json
ZT Dental official,ZT Dental,MICRO APPLICATORS,816841,,1,4,KZ_BRAND_AND_SELECTED_SKUS,MANUFACTURER_REFERENCE_REQUIRED,https://www.ztdental.com/productinfo/816841.html,ztdental-manufacturer-catalog.json
ZT Dental official,ZT Dental,MIXING TIPS,816846,,1,3,KZ_BRAND_AND_SELECTED_SKUS,MANUFACTURER_REFERENCE_REQUIRED,https://www.ztdental.com/productinfo/816846.html,ztdental-manufacturer-catalog.json
ZT Dental official,ZT Dental,DENTAL DISPENSING GUN,816855,,1,1,KZ_BRAND_AND_SELECTED_SKUS,MANUFACTURER_REFERENCE_REQUIRED,https://www.ztdental.com/productinfo/816855.html,ztdental-manufacturer-catalog.json
ZT Dental official,ZT Dental,INTRAORAL TIPS,816856,,1,1,KZ_BRAND_AND_SELECTED_SKUS,MANUFACTURER_REFERENCE_REQUIRED,https://www.ztdental.com/productinfo/816856.html,ztdental-manufacturer-catalog.json
ZT Dental official,ZT Dental,PLASTIC TRAY SLEEVES,816868,,1,1,KZ_BRAND_AND_SELECTED_SKUS,MANUFACTURER_REFERENCE_REQUIRED,https://www.ztdental.com/productinfo/816868.html,ztdental-manufacturer-catalog.json
ZT Dental official,ZT Dental,EVACUATOR TIPS,816834,,1,1,KZ_BRAND_AND_SELECTED_SKUS,MANUFACTURER_REFERENCE_REQUIRED,https://www.ztdental.com/productinfo/816834.html,ztdental-manufacturer-catalog.json
ZT Dental official,ZT Dental,DISPOSABLE AIR/WATER SYRINGE TIPS,816830,,1,4,KZ_BRAND_AND_SELECTED_SKUS,MANUFACTURER_REFERENCE_REQUIRED,https://www.ztdental.com/productinfo/816830.html,ztdental-manufacturer-catalog.json
ZT Dental official,ZT Dental,IRRIGATION NEEDLE TIPS,3642858,,1,2,KZ_BRAND_AND_SELECTED_SKUS,MANUFACTURER_REFERENCE_REQUIRED,https://www.ztdental.com/productinfo/3642858.html,ztdental-manufacturer-catalog.json
