officialProductId,brand,manufacturer,name,manufacturerRef,manufacturerRefs,model,variantCount,categoryPath,description,sourceImageUrl,imageCount,kzEvidence,status,sourcePageUrl
MERCURY-ND-A005690/1,Mercury,Mercury Dental Equipment,"Бинокуляры x3.5, x2.5",ND-A005690/1,ND-A005690/1,"Бинокуляры x3.5, x2.5",1,Микроскопы,"В комплекте: бинокуляр 2,5х/3,5х увеличитель 1,5х цветоизменяющие накладки 2 аккумулятора зарядная подставка зарядный адаптер Бинокулярный оптический комплекс выводит работу стоматолога на качественно новый уровень, обеспечивая максимальный обзор рабочей зоны. Основная задача прибора — обеспечение увеличенного чёткого изображения и возможности рассмотреть мельчайшие детали при проведении манипуляции. Важный критерий при выборе прибора — глубина резкости, показатель на данном оборудовании – 100мм. Модель обеспечивает хорошее изображение при изменении расстояния до объекта В начале использования линзы характерна некоторая дезориентация. Это может также происходить при переходе с низкого увеличения на более мощное. В таких случаях рекомендуется период адаптации в две-три недели. Если возникает головокружение, надевайте бинокуляр не более чем на 1 час и начните с простых процедур. Когда ваши глаза адаптируются к увеличенному полю и улучшится координация глаз и рук, постепенно увеличивайте время использования бинокуляра. Сферы применения бинокуляра: Диагностика Врач на приеме, благодаря бинокуляру, отмечает даже крошечные сколы, пятна, трещины зубной эмали, а также переломы в сегменте разделения корней, которые сложно различить невооруженным глазом Гигиена Оборудование помогает различить все особенности полости рта и мягких тканей, чтобы эффективно удалить зубной камень и пигментированный налет. Лечение кариеса Щадящее препарирование эмали, можно максимально точно определить границы пломбы и провести качественное препарирование кариозной полости. Реставрация Когда необходимо точно воссоздать форму и оттенок зуба, сформировать микро- и макрорельеф зуба, а следовательно, добиться идеального эстетического результата; Эндодонтия Облегчается процесс работы с корневыми каналами, стоматолог видит их устья, количество и структуру, способен заполнить каналы на полную длину. С оптикой, осуществляется более качественное лечение, что позволяет избежать в будущем таких проблем как кисты или гранулемы Имплантология Осуществляется максимально точное позиционирование имплантата в костной ткани на нужную высоту и под нужным углом, исключая возможность погрешностей. Протезирование Многократное увеличение позволяет рассмотреть мельчайшие детали и воссоздать максимально повторяющую свой зуб коронку с идеальным краевым прилеганием. Плюсы использования Быстрая и максимально точная диагностика. Кариес на начальной стадии, небольшие воспаления и повреждения десневой ткани сложно разглядеть при обычном осмотре. С помощью оптики врач проводит максимально точную диагностику, позволяющую выявить все скрытые аномалии и дефекты. Надежная клиническая терапия. Бинокуляры - стекла, которые визуализируют мельчайшие детали в операционном поле, расширяют его обзор, обеспечивают успешное использование щадящих методик в отношении твердых зубных тканей, высокий уровень услуг, идеальную обработку каналов и полостей, надежное пломбирование; Комфорт лечения. На приеме пациент чувствует себя спокойно и уверенно, врач находится на значительном расстоянии от зоны проводимого лечения. Удобство для врача. Правильно подобранная оптика снимает излишнюю нагрузку с шеи и спины врача, позволяя специалисту сосредоточиться на лечении. Изменяя параметры (углы схождения/наклон лупы, рабочее расстояние) стекло адаптируется к врачу, устройство помогает работать с удобством и избежать одной из профессиональных болезней – ухудшения зрения из-за постоянного напряжения Очистка и дезинфекция Бинокуляр - точный оптический инструмент, изготовленный из качественных компонентов. При должном уходе он прослужит долгое время. Соблюдайте следующие инструкции по очистке и дезинфекции, чтобы не допустить повреждений: не распыляйте жидкости на устройство; не подставляйте никакие детали устройства под воду и не погружайте в жидкости или в УЗ мойку; не используйте автоклавы, химические растворители, глутаральдегид и какие-либо другие методы стерилизации; не используйте средства с содержанием спирта выше 70%; не очищайте линзы бумажными полотенцами.",https://mercury-dent.pro/upload/iblock/0f2/64x8zc8o1bvghzedx61jeu82asgsew5v.jpg,14,BRAND_OBSERVED_AT_KAZAKHSTAN_RETAILER,KZ_SKU_EVIDENCE_REQUIRED,https://mercury-dent.pro/catalog/mikroskopy/binokulyary-x3-5-x2-5/
MERCURY-RT-NKQD4,Mercury,Mercury Dental Equipment,Быстросъемный переходник для одноразового наконечника,RT-NKQD4,RT-NKQD4,Быстросъемный переходник для одноразового наконечника,1,Стоматологические наконечники,"Быстросъемный переходник для турбинных наконечников без регулировки подачи воды, 4-канальный. Функциональный и универсальный Переходник для турбинных наконечников поможет стать инструменту более мобильным. Он не нуждается в специальном уходе, его легко стерилизовать, и он очень прост в эксплуатации. Тип соединения М4 поможет подключить наконечник к большому количеству различных установок.",https://mercury-dent.pro/upload/iblock/6a2/f7n0lef8zn77fd8ds7ebmqu8nh26tk08.jpg,2,BRAND_OBSERVED_AT_KAZAKHSTAN_RETAILER,KZ_SKU_EVIDENCE_REQUIRED,https://mercury-dent.pro/catalog/stomatologicheskie-nakonechniki/odnorazovye-nakonechniki/bystrosemnyy-perekhodnik-dlya-odnorazovogo-nakonechnika/
MERCURY-ND-A004435,Mercury,Mercury Dental Equipment,Внутриротовой пескоструйный аппарат Микробластер,ND-A004435,ND-A004435,Внутриротовой пескоструйный аппарат Микробластер,1,Стоматологические наконечники,"Оксид алюминия 27-50 микрон (в зависимости от манипуляций). Порошок и абразивы приобретаются отдельно! Портативный и мобильный Аппарат имеет тип соединения Midwest 4. Он может быстро и без вспомогательных элементов подключаться к установке и выдавать мощную и качественную работу. Само устройство занимает не много места и имеет малый вес, так что его удобно перевозить, а также от него не устает рука при долгом держании. Прочный Аппарат изготовлен из нержавеющей стали высокого класса, что делает его прочным и гарантирует продолжительный срок эксплуатации. Также он хорошо поддается автоклавированию. Сопло аппарата изготовлено из спеченного карбида. Благодаря этому срок службы и точность работы инструмента значительно увеличены. Эргономичный Удобное расположение емкости для песка позволяет быстро и качественно производить работу. Головка устройства без проблем поворачивается на 360°, благодаря чему процесс работы будет полным и качественным. Устройство отлично подходит также для обработки керамики и металла.",https://mercury-dent.pro/upload/iblock/1bd/3kj1tdls5hgovzleyq7yiwmc5cb6ynr3.jpg,2,BRAND_OBSERVED_AT_KAZAKHSTAN_RETAILER,KZ_SKU_EVIDENCE_REQUIRED,https://mercury-dent.pro/catalog/stomatologicheskie-nakonechniki/peskostruynye-nakonechniki/vnutrirotovoy-peskostruynyy-apparat-microblaster/
MERCURY-ND-A004459,Mercury,Mercury Dental Equipment,Внутриротовой пескоструйный аппарат Микробластер 2,ND-A004459,ND-A004459,Внутриротовой пескоструйный аппарат Микробластер 2,1,Стоматологические наконечники,"Порошок и абразивы приобретаются отдельно! Мобильный пневматический инструмент, который легко подключить и удобно использовать для пескоструения непрямых реставраций и поверхностей с которыми необходим надежный бондинг. Использование пескоструя в стоматологической клинике и в зуботехнической лаборатории становится обязательным со всех точек зрения в большинстве клинических случаев. Сопло пескоструя изготавливается из спеченного карбида, что делает его более долговечным и как следствие, позволяет добиться более точной фокусировки струи песка на обрабатываемой поверхности. Сопло расположено под углом 138 градусов к телу пескоструя. Показания к применению В зависимости от желаемого результата и вида работ применяются различные фракции песка от 0 до 100 микрон. Самыми используемыми абразивами являются: оксид алюминия 50 микрон: создание микроретенционной поверхности на металле и неметаллических поверхностях оксид алюминия 90 микрон: удаление цемента и композита Подходит для использования на установках с разъемами Midwest (2 канала и 4 канала). Комплектация Пескоструйный аппарат Переходник к разъему Midwest",https://mercury-dent.pro/upload/iblock/616/3cnsikdv8gcjl3340hxi7j54d9vpqn6p.jpg,1,BRAND_OBSERVED_AT_KAZAKHSTAN_RETAILER,KZ_SKU_EVIDENCE_REQUIRED,https://mercury-dent.pro/catalog/stomatologicheskie-nakonechniki/peskostruynye-nakonechniki/vnutrirotovoy-peskostruynyy-apparat-microblaster-2/
MERCURY-NDN-000146,Mercury,Mercury Dental Equipment,Внутриротовой пескоструйный аппарат Микробластер без распыления воды,NDN-000146,NDN-000146,Внутриротовой пескоструйный аппарат Микробластер без распыления воды,1,Стоматологические наконечники,"Оксид алюминия 27-50 микрон (в зависимости от манипуляций). Порошок и абразивы приобретаются отдельно! Портативный и мобильный Аппарат имеет тип соединения Midwest 4. Он может быстро и без вспомогательных элементов подключаться к установке и выдавать мощную и качественную работу. Само устройство занимает не много места и имеет малый вес, так что его удобно перевозить, а также от него не устает рука при долгом держании. Прочный Аппарат изготовлен из нержавеющей стали высокого класса, что делает его прочным и гарантирует продолжительный срок эксплуатации. Также он хорошо поддается автоклавированию. Сопло аппарата изготовлено из спеченного карбида. Благодаря этому срок службы и точность работы инструмента значительно увеличены. Эргономичный Удобное расположение емкости для песка позволяет быстро и качественно производить работу. Головка устройства без проблем поворачивается на 360°, благодаря чему процесс работы будет полным и качественным. Устройство отлично подходит также для обработки керамики и металла.",https://mercury-dent.pro/upload/iblock/f96/en1c4ts97yvsdpqr8mjz20e8ojapnthz.jpg,7,BRAND_OBSERVED_AT_KAZAKHSTAN_RETAILER,KZ_SKU_EVIDENCE_REQUIRED,https://mercury-dent.pro/catalog/stomatologicheskie-nakonechniki/peskostruynye-nakonechniki/vnutrirotovoy-peskostruynyy-apparat-microblaster-bez-raspyleniya-vody/
MERCURY-ND-A004656,Mercury,Mercury Dental Equipment,Встраиваемый бесщеточный микромотор Mercury 200EM,ND-A004656,ND-A004656,200EM,1,Микромоторы,"Комплектация Мотор. Шланг. Плата управления. Провода для подключения. Бесщеточный мотор Микромотор без щеточно-коллекторного узла имеет ряд неоспоримые преимуществ перед своими щеточными собратьями. Из основных можно выделить — повышенная мощность вращения турбины, за счет чего увеличивается и эффективность наконечника, а также уменьшенные расходы на обслуживания. Бесщеточный мотор не нуждается в охлаждении и вентиляции, так что затраты на дополнительное обслуживание здесь значительно ниже. Система освещения В качестве дополнительных функций в микромотор Mercury STAR 200EM встроена система освещения, благодаря чему работа с наконечником станет намного точнее и эффективнее. При этом светильник белого цвета не требует много энергии и обладает мягким светом, не режущим глаз. Широкий функционал Микромотор способен достигать скорости до 40 000 оборотов в минуту. Столь высокая мощность позволит применять его в различных сферах стоматологии. В комплекте с устройством идут регулятор скорости и переключатель реверса, с которыми вы сможете точно настроить мотор под необходимые вам параметры. Это сделает работу более точной и уверенной.",https://mercury-dent.pro/upload/iblock/048/o51oxgr7zf5y1px37jjjr2y6dvpdlzpp.jpg,11,BRAND_OBSERVED_AT_KAZAKHSTAN_RETAILER,KZ_SKU_EVIDENCE_REQUIRED,https://mercury-dent.pro/catalog/mikromotory/mercury-star-200em/
MERCURY-ND-A004658,Mercury,Mercury Dental Equipment,Встраиваемый бесщеточный микромотор Mercury 400EM,ND-A004658,ND-A004658,400EM,1,Микромоторы,,https://mercury-dent.pro/upload/iblock/f70/2krusq0uu72zkk6vwg6cw0giikae22i5.jpg,8,BRAND_OBSERVED_AT_KAZAKHSTAN_RETAILER,KZ_SKU_EVIDENCE_REQUIRED,https://mercury-dent.pro/catalog/mikromotory/mercury-star-400em/
MERCURY-MERCURY-STAR-800EM,Mercury,Mercury Dental Equipment,Встраиваемый бесщеточный микромотор Mercury 800EM,,,800EM,1,Микромоторы,"Mercury STAR 800EM имеет скорость вращения от 2 000 до 40 000 оборотов в минуту, незаменимый помощник при лечении корневых каналов, подготовительной обработке, шлифовке и других видов работ. Фиброоптическое освещение сделает вашу работу комфортнее, быстрее и экономичнее за счет небольшого расхода энергии. Сенсорный блок управления-это не только удобно, но и стильно Бесщеточный микромотор-это увеличенная мощность, по сравнению с щеточным, увеличенная скорость вращения при бесшумной работе и долгом сроке эксплуатации. Простое управление с помощью переключателя воздуха на стоматологической установке. Возможна стерилизация мотора в автоклаве при 135°C",https://mercury-dent.pro/upload/iblock/cdf/yfrgq3i9jso0mej03wf9z70p3ounmtui.jpg,10,BRAND_OBSERVED_AT_KAZAKHSTAN_RETAILER,MANUFACTURER_REFERENCE_REQUIRED,https://mercury-dent.pro/catalog/mikromotory/mercury-star-800em/
MERCURY-NDN-001245/1,Mercury,Mercury Dental Equipment,Встраиваемый бесщеточный микромотор Mercury 800EM с сенсорным дисплеем,NDN-001245/1,NDN-001245/1,800EM с сенсорным дисплеем,1,Микромоторы,"Удобный сенсорный дисплей , на котором отображается вся необходимая информация. Он обеспечивает 5 передаточных чисел для разных углов наконечника, подходящих для различных манипуляций во время работы врача: 1:5; 1:4.2; 1:1; 16:1; 20:1. Возможность сохранения заданных параметров текущей программы . Каждое ваше сохранение соответствует кнопке на дисплее, всего можно сохранить 5 комбинаций необходимых вам настроек. Возможность регулировки скорости, яркости светодиода и регулировка направления вращения: прямой и реверс . Есть функция отключения подсветки , если она отвлекает вас или в ней нет необходимости в конкретный момент. Простой монтаж на стоматологическое кресло - небольшая печатная плата значительно упрощает установку.",https://mercury-dent.pro/upload/iblock/ab4/pynw1hjpossyjcatwu40tcaoiukoyoct.jpg,13,BRAND_OBSERVED_AT_KAZAKHSTAN_RETAILER,KZ_SKU_EVIDENCE_REQUIRED,https://mercury-dent.pro/catalog/mikromotory/mercury-star-800em-s-sensornym-displeem/
MERCURY-ND-A002448,Mercury,Mercury Dental Equipment,Динамометрический ключ для имплантов Mercury,ND-A002448,ND-A002448,,1,Имплантология,"Динамометрический ключ Mercury - беспроводное устройство для фиксации абатмента на зубном импланте. В сочетании с угловым наконечником 20:1 развивает крутящий момент 10-50 Н·см и скорость 10-50 об/мин. Параметры скорости, момента и направление вращения регулируются отдельными кнопками. Функция калибровки позволяет избежать ошибок в работе.",https://mercury-dent.pro/upload/iblock/8cc/fxxfeoyt7ra2tkby6kd6pz07m23crfr4.jpg,11,BRAND_OBSERVED_AT_KAZAKHSTAN_RETAILER,KZ_SKU_EVIDENCE_REQUIRED,https://mercury-dent.pro/catalog/implantologiya/dinamometricheskiy-klyuch-dlya-implantov-mercury/
MERCURY-ND-A005684,Mercury,Mercury Dental Equipment,Зуботехнический микроскоп,ND-A005684,ND-A005684,Зуботехнический микроскоп,1,Микроскопы,Зуботехнический микроскоп Mercury Разработан и модифицирован при участии зубного техника! Диодная подсветка - до 45 000 люкс Система увеличения - 3.35х-22.5х с диоптрийной регулировкой 7D Фокусное расстояние - 250мм Система визуализации - FULL HD (1920x1080),https://mercury-dent.pro/upload/iblock/fd2/52ciumrkl913txb845zrs39bgezup94j.jpg,7,BRAND_OBSERVED_AT_KAZAKHSTAN_RETAILER,KZ_SKU_EVIDENCE_REQUIRED,https://mercury-dent.pro/catalog/mikroskopy/zubotekhnicheskiy-mikroskop/
MERCURY-ND-A004682,Mercury,Mercury Dental Equipment,Ирригатор портативный Mercury иск-вэйвс белый,ND-A004682,ND-A004682,иск-вэйвс белый,1,Ирригаторы,,https://mercury-dent.pro/upload/iblock/e35/ypdh8yxoh2hou7z05ued4g6s3jh4hi7v.jpg,3,BRAND_OBSERVED_AT_KAZAKHSTAN_RETAILER,KZ_SKU_EVIDENCE_REQUIRED,https://mercury-dent.pro/catalog/irrigatory/mercury-x-waves-belyy/
MERCURY-MERCURY-X-WAVES-CHERNYY,Mercury,Mercury Dental Equipment,Ирригатор портативный Mercury иск-вэйвс черный,,,иск-вэйвс черный,1,Ирригаторы,"Стоматологический портативный ирригатор Mercury x-waves TI0020 предназначен для массажа тканей десен, удаления зубного налета и улучшения здоровья десен. Ирригаторы Mercury x-waves обеспечивают уникальное сочетание давления и пульсации воды для очистки промежутков между зубами и десневых карманов, удаление вредных бактерий и налета, чего не может обеспечить традиционная чистка зубов щеткой и зубной нитью. Мощный пульсирующий напор воды смывает остатки пищи, осуществляет массаж тканей десен, что способствует приливу крови к тканям пародонта, оздоравливает десны и борется с их кровоточивостью. Хотя стандартная электрическая зубная щетка может очистить зубной налет на поверхности зубов, она не достигает зазоров между зубами, десневой борозды и кариеса, оставляя чистку полости рта далеко не полной. X-WAVES здесь, чтобы принести вам 360-градусный опыт чистки полости рта, давая вашему рту тщательную очистку и не оставляя ничего позади. Он эффективно удаляет зубной налет и предотвращает множество медицинских проблем, способствуя улучшению здоровья полости рта. Особенности Помогает предотвратить гингивит. Эффективная профилактика против зубного камня. Лучшее средство для борьбы с кровоточивостью десен. Решение проблемы запаха изо рта. Водонепроницаемость IPX7. Компактный и удобный ирригатор, способен обеспечить ежедневную очистку зубов и десен независимо от вашего местонахождения. Эффект оздоровления полости рта через 14 дней использования Одной зарядки хватает примерно на 30 дней работы! Батарея полностью заряжается за 3 часа. Автоотключение после 2-х минут простоя 2 стандартные насадки разного цвета. 4 режима пульсации. Высокий уровень мобильности Ирригатор Mercury x-waves относится к беспроводным, так что мобильность — одно из главных его достоинств. Устройство можно легко перевозить, так как оно не займет много места. Его габариты позволят устройству легко поместиться в багажной сумке и на полочке в ванной, благодаря чему вы всегда сможете найти ему подходящее место. Эффективный Ирригатор очень эффективен, он способен решать множество зубных проблем. В том числе он помогает предотвратить гингивит, отлично подходит для эффективной профилактики зубного камня, а также способен решить проблему кровоточивости десен. Ирригатор Mercury x-waves по-настоящему универсальное и очень эффективное средство. Энергоемкий Одна из ключевых особенностей ирригатора — очень высокий уровень автономной работы. Он оснащен литиевой батареей объемом 2000 мАч, заряда которой хватит на целый месяц использования. При этом полностью заряжается устройство всего за три часа. Эргономичный Стильный внешний вид устройства способен украсить любое помещение. Более того, ирригатор имеет очень эргономичный корпус из ударостойкого материала. На нем расположена панель управления с минимальным количеством кнопок, которые дают возможность работать с ирригатором полноценно, быстро и легко.",https://mercury-dent.pro/upload/iblock/325/gu6g7i9410nmwu5uipk7ox4sihoa86m1.jpg,3,BRAND_OBSERVED_AT_KAZAKHSTAN_RETAILER,MANUFACTURER_REFERENCE_REQUIRED,https://mercury-dent.pro/catalog/irrigatory/mercury-x-waves-chernyy/
MERCURY-ND-A004672,Mercury,Mercury Dental Equipment,Ирригатор стационарный Mercury НФ-8,ND-A004672,ND-A004672,НФ-8,1,Ирригаторы,"Является зарегистрированным медицинским изделием для массажа десен. Клинически доказано, что ирригатор очищает зубную эмаль в три раза лучше, чем использование зубной щетки Назначение Ирригаторы полости рта HF-8 предназначены для массажа тканей десен, удаления зубного налета и улучшения здоровья десен. Ирригаторы HF-8 обеспечивают уникальное сочетание давления и пульсации воды для очистки промежутков между зубами и десневых карманов, удаление вредных бактерий и налета, чего не может обеспечить традиционная чистка зубов щеткой и зубной нитью. Мощный пульсирующий напор воды смывает остатки пищи, осуществляет массаж тканей десен, что способствует приливу крови к тканям пародонта, оздоравливает десны и борется с их кровоточивостью. Клинически доказано, что ирригатор более чем в 2 раза эффективнее, чем обычная зубная нить Помогает предотвратить гингивит Эффективная профилактика против зубного камня Лучшее средство для борьбы с кровоточивостью десен Решение проблемы запаха изо рта Эффект оздоровления полости рта через 14 дней использования Ваши зубы и десны остаются блестяще чистыми, где бы Вы ни были Комплектация Ирригатор HF-8 Whisper 3 стандартные насадки 1 назальная насадка 1 ортоническая насадка 1 периодонтальная насадка Руководство по эксплуатации на русском языке Назначение Чистит Ваши зубные протезы, мосты, коронки, брекеты, импланты и неровные зубы без лишних усилий Смывает зубной налет и вредные бактерии. Для уменьшения воспаления, кровоточивости и удаления бактерий, вызывающих кариес Эффективный Ирригатор HF-8 Whisper от компании Mercury отлично подходит для решения многих стоматологических проблем. Его периодическое использование предотвращает возникновение гингивита и зубного камня, а также помогает бороться с неприятной проблемой кровоточивости десен. Качественное оздоровление При постоянном использовании, ирригатор помогает избавиться от неприятного запаха изо рта. Более того, устройство помогает добиться эффекта оздоровления полости рта всего за 14 дней использования. Зубы будут более чистыми, а десны здоровыми. Универсальный В комплекте с устройство идет несколько насадок, которые помогут значительно улучшить эффект от использования. В комплекте с ирригатором и стандартными насадками вы также найдете ортодонтическую, пародонтальную, назальную насадки, а также насадки для чистки языка. Высокая мощность Частота пульсаций воды в минуту достигает 1600. При максимальном давлении струи в 620 кПа устройство будет очень эффективно очищать полость рта даже в труднодоступных областях. При этом ирригатор HF-8 Whisper отличается низким уровнем энергопотребления, не превышающем 45 Вт.",https://mercury-dent.pro/upload/iblock/7c2/xr9e8ka4w3q3ipogcgl8uigbtq5qhq3o.jpg,12,BRAND_OBSERVED_AT_KAZAKHSTAN_RETAILER,KZ_SKU_EVIDENCE_REQUIRED,https://mercury-dent.pro/catalog/irrigatory/mercury-hf-8-whisper/
MERCURY-KOMPLEKT-ANATOMICHESKOY-OBIVKI-MERCURY-ANYA,Mercury,Mercury Dental Equipment,Комплект анатомической обивки MERCURY (Anya),,,(Anya),1,Матрасы для стоматологических кресел,"Комплект анатомической обивки Mercury — это готовое решение для полного обновления мягких элементов стоматологической установки. Главное преимущество — полноценное собственное производство. Мы сами разрабатываем лекала, шьём и контролируем качество на каждом этапе. Состав комплекта: основание кресла; спинка кресла; подголовник; стул врача; стул ассистента. Собственное производство Абсолютно все детали комплекта разработаны и сшиты нами в России. Это гарантирует: идеальную совместимость с установками и точное соответствие оригинальным формам; высокое качество пошива и материалов. Индивидуальный подход к цвету Вы можете выбрать любой цвет обивки под интерьер вашей клиники. Мы изготовим комплект по вашему запросу — от классических оттенков до ярких дизайнерских решений. Готовые решения на складе Для самых востребованных цветов у нас всегда есть готовые комплекты в наличии. Это вариант для тех, кому нужно обновить обивку максимально быстро. Перетяжка вашей обивки Если у вас есть старая обивка, которая идеально сидит, но потеряла вид, — пришлите её нам. Мы разработаем лекала и перетянем её в нужный цвет с сохранением оригинальной формы. Универсальность Комплект разработан для стоматологических установок брендов Mercury и Anya, но мы также можем рассмотреть возможность изготовления обивки под другие модели. Обновите мягкую часть установки — и кабинет заиграет новыми красками. С комфортом, цветом и гарантией идеальной посадки.",https://mercury-dent.pro/upload/iblock/aca/bwedoejbj02oolsic400hiy8ppt6lskw.jpg,6,BRAND_OBSERVED_AT_KAZAKHSTAN_RETAILER,MANUFACTURER_REFERENCE_REQUIRED,https://mercury-dent.pro/catalog/matrasy/komplekt-anatomicheskoy-obivki-mercury-anya/
MERCURY-ND-A004450,Mercury,Mercury Dental Equipment,Комплект наконечников Mercury из 3-х предметов,ND-A004450,ND-A004450,из 3-х предметов,1,Стоматологические наконечники,"В набор наконечников включены хиты для хирургических и терапевтических работ. И, что не мало важно, КОМПЛЕКТ ЭТО ВЫГОДНО. Набор из 3-х ходовых инструментов для комфортной и высококачественной работы. В набор входит: Прямой наконечник Mercury 888 с внутренним охлаждением угловой наконечник Mercury 111 с внутренней водой микромотор Mercury 2000 с фиброоптикой Наконечники отличаются мощностью и точностью работы ОБЩИЕ ХАРАКТЕРИСТИКИ Температура стерилизации: 135°C Уровень шума: не более 65 дБ",https://mercury-dent.pro/upload/iblock/4d9/wbpuucx70msfyix2x8exguq0xh92yp2x.jpg,7,BRAND_OBSERVED_AT_KAZAKHSTAN_RETAILER,KZ_SKU_EVIDENCE_REQUIRED,https://mercury-dent.pro/catalog/stomatologicheskie-nakonechniki/komplekty-nakonechnikov/komplekt-nakonechnikov-mercury-iz-3-kh-predmetov/
MERCURY-ND-A004451,Mercury,Mercury Dental Equipment,Комплект наконечников Mercury из 5 предметов,ND-A004451,ND-A004451,из 5 предметов,1,Стоматологические наконечники,"В наборе 2 кнопочных наконечника, пневмодвигатель, угловой и прямой наконечники. Характеристики: Рабочее давление: 206~231кПа(2.1~2.35f/2) Частота вращения: 300000~320000 об/мин. Расход воздуха: не более 45 л/мин Расход воды: не менее 50 мл/мин Рекомендуемая длинна боров: 19-21 мм Уровень шума: не более 65 дБ Температура паровой стерилизации: не более 135 o С Набор наконечников предназначен для выполнения терапевтических и ортопедических работ. Комплектация: Турбинный наконечник Mercury 311A - 2 шт Микромотор воздушный (наружная вода) Mercury 1000 - 1 шт. Наконечник прямой (наружная вода) Mercury 777 - 1 шт. Наконечник угловой Mercury 111 - 1 шт. Аксессуары",https://mercury-dent.pro/upload/iblock/010/po7f057bqolcwsm8ofy226ddp5hmk8x9.jpg,4,BRAND_OBSERVED_AT_KAZAKHSTAN_RETAILER,KZ_SKU_EVIDENCE_REQUIRED,https://mercury-dent.pro/catalog/stomatologicheskie-nakonechniki/komplekty-nakonechnikov/komplekt-nakonechnikov-mercury-iz-5-predmetov/
MERCURY-ND-A006249,Mercury,Mercury Dental Equipment,Компрессор воздушный медицинский безмасляный Mercury HK-10ЕВ-180/HK-10EW-180 (500л),ND-A006249,ND-A006249,HK-10ЕВ-180/HK-10EW-180 (500л),1,Компрессоры,"Воздушный безмасляный компрессор Mercury является источником сжатого воздуха для стоматологического оборудования. Устройство работает за счет самосмазывающегося материала, который обеспечивает отсутствие масла в рабочей среде и гарантирует санитарные условия работы, так же не создает привкуса масла. Использование такого компрессора поможет значительно продлить срок службы стоматологической установки и повысить комфорт клиента.",https://mercury-dent.pro/upload/iblock/c92/b0r079ug3jq5cwvilmni9zy668sicwkp.jpg,1,BRAND_OBSERVED_AT_KAZAKHSTAN_RETAILER,KZ_SKU_EVIDENCE_REQUIRED,https://mercury-dent.pro/catalog/kompressory/hk-10ew-180-500l/
MERCURY-ND-A006245,Mercury,Mercury Dental Equipment,Компрессор воздушный медицинский безмасляный Mercury HK-1ЕВ-30/HK-1EW-30 (70л),ND-A006245,ND-A006245,HK-1ЕВ-30/HK-1EW-30 (70л),1,Компрессоры,"Mercury HK-1EW-30 является прекрасным представителем воздушных безмасляных компрессоров. Помимо отсутствия масла и удобного использования в работе, данный компрессор автоматически поддерживает воздух в установленных рамках, а специальный электромагнитный клапан регулирует работу компрессора.",https://mercury-dent.pro/upload/iblock/63c/6gic34607ow3mtyp50wz3tm7gt55t4zf.jpg,1,BRAND_OBSERVED_AT_KAZAKHSTAN_RETAILER,KZ_SKU_EVIDENCE_REQUIRED,https://mercury-dent.pro/catalog/kompressory/hk-1ew-30-70l/
MERCURY-ND-A006246,Mercury,Mercury Dental Equipment,Компрессор воздушный медицинский безмасляный Mercury HK-2ЕВ-35/HK-2EW-35 (100л),ND-A006246,ND-A006246,HK-2ЕВ-35/HK-2EW-35 (100л),1,Компрессоры,"Безмасляный компрессор MERCURY HK-2EW-35 является отличным соотношением цены и качества. Ежедневное использование, не требующее масла и частых технических осмотров, упрощает ежедневную работу. Так же компрессор отличается тихой работой, не более 60 дБ, и высокой производительностью, поддерживая работу сразу двух установок.",https://mercury-dent.pro/upload/iblock/c22/ejas6fcaft3gwonrr5kk6ihfbzi625v5.jpg,1,BRAND_OBSERVED_AT_KAZAKHSTAN_RETAILER,KZ_SKU_EVIDENCE_REQUIRED,https://mercury-dent.pro/catalog/kompressory/hk-2ew-35-100l/
MERCURY-NDN-001199,Mercury,Mercury Dental Equipment,Компрессор воздушный медицинский безмасляный Mercury HK-2ЕВ-35/HK-2EW-35 (100л) с осушителем,NDN-001199,NDN-001199,HK-2ЕВ-35/HK-2EW-35 (100л) с осушителем,1,Компрессоры,"Безмасляный воздушный компрессор MERCURY HK-2EW-35 с осушителем, не только сжимает воздух, без использования масла, но и устраняет лишнюю влагу. Отличное соотношение цены и качества, а также наличие возможности поддержания работы сразу двух установок делает данный компрессор отличным выбором для вашей работы. Замена абсорбента осушителя компрессора Рекомендуется заменять абсорбент, который находится внутри осушителя компрессора, на регулярной основе каждые 6 месяцев. Это необходимо, чтобы наполнитель не терял впитывающие свойства и не набирал влагу, что может привести к коррозии деталей системы и её поломке. В зависимости от условий эксплуатации компрессора, абсорбент можно менять чаще.",https://mercury-dent.pro/upload/iblock/e6f/kp723tz1s7jfjzt0ep84ihvne1kzy90h.jpg,4,BRAND_OBSERVED_AT_KAZAKHSTAN_RETAILER,KZ_SKU_EVIDENCE_REQUIRED,https://mercury-dent.pro/catalog/kompressory/hk-2ew-35-100l-s-osushitelem/
MERCURY-HK-2EW-35-100L-USILENNYY,Mercury,Mercury Dental Equipment,Компрессор воздушный медицинский безмасляный Mercury HK-2ЕВ-35/HK-2EW-35 (100л) усиленный,,,HK-2ЕВ-35/HK-2EW-35 (100л) усиленный,1,Компрессоры,"Безмасляный компрессор MERCURY HK-2EW-35 является отличным соотношением цены и качества. Ежедневное использование, не требующее масла и частых технических осмотров, упрощает ежедневную работу. Так же компрессор отличается тихой работой, не более 52 дБ, и высокой производительностью, поддерживая работу сразу двух установок.",https://mercury-dent.pro/upload/iblock/75f/f865vl3r6if959ql8mzc6e7frtuffwhl.jpg,9,BRAND_OBSERVED_AT_KAZAKHSTAN_RETAILER,MANUFACTURER_REFERENCE_REQUIRED,https://mercury-dent.pro/catalog/kompressory/hk-2ew-35-100l-usilennyy/
MERCURY-ND-A006250,Mercury,Mercury Dental Equipment,Компрессор воздушный медицинский безмасляный Mercury HK-3ЕВ-55/HK-3EW-55 (140л),ND-A006250,ND-A006250,HK-3ЕВ-55/HK-3EW-55 (140л),1,Компрессоры,"С данным компрессором вы можете без труда обслуживать одновременно до трех установок, его производительность 140 л/мин и объем ресивера на 55 литров. Так же компрессор сохраняет все свои главные свойства компрессоров бренда Mercury: экономичность, надежность, комфорт использования.",https://mercury-dent.pro/upload/iblock/5bc/o98c6tvj00whv7kl1wjsmis3zizt827e.jpg,1,BRAND_OBSERVED_AT_KAZAKHSTAN_RETAILER,KZ_SKU_EVIDENCE_REQUIRED,https://mercury-dent.pro/catalog/kompressory/hk-3ew-55-140l/
MERCURY-ND-A006247,Mercury,Mercury Dental Equipment,Компрессор воздушный медицинский безмасляный Mercury HK-4ЕВ-65/HK-4EW-65 (200л),ND-A006247,ND-A006247,HK-4ЕВ-65/HK-4EW-65 (200л),1,Компрессоры,"Воздушный безмаслянный компрессор, уже давно зарекомендовавший себя в стоматологической сфере, от бренда Mercury, станет вам отличным помощником в работе. Совмещает в себе качество, большой объем и экономичность.",https://mercury-dent.pro/upload/iblock/5bc/o98c6tvj00whv7kl1wjsmis3zizt827e.jpg,1,BRAND_OBSERVED_AT_KAZAKHSTAN_RETAILER,KZ_SKU_EVIDENCE_REQUIRED,https://mercury-dent.pro/catalog/kompressory/hk-4ew-65-200l/
MERCURY-ND-A006248,Mercury,Mercury Dental Equipment,Компрессор воздушный медицинский безмасляный Mercury HK-6ЕВ-90/HK-6EW-90 (300л),ND-A006248,ND-A006248,HK-6ЕВ-90/HK-6EW-90 (300л),1,Компрессоры,"Еще больший объем и производительность! MERCURY HK-6EW-90 может обслуживать сразу 4 установки, при этом сохраняя главные плюсы безмасляных компрессоров: экономичность, надежность и соответствие всем санитарным условиям для работы с пациентами.",https://mercury-dent.pro/upload/iblock/43f/czj1sow3zfa4buk8odcryy73rtf40rv9.jpg,1,BRAND_OBSERVED_AT_KAZAKHSTAN_RETAILER,KZ_SKU_EVIDENCE_REQUIRED,https://mercury-dent.pro/catalog/kompressory/hk-6ew-90-300l/
MERCURY-NDN-001200,Mercury,Mercury Dental Equipment,Компрессор стоматологический воздушный безмасляный JW-032C 200л с осушителем,NDN-001200,NDN-001200,Компрессор стоматологический воздушный безмасляный JW-032C 200л с осушителем,1,Компрессоры,"С данным компрессором, вы без труда можете обслуживать до двух установок. Мощность, наличие осушительной системы, сделает вашу работу еще комфортнее. Низкий уровень шума, отсутствие масла, высокая мощность-все для вашего удобства и комфорта пациента. Замена абсорбента осушителя компрессора Рекомендуется заменять абсорбент, который находится внутри осушителя компрессора, на регулярной основе каждые 6 месяцев. Это необходимо, чтобы наполнитель не терял впитывающие свойства и не набирал влагу, что может привести к коррозии деталей системы и её поломке. В зависимости от условий эксплуатации компрессора, абсорбент можно менять чаще.",https://mercury-dent.pro/upload/iblock/4f0/23nzddisz58z4gydyzef58hw3erwvdxq.jpg,5,BRAND_OBSERVED_AT_KAZAKHSTAN_RETAILER,KZ_SKU_EVIDENCE_REQUIRED,https://mercury-dent.pro/catalog/kompressory/hk-4ew-65-200l-s-osushitelem/
MERCURY-ND-A006525,Mercury,Mercury Dental Equipment,Кресло косметологическое Mercury,ND-A006525,ND-A006525,,1,Стоматологические установки,"Кресло для приема от бренда Mercury отличается высокой универсальностью. Оно может применяться во многих областях, в том числе в стоматологии. Его компактные размеры позволяют разместить кресло даже в небольшом помещении. Обивка При изготовлении кресла используется экокожа, которая обладает рядом неоспоримых достоинств. Она обладает высокой износостойкостью (100 000 циклов по методу Шорса при соблюдении правил эксплуатации), благодаря чему прослужит долгое время. Боле того, такой материал отлично поддается обработке с помощью стерилизующих средств. Комфортное кресло Кресло оснащено подлокотниками, благодаря чему клиент сможет размеситься на нем с большим комфортом. Оно оборудовано удобным джойстиком, с которым вы сможете настраивать его положение индивидуально под собственные нужды: регулируется высота кресла и наклон спинки. Подголовник Подголовник на артикуляционном соединении имеет широкий диапазон регулировок: наклон, поворот, выдвижение. Он оснащен подвижными шарнирами (артикуляцией) для точной и надежной фиксации головы пациента в нужном положении.",https://mercury-dent.pro/upload/iblock/4ac/p27ye4717zz19z3ifnxs3mkmt2s51a3v.jpg,6,BRAND_OBSERVED_AT_KAZAKHSTAN_RETAILER,KZ_SKU_EVIDENCE_REQUIRED,https://mercury-dent.pro/catalog/stomatologicheskie-ustanovki/kreslo-kosmetologicheskoe-mercury/
MERCURY-ND-A006542,Mercury,Mercury Dental Equipment,Матрас с памятью формы Mercury,ND-A006542,ND-A006542,,1,Матрасы для стоматологических кресел,"Премиальное качество для ваших клиентов Матрасы Mercury разработаны специалистами с целью увеличить комфорт ваших пациентов во время приема и сделать работу врача более продуктивной . Матрасы Mercury - для полноценного комфорта ваших пациентов В матрасах Mercury, применены вязкоэластичные материалы с ""эффектом памяти"" . Невероятно комфортный эффект этих матрасов достигается за счет слоя с ""памятью"" (memory) высотой 3-6 см . Такие материалы имеют ""пластилиновый"" эффект: Вы надавливаете на него, убираете руку, а след от руки остается на несколько секунд. Матрас подстраивается под форму Вашего тела , и не выталкивает Вас. Чехол матраса выполнен из мембранных ""дышащих"" материалов с покрытием из полиуретана с антибактериальной и противогрибковой обработкой, обладающих высокими гигиеническими свойствами и устойчивостью к гидролизу . Каждая секция чехла матраса с молнией, которая позволяет снимать чехол для стирки или химической обработки. Матрас выполнен из высококачественных медицинских материалов . Полностью гиппоаллергенен . Достоинства матраса Mercury выдерживает регулярные нагрузки ; гарантия 2 года на наполнитель; товар сертифицирован ; подушка под поясницу в подарок ; ткань чехла медицинская Бельгия/Чехия/Турция; ""дышащие"" материалы; память формы ; гиппоалергенный состав; удобство гигиены за счёт съемного чехла на молнии. Размеры Подголовник (ШхВхТолщина): 20x20х15 см Спинка (ШхВхТолщина) : 52x43х5 см Сиденье (ШхВхТолщина) : 45x57х5 см Подкладка под ноги (ШхВхТолщина) : 40x57х5 см Уход за изделием Ежедневно очищайте обивку чистой тканью, смоченной мыльным раствором. Не используйте абразивные моющие средства. Для очистки можно также использовать спиртовой раствор. При использовании 95% спирта разбавьте его дистиллированной водой, процентное соотношение 1:20. При использовании 75% спирта разбавьте его дистиллированной водой в процентном соотношении 1:8. После использования спиртового раствора незамедлительно промойте поверхность водой и протрите сухой тканью. Не допускайте высыхание спиртового раствора на обивке, так как это может привести к повреждению материалов. Использование агрессивных дезинфицирующих средств или неправильная эксплуатация матраса, которая приводит к изменению цвета или структуры материала, не подлежит гарантийной замене.",https://mercury-dent.pro/upload/iblock/561/ff27r23gnoipdyvqytxe5y7zfa1ys3eg.jpg,17,BRAND_OBSERVED_AT_KAZAKHSTAN_RETAILER,KZ_SKU_EVIDENCE_REQUIRED,https://mercury-dent.pro/catalog/matrasy/matras-s-pamyatyu-formy-mercury/
MERCURY-YKS-CB-H,Mercury,Mercury Dental Equipment,Микробластер навесной на кресло,YKS-CB-H,YKS-CB-H,Микробластер навесной на кресло,1,Стоматологические наконечники,,https://mercury-dent.pro/upload/iblock/b52/7g19lh0fk0sdbgq3vid337dqnf9gg4z1.jpg,5,BRAND_OBSERVED_AT_KAZAKHSTAN_RETAILER,KZ_SKU_EVIDENCE_REQUIRED,https://mercury-dent.pro/catalog/stomatologicheskie-nakonechniki/peskostruynye-nakonechniki/microblaster-navesnoy-na-kreslo/
MERCURY-ND-A004647,Mercury,Mercury Dental Equipment,Микромотор пневматический Mercury 1000 с наружным охлаждением,ND-A004647,ND-A004647,1000 с наружным охлаждением,1,Микромоторы,"Предназначен для использования в бормашинах и стоматологических установках в качестве привода стоматологических низкоскоростных наконечников. Подача водяной струи для охлаждения бора в наконечнике происходит с наружной подачи воды на наконечник. Мощный Двигатель Mercury 1000 на пневматической основе устанавливается в наконечник и делает его более функциональным. Он может разгоняться до 27 000 оборотов в минуту при давлении воздуха в 392 кПа. С пневмодвигателем Mercury 1000 ваш наконечник станет еще более качественным и эффективным. Надежный Пневмодвигатель изготовлен из металла высокого качества, картридж внутри отличается высокой производительностью и продолжительным сроком эксплуатации. Пневмодвигатель продлит срок службы наконечника и обеспечит ему надежную и долгую работу без потери качества. Скорость вращения мотора: 22000 об/мин: при давлении воздуха 245 КПа (2,5 кгс/см 2 ) 25000 об/мин: при давлении воздуха 294 КПа (3,0 кгс/см 2 ) 27000 об/мин: при давлении воздуха 392 КПа (2,5 кгс/см 2 ) Потребление воздуха: 42 л/мин при давлении 245 КПа 51 л/мин при давлении 294 КПа 72 л/мин при давлении 392 КПа Уровень шума: не более 65 Дб Вес: 90 г",https://mercury-dent.pro/upload/iblock/0f4/upse6lii3qw5uunsc2k2uap274mx9ajn.jpg,2,BRAND_OBSERVED_AT_KAZAKHSTAN_RETAILER,KZ_SKU_EVIDENCE_REQUIRED,https://mercury-dent.pro/catalog/mikromotory/mercury-1000-s-naruzhnym-okhlazhdeniem/
MERCURY-ND-A004654,Mercury,Mercury Dental Equipment,Микромотор пневматический Mercury 2000 с фиброоптикой,ND-A004654,ND-A004654,2000 с фиброоптикой,1,Микромоторы,"Предназначен для использования в бормашинах и стоматологических установках в качестве привода стоматологических низкоскоростных наконечников. Подача водяной струи для охлаждения бора в наконечнике происходит внутри самого пневмодвигателя. Фиброоптика Пневмодвигатель Mercury 2000 оснащен качественной фиброоптикой, что делает его одним из лучших двигателей для наконечников. Система освещения позволит улучшить качество работы. Светильник дает возможность отлично видеть рабочую область, при этом фиброоптика не расходует много энергии. Система охлаждения Устройство оснащено внутренней системой охлаждения, благодаря которой наконечник прослужит долгий срок службы. Так как максимальная скорость вращения мотора составляет 27 000 оборотов в минуту, охлаждение необходимо. Оно позволяет избежать перегрева и исключает риск получения ожога. Скорость вращения мотора: 22000 об/мин: при давлении воздуха 245 КПа (2,5 кгс/см 2 ) 25000 об/мин: при давлении воздуха 294 КПа (3,0 кгс/см 2 ) 27000 об/мин: при давлении воздуха 392 КПа (2,5 кгс/см 2 ) Потребление воздуха: 42 л/мин при давлении 245 КПа 51 л/мин при давлении 294 КПа 72 л/мин при давлении 392 КПа Уровень шума: не более 65 Дб Вес: 90 г",https://mercury-dent.pro/upload/iblock/93b/65p3ar9b980e9laqh9rg6px54acd2fs7.jpg,5,BRAND_OBSERVED_AT_KAZAKHSTAN_RETAILER,KZ_SKU_EVIDENCE_REQUIRED,https://mercury-dent.pro/catalog/mikromotory/mercury-2000-s-fibrooptikoy/
MERCURY-ND-A004648,Mercury,Mercury Dental Equipment,Микромотор пневматический Mercury 2000 c внутренним охлаждением,ND-A004648,ND-A004648,2000 c внутренним охлаждением,1,Микромоторы,"Предназначен для использования в бормашинах и стоматологических установках в качестве привода стоматологических низкоскоростных наконечников. Подача водяной струи для охлаждения бора в наконечнике происходит внутри самого пневмодвигателя. Система охлаждения Охлаждение — одна из наиболее важных систем в работе стоматологических наконечников. Это делает микромотор Mercury 2000 по-настоящему ценным. Его конструкция предусматривает встроенную систему охлаждения, подача струи воды происходит внутри двигателя. Это обеспечивает долгий срок службы наконечника и исключает риск перегрева инструмента. Высокая мощность Максимальная скорость работы пневмодвигателя достигает 27 000 оборотов в минуту. Устройство может иметь разные уровни скорости в зависимости от давления воздуха, что делает его не только мощным, но и универсальным. Благодаря ему наконечник сможет применяться во множестве сфер стоматологии. Скорость вращения мотора: 22000 об/мин: при давлении воздуха 245 КПа (2,5 кгс/см 2 ) 25000 об/мин: при давлении воздуха 294 КПа (3,0 кгс/см 2 ) 27000 об/мин: при давлении воздуха 392 КПа (2,5 кгс/см 2 ) Потребление воздуха: 42 л/мин при давлении 245 КПа 51 л/мин при давлении 294 КПа 72 л/мин при давлении 392 КПа Уровень шума: не более 65 Дб Вес: 90 г",https://mercury-dent.pro/upload/iblock/f59/cqo8a24tcyjmn7cpo5suwkxfin6xmoky.jpg,2,BRAND_OBSERVED_AT_KAZAKHSTAN_RETAILER,KZ_SKU_EVIDENCE_REQUIRED,https://mercury-dent.pro/catalog/mikromotory/mercury-2000-c-vnutrennim-okhlazhdeniem/
MERCURY-ND-A005688,Mercury,Mercury Dental Equipment,Микроскоп Mercury АСОМ 520Д,ND-A005688,ND-A005688,АСОМ 520Д,1,Микроскопы,Ручки с кнопками управлением. Встроенная HDMI камера,https://mercury-dent.pro/upload/iblock/e65/d7npvfx90j8s0nn7m5kmvq2r6motfpf0.jpg,11,BRAND_OBSERVED_AT_KAZAKHSTAN_RETAILER,KZ_SKU_EVIDENCE_REQUIRED,https://mercury-dent.pro/catalog/mikroskopy/mercury-asom-520d/
MERCURY-ND-A005692,Mercury,Mercury Dental Equipment,Микроскоп Mercury Виста ПРО настольный,ND-A005692,ND-A005692,Виста ПРО настольный,1,Микроскопы,"Микроскоп стал неотъемлемой частью стоматологического кабинета. Mercury Vista Pro - это новое качество в мировой стоматологии. Преимущества микроскопа Mercury Vista Pro Вариообъектив F=200-455 мм . Кронштейн для монитора в подарок . Регулировка межзрачкового расстояния 50-75 мм. Плавная система увеличения 1.86x-20x . Поворотный бинокулярный тубус с регулировкой угла наклона от 0 до 210 градусов. Окуляры с увеличением 12,5x обеспечивают комфортное общее увеличение микроскопа. Светодиодная подсветка до 70 000 люкс . Светофильтры: желтый, зеленый . Большая область визуализации до 120 мм делает диагностику и лечение более эффективными и удобными.",https://mercury-dent.pro/upload/iblock/f93/jxys2xw8fmldokl9d8ueyabpj1jwdofg.jpg,6,BRAND_OBSERVED_AT_KAZAKHSTAN_RETAILER,KZ_SKU_EVIDENCE_REQUIRED,https://mercury-dent.pro/catalog/mikroskopy/mercury-vista-pro-nastolnyy/
MERCURY-ND-A007246,Mercury,Mercury Dental Equipment,Микроскоп Mercury Мета ПРО,ND-A007246,ND-A007246,Мета ПРО,1,Микроскопы,Превосходная оптика Четкость и прозрачность Сделано в Германии (SHOTT) Многослойное антибликовое покрытие Бинокуляр Наклон: 0-180 градусов Окуляры с широким полем Регулировка межзрачкового расстояния Четкое видение Вариоскоп Рабочее расстояние 200-300 мм Ручка легко вращается Мгновенная фокусировка Объектив Увеличение 4.2х-27х Удобная ручка регулировки Встроенный светодиод со сроком службы более 75 000 часов 4К Камера Разрешение 4К Совместима с микроскопами всех брендов на рынке Фото и видеосъемка Результаты сохраняются на карту памяти Балансир обновленной конструкции Можно держать и управлять одной рукой Можно настроить на тугое или свободное движение Длинный рычаг увеличивает рабочее пространство Скрытые кабели делают микроскоп изящнее,https://mercury-dent.pro/upload/iblock/291/xvb7dgt2ezr0xi0uc0mg4mw3uazmjij7.jpg,11,BRAND_OBSERVED_AT_KAZAKHSTAN_RETAILER,KZ_SKU_EVIDENCE_REQUIRED,https://mercury-dent.pro/catalog/mikroskopy/mercury-meta-pro/
MERCURY-ND-A006168,Mercury,Mercury Dental Equipment,Мобильная рабочая станция Mercury 550,ND-A006168,ND-A006168,550,1,Стоматологические установки,"Независимая стоматологическая станция на 5 инструментов. Оснастите любое пространство профессиональным местом врача за пару минут. Рабочая станция Mercury 550 — это готовое, полностью автономное рабочее место стоматолога. Она не требует встраивания или стационарного монтажа. Просто подключите к розетке — и вы получаете полноценный стоматологический блок с нижней подачей на 5 инструментов, который можно установить в любом кабинете. Идеальное решение для гибкости клиники. Полная автономность нижняя подача на 5 инструментов; автономная подача воды (1 бутыль); питание от розетки 220В — установите где угодно, не зависит от центральных систем клиники. Удобное управление всё управление через одну педаль (движение станции, работа инструментов); широкий стол для размещения инструментов. Эргономика и концентрация: не нужно тянуться к столику — всё под ногой. Просторная поверхность позволяет удобно организовать материалы и инструменты. Надёжная комплектация 3 шланга с разъёмом Midwest; пистолет вода-воздух в комплекте; манёвренные колёса со стопперами, которые надёжно фиксируют станцию; прочная стальная конструкция гарантирует устойчивость и долгий срок службы Регулируемая эргономика Высота стола регулируется от 76 до 96 см — подстройка под любого врача. В базе есть все необходимое для приема: нижняя подача на 5 инструментов, автономная подача воды (1 бутыль), удобная педаль управления, столик для инструментов, 3 шланга с разъёмом Midwest и пистолет вода-воздух.",https://mercury-dent.pro/upload/iblock/c70/0sb840jns8l3h02gmcxmlghpipjx6eu8.jpg,1,BRAND_OBSERVED_AT_KAZAKHSTAN_RETAILER,KZ_SKU_EVIDENCE_REQUIRED,https://mercury-dent.pro/catalog/stomatologicheskie-ustanovki/mobilnaya-rabochaya-stantsiya-mercury-550/
MERCURY-ND-A004673,Mercury,Mercury Dental Equipment,Набор насадок для ирригатора НФ-8,ND-A004673,ND-A004673,Набор насадок для ирригатора НФ-8,1,Ирригаторы,В набор входят 6 насадок Стандартная (2 шт) Назальная (1 шт) Ортодонтическая (1 шт) Пародонтальная (1 шт) Для чистки языка (1 шт),https://mercury-dent.pro/upload/iblock/a03/c3ppwd1mgksfiivrj3fjbqg1tkipooku.jpg,2,BRAND_OBSERVED_AT_KAZAKHSTAN_RETAILER,KZ_SKU_EVIDENCE_REQUIRED,https://mercury-dent.pro/catalog/irrigatory/nabor-nasadok-dlya-irrigatora-hf-8-whisper/
MERCURY-ND-A006531,Mercury,Mercury Dental Equipment,Накидка для детского приема,ND-A006531,ND-A006531,Накидка для детского приема,1,Матрасы для стоматологических кресел,,https://mercury-dent.pro/upload/iblock/198/95xz93s86g3pwif0wa12lrr1trn9n8i7.jpg,4,BRAND_OBSERVED_AT_KAZAKHSTAN_RETAILER,KZ_SKU_EVIDENCE_REQUIRED,https://mercury-dent.pro/catalog/matrasy/nakidka-dlya-detskogo-priema/
MERCURY-ND-A004456,Mercury,Mercury Dental Equipment,Одноразовый турбинный наконечник,ND-A004456,ND-A004456,Одноразовый турбинный наконечник,1,Стоматологические наконечники,"Быстросъемное соединение Безопасный Главное преимущество одноразового наконечника в том, что он помогает избежать заражения перекрестной инфекцией после предыдущего пациента. Более того, такие наконечники помогают хорошо сэкономить, так как не требуют дополнительного обслуживания и имеют весьма демократичную цену. Мощный Одноразовый турбинный наконечник может развивать скорость до 380 000 оборотов в минуту, благодаря чему он поможет добиться эффективного и быстрого результата. Он имеет быстросъемный тип соединения, благодаря чему такой наконечник очень мобильный и универсальный.",https://mercury-dent.pro/upload/iblock/4a4/5abb654c2p70djkfqit5i3t2e1fviceh.jpg,1,BRAND_OBSERVED_AT_KAZAKHSTAN_RETAILER,KZ_SKU_EVIDENCE_REQUIRED,https://mercury-dent.pro/catalog/stomatologicheskie-nakonechniki/odnorazovye-nakonechniki/odnorazovyy-turbinnyy-nakonechnik/
MERCURY-ND-A004441,Mercury,Mercury Dental Equipment,Одноразовый турбинный наконечник TX-122,ND-A004441,ND-A004441,Одноразовый турбинный наконечник TX-122,1,Стоматологические наконечники,"Одноразовые турбинные наконечники имеют несколько несомненных плюсов: Уменьшается риск возникновения перекрестных инфекций Не требуют постоянного технического обслуживания и просты в использовании Стоимость значительно ниже аналогов Модель TX-122 имеет два ярких цвета, которые разнообразят красками вашу ежедневную деятельность и прием пациента",https://mercury-dent.pro/upload/iblock/9dc/usx4vbqps6nirb9t3cftf89b7q1he7q6.jpg,2,BRAND_OBSERVED_AT_KAZAKHSTAN_RETAILER,KZ_SKU_EVIDENCE_REQUIRED,https://mercury-dent.pro/catalog/stomatologicheskie-nakonechniki/odnorazovye-nakonechniki/odnorazovyy-turbinnyy-nakonechnik-tx-122/
MERCURY-KAVO-S-FIBROOPTIKOY,Mercury,Mercury Dental Equipment,Переходник МУЛЬТИФЛЕКС на наконечник КАВО с фиброоптикой,,,Переходник МУЛЬТИФЛЕКС на наконечник КАВО с фиброоптикой,1,Стоматологические наконечники,"Переходник имеет стандартные соединения, позволяющие подключать его ко многим наконечникам, благодаря чему он очень универсален. Более того, он оснащен фиброоптикой, что значительно увеличивает качество работы. Он имеет удобные габариты и, к тому же — быстросъемный, что увеличивает его мобильность.",https://mercury-dent.pro/upload/iblock/a8b/1wz2z3sctrokw9qk9xpcwqckx074clxr.jpg,2,BRAND_OBSERVED_AT_KAZAKHSTAN_RETAILER,MANUFACTURER_REFERENCE_REQUIRED,https://mercury-dent.pro/catalog/stomatologicheskie-nakonechniki/vysokoskorostnye-nakonechniki/kavo-s-fibrooptikoy/
MERCURY-ND-A004444,Mercury,Mercury Dental Equipment,Пескоструйный наконечник ТДР-II,ND-A004444,ND-A004444,Пескоструйный наконечник ТДР-II,1,Стоматологические наконечники,"Легкость замены рабочей головки. Встроенный фильтр, препятствующий попаданию песка в стоматологическую установку. Возможна вакуумная стерилизация при температуре 121 Порошок и абразивы приобретаются отдельно! Универсальное устройство Насадка имеет тип соединения В2 или М4. То есть инструмент совместим с большим количеством установок. Его универсальность также подтверждает широкая сфера применения инструмента. Он применяется для удаления налета, мягких отложений и поверхностных пятен с зубов. Благодаря этому он может применяться для подготовки к пломбированию, цементации пломб, а также для подготовки зубов к нанесению композитных восстанавливающих составов. Мощный инструмент Насадка TDP-II отлично выполняет свою функцию в режиме непрерывной работы. Рабочее давление воздуха составляет 3,5-4,5 бар. При этом подача воды может достигать 80 мл/мин. Это гарантирует качественную работу и отличные очищающий эффект. Конструкция насадки дает возможность поворачивать её во время работы вплоть до 60 градусов для более комфортной очистки. Надежность Корпус наконечника выполнен из металла. Это означает, что инструмент обладает повышенной ударостойкостью и стойкостью к царапинам. Более того, его можно автоклавировать при максимальной температуре 135°С. На устройстве установлен специальный фильтр, который не даст песку попасть в установку.",https://mercury-dent.pro/upload/iblock/870/003uwq1pdtz073dg0uya3r332xpzt9bx.jpg,1,BRAND_OBSERVED_AT_KAZAKHSTAN_RETAILER,KZ_SKU_EVIDENCE_REQUIRED,https://mercury-dent.pro/catalog/stomatologicheskie-nakonechniki/peskostruynye-nakonechniki/peskostruynyy-nakonechnik-tdp-ii-metall/
MERCURY-ND-A004440,Mercury,Mercury Dental Equipment,Повышающий наконечник Mercury 333 1:5 с внутренней водой и фиброоптикой,ND-A004440,ND-A004440,333 1:5 с внутренней водой и фиброоптикой,1,Стоматологические наконечники,"Превосходная режущая способность и отличный захват, тонкий эргономичный дизайн и мощная режущая способность при бесшумной работе. Угловые наконечники серии Mercury 333 обеспечивают простой доступ к нужному участку. Это надежные инструменты с прекрасной балансировкой и эргономичным дизайном, созданные для работы без компромиссов. Преимущества Корпус из нержавеющей стали Кнопочный зажим для комфортной смены бора Система очистки головки для снижения инфекционного проникновения Эргономичный изогнутый корпус - идеальный угол наклона головки в любом обрабатываемом месте Микрофильтр Комфортная стерилизация Бесшумная работа без вибраций Керамические подшипники Оптика из сотообразного стекла Наконечник прослужит дольше После использования тщательно промойте его под проточной водой. Продуйте смазывающей жидкостью , пока через наконечник не пойдет чистая смазка. Обработайте наконечник в устройстве смазки наконечников Эргономичная форма Наконечник Mercury 333 имеет очень эргономичную форму, благодаря чему облегчен доступ к рабочей зоне и увеличена видимость. Также его форма предполагает комфортную работу в труднодоступных местах полости рта. Даже при сильном наклоне инструмента он не потеряет эффективности и будет быстро и качественно полировать и очищать рабочую зону. Множество модификаций Одно из главных достоинств наконечника — качественная фиброоптика, благодаря которой процесс работы будет очень удобным и эффективным. Фиброоптика хорошо освещает рабочую площадь, потребляет мало энергии и не слепит глаза. А в качестве охлаждения в наконечник Mercury 333 встроен четырехточечных спрей, который обеспечит высокий уровень охлаждения, позволив избежать риска перегрева и получения ожога. Высокая мощность Особенность повышающего наконечника Mercury 333 состоит в том, что, что скорость вращения бора здесь значительно выше, чем скорость вращения мотора. Это позволяет добиться очень эффективной и быстрой работы. Скорость вращения бора достигает рекордных 200 000 оборотов в минуту.",https://mercury-dent.pro/upload/iblock/833/odsydgy7epwbt0qjtj1l34elxanc9e44.jpg,6,BRAND_OBSERVED_AT_KAZAKHSTAN_RETAILER,KZ_SKU_EVIDENCE_REQUIRED,https://mercury-dent.pro/catalog/stomatologicheskie-nakonechniki/nakonechniki-s-povysheniem-mercury/mercury-333-1-5-s-fibrooptikoy/
MERCURY-ND-A006184,Mercury,Mercury Dental Equipment,Подушка подголовника Mercury (Anya),ND-A006184,ND-A006184,(Anya),1,Матрасы для стоматологических кресел,,https://mercury-dent.pro/upload/iblock/21f/76c0t7avfl73g1ssu664nz8o7am78idv.jpg,2,BRAND_OBSERVED_AT_KAZAKHSTAN_RETAILER,KZ_SKU_EVIDENCE_REQUIRED,https://mercury-dent.pro/catalog/matrasy/podushka-podgolovnika-mercury-anya/
MERCURY-ND-A004707,Mercury,Mercury Dental Equipment,Полимеризационная лампа Mercury ЖР-СЛ17 (2013),ND-A004707,ND-A004707,ЖР-СЛ17 (2013),1,Полимеризационные лампы,,https://mercury-dent.pro/upload/iblock/068/rm3z3a8aaxa42bp03gttcmtrxbwdxzc2.jpg,5,BRAND_OBSERVED_AT_KAZAKHSTAN_RETAILER,KZ_SKU_EVIDENCE_REQUIRED,https://mercury-dent.pro/catalog/polimerizatsionnye-lampy/mercury-jr-cl17-2013/
MERCURY-ND-A004708,Mercury,Mercury Dental Equipment,Полимеризационная лампа Mercury ЖР-СЛ17 (2013) встраиваемая,ND-A004708,ND-A004708,ЖР-СЛ17 (2013) встраиваемая,1,Полимеризационные лампы,"Три режима работы: полная мощность, нарастающий и пульсирующий. Временные настройки: 5с-40с , последняя настройка запоминается автоматически. В блоке управления процессом использованы кристаллы из США, что гарантирует стабильную производительность. Кнопки OMRAN из Японии со сроком службы 10 лет . Оптоволоконный наконечник с высокой артикуляцией. Напрямую подключается к источнику питания 24 В, легко установить .",https://mercury-dent.pro/upload/iblock/1ad/c8i9lpx6gh7omf7auqlbpz7g3rs3klj9.jpg,1,BRAND_OBSERVED_AT_KAZAKHSTAN_RETAILER,KZ_SKU_EVIDENCE_REQUIRED,https://mercury-dent.pro/catalog/polimerizatsionnye-lampy/mercury-jr-cl17-2013-vstraivaemaya/
MERCURY-MERCURY-JR-CL17-CLASSIC,Mercury,Mercury Dental Equipment,Полимеризационная лампа Mercury ЖР-СЛ17(классик),,,ЖР-СЛ17(классик),1,Полимеризационные лампы,"Три рабочих режима: полная мощность, нарастающий и пульсирующий. Рукоятка полностью изготовлена из алюминиевого сплава, более долговечна. Постоянная интенсивность света на выходе, которая не зависит от заряда батареи. Все время работы интенсивность света остается постоянной. Три регулируемых значения интенсивности света: 800, 1000, 1200 мВт/см². Высокая эффективность скорости обмена от электричества к свету, при полном заряде можно использовать более 200 раз непрерывно . Настройки времени: 5с, 10с, 15с, 20с, 25с, 30с, 35с, 40с, последняя настройка запоминается автоматически. Проводной вариант можно использовать со стоматологической установкой. Время работы в режиме ожидания может достигать 1 года . При использовании качественной батареи срок службы может составлять 3-5 лет . Используется световод из ГЕРМАНИИ. Используются кристаллы ИС с высокой производительностью из США. Супербыстрая зарядка , для полного заряда нужно всего 1,5 часа .",https://mercury-dent.pro/upload/iblock/597/ugw1drlgtqgnob5iszocfjgxuqpg73if.jpg,2,BRAND_OBSERVED_AT_KAZAKHSTAN_RETAILER,MANUFACTURER_REFERENCE_REQUIRED,https://mercury-dent.pro/catalog/polimerizatsionnye-lampy/mercury-jr-cl17-classic/
MERCURY-ND-A004706,Mercury,Mercury Dental Equipment,Полимеризационная лампа Mercury ЖР-СЛ37,ND-A004706,ND-A004706,ЖР-СЛ37,1,Полимеризационные лампы,"Четыре режима работы: нарастающая мощность, пульсирующий и режим предварительного нагрева (первые 10 секунд с 50% выходной мощностью, остальное время с полной мощностью). Постоянная интенсивность света на выходе, которая не зависит от заряда батареи. Все время работы интенсивность света остается постоянной. При полном заряде можно использовать более 200 раз непрерывно. Разные временные интервалы: 5с, 10с, 15с, 20с, 25с, 30с, 35с, 40с. При использовании качественного аккумулятора, срок службы может составлять 3-5 лет . Используются кристаллы ИС с высокой производительностью из США. Длительное время работы в режиме ожидания, может достигать 1 года . Малое время зарядки , для полного заряда требуется всего 1,5 часа .",https://mercury-dent.pro/upload/iblock/de0/7smagb0diwimdhhj8tsnxzqmoolwdx37.jpg,1,BRAND_OBSERVED_AT_KAZAKHSTAN_RETAILER,KZ_SKU_EVIDENCE_REQUIRED,https://mercury-dent.pro/catalog/polimerizatsionnye-lampy/mercury-jr-cl37/
MERCURY-ND-A004709,Mercury,Mercury Dental Equipment,Полимеризационная лампа Mercury ЖР-СЛ37H (супер интенсивный свет),ND-A004709,ND-A004709,ЖР-СЛ37H (супер интенсивный свет),1,Полимеризационные лампы,"Полимеризационная лампа с функцией детектора кариеса. Высокая мощность 10 Вт при интенсивности света до 2500 мВт/см 2 . Кристаллы из США 4 в 1 для светодиодных ламп (3 для синей и 1 для фиолетовой). Широкий спектр, подходит для многих видов зубных композитов (особенно новый композитный материал), диапазон длин волны: 385-515 нм. Вращающаяся на 360° металлическая головка лампы , которая обеспечивает облучение каждого зуба. Отсутствие необходимости широко открывать рот во время операции добавляет удобства пациентам. Супербыстрая зарядка , для полного заряда нужно всего 1,5 часа . LED лампочка, главный блок и зарядный блок, все с применением американских чипов с отличной производительностью. Батарея со сроком службы 3-5 лет . Постоянная интенсивность света, не зависит от напряжения батареи. Обтекаемый эргономичный дизайн рукоятки, отлично подходит под форму руки, легче и удобнее держать. Два режима полимеризации Режим сильного света: Время на выбор: 1с, 3с, может облучать 2мм полимер. Интенсивность света до 2500 мВт/см 2 . Подходит для ортодонтии, особенно фарфоровые виниры. Режим нормальной полимеризации: Время на выбор: 5с, 10с, 15с, 20с. Интенсивность света до 1600 мВт/см 2 . Во время зарядки нельзя снимать металлический наконечник (световод) и нажимать кнопку ON/OFF, так как это может привести к тому, что лампа блокируется и для ее разблокировки потребуется извлечь аккумулятор и подключить его снова.",https://mercury-dent.pro/upload/iblock/322/jwxcv8dk0e9yotb3i72eb98v19zd5s0e.jpg,1,BRAND_OBSERVED_AT_KAZAKHSTAN_RETAILER,KZ_SKU_EVIDENCE_REQUIRED,https://mercury-dent.pro/catalog/polimerizatsionnye-lampy/mercury-jr-cl37h-super-intensivnyy-svet/
MERCURY-ND-A004659,Mercury,Mercury Dental Equipment,Портативный бесщеточный микромотор Mercury 600EM,ND-A004659,ND-A004659,600EM,1,Микромоторы,"Универсальный электромотор Микромотор Mercury STAR 600EM отлично подходит для работы как с турбинными, так и с повышающими и понижающими наконечниками. Для этого в панель управления устройства встроены специальные режимы, позволяющие быстро переключаться между ними. Благодаря этому микромотор не только очень универсальное, но также и мобильное устройство. Легкость управления Электромотор может развивать скорость вращения от 2000 до 40 000 оборотов в минуту. Устройство оснащено возможностью точно выставлять нужные параметры. Для этого в комплекте с микромотором идет панель управления с сенсорными кнопками и удобным экраном. Благодаря этому вы можете без проблем переключаться между режимами и полностью контролировать процесс работы. Эргономичность и надежность Электромотор Mercury STAR 600EM выполнен из нержавеющей стали, что обеспечивает ему высокую ударостойкость и продолжительный срок службы. Все детали устройства легко подключаются к установке. Блок управления имеет эргономичные габариты, позволяющие удобно размещать его в любом удобном месте. При работе устройство работает с комфортным уровнем шума, не превышающем 60 дБ. Современные технологии Электрический мотор отличается от пневматического тем, что в нем отсутствует система щеточно-коллекторного узла. Механизм приводится в движение не потоком воздуха, а электричеством. Особенности конструкции устройства позволили решить важную проблему вентиляции и охлаждения. Теперь на это не нужно тратить дополнительные средства и время.",https://mercury-dent.pro/upload/iblock/5df/rc1397k42zjehocalq69c3y7uuyc9r63.jpg,8,BRAND_OBSERVED_AT_KAZAKHSTAN_RETAILER,KZ_SKU_EVIDENCE_REQUIRED,https://mercury-dent.pro/catalog/mikromotory/mercury-star-600em/
MERCURY-ND-A004420,Mercury,Mercury Dental Equipment,Прямой наконечник Mercury 777 с внутренней водой,ND-A004420,ND-A004420,777 с внутренней водой,1,Стоматологические наконечники,"Широкая сфера применения Наконечник Mercury 777 относится к прямым, что означает, что он может применяться во множестве сфер, так как обладает рядом преимуществ. Особенности его конструкции позволяют оказывать повышенное давление на режущий инструмент. При этом возможность появления вибрации значительно ниже. Кроме этого такие наконечники хорошо подходят для изготовления имплантов и протезов. Функциональность Для охлаждения используется наружная система подачи воды. Максимальная скорость вращения бора составляет 40 000 оборотов в минуту, что является хорошим показателем для наконечников этого типа. Инструмент легко подсоединяется к установке, так как оснащен зажимным устройством с защелкой. Диаметр хвостовика для бора составляет 2,35 мм. Эргономика и удобство Низкоскоростной наконечник Mercury 777 имеет весьма эргономичные габариты. Корпус из нержавеющей стали отличается высокой прочностью и эстетичным внешним видом. При работе он не превышает уровень шума в 65 Дб, так что работать с ним приятно не только для глаз, но и для слуха.",https://mercury-dent.pro/upload/iblock/28f/45i7gsmiwbk52uzksdhzkus64z3lthh8.jpg,3,BRAND_OBSERVED_AT_KAZAKHSTAN_RETAILER,KZ_SKU_EVIDENCE_REQUIRED,https://mercury-dent.pro/catalog/stomatologicheskie-nakonechniki/nizkoskorostnye-nakonechniki/mercury-777/
MERCURY-ND-A004421,Mercury,Mercury Dental Equipment,Прямой наконечник Mercury 888 с внутренней водой,ND-A004421,ND-A004421,888 с внутренней водой,1,Стоматологические наконечники,"Охлаждение Система охлаждения — очень важный параметр стоматологического наконечника. В Mercury 888 эта система встроена внутрь устройства. Благодаря этому инструмент не требует дополнительных подключений к установке. Новые технологии позволили создать систему охлаждения, которая справляется со своей работой быстро и эффективно. Универсальность Прямой наконечник Mercury 888 отлично подходит для стоматологических работ любой сложности. Он незаменим для работ по изготовлению протезов и имплантов. Помимо этого, особенности его конструкции позволяют оказывать повышенное давление на режущий инструмент, без риска появления вибрации. Надежность Корпус наконечника Mercury 888 изготовлен из нержавеющей стали, что гарантирует не только прочность устройства, но и продолжительный срок его эксплуатации. Наконечник развивает скорость до 27 000 оборотов в минуту, его придаточное число равняется 1:1, так что с ним стоматологические работы будут быстрыми и эффективными.",https://mercury-dent.pro/upload/iblock/ae0/6op4965a1elt9djp157591dktjph41qc.jpg,4,BRAND_OBSERVED_AT_KAZAKHSTAN_RETAILER,KZ_SKU_EVIDENCE_REQUIRED,https://mercury-dent.pro/catalog/stomatologicheskie-nakonechniki/nizkoskorostnye-nakonechniki/mercury-888-s-vnutrennim-okhlazhdeniem/
MERCURY-ND-A004499,Mercury,Mercury Dental Equipment,Спрей-смазка БЕНДЕК (550 мл),ND-A004499,ND-A004499,Спрей-смазка БЕНДЕК (550 мл),1,Стоматологические наконечники,"Универсальная смазка высокого качества Смазка Bendechk пользуется большой популярностью у стоматологов, так как гарантирует качественный и продолжительный срок эксплуатации наконечников. При регулярной смазке подшипников ваш инструмент прослужит долгое время. Объем смазки — 550 мл. Одной банки хватит на долгий срок использования .",https://mercury-dent.pro/upload/iblock/99c/bevvvnktji7zb6gkh8z18r038g62dplc.jpg,1,BRAND_OBSERVED_AT_KAZAKHSTAN_RETAILER,KZ_SKU_EVIDENCE_REQUIRED,https://mercury-dent.pro/catalog/stomatologicheskie-nakonechniki/obsluzhivanie-nakonechnikov/sprey-smazka-bendechk-550-ml/
MERCURY-ND-A006195,Mercury,Mercury Dental Equipment,Стоматологическая установка Mercury 1000 верхняя подача,ND-A006195,ND-A006195,1000 верхняя подача,1,Стоматологические установки,"Уникальный и современный дизайн установки позволяет подобрать идеальное положение спинки и подголовника для каждого пациента, а мягкое кресло и подлокотники с элементами из фиброкожи максимально увеличивают комфорт. Два удобных стула для стоматологов с эргономичным сиденьем и спинкой. Сенсорная панель на модуле врача и модуле ассистента, диодная подсветка. 9 программируемых положений Декоративные элементы стола ассистента и гидроблока выполнены из крепкого орг стекла под цвет обивки кресла, всего в наличии 4 цвета: зеленый, синий, красный, черный. Модуль ассистента на 4 инструмента, встроенная полимеризационная лампа. Диодный светильник мощностью 7 000-55 000 с функцией регулировки температуры света. Многофункциональная педаль управления выполнена из литой формы, которая придает ей устойчивости при управлении. Стеклянная плевательница, поворотная. Бесшумный мощный мотор кресла. Набор наконечников из 3 предметов под цвет установки. Аэрфло. Держатель монитора приобретается отдельно .",https://mercury-dent.pro/upload/iblock/942/kawkp3fsr6fbum6od9lrkyrw81jgal2z.jpg,11,BRAND_OBSERVED_AT_KAZAKHSTAN_RETAILER,KZ_SKU_EVIDENCE_REQUIRED,https://mercury-dent.pro/catalog/stomatologicheskie-ustanovki/mercury-1000-verkhnyaya-podacha/
MERCURY-ND-A006196,Mercury,Mercury Dental Equipment,Стоматологическая установка Mercury 1000 нижняя подача,ND-A006196,ND-A006196,1000 нижняя подача,1,Стоматологические установки,"Стандартная комплектация Уникальный и современный дизайн установки позволяет подобрать идеальное положение спинки и подголовника для каждого пациента, а мягкое кресло и подлокотники с элементами из фиброкожи максимально увеличивают комфорт. Два удобных стула для стоматологов с эргономичным сиденьем и спинкой. Сенсорная панель на модуле врача и модуле ассистента, диодная подсветка. 9 программируемых положений Декоративные элементы стола врача, стола ассистента и гидроблока выполнены из крепкого орг стекла под цвет обивки кресла, всего в наличии 4 цвета: зеленый, синий, красный, черный. Модуль ассистента на 4 инструмента, встроенная полимеризационная лампа. Диодный светильник сочетает два вида освещения: теплый и холодный свет. Многофункциональная педаль управления выполнена из литой формы, которая придает ей устойчивости при управлении. Стеклянная плевательница, расположенная на поворотном гидроблоке. Бесшумный мощный мотор кресла. Набор наконечников из 3 предметов под цвет установки. Аэрфло. Держатель монитора приобретается отдельно.",https://mercury-dent.pro/upload/iblock/149/ahuuydp1lbrr85j2soxburc2znyxv3xb.jpg,14,BRAND_OBSERVED_AT_KAZAKHSTAN_RETAILER,KZ_SKU_EVIDENCE_REQUIRED,https://mercury-dent.pro/catalog/stomatologicheskie-ustanovki/mercury-1000-nizhnyaya-podacha/
MERCURY-ND-A006190,Mercury,Mercury Dental Equipment,Стоматологическая установка Mercury 330 люкс,ND-A006190,ND-A006190,330 люкс,1,Стоматологические установки,"Поворотная керамическая плевательница. Автоматическое омывание плевательницы и наполнение стакана. Модуль врача на 5 инструментов. Современная сенсорная бронированная панель на модуле врача. Три программируемых положения. Управление плевательницей, подогревом воды, наполнением стакана. Подогрев пистолета вода/воздух. Блокировка движения кресла при использовании инструмента. Модуль ассистента на 4 инструмента с пистолетом вода-воздух, пылесосом, слюноотсосом и полимеризационной лампой. Электромеханическое кресло с двумя подлокотниками. Стул врача. Стул ассистента. 6-диодный светильник с максимальной мощностью 36 000 люкс с возможностью изменения температуры света до 5000К.",https://mercury-dent.pro/upload/iblock/a7d/9xa2nuwgxdxxlpq5uvss474rb96d2yzx.jpg,21,BRAND_OBSERVED_AT_KAZAKHSTAN_RETAILER,KZ_SKU_EVIDENCE_REQUIRED,https://mercury-dent.pro/catalog/stomatologicheskie-ustanovki/mercury-330-lyuks/
MERCURY-ND-A006199,Mercury,Mercury Dental Equipment,Стоматологическая установка Mercury 330 стандарт верхняя подача,ND-A006199,ND-A006199,330 стандарт верхняя подача,1,Стоматологические установки,"Эргономичная бесшовная обивка, кнопочное управление и диодный светильник. Необходимая базовая комплектация по максимально доступной цене. Модуль врача 6 инструментов с поворотным блоком холдеров; блок управления креслом и плевательницей; автоматическое омывание плевательницы и наполнение стакана, подогрев воды; исходное положение кресла; пистолет вода-воздух; 3 турбинных шланга М4; металлический пантограф с пневмотормозом; негатоскоп. Модуль ассистента 3 инструмента; блок управления креслом и плевательницей; пылесос и слюноотсос эжекторного типа; пистолет вода-воздух. Компактный гидроблок поворотная съемная керамическая плевательница; импортные шланги; плата гидроблока в защитном корпусе. Кресло бесшовная обивка кресла эргономичной формы для комфортной посадки; бесшумный двигатель 24В; грузоподъемность 180 кг; электромеханический привод, максимально низкое положение - 49 см, максимально высокое положение - 80 см; два подлокотника, правый откидной. 2 стула с абдоминальным упором в комплекте. Светильник диодный от 5 000 до 35 000 люкс; сенсорное управление. Педаль Управление креслом, плевательницей и инструментами",https://mercury-dent.pro/upload/iblock/700/ve8xn7og57qrmdopmto2j79z3eqy8okg.jpg,17,BRAND_OBSERVED_AT_KAZAKHSTAN_RETAILER,KZ_SKU_EVIDENCE_REQUIRED,https://mercury-dent.pro/catalog/stomatologicheskie-ustanovki/mercury-330-standart-verkhnyaya-podacha/
MERCURY-ND-A006198,Mercury,Mercury Dental Equipment,Стоматологическая установка Mercury 330 стандарт нижняя подача,ND-A006198,ND-A006198,330 стандарт нижняя подача,1,Стоматологические установки,"Эргономичная бесшовная обивка, кнопочное управление и диодный светильник. Необходимая базовая комплектация по максимально доступной цене. Модуль врача 5 инструментов с поворотным блоком холдеров; блок управления креслом и плевательницей; автоматическое ополаскивание плевательницы и наполнение стакана, подогрев воды; исходное положение кресла; пистолет вода-воздух; 3 турбинных шланга М4; металлический пантограф с пневмотормозом; негатоскоп. Модуль ассистента 3 инструмента; блок управления креслом и плевательницей; пылесос и слюноотсос эжекторного типа; пистолет вода-воздух. Компактный гидроблок поворотная съемная керамическая плевательница; импортные шланги; плата гидроблока в защитном корпусе. Кресло бесшовная обивка кресла эргономичной формы для комфортной посадки; бесшумный двигатель 24В; грузоподъемность 180 кг; электромеханический привод, максимально низкое положение - 49 см, максимально высокое положение - 80 см; два подлокотника, правый откидной. 2 стула с абдоминальным упором в комплекте. Светильник диодный от 5 000 до 35 000 люкс; сенсорное управление. Педаль Управление креслом, плевательницей и инструментами",https://mercury-dent.pro/upload/iblock/a75/bzjsvjibb40f2dgtrpjwtmipnzx9g8o4.jpg,18,BRAND_OBSERVED_AT_KAZAKHSTAN_RETAILER,KZ_SKU_EVIDENCE_REQUIRED,https://mercury-dent.pro/catalog/stomatologicheskie-ustanovki/mercury-330-standart-nizhnyaya-podacha/
MERCURY-ND-A006193,Mercury,Mercury Dental Equipment,Стоматологическая установка Mercury 3600,ND-A006193,ND-A006193,3600,1,Стоматологические установки,"Новое широкое усиленное кресло. Эксклюзивная мягкая шовная обивка. Металлическая спинка кресла. Эжекционная система аспирации с увеличенными гофрированными шлангами 17 мм и 10 мм на пылесос и слюноотсос, для дальнейшей модернизации под вакуумную систему аспирации (Cattani, Mercury, MonoJet, Durr). О-образный модуль врача на 6 инструментов с легким доступом к регулировке инструментов Панель управления на 16 функций и 9 программируемых положений кресла. Дополнительный столик для инструментов из нержавеющей стали. 2 бутыли. 2 стула с мягкой спинкой. 8-диодный светильник с максимальной мощностью 30 000 люкс. Возможность изменения температуры света до 5000К . Модуль ассистента на 4 инструмента Набор наконечников из 4 предметов Встраиваемый скейлер Baolai C6 с подсветкой Встраиваемый бесщеточный микромотор Mercury STAR 200EM",https://mercury-dent.pro/upload/iblock/123/ea4t74zah6z4njdxvyb8rlc23vg70l89.jpg,16,BRAND_OBSERVED_AT_KAZAKHSTAN_RETAILER,KZ_SKU_EVIDENCE_REQUIRED,https://mercury-dent.pro/catalog/stomatologicheskie-ustanovki/mercury-3600/
MERCURY-ND-A006194,Mercury,Mercury Dental Equipment,Стоматологическая установка Mercury 4800,ND-A006194,ND-A006194,4800,1,Стоматологические установки,"Новое широкое усиленное кресло. Эксклюзивная мягкая шовная обивка. Металлическая спинка кресла. Эжекционная система аспирации с увеличенными гофрированными шлангами 17 мм и 10 мм на пылесос и слюноотсос, для дальнейшей модернизации под вакуумную систему аспирации (Cattani, Mercury, MonoJet, Durr). О-образный модуль врача на 6 инструментов с легким доступом к регулировке инструментов Панель управления на 16 функций и 9 программируемых положений кресла. Дополнительный столик для инструментов их нержавеющей стали. 2 бутыли. 2 стула с мягкой спинкой. 8-диодный светильник с максимальной мощностью 30 000 люкс. Возможность изменения температуры света до 5000К . Модуль ассистента на 4 инструмента",https://mercury-dent.pro/upload/iblock/09c/gecxv1v896j49f1v46lffzj59zf7u2a3.jpg,18,BRAND_OBSERVED_AT_KAZAKHSTAN_RETAILER,KZ_SKU_EVIDENCE_REQUIRED,https://mercury-dent.pro/catalog/stomatologicheskie-ustanovki/mercury-4800/
MERCURY-ND-A006192,Mercury,Mercury Dental Equipment,Стоматологическая установка Mercury 550 нижняя подача,ND-A006192,ND-A006192,550 нижняя подача,1,Стоматологические установки,"Mercury 550 — одна из самых популярных моделей в линейке бренда, которая уже заслужила доверие стоматологов по всей России. Улучшенные материалы, шланги и электроника положительно влияют на ресурс оборудования и комфорт ежедневной эксплуатации. Установка сочетает функциональность, продуманную комплектацию и современные инженерные решения Комплектация эжекторный тип аспирации; блок врача на 5 инструментов; пистолет «вода‑воздух», 3 турбинных шланга (1 М6 и 2 М4), 1 свободное место под встраиваемый мотор или скейлер; модуль ассистента на 4 инструмента; пылесос с шлангом увеличенного диаметра; пистолет вода-воздух; слюноотсос; 10‑диодный светильник с регулировкой цветовой температуры от 3000 до 5500 К; широкое кресло KAVO‑типа; 2 стула анатомической формы; 2 бутыли; многофункциональная педаль. Особенности выносной блок коммуникаций; раздельные штанги светильника и пантографа столика врача; система аспирации с наружным фильтром увеличенного размера. Обновленная версия Мы убеждены, что хорошее оборудование не может оставаться неизменным. Именно поэтому мы постоянно работаем с обратной связью врачей и совместно с заводами‑производителями совершенствуем оборудование, чтобы оно становилось удобнее, надёжнее и функциональнее в ежедневной практике. В обновлённой версии используются улучшенный пластик, улучшенные шланги и электроника, что положительно влияет на ресурс оборудования и комфорт ежедневной эксплуатации. Блок врача С поворотным холдером на 5 инструментов оснащён всем необходимым для полноценного приёма: пистолет вода-воздух; два шланга М4; один шланг М6; 1 свободное место для установки встраиваемого мотора или скейлера; интегрированный стол для инструментов со съемным аллюминиевым подносом; манометр для отслеживания рабочего давления; негатоскоп для просмотра рентгеновских снимков. Мембранная панель управления с физическими клавишами — интуитивно понятное управление креслом, плевательницей, подогревом воды и наполнением стакана. 9 программируемых положения кресла и положение Тренделенбурга; Блокировка движения кресла при использовании инструмента и исходное положение — одним нажатием. Блок ассистента Модуль ассистента рассчитан на 4 инструмента и обеспечивает эффективную работу в четыре руки: пылесос с шлангом увеличенного диаметра; пистолет вода-воздух; слюноотсос; кнопки для управления креслом, подогревом воды, подачей воды на плевательницу и в стакан. Свет Mercury 550 оснащается 10‑диодным светильником с сенсорным управлением и регулировкой цветовой температуры от 3000 до 5500 К. Кресло Обновлённая Mercury 550 отличается очень мягким ходом нового электромеханического привода. Широкая спинка 55 см KAVO-типа обеспечивает отличную посадку и комфорт пациента, обивка из мягких, износостойких материалов. Подголовник регулируется по 3 осям — есть возможность установить положение для детского приёма. 2 подлокотника: правый поворотный. Подарок при покупке В подарок к установкам бренда Mercury вы получаете: полимеризационную лампу ; комплект наконечников Mercury ; аэрфло .",https://mercury-dent.pro/upload/iblock/82c/u61o720f261819nff3tvb2pe3fhhg3q7.jpg,24,BRAND_OBSERVED_AT_KAZAKHSTAN_RETAILER,KZ_SKU_EVIDENCE_REQUIRED,https://mercury-dent.pro/catalog/stomatologicheskie-ustanovki/mercury-550/
MERCURY-ND-A006197,Mercury,Mercury Dental Equipment,Стоматологическая установка Mercury 550 с подкатным блоком,ND-A006197,ND-A006197,550 с подкатным блоком,1,Стоматологические установки,"Особенности Мобильный модуль врача на 5 инструментов с сенсорным управлением. Современная сенсорная бронированная панель на модуле врача. Три программируемых положения. Управление плевательницей, подогревом воды, наполнением стакана. Подогрев пистолета вода/воздух. Блокировка движения кресла при использовании инструмента. Новое кресло KAVO-типа (шире обычного). Благодаря измененному положению мотора подъема кресла грузоподъемность выросла до 190 кг . Система аспирации с наружным фильтром увеличенного размера для более глубокого и быстрого очищения под помпу (Wet-Line). Улучшенная система фильтрации с двумя бутылками для подачи дистиллированной воды; для очистки всей системы. Керамическая легкосъемная плевательница особой формы Встроенная полимеризационная лампа. Мощный светильник (30 000-90 000 люкс) с возможностью изменения температуры света. Набор наконечников из 4 предметов. Обновленная версия Мы убеждены, что хорошее оборудование не может оставаться неизменным. Именно поэтому мы постоянно работаем с обратной связью врачей и совместно с заводами‑производителями совершенствуем оборудование, чтобы оно становилось удобнее, надёжнее и функциональнее в ежедневной практике. В обновлённой версии используются улучшенный пластик, улучшенные шланги и электроника, что положительно влияет на ресурс оборудования и комфорт ежедневной эксплуатации. Блок врача Подкатной блок врача с поворотным холдером на 5 инструментов оснащён всем необходимым для полноценного приёма: пистолет вода-воздух; три шланга М4; 1 свободное место для установки встраиваемого мотора или скейлера; интегрированный стол для инструментов со съемным подносом из нержавеющей стали; манометр для отслеживания рабочего давления; негатоскоп для просмотра рентгеновских снимков; 9 программируемых положения кресла и положение Тренделенбурга; Мембранная панель управления с физическими клавишами — интуитивно понятное управление креслом, плевательницей, подогревом воды и наполнением стакана. Маневренный и устойчивый: легко передвигается и фиксируется где вам необходимо за счет стопоров на колесиках. Блокировка движения кресла при использовании инструмента и исходное положение — одним нажатием. Блок ассистента Модуль ассистента рассчитан на 4 инструмента и обеспечивает эффективную работу в четыре руки: пылесос с шлангом увеличенного диаметра; пистолет вода-воздух; слюноотсос; кнопки для управления креслом, подогревом воды, подачей воды на плевательницу и в стакан. Свет 26‑диодный светильник с регулируемой мощностью 30000－90000 люкс, сенсорным управлением и регулировкой цветовой температуры от 4000 до 5500 К. Кресло Обновлённая Mercury 550 отличается очень мягким ходом нового электромеханического привода. Широкая спинка 55 см KAVO-типа обеспечивает отличную посадку и комфорт пациента, обивка из мягких, износостойких материалов. Подголовник регулируется по 3 осям — есть возможность установить положение для детского приёма. 2 подлокотника: правый поворотный. Подарок при покупке В подарок к установкам бренда Mercury вы получаете: полимеризационную лампу ; комплект наконечников Mercury ; аэрфло .",https://mercury-dent.pro/upload/iblock/d51/qv2j0qymykzlrdygbo1rucrvnz50so15.jpg,24,BRAND_OBSERVED_AT_KAZAKHSTAN_RETAILER,KZ_SKU_EVIDENCE_REQUIRED,https://mercury-dent.pro/catalog/stomatologicheskie-ustanovki/mercury-550-s-podkatnym-blokom/
MERCURY-ND-A006540,Mercury,Mercury Dental Equipment,Стул ассистента Mercury B,ND-A006540,ND-A006540,B,1,Стоматологические стулья,"Стул врача имеет регистрационное удостоверение. Стул ассистента MERCURY B оснащен возможностью настраивать его положение в зависимости от индивидуальных особенностей человека. В первую очередь это касается спинки, которая может отклоняться на довольно большой угол. Также есть возможность регулировать высоту кресла по вертикали, в следствие чего стул подойдет для людей разного роста. Соединительные детали выполнены из нержавеющей стали, а при производстве сиденья используется литьевая пенополиуретановая смесь, которая позволит ему держать форму более 5 лет Индивидуальная настройка под ваш рост 4 варианта высоты газлифта позволяют точно подобрать стул под любой рост - от 150 до 210 см. Вы можете выбрать вариант, который идеально подходит именно вам: 140 мм (рост 150-175 см) 160 мм (рост 156-188 см) 180 мм (рост 160-190 см) 200 мм (рост 180-210 см) Если не знаете на каком варианте лучше остановится, наш менеджер проконсультирует вас и подберет наиболее оптимальный.",https://mercury-dent.pro/upload/iblock/bbd/w257ltjufx64qsfjbp0t3xcvbkzm5jrv.jpg,5,BRAND_OBSERVED_AT_KAZAKHSTAN_RETAILER,KZ_SKU_EVIDENCE_REQUIRED,https://mercury-dent.pro/catalog/stomatologicheskie-stulya/stul-assistenta-mercury-b/
MERCURY-MERCURY-B-S-OBRATNYM-GAZLIFTOM,Mercury,Mercury Dental Equipment,Стул ассистента Mercury B с обратным газлифтом,,,B с обратным газлифтом,1,Стоматологические стулья,"Стул врача имеет регистрационное удостоверение. Стул ассистента MERCURY B оснащен возможностью настраивать его положение в зависимости от индивидуальных особенностей человека. В первую очередь это касается спинки, которая может отклоняться на довольно большой угол. Также есть возможность регулировать высоту кресла по вертикали, в следствие чего стул подойдет для людей разного роста. Соединительные детали выполнены из нержавеющей стали, а при производстве сиденья используется литьевая пенополиуретановая смесь, которая позволит ему держать форму более 5 лет Индивидуальная настройка под ваш рост 4 варианта высоты газлифта позволяют точно подобрать стул под любой рост - от 150 до 210 см. Вы можете выбрать вариант, который идеально подходит именно вам: 140 мм (рост 150-175 см) 160 мм (рост 156-188 см) 180 мм (рост 160-190 см) 200 мм (рост 180-210 см) Если не знаете на каком варианте лучше остановится, наш менеджер проконсультирует вас и подберет наиболее оптимальный.",https://mercury-dent.pro/upload/iblock/020/wxwibflc9kqwbwnix5yw9douxth2dun1.jpg,6,BRAND_OBSERVED_AT_KAZAKHSTAN_RETAILER,MANUFACTURER_REFERENCE_REQUIRED,https://mercury-dent.pro/catalog/stomatologicheskie-stulya/mercury-b-s-obratnym-gazliftom/
MERCURY-ND-A006538,Mercury,Mercury Dental Equipment,Стул врача Mercury,ND-A006538,ND-A006538,,1,Стоматологические стулья,"Стул врача имеет регистрационное удостоверение. Обивка При производстве стульев мы используем только высококачественную медицинскую фиброкожу , которая обладает рядом важных особенностей, что делает её отлично подходящей для медицинских кабинетов. Этот материал обbивки удобно дезинфицировать. Срок годности обивки от нашей компании — не менее 5 лет. Мы предлагаем множество вариантов цветов обивки, так что вы найдете именно то, что отлично впишется в ваш интерьер. Спинка Обшивка спинки стула выполнена из того же материала, что и сиденье. Оно столь же долговечно, стильно и гипоаллергенно. Спинка позволит вам расслабить спину, облокотившись на нее. Она способна выдерживать большой вес. Максимальный угол наклона спинки составляет 25°. Более того, высоту спинки можно регулировать по удобному уровню, что делает стул еще более удобным и универсальным. Надежный газлифт Стул снабжен многофункциональным и надежным газлифтом, который позволяет поворачиваться вокруг своей оси и регулировать высоту сиденья в широком диапазоне. Максимальная высота стула составляет 55 см, минимальная — 39 см. Его конструкция дает возможность выдерживать вес до 190 кг. Колеса Ещё одно достоинство стула врача Mercury — конструкция колес. Дополнительная прорезиненная часть колесиков позволяет бесшумно перекатывать стул. Колесики не скрипят и без затруднений поворачиваются в нужную сторону. Антибактериальное покрытие гарантирует безопасность и стерильностью использования. Расстояние от пола до верхней плоскости сиденья Газлифт min, мм max, мм 140 мм 500 620 160 мм 515 660 180 мм 560 705 200 мм 570 765",https://mercury-dent.pro/upload/iblock/fb9/594103xn26lpswxz150ueh9qahrl6u5c.jpg,8,BRAND_OBSERVED_AT_KAZAKHSTAN_RETAILER,KZ_SKU_EVIDENCE_REQUIRED,https://mercury-dent.pro/catalog/stomatologicheskie-stulya/stul-vracha-mercury/
MERCURY-ND-A006530,Mercury,Mercury Dental Equipment,Стул врача Mercury Блэк,ND-A006530,ND-A006530,Блэк,1,Стоматологические стулья,"Стул врача имеет регистрационное удостоверение. Обивка При производстве стульев мы используем только высококачественную медицинскую фиброкожу , которая обладает рядом важных особенностей, что делает её отлично подходящей для медицинских кабинетов. Этот материал обbивки удобно дезинфицировать. Срок годности обивки от нашей компании — не менее 5 лет. Мы предлагаем множество вариантов цветов обивки, так что вы найдете именно то, что отлично впишется в ваш интерьер. Спинка Обшивка спинки стула выполнена из того же материала, что и сиденье. Оно столь же долговечно, стильно и гипоаллергенно. Спинка позволит вам расслабить спину, облокотившись на нее. Она способна выдерживать большой вес. Максимальный угол наклона спинки составляет 25°. Более того, высоту спинки можно регулировать по удобному уровню, что делает стул еще более удобным и универсальным. Надежный газлифт Стул снабжен многофункциональным и надежным газлифтом, который позволяет поворачиваться вокруг своей оси и регулировать высоту сиденья в широком диапазоне. Максимальная высота стула составляет 55 см, минимальная — 39 см. Его конструкция дает возможность выдерживать вес до 190 кг. Колеса Ещё одно достоинства стула врача Mercury — конструкция колес. Дополнительная прорезиненная часть колесиков позволяет бесшумно перекатывать стул. Колесики не скрипят и без затруднений поворачиваются в нужную сторону. Антибактериальное покрытие гарантирует безопасность и стерильностью использования. Расстояние от пола до верхней плоскости сиденья Газлифт min, мм max, мм 160 мм 515 660",https://mercury-dent.pro/upload/iblock/445/1eg715j0zi5zyl9q0pe30p2upcnsmw6o.jpg,8,BRAND_OBSERVED_AT_KAZAKHSTAN_RETAILER,KZ_SKU_EVIDENCE_REQUIRED,https://mercury-dent.pro/catalog/stomatologicheskie-stulya/stul-vracha-mercury-black/
MERCURY-ND-A006546,Mercury,Mercury Dental Equipment,Стул врача Mercury ТАБУРЕТ,ND-A006546,ND-A006546,ТАБУРЕТ,1,Стоматологические стулья,"Компактный и маневренный Он станет надёжным помощником как для врача так и для ассистента, которым важна мобильность. Качественная фиброкожа Обивка специально подобрана для условий стоматологического кабинета. Она легко чистится и дезинфицируется, не впитывает пыль, пот, грязь и химические вещества. Это не просто комфорт — это безопасность. Износостойкая фурнитура Крепежи и соединительные элементы рассчитаны на интенсивную ежедневную эксплуатацию. Никакого люфта, скрипов и неожиданных поломок. Стул выдерживает нагрузку до 150 кг. Оптимальный размер сиденья Диаметр сиденья — 390 мм. Этого достаточно для комфортного размещения, но при этом Mercury ТАБУРЕТ остаётся компактным и не занимает лишнего места в кабинете. Индивидуальная настройка под ваш рост Как и в остальных моделях, здесь предусмотрен точный подбор высоты. 4 варианта газлифта позволят подобрать табурет для любого роста — от 150 до 210 см. Выберите свой: 140 мм 150–175 см 160 мм 156–188 см 180 мм 160–190 см 200 мм 180–210 см Не уверены, какой вариант подойдёт именно вам? Наш менеджер поможет подобрать оптимальный.",https://mercury-dent.pro/upload/iblock/bab/cli4bt6fbbj8j938hpjggzk047eoc1e9.jpg,9,BRAND_OBSERVED_AT_KAZAKHSTAN_RETAILER,KZ_SKU_EVIDENCE_REQUIRED,https://mercury-dent.pro/catalog/stomatologicheskie-stulya/mercury-taburet/
MERCURY-ND-A006546/1,Mercury,Mercury Dental Equipment,Стул врача Mercury ТАБУРЕТ Блэк,ND-A006546/1,ND-A006546/1,ТАБУРЕТ Блэк,1,Стоматологические стулья,Стул врача имеет регистрационное удостоверение. Стул MERCURY TABURET BLACK – это «нестареющая классика» плюс стильный черный газлифт. Бесшумные маневренные колеса и регулировка стула по высоте для вашего комфорта. Есть возможность стул дооснастить функцией «свободные руки» Диаметр сиденья: 390мм,https://mercury-dent.pro/upload/iblock/ced/4inrdeyx1mweh02mvzykdpab6dmzkqft.jpg,3,BRAND_OBSERVED_AT_KAZAKHSTAN_RETAILER,KZ_SKU_EVIDENCE_REQUIRED,https://mercury-dent.pro/catalog/stomatologicheskie-stulya/mercury-taburet-black/
MERCURY-NDN-000686,Mercury,Mercury Dental Equipment,Стул врача Mercury ЭРГОНОМИК,NDN-000686,NDN-000686,ЭРГОНОМИК,1,Стоматологические стулья,"Стул врача имеет регистрационное удостоверение. Благодаря анатомически выведенной форме основания, стул позволит комфортно работать весь день. Регулировка высоты, качественные комплектующие, маневренные колеса – стул, который с уверенностью можно назвать надежным. Сидение стула также регулируется для вашего удобства. Оно отлито из высококачественного пенополиуретанового состава. Индивидуальная настройка под ваш рост 4 варианта высоты газлифта позволяют точно подобрать стул под любой рост - от 150 до 210 см. Вы можете выбрать вариант, который идеально подходит именно вам: 140 мм (рост 150-175 см) 160 мм (рост 156-188 см) 180 мм (рост 160-190 см) 200 мм (рост 180-210 см) Если не знаете на каком варианте лучше остановится, наш менеджер проконсультирует вас и подберет наиболее оптимальный.",https://mercury-dent.pro/upload/iblock/01c/ln1hclfa7sj7g1ephvhgouyqbd5ry4d9.jpg,3,BRAND_OBSERVED_AT_KAZAKHSTAN_RETAILER,KZ_SKU_EVIDENCE_REQUIRED,https://mercury-dent.pro/catalog/stomatologicheskie-stulya/stul-vracha-mercury-ergonomic/
MERCURY-NDN-000464,Mercury,Mercury Dental Equipment,Стул микроскописта Mercury,NDN-000464,NDN-000464,,1,Стоматологические стулья,"Стул микроскописта Mercury - модель, в которой мы учли всё, что важно именно для длительной работы с микроскопом. Стул имеет регистрационное удостоверение — это подтверждение того, что он соответствует установленным стандартам для медицинских изделий. Мы знаем, что у работы за микроскопом своя специфика. Поэтому этот стул создан с особым вниманием к деталям. Подлокотники с увеличенным диапазоном регулировки по высоте Они могут опускаться значительно ниже и подниматься значительно выше, чем на стандартных стульях. Это позволяет настроить опору для рук с ювелирной точностью — именно так, как требует ваша рабочая поза. Удлинённые подлокотники Для длительных приёмов важно, чтобы предплечье имело максимальную площадь опоры. Увеличенная длина подлокотников позволяет руке лежать комфортно и расслабленно, снижая нагрузку на плечевой пояс и шею. Обратный газлифт (кольцо) уже в комплекте Регулируйте высоту стула, не отвлекаясь от работы. Одно движение рукой - и стул поднимается или опускается без необходимости тянуться к рычагу под сиденьем. Сиденье «полуседло» - наш бестселлер Именно эту форму сиденья выбирает большинство врачей. Полуседло совмещает в себе лучшее: привычную мягкость классического сиденья и эргономику седловидной формы. Вы получаете правильное положение таза без резкой смены ощущений. Что это даёт: снимает нагрузку с позвоночника; не передавливает седалищный нерв и сосуды; подходит практически всем — идеальный баланс между комфортом и здоровьем. Полный контроль над посадкой На стуле есть все виды регулировок: Подлокотники — по высоте, наклону и вылету; Спинка - по высоте и углу наклона; Сиденье - по углу наклона. Вы не подстраиваетесь под стул - вы настраиваете стул под себя. Индивидуальная настройка под ваш рост 4 варианта высоты газлифта позволяют точно подобрать стул для любого роста. 140 мм (рост 150-175 см) 160 мм (рост 156-188 см) 180 мм (рост 160-190 см) 200 мм (рост 180-210 см) Не уверены в выборе? Наш менеджер поможет подобрать оптимальный вариант. Материалы, которые работают на вас Обивка из медицинской фиброкожи - легко чистится и дезинфицируется, не впитывает пыль, пот и грязь. Выдерживает ежедневную обработку, сохраняя внешний вид. Антистатические бесшумные колёса - плавное и безопасное перемещение по кабинету без риска повреждения покрытия. Износостойкая фурнитура - крепежи и механизмы рассчитаны на интенсивную ежедневную нагрузку.",https://mercury-dent.pro/upload/iblock/458/p9uxhhds4w1rxgks2r889tq185nlsw4t.jpg,11,BRAND_OBSERVED_AT_KAZAKHSTAN_RETAILER,KZ_SKU_EVIDENCE_REQUIRED,https://mercury-dent.pro/catalog/stomatologicheskie-stulya/stul-mikroskopista-mercury/
MERCURY-NDN-000943,Mercury,Mercury Dental Equipment,Стул микроскописта Mercury СТАНДАРТ,NDN-000943,NDN-000943,СТАНДАРТ,1,Стоматологические стулья,"Стул врача имеет регистрационное удостоверение. Популярная модель среди стульев Mercury, которая отлично подойдёт врачам с подвижной работой. Почему именно им? Расстояние от пола до верхней плоскости сиденья Газлифт min, мм max, мм 140 мм 510 595 160 мм 525 640 180 мм 580 685 200 мм 570 745 Подвижные подлокотники Основная особенность стула — подвижные подлокотники, которые «следуют» за каждым вашим движением. Они не фиксируются, не сковывают движения во время работы и при этом снимают нагрузку с плеч, рук и спины. Подлокотники регулируются по высоте и ширине. Регулировка спинки Спинка стула регулируется по высоте и углу прилегания. При этом угол наклона спинки остаётся «свободным»: она наклоняется, следуя за вашими движениями, и поддерживает вас во время работы. Высота стула Высота стула и угол наклона спинки также регулируются. У нас есть 4 варианта высоты газлифта . Диапазон роста — 150–210 см. Вы можете выбрать вариант, который идеально подходит именно вам: 140 мм (для роста 150–175 см); 160 мм (для роста 156–188 см); 180 мм (для роста 160–190 см); 200 мм (для роста 180–210 см). Если не знаете, на каком варианте лучше остановиться, наш менеджер проконсультирует вас и подберёт наиболее оптимальный. Сидение Классическое сиденье с обивкой из премиальной экокожи - в наличии более 40 оттенков обивки. Отрегулируйте под себя Стул можно легко отрегулировать под ваши индивидуальные параметры. Он очень легко перемещается по кабинету благодаря бесшумным колёсам Steinco. Соединительные детали выполнены из нержавеющей стали. При производстве сиденья используется литьевая пенополиуретановая смесь, которая позволяет ему сохранять форму более 5 лет. Гарантия на стул - 24 месяца",https://mercury-dent.pro/upload/iblock/2ef/vlbhgnyioqyg92umqbjachym4r0tfbaf.jpg,5,BRAND_OBSERVED_AT_KAZAKHSTAN_RETAILER,KZ_SKU_EVIDENCE_REQUIRED,https://mercury-dent.pro/catalog/stomatologicheskie-stulya/mercury-standart/
MERCURY-ND-A006556/1,Mercury,Mercury Dental Equipment,Стул микроскописта Mercury СТАНДАРТ Блэк,ND-A006556/1,ND-A006556/1,СТАНДАРТ Блэк,1,Стоматологические стулья,"Стул врача имеет регистрационное удостоверение. Популярная модель среди стульев Mercury в стильном black-исполнении, которая отлично подойдёт врачам с подвижной работой. Почему именно им? Расстояние от пола до верхней плоскости сиденья Газлифт min, мм max, мм 160 мм 525 640 Подвижные подлокотники Основная особенность стула - подвижные подлокотники, которые «следуют» за каждым вашим движением. Они не фиксируются, не сковывают движения во время работы и при этом снимают нагрузку с плеч, рук и спины. Подлокотники регулируются по высоте и ширине. Регулировка спинки Спинка стула регулируется по высоте и углу прилегания. При этом угол наклона спинки остаётся «свободным»: она наклоняется, следуя за вашими движениями, и поддерживает вас во время работы. Высота стула Высота стула и угол наклона спинки также регулируются. Сидение Классическое сиденье с обивкой из премиальной экокожи - в наличии более 40 оттенков обивки. Отрегулируйте под себя Стул можно легко отрегулировать под ваши индивидуальные параметры. Он очень легко перемещается по кабинету благодаря бесшумным колёсам Steinco. Соединительные детали выполнены из нержавеющей стали. При производстве сиденья используется литьевая пенополиуретановая смесь, которая позволяет ему сохранять форму более 5 лет. Гарантия на стул - 24 месяца",https://mercury-dent.pro/upload/iblock/7db/mgxuhfuqep8pbtavozsrszktac0ey5i2.jpg,6,BRAND_OBSERVED_AT_KAZAKHSTAN_RETAILER,KZ_SKU_EVIDENCE_REQUIRED,https://mercury-dent.pro/catalog/stomatologicheskie-stulya/mercury-standart-black/
MERCURY-MERCURY-ELITE,Mercury,Mercury Dental Equipment,Стул микроскописта Mercury ЭЛИТ,,,ЭЛИТ,1,Стоматологические стулья,"Стул врача имеет регистрационное удостоверение. Стул высокого класса Стул для работы с микроскопом Mercury относится к категории ELITE, то есть самой представительной модели в ряде стульев нашей компании. Это объясняется тем, что стул оснащен множеством функций, благодаря чему может использоваться в различных сферах. Однако, наибольшей популярностью он пользуется именно у стоматологов. Возможность регулировки Для более комфортной работы стул оснащен возможностью настраивать его положение в зависимости от индивидуальных особенностей человека. В первую очередь это касается спинки, которая может отклоняться на довольно большой угол. Также есть возможность регулировать высоту кресла по вертикали, вследствие чего стул подойдет для людей разного роста. Подлокотники Одна из самых важный частей стула микроскописта — подлокотники. Они помогают долгое время держать руки в одном положении без появления боли. Подлокотники стула Mercury ELITE оснащены функцией регулировки высоты и наклона. Вы можете настраивать их так, как вам будет удобно для более комфортной и продолжительной работы. Продолжительный срок службы Все материалы стула имеют высокое качество, в следствие чего он отличается продолжительным сроком службы. Соединительные детали выполнены из нержавеющей стали, а при производстве сиденья используется литьевая пенополиуретановая смесь, которая позволит ему держать форму более 5 лет. Мобильный Колесики кресла — важное достоинство стула Mercury ELITE. Они позволяют быстро и с комфортом передвигаться на нем по кабинету, а также перекатывать стул между кабинетами. Антибактериальное покрытие исключит вероятность переноса инфекции в стерильное помещение, а дополнительный прорезиненный слой поможет избежать скрипа и других нежелательных звуков. Качественная обивка Не менее важной частью стула является обивка. На Mercury ELITE она соответствует высоким стандартам качества. Также обивка не скользит и имеет высокую степень истирания по Шорсу. Индивидуальная настройка под ваш рост 4 варианта высоты газлифта позволяют точно подобрать стул под любой рост - от 150 до 210 см. Вы можете выбрать вариант, который идеально подходит именно вам: 140 мм (рост 150-175 см) 160 мм (рост 156-188 см) 180 мм (рост 160-190 см) 200 мм (рост 180-210 см) Если не знаете на каком варианте лучше остановится, наш менеджер проконсультирует вас и подберет наиболее оптимальный. Расстояние от пола до верхней плоскости сиденья Газлифт min, мм max, мм 140 мм 540 620 160 мм 555 660 180 мм 590 705 200 мм 600 795",https://mercury-dent.pro/upload/iblock/0f4/9kwmu2ynf30q8n8xls4vbkcw3zwkzv94.jpg,15,BRAND_OBSERVED_AT_KAZAKHSTAN_RETAILER,MANUFACTURER_REFERENCE_REQUIRED,https://mercury-dent.pro/catalog/stomatologicheskie-stulya/mercury-elite/
MERCURY-ND-A006529,Mercury,Mercury Dental Equipment,Стул микроскописта Mercury ЭЛИТ Блэк,ND-A006529,ND-A006529,ЭЛИТ Блэк,1,Стоматологические стулья,"Стул врача имеет регистрационное удостоверение. Стул высокого класса Стул для работы с микроскопом Mercury относится к категории ELITE, то есть самой представительной модели в ряде стульев нашей компании. Это объясняется тем, что стул оснащен множеством функций, благодаря чему может использоваться в различных сферах. Однако, наибольшей популярностью он пользуется именно у стоматологов. Возможность регулировки Для более комфортной работы стул оснащен возможностью настраивать его положение в зависимости от индивидуальных особенностей человека. В первую очередь это касается спинки, которая может отклоняться на довольно большой угол. Также есть возможность регулировать высоту кресла по вертикали, вследствие чего стул подойдет для людей разного роста. Подлокотники Одна из самых важный частей стула микроскописта — подлокотники. Они помогают долгое время держать руки в одном положении без появления боли. Подлокотники стула Mercury ELITE оснащены функцией регулировки высоты и наклона. Вы можете настраивать их так, как вам будет удобно для более комфортной и продолжительной работы. Продолжительный срок службы Все материалы стула имеют высокое качество, в следствие чего он отличается продолжительным сроком службы. Соединительные детали выполнены из нержавеющей стали, а при производстве сиденья используется литьевая пенополиуретановая смесь, которая позволит ему держать форму более 5 лет. Мобильный Колесики кресла — важное достоинство стула Mercury ELITE. Они позволяют быстро и с комфортом передвигаться на нем по кабинету, а также перекатывать стул между кабинетами. Антибактериальное покрытие исключит вероятность переноса инфекции в стерильное помещение, а дополнительный прорезиненный слой поможет избежать скрипа и других нежелательных звуков. Качественная обивка Не менее важной частью стула является обивка. На Mercury ELITE она соответствует высоким стандартам качества. Также обивка не скользит и имеет высокую степень истирания по Шорсу. Размеры подлокотника: Длина: 350 мм Ширина: 100 мм Расстояние от пола до верхней плоскости сиденья Газлифт min, мм max, мм 160 мм 555 660",https://mercury-dent.pro/upload/iblock/640/ecdwyq8dyg5719ow46tqs020zs384hvm.jpg,5,BRAND_OBSERVED_AT_KAZAKHSTAN_RETAILER,KZ_SKU_EVIDENCE_REQUIRED,https://mercury-dent.pro/catalog/stomatologicheskie-stulya/mercury-elite-black/
MERCURY-ND-A006527/2,Mercury,Mercury Dental Equipment,Стул микроскописта Mercury ЭЛИТ Комфорт,ND-A006527/2,ND-A006527/2,ЭЛИТ Комфорт,1,Стоматологические стулья,"Стул, который находит баланс между привычкой и здоровьем В стоматологии нет универсальных решений. Но есть модели, которые подходят почти всем. Одна из них — перед вами. Стул микроскописта Mercury Elite Comfort с сиденьем «полуседло» — одна из самых популярных позиций в нашем ассортименте. И не случайно. Он соединяет в себе лучшее от двух миров: привычную посадку классического стула и эргономику седловидной формы. Без резкой смены ощущений, но с заметной разгрузкой позвоночника. Данный тип сиденья идеально подходит всем, кто хочет больше комфорта, но не готов к необычной посадке полноценного седла. Он эргономичнее и удобнее стандартного. Сиденье не передавливает седалищный нерв и сосуды — а это прямая забота о вашем самочувствии в течение долгого рабочего дня. Расстояние от пола до верхней плоскости сиденья Газлифт min, мм max, мм 140 мм 520 600 160 мм 535 640 180 мм 570 685 200 мм 580 775 Сиденье ""полуседло"" Снимает нагрузку с позвоночника, сохраняя привычную посадку. Регулируется по высоте и углу наклона. Регулируемая спинка Настройте её по высоте и углу наклона — так, чтобы поддержка была именно там, где нужно. Полностью регулируемые подлокотники Выполнены из нержавеющей стали. Регулируются по высоте, наклону, вылету локтя и углу поворота. Создайте идеальную опору для рук. Надёжные материалы Обивка из качественной фиброкожи. Наполнение — пенополиуретан. Стул мягкий, удобный и при этом долговечный. Бесшумная мобильность Европейские колёса с антискользящим и антистатическим покрытием обеспечивают плавное, тихое и безопасное перемещение по кабинету. Регистрационное удостоверение Стул имеет регистрационное удостоверение — это подтверждение того, что он соответствует установленным стандартам для медицинских изделий. Индивидуальная настройка под ваш рост Предлагаем 4 варианта высоты газлифта для точной подстройки под ваш рост — от 150 до 210 см. Выберите свой вариант 140 мм (рост 150–175 см) 160 мм (рост 156–188 см) 180 мм (рост 160–190 см) 200 мм (рост 180–210 см) Не уверены, какой вариант подойдёт именно вам? Наш менеджер поможет подобрать оптимальный. Цвет и стиль В вашем распоряжении — 45 оттенков фиброкожи на выбор. От классических до акцентных. Подберите тот, который дополнит интерьер вашего кабинета и станет частью фирменного стиля клиники.",https://mercury-dent.pro/upload/iblock/a91/kmjdfam85ktgww7dt1yy7h5o7d1kjp8w.jpg,24,BRAND_OBSERVED_AT_KAZAKHSTAN_RETAILER,KZ_SKU_EVIDENCE_REQUIRED,https://mercury-dent.pro/catalog/stomatologicheskie-stulya/stul-mikroskopista-mercury-elite-comfort/
MERCURY-ND-A006527,Mercury,Mercury Dental Equipment,Стул микроскописта Mercury ЭЛИТ Комфорт Блэк,ND-A006527,ND-A006527,ЭЛИТ Комфорт Блэк,1,Стоматологические стулья,"Стул врача имеет регистрационное удостоверение. Комфорт — основная характеристика данного стула. Сиденье полуседло совмещает в себе посадку классического и седловидного стула, что снимает нагрузку с позвоночника. Регулируемая спинка — по высоте и углу наклона. Полностью регулируемые подлокотники — по высоте, наклону и вылету локтя, а также по углу наклона. Сиденье регулируется по высоте и углу наклона. Регулировок достаточно много — специально для того, чтобы вы могли подстроить стул под себя и свою работу. Стильный черный газлифт, 20 цветов фиброкожи на выбор, антистатические колеса – стул создан из самых качественных материалов для долгих лет службы. Расстояние от пола до верхней плоскости сиденья Газлифт min, мм max, мм 160 мм 535 640",https://mercury-dent.pro/upload/iblock/0e0/gv6pypggri7i1sn329wu3hk6eoeaf9qe.jpg,7,BRAND_OBSERVED_AT_KAZAKHSTAN_RETAILER,KZ_SKU_EVIDENCE_REQUIRED,https://mercury-dent.pro/catalog/stomatologicheskie-stulya/stul-mikroskopista-mercury-elite-comfort-black/
MERCURY-MERCURY-ELITE-COMFORT-S-OBRATNYM-GAZLIFTOM,Mercury,Mercury Dental Equipment,Стул микроскописта Mercury ЭЛИТ Комфорт с обратным газлифтом,,,ЭЛИТ Комфорт с обратным газлифтом,1,Стоматологические стулья,"Стул врача имеет регистрационное удостоверение. Эргономичное полуседло стула Mercury Elite Comfort разработано таким образом, чтобы при долгой работе не ограничивать кровоток в нижних конечностях. Это благотворно влияет на работоспособность и ваш комфорт и увеличивает продуктивность. Работайте столько, сколько необходимо без болевых ощущений в спине. Механизм локтевого упора используется во всей линейке Elite позволяет комфортно настроить положение для человека с любой комплекцией, что увеличивает его универсальность, так как вы можете вести общую практику и работать за микроскопом. Индивидуальная настройка под ваш рост 4 варианта высоты газлифта позволяют точно подобрать стул под любой рост - от 150 до 210 см. Вы можете выбрать вариант, который идеально подходит именно вам: 140 мм (рост 150-175 см) 160 мм (рост 156-188 см) 180 мм (рост 160-190 см) 200 мм (рост 180-210 см) Если не знаете на каком варианте лучше остановится, наш менеджер проконсультирует вас и подберет наиболее оптимальный.",https://mercury-dent.pro/upload/iblock/651/iu8md8di0zyjx38o0bv76j763xhtqzpa.jpg,16,BRAND_OBSERVED_AT_KAZAKHSTAN_RETAILER,MANUFACTURER_REFERENCE_REQUIRED,https://mercury-dent.pro/catalog/stomatologicheskie-stulya/mercury-elite-comfort-s-obratnym-gazliftom/
MERCURY-NDN-000123,Mercury,Mercury Dental Equipment,Стул микроскописта Mercury ЭЛИТ Экспорт,NDN-000123,NDN-000123,ЭЛИТ Экспорт,1,Стоматологические стулья,"Стул для микроскопа Mercury ELITE Export — флагман среди стульев нашей компании. В нем собраны все успешные разработки наших инженеров. Стул отвечает самым высоким запросам, выполняя множество функций, имея широкий диапазон настроек и продолжительный срок эксплуатации. С заботой о здоровье Уникальная система седловидного кресла имеет множество преимуществ, по сравнению с обычными. Такая форма сиденья позволяет сохранять осанку ровной, так как человек сидит в более естественном положении. Во время использования этого стула снижается нагрузка на позвоночник, шею и таз. Удобные регулировки Подлокотники стула имеют широкий диапазон регулировки, что позволяет работать с микроскопом с максимальным комфортом. Функция трехмерной регулировки позволит выставить необходимое положение подлокотников по высоте, горизонтали, а также по кругу. Также подлокотники могут выезжать вперед. Для того, чтобы полностью настроить стул под себя и наслаждаться высоким уровнем комфорта, не придется прикладывать усилия. Простая система рычагов позволит вам отрегулировать наклон подлокотника и высоту посадки под индивидуальные особенности, получив максимум удовольствия от рабочего процесса. Колеса Стул Mercury ELITE Export оснащен пятью колесами отличного качества. Они не царапают пол, имеют плавный ход и поворачиваются без затруднений, в следствие чего достигается высокая мобильность. Прорезиненная часть колес исключит появление посторонних звуков при использовании. Высокая надежность и безопасность использования Составляющие стула имеют высокий уровень износостойкости. Хромированный удлиненный газлифт способен выдерживать максимальную нагрузку в 190 кг. А обивка прослужит долгие годы, так как особая методика её изготовления исключает потерю формы в течение минимум 5 лет. Стерильность — крайне важная вещь в медицине. Обивка стула из качественной медицинской ФИБРОкожи отлично поддается обработке, а колеса с антибактериальным покрытием исключат вероятность переноса инфекции в стерильное помещение. Стиль и компактность Стул имеет очень стильный, футуристичный внешний вид. С множеством вариантов цветов обивки вы однозначно сможете выбрать для своего кабинета именно тот вариант, который будет смотреться идеально. А малые габариты стула не принесут лишних трат при транспортировке. Он отлично впишется даже в небольшое помещение. Индивидуальная настройка под ваш рост 4 варианта высоты газлифта позволяют точно подобрать стул под любой рост - от 150 до 210 см. Вы можете выбрать вариант, который идеально подходит именно вам: 140 мм (рост 150-175 см); 160 мм (рост 156-188 см); 180 мм (рост 160-190 см); 200 мм (рост 180-210 см). Если не знаете на каком варианте лучше остановится, наш менеджер проконсультирует вас и подберет наиболее оптимальный. Газлифт min, мм max, мм 140 мм 620 700 160 мм 635 740 180 мм 670 785 200 мм 680 845",https://mercury-dent.pro/upload/iblock/3c3/0543927mg1wdt3aq7jckfhjgc670vitb.jpg,19,BRAND_OBSERVED_AT_KAZAKHSTAN_RETAILER,KZ_SKU_EVIDENCE_REQUIRED,https://mercury-dent.pro/catalog/stomatologicheskie-stulya/mercury-elite-export/
MERCURY-MERCURY-ELITE-EXPORT-BLACK,Mercury,Mercury Dental Equipment,Стул микроскописта Mercury ЭЛИТ Экспорт Блэк,,,ЭЛИТ Экспорт Блэк,1,Стоматологические стулья,"Стул врача имеет регистрационное удостоверение. Многофункциональный стул Стул под микроскоп Mercury ELITE Export — флагман среди стульев нашей компании. В нем собраны все успешные разработки наших инженеров. Стул отвечает самым высоким запросам, выполняя множество функций, имея широкий диапазон настроек и продолжительный срок эксплуатации. С заботой о здоровье Уникальная запатентованная система седловидного кресла имеет множество преимуществ, по сравнению с обычными. Такая форма сиденья позволяет сохранять осанку ровной, так как человек сидит в более естественном положении. Во время использования этого стула снижается нагрузка на позвоночник, шею и таз. Регулировка подлокотников Подлокотники стула имеют очень широкий диапазон регулировки, что позволяет работать с микроскопом с максимальным комфортом. Функция трехмерной регулировки позволит выставить необходимое положение подлокотников по высоте, горизонтали, а также по кругу. Также подлокотники могут выезжать вперед. Максимум комфорта Для того, чтобы полностью настроить кресло под себя и наслаждаться высоким уровнем комфорта, не придется прикладывать усилия. Простая система рычагов позволит вам отрегулировать наклон подлокотника и высоту посадки под индивидуальные особенности, получив максимум удовольствия от рабочего процесса. Колеса Стул Mercury ELITE Export оснащен пятью колесами отличного качества. Они не царапают пол, отлично вращаются и поворачиваются без затруднений, в следствие чего достигается высокая мобильность. Прорезиненная часть колес исключит появление посторонних звуков при использовании. Высокая надежность Составляющие кресла имеют высокий уровень износостойкости. Хромированный удлиненный газлифт способен выдерживать максимальную нагрузку в 190 кг. А обшивка кресла прослужит долгие годы, так как особая методика её изготовления исключает потерю формы в течение минимум 5 лет. Безопасность использования Стерильность — крайне важная вещь в медицине. Именно поэтому вы можете обрабатывать стул любыми дезинфицирующими средствами. Обивка стула из качественной медицинской ФИБРОкожи отлично поддается обработке, а колеса с антибактериальным покрытием исключат вероятность переноса инфекции в стерильное помещение. Стиль и компактность Стул имеет очень стильный, футуристичный внешний вид. С 16 вариантами обшивки вы однозначно сможете выбрать для своего кабинета именно тот вариант, который будет смотреться идеально. А малые габариты стула не принесут лишних трат при транспортировке. Стул отлично впишется даже в небольшое помещение. Расстояние от пола до верхней плоскости сиденья Газлифт min, мм max, мм 160 мм 635 740",https://mercury-dent.pro/upload/iblock/d7c/8mkq466wjpkb7u4mytokl17gjuk6lotd.jpg,7,BRAND_OBSERVED_AT_KAZAKHSTAN_RETAILER,MANUFACTURER_REFERENCE_REQUIRED,https://mercury-dent.pro/catalog/stomatologicheskie-stulya/mercury-elite-export-black/
MERCURY-NDN-000309,Mercury,Mercury Dental Equipment,Стул с абдоминальным упором Mercury Люкс+,NDN-000309,NDN-000309,Люкс+,1,Стоматологические стулья,"Стул врача имеет регистрационное удостоверение. Стул для тех, чья работа требует абсолютной точности, устойчивости и слаженной работы в команде. Mercury LUX+ &mdash; модель стула, оснащённая регулируемым абдоминальным упором. Он создан для сложных хирургических вмешательств, длительной работы с микроскопом и процедур, где важна филигранная фиксация рук врача и ассистента. Это не просто дополнительная опора &mdash; это инструмент для повышения клинической точности. Mercury LUX+ &mdash; это инвестиция в высочайшее качество работы. Это стул, который не просто обеспечивает комфорт, а становится активным участником решения сложных клинических задач. Расстояние от пола до верхней плоскости сиденья Газлифт min, мм max, мм 140 мм 480 625 160 мм 535 670 180 мм 570 715 200 мм 580 775 Полная свобода настройки Упор регулируется по высоте, вращается вокруг сиденья и поворачивается на 360° вокруг своей оси с фиксацией в любом положении. Точность работы Эта опция необходима для длительных процедур, где критически важна стабилизация рук. Снятие нагрузки Позволяет разгрузить плечевой пояс и руки, предотвращая тремор и мышечную усталость, обеспечивая полный контроль на протяжении всего приёма. Эталонная мобильность Бесшумные антистатические колёса из прочного АБС‑пластика (диаметр 75 мм) на подшипниках качения гарантируют плавное, лёгкое и безопасное перемещение, защищая напольное покрытие. Гигиеничность и долговечность Обивка из медицинской фиброкожи устойчива к частой обработке дезсредствами (согласно приложенной инструкции), не впитывает влагу и сохраняет безупречный вид годами. Точная регулировка под врача Четыре варианта высоты газлифта (от 140 до 200 мм) позволяют индивидуально подобрать стул для роста от 150 до 210 см, обеспечивая анатомически правильную позу. 140 мм (рост 150-175 см) 160 мм (рост 156-188 см) 180 мм (рост 160-190 см) 200 мм (рост 180-210 см)",https://mercury-dent.pro/upload/iblock/289/uwil01ecr52m7gnrc01ed8jzrd8w70bu.jpg,6,BRAND_OBSERVED_AT_KAZAKHSTAN_RETAILER,KZ_SKU_EVIDENCE_REQUIRED,https://mercury-dent.pro/catalog/stomatologicheskie-stulya/mercury-lux-plus/
MERCURY-ND-A006543,Mercury,Mercury Dental Equipment,Стул-седло со спинкой Mercury,ND-A006543,ND-A006543,,1,Стоматологические стулья,"Стул врача имеет регистрационное удостоверение. Мы рассмотрели все достоинства и недостатки стульев стоматолога и решили собрать всё самое лучшее в одном изделии! Теперь мы делаем их сами и ручаемся за качество. Материал обшивки - медицинская ФИБРОкожа (100 тыс. истираний по Шорсу) Стул-седло Седловидная форма стула неспроста в таком количестве представлена в нашем магазине. Она набирается популярность в медицине, так как помогает сохранить правильную осанку, снижает нагрузку с таза и позвоночника и не затрудняет кровоток в нижней части тела. На таком стуле можно сидеть продолжительное время без возникновения боли в спине. Спинка Для дополнительного расслабления спины стул оборудован удобной спинкой. Максимальный угол её наклона составляет 25°. Спинка в состоянии выдерживать большой вес, а функция регулировки высоты поможет подобрать удобные настройки стула индивидуально для каждого, вне зависимости от роста или веса. Колесики За мобильность стула отвечают 5 колес, расположенных так, чтобы выдерживать большую нагрузку. Даже при максимальном давлении колесики очень плавно ездят по полу вне зависимости от его материала. Специальная прорезиненная часть колес исключит лишние звуки и нежелательный скрип. Также колесики отличаются антибактериальным покрытием, которое сведен на минимум риск переноса инфекции. Обшивка Материалом для обивки стула Mercury стала медицинская фиброкожа. Этот материал популярен в медицине, так как неприхотлив в обработке. Он отлично поддается дезинфекции согласно иснтрукции. Обивка отличается износостойкостью — 100 000 истираний по Шорсу. Мы предлагаем на выбор 16 цветовых вариантов.",https://mercury-dent.pro/upload/iblock/da4/pxldbp3etw2vi6iupo7d74ffvpe3wzpf.jpg,9,BRAND_OBSERVED_AT_KAZAKHSTAN_RETAILER,KZ_SKU_EVIDENCE_REQUIRED,https://mercury-dent.pro/catalog/stomatologicheskie-stulya/stul-sedlo-so-spinkoy-mercury/
MERCURY-ND-A006535,Mercury,Mercury Dental Equipment,Стул-седло со спинкой Mercury Блэк,ND-A006535,ND-A006535,Блэк,1,Стоматологические стулья,"Стул врача имеет регистрационное удостоверение. Мы рассмотрели все достоинства и недостатки стульев стоматолога и решили собрать всё самое лучшее в одном изделии! Теперь мы делаем их сами и ручаемся за качество. Материал обшивки - медицинская ФИБРОкожа (100 тыс. истираний по Шорсу) Стул-седло Седловидная форма стула неспроста в таком количестве представлена в нашем магазине. Она набирается популярность в медицине, так как помогает сохранить правильную осанку, снижает нагрузку с таза и позвоночника и не затрудняет кровоток в нижней части тела. На таком стуле можно сидеть продолжительное время без возникновения боли в спине. Спинка Для дополнительного расслабления спины стул оборудован удобной спинкой. Максимальный угол её наклона составляет 25°. Спинка в состоянии выдерживать большой вес, а функция регулировки высоты поможет подобрать удобные настройки стула индивидуально для каждого, вне зависимости от роста или веса. Колесики За мобильность стула отвечают 5 колес, расположенных так, чтобы выдерживать большую нагрузку. Даже при максимальном давлении колесики очень плавно ездят по полу вне зависимости от его материала. Специальная прорезиненная часть колес исключит лишние звуки и нежелательный скрип. Также колесики отличаются антибактериальным покрытием, которое сведен на минимум риск переноса инфекции. Обшивка Материалом для обивки стула Mercury стала медицинская фиброкожа. Этот материал популярен в медицине, так как неприхотлив в обработке. Он отлично поддается дезинфекции согласно иснтрукции. Обивка отличается износостойкостью — 100 000 истираний по Шорсу. Мы предлагаем на выбор 16 цветовых вариантов.",https://mercury-dent.pro/upload/iblock/cdf/mxt5u153qpaey9id3ycrux8zwu9draf5.jpg,1,BRAND_OBSERVED_AT_KAZAKHSTAN_RETAILER,KZ_SKU_EVIDENCE_REQUIRED,https://mercury-dent.pro/catalog/stomatologicheskie-stulya/stul-sedlo-so-spinkoy-mercury-black/
MERCURY-ND-A006526/1,Mercury,Mercury Dental Equipment,Стул-седло Mercury БАЛАНС Плюс,ND-A006526/1,ND-A006526/1,БАЛАНС Плюс,1,Стоматологические стулья,"Стул врача имеет регистрационное удостоверение. Базовая модель с нашей ""фирменной"" эргономичной посадкой по доступной цене. Как и во всех седлах, здесь идет акцент на вашей ровной спине. За счет посадки спина выпрямляется и вы сохраняете правильное рабочее положение на протяжении всего рабочего дня. Идеальное решение для стоматологов, которым важны комфорт, мобильность и здоровье позвоночника. Расстояние от пола до верхней плоскости сиденья Газлифт min, мм max, мм 140 мм 560 695 160 мм 575 740 180 мм 610 785 200 мм 620 845 Индивидуальная настройка под ваш рост 4 варианта высоты газлифта позволяют точно подобрать стул под любой рост - от 150 до 210 см. Вы можете выбрать вариант, который идеально подходит именно вам: 140 мм (рост 150-175 см) 160 мм (рост 156-188 см) 180 мм (рост 160-190 см) 200 мм (рост 180-210 см) Если не знаете на каком варианте лучше остановится, наш менеджер проконсультирует вас и подберет наиболее оптимальный. Анатомическая седловидная форма Эргономичное сидение способствует правильному положению таза и позвоночника, снижая нагрузку на межпозвонковые диски и предотвращая зажимы. Многоуровневая система регулировок Настройте ширину и наклон сидения и высоту газлифта под свои анатомические особенности. Бесшумная мобильность Колеса с антискользящим покрытием на шарикоподшипниках обеспечивают плавное перемещение без лишнего шума и защищают напольное покрытие. Эксклюзивный дизайн Более 50 вариантов обивки премиум-качества и возможность нанесения индивидуальной вышивки. Технические характеристики тип: стул-седло регулировки: высота газлифта, ширина/наклон сидения диапазон роста: 150-210 см (4 варианта газлифта) колеса: бесшумные с антискользящим покрытием обивка: 50+ вариантов, возможность индивидуальной вышивки долговечные фурнитура и комплектующие высокого качества",https://mercury-dent.pro/upload/iblock/72b/yxb5up6bzknen34vdf34f38z4kjq2awm.jpg,12,BRAND_OBSERVED_AT_KAZAKHSTAN_RETAILER,KZ_SKU_EVIDENCE_REQUIRED,https://mercury-dent.pro/catalog/stomatologicheskie-stulya/mercury-balance-plus/
MERCURY-ND-A006526/3,Mercury,Mercury Dental Equipment,Стул-седло Mercury БАЛАНС Плюс со спинкой,ND-A006526/3,ND-A006526/3,БАЛАНС Плюс со спинкой,1,Стоматологические стулья,"Стул врача имеет регистрационное удостоверение. Базовая модель с эргономичной посадкой по доступной цене. Как и во всех седлах, здесь идет акцент на вашей ровной спине. За счет посадки спина выпрямляется и вы сохраняете правильное рабочее положение на протяжении всего рабочего дня. Идеальное решение для стоматологов, которым важны комфорт, мобильность и здоровье позвоночника. Расстояние от пола до верхней плоскости сиденья Газлифт min, мм max, мм 140 мм 560 695 160 мм 575 740 180 мм 610 785 200 мм 620 845 Индивидуальная настройка под ваш рост 4 варианта высоты газлифта позволяют точно подобрать стул под любой рост — от 150 до 210 см. Вы можете выбрать вариант, который идеально подходит именно вам: 140 мм (рост 150-175 см) 160 мм (рост 156-188 см) 180 мм (рост 160-190 см) 200 мм (рост 180-210 см) Если не знаете на каком варианте лучше остановится, наш менеджер проконсультирует вас и подберет наиболее оптимальный. Анатомическая седловидная форма Эргономичное сидение способствует правильному положению таза и позвоночника, снижая нагрузку на межпозвонковые диски и предотвращая зажимы. Многоуровневая система регулировок Настройте ширину и наклон сидения, угол наклона спинки и высоту газлифта под свои анатомические особенности. Бесшумная мобильность Колеса с антискользящим покрытием на шарикоподшипниках обеспечивают плавное перемещение без лишнего шума и защищают напольное покрытие. Эксклюзивный дизайн Более 50 вариантов обивки премиум-качества и возможность нанесения индивидуальной вышивки. Технические характеристики тип: стул-седло со спинкой регулировки: высота газлифта, ширина/наклон сидения, угол наклона спинки диапазон роста: 150-210 см (4 варианта газлифта) колеса: бесшумные с антискользящим покрытием обивка: 50+ вариантов, возможность индивидуальной вышивки долговечные фурнитура и комплектующие высокого качества",https://mercury-dent.pro/upload/iblock/490/dmzpeqa00lrupe2s9nvqua27cfhx2vjq.jpg,18,BRAND_OBSERVED_AT_KAZAKHSTAN_RETAILER,KZ_SKU_EVIDENCE_REQUIRED,https://mercury-dent.pro/catalog/stomatologicheskie-stulya/stul-sedlo-mercury-balance-plus-so-spinkoy/
MERCURY-ND-A006526,Mercury,Mercury Dental Equipment,Стул-седло Mercury БАЛАНС с абдоминальным упором,ND-A006526,ND-A006526,БАЛАНС с абдоминальным упором,1,Стоматологические стулья,"Стул врача имеет регистрационное удостоверение. Идеальный стул для ассистента благодаря удобному абдоминалу, который позволяет опереть руку или спину. За счёт своей подвижности он делает любую вашу позу комфортной, а работу удобной. Абдоминал регулируется по высоте и отклону, вращается вокруг оси, чтобы ""следовать"" за вами, но при необходимости его можно зафиксировать. В седловидном стуле поза принимает естественное положение, что благотворно сказывается на спине, позвоночнике и тазобедренных суставах. Стул полностью регулируется: как по наклону и высоте сиденья, так и по раздвижению седла. Индивидуальная настройка под ваш рост 4 варианта высоты газлифта позволяют точно подобрать стул под любой рост - от 150 до 210 см. Вы можете выбрать вариант, который идеально подходит именно вам: 140 мм (рост 150-175 см) 160 мм (рост 156-188 см) 180 мм (рост 160-190 см) 200 мм (рост 180-210 см) Если не знаете на каком варианте лучше остановится, наш менеджер проконсультирует вас и подберет наиболее оптимальный. Расстояние от пола до верхней плоскости сиденья Газлифт min, мм max, мм 140 мм 620 705 160 мм 635 750 180 мм 670 795 200 мм 680 855",https://mercury-dent.pro/upload/iblock/94a/42afdgtfcn2o8ojzs73b7deao8s7n2fl.jpg,15,BRAND_OBSERVED_AT_KAZAKHSTAN_RETAILER,KZ_SKU_EVIDENCE_REQUIRED,https://mercury-dent.pro/catalog/stomatologicheskie-stulya/mercury-balance-s-abdominalnym-uporom/
MERCURY-nd-0297,Mercury,Mercury Dental Equipment,Трубки для ирригации для физиодиспенсера Mercury-Х (одноразовые),nd-0297,nd-0297,-Х (одноразовые),1,Имплантология,,https://mercury-dent.pro/upload/iblock/b68/pkzez4nlji92wpwcm1uzz2a7c83v11fb.jpg,2,BRAND_OBSERVED_AT_KAZAKHSTAN_RETAILER,KZ_SKU_EVIDENCE_REQUIRED,https://mercury-dent.pro/catalog/implantologiya/trubki-dlya-irrigatsii-dlya-fiziodispensera-mercury-kh-odnorazovye/
MERCURY-ND-A004428,Mercury,Mercury Dental Equipment,Турбинный наконечник Mercury 114,ND-A004428,ND-A004428,114,1,Стоматологические наконечники,"Наконечник стоматологический высокоскоростной с кнопочной фиксацией бора. Корпус выполнен из меди с покрытием МтН6Х2. Предназначен для закрепления боров диаметром хвостовика 1,59- 1,60 мм и приведении их во вращение при выполнении зубоврачебных работ. Область применения терапевтическая и ортопедическая стоматология.",https://mercury-dent.pro/upload/iblock/4b8/y5bqrbhkbmnw3x25qjpqgpbcr7k0denp.jpg,2,BRAND_OBSERVED_AT_KAZAKHSTAN_RETAILER,KZ_SKU_EVIDENCE_REQUIRED,https://mercury-dent.pro/catalog/stomatologicheskie-nakonechniki/vysokoskorostnye-nakonechniki/mercury-114/
MERCURY-ND-A004479,Mercury,Mercury Dental Equipment,Турбинный наконечник Mercury 152 с наклоном 45 градусов,ND-A004479,ND-A004479,152 с наклоном 45 градусов,1,Стоматологические наконечники,Изогнутая под углом 45 o голова обеспечивает легкий доступ к молярам. Генератор света. Кольцевой диод.,https://mercury-dent.pro/upload/iblock/a9f/nzwbxmm719b35m0pfwvxzr66pk3wh68s.jpg,4,BRAND_OBSERVED_AT_KAZAKHSTAN_RETAILER,KZ_SKU_EVIDENCE_REQUIRED,https://mercury-dent.pro/catalog/stomatologicheskie-nakonechniki/vysokoskorostnye-nakonechniki/mercury-152/
MERCURY-ND-A004422,Mercury,Mercury Dental Equipment,Турбинный наконечник Mercury 331K,ND-A004422,ND-A004422,331K,1,Стоматологические наконечники,"С маленькой головой - для терапии С большой головой - для ортопедии Особенности Корпус из дюралевого сплава с термически обработанным порошковым покрытием, устойчивым к автоклавированию. Сбалансированная неразборная роторная группа",https://mercury-dent.pro/upload/iblock/ee3/sm4ejvs6i2xyo7c3f2hi0hwm1r6yieuy.jpg,9,BRAND_OBSERVED_AT_KAZAKHSTAN_RETAILER,KZ_SKU_EVIDENCE_REQUIRED,https://mercury-dent.pro/catalog/stomatologicheskie-nakonechniki/vysokoskorostnye-nakonechniki/mercury-331k/
MERCURY-ND-A004457,Mercury,Mercury Dental Equipment,Турбинный наконечник Mercury 331k с быстросъемным коннектором,ND-A004457,ND-A004457,331k с быстросъемным коннектором,1,Стоматологические наконечники,,https://mercury-dent.pro/upload/iblock/422/s5d919ilxt0qtchtp62s7png0a9l7jzd.jpg,4,BRAND_OBSERVED_AT_KAZAKHSTAN_RETAILER,KZ_SKU_EVIDENCE_REQUIRED,https://mercury-dent.pro/catalog/stomatologicheskie-nakonechniki/vysokoskorostnye-nakonechniki/mercury-331k-s-bystrosemnym-konnektorom/
MERCURY-ND-A004429,Mercury,Mercury Dental Equipment,Турбинный наконечник Mercury 332K1 + роторная группа,ND-A004429,ND-A004429,332K1 + роторная группа,1,Стоматологические наконечники,"В комплект входит запасная роторная группа Стильный Материал корпуса наконечника Mercury 332K1 — дюралюминиевый сплав. Благодаря этому достигается отличный баланс ударостойкости инструмента и его комфортного веса. Устройство не боится царапин и комфортно лежит в руке. Двухцветный вариант исполнения наконечника смотрится очень стильно. Эффективный Рабочее давление воздуха в устройстве составляет 2.0-2.4 Мпа, благодаря которому бор может развивать скорость до 400 000 оборотов в минуту. Благодаря столь мощному бору достигается эффективный процесс лечения. Устройство подходит как для терапевтической, так и для ортопедической медицины. Универсальный Для подключения наконечника необходим диаметр хвостовика, составляющий 1,59-1,60 мм. Это стандартный размер, которым оснащено большое количество установок. Именно поэтому наконечник Mercury 332K1 очень универсален. Тип соединения устройства - М4.",https://mercury-dent.pro/upload/iblock/1bf/bfrbt2z0xal309f32x66xpcj7buqtblx.jpg,3,BRAND_OBSERVED_AT_KAZAKHSTAN_RETAILER,KZ_SKU_EVIDENCE_REQUIRED,https://mercury-dent.pro/catalog/stomatologicheskie-nakonechniki/vysokoskorostnye-nakonechniki/mercury-332k1/
MERCURY-ND-A004430,Mercury,Mercury Dental Equipment,Турбинный наконечник Mercury 332K3 с генератором света + роторная группа,ND-A004430,ND-A004430,332K3 с генератором света + роторная группа,1,Стоматологические наконечники,"Оригинальное 2-цветное покрытие. Дополнительная роторная группа в комплекте! Свет Наконечник Mercury 332K3 оснащен генератором света , благодаря которому процесс работы станет более точным и удобным. Тип установки света - кольцевой диод , что позволяет более точно осветить место, с которым работает врач. Светодиод не требует много электроэнергии. Мощность Частота вращения наконечника достигает 400 000 оборотов в минуту, что является очень хорошим показателем для турбинных наконечников. С ним стоматологические работы станут быстрее и комфортнее. Для охлаждения используется пятиточечный спрей. Надежность Корпус турбинного наконечника Mercury 332K3 изготовлен из дюралюминиевого сплава, который отличается не только высокой ударостойкостью и пониженным риском нанести царапину, но и поверхностью, которая не скользит в руке и приятно ощущается. Также в устройстве используется керамический подшипник, который также отличается высокой прочностью.",https://mercury-dent.pro/upload/iblock/1cc/lgh7c75bct3l1aczscg7lg2c54xp4m8o.jpg,3,BRAND_OBSERVED_AT_KAZAKHSTAN_RETAILER,KZ_SKU_EVIDENCE_REQUIRED,https://mercury-dent.pro/catalog/stomatologicheskie-nakonechniki/vysokoskorostnye-nakonechniki/mercury-332k3/
MERCURY-ND-A004431,Mercury,Mercury Dental Equipment,Турбинный наконечник Mercury 351K с генератором света + роторная группа,ND-A004431,ND-A004431,351K с генератором света + роторная группа,1,Стоматологические наконечники,"Генератор света. 5-диодный свет. Аналог подшипника KaVo 2,8 мм. Дополнительная роторная группа в комплекте! Качество и надежность Турбинный наконечник Mercury 351K — флагман серии «Black» от компании «Mecury». Он обладает множеством немаловажных достоинств. В инструменте используется керамический подшипник от компании KaVo, одного из самых популярных и надежных производителей стоматологического оборудования в мире. Диаметр подшипника составляет 2,8 мм. Высокая функциональность Наконечник Mercury 351K оснащен генератором света очень высокого качества. Пятидиодный светильник обладает ярким, но мягким светом, благодаря чему хорошо освещает рабочую зону, и, при этом, не слепит глаз врачу и пациенту. Более того, такой светильник расходует мало энергии. Мощность и эффективность Благодаря высокому давлению воздуха, достигающему 2,4 Мпа, бор наконечника способен разгоняться до 400 000 оборотов в минуту. Благодаря этому достигается быстрый и качественный эффект. Функцию охлаждения выполняет пятиточечный спрей. Тип соединения устройства соответствует международным стандартам — Midwest 4.",https://mercury-dent.pro/upload/iblock/440/vitln6viwkoq0aju4femoodzoefdplz5.jpg,3,BRAND_OBSERVED_AT_KAZAKHSTAN_RETAILER,KZ_SKU_EVIDENCE_REQUIRED,https://mercury-dent.pro/catalog/stomatologicheskie-nakonechniki/vysokoskorostnye-nakonechniki/mercury-351k/
MERCURY-ND-A004423,Mercury,Mercury Dental Equipment,Турбинный наконечник Mercury 361Н с генератором света,ND-A004423,ND-A004423,361Н с генератором света,1,Стоматологические наконечники,"Уникальная технология шпинделя с улучшенной силой зажима Голова наконечника изогнута по углом 100 о для комфортного доступа к молярам. Воздух: 4-точечный Размер головки: Маленькая - S(11 мм), Большая - T(15 мм)",https://mercury-dent.pro/upload/iblock/1c6/kws26qhpvekzy3107af98tvqfxs73hil.jpg,6,BRAND_OBSERVED_AT_KAZAKHSTAN_RETAILER,KZ_SKU_EVIDENCE_REQUIRED,https://mercury-dent.pro/catalog/stomatologicheskie-nakonechniki/vysokoskorostnye-nakonechniki/mercury-361n/
MERCURY-ND-A005373,Mercury,Mercury Dental Equipment,Турбинный наконечник Mercury 361Н с генератором света и с двумя роторными группами,ND-A005373,ND-A005373,361Н с генератором света и с двумя роторными группами,1,Стоматологические наконечники,Уникальная технология шпинделя с улучшенной силой зажима Голова наконечника изогнута по углом 100 о для комфортного доступа к молярам. Воздух: 4-точечный,https://mercury-dent.pro/upload/iblock/1c6/kws26qhpvekzy3107af98tvqfxs73hil.jpg,6,BRAND_OBSERVED_AT_KAZAKHSTAN_RETAILER,KZ_SKU_EVIDENCE_REQUIRED,https://mercury-dent.pro/catalog/stomatologicheskie-nakonechniki/vysokoskorostnye-nakonechniki/361n-s-dvumya-rotornymi-gruppami/
MERCURY-ND-A004416,Mercury,Mercury Dental Equipment,Турбинный наконечник Mercury 361K с генератором света,ND-A004416,ND-A004416,361K с генератором света,1,Стоматологические наконечники,"Уникальная технология шпинделя с улучшенной силой зажима Когда бор касается зубов, шпиндель защелкивается сильнее и выше, похожий механизм используется в импортных наконечниках NSK и KAVo. Данная технология определяет и качество ротора, который обладает очень низким уровнем шума и вибрации. Завод-производитель уникальных роторных групп NHBB (New Hampshire Ball Bearings) , отбалансированных на немецких станках Pasio 005 (SCHENCK RoTec), предоставляет год гарантии на шпиндель и полгода на японские подшипники NSK . Размер головки (роторная группа): Маленькая - S(11 мм), Большая - T(15 мм)",https://mercury-dent.pro/upload/iblock/0db/9f6pqvk97sgz9w6opolzfghioyio0qvt.jpg,7,BRAND_OBSERVED_AT_KAZAKHSTAN_RETAILER,KZ_SKU_EVIDENCE_REQUIRED,https://mercury-dent.pro/catalog/stomatologicheskie-nakonechniki/vysokoskorostnye-nakonechniki/mercury-361k-s-generatorom-sveta/
MERCURY-ND-A004439,Mercury,Mercury Dental Equipment,Турбинный наконечник Mercury 381K с быстросъемным коннектором и генератором света,ND-A004439,ND-A004439,381K с быстросъемным коннектором и генератором света,1,Стоматологические наконечники,Наконечник Mercury 381K мультифлекс оснащен быстросъемом с лампочкой .,https://mercury-dent.pro/upload/iblock/f6b/ebfc0pw4tzwyv4ekih5rke82n41x7aa2.jpg,2,BRAND_OBSERVED_AT_KAZAKHSTAN_RETAILER,KZ_SKU_EVIDENCE_REQUIRED,https://mercury-dent.pro/catalog/stomatologicheskie-nakonechniki/vysokoskorostnye-nakonechniki/mercury-381k-multifleks-s-generatorom-sveta/
MERCURY-ND-A004447,Mercury,Mercury Dental Equipment,Турбинный наконечник Mercury 381K с быстросъемным коннектором и фиброоптикой + роторная группа,ND-A004447,ND-A004447,381K с быстросъемным коннектором и фиброоптикой + роторная группа,1,Стоматологические наконечники,Наконечник Mercury 381K оснащен быстросъемом с лампочкой . - Дополнительная роторная группа в комплекте.,https://mercury-dent.pro/upload/iblock/d4f/zxjizhw8fnhs5d5er7046x98g5jlldro.jpg,6,BRAND_OBSERVED_AT_KAZAKHSTAN_RETAILER,KZ_SKU_EVIDENCE_REQUIRED,https://mercury-dent.pro/catalog/stomatologicheskie-nakonechniki/vysokoskorostnye-nakonechniki/mercury-381k-fibrooptika/
MERCURY-ND-A004449,Mercury,Mercury Dental Equipment,Угловой наконечник Mercury 111 с внутренней водой,ND-A004449,ND-A004449,111 с внутренней водой,1,Стоматологические наконечники,"Внутреннее охлаждение В наконечник Mercury 111 встроена система внутреннего охлаждения, которая повысит безопасность использования, исключит возможность перегрева и ожога рабочей поверхности. Одноточечный спрей отлично справляется с поставленной задачей, его конструкция и принцип действия полностью соответствует самым высоким стандартам. Мощность и универсальность Максимальная скорость вращения бора наконечника составляет 40 000 оборотов в минуту. Так как придаточное число инструмента составляет 1:1, можно быть уверенным в том, что инструмент сохранит высокую скорость работы даже при сильном нажиме без риска возникновения вибрации. Наконечник подходит для боров диаметром 2,35 мм, что означает, что для него подходит множество разнообразных режущих инструментов, что делает инструмент универсальным.",https://mercury-dent.pro/upload/iblock/2c5/lzaw3nss5452zvu0t83vxecclvxuwe7t.jpg,5,BRAND_OBSERVED_AT_KAZAKHSTAN_RETAILER,KZ_SKU_EVIDENCE_REQUIRED,https://mercury-dent.pro/catalog/stomatologicheskie-nakonechniki/nizkoskorostnye-nakonechniki/mercury-111-s-vnutrenney-vodoy/
MERCURY-ND-A004417,Mercury,Mercury Dental Equipment,Угловой наконечник Mercury 111 с цангой,ND-A004417,ND-A004417,111 с цангой,1,Стоматологические наконечники,"Универсальный наконечник Наконечник Mercury 111 относится к угловым. Такие наконечники наиболее востребованы у стоматологов, та как обладают рядом очень важных качеств. Широкий диапазон вращения — одна из основных особенностей. Его форма позволяет работать даже в труднодоступных местах ротовой полости. Угловой наконечник Mercury 111 — по-настоящему выигрышный вариант для всех категорий. Стабильность работы Важная отличительная особенность углового наконечника Mercury 111 - он в состояние выдерживать высокую нагрузку под разными углами, не теряя эффективности в работе. При этом, даже при сильном нажиме мал риск появления вибрации. Особенности его конструкции также предполагают совместимость со множеством разновидностей режущих инструментов. Функциональность высокого уровня Максимальная скорость вращения наконечника устройства составляет 40 000 оборотов в минуту. Это очень хороший показатель для низкоскоростных наконечников. Столь высокая мощность позволяет выполнять работу не только быстро, но и очень качественно. Придаточное соотношение составляет 1:1.",https://mercury-dent.pro/upload/iblock/f4a/haw3cizhvejm955edvrbzul2jp2ie0bv.jpg,3,BRAND_OBSERVED_AT_KAZAKHSTAN_RETAILER,KZ_SKU_EVIDENCE_REQUIRED,https://mercury-dent.pro/catalog/stomatologicheskie-nakonechniki/nizkoskorostnye-nakonechniki/mercury-111-s-tsangoy/
MERCURY-ND-A004418,Mercury,Mercury Dental Equipment,Угловой наконечник Mercury 222,ND-A004418,ND-A004418,222,1,Стоматологические наконечники,"Функциональный Наконечник Mercury 222 предназначен для использования СА боров с диаметром 2,35 мм. Это означает, что для него подходят различные режущие инструменты. Это делает наконечник весьма универсальным. Данное устройство предназначено для ортопедии. Универсальный Благодаря особой форме наконечника, он эффективен даже в труднодоступных местах полости рта. Скорость вращения бора достигает 40 000 оборотов в минут, что говорит о том, что такое устройство очень эффективно, позволяет делать быструю и качественную работу. Придаточное соотношение составляет 1:1, так что скорость вращения бора не падает даже при сильном нажиме. Надежный Корпус из нержавеющей стали прослужит долгое время. Стальной подшипник, установленный в устройство также прослужит продолжительный срок. Особенности конструкции наконечника Mercury 222 уменьшают вероятность появления вибрации при сильном нажиме. Работать с этим устройством можно под разным углом наклона без потери эффективности.",https://mercury-dent.pro/upload/iblock/b8d/9t765naynhw9xjjvr4609v38g2ewgxh9.jpg,2,BRAND_OBSERVED_AT_KAZAKHSTAN_RETAILER,KZ_SKU_EVIDENCE_REQUIRED,https://mercury-dent.pro/catalog/stomatologicheskie-nakonechniki/nizkoskorostnye-nakonechniki/mercury-222-s-knopkoy/
MERCURY-ND-A004419,Mercury,Mercury Dental Equipment,Угловой наконечник Mercury 555 с генератором света для пневмомотора,ND-A004419,ND-A004419,555 с генератором света для пневмомотора,1,Стоматологические наконечники,"Частота вращения генератора: 25000-30000 об/мин Класс защиты: II Тип рабочей части: B Характеристики генератора: ток: 20 мА Напряжение: 3.6-4.5 В Широкая сфера применения Тип низкоскоростного наконечника Mercury 555 — угловой. Такие инструменты очень востребованы у стоматологов так как применимы в различных сферах. Особенности его конструкции позволяют комфортно работать в труднодоступных местах под разным уровнем наклона. При этом значительно уменьшена возможность появления вибрации. Качественный светодиод Наконечник Mercury 555 оснащен встроенной системой освещения. Также в инструмент интегрирован электрогенератор напряжения. Это позволяет пользоваться светом без дополнительного подключения к установке. Мощность светодиода составляет 250 люкс, чего более чем достаточно для комфортной работы. Практичный и эффективный Максимальная скорость оборотов наконечника составляет 40 000 оборотов в минуту. Столь высокая скорость требует качественной системы охлаждения. У наконечника Mercury 555 она есть. Встроенный 2-точечный спрей отлично справляется с задачей, охлаждая рабочую зоны, исключая риск ожога и перегрева.",https://mercury-dent.pro/upload/iblock/4a4/8ha01ak3vewj9bumfyfo1k8pwdouj1nr.jpg,3,BRAND_OBSERVED_AT_KAZAKHSTAN_RETAILER,KZ_SKU_EVIDENCE_REQUIRED,https://mercury-dent.pro/catalog/stomatologicheskie-nakonechniki/nizkoskorostnye-nakonechniki/mercury-555-dlya-pnevmomotora/
MERCURY-ND-A004436,Mercury,Mercury Dental Equipment,Угловой наконечник Mercury 555 с фиброоптикой и внутренней водой,ND-A004436,ND-A004436,555 с фиброоптикой и внутренней водой,1,Стоматологические наконечники,"Фиброоптика Наконечник Mercury 555 оснащен фиброоптикой высокого качества. Такой тип подсветки очень популярен так как обладает множеством важных особенностей. Он передает мягкий свет, который не слепит глаз, при этом мягко освещая нужную зону. Кроме того, он имеет продолжительный срок службы и потребляет мало энергии. В наконечник встроен генератор электроэнергии, благодаря которому для включения света не придется дополнительно подключаться к установке. Мощность Придаточное число наконечника составляет 1:1, а при том, что максимальная скорость бора достигает 40 000 оборотов в минуту, вы можете рассчитывать на быструю и эффективную работу. Для охлаждения рабочей зоны используется одноточечный спрей высокого качества, который без проблем выполнит все возложенные на него обязанности. Надежность Корпус наконечника Mercury 555 из нержавеющей стали отличается высокой ударостойкостью и внушительным сроком эксплуатации. Бор крепится с помощью зажимного устройства с кнопкой, что гарантирует крепкое и надежное крепление. Наконечник оснащен стальным подшипником высокого качества.",https://mercury-dent.pro/upload/iblock/52f/tiik9r1nqqhexvgasricl2h5g7ccodev.jpg,3,BRAND_OBSERVED_AT_KAZAKHSTAN_RETAILER,KZ_SKU_EVIDENCE_REQUIRED,https://mercury-dent.pro/catalog/stomatologicheskie-nakonechniki/nizkoskorostnye-nakonechniki/mercury-555-s-fibrooptikoy/
MERCURY-NDN-000555,Mercury,Mercury Dental Equipment,Физиодиспенсер Mercury-X,NDN-000555,NDN-000555,-X,1,Имплантология,"Правая рука имплантолога или просто физиодиспенсер Mercury-X Это не только многофункциональный и незаменимый помощник, но еще и очень универсальный. Помимо имплантологии, его можно использовать в челюстно-лицевой хирургии и эндодонтии. Он будет Вашим лучшим другом, потому что полностью под вас подстраивается с помощью кнопок: вращение, программа, коэффициент передачи, охлаждающая жидкость, оптический светодиод, скорость (увеличить\уменьшить), крутящийся момент (увеличить\уменьшить). Так же он оснащен полезнейшей функцией памяти, то есть хранит подробные данные каждой функции в программе (коэффициент передачи, крутящий момент, скорость, вперед/назад, охлаждающая жидкость). Можно установить 9 подробных настроек (они будут отображаться на экране цифрами от 1 до 9) под себя, под конкретный вид лечения либо под определенного пациента. Это очень удобно и экономит Ваше драгоценное время, выбрали цифру – и начали работу. Кнопка «программа» дает возможность выбрать одну из шести предложенных программ, необходимых для операции, каждой соответствует её номер: Сверление; Нарезка резьбы; Удаление винтового метчика; Имплантирование; Удаление; Монолитный винт Управление программой, контроль охлаждающей жидкости и функция «вперед\назад» осуществляются с помощью педали, которая идет в комплекте. Благодаря физиодиспенсеру Mercury-X скорость Вашей работы увеличивается, пациенты чувствуют себя более безопасно, так как он предотвращает риск перегрева кости, плюс прибор орошает оперируемый участок и обеспечивает безупречную стерильность, тем самым позволяет безопасно проводить имплантацию. *наконечник на физиодиспенсер идёт в комплекте. Параметры Макс. ток: 6 A. Оптическая система: Белый светодиод. Муфта: ISO 3964. Функции: Позиционирование - точное расположение на альвеолярной кости с помощью позиционного бора; Сверление отверстия - определяет направление и глубину сверления; Расширение отверстия - определяет диаметр отверстия; Нарезка - создание резьбы в углублении, в которое должен вкручиваться имплант; Имплантация – установка зубных имплантов в альвеолярную кость; Фиксация винта абатмента - фиксация гайки на зубном импланте; Пользовательский режим - замена прямого наконечника, угловой наконечник с разными передаточными числами для разных стоматологических процедур; Очистка - удаление воды без вращения мотора, удобно для промывки.",https://mercury-dent.pro/upload/iblock/aa2/anj3eyubi0s33ivpal30fbutxl5tmbt2.jpg,5,BRAND_OBSERVED_AT_KAZAKHSTAN_RETAILER,KZ_SKU_EVIDENCE_REQUIRED,https://mercury-dent.pro/catalog/implantologiya/fiziodispenser-mercury-x/
MERCURY-ND-A004452,Mercury,Mercury Dental Equipment,Хирургический наконечник Mercury 888 с внешней водой и фиброоптикой,ND-A004452,ND-A004452,888 с внешней водой и фиброоптикой,1,Стоматологические наконечники,"Наконечник прямой конструкция 3 в одном: стекловолоконный световод, внутренний двухконтурный спрей вода+воздух, наружный спрей для использования в практике хирургии челюстных костей. Конструкция этого наконечника собрала в себе все необходимые преимущества для использования стоматологами различных специализаций и применения на разных типах микромоторов. Вы можете без проблем использовать его как на пневматических, так и электрических микромоторах, оснащённых или нет внутренним спреем, а так же с источником света или без. Так как этот наконечник имеет и внешний спрей , он без проблем может использоваться стоматологами-хирургами для костных операций, таких, как синуслифтинг, остеотомию и т.д. на физиодиспенсерах любых производителей. Конструкция его предусматривает использование как длинного стандарта режущего инструмента RA (2.35 для прямого наконечника) так и короткого стандарта CA (2.35 для углового наконечника). Наконечник может стерилизоваться в автоклаве , согласно требованиям к подобным изделиям в запечатанном виде и обязательной предварительной дезинфекцией и смазкой. Смазку необходимо проводить перед каждой стерилизацией, контролируя цвет масла при смазке, он должен быть прозрачный, если он имеет тёмный цвет, то необходимо повторить процесс смазки до появления чистого масла выходящего из отверстия канала режущего инструмента. При использовании в ортопедической или терапевтической стоматологии смазку необходимо производить не менее одного раза в смену при последующем использовании. КАТЕГОРИЧЕСКИ ЗАПРЕЩАЕТСЯ ПОГРУЖЕНИЕ ИЛИ ЗАМАЧИВАНИЕ В ЛЮБЫХ ДЕЗИНФИЦИРУЮЩИХ РАСТВОРАХ!!!",https://mercury-dent.pro/upload/iblock/258/6l4kyvgg4n8wwjo46ciqerkxtrmssz5k.png,3,BRAND_OBSERVED_AT_KAZAKHSTAN_RETAILER,KZ_SKU_EVIDENCE_REQUIRED,https://mercury-dent.pro/catalog/stomatologicheskie-nakonechniki/nizkoskorostnye-nakonechniki/khirurgicheskiy-nakonechnik-mercury-888/
MERCURY-ND-A004455,Mercury,Mercury Dental Equipment,Эир Профи Юнит Насадка для снятия налета с эмали зуба ТДР-II,ND-A004455,ND-A004455,Эир Профи Юнит Насадка для снятия налета с эмали зуба ТДР-II,1,Стоматологические наконечники,"Съемная автоклавируемая насадка, вращающаяся на 360 o Система антивсасывания Корпус из нержавеющей стали Специальный фильтр от возврата порошка Порошок и абразивы приобретаются отдельно! Совместим со всеми видами порошка (рекомендуется порошок EMS) Функциональный Пескоструйный наконечник Air Prophy Unit наделен системой антивсасывания, которая значительно продлит срок службы устройства. Также инструмент может работать со всеми видами порошка, так что он ещё и весьма универсален. Это подтверждает еще и то, что наконечник имеет тип соединения М4, подходящий для большинства установок. Удобство использования Насадка имеет возможность поворачиваться на 360°, что открывает перед вами возможность точно и комфортно обрабатывать рабочую поверхность. Такой тип конструкции позволяет удобно работать даже с труднодоступными местами полости рта. При этом высокий напор выдает не только точный, но и качественный результат. Стильный и надежный Корпус из нержавеющей стали и цветовая гамма делают устройство очень стильным и надежным. Корпус отличается высокой прочностью и малой восприимчивостью к царапинам. Кроме того, переходник хорошо поддается автоклавированию при максимальной температуре 135°С.",https://mercury-dent.pro/upload/iblock/43e/9nwhcngbrv0gmeu1zgp3jwoxhsyivsio.jpg,1,BRAND_OBSERVED_AT_KAZAKHSTAN_RETAILER,KZ_SKU_EVIDENCE_REQUIRED,https://mercury-dent.pro/catalog/stomatologicheskie-nakonechniki/peskostruynye-nakonechniki/air-prophy-unit-nasadka-dlya-snyatiya-naleta-s-emali-zuba-tdp-ii/
MERCURY-ND-A004425,Mercury,Mercury Dental Equipment,Mercury 333 20:1 с внешней водой,ND-A004425,ND-A004425,333 20:1 с внешней водой,1,Стоматологические наконечники,,https://mercury-dent.pro/upload/iblock/c25/as6ptylozax3gvo5t1lchdj8xilteebx.jpg,5,BRAND_OBSERVED_AT_KAZAKHSTAN_RETAILER,KZ_SKU_EVIDENCE_REQUIRED,https://mercury-dent.pro/catalog/stomatologicheskie-nakonechniki/nakonechniki-s-ponizheniem-mercury/mercury-333-20-1/
MERCURY-ND-A004433,Mercury,Mercury Dental Equipment,Mercury 333 20:1 с внешней водой и фиброоптикой,ND-A004433,ND-A004433,333 20:1 с внешней водой и фиброоптикой,1,Стоматологические наконечники,"Наконечник разработан и изготовлен на основе ISO 14457-2017 и может использоваться со стандартными моторами. Используется для стоматологического сверления, челюстно-лицевой хирургии и микрохирургии Водный распылитель с двумя трубками достигает максимального охлаждающего эффекта. Вы можете охладить внутреннюю или внешнюю часть наконечника по необходимости, гарантируя, что вода непрерывно передается к хирургическим компонентам. Голова наконечника с двойным уплотнением не допускает попадания крови, вирусов или обломков в механизм наконечника. Улучшили технологию снижения вибрации при сверлении, что повышает точность операции. Наконечник небольшой и легкий с крутящим моментом высокой точности, что снижает усталость наконечника и повышает баланс. Поверхностный слой покрытия наконечника значительно повышает стойкость к истиранию. Обязательно! Мыть холодной проточной водой. Промывать спреем до появления чистой жидкости или в аппарате чистки и смазки наконечников. Высушить. Автоклавировать в стерильном пакете при температуре 135 o C.",https://mercury-dent.pro/upload/iblock/13a/19dq6sc9u68fwm8sb7qrzfrjo34mv3e0.jpg,4,BRAND_OBSERVED_AT_KAZAKHSTAN_RETAILER,KZ_SKU_EVIDENCE_REQUIRED,https://mercury-dent.pro/catalog/stomatologicheskie-nakonechniki/nakonechniki-s-ponizheniem-mercury/mercury-333-20-1-so-svetom-fibrooptika/
