officialProductId,brand,manufacturer,name,manufacturerRef,manufacturerRefs,model,variantCount,categoryPath,description,sourceImageUrl,imageCount,kzEvidence,status,sourcePageUrl
MGF-PR-OF400-090-MT-HD,MGF,MGF S.r.l.,100/30 TANDEM PRIME M HD - 230V 50Hz,PR-OF400-090-MT-HD,PR-OF400-090-MT-HD,100/30 TANDEM PRIME M HD,1,Компрессоры PRIME HD для CAD/CAM,"Oil free compressor, 4 cylinders, air output 220 l/min@8 bar, 90 liter tank, new generation membrane dryer capable of supplying dried air down to -20°C dew point",https://www.mgfcompressors.com/fileadmin/_processed_/e/2/csm_100-30_TANDEM_PRIME_M__10__SCONTORNO_adf9c15f46.jpg,1,BRAND_OBSERVED_IN_KAZAKHSTAN_MARKET,KZ_SKU_EVIDENCE_REQUIRED,https://www.mgfcompressors.com/dental/oil-free-compressors-prime-hd-for-cad-cam/prime-versions-with-air-dryer/100-30-tandem-prime-m-hd.html
MGF-PR-OF400-090-MT3-HD,MGF,MGF S.r.l.,100/30 TANDEM PRIME M HD 400V - 400V 50Hz,PR-OF400-090-MT3-HD,PR-OF400-090-MT3-HD,100/30 TANDEM PRIME M HD 400V,1,Компрессоры PRIME HD для CAD/CAM,"Oil free compressor 3ph, 4 cylinders, air output 220 l/min@8 bar, 90 liter tank, new generation membrane dryer capable of supplying dried air down to -20°C dew point",https://www.mgfcompressors.com/fileadmin/_processed_/e/2/csm_100-30_TANDEM_PRIME_M__10__SCONTORNO_adf9c15f46.jpg,1,BRAND_OBSERVED_IN_KAZAKHSTAN_MARKET,KZ_SKU_EVIDENCE_REQUIRED,https://www.mgfcompressors.com/dental/oil-free-compressors-prime-hd-for-cad-cam/prime-versions-with-air-dryer/100-30-tandem-prime-m-10-bar-1-1.html
MGF-PR-OF400-090-T-HD,MGF,MGF S.r.l.,100/30 TANDEM PRIME S HD 10 BAR - 230V 50Hz,PR-OF400-090-T-HD,PR-OF400-090-T-HD,100/30 TANDEM PRIME S HD 10 BAR,1,Компрессоры PRIME HD для CAD/CAM,"Oil-free compressor, flow rate 250 l/min@8 bar, 90 l tank, without dryer.",https://www.mgfcompressors.com/fileadmin/_processed_/7/6/csm_100-30_PRIME_S-HD_ce4ad1eb22.jpg,1,BRAND_OBSERVED_IN_KAZAKHSTAN_MARKET,KZ_SKU_EVIDENCE_REQUIRED,https://www.mgfcompressors.com/dental/oil-free-compressors-prime-hd-for-cad-cam/prime-version-without-air-dryer/100-30-tandem-prime-s-10-bar-1-1.html
MGF-PR-OF400-090-T3-HD,MGF,MGF S.r.l.,100/30 TANDEM PRIME S HD 10 BAR - 400V 50/60Hz,PR-OF400-090-T3-HD,PR-OF400-090-T3-HD,100/30 TANDEM PRIME S HD 10 BAR,1,Компрессоры PRIME HD для CAD/CAM,"Oil-free compressor, flow rate 250 l/min@8 bar, 90 l tank, without dryer.",https://www.mgfcompressors.com/fileadmin/_processed_/7/6/csm_100-30_PRIME_S-HD_ce4ad1eb22.jpg,1,BRAND_OBSERVED_IN_KAZAKHSTAN_MARKET,KZ_SKU_EVIDENCE_REQUIRED,https://www.mgfcompressors.com/dental/oil-free-compressors-prime-hd-for-cad-cam/prime-version-without-air-dryer/100-30-tandem-prime-s-10-bar-2.html
MGF-PR-OF600-090-T3-AN,MGF,MGF S.r.l.,100/50 TANDEM PRIME E - 400V 50/60Hz,PR-OF600-090-T3-AN,PR-OF600-090-T3-AN,100/50 TANDEM PRIME E,1,Стоматологические компрессоры Pure Air,"Oil free compressors, 6 cylinders, FAD at 8 bar 304 l/min@5 bar, air receiver capacity 90 L, with adsorption air dryer able to achieve -40°C dew point",https://www.mgfcompressors.com/fileadmin/_processed_/e/d/csm_100-50-TANDEM-PRIME-E-HD_03616c2534.jpg,1,BRAND_OBSERVED_IN_KAZAKHSTAN_MARKET,KZ_SKU_EVIDENCE_REQUIRED,https://www.mgfcompressors.com/dental/pure-air-dental-compressors-medical-compressors/prime-line/100-50-tandem-prime-e-2.html
MGF-PR-OF600-090-T3-AN,MGF,MGF S.r.l.,100/50 TANDEM PRIME E - 400V 50/60Hz,PR-OF600-090-T3-AN,PR-OF600-090-T3-AN,100/50 TANDEM PRIME E,1,Компрессоры PRIME HD для CAD/CAM,"Oil-free compressor, 6 cylinders, flow rate 304 l/min@8 bar, 90 l tank, with adsorption dryer",https://www.mgfcompressors.com/fileadmin/_processed_/e/d/csm_100-50-TANDEM-PRIME-E-HD_03616c2534.jpg,1,BRAND_OBSERVED_IN_KAZAKHSTAN_MARKET,KZ_SKU_EVIDENCE_REQUIRED,https://www.mgfcompressors.com/dental/oil-free-compressors-prime-hd-for-cad-cam/versions-with-adsorption-dryer/100-50-tandem-prime-e-1.html
MGF-PR-OF600-090-MT-HD,MGF,MGF S.r.l.,100/50 TANDEM PRIME M HD - 230V 50Hz,PR-OF600-090-MT-HD,PR-OF600-090-MT-HD,100/50 TANDEM PRIME M HD,1,Компрессоры PRIME HD для CAD/CAM,"Oil free compressor, 6 cylinders, air output 330 l/min@8 bar, 90 litre tank, new generation membrane dryer able to supply dried air down to -20°C dew point",https://www.mgfcompressors.com/fileadmin/_processed_/5/9/csm_100-50_TANDEM_PRIME_M_SCONTORNO_6c1a3af330.jpg,1,BRAND_OBSERVED_IN_KAZAKHSTAN_MARKET,KZ_SKU_EVIDENCE_REQUIRED,https://www.mgfcompressors.com/dental/oil-free-compressors-prime-hd-for-cad-cam/100-50-tandem-prime-m-10-bar-1-1.html
MGF-PR-OF600-090-MT-HD,MGF,MGF S.r.l.,100/50 TANDEM PRIME M HD - 230V 50Hz,PR-OF600-090-MT-HD,PR-OF600-090-MT-HD,100/50 TANDEM PRIME M HD,1,Компрессоры PRIME HD для CAD/CAM,"Oil free compressor, 6 cylinders, air output 330 l/min@8 bar, 90 litre tank, new generation membrane dryer able to supply dried air down to -20°C dew point",https://www.mgfcompressors.com/fileadmin/_processed_/5/9/csm_100-50_TANDEM_PRIME_M_SCONTORNO_6c1a3af330.jpg,1,BRAND_OBSERVED_IN_KAZAKHSTAN_MARKET,KZ_SKU_EVIDENCE_REQUIRED,https://www.mgfcompressors.com/dental/oil-free-compressors-prime-hd-for-cad-cam/prime-versions-with-air-dryer/100-50-tandem-prime-m-10-bar-1-1.html
MGF-PR-OF600-090-MT3-HD,MGF,MGF S.r.l.,100/50 TANDEM PRIME M HD 400V - 400V 50Hz,PR-OF600-090-MT3-HD,PR-OF600-090-MT3-HD,100/50 TANDEM PRIME M HD 400V,1,Компрессоры PRIME HD для CAD/CAM,"Three-phase oil free compressor, 6 cylinders, air output 330 l/min@8 bar, 90 liter tank, new generation membrane dryer capable of supplying dried air down to -20°C dew point",https://www.mgfcompressors.com/fileadmin/_processed_/5/9/csm_100-50_TANDEM_PRIME_M_SCONTORNO_6c1a3af330.jpg,1,BRAND_OBSERVED_IN_KAZAKHSTAN_MARKET,KZ_SKU_EVIDENCE_REQUIRED,https://www.mgfcompressors.com/dental/oil-free-compressors-prime-hd-for-cad-cam/100-50-tandem-prime-m-10-bar-1.html
MGF-PR-OF600-090-MT3-HD,MGF,MGF S.r.l.,100/50 TANDEM PRIME M HD 400V - 400V 50Hz,PR-OF600-090-MT3-HD,PR-OF600-090-MT3-HD,100/50 TANDEM PRIME M HD 400V,1,Компрессоры PRIME HD для CAD/CAM,"Three-phase oil free compressor, 6 cylinders, air output 330 l/min@8 bar, 90 liter tank, new generation membrane dryer capable of supplying dried air down to -20°C dew point",https://www.mgfcompressors.com/fileadmin/_processed_/5/9/csm_100-50_TANDEM_PRIME_M_SCONTORNO_6c1a3af330.jpg,1,BRAND_OBSERVED_IN_KAZAKHSTAN_MARKET,KZ_SKU_EVIDENCE_REQUIRED,https://www.mgfcompressors.com/dental/oil-free-compressors-prime-hd-for-cad-cam/prime-versions-with-air-dryer/100-50-tandem-prime-m-10-bar-1.html
MGF-PR-OF600-090-T-HD,MGF,MGF S.r.l.,100/50 TANDEM PRIME S HD 10 BAR - 230V 50Hz,PR-OF600-090-T-HD,PR-OF600-090-T-HD,100/50 TANDEM PRIME S HD 10 BAR,1,Компрессоры PRIME HD для CAD/CAM,"Oil-free compressor, 6 cylinders, flow rate 380 l/min@8 bar, 90 l tank, without dryer.",https://www.mgfcompressors.com/fileadmin/_processed_/6/8/csm_100-50_PRIME_S-HD_756b44d5f1.jpg,1,BRAND_OBSERVED_IN_KAZAKHSTAN_MARKET,KZ_SKU_EVIDENCE_REQUIRED,https://www.mgfcompressors.com/dental/oil-free-compressors-prime-hd-for-cad-cam/prime-version-without-air-dryer/100-50-tandem-prime-s-10-bar-2.html
MGF-PR-OF600-090-T3-HD,MGF,MGF S.r.l.,100/50 TANDEM PRIME S HD 10 BAR - 400V 50/60Hz,PR-OF600-090-T3-HD,PR-OF600-090-T3-HD,100/50 TANDEM PRIME S HD 10 BAR,1,Компрессоры PRIME HD для CAD/CAM,"Oil-free compressor, 6 cylinders, flow rate 380 l/min@8 bar, 90 l tank, without dryer.",https://www.mgfcompressors.com/fileadmin/_processed_/6/8/csm_100-50_PRIME_S-HD_756b44d5f1.jpg,1,BRAND_OBSERVED_IN_KAZAKHSTAN_MARKET,KZ_SKU_EVIDENCE_REQUIRED,https://www.mgfcompressors.com/dental/oil-free-compressors-prime-hd-for-cad-cam/prime-version-without-air-dryer/100-50-tandem-prime-s-10-bar-1-1.html
MGF-PR-OF600-090-SMT3,MGF,MGF S.r.l.,100/50 TANDEM PRIME X3 10 BAR - 400V 50/60Hz,PR-OF600-090-SMT3,PR-OF600-090-SMT3,100/50 TANDEM PRIME X3 10 BAR,1,Компрессоры PRIME HD для CAD/CAM,"Oil-free compressor suitable for continuous compressed air supply till 330 l/min @ 8 bar, air receiver capacity 90 l, with membrane air dryer.",https://www.mgfcompressors.com/fileadmin/_processed_/5/9/csm_100-50_TANDEM_PRIME_M_SCONTORNO_6c1a3af330.jpg,1,BRAND_OBSERVED_IN_KAZAKHSTAN_MARKET,KZ_SKU_EVIDENCE_REQUIRED,https://www.mgfcompressors.com/dental/oil-free-compressors-prime-hd-for-cad-cam/x-line-version/100-50-tandem-prime-x3-10-bar.html
MGF-AS-300-EX,MGF,MGF S.r.l.,2 x HYBRID 5,AS-300-EX,AS-300-EX,2 x HYBRID 5,1,Централизованная хирургическая аспирация,Centralized wet ring suction system plug & play for up to 12 dental units.,https://www.mgfcompressors.com/fileadmin/_processed_/c/1/csm_Hybrib_5x2_senza_separatore-JPEG_ridimensionata_d087e3eab6.jpg,1,BRAND_OBSERVED_IN_KAZAKHSTAN_MARKET,KZ_SKU_EVIDENCE_REQUIRED,https://www.mgfcompressors.com/dental/centralized-surgical-dental-suction/2-x-hybrid-5.html
MGF-AS-300-EX-AS,MGF,MGF S.r.l.,2 x HYBRID 5,AS-300-EX-AS,AS-300-EX-AS,2 x HYBRID 5,1,Централизованная хирургическая аспирация,Centralized suction system with wet ring plug & play up to 12 units equipped with amalgam separator.,https://www.mgfcompressors.com/fileadmin/_processed_/4/f/csm_Ibrib_5x2-2_Metasys_copia_ec4caa7a54.png,1,BRAND_OBSERVED_IN_KAZAKHSTAN_MARKET,KZ_SKU_EVIDENCE_REQUIRED,https://www.mgfcompressors.com/dental/centralized-surgical-dental-suction/2-x-hybrid-5-1.html
MGF-AS-300-EX,MGF,MGF S.r.l.,2 x HYBRID 5,AS-300-EX,AS-300-EX,2 x HYBRID 5,1,Централизованная хирургическая аспирация,Centralized wet ring suction system plug & play for up to 12 dental units.,https://www.mgfcompressors.com/fileadmin/_processed_/c/1/csm_Hybrib_5x2_senza_separatore-JPEG_ridimensionata_d087e3eab6.jpg,1,BRAND_OBSERVED_IN_KAZAKHSTAN_MARKET,KZ_SKU_EVIDENCE_REQUIRED,https://www.mgfcompressors.com/dental/centralized-surgical-dental-suction/centralized-suction-up-to-20-dental-chairs/2-x-hybrid-5.html
MGF-AS-300-EX-AS,MGF,MGF S.r.l.,2 x HYBRID 5,AS-300-EX-AS,AS-300-EX-AS,2 x HYBRID 5,1,Централизованная хирургическая аспирация,Centralized suction system with wet ring plug & play up to 12 units equipped with amalgam separator.,https://www.mgfcompressors.com/fileadmin/_processed_/4/f/csm_Ibrib_5x2-2_Metasys_copia_ec4caa7a54.png,1,BRAND_OBSERVED_IN_KAZAKHSTAN_MARKET,KZ_SKU_EVIDENCE_REQUIRED,https://www.mgfcompressors.com/dental/centralized-surgical-dental-suction/centralized-suction-up-to-20-dental-chairs/2-x-hybrid-5-1.html
MGF-PR-OF900-200-T3-HD,MGF,MGF S.r.l.,200/75 PRIME S HD 10 BAR - 400V 50/60Hz,PR-OF900-200-T3-HD,PR-OF900-200-T3-HD,200/75 PRIME S HD 10 BAR,1,Компрессоры PRIME HD для CAD/CAM,"Oil-free compressor, 9 cylinders, flow rate 570 l/min@8 bar, 200 l tank, without dryer.",https://www.mgfcompressors.com/fileadmin/_processed_/6/3/csm_200-75_PRIME_S__5__SCONTORNO_3a820c24ec.jpg,1,BRAND_OBSERVED_IN_KAZAKHSTAN_MARKET,KZ_SKU_EVIDENCE_REQUIRED,https://www.mgfcompressors.com/dental/oil-free-compressors-prime-hd-for-cad-cam/prime-version-without-air-dryer/200-75-prime-s-10-bar-1.html
MGF-PR-OF900-200-SMT3,MGF,MGF S.r.l.,200/75 PRIME X3 10 BAR - 400V 50/60Hz,PR-OF900-200-SMT3,PR-OF900-200-SMT3,200/75 PRIME X3 10 BAR,1,Компрессоры PRIME HD для CAD/CAM,"Oil free compressors, 9 cylinders, suitable for continuous compressed air supply till 474 l/min @ 8 bar, air receiver capacity 200 l, with membrane air dryer, X line version.",https://www.mgfcompressors.com/fileadmin/_processed_/b/5/csm_200-75_PRIME_M_SCONTORNO_d69a3b96bf.jpg,1,BRAND_OBSERVED_IN_KAZAKHSTAN_MARKET,KZ_SKU_EVIDENCE_REQUIRED,https://www.mgfcompressors.com/dental/oil-free-compressors-prime-hd-for-cad-cam/x-line-version/200-75-prime-x3-10-bar.html
MGF-PR-OF900-200-MT3-HD,MGF,MGF S.r.l.,200/75 TANDEM PRIME M HD - 230V 50Hz,PR-OF900-200-MT3-HD,PR-OF900-200-MT3-HD,200/75 TANDEM PRIME M HD,1,Компрессоры PRIME HD для CAD/CAM,"Oil free compressor, 9 cylinders, air output 530 l/min@8 bar, 200 l tank, new generation membrane dryer capable of delivering dried air down to -20°C dew point",https://www.mgfcompressors.com/fileadmin/_processed_/0/8/csm_200-75_PRIME_M_HD_d402d18c74.jpg,1,BRAND_OBSERVED_IN_KAZAKHSTAN_MARKET,KZ_SKU_EVIDENCE_REQUIRED,https://www.mgfcompressors.com/dental/oil-free-compressors-prime-hd-for-cad-cam/prime-versions-with-air-dryer/100-50-tandem-prime-m-10-bar-1-1-1.html
MGF-AS-40050002,MGF,MGF S.r.l.,24 V basin / cuspidor drain valve - 230V 50Hz,AS-40050002,AS-40050002,24 V basin / cuspidor drain valve,1,Стоматологические аспирационные системы,Bowl drain valve for placing liquids from the spittoon,https://www.mgfcompressors.com/fileadmin/imported_images/40050002_Spittoon_Valve_frontal__1_.jpg,1,BRAND_OBSERVED_IN_KAZAKHSTAN_MARKET,KZ_SKU_EVIDENCE_REQUIRED,https://www.mgfcompressors.com/dental/dental-suction-systems/surgical-suction-accessories/valvola-di-scarico-bacinella-sputacchiera-24-v.html
MGF-AS-40050002,MGF,MGF S.r.l.,24 V basin / cuspidor drain valve - 230V 50Hz,AS-40050002,AS-40050002,24 V basin / cuspidor drain valve,1,Централизованная хирургическая аспирация,Bowl drain valve for placing liquids from the spittoon,https://www.mgfcompressors.com/fileadmin/imported_images/40050002_Spittoon_Valve_frontal__1_.jpg,1,BRAND_OBSERVED_IN_KAZAKHSTAN_MARKET,KZ_SKU_EVIDENCE_REQUIRED,https://www.mgfcompressors.com/dental/centralized-surgical-dental-suction/surgical-suction-accessories/valvola-di-scarico-bacinella-sputacchiera-24-v.html
MGF-AS-40050056,MGF,MGF S.r.l.,24 V basin / cuspidor drain valve + selection valve - 230V 50Hz,AS-40050056,AS-40050056,24 V basin / cuspidor drain valve + selection valve,1,Стоматологические аспирационные системы,Bowl drain valve for placing liquids from the spittoon,https://www.mgfcompressors.com/fileadmin/imported_images/40050002_Spittoon_Valve_frontal__1__02.jpg,1,BRAND_OBSERVED_IN_KAZAKHSTAN_MARKET,KZ_SKU_EVIDENCE_REQUIRED,https://www.mgfcompressors.com/dental/dental-suction-systems/surgical-suction-accessories/valvola-di-scarico-bacinella-sputacchiera-24-v-valvola-di-selezione.html
MGF-AS-40050056,MGF,MGF S.r.l.,24 V basin / cuspidor drain valve + selection valve - 230V 50Hz,AS-40050056,AS-40050056,24 V basin / cuspidor drain valve + selection valve,1,Централизованная хирургическая аспирация,Bowl drain valve for placing liquids from the spittoon,https://www.mgfcompressors.com/fileadmin/imported_images/40050002_Spittoon_Valve_frontal__1__02.jpg,1,BRAND_OBSERVED_IN_KAZAKHSTAN_MARKET,KZ_SKU_EVIDENCE_REQUIRED,https://www.mgfcompressors.com/dental/centralized-surgical-dental-suction/surgical-suction-accessories/valvola-di-scarico-bacinella-sputacchiera-24-v-valvola-di-selezione.html
MGF-AS-40050048,MGF,MGF S.r.l.,24 V selection valve - 230V 50Hz,AS-40050048,AS-40050048,24 V selection valve,1,Стоматологические аспирационные системы,24 V selection valve to make each workplace independent,https://www.mgfcompressors.com/fileadmin/_processed_/c/8/csm_Selection_Valve_light_fe09c578eb.jpg,1,BRAND_OBSERVED_IN_KAZAKHSTAN_MARKET,KZ_SKU_EVIDENCE_REQUIRED,https://www.mgfcompressors.com/dental/dental-suction-systems/surgical-suction-accessories/valvola-di-selezione-24-v.html
MGF-AS-40050048,MGF,MGF S.r.l.,24 V selection valve - 230V 50Hz,AS-40050048,AS-40050048,24 V selection valve,1,Централизованная хирургическая аспирация,24 V selection valve to make each workplace independent,https://www.mgfcompressors.com/fileadmin/_processed_/c/8/csm_Selection_Valve_light_fe09c578eb.jpg,1,BRAND_OBSERVED_IN_KAZAKHSTAN_MARKET,KZ_SKU_EVIDENCE_REQUIRED,https://www.mgfcompressors.com/dental/centralized-surgical-dental-suction/surgical-suction-accessories/valvola-di-selezione-24-v.html
MGF-AS-40050044,MGF,MGF S.r.l.,24 V selection valve with voltage rectifier - 230V 50Hz,AS-40050044,AS-40050044,24 V selection valve with voltage rectifier,1,Стоматологические аспирационные системы,24V selection valve with voltage rectifier: used in a centralized system makes each workplace independent.,https://www.mgfcompressors.com/fileadmin/_processed_/1/8/csm_Selection_Valve_light_02_fc4cba5e28.jpg,1,BRAND_OBSERVED_IN_KAZAKHSTAN_MARKET,KZ_SKU_EVIDENCE_REQUIRED,https://www.mgfcompressors.com/dental/dental-suction-systems/surgical-suction-accessories/valvola-di-selezione-24-v-con-raddrizzatore-di-tensione.html
MGF-AS-40050044,MGF,MGF S.r.l.,24 V selection valve with voltage rectifier - 230V 50Hz,AS-40050044,AS-40050044,24 V selection valve with voltage rectifier,1,Централизованная хирургическая аспирация,24V selection valve with voltage rectifier: used in a centralized system makes each workplace independent.,https://www.mgfcompressors.com/fileadmin/_processed_/1/8/csm_Selection_Valve_light_02_fc4cba5e28.jpg,1,BRAND_OBSERVED_IN_KAZAKHSTAN_MARKET,KZ_SKU_EVIDENCE_REQUIRED,https://www.mgfcompressors.com/dental/centralized-surgical-dental-suction/surgical-suction-accessories/valvola-di-selezione-24-v-con-raddrizzatore-di-tensione.html
MGF-D-GE150-024-M,MGF,MGF S.r.l.,24/10 GENESI M - 230V 50Hz,D-GE150-024-M,D-GE150-024-M,24/10 GENESI M,1,Стоматологические компрессоры Pure Air,"Oil free compressor, FAD at 5 bar 135 l/min, tank capacity 24 L, with air dryer .",https://www.mgfcompressors.com/fileadmin/_processed_/7/7/csm_MGF-24-10-GENESI-M-22_8d49b3159f.png,1,BRAND_OBSERVED_IN_KAZAKHSTAN_MARKET,KZ_SKU_EVIDENCE_REQUIRED,https://www.mgfcompressors.com/dental/pure-air-dental-compressors/24-10-genesi-m.html
MGF-D-GE150-024-M,MGF,MGF S.r.l.,24/10 GENESI M - 230V 50Hz,D-GE150-024-M,D-GE150-024-M,24/10 GENESI M,1,Стоматологические компрессоры Pure Air,"Oil free compressor, FAD at 5 bar 135 l/min, tank capacity 24 L, with air dryer .",https://www.mgfcompressors.com/fileadmin/_processed_/7/7/csm_MGF-24-10-GENESI-M-22_8d49b3159f.png,1,BRAND_OBSERVED_IN_KAZAKHSTAN_MARKET,KZ_SKU_EVIDENCE_REQUIRED,https://www.mgfcompressors.com/dental/pure-air-dental-compressors/genesi-line/24-10-genesi-m.html
MGF-D-GE150-024-M,MGF,MGF S.r.l.,24/10 GENESI M Advanced Pure Air - 230V 50Hz,D-GE150-024-M,D-GE150-024-M,24/10 GENESI M Advanced Pure Air,1,Стоматологические компрессоры Pure Air,"Oil free compressor, flow rate 135 l/min@5 bar, 24 L tank, with new adsorbent crystal dryer.",https://www.mgfcompressors.com/fileadmin/_processed_/5/0/csm_24-10_GENESI_SKR__1__SCONTORNO_3041c3ad89.jpg,1,BRAND_OBSERVED_IN_KAZAKHSTAN_MARKET,KZ_SKU_EVIDENCE_REQUIRED,https://www.mgfcompressors.com/dental/pure-air-dental-compressors/24-10-genesi-m-advanced-pure-air.html
MGF-D-GE150-024-M,MGF,MGF S.r.l.,24/10 GENESI M Advanced Pure Air - 230V 50Hz,D-GE150-024-M,D-GE150-024-M,24/10 GENESI M Advanced Pure Air,1,Стоматологические компрессоры Pure Air,"Oil free compressor, flow rate 135 l/min@5 bar, 24 L tank, with new adsorbent crystal dryer.",https://www.mgfcompressors.com/fileadmin/_processed_/5/0/csm_24-10_GENESI_SKR__1__SCONTORNO_3041c3ad89.jpg,1,BRAND_OBSERVED_IN_KAZAKHSTAN_MARKET,KZ_SKU_EVIDENCE_REQUIRED,https://www.mgfcompressors.com/dental/pure-air-dental-compressors/genesi-line/24-10-genesi-m-advanced-pure-air.html
MGF-D-GE150-024,MGF,MGF S.r.l.,24/10 GENESI S - 230V 50Hz,D-GE150-024,D-GE150-024,24/10 GENESI S,1,Стоматологические компрессоры Pure Air,"Oil free compressor, FAD at 5 bar 135 l/min, tank capacity 24 L, without air dryer.",https://www.mgfcompressors.com/fileadmin/_processed_/e/5/csm_MGF-24-10-GENESI-S-22_6610603eaf.png,1,BRAND_OBSERVED_IN_KAZAKHSTAN_MARKET,KZ_SKU_EVIDENCE_REQUIRED,https://www.mgfcompressors.com/dental/pure-air-dental-compressors/genesi-line/24-10-genesi-s.html
MGF-PR-OF1200-270-MT3-HD,MGF,MGF S.r.l.,270/100 TANDEM PRIME M HD - 400V 50/60Hz,PR-OF1200-270-MT3-HD,PR-OF1200-270-MT3-HD,270/100 TANDEM PRIME M HD,1,Компрессоры PRIME HD для CAD/CAM,"Oil free compressor, 12 cylinders, air output 720 l/min@8 bar, 270 l tank, new generation membrane dryer capable of supplying dried air down to -20°C dew point",https://www.mgfcompressors.com/fileadmin/_processed_/d/5/csm_270-100_TANDEM_PRIME_M__SCONTORNO_aff4c60c0f.jpg,1,BRAND_OBSERVED_IN_KAZAKHSTAN_MARKET,KZ_SKU_EVIDENCE_REQUIRED,https://www.mgfcompressors.com/dental/oil-free-compressors-prime-hd-for-cad-cam/prime-versions-with-air-dryer/270-100-tandem-prime-m-hd.html
MGF-PR-OF1200-270-T3-HD,MGF,MGF S.r.l.,270/100 TANDEM PRIME S HD 10 BAR - 400V 50/60Hz,PR-OF1200-270-T3-HD,PR-OF1200-270-T3-HD,270/100 TANDEM PRIME S HD 10 BAR,1,Компрессоры для централизованных систем,"Oil free compressor, 12 cylinders, air output 760 /min@8 bar, 260 liter tank, without dryer.",https://www.mgfcompressors.com/fileadmin/_processed_/d/1/csm_270-100_TANDEM_PRIME_S_bb89159c23.jpg,1,BRAND_OBSERVED_IN_KAZAKHSTAN_MARKET,KZ_SKU_EVIDENCE_REQUIRED,https://www.mgfcompressors.com/dental/oil-free-compressors-for-centralized-systems/200-75-prime-s-10-bar-1-1.html
MGF-PR-OF1200-270-T3-HD,MGF,MGF S.r.l.,270/100 TANDEM PRIME S HD 10 BAR - 400V 50/60Hz,PR-OF1200-270-T3-HD,PR-OF1200-270-T3-HD,270/100 TANDEM PRIME S HD 10 BAR,1,Компрессоры PRIME HD для CAD/CAM,"Oil free compressor, 12 cylinders, air output 760 /min@8 bar, 260 liter tank, without dryer.",https://www.mgfcompressors.com/fileadmin/_processed_/d/1/csm_270-100_TANDEM_PRIME_S_bb89159c23.jpg,1,BRAND_OBSERVED_IN_KAZAKHSTAN_MARKET,KZ_SKU_EVIDENCE_REQUIRED,https://www.mgfcompressors.com/dental/oil-free-compressors-prime-hd-for-cad-cam/prime-version-without-air-dryer/200-75-prime-s-10-bar-1-1.html
MGF-AS-40040012,MGF,MGF S.r.l.,2H control unit,AS-40040012,AS-40040012,2H control unit,1,Стоматологические аспирационные системы,Control unit for parallel connection of 2 MGF HYBRID units,https://www.mgfcompressors.com/fileadmin/_processed_/5/a/csm_Centralina_2H_5067fac8a4.jpg,1,BRAND_OBSERVED_IN_KAZAKHSTAN_MARKET,KZ_SKU_EVIDENCE_REQUIRED,https://www.mgfcompressors.com/dental/dental-suction-systems/surgical-suction-accessories/2h-control-unit.html
MGF-AS-40040012,MGF,MGF S.r.l.,2H control unit,AS-40040012,AS-40040012,2H control unit,1,Централизованная хирургическая аспирация,Control unit for parallel connection of 2 MGF HYBRID units,https://www.mgfcompressors.com/fileadmin/_processed_/5/a/csm_Centralina_2H_5067fac8a4.jpg,1,BRAND_OBSERVED_IN_KAZAKHSTAN_MARKET,KZ_SKU_EVIDENCE_REQUIRED,https://www.mgfcompressors.com/dental/centralized-surgical-dental-suction/surgical-suction-accessories/2h-control-unit.html
MGF-AS-450-EX,MGF,MGF S.r.l.,3 x HYBRID 5,AS-450-EX,AS-450-EX,3 x HYBRID 5,1,Централизованная хирургическая аспирация,Centralized wet ring suction system plug & play up to 18 dental units.,https://www.mgfcompressors.com/fileadmin/_processed_/c/5/csm_IBRIB_5x3-1_senza_canister-JPEG_ridimensionata_7ab63806a1.jpg,1,BRAND_OBSERVED_IN_KAZAKHSTAN_MARKET,KZ_SKU_EVIDENCE_REQUIRED,https://www.mgfcompressors.com/dental/centralized-surgical-dental-suction/3-x-hybrid-5.html
MGF-AS-450-EX,MGF,MGF S.r.l.,3 x HYBRID 5,AS-450-EX,AS-450-EX,3 x HYBRID 5,1,Централизованная хирургическая аспирация,Centralized wet ring suction system plug & play up to 18 dental units.,https://www.mgfcompressors.com/fileadmin/_processed_/c/5/csm_IBRIB_5x3-1_senza_canister-JPEG_ridimensionata_7ab63806a1.jpg,1,BRAND_OBSERVED_IN_KAZAKHSTAN_MARKET,KZ_SKU_EVIDENCE_REQUIRED,https://www.mgfcompressors.com/dental/centralized-surgical-dental-suction/centralized-suction-up-to-20-dental-chairs/3-x-hybrid-5.html
MGF-AS-450-EX-AS,MGF,MGF S.r.l.,3 x HYBRID 5,AS-450-EX-AS,AS-450-EX-AS,3 x HYBRID 5,1,Централизованная хирургическая аспирация,Centralized suction system with wet ring plug & play for up to 18 dental units equipped with amalgam separator.,https://www.mgfcompressors.com/fileadmin/_processed_/1/a/csm_Hybrid5x3_Metasys-ph_copia_9008b38307.png,1,BRAND_OBSERVED_IN_KAZAKHSTAN_MARKET,KZ_SKU_EVIDENCE_REQUIRED,https://www.mgfcompressors.com/dental/centralized-surgical-dental-suction/centralized-suction-up-to-20-dental-chairs/3-x-hybrid-5-1.html
MGF-PR-OF100-024-M,MGF,MGF S.r.l.,30/7 PRIME M,PR-OF100-024-M,PR-OF100-024-M,30/7 PRIME M,1,Стоматологические компрессоры Pure Air,"Oil free reciprocating air compressors, 1 cylinder, with a compressed air FAD of 85 l/min @ 5 bar pressure",https://www.mgfcompressors.com/fileadmin/user_upload/MGF-30-7-PRIME-S.png,1,BRAND_OBSERVED_IN_KAZAKHSTAN_MARKET,KZ_SKU_EVIDENCE_REQUIRED,https://www.mgfcompressors.com/dental/pure-air-dental-compressors-medical-compressors/prime-line/30-7-prime-m-1.html
MGF-PR-OF100-024,MGF,MGF S.r.l.,30/7 PRIME S,PR-OF100-024,PR-OF100-024,30/7 PRIME S,1,Стоматологические компрессоры Pure Air,"Oil free reciprocating air compressors, 1 cylinder, with a compressed air FAD of 85 l/min @ 5 bar pressure. Receiver capacity 40 L.",https://www.mgfcompressors.com/fileadmin/user_upload/MGF-30-7-PRIME-S-22.png,1,BRAND_OBSERVED_IN_KAZAKHSTAN_MARKET,KZ_SKU_EVIDENCE_REQUIRED,https://www.mgfcompressors.com/dental/pure-air-dental-compressors-medical-compressors/prime-line/30-7-prime-s.html
MGF-AS-40040013,MGF,MGF S.r.l.,3H control unit - 230V 50Hz,AS-40040013,AS-40040013,3H control unit,1,Стоматологические аспирационные системы,Control unit for parallel connection of 3 MGF HYBRID units,https://www.mgfcompressors.com/fileadmin/_processed_/d/4/csm_Centralized_suction_04_3b43817b20.jpg,1,BRAND_OBSERVED_IN_KAZAKHSTAN_MARKET,KZ_SKU_EVIDENCE_REQUIRED,https://www.mgfcompressors.com/dental/dental-suction-systems/surgical-suction-accessories/centralina-3h.html
MGF-AS-40040013,MGF,MGF S.r.l.,3H control unit - 230V 50Hz,AS-40040013,AS-40040013,3H control unit,1,Централизованная хирургическая аспирация,Control unit for parallel connection of 3 MGF HYBRID units,https://www.mgfcompressors.com/fileadmin/_processed_/d/4/csm_Centralized_suction_04_3b43817b20.jpg,1,BRAND_OBSERVED_IN_KAZAKHSTAN_MARKET,KZ_SKU_EVIDENCE_REQUIRED,https://www.mgfcompressors.com/dental/centralized-surgical-dental-suction/surgical-suction-accessories/centralina-3h.html
MGF-D-GE150-040-M,MGF,MGF S.r.l.,50/10 GENESI M - 230V 50Hz,D-GE150-040-M,D-GE150-040-M,50/10 GENESI M,1,Стоматологические компрессоры Pure Air,"Oil free compressor, FAD at 5 bar 135 l/min, tank capacity 40 L., with membrane air dryer .",https://www.mgfcompressors.com/fileadmin/_processed_/2/c/csm_MGF-50-10-GENESI-M-22_23a6f5a0dd.png,1,BRAND_OBSERVED_IN_KAZAKHSTAN_MARKET,KZ_SKU_EVIDENCE_REQUIRED,https://www.mgfcompressors.com/dental/pure-air-dental-compressors/genesi-line/50-10-genesi-m.html
MGF-D-GE150-040,MGF,MGF S.r.l.,50/10 GENESI S,D-GE150-040,D-GE150-040,50/10 GENESI S,1,Стоматологические компрессоры Pure Air,"Oil free compressor, FAD at 5 bar 135 l/min, tank capacity 40 L, without air dryer.",https://www.mgfcompressors.com/fileadmin/_processed_/0/9/csm_MGF-50-10-GENESI-S-22_686882da1f.png,1,BRAND_OBSERVED_IN_KAZAKHSTAN_MARKET,KZ_SKU_EVIDENCE_REQUIRED,https://www.mgfcompressors.com/dental/pure-air-dental-compressors/genesi-line/50-10-genesi-s-1.html
MGF-PR-OF200-040-AN,MGF,MGF S.r.l.,50/15 PRIME E - 230V 50Hz,PR-OF200-040-AN,PR-OF200-040-AN,50/15 PRIME E,1,Стоматологические компрессоры Pure Air,"Oil free compressors, FAD at 8 bar 110 l/min, tank capacity 40 L, with adsorption dryer able to achieve -40°C dew point",https://www.mgfcompressors.com/fileadmin/_processed_/4/5/csm_50-15-PRIME-E_9a2cbad72d.jpg,1,BRAND_OBSERVED_IN_KAZAKHSTAN_MARKET,KZ_SKU_EVIDENCE_REQUIRED,https://www.mgfcompressors.com/dental/pure-air-dental-compressors/50-15-prime-e-1.html
MGF-PR-OF200-040-AN,MGF,MGF S.r.l.,50/15 PRIME E - 230V 50Hz,PR-OF200-040-AN,PR-OF200-040-AN,50/15 PRIME E,1,Стоматологические компрессоры Pure Air,"Oil free compressors, FAD at 8 bar 110 l/min, tank capacity 40 L, with adsorption dryer able to achieve -40°C dew point",https://www.mgfcompressors.com/fileadmin/_processed_/4/5/csm_50-15-PRIME-E_9a2cbad72d.jpg,1,BRAND_OBSERVED_IN_KAZAKHSTAN_MARKET,KZ_SKU_EVIDENCE_REQUIRED,https://www.mgfcompressors.com/dental/pure-air-dental-compressors-medical-compressors/prime-line/50-15-prime-e-1.html
MGF-PR-0F200-040-AN,MGF,MGF S.r.l.,50/15 PRIME E 10 BAR - 230V 50Hz,PR-0F200-040-AN,PR-0F200-040-AN,50/15 PRIME E 10 BAR,1,Компрессоры PRIME HD для CAD/CAM,"50/15 PRIME E - 1,5 kW 230V-50Hz 40 Lt. with after cooler and adsorption dryer -40 ° C",https://www.mgfcompressors.com/fileadmin/_processed_/4/5/csm_50-15-PRIME-E_9a2cbad72d.jpg,1,BRAND_OBSERVED_IN_KAZAKHSTAN_MARKET,KZ_SKU_EVIDENCE_REQUIRED,https://www.mgfcompressors.com/dental/oil-free-compressors-prime-hd-for-cad-cam/50-15-prime-e-10-bar.html
MGF-PR-0F200-040-AN,MGF,MGF S.r.l.,50/15 PRIME E 10 BAR - 230V 50Hz,PR-0F200-040-AN,PR-0F200-040-AN,50/15 PRIME E 10 BAR,1,Компрессоры PRIME HD для CAD/CAM,"50/15 PRIME E - 1,5 kW 230V-50Hz 40 Lt. with after cooler and adsorption dryer -40 ° C",https://www.mgfcompressors.com/fileadmin/_processed_/4/5/csm_50-15-PRIME-E_9a2cbad72d.jpg,1,BRAND_OBSERVED_IN_KAZAKHSTAN_MARKET,KZ_SKU_EVIDENCE_REQUIRED,https://www.mgfcompressors.com/dental/oil-free-compressors-prime-hd-for-cad-cam/versions-with-adsorption-dryer/50-15-prime-e-10-bar.html
MGF-PR-OF200-040-M,MGF,MGF S.r.l.,50/15 PRIME M,PR-OF200-040-M,PR-OF200-040-M,50/15 PRIME M,1,Стоматологические компрессоры Pure Air,"Oil free compressors, FAD at 5 bar 152 l/min, tank capacity 40 L. with internal surface treatment against corrosion, equipped with the new membrane air dryer.",https://www.mgfcompressors.com/fileadmin/user_upload/MGF-50-15-PRIME-M-22.png,1,BRAND_OBSERVED_IN_KAZAKHSTAN_MARKET,KZ_SKU_EVIDENCE_REQUIRED,https://www.mgfcompressors.com/dental/pure-air-dental-compressors-medical-compressors/prime-line/50-15-prime-m-1.html
MGF-PR-OF200-040-M-HD,MGF,MGF S.r.l.,50/15 PRIME M HD - 230V 50Hz,PR-OF200-040-M-HD,PR-OF200-040-M-HD,50/15 PRIME M HD,1,Компрессоры PRIME HD для CAD/CAM,"Oil-free compressor, 2 cylinders, flow rate portata 110 l/min@8 bar, 40 lt. tank, new generation membrane dryer capable of supplying dry air down to a dew point of -20°C.",https://www.mgfcompressors.com/fileadmin/_processed_/2/4/csm_50-15-PRIME-M-HD-ricostruita_0ba8939fe5.jpg,1,BRAND_OBSERVED_IN_KAZAKHSTAN_MARKET,KZ_SKU_EVIDENCE_REQUIRED,https://www.mgfcompressors.com/dental/oil-free-compressors-prime-hd-for-cad-cam/prime-versions-with-air-dryer/50-15-prime-m-10-bar-1.html
MGF-PR-0F200-040,MGF,MGF S.r.l.,50/15 PRIME S,PR-0F200-040,PR-0F200-040,50/15 PRIME S,1,Стоматологические компрессоры Pure Air,"Oil-free compressor, flow rate 170 l / min @ 5 bar, 40 L tank, without dryer.",https://www.mgfcompressors.com/fileadmin/user_upload/MGF-50-15-PRIME-S-22.png,1,BRAND_OBSERVED_IN_KAZAKHSTAN_MARKET,KZ_SKU_EVIDENCE_REQUIRED,https://www.mgfcompressors.com/dental/pure-air-dental-compressors-medical-compressors/prime-line/50-15-prime-s.html
MGF-PR-OF200-040-HD,MGF,MGF S.r.l.,50/15 PRIME S HD 10 BAR - 230V 50Hz,PR-OF200-040-HD,PR-OF200-040-HD,50/15 PRIME S HD 10 BAR,1,Компрессоры PRIME HD для CAD/CAM,"Oil-free compressor, flow rate 125 l/min@8 bar, 40 l tank, without dryer.",https://www.mgfcompressors.com/fileadmin/_processed_/0/2/csm_50-15-PRIME-S_be03837c76.jpg,1,BRAND_OBSERVED_IN_KAZAKHSTAN_MARKET,KZ_SKU_EVIDENCE_REQUIRED,https://www.mgfcompressors.com/dental/oil-free-compressors-prime-hd-for-cad-cam/50-15-prime-s-hd-10-bar.html
MGF-PR-OF200-040-HD,MGF,MGF S.r.l.,50/15 PRIME S HD 10 BAR - 230V 50Hz,PR-OF200-040-HD,PR-OF200-040-HD,50/15 PRIME S HD 10 BAR,1,Компрессоры PRIME HD для CAD/CAM,"Oil-free compressor, flow rate 125 l/min@8 bar, 40 l tank, without dryer.",https://www.mgfcompressors.com/fileadmin/_processed_/0/2/csm_50-15-PRIME-S_be03837c76.jpg,1,BRAND_OBSERVED_IN_KAZAKHSTAN_MARKET,KZ_SKU_EVIDENCE_REQUIRED,https://www.mgfcompressors.com/dental/oil-free-compressors-prime-hd-for-cad-cam/prime-version-without-air-dryer/50-15-prime-s-hd-10-bar.html
MGF-PR-0F300-040-AN,MGF,MGF S.r.l.,50/25 PRIME E - 230V 50Hz,PR-0F300-040-AN,PR-0F300-040-AN,50/25 PRIME E,1,Стоматологические компрессоры Pure Air,"Compressore a secco, 3 cilindri, portata 148 l/min@8 bar, serbatoio da 40 L., essiccatore ad adsorbimento con punto di rugiada -40°C.",https://www.mgfcompressors.com/fileadmin/_processed_/0/e/csm_50-25-PRIME-E_4c9d00dd50.jpg,1,BRAND_OBSERVED_IN_KAZAKHSTAN_MARKET,KZ_SKU_EVIDENCE_REQUIRED,https://www.mgfcompressors.com/dental/pure-air-dental-compressors/50-25-prime-e-2.html
MGF-PR-OF300-040-AN,MGF,MGF S.r.l.,50/25 PRIME E - 230V 50Hz,PR-OF300-040-AN,PR-OF300-040-AN,50/25 PRIME E,1,Компрессоры PRIME HD для CAD/CAM,"50/25 PRIME E - 2,2 kW 230V-50Hz 40 Lt. with after cooler and adsorption dryer -40 ° C",https://www.mgfcompressors.com/fileadmin/_processed_/0/e/csm_50-25-PRIME-E_4c9d00dd50.jpg,1,BRAND_OBSERVED_IN_KAZAKHSTAN_MARKET,KZ_SKU_EVIDENCE_REQUIRED,https://www.mgfcompressors.com/dental/oil-free-compressors-prime-hd-for-cad-cam/50-25-prime-e-1.html
MGF-PR-0F300-040-AN,MGF,MGF S.r.l.,50/25 PRIME E - 230V 50Hz,PR-0F300-040-AN,PR-0F300-040-AN,50/25 PRIME E,1,Стоматологические компрессоры Pure Air,"Compressore a secco, 3 cilindri, portata 148 l/min@8 bar, serbatoio da 40 L., essiccatore ad adsorbimento con punto di rugiada -40°C.",https://www.mgfcompressors.com/fileadmin/_processed_/0/e/csm_50-25-PRIME-E_4c9d00dd50.jpg,1,BRAND_OBSERVED_IN_KAZAKHSTAN_MARKET,KZ_SKU_EVIDENCE_REQUIRED,https://www.mgfcompressors.com/dental/pure-air-dental-compressors-medical-compressors/prime-line/50-25-prime-e-2.html
MGF-PR-OF300-040-AN,MGF,MGF S.r.l.,50/25 PRIME E - 230V 50Hz,PR-OF300-040-AN,PR-OF300-040-AN,50/25 PRIME E,1,Компрессоры PRIME HD для CAD/CAM,"50/25 PRIME E - 2,2 kW 230V-50Hz 40 Lt. with after cooler and adsorption dryer -40 ° C",https://www.mgfcompressors.com/fileadmin/_processed_/0/e/csm_50-25-PRIME-E_4c9d00dd50.jpg,1,BRAND_OBSERVED_IN_KAZAKHSTAN_MARKET,KZ_SKU_EVIDENCE_REQUIRED,https://www.mgfcompressors.com/dental/oil-free-compressors-prime-hd-for-cad-cam/versions-with-adsorption-dryer/50-25-prime-e-1.html
MGF-PR-OF300-040-M,MGF,MGF S.r.l.,50/25 PRIME M,PR-OF300-040-M,PR-OF300-040-M,50/25 PRIME M,1,Стоматологические компрессоры Pure Air,"Oil free compressors, FAD at 5 bar 225 l/min, tank capacity 40 L, with membrane air dryer.",https://www.mgfcompressors.com/fileadmin/_processed_/9/b/csm_MGF-50-25-PRIME-M-BLK_d6f50a8990.jpg,1,BRAND_OBSERVED_IN_KAZAKHSTAN_MARKET,KZ_SKU_EVIDENCE_REQUIRED,https://www.mgfcompressors.com/dental/pure-air-dental-compressors-medical-compressors/prime-line/50-25-prime-m-1.html
MGF-PR-OF300-040-M-HD,MGF,MGF S.r.l.,50/25 PRIME M HD - 230V 50Hz,PR-OF300-040-M-HD,PR-OF300-040-M-HD,50/25 PRIME M HD,1,Компрессоры PRIME HD для CAD/CAM,"Oil-free compressor, 3 cylinders, flow rate 163 l/min@8 bar, 40 lt. tank, new generation membrane dryer capable of supplying dry air down to a dew point of -20°C",https://www.mgfcompressors.com/fileadmin/_processed_/f/9/csm_50-25-PRIME-M-HD-ricostruita_82c2ba6a52.jpg,1,BRAND_OBSERVED_IN_KAZAKHSTAN_MARKET,KZ_SKU_EVIDENCE_REQUIRED,https://www.mgfcompressors.com/dental/oil-free-compressors-prime-hd-for-cad-cam/50-25-prime-m-10-bar-1-1.html
MGF-PR-OF300-040-M-HD,MGF,MGF S.r.l.,50/25 PRIME M HD - 230V 50Hz,PR-OF300-040-M-HD,PR-OF300-040-M-HD,50/25 PRIME M HD,1,Компрессоры PRIME HD для CAD/CAM,"Oil-free compressor, 3 cylinders, flow rate 163 l/min@8 bar, 40 lt. tank, new generation membrane dryer capable of supplying dry air down to a dew point of -20°C",https://www.mgfcompressors.com/fileadmin/_processed_/f/9/csm_50-25-PRIME-M-HD-ricostruita_82c2ba6a52.jpg,1,BRAND_OBSERVED_IN_KAZAKHSTAN_MARKET,KZ_SKU_EVIDENCE_REQUIRED,https://www.mgfcompressors.com/dental/oil-free-compressors-prime-hd-for-cad-cam/prime-versions-with-air-dryer/50-25-prime-m-10-bar-1-1.html
MGF-PR-0F300-040-M400-HD,MGF,MGF S.r.l.,50/25 PRIME M HD - 400V 50/60Hz,PR-0F300-040-M400-HD,PR-0F300-040-M400-HD,50/25 PRIME M HD,1,Компрессоры PRIME HD для CAD/CAM,"Oil-free compressor, 3 cylinders, flow rate 175 l/min@8 bar 40 lt. tank, new generation membrane dryer capable of supplying dry air down to a dew point of -20°C",https://www.mgfcompressors.com/fileadmin/_processed_/f/9/csm_50-25-PRIME-M-HD-ricostruita_82c2ba6a52.jpg,1,BRAND_OBSERVED_IN_KAZAKHSTAN_MARKET,KZ_SKU_EVIDENCE_REQUIRED,https://www.mgfcompressors.com/dental/oil-free-compressors-prime-hd-for-cad-cam/prime-versions-with-air-dryer/50-25-prime-m-10-bar-2.html
MGF-PR-OF300-040,MGF,MGF S.r.l.,50/25 PRIME S,PR-OF300-040,PR-OF300-040,50/25 PRIME S,1,Стоматологические компрессоры Pure Air,"Oil-free compressor, flow rate 250 l / min @ 5 bar, 40 L tank, without dryer.",https://www.mgfcompressors.com/fileadmin/user_upload/MGF-50-25-PRIME-S-22.png,1,BRAND_OBSERVED_IN_KAZAKHSTAN_MARKET,KZ_SKU_EVIDENCE_REQUIRED,https://www.mgfcompressors.com/dental/pure-air-dental-compressors-medical-compressors/prime-line/50-25-prime-s.html
MGF-PR-OF300-040-HD,MGF,MGF S.r.l.,50/25 PRIME S HD 10 BAR - 230V 50Hz,PR-OF300-040-HD,PR-OF300-040-HD,50/25 PRIME S HD 10 BAR,1,Компрессоры PRIME HD для CAD/CAM,"Oil-free compressor, flow rate 190 l/min@8 bar, 40 l tank, without dryer.",https://www.mgfcompressors.com/fileadmin/_processed_/c/c/csm_50-25-PRIME-S-HD_662d584f2a.jpg,1,BRAND_OBSERVED_IN_KAZAKHSTAN_MARKET,KZ_SKU_EVIDENCE_REQUIRED,https://www.mgfcompressors.com/dental/oil-free-compressors-prime-hd-for-cad-cam/50-25-prime-s-10-bar-2.html
MGF-PR-OF300-040-HD,MGF,MGF S.r.l.,50/25 PRIME S HD 10 BAR - 230V 50Hz,PR-OF300-040-HD,PR-OF300-040-HD,50/25 PRIME S HD 10 BAR,1,Компрессоры PRIME HD для CAD/CAM,"Oil-free compressor, flow rate 190 l/min@8 bar, 40 l tank, without dryer.",https://www.mgfcompressors.com/fileadmin/_processed_/c/c/csm_50-25-PRIME-S-HD_662d584f2a.jpg,1,BRAND_OBSERVED_IN_KAZAKHSTAN_MARKET,KZ_SKU_EVIDENCE_REQUIRED,https://www.mgfcompressors.com/dental/oil-free-compressors-prime-hd-for-cad-cam/prime-version-without-air-dryer/50-25-prime-s-10-bar-2.html
MGF-PR-OF300-040-400-HD,MGF,MGF S.r.l.,50/25 PRIME S HD 10 BAR - 400V 50/60Hz,PR-OF300-040-400-HD,PR-OF300-040-400-HD,50/25 PRIME S HD 10 BAR,1,Компрессоры PRIME HD для CAD/CAM,"Oil-free compressor, flow rate 190 l/min@8 bar, 40 l tank, without dryer.",https://www.mgfcompressors.com/fileadmin/_processed_/c/c/csm_50-25-PRIME-S-HD_662d584f2a.jpg,1,BRAND_OBSERVED_IN_KAZAKHSTAN_MARKET,KZ_SKU_EVIDENCE_REQUIRED,https://www.mgfcompressors.com/dental/oil-free-compressors-prime-hd-for-cad-cam/50-25-prime-s-10-bar-1-1.html
MGF-PR-OF300-040-400-HD,MGF,MGF S.r.l.,50/25 PRIME S HD 10 BAR - 400V 50/60Hz,PR-OF300-040-400-HD,PR-OF300-040-400-HD,50/25 PRIME S HD 10 BAR,1,Компрессоры PRIME HD для CAD/CAM,"Oil-free compressor, flow rate 190 l/min@8 bar, 40 l tank, without dryer.",https://www.mgfcompressors.com/fileadmin/_processed_/c/c/csm_50-25-PRIME-S-HD_662d584f2a.jpg,1,BRAND_OBSERVED_IN_KAZAKHSTAN_MARKET,KZ_SKU_EVIDENCE_REQUIRED,https://www.mgfcompressors.com/dental/oil-free-compressors-prime-hd-for-cad-cam/prime-version-without-air-dryer/50-25-prime-s-10-bar-1-1.html
MGF-PR-0F300-050-SM,MGF,MGF S.r.l.,50/25 PRIME X 10 BAR - 230V 50Hz,PR-0F300-050-SM,PR-0F300-050-SM,50/25 PRIME X 10 BAR,1,Компрессоры PRIME HD для CAD/CAM,"Oil-free compressor suitable for continuous compressed air supply till 163 l/min @ 8 bar, tank capacity 40 l. with internal surface treatment against corrosion, equipped with the new membrane air dryer able to warranty till -20°C.",https://www.mgfcompressors.com/fileadmin/_processed_/2/c/csm_CS_50-25_PRIME_X_-_HD_white_and_bg_251498e1d6.png,1,BRAND_OBSERVED_IN_KAZAKHSTAN_MARKET,KZ_SKU_EVIDENCE_REQUIRED,https://www.mgfcompressors.com/dental/oil-free-compressors-prime-hd-for-cad-cam/50-25-prime-x-10-bar-1.html
MGF-PR-0F300-050-SM,MGF,MGF S.r.l.,50/25 PRIME X 10 BAR - 230V 50Hz,PR-0F300-050-SM,PR-0F300-050-SM,50/25 PRIME X 10 BAR,1,Компрессоры PRIME HD для CAD/CAM,"Oil-free compressor suitable for continuous compressed air supply till 163 l/min @ 8 bar, tank capacity 40 l. with internal surface treatment against corrosion, equipped with the new membrane air dryer able to warranty till -20°C.",https://www.mgfcompressors.com/fileadmin/_processed_/2/c/csm_CS_50-25_PRIME_X_-_HD_white_and_bg_251498e1d6.png,1,BRAND_OBSERVED_IN_KAZAKHSTAN_MARKET,KZ_SKU_EVIDENCE_REQUIRED,https://www.mgfcompressors.com/dental/oil-free-compressors-prime-hd-for-cad-cam/x-line-version/50-25-prime-x-10-bar-1.html
MGF-PR-0F300-050-SM-400,MGF,MGF S.r.l.,50/25 PRIME X3 10 BAR - 400V 50/60Hz,PR-0F300-050-SM-400,PR-0F300-050-SM-400,50/25 PRIME X3 10 BAR,1,Компрессоры PRIME HD для CAD/CAM,"Oil-free compressor suitable for continuous compressed air supply till 163 /min @ 8 bar, tank capacity 40 l. with internal surface treatment against corrosion, equipped with the new membrane air dryer able to warranty till -20°C.",https://www.mgfcompressors.com/fileadmin/_processed_/1/f/csm_S_M-OPEN-MGF_01_25692f5a35.jpg,1,BRAND_OBSERVED_IN_KAZAKHSTAN_MARKET,KZ_SKU_EVIDENCE_REQUIRED,https://www.mgfcompressors.com/dental/oil-free-compressors-prime-hd-for-cad-cam/50-25-prime-x-10-bar.html
MGF-PR-0F300-050-SM-400,MGF,MGF S.r.l.,50/25 PRIME X3 10 BAR - 400V 50/60Hz,PR-0F300-050-SM-400,PR-0F300-050-SM-400,50/25 PRIME X3 10 BAR,1,Компрессоры PRIME HD для CAD/CAM,"Oil-free compressor suitable for continuous compressed air supply till 163 /min @ 8 bar, tank capacity 40 l. with internal surface treatment against corrosion, equipped with the new membrane air dryer able to warranty till -20°C.",https://www.mgfcompressors.com/fileadmin/_processed_/1/f/csm_S_M-OPEN-MGF_01_25692f5a35.jpg,1,BRAND_OBSERVED_IN_KAZAKHSTAN_MARKET,KZ_SKU_EVIDENCE_REQUIRED,https://www.mgfcompressors.com/dental/oil-free-compressors-prime-hd-for-cad-cam/x-line-version/50-25-prime-x-10-bar.html
MGF-DENTAL-OIL-FREE-COMPRESSORS-ACCESSORIES-ADSORPTION-DRYERS-HTML,MGF,MGF S.r.l.,Adsorption dryers,,,Adsorption dryers,1,Принадлежности для безмасляных компрессоров,Adsorption dryers for medical air,https://www.mgfcompressors.com/fileadmin/_processed_/7/4/csm_NDM-100__4__fb1acb3122.png,1,BRAND_OBSERVED_IN_KAZAKHSTAN_MARKET,KZ_SKU_EVIDENCE_REQUIRED,https://www.mgfcompressors.com/dental/oil-free-compressors-accessories/adsorption-dryers.html
MGF-TA-AF-1500,MGF,MGF S.r.l.,AF3 - 230V 50Hz,TA-AF-1500,TA-AF-1500,AF3,1,Компрессоры для централизованных систем,1.500 l / min AF3 centralized air treatment system on frame,https://www.mgfcompressors.com/fileadmin/_processed_/e/1/csm_AF-3_001_ffe7a58365.jpg,1,BRAND_OBSERVED_IN_KAZAKHSTAN_MARKET,KZ_SKU_EVIDENCE_REQUIRED,https://www.mgfcompressors.com/dental/oil-free-compressors-for-centralized-systems/af3.html
MGF-TA-AF-3000,MGF,MGF S.r.l.,AF6 - 230V 50Hz,TA-AF-3000,TA-AF-3000,AF6,1,Компрессоры для централизованных систем,Compressed air treatment module for CENTRALAIR systems,https://www.mgfcompressors.com/fileadmin/user_upload/csm_filtrazione-1_320df97449_ridimensionata.jpg,1,BRAND_OBSERVED_IN_KAZAKHSTAN_MARKET,KZ_SKU_EVIDENCE_REQUIRED,https://www.mgfcompressors.com/dental/oil-free-compressors-for-centralized-systems/af9-air-treatmnt-module-for-centralair-systems-3.html
MGF-TA-AF-5000,MGF,MGF S.r.l.,AF9 - 230V 50Hz,TA-AF-5000,TA-AF-5000,AF9,1,Компрессоры для централизованных систем,Compressed air treatment module for CENTRALAIR systems,https://www.mgfcompressors.com/fileadmin/user_upload/csm_filtrazione-1_320df97449_ridimensionata.jpg,1,BRAND_OBSERVED_IN_KAZAKHSTAN_MARKET,KZ_SKU_EVIDENCE_REQUIRED,https://www.mgfcompressors.com/dental/oil-free-compressors-for-centralized-systems/af9-air-treatmnt-module-for-centralair-systems-1.html
MGF-SE-FT-725-VT-AND-SE-FT-1500-VT,MGF,MGF S.r.l.,AIR RECEIVER,SE-FT-725-VT and SE-FT-1500-VT,SE-FT-725-VT and SE-FT-1500-VT,AIR RECEIVER,1,Компрессоры для централизованных систем,725 L and 1500 L MGF tanks,https://www.mgfcompressors.com/fileadmin/_processed_/9/2/csm_SERBATOIO_1000_LITRI_BIANCO_light_440a641292.jpg,1,BRAND_OBSERVED_IN_KAZAKHSTAN_MARKET,KZ_SKU_EVIDENCE_REQUIRED,https://www.mgfcompressors.com/dental/oil-free-compressors-for-centralized-systems/air-receiver.html
MGF-AS-113000077,MGF,MGF S.r.l.,Amalgam collection vessel replacement kit for ECO II+,AS-113000077,AS-113000077,Amalgam collection vessel replacement kit for ECO II+,1,Стоматологические аспирационные системы,Amalgam collection vessel replacement kit for ECO II+,https://www.mgfcompressors.com/fileadmin/_processed_/8/c/csm_032_Metasys_Z723682_587e1d0f96.jpg,1,BRAND_OBSERVED_IN_KAZAKHSTAN_MARKET,KZ_SKU_EVIDENCE_REQUIRED,https://www.mgfcompressors.com/dental/dental-suction-systems/surgical-suction-accessories/amalgam-collection-vessel-replacement-kit-for-eco-ii.html
MGF-AS-113000077,MGF,MGF S.r.l.,Amalgam collection vessel replacement kit for ECO II+,AS-113000077,AS-113000077,Amalgam collection vessel replacement kit for ECO II+,1,Централизованная хирургическая аспирация,Amalgam collection vessel replacement kit for ECO II+,https://www.mgfcompressors.com/fileadmin/_processed_/8/c/csm_032_Metasys_Z723682_587e1d0f96.jpg,1,BRAND_OBSERVED_IN_KAZAKHSTAN_MARKET,KZ_SKU_EVIDENCE_REQUIRED,https://www.mgfcompressors.com/dental/centralized-surgical-dental-suction/surgical-suction-accessories/amalgam-collection-vessel-replacement-kit-for-eco-ii.html
MGF-AS-050,MGF,MGF S.r.l.,ASPIR 1 - 230V 50Hz,AS-050,AS-050,ASPIR 1,1,Стоматологические аспирационные системы,"Suction unit 0,5 Hp, max air flow 1.230 l/min , max operating head 120 mbar.",https://www.mgfcompressors.com/fileadmin/_processed_/f/8/csm_ASPIR_1-4_jpg_4df50dd7d2.jpg,1,BRAND_OBSERVED_IN_KAZAKHSTAN_MARKET,KZ_SKU_EVIDENCE_REQUIRED,https://www.mgfcompressors.com/dental/dental-suction-systems/aspir-1.html
MGF-AS-050,MGF,MGF S.r.l.,ASPIR 1 - 230V 50Hz,AS-050,AS-050,ASPIR 1,1,Стоматологические аспирационные системы,"Suction unit 0,5 Hp, max air flow 1.230 l/min , max operating head 120 mbar.",https://www.mgfcompressors.com/fileadmin/_processed_/f/8/csm_ASPIR_1-4_jpg_4df50dd7d2.jpg,1,BRAND_OBSERVED_IN_KAZAKHSTAN_MARKET,KZ_SKU_EVIDENCE_REQUIRED,https://www.mgfcompressors.com/dental/dental-suction-systems/dry-surgical-suction/aspir-1.html
MGF-AS-050-C,MGF,MGF S.r.l.,ASPIR 1 C - 230V 50Hz,AS-050-C,AS-050-C,ASPIR 1 C,1,Стоматологические аспирационные системы,"0.5 Hp suction pump complete with canister, maximum flow rate 1,230 l/min, maximum head 120 mbar.",https://www.mgfcompressors.com/fileadmin/imported_images/ASPIR_semicarenate_LIGHT_x_sito_02.jpg,1,BRAND_OBSERVED_IN_KAZAKHSTAN_MARKET,KZ_SKU_EVIDENCE_REQUIRED,https://www.mgfcompressors.com/dental/dental-suction-systems/aspir-1-c.html
MGF-AS-050-QC,MGF,MGF S.r.l.,ASPIR 1 QC - 230V 50Hz,AS-050-QC,AS-050-QC,ASPIR 1 QC,1,Стоматологические аспирационные системы,Suction pump 0.5 Hp complete with electric control panel and anti-vibration feet.,https://www.mgfcompressors.com/fileadmin/imported_images/mgf-Aspir-QC.jpg,1,BRAND_OBSERVED_IN_KAZAKHSTAN_MARKET,KZ_SKU_EVIDENCE_REQUIRED,https://www.mgfcompressors.com/dental/dental-suction-systems/aspir-1-qc.html
MGF-AS-050-QC,MGF,MGF S.r.l.,ASPIR 1 QC - 230V 50Hz,AS-050-QC,AS-050-QC,ASPIR 1 QC,1,Стоматологические аспирационные системы,Suction pump 0.5 Hp complete with electric control panel and anti-vibration feet.,https://www.mgfcompressors.com/fileadmin/imported_images/mgf-Aspir-QC.jpg,1,BRAND_OBSERVED_IN_KAZAKHSTAN_MARKET,KZ_SKU_EVIDENCE_REQUIRED,https://www.mgfcompressors.com/dental/dental-suction-systems/suction-unit-complete-with-electronic-control-board-and-rubber-feet/aspir-1-qc.html
MGF-AS-300,MGF,MGF S.r.l.,ASPIR 10 - 230V 50Hz,AS-300,AS-300,ASPIR 10,1,Стоматологические аспирационные системы,"Suction pump, 4 HP, maximum flow rate 5.066 L/min, maximum pressure 200 mbar.",https://www.mgfcompressors.com/fileadmin/_processed_/4/8/csm_FPZ_SCL_MS_ASPIR_4_11e10b403b.png,1,BRAND_OBSERVED_IN_KAZAKHSTAN_MARKET,KZ_SKU_EVIDENCE_REQUIRED,https://www.mgfcompressors.com/dental/dental-suction-systems/dry-surgical-suction/aspir-10.html
MGF-AS-400-2S,MGF,MGF S.r.l.,ASPIR 10 2V - 400V 50/60Hz,AS-400-2S,AS-400-2S,ASPIR 10 2V,1,Стоматологические аспирационные системы,"Suction pump, 4 HP, maximum flow rate 1",https://www.mgfcompressors.com/fileadmin/_processed_/9/e/csm_prodotto_web_800x668_da_caricare_sul_sito_ffbd9fde4e.png,1,BRAND_OBSERVED_IN_KAZAKHSTAN_MARKET,KZ_SKU_EVIDENCE_REQUIRED,https://www.mgfcompressors.com/dental/dental-suction-systems/dry-surgical-suction/aspir-10-2v.html
MGF-AS-400-2S-QC,MGF,MGF S.r.l.,ASPIR 10 QC - 230V 50Hz,AS-400-2S-QC,AS-400-2S-QC,ASPIR 10 QC,1,Стоматологические аспирационные системы,"5,5HP suction pump complete with electrical control panel and anti-vibration feet.",https://www.mgfcompressors.com/fileadmin/_processed_/0/e/csm_ASPIR_QC_a1dd112475.jpg,1,BRAND_OBSERVED_IN_KAZAKHSTAN_MARKET,KZ_SKU_EVIDENCE_REQUIRED,https://www.mgfcompressors.com/dental/dental-suction-systems/suction-unit-complete-with-electronic-control-board-and-rubber-feet/aspir-10-qc.html
MGF-AS-100,MGF,MGF S.r.l.,ASPIR 2 - 230V 50Hz,AS-100,AS-100,ASPIR 2,1,Стоматологические аспирационные системы,"Suction unit 1 Hp, max air flow 2.280 l/min , max operating head 140 mbar.",https://www.mgfcompressors.com/fileadmin/_processed_/f/8/csm_ASPIR_1-4_jpg_4df50dd7d2.jpg,1,BRAND_OBSERVED_IN_KAZAKHSTAN_MARKET,KZ_SKU_EVIDENCE_REQUIRED,https://www.mgfcompressors.com/dental/dental-suction-systems/aspir-2.html
MGF-AS-100,MGF,MGF S.r.l.,ASPIR 2 - 230V 50Hz,AS-100,AS-100,ASPIR 2,1,Стоматологические аспирационные системы,"Suction unit 1 Hp, max air flow 2.280 l/min , max operating head 140 mbar.",https://www.mgfcompressors.com/fileadmin/_processed_/f/8/csm_ASPIR_1-4_jpg_4df50dd7d2.jpg,1,BRAND_OBSERVED_IN_KAZAKHSTAN_MARKET,KZ_SKU_EVIDENCE_REQUIRED,https://www.mgfcompressors.com/dental/dental-suction-systems/dry-surgical-suction/aspir-2.html
MGF-AS-100-QC,MGF,MGF S.r.l.,ASPIR 2 QC - 230V 50Hz,AS-100-QC,AS-100-QC,ASPIR 2 QC,1,Стоматологические аспирационные системы,1 Hp suction pump complete with electric control panel and anti-vibration feet.,https://www.mgfcompressors.com/fileadmin/imported_images/mgf-Aspir-QC_04.jpg,1,BRAND_OBSERVED_IN_KAZAKHSTAN_MARKET,KZ_SKU_EVIDENCE_REQUIRED,https://www.mgfcompressors.com/dental/dental-suction-systems/aspir-2-qc.html
MGF-AS-100-QC,MGF,MGF S.r.l.,ASPIR 2 QC - 230V 50Hz,AS-100-QC,AS-100-QC,ASPIR 2 QC,1,Стоматологические аспирационные системы,1 Hp suction pump complete with electric control panel and anti-vibration feet.,https://www.mgfcompressors.com/fileadmin/imported_images/mgf-Aspir-QC_04.jpg,1,BRAND_OBSERVED_IN_KAZAKHSTAN_MARKET,KZ_SKU_EVIDENCE_REQUIRED,https://www.mgfcompressors.com/dental/dental-suction-systems/suction-unit-complete-with-electronic-control-board-and-rubber-feet/aspir-2-qc.html
MGF-AS-550,MGF,MGF S.r.l.,ASPIR 20 - 230V 50Hz,AS-550,AS-550,ASPIR 20,1,Стоматологические аспирационные системы,"Suction pump, 7.5 HP, maximum flow rate 8,933 L/min, maximum pressure 200 mbar",https://www.mgfcompressors.com/fileadmin/_processed_/4/8/csm_FPZ_SCL_MS_ASPIR_4_11e10b403b.png,1,BRAND_OBSERVED_IN_KAZAKHSTAN_MARKET,KZ_SKU_EVIDENCE_REQUIRED,https://www.mgfcompressors.com/dental/dental-suction-systems/dry-surgical-suction/aspir-20-1.html
MGF-AS-800-D,MGF,MGF S.r.l.,ASPIR 20 - 400V 50/60Hz,AS-800-D,AS-800-D,ASPIR 20,1,Централизованная хирургическая аспирация,Centralized dry aspiration system for 25 dental units.,https://www.mgfcompressors.com/fileadmin/_processed_/e/f/csm_AS-1600-D-jpg-imp.asp.centralizzato_ridimensionata_08e5d6f3d1.jpg,1,BRAND_OBSERVED_IN_KAZAKHSTAN_MARKET,KZ_SKU_EVIDENCE_REQUIRED,https://www.mgfcompressors.com/dental/centralized-surgical-dental-suction/aspir-20.html
MGF-AS-150,MGF,MGF S.r.l.,ASPIR 3 - 230V 50Hz,AS-150,AS-150,ASPIR 3,1,Стоматологические аспирационные системы,"Suction unit 1,5 Hp, max air flow 2.280 l/min , max operating head 174 mbar.",https://www.mgfcompressors.com/fileadmin/_processed_/f/8/csm_ASPIR_1-4_jpg_4df50dd7d2.jpg,1,BRAND_OBSERVED_IN_KAZAKHSTAN_MARKET,KZ_SKU_EVIDENCE_REQUIRED,https://www.mgfcompressors.com/dental/dental-suction-systems/aspir-3.html
MGF-AS-150,MGF,MGF S.r.l.,ASPIR 3 - 230V 50Hz,AS-150,AS-150,ASPIR 3,1,Стоматологические аспирационные системы,"Suction unit 1,5 Hp, max air flow 2.280 l/min , max operating head 174 mbar.",https://www.mgfcompressors.com/fileadmin/_processed_/f/8/csm_ASPIR_1-4_jpg_4df50dd7d2.jpg,1,BRAND_OBSERVED_IN_KAZAKHSTAN_MARKET,KZ_SKU_EVIDENCE_REQUIRED,https://www.mgfcompressors.com/dental/dental-suction-systems/dry-surgical-suction/aspir-3.html
MGF-AS-150-QC,MGF,MGF S.r.l.,ASPIR 3 QC - 230V 50Hz,AS-150-QC,AS-150-QC,ASPIR 3 QC,1,Стоматологические аспирационные системы,1.5 Hp suction pump complete with electric control panel and anti-vibration feet.,https://www.mgfcompressors.com/fileadmin/imported_images/mgf-Aspir-QC_08.jpg,1,BRAND_OBSERVED_IN_KAZAKHSTAN_MARKET,KZ_SKU_EVIDENCE_REQUIRED,https://www.mgfcompressors.com/dental/dental-suction-systems/aspir-3-qc.html
MGF-AS-150-QC,MGF,MGF S.r.l.,ASPIR 3 QC - 230V 50Hz,AS-150-QC,AS-150-QC,ASPIR 3 QC,1,Стоматологические аспирационные системы,1.5 Hp suction pump complete with electric control panel and anti-vibration feet.,https://www.mgfcompressors.com/fileadmin/imported_images/mgf-Aspir-QC_08.jpg,1,BRAND_OBSERVED_IN_KAZAKHSTAN_MARKET,KZ_SKU_EVIDENCE_REQUIRED,https://www.mgfcompressors.com/dental/dental-suction-systems/suction-unit-complete-with-electronic-control-board-and-rubber-feet/aspir-3-qc.html
MGF-AS-200,MGF,MGF S.r.l.,ASPIR 4 - 230V 50Hz,AS-200,AS-200,ASPIR 4,1,Стоматологические аспирационные системы,"Suction unit 2 Hp, max air flow 3650 Lt/min , max operating head 175 mbar.",https://www.mgfcompressors.com/fileadmin/_processed_/4/8/csm_FPZ_SCL_MS_ASPIR_4_11e10b403b.png,1,BRAND_OBSERVED_IN_KAZAKHSTAN_MARKET,KZ_SKU_EVIDENCE_REQUIRED,https://www.mgfcompressors.com/dental/dental-suction-systems/dry-surgical-suction/aspir-4.html
MGF-AS-200-2S-M,MGF,MGF S.r.l.,ASPIR 4 2V - 230V 50Hz,AS-200-2S-M,AS-200-2S-M,ASPIR 4 2V,1,Стоматологические аспирационные системы,"2 Hp suction pump, maximum flow rate 1520 l/min, maximum head 350 mbar.",https://www.mgfcompressors.com/fileadmin/_processed_/4/8/csm_FPZ_SCL_MS_ASPIR_4_11e10b403b.png,1,BRAND_OBSERVED_IN_KAZAKHSTAN_MARKET,KZ_SKU_EVIDENCE_REQUIRED,https://www.mgfcompressors.com/dental/dental-suction-systems/dry-surgical-suction/aspir-4-2v.html
MGF-AS-200-QC,MGF,MGF S.r.l.,ASPIR 4 QC - 230V 50Hz,AS-200-QC,AS-200-QC,ASPIR 4 QC,1,Стоматологические аспирационные системы,2 Hp suction pump complete with electric control panel and anti-vibration feet.,https://www.mgfcompressors.com/fileadmin/imported_images/mgf-Aspir-QC_08.jpg,1,BRAND_OBSERVED_IN_KAZAKHSTAN_MARKET,KZ_SKU_EVIDENCE_REQUIRED,https://www.mgfcompressors.com/dental/dental-suction-systems/suction-unit-complete-with-electronic-control-board-and-rubber-feet/aspir-4-qc.html
MGF-AS-1600-D,MGF,MGF S.r.l.,ASPIR 40 - 400V 50/60Hz,AS-1600-D,AS-1600-D,ASPIR 40,1,Централизованная хирургическая аспирация,Centralized dry aspiration system for 50 dental units.,https://www.mgfcompressors.com/fileadmin/_processed_/e/f/csm_AS-1600-D-jpg-imp.asp.centralizzato_ridimensionata_08e5d6f3d1.jpg,1,BRAND_OBSERVED_IN_KAZAKHSTAN_MARKET,KZ_SKU_EVIDENCE_REQUIRED,https://www.mgfcompressors.com/dental/centralized-surgical-dental-suction/aspir-40.html
MGF-AS-200-2S-T,MGF,MGF S.r.l.,ASPIR 5 2V - 400V 50/60Hz,AS-200-2S-T,AS-200-2S-T,ASPIR 5 2V,1,Стоматологические аспирационные системы,"3 Hp suction pump, maximum flow rate 1950 l / min, maximum head 350 mbar.",https://www.mgfcompressors.com/fileadmin/_processed_/a/a/csm_FPZ_SCL_RMD_ASPIR_5_1c661dece9.png,1,BRAND_OBSERVED_IN_KAZAKHSTAN_MARKET,KZ_SKU_EVIDENCE_REQUIRED,https://www.mgfcompressors.com/dental/dental-suction-systems/dry-surgical-suction/aspir-5-2v.html
MGF-AS-200-2S-T-QC,MGF,MGF S.r.l.,ASPIR 5 QC - 230V 50Hz - 230V 50Hz,AS-200-2S-T-QC,AS-200-2S-T-QC,ASPIR 5 QC,1,Стоматологические аспирационные системы,3 HP suction pump complete with electrical control panel and anti-vibration feet.,https://www.mgfcompressors.com/fileadmin/user_upload/products/mgf-Aspir-QC_01.jpg,1,BRAND_OBSERVED_IN_KAZAKHSTAN_MARKET,KZ_SKU_EVIDENCE_REQUIRED,https://www.mgfcompressors.com/dental/dental-suction-systems/suction-unit-complete-with-electronic-control-board-and-rubber-feet/aspir-5-qc.html
MGF-AS-2400-D,MGF,MGF S.r.l.,ASPIR 60 - 400V 50/60Hz,AS-2400-D,AS-2400-D,ASPIR 60,1,Централизованная хирургическая аспирация,Centralized dry aspiration system for 72 units.,https://www.mgfcompressors.com/fileadmin/_processed_/f/4/csm_Aspir60_210303_934da1f644.jpg,1,BRAND_OBSERVED_IN_KAZAKHSTAN_MARKET,KZ_SKU_EVIDENCE_REQUIRED,https://www.mgfcompressors.com/dental/centralized-surgical-dental-suction/aspir-60.html
MGF-D-AC150-024-M,MGF,MGF S.r.l.,ASPIR-COMP 24/10 GENESI M,D-AC150-024-M,D-AC150-024-M,ASPIR-COMP 24/10 GENESI M,1,Модульные компрессорно-аспирационные системы,Combined unit for one dentist / two dental units: with membrane dryer compressor and dry surgical aspirator,https://www.mgfcompressors.com/fileadmin/_processed_/d/0/csm_ASPIR-COMP-CHIUSO-2016_light_911b21fa44.jpg,1,BRAND_OBSERVED_IN_KAZAKHSTAN_MARKET,KZ_SKU_EVIDENCE_REQUIRED,https://www.mgfcompressors.com/dental/modular-systems-compressors-suction-aspir-comp/aspir-comp-24-10-genesi-m-1.html
MGF-D-AC150-024-M,MGF,MGF S.r.l.,ASPIR-COMP 24/10 GENESI M,D-AC150-024-M,D-AC150-024-M,ASPIR-COMP 24/10 GENESI M,1,Модульные компрессорно-аспирационные системы,Combined unit for one dentist / two dental units: with membrane dryer compressor and dry surgical aspirator,https://www.mgfcompressors.com/fileadmin/_processed_/d/0/csm_ASPIR-COMP-CHIUSO-2016_light_911b21fa44.jpg,1,BRAND_OBSERVED_IN_KAZAKHSTAN_MARKET,KZ_SKU_EVIDENCE_REQUIRED,https://www.mgfcompressors.com/dental/modular-systems-compressors-suction-aspir-comp/combined-compression-and-suction-system-for-1-chair/aspir-comp-24-10-genesi-m-1.html
MGF-D-AC150-024-M-37,MGF,MGF S.r.l.,ASPIR-COMP 24/10 GENESI M LIGHT,D-AC150-024-M-37,D-AC150-024-M-37,ASPIR-COMP 24/10 GENESI M LIGHT,1,Модульные компрессорно-аспирационные системы,Combined unit for one dentist / two dental units: with membrane dryer compressor and dry surgical aspirator,https://www.mgfcompressors.com/fileadmin/_processed_/d/0/csm_ASPIR-COMP-CHIUSO-2016_light_911b21fa44.jpg,1,BRAND_OBSERVED_IN_KAZAKHSTAN_MARKET,KZ_SKU_EVIDENCE_REQUIRED,https://www.mgfcompressors.com/dental/modular-systems-compressors-suction-aspir-comp/aspir-comp-24-10-genesi-m-light-1.html
MGF-D-AC150-024-M-37,MGF,MGF S.r.l.,ASPIR-COMP 24/10 GENESI M LIGHT,D-AC150-024-M-37,D-AC150-024-M-37,ASPIR-COMP 24/10 GENESI M LIGHT,1,Модульные компрессорно-аспирационные системы,Combined unit for one dentist / two dental units: with membrane dryer compressor and dry surgical aspirator,https://www.mgfcompressors.com/fileadmin/_processed_/d/0/csm_ASPIR-COMP-CHIUSO-2016_light_911b21fa44.jpg,1,BRAND_OBSERVED_IN_KAZAKHSTAN_MARKET,KZ_SKU_EVIDENCE_REQUIRED,https://www.mgfcompressors.com/dental/modular-systems-compressors-suction-aspir-comp/combined-compression-and-suction-system-for-1-chair/aspir-comp-24-10-genesi-m-light-1.html
MGF-D-AC150-024-MC,MGF,MGF S.r.l.,ASPIR-COMP 24/10 GENESI MC,D-AC150-024-MC,D-AC150-024-MC,ASPIR-COMP 24/10 GENESI MC,1,Модульные компрессорно-аспирационные системы,Combined unit for one / two dental units: compressor with membrane dryer and wet ring surgical aspirator,https://www.mgfcompressors.com/fileadmin/_processed_/a/4/csm_ASPIR-COMP_24-10_GENESI_M_ph5_Metasys24_con_membrana_626daae000.png,1,BRAND_OBSERVED_IN_KAZAKHSTAN_MARKET,KZ_SKU_EVIDENCE_REQUIRED,https://www.mgfcompressors.com/dental/modular-systems-compressors-suction-aspir-comp/combined-compression-and-suction-system-for-1-chair/aspir-comp-24-10-genesi-mc-1.html
MGF-D-AC150-024-C,MGF,MGF S.r.l.,ASPIR-COMP 24/10 GENESI SC,D-AC150-024-C,D-AC150-024-C,ASPIR-COMP 24/10 GENESI SC,1,Модульные компрессорно-аспирационные системы,Combined unit for one / two dental units: compressor with membrane dryer and wet ring surgical aspirator,https://www.mgfcompressors.com/fileadmin/_processed_/8/4/csm_ASPIR-COMP-24_CLOSED-2016_light_01_51c0a43fad.jpg,1,BRAND_OBSERVED_IN_KAZAKHSTAN_MARKET,KZ_SKU_EVIDENCE_REQUIRED,https://www.mgfcompressors.com/dental/modular-systems-compressors-suction-aspir-comp/combined-compression-and-suction-system-for-1-chair/aspir-comp-24-10-genesi-sc-1.html
MGF-D-AC150-024,MGF,MGF S.r.l.,ASPIR-COMP 24/10 GENESIS S,D-AC150-024,D-AC150-024,ASPIR-COMP 24/10 GENESIS S,1,Модульные компрессорно-аспирационные системы,Combined unit for one dentist / two dental units: compressor with membrane dryer and dry surgical aspirator,https://www.mgfcompressors.com/fileadmin/_processed_/b/e/csm_ASPIR-COMP-CHIUSO-2016_light_04_403cf1f459.jpg,1,BRAND_OBSERVED_IN_KAZAKHSTAN_MARKET,KZ_SKU_EVIDENCE_REQUIRED,https://www.mgfcompressors.com/dental/modular-systems-compressors-suction-aspir-comp/aspir-comp-24-10-genesis-s.html
MGF-D-AC150-024,MGF,MGF S.r.l.,ASPIR-COMP 24/10 GENESIS S,D-AC150-024,D-AC150-024,ASPIR-COMP 24/10 GENESIS S,1,Модульные компрессорно-аспирационные системы,Combined unit for one dentist / two dental units: compressor with membrane dryer and dry surgical aspirator,https://www.mgfcompressors.com/fileadmin/_processed_/b/e/csm_ASPIR-COMP-CHIUSO-2016_light_04_403cf1f459.jpg,1,BRAND_OBSERVED_IN_KAZAKHSTAN_MARKET,KZ_SKU_EVIDENCE_REQUIRED,https://www.mgfcompressors.com/dental/modular-systems-compressors-suction-aspir-comp/combined-compression-and-suction-system-for-1-chair/aspir-comp-24-10-genesis-s.html
MGF-PR-AC200-040-M,MGF,MGF S.r.l.,ASPIR-COMP 30/15 PRIME M,PR-AC200-040-M,PR-AC200-040-M,ASPIR-COMP 30/15 PRIME M,1,Модульные компрессорно-аспирационные системы,Combined unit for two dentist / three dental units with oil-free compressor and dry surgical aspirator,https://www.mgfcompressors.com/fileadmin/user_upload/ASPIR-COMP-30_CLOSED-2016_LIGHT_19_ridimensionata_piccola.png,1,BRAND_OBSERVED_IN_KAZAKHSTAN_MARKET,KZ_SKU_EVIDENCE_REQUIRED,https://www.mgfcompressors.com/dental/modular-systems-compressors-suction-aspir-comp/aspir-comp-30-15-prime-m-1.html
MGF-PR-AC200-040-M,MGF,MGF S.r.l.,ASPIR-COMP 30/15 PRIME M,PR-AC200-040-M,PR-AC200-040-M,ASPIR-COMP 30/15 PRIME M,1,Модульные компрессорно-аспирационные системы,Combined unit for two dentist / three dental units with oil-free compressor and dry surgical aspirator,https://www.mgfcompressors.com/fileadmin/user_upload/ASPIR-COMP-30_CLOSED-2016_LIGHT_19_ridimensionata_piccola.png,1,BRAND_OBSERVED_IN_KAZAKHSTAN_MARKET,KZ_SKU_EVIDENCE_REQUIRED,https://www.mgfcompressors.com/dental/modular-systems-compressors-suction-aspir-comp/combined-compression-and-suction-system-for-2-or-3-chairs/aspir-comp-30-15-prime-m-1.html
MGF-PR-AC200-040-MC,MGF,MGF S.r.l.,ASPIR-COMP 30/15 PRIME MC - 230V 50Hz,PR-AC200-040-MC,PR-AC200-040-MC,ASPIR-COMP 30/15 PRIME MC,1,Модульные компрессорно-аспирационные системы,Combined unit for two dentist / three dental units with oil-free compressor and semi-dry surgical aspirator.,https://www.mgfcompressors.com/fileadmin/user_upload/ASPIR-COMP-30_CLOSED-2016_LIGHT_19_ridimensionata_piccola.png,1,BRAND_OBSERVED_IN_KAZAKHSTAN_MARKET,KZ_SKU_EVIDENCE_REQUIRED,https://www.mgfcompressors.com/dental/modular-systems-compressors-suction-aspir-comp/combined-compression-and-suction-system-for-2-or-3-chairs/aspir-comp-30-15-prime-mc-1.html
MGF-PR-AC200-040,MGF,MGF S.r.l.,ASPIR-COMP 30/15 PRIME S,PR-AC200-040,PR-AC200-040,ASPIR-COMP 30/15 PRIME S,1,Модульные компрессорно-аспирационные системы,Combined unit for two dentist / three dental units with oil-free compressor and dry surgical aspirator,https://www.mgfcompressors.com/fileadmin/user_upload/ASPIR-COMP-30_CLOSED-2016_LIGHT_19_ridimensionata_piccola.png,1,BRAND_OBSERVED_IN_KAZAKHSTAN_MARKET,KZ_SKU_EVIDENCE_REQUIRED,https://www.mgfcompressors.com/dental/modular-systems-compressors-suction-aspir-comp/aspir-comp-30-15-prime-s-1.html
MGF-PR-AC200-040,MGF,MGF S.r.l.,ASPIR-COMP 30/15 PRIME S,PR-AC200-040,PR-AC200-040,ASPIR-COMP 30/15 PRIME S,1,Модульные компрессорно-аспирационные системы,Combined unit for two dentist / three dental units with oil-free compressor and dry surgical aspirator,https://www.mgfcompressors.com/fileadmin/user_upload/ASPIR-COMP-30_CLOSED-2016_LIGHT_19_ridimensionata_piccola.png,1,BRAND_OBSERVED_IN_KAZAKHSTAN_MARKET,KZ_SKU_EVIDENCE_REQUIRED,https://www.mgfcompressors.com/dental/modular-systems-compressors-suction-aspir-comp/combined-compression-and-suction-system-for-2-or-3-chairs/aspir-comp-30-15-prime-s-1.html
MGF-PR-AC200-040-C,MGF,MGF S.r.l.,ASPIR-COMP 30/15 PRIME SC,PR-AC200-040-C,PR-AC200-040-C,ASPIR-COMP 30/15 PRIME SC,1,Модульные компрессорно-аспирационные системы,Combined unit for two dentist / three dental units with oil-free compressor and semi-dry surgical aspirator.,https://www.mgfcompressors.com/fileadmin/_processed_/f/e/csm_ASPIR-COMP-30_CLOSED-2016_LIGHT_026bed8ac9.jpg,1,BRAND_OBSERVED_IN_KAZAKHSTAN_MARKET,KZ_SKU_EVIDENCE_REQUIRED,https://www.mgfcompressors.com/dental/modular-systems-compressors-suction-aspir-comp/aspir-comp-30-15-prime-sc-1.html
MGF-PR-AC200-040-C,MGF,MGF S.r.l.,ASPIR-COMP 30/15 PRIME SC,PR-AC200-040-C,PR-AC200-040-C,ASPIR-COMP 30/15 PRIME SC,1,Модульные компрессорно-аспирационные системы,Combined unit for two dentist / three dental units with oil-free compressor and semi-dry surgical aspirator.,https://www.mgfcompressors.com/fileadmin/_processed_/f/e/csm_ASPIR-COMP-30_CLOSED-2016_LIGHT_026bed8ac9.jpg,1,BRAND_OBSERVED_IN_KAZAKHSTAN_MARKET,KZ_SKU_EVIDENCE_REQUIRED,https://www.mgfcompressors.com/dental/modular-systems-compressors-suction-aspir-comp/combined-compression-and-suction-system-for-2-or-3-chairs/aspir-comp-30-15-prime-sc-1.html
MGF-PR-AC300-040-M,MGF,MGF S.r.l.,ASPIR-COMP 30/25 PRIME M,PR-AC300-040-M,PR-AC300-040-M,ASPIR-COMP 30/25 PRIME M,1,Модульные компрессорно-аспирационные системы,Combined unit for three dentist / four dental units: compressor with membrane dryer and dry surgical aspirator,https://www.mgfcompressors.com/fileadmin/_processed_/6/8/csm_ASPIR-COMP-CHIUSO-2016_light_24_a45b87e591.jpg,1,BRAND_OBSERVED_IN_KAZAKHSTAN_MARKET,KZ_SKU_EVIDENCE_REQUIRED,https://www.mgfcompressors.com/dental/modular-systems-compressors-suction-aspir-comp/combined-compression-and-suction-system-for-3-or-4-chairs/aspir-comp-30-25-prime-m-1.html
MGF-PR-AC300-040-MC,MGF,MGF S.r.l.,ASPIR-COMP 30/25 PRIME MC,PR-AC300-040-MC,PR-AC300-040-MC,ASPIR-COMP 30/25 PRIME MC,1,Модульные компрессорно-аспирационные системы,Combined unit for three dentist / four dental units: compressor with membrane dryer and semi-dry surgical aspirator.,https://www.mgfcompressors.com/fileadmin/_processed_/9/c/csm_ASPIR-COMP-30-25_PRIME_MC-OPEN_LIGHT_f768c5ed4e.jpg,1,BRAND_OBSERVED_IN_KAZAKHSTAN_MARKET,KZ_SKU_EVIDENCE_REQUIRED,https://www.mgfcompressors.com/dental/modular-systems-compressors-suction-aspir-comp/aspir-comp-30-25-prime-mc-1.html
MGF-PR-AC300-040-MC,MGF,MGF S.r.l.,ASPIR-COMP 30/25 PRIME MC,PR-AC300-040-MC,PR-AC300-040-MC,ASPIR-COMP 30/25 PRIME MC,1,Модульные компрессорно-аспирационные системы,Combined unit for three dentist / four dental units: compressor with membrane dryer and semi-dry surgical aspirator.,https://www.mgfcompressors.com/fileadmin/_processed_/9/c/csm_ASPIR-COMP-30-25_PRIME_MC-OPEN_LIGHT_f768c5ed4e.jpg,1,BRAND_OBSERVED_IN_KAZAKHSTAN_MARKET,KZ_SKU_EVIDENCE_REQUIRED,https://www.mgfcompressors.com/dental/modular-systems-compressors-suction-aspir-comp/combined-compression-and-suction-system-for-3-or-4-chairs/aspir-comp-30-25-prime-mc-1.html
MGF-PR-AC300-040,MGF,MGF S.r.l.,ASPIR-COMP 30/25 PRIME S,PR-AC300-040,PR-AC300-040,ASPIR-COMP 30/25 PRIME S,1,Модульные компрессорно-аспирационные системы,Combined unit for three dentist / four dental units: compressor with membrane dryer and dry surgical aspirator,https://www.mgfcompressors.com/fileadmin/user_upload/ASPIR-COMP-30_CLOSED-2016_LIGHT_19_ridimensionata_piccola.png,1,BRAND_OBSERVED_IN_KAZAKHSTAN_MARKET,KZ_SKU_EVIDENCE_REQUIRED,https://www.mgfcompressors.com/dental/modular-systems-compressors-suction-aspir-comp/aspir-comp-30-25-prime-s.html
MGF-PR-AC300-040,MGF,MGF S.r.l.,ASPIR-COMP 30/25 PRIME S,PR-AC300-040,PR-AC300-040,ASPIR-COMP 30/25 PRIME S,1,Модульные компрессорно-аспирационные системы,Combined unit for three dentist / four dental units: compressor with membrane dryer and dry surgical aspirator,https://www.mgfcompressors.com/fileadmin/user_upload/ASPIR-COMP-30_CLOSED-2016_LIGHT_19_ridimensionata_piccola.png,1,BRAND_OBSERVED_IN_KAZAKHSTAN_MARKET,KZ_SKU_EVIDENCE_REQUIRED,https://www.mgfcompressors.com/dental/modular-systems-compressors-suction-aspir-comp/combined-compression-and-suction-system-for-3-or-4-chairs/aspir-comp-30-25-prime-s.html
MGF-PR-AC300-040-C,MGF,MGF S.r.l.,ASPIR-COMP 30/25 PRIME SC,PR-AC300-040-C,PR-AC300-040-C,ASPIR-COMP 30/25 PRIME SC,1,Модульные компрессорно-аспирационные системы,Combined unit for three dentist / four dental units: compressor with membrane dryer and semi-dry surgical aspirator.,https://www.mgfcompressors.com/fileadmin/user_upload/ASPIR-COMP-30_CLOSED-2016_LIGHT_19_ridimensionata_piccola.png,1,BRAND_OBSERVED_IN_KAZAKHSTAN_MARKET,KZ_SKU_EVIDENCE_REQUIRED,https://www.mgfcompressors.com/dental/modular-systems-compressors-suction-aspir-comp/aspir-comp-30-25-prime-sc-1.html
MGF-PR-AC300-040-C,MGF,MGF S.r.l.,ASPIR-COMP 30/25 PRIME SC,PR-AC300-040-C,PR-AC300-040-C,ASPIR-COMP 30/25 PRIME SC,1,Модульные компрессорно-аспирационные системы,Combined unit for three dentist / four dental units: compressor with membrane dryer and semi-dry surgical aspirator.,https://www.mgfcompressors.com/fileadmin/user_upload/ASPIR-COMP-30_CLOSED-2016_LIGHT_19_ridimensionata_piccola.png,1,BRAND_OBSERVED_IN_KAZAKHSTAN_MARKET,KZ_SKU_EVIDENCE_REQUIRED,https://www.mgfcompressors.com/dental/modular-systems-compressors-suction-aspir-comp/combined-compression-and-suction-system-for-3-or-4-chairs/aspir-comp-30-25-prime-sc-1.html
MGF-TA-SA-003,MGF,MGF S.r.l.,Automatic drain 0-16 bar,TA-SA-003,TA-SA-003,Automatic drain 0-16 bar,1,Принадлежности для безмасляных компрессоров,Automatic condensate drain 0-16 bar,https://www.mgfcompressors.com/fileadmin/_processed_/7/d/csm_scarico_automatico_di_condensa_J-_b32c6a694b.jpg,1,BRAND_OBSERVED_IN_KAZAKHSTAN_MARKET,KZ_SKU_EVIDENCE_REQUIRED,https://www.mgfcompressors.com/dental/oil-free-compressors-accessories/ta-sa-003.html
MGF-TB-055-S,MGF,MGF S.r.l.,B-SAFE - 230V 50/60Hz,TB-055-S,TB-055-S,B-SAFE,1,Средства для дезинфекции аспирационных систем,B / Safe is the new MGF device for sanitizing and disinfecting environments.,https://www.mgfcompressors.com/fileadmin/_processed_/3/4/csm_MGF_B-SAFE_cefa34c3a3.png,1,BRAND_OBSERVED_IN_KAZAKHSTAN_MARKET,KZ_SKU_EVIDENCE_REQUIRED,https://www.mgfcompressors.com/dental/disinfection/b-safe-1.html
MGF-DENTAL-OIL-FREE-COMPRESSORS-ACCESSORIES-MODULI-PER-ARIA-RESPIRABILE-HTML,MGF,MGF S.r.l.,Breathing air modules,,,Breathing air modules,1,Принадлежности для безмасляных компрессоров,Breathing air modules,https://www.mgfcompressors.com/fileadmin/_processed_/7/4/csm_NDM-100__4__fb1acb3122.png,1,BRAND_OBSERVED_IN_KAZAKHSTAN_MARKET,KZ_SKU_EVIDENCE_REQUIRED,https://www.mgfcompressors.com/dental/oil-free-compressors-accessories/moduli-per-aria-respirabile.html
MGF-PR-OF3600-400,MGF,MGF S.r.l.,CENTRALAIR 6 - 400V 50/60Hz,PR-OF3600-400,PR-OF3600-400,CENTRALAIR 6,1,Компрессоры для централизованных систем,"Oil free compressor consisting of 6 PRIME 6 groups, flow rate 2700 l / min @ 5 bar, without tank and dryer.",https://www.mgfcompressors.com/fileadmin/_processed_/6/a/csm_centalair6_53b6f175cb.jpg,1,BRAND_OBSERVED_IN_KAZAKHSTAN_MARKET,KZ_SKU_EVIDENCE_REQUIRED,https://www.mgfcompressors.com/dental/oil-free-compressors-for-centralized-systems/centralair-6.html
MGF-PR-OF5400-400,MGF,MGF S.r.l.,CENTRALAIR 9 - 400V 50/60Hz,PR-OF5400-400,PR-OF5400-400,CENTRALAIR 9,1,Компрессоры для централизованных систем,"Oil free centralized compressor, equipped with 9 pumping units PRIME 6, FAD at 5 bar 4050 l/min, without air reveiver and air dryer.",https://www.mgfcompressors.com/fileadmin/_processed_/8/3/csm_centalair9_e25cd54b04.jpg,1,BRAND_OBSERVED_IN_KAZAKHSTAN_MARKET,KZ_SKU_EVIDENCE_REQUIRED,https://www.mgfcompressors.com/dental/oil-free-compressors-for-centralized-systems/centralair-9-1.html
MGF-AS-01010001,MGF,MGF S.r.l.,Compact Dynamic,AS-01010001,AS-01010001,Compact Dynamic,1,Стоматологические аспирационные системы,"Amalgam separator / recovery unit for indoor units, complete with 24V selection valve.",https://www.mgfcompressors.com/fileadmin/_processed_/d/3/csm_01060001_COMPACT_Dynamic_frontal_d2420c39ab.jpg,1,BRAND_OBSERVED_IN_KAZAKHSTAN_MARKET,KZ_SKU_EVIDENCE_REQUIRED,https://www.mgfcompressors.com/dental/dental-suction-systems/surgical-suction-accessories/compact-dynamic.html
MGF-AS-01010001,MGF,MGF S.r.l.,Compact Dynamic,AS-01010001,AS-01010001,Compact Dynamic,1,Централизованная хирургическая аспирация,"Amalgam separator / recovery unit for indoor units, complete with 24V selection valve.",https://www.mgfcompressors.com/fileadmin/_processed_/d/3/csm_01060001_COMPACT_Dynamic_frontal_d2420c39ab.jpg,1,BRAND_OBSERVED_IN_KAZAKHSTAN_MARKET,KZ_SKU_EVIDENCE_REQUIRED,https://www.mgfcompressors.com/dental/centralized-surgical-dental-suction/surgical-suction-accessories/compact-dynamic.html
MGF-AS-01010033,MGF,MGF S.r.l.,Compact Eco Dynamic,AS-01010033,AS-01010033,Compact Eco Dynamic,1,Стоматологические аспирационные системы,"Internal secretion separator, complete with 24V selection valve and dynamic separation of liquids.",https://www.mgfcompressors.com/fileadmin/_processed_/1/1/csm_01060002_COMPACT_ECO_Dynamic_frontal_48e5a02b9d.jpg,1,BRAND_OBSERVED_IN_KAZAKHSTAN_MARKET,KZ_SKU_EVIDENCE_REQUIRED,https://www.mgfcompressors.com/dental/dental-suction-systems/surgical-suction-accessories/compact-eco-dynamic.html
MGF-AS-01010033,MGF,MGF S.r.l.,Compact Eco Dynamic,AS-01010033,AS-01010033,Compact Eco Dynamic,1,Централизованная хирургическая аспирация,"Internal secretion separator, complete with 24V selection valve and dynamic separation of liquids.",https://www.mgfcompressors.com/fileadmin/_processed_/1/1/csm_01060002_COMPACT_ECO_Dynamic_frontal_48e5a02b9d.jpg,1,BRAND_OBSERVED_IN_KAZAKHSTAN_MARKET,KZ_SKU_EVIDENCE_REQUIRED,https://www.mgfcompressors.com/dental/centralized-surgical-dental-suction/surgical-suction-accessories/compact-eco-dynamic.html
MGF-TA-FL-058-K,MGF,MGF S.r.l.,Complete PRIME filter,TA-FL-058-K,TA-FL-058-K,Complete PRIME filter,1,Комплекты технического обслуживания,Complete PRIME filter,https://www.mgfcompressors.com/fileadmin/_processed_/2/5/csm_TA-FL-058-K_818ae3761f.jpg,1,BRAND_OBSERVED_IN_KAZAKHSTAN_MARKET,KZ_SKU_EVIDENCE_REQUIRED,https://www.mgfcompressors.com/dental/maintenance-kits/prime-maintenance-kit/filtro-completo-prime.html
MGF-DENTAL-DENTAL-SUCTION-SYSTEMS-SURGICAL-SUCTION-ACCESSORIES-QUADRO-DI-COMANDO-PER-UNITA-ASPIR-HTML,MGF,MGF S.r.l.,Control panel for ASPIR units,,,Control panel for ASPIR units,1,Стоматологические аспирационные системы,"Control panel for ASPIR 1, 2, 3, 4 units",https://www.mgfcompressors.com/fileadmin/_processed_/1/f/csm_CMYK-QUADRO-DI-COMANDO-ASPIR_919dba6109.jpg,1,BRAND_OBSERVED_IN_KAZAKHSTAN_MARKET,KZ_SKU_EVIDENCE_REQUIRED,https://www.mgfcompressors.com/dental/dental-suction-systems/surgical-suction-accessories/quadro-di-comando-per-unita-aspir.html
MGF-DENTAL-CENTRALIZED-SURGICAL-DENTAL-SUCTION-SURGICAL-SUCTION-ACCESSORIES-QUADRO-DI-COMANDO-PER-UNITA-ASPIR-HTML,MGF,MGF S.r.l.,Control panel for ASPIR units,,,Control panel for ASPIR units,1,Централизованная хирургическая аспирация,"Control panel for ASPIR 1, 2, 3, 4 units",https://www.mgfcompressors.com/fileadmin/_processed_/1/f/csm_CMYK-QUADRO-DI-COMANDO-ASPIR_919dba6109.jpg,1,BRAND_OBSERVED_IN_KAZAKHSTAN_MARKET,KZ_SKU_EVIDENCE_REQUIRED,https://www.mgfcompressors.com/dental/centralized-surgical-dental-suction/surgical-suction-accessories/quadro-di-comando-per-unita-aspir.html
MGF-PR-CS400-090-MT-HD,MGF,MGF S.r.l.,CS 100/30 TANDEM PRIME M HD - 220V 50/60Hz,PR-CS400-090-MT-HD,PR-CS400-090-MT-HD,CS 100/30 TANDEM PRIME M HD,1,Компрессоры PRIME HD для CAD/CAM,"Silent oil-free compressor, 4 cylinders, flow rate 220 l/min@8 bar, 90 lt. tank, with new membrane dryer",https://www.mgfcompressors.com/fileadmin/_processed_/d/4/csm_CS_100-30-50-S-M-Hd_trasp-quick_b9d9a54e7f.jpg,1,BRAND_OBSERVED_IN_KAZAKHSTAN_MARKET,KZ_SKU_EVIDENCE_REQUIRED,https://www.mgfcompressors.com/dental/oil-free-compressors-prime-hd-for-cad-cam/silenced-prime-versions-with-air-dryer/cs-100-30-tandem-prime-m-10-bar-1-1.html
MGF-PR-CS400-090-MT3-HD,MGF,MGF S.r.l.,CS 100/30 TANDEM PRIME M HD - 400V 50/60Hz,PR-CS400-090-MT3-HD,PR-CS400-090-MT3-HD,CS 100/30 TANDEM PRIME M HD,1,Компрессоры PRIME HD для CAD/CAM,"Silent oil-free compressor, 4 cylinders, flow rate 220 l/min@8 bar, 90 lt. tank, with new membrane dryer",https://www.mgfcompressors.com/fileadmin/_processed_/d/4/csm_CS_100-30-50-S-M-Hd_trasp-quick_b9d9a54e7f.jpg,1,BRAND_OBSERVED_IN_KAZAKHSTAN_MARKET,KZ_SKU_EVIDENCE_REQUIRED,https://www.mgfcompressors.com/dental/oil-free-compressors-prime-hd-for-cad-cam/silenced-prime-versions-with-air-dryer/cs-100-30-tandem-prime-m-10-bar-2.html
MGF-PR-CS400-090-T-HD,MGF,MGF S.r.l.,CS 100/30 TANDEM PRIME S HD 10 BAR - 230V 50Hz,PR-CS400-090-T-HD,PR-CS400-090-T-HD,CS 100/30 TANDEM PRIME S HD 10 BAR,1,Компрессоры PRIME HD для CAD/CAM,"Oil-free silent compressor, flow rate portata 250 l/min@8 bar, 90 l tank, without dryer.",https://www.mgfcompressors.com/fileadmin/_processed_/d/4/csm_CS_100-30-50-S-M-Hd_trasp-quick_b9d9a54e7f.jpg,1,BRAND_OBSERVED_IN_KAZAKHSTAN_MARKET,KZ_SKU_EVIDENCE_REQUIRED,https://www.mgfcompressors.com/dental/oil-free-compressors-prime-hd-for-cad-cam/silenced-prime-versions-without-air-dryer/cs-100-30-tandem-prime-s-10-bar-1-1.html
MGF-PR-CS400-090-T3-HD,MGF,MGF S.r.l.,CS 100/30 TANDEM PRIME S HD 10 BAR - 400V 50/60Hz,PR-CS400-090-T3-HD,PR-CS400-090-T3-HD,CS 100/30 TANDEM PRIME S HD 10 BAR,1,Компрессоры PRIME HD для CAD/CAM,"Oil-free silent compressor, flow rate 250 l/min@8 bar, 90 l tank, without dryer.",https://www.mgfcompressors.com/fileadmin/_processed_/d/4/csm_CS_100-30-50-S-M-Hd_trasp-quick_b9d9a54e7f.jpg,1,BRAND_OBSERVED_IN_KAZAKHSTAN_MARKET,KZ_SKU_EVIDENCE_REQUIRED,https://www.mgfcompressors.com/dental/oil-free-compressors-prime-hd-for-cad-cam/silenced-prime-versions-without-air-dryer/cs-100-30-tandem-prime-s-10-bar-2.html
MGF-PR-CS600-090-T3-AN,MGF,MGF S.r.l.,CS 100/50 TANDEM PRIME E - 400V 50/60Hz,PR-CS600-090-T3-AN,PR-CS600-090-T3-AN,CS 100/50 TANDEM PRIME E,1,Стоматологические компрессоры Pure Air,"Silent oil free compressor, 6 cylinders, FAD at 5 bar 450 l/min, tank capacity 90 l, with adsorption dryer, max pressure on demand 10 bar.",https://www.mgfcompressors.com/fileadmin/_processed_/8/9/csm_CS_100-30-50-S-M-HD_28dc1e83bb.jpg,1,BRAND_OBSERVED_IN_KAZAKHSTAN_MARKET,KZ_SKU_EVIDENCE_REQUIRED,https://www.mgfcompressors.com/dental/pure-air-dental-compressors-medical-compressors/prime-line/cs-100-50-tandem-prime-e-2.html
MGF-PR-CS600-090-T3-AN,MGF,MGF S.r.l.,CS 100/50 TANDEM PRIME E - 400V 50/60Hz,PR-CS600-090-T3-AN,PR-CS600-090-T3-AN,CS 100/50 TANDEM PRIME E,1,Компрессоры PRIME HD для CAD/CAM,"Oil-free compressor, 6 cylinders, flow rate 304 l/min@8 bar, 90 lt tank, with soundproofed cabin and absorption dryer",https://www.mgfcompressors.com/fileadmin/_processed_/8/9/csm_CS_100-30-50-S-M-HD_28dc1e83bb.jpg,1,BRAND_OBSERVED_IN_KAZAKHSTAN_MARKET,KZ_SKU_EVIDENCE_REQUIRED,https://www.mgfcompressors.com/dental/oil-free-compressors-prime-hd-for-cad-cam/versions-with-adsorption-dryer/cs-100-50-tandem-prime-e.html
MGF-PR-CS600-090-MT-HD,MGF,MGF S.r.l.,CS 100/50 TANDEM PRIME M HD - 230V 50Hz,PR-CS600-090-MT-HD,PR-CS600-090-MT-HD,CS 100/50 TANDEM PRIME M HD,1,Компрессоры PRIME HD для CAD/CAM,"Oil-free silent compressor, 6 cylinders, flow rate 350 l/min@8 bar, 90 l tank, with membrane dryer",https://www.mgfcompressors.com/fileadmin/_processed_/d/d/csm_CS_100-50-M-HD-OPEN_f10661c51e.jpg,1,BRAND_OBSERVED_IN_KAZAKHSTAN_MARKET,KZ_SKU_EVIDENCE_REQUIRED,https://www.mgfcompressors.com/dental/oil-free-compressors-prime-hd-for-cad-cam/silenced-prime-versions-with-air-dryer/cs-100-50-tandem-prime-m-10-bar-1.html
MGF-PR-CS600-090-MT3-HD,MGF,MGF S.r.l.,CS 100/50 TANDEM PRIME M HD - 400V 50/60Hz,PR-CS600-090-MT3-HD,PR-CS600-090-MT3-HD,CS 100/50 TANDEM PRIME M HD,1,Компрессоры PRIME HD для CAD/CAM,"Oil-free silent compressor, 6 cylinders, flow rate 350 l/min@8 bar, 90 l tank, with membrane dryer",https://www.mgfcompressors.com/fileadmin/_processed_/d/d/csm_CS_100-50-M-HD-OPEN_f10661c51e.jpg,1,BRAND_OBSERVED_IN_KAZAKHSTAN_MARKET,KZ_SKU_EVIDENCE_REQUIRED,https://www.mgfcompressors.com/dental/oil-free-compressors-prime-hd-for-cad-cam/silenced-prime-versions-with-air-dryer/cs-100-50-tandem-prime-m-10-bar-1-1.html
MGF-PR-CS600-090-T-HD,MGF,MGF S.r.l.,CS 100/50 TANDEM PRIME S HD 10 BAR - 230V 50Hz,PR-CS600-090-T-HD,PR-CS600-090-T-HD,CS 100/50 TANDEM PRIME S HD 10 BAR,1,Компрессоры PRIME HD для CAD/CAM,"Oil-free silent compressor, 6 cylinders, flow rate 380 l/min@8 bar, 90 l tank, without dryer",https://www.mgfcompressors.com/fileadmin/_processed_/d/4/csm_CS_100-30-50-S-M-Hd_trasp-quick_b9d9a54e7f.jpg,1,BRAND_OBSERVED_IN_KAZAKHSTAN_MARKET,KZ_SKU_EVIDENCE_REQUIRED,https://www.mgfcompressors.com/dental/oil-free-compressors-prime-hd-for-cad-cam/silenced-prime-versions-without-air-dryer/cs-100-50-tandem-prime-s-hd-10-bar.html
MGF-PR-CS600-090-T3-HD,MGF,MGF S.r.l.,CS 100/50 TANDEM PRIME S HD 10 BAR - 400V 50/60Hz,PR-CS600-090-T3-HD,PR-CS600-090-T3-HD,CS 100/50 TANDEM PRIME S HD 10 BAR,1,Компрессоры PRIME HD для CAD/CAM,"Oil-free silent compressor, 3ph, 6 cylinders, flow rate 380 l/min@8 bar, 90 l tank, without dryer",https://www.mgfcompressors.com/fileadmin/_processed_/d/4/csm_CS_100-30-50-S-M-Hd_trasp-quick_b9d9a54e7f.jpg,1,BRAND_OBSERVED_IN_KAZAKHSTAN_MARKET,KZ_SKU_EVIDENCE_REQUIRED,https://www.mgfcompressors.com/dental/oil-free-compressors-prime-hd-for-cad-cam/silenced-prime-versions-without-air-dryer/cs-100-50-tandem-prime-s-10-bar-1.html
MGF-PR-CS600-090-SMT3,MGF,MGF S.r.l.,CS 100/50 TANDEM PRIME X3 10 BAR - 400V 50/60Hz,PR-CS600-090-SMT3,PR-CS600-090-SMT3,CS 100/50 TANDEM PRIME X3 10 BAR,1,Компрессоры PRIME HD для CAD/CAM,"Oil-free compressor suitable for continuous compressed air supply till 330 l/min @ 8 bar, air receiver capacity 90 l, with membrane air dryer.",https://www.mgfcompressors.com/fileadmin/_processed_/8/9/csm_CS_100-30-50-S-M-HD_28dc1e83bb.jpg,1,BRAND_OBSERVED_IN_KAZAKHSTAN_MARKET,KZ_SKU_EVIDENCE_REQUIRED,https://www.mgfcompressors.com/dental/oil-free-compressors-prime-hd-for-cad-cam/x-line-version/cs-100-50-tandem-prime-x3-10-bar.html
MGF-PR-CS200-040-M,MGF,MGF S.r.l.,CS 30/15 PRIME M,PR-CS200-040-M,PR-CS200-040-M,CS 30/15 PRIME M,1,Стоматологические компрессоры Pure Air,"Silenced oil-free compressor, flow rate 170 l / min @ 5 bar, 40 L tank, with dryer.",https://www.mgfcompressors.com/fileadmin/_processed_/f/d/csm_MGF-CS-chiuso-22_781b3b0562.png,1,BRAND_OBSERVED_IN_KAZAKHSTAN_MARKET,KZ_SKU_EVIDENCE_REQUIRED,https://www.mgfcompressors.com/dental/pure-air-dental-compressors-medical-compressors/prime-line/cs-30-15-prime-m.html
MGF-PR-CS200-040-M-HD,MGF,MGF S.r.l.,CS 30/15 PRIME M HD - 230V 50Hz,PR-CS200-040-M-HD,PR-CS200-040-M-HD,CS 30/15 PRIME M HD,1,Компрессоры PRIME HD для CAD/CAM,"Oil-free silent compressor, flow rate 110 l/min@8 bar, 40 l tank, with membrane dryer.",https://www.mgfcompressors.com/fileadmin/_processed_/9/f/csm_CS-50-25-15-M-S-HD_af941c0254.jpg,1,BRAND_OBSERVED_IN_KAZAKHSTAN_MARKET,KZ_SKU_EVIDENCE_REQUIRED,https://www.mgfcompressors.com/dental/oil-free-compressors-prime-hd-for-cad-cam/cs-30-15-prime-m-hd.html
MGF-PR-CS200-040-M-HD,MGF,MGF S.r.l.,CS 30/15 PRIME M HD - 230V 50Hz,PR-CS200-040-M-HD,PR-CS200-040-M-HD,CS 30/15 PRIME M HD,1,Компрессоры PRIME HD для CAD/CAM,"Oil-free silent compressor, flow rate 110 l/min@8 bar, 40 l tank, with membrane dryer.",https://www.mgfcompressors.com/fileadmin/_processed_/9/f/csm_CS-50-25-15-M-S-HD_af941c0254.jpg,1,BRAND_OBSERVED_IN_KAZAKHSTAN_MARKET,KZ_SKU_EVIDENCE_REQUIRED,https://www.mgfcompressors.com/dental/oil-free-compressors-prime-hd-for-cad-cam/silenced-prime-versions-with-air-dryer/cs-30-15-prime-m-hd.html
MGF-PR-CS200-040,MGF,MGF S.r.l.,CS 30/15 PRIME S,PR-CS200-040,PR-CS200-040,CS 30/15 PRIME S,1,Стоматологические компрессоры Pure Air,"Silent oil free compressor, FAD at 5 bar 170 l/min, tank capacity 40 L, without air dryer.",https://www.mgfcompressors.com/fileadmin/_processed_/7/5/csm_MGF-CS-30-15-PRIME-S.BLK_2d4b6c737d.jpg,1,BRAND_OBSERVED_IN_KAZAKHSTAN_MARKET,KZ_SKU_EVIDENCE_REQUIRED,https://www.mgfcompressors.com/dental/pure-air-dental-compressors-medical-compressors/prime-line/cs-30-15-prime-s.html
MGF-PR-CS200-040-HD,MGF,MGF S.r.l.,CS 30/15 PRIME S HD 10 BAR - 230V 50Hz,PR-CS200-040-HD,PR-CS200-040-HD,CS 30/15 PRIME S HD 10 BAR,1,Компрессоры PRIME HD для CAD/CAM,"Silenced oil-free compressor, flow rate 125 l/min@8 bar, 40 l tank, without dryer.",https://www.mgfcompressors.com/fileadmin/_processed_/9/f/csm_CS-50-25-15-M-S-HD_af941c0254.jpg,1,BRAND_OBSERVED_IN_KAZAKHSTAN_MARKET,KZ_SKU_EVIDENCE_REQUIRED,https://www.mgfcompressors.com/dental/oil-free-compressors-prime-hd-for-cad-cam/cs-30-15-prime-s-10-bar-1.html
MGF-PR-CS200-040-HD,MGF,MGF S.r.l.,CS 30/15 PRIME S HD 10 BAR - 230V 50Hz,PR-CS200-040-HD,PR-CS200-040-HD,CS 30/15 PRIME S HD 10 BAR,1,Компрессоры PRIME HD для CAD/CAM,"Silenced oil-free compressor, flow rate 125 l/min@8 bar, 40 l tank, without dryer.",https://www.mgfcompressors.com/fileadmin/_processed_/9/f/csm_CS-50-25-15-M-S-HD_af941c0254.jpg,1,BRAND_OBSERVED_IN_KAZAKHSTAN_MARKET,KZ_SKU_EVIDENCE_REQUIRED,https://www.mgfcompressors.com/dental/oil-free-compressors-prime-hd-for-cad-cam/silenced-prime-versions-without-air-dryer/cs-30-15-prime-s-10-bar-1.html
MGF-PR-CS200-040-AN,MGF,MGF S.r.l.,CS 50/15 PRIME E - 230V 50Hz,PR-CS200-040-AN,PR-CS200-040-AN,CS 50/15 PRIME E,1,Компрессоры PRIME HD для CAD/CAM,"CS 50/15 PRIME E - 1,5 kW 230V-50Hz 40 Lt. with after cooler and adsorption dryer -40 ° C and soundproof cabinet",https://www.mgfcompressors.com/fileadmin/_processed_/1/5/csm_CS_50-15_PRIME_E__3__SCONTORNO_d5c557950d.jpg,1,BRAND_OBSERVED_IN_KAZAKHSTAN_MARKET,KZ_SKU_EVIDENCE_REQUIRED,https://www.mgfcompressors.com/dental/oil-free-compressors-prime-hd-for-cad-cam/cs-50-15-prime-e.html
MGF-PR-CS200-040-AN,MGF,MGF S.r.l.,CS 50/15 PRIME E - 230V 50Hz,PR-CS200-040-AN,PR-CS200-040-AN,CS 50/15 PRIME E,1,Стоматологические компрессоры Pure Air,"Silent oil free compressor, FAD at 5 bar 152 l/min, tank capacity 40 l., with adsorption air dryer.",https://www.mgfcompressors.com/fileadmin/_processed_/9/f/csm_CS-50-25-15-M-S-HD_af941c0254.jpg,1,BRAND_OBSERVED_IN_KAZAKHSTAN_MARKET,KZ_SKU_EVIDENCE_REQUIRED,https://www.mgfcompressors.com/dental/pure-air-dental-compressors-medical-compressors/prime-line/cs-50-15-prime-e.html
MGF-PR-CS200-040-AN,MGF,MGF S.r.l.,CS 50/15 PRIME E - 230V 50Hz,PR-CS200-040-AN,PR-CS200-040-AN,CS 50/15 PRIME E,1,Компрессоры PRIME HD для CAD/CAM,"CS 50/15 PRIME E - 1,5 kW 230V-50Hz 40 Lt. with after cooler and adsorption dryer -40 ° C and soundproof cabinet",https://www.mgfcompressors.com/fileadmin/_processed_/1/5/csm_CS_50-15_PRIME_E__3__SCONTORNO_d5c557950d.jpg,1,BRAND_OBSERVED_IN_KAZAKHSTAN_MARKET,KZ_SKU_EVIDENCE_REQUIRED,https://www.mgfcompressors.com/dental/oil-free-compressors-prime-hd-for-cad-cam/versions-with-adsorption-dryer/cs-50-15-prime-e.html
MGF-PR-CS300-040-AN,MGF,MGF S.r.l.,CS 50/25 PRIME E - 230V 50Hz,PR-CS300-040-AN,PR-CS300-040-AN,CS 50/25 PRIME E,1,Стоматологические компрессоры Pure Air,"Silent oil free compressor, FAD at 5 bar 225 l/min, tank capacity 40 l., with adsorption dryer.",https://www.mgfcompressors.com/fileadmin/_processed_/9/f/csm_CS-50-25-15-M-S-HD_af941c0254.jpg,1,BRAND_OBSERVED_IN_KAZAKHSTAN_MARKET,KZ_SKU_EVIDENCE_REQUIRED,https://www.mgfcompressors.com/dental/pure-air-dental-compressors/cs-50-25-prime-e.html
MGF-PR-CS300-040-AN,MGF,MGF S.r.l.,CS 50/25 PRIME E - 230V 50Hz,PR-CS300-040-AN,PR-CS300-040-AN,CS 50/25 PRIME E,1,Стоматологические компрессоры Pure Air,"Silent oil free compressor, FAD at 5 bar 225 l/min, tank capacity 40 l., with adsorption dryer.",https://www.mgfcompressors.com/fileadmin/_processed_/9/f/csm_CS-50-25-15-M-S-HD_af941c0254.jpg,1,BRAND_OBSERVED_IN_KAZAKHSTAN_MARKET,KZ_SKU_EVIDENCE_REQUIRED,https://www.mgfcompressors.com/dental/pure-air-dental-compressors-medical-compressors/prime-line/cs-50-25-prime-e.html
MGF-PR-CS300-040-AN,MGF,MGF S.r.l.,CS 50/25 PRIME E - 230V 50Hz,PR-CS300-040-AN,PR-CS300-040-AN,CS 50/25 PRIME E,1,Компрессоры PRIME HD для CAD/CAM,CS 50/25 PRIME E - 2.2 kW 230V-50Hz 40 Lt. with after cooler and adsorption dryer -40 ° C and soundproof cabinet.,https://www.mgfcompressors.com/fileadmin/_processed_/9/f/csm_CS-50-25-15-M-S-HD_af941c0254.jpg,1,BRAND_OBSERVED_IN_KAZAKHSTAN_MARKET,KZ_SKU_EVIDENCE_REQUIRED,https://www.mgfcompressors.com/dental/oil-free-compressors-prime-hd-for-cad-cam/versions-with-adsorption-dryer/cs-50-25-prime-e.html
MGF-PR-CS300-040-M,MGF,MGF S.r.l.,CS 50/25 PRIME M,PR-CS300-040-M,PR-CS300-040-M,CS 50/25 PRIME M,1,Стоматологические компрессоры Pure Air,"Silenced oil free compressor, flow rate 170 225 l / min @ 5 bar, 40 L tank, with dryer.",https://www.mgfcompressors.com/fileadmin/_processed_/f/d/csm_MGF-CS-chiuso-22_781b3b0562.png,1,BRAND_OBSERVED_IN_KAZAKHSTAN_MARKET,KZ_SKU_EVIDENCE_REQUIRED,https://www.mgfcompressors.com/dental/pure-air-dental-compressors-medical-compressors/prime-line/cs-50-25-prime-m.html
MGF-PR-CS300-040-M-HD,MGF,MGF S.r.l.,CS 50/25 PRIME M HD - 230V 50Hz,PR-CS300-040-M-HD,PR-CS300-040-M-HD,CS 50/25 PRIME M HD,1,Компрессоры PRIME HD для CAD/CAM,"Oil-free silenced compressor, flow rate 175 l/min@8 bar, 40 l tank, with membrane dryer.",https://www.mgfcompressors.com/fileadmin/_processed_/9/f/csm_CS-50-25-15-M-S-HD_af941c0254.jpg,1,BRAND_OBSERVED_IN_KAZAKHSTAN_MARKET,KZ_SKU_EVIDENCE_REQUIRED,https://www.mgfcompressors.com/dental/oil-free-compressors-prime-hd-for-cad-cam/cs-50-25-prime-m-10-bar-1-1.html
MGF-PR-CS300-040-M-HD,MGF,MGF S.r.l.,CS 50/25 PRIME M HD - 230V 50Hz,PR-CS300-040-M-HD,PR-CS300-040-M-HD,CS 50/25 PRIME M HD,1,Компрессоры PRIME HD для CAD/CAM,"Oil-free silenced compressor, flow rate 175 l/min@8 bar, 40 l tank, with membrane dryer.",https://www.mgfcompressors.com/fileadmin/_processed_/9/f/csm_CS-50-25-15-M-S-HD_af941c0254.jpg,1,BRAND_OBSERVED_IN_KAZAKHSTAN_MARKET,KZ_SKU_EVIDENCE_REQUIRED,https://www.mgfcompressors.com/dental/oil-free-compressors-prime-hd-for-cad-cam/silenced-prime-versions-with-air-dryer/cs-50-25-prime-m-10-bar-1-1.html
MGF-PR-CS300-040-M400-HD,MGF,MGF S.r.l.,CS 50/25 PRIME M HD - 400V 50/60Hz,PR-CS300-040-M400-HD,PR-CS300-040-M400-HD,CS 50/25 PRIME M HD,1,Компрессоры PRIME HD для CAD/CAM,"Oil-free silenced compressor, flow rate 175 l/min@8 bar, 40 l tank, with membrane dryer.",https://www.mgfcompressors.com/fileadmin/_processed_/9/f/csm_CS-50-25-15-M-S-HD_af941c0254.jpg,1,BRAND_OBSERVED_IN_KAZAKHSTAN_MARKET,KZ_SKU_EVIDENCE_REQUIRED,https://www.mgfcompressors.com/dental/oil-free-compressors-prime-hd-for-cad-cam/cs-50-25-prime-m-10-bar-2.html
MGF-PR-CS300-040-M400-HD,MGF,MGF S.r.l.,CS 50/25 PRIME M HD - 400V 50/60Hz,PR-CS300-040-M400-HD,PR-CS300-040-M400-HD,CS 50/25 PRIME M HD,1,Компрессоры PRIME HD для CAD/CAM,"Oil-free silenced compressor, flow rate 175 l/min@8 bar, 40 l tank, with membrane dryer.",https://www.mgfcompressors.com/fileadmin/_processed_/9/f/csm_CS-50-25-15-M-S-HD_af941c0254.jpg,1,BRAND_OBSERVED_IN_KAZAKHSTAN_MARKET,KZ_SKU_EVIDENCE_REQUIRED,https://www.mgfcompressors.com/dental/oil-free-compressors-prime-hd-for-cad-cam/silenced-prime-versions-with-air-dryer/cs-50-25-prime-m-10-bar-2.html
MGF-PR-CS300-040,MGF,MGF S.r.l.,CS 50/25 PRIME S,PR-CS300-040,PR-CS300-040,CS 50/25 PRIME S,1,Стоматологические компрессоры Pure Air,"Silent oil free compressor, FAD at 5 bar 250 l/min, tank capacity 40 L, without air dryer.",https://www.mgfcompressors.com/fileadmin/_processed_/7/1/csm_MGF-CS-50-25-PRIME-S.BLK_01e97a73f3.jpg,1,BRAND_OBSERVED_IN_KAZAKHSTAN_MARKET,KZ_SKU_EVIDENCE_REQUIRED,https://www.mgfcompressors.com/dental/pure-air-dental-compressors-medical-compressors/prime-line/cs-50-25-prime-s.html
MGF-PR-CS300-040-HD,MGF,MGF S.r.l.,CS 50/25 PRIME S HD 10 BAR - 230V 50Hz,PR-CS300-040-HD,PR-CS300-040-HD,CS 50/25 PRIME S HD 10 BAR,1,Компрессоры PRIME HD для CAD/CAM,"Oil-free silent compressor, flow rate 190 l/min@8 bar, 40 l tank, without dryer.",https://www.mgfcompressors.com/fileadmin/_processed_/9/f/csm_CS-50-25-15-M-S-HD_af941c0254.jpg,1,BRAND_OBSERVED_IN_KAZAKHSTAN_MARKET,KZ_SKU_EVIDENCE_REQUIRED,https://www.mgfcompressors.com/dental/oil-free-compressors-prime-hd-for-cad-cam/cs-50-25-prime-s-10-bar-2.html
MGF-PR-CS300-040-HD,MGF,MGF S.r.l.,CS 50/25 PRIME S HD 10 BAR - 230V 50Hz,PR-CS300-040-HD,PR-CS300-040-HD,CS 50/25 PRIME S HD 10 BAR,1,Компрессоры PRIME HD для CAD/CAM,"Oil-free silent compressor, flow rate 190 l/min@8 bar, 40 l tank, without dryer.",https://www.mgfcompressors.com/fileadmin/_processed_/9/f/csm_CS-50-25-15-M-S-HD_af941c0254.jpg,1,BRAND_OBSERVED_IN_KAZAKHSTAN_MARKET,KZ_SKU_EVIDENCE_REQUIRED,https://www.mgfcompressors.com/dental/oil-free-compressors-prime-hd-for-cad-cam/silenced-prime-versions-without-air-dryer/cs-50-25-prime-s-10-bar-2.html
MGF-PR-CS300-040-400-HD,MGF,MGF S.r.l.,CS 50/25 PRIME S HD 10 BAR - 400V 50/60Hz,PR-CS300-040-400-HD,PR-CS300-040-400-HD,CS 50/25 PRIME S HD 10 BAR,1,Компрессоры PRIME HD для CAD/CAM,"Oil-free silent compressor, flow rate 190 l/min@8 bar, 40 l tank, without dryer.",https://www.mgfcompressors.com/fileadmin/_processed_/9/f/csm_CS-50-25-15-M-S-HD_af941c0254.jpg,1,BRAND_OBSERVED_IN_KAZAKHSTAN_MARKET,KZ_SKU_EVIDENCE_REQUIRED,https://www.mgfcompressors.com/dental/oil-free-compressors-prime-hd-for-cad-cam/cs-50-25-prime-s-10-bar-1-1.html
MGF-PR-CS300-040-400-HD,MGF,MGF S.r.l.,CS 50/25 PRIME S HD 10 BAR - 400V 50/60Hz,PR-CS300-040-400-HD,PR-CS300-040-400-HD,CS 50/25 PRIME S HD 10 BAR,1,Компрессоры PRIME HD для CAD/CAM,"Oil-free silent compressor, flow rate 190 l/min@8 bar, 40 l tank, without dryer.",https://www.mgfcompressors.com/fileadmin/_processed_/9/f/csm_CS-50-25-15-M-S-HD_af941c0254.jpg,1,BRAND_OBSERVED_IN_KAZAKHSTAN_MARKET,KZ_SKU_EVIDENCE_REQUIRED,https://www.mgfcompressors.com/dental/oil-free-compressors-prime-hd-for-cad-cam/silenced-prime-versions-without-air-dryer/cs-50-25-prime-s-10-bar-1-1.html
MGF-PR-CS300-050-SM,MGF,MGF S.r.l.,CS 50/25 PRIME X 10 BAR - 230V 50Hz,PR-CS300-050-SM,PR-CS300-050-SM,CS 50/25 PRIME X 10 BAR,1,Компрессоры PRIME HD для CAD/CAM,"Super silent oil free compressor, ideal for CAD-CAM use, suitable for continuous compressed air supply till 163 l/min @ 8 bar, tank capacity 40 lt, with membrane air dryer. Max pressure 10 bar",https://www.mgfcompressors.com/fileadmin/_processed_/c/e/csm_CS_X_LINE_NEW_OK__2__SCONTORNO_da62b7f572.jpg,1,BRAND_OBSERVED_IN_KAZAKHSTAN_MARKET,KZ_SKU_EVIDENCE_REQUIRED,https://www.mgfcompressors.com/dental/oil-free-compressors-prime-hd-for-cad-cam/cs-50-25-prime-x-10-bar.html
MGF-PR-CS300-050-SM,MGF,MGF S.r.l.,CS 50/25 PRIME X 10 BAR - 230V 50Hz,PR-CS300-050-SM,PR-CS300-050-SM,CS 50/25 PRIME X 10 BAR,1,Компрессоры PRIME HD для CAD/CAM,"Super silent oil free compressor, ideal for CAD-CAM use, suitable for continuous compressed air supply till 163 l/min @ 8 bar, tank capacity 40 lt, with membrane air dryer. Max pressure 10 bar",https://www.mgfcompressors.com/fileadmin/_processed_/c/e/csm_CS_X_LINE_NEW_OK__2__SCONTORNO_da62b7f572.jpg,1,BRAND_OBSERVED_IN_KAZAKHSTAN_MARKET,KZ_SKU_EVIDENCE_REQUIRED,https://www.mgfcompressors.com/dental/oil-free-compressors-prime-hd-for-cad-cam/x-line-version/cs-50-25-prime-x-10-bar.html
MGF-PR-CS300-050-SM-400,MGF,MGF S.r.l.,CS 50/25 PRIME X3 10 BAR - 400V 50/60Hz,PR-CS300-050-SM-400,PR-CS300-050-SM-400,CS 50/25 PRIME X3 10 BAR,1,Компрессоры PRIME HD для CAD/CAM,"Super silent oil free compressor, ideal for CAD-CAM use, suitable for continuous compressed air supply till 163 l/min @ 8 bar, tank capacity 40 lt, with membrane air dryer. Max pressure 10 bar",https://www.mgfcompressors.com/fileadmin/_processed_/c/e/csm_CS_X_LINE_NEW_OK__2__SCONTORNO_da62b7f572.jpg,1,BRAND_OBSERVED_IN_KAZAKHSTAN_MARKET,KZ_SKU_EVIDENCE_REQUIRED,https://www.mgfcompressors.com/dental/oil-free-compressors-prime-hd-for-cad-cam/x-line-version/cs-50-25-prime-x3-10-bar.html
MGF-DENTAL-OIL-FREE-COMPRESSORS-ACCESSORIES-KIT-DI-ESSICCAZIONE-HTML,MGF,MGF S.r.l.,Drying kit,,,Drying kit,1,Принадлежности для безмасляных компрессоров,Drying kit,https://www.mgfcompressors.com/fileadmin/_processed_/6/0/csm_kit_essiccazione_MGF_ridimensionata_3a2bd1ae6d.jpg,1,BRAND_OBSERVED_IN_KAZAKHSTAN_MARKET,KZ_SKU_EVIDENCE_REQUIRED,https://www.mgfcompressors.com/dental/oil-free-compressors-accessories/kit-di-essiccazione.html
MGF-AS-101000024,MGF,MGF S.r.l.,ECO II+ amalgam recovery unit,AS-101000024,AS-101000024,ECO II+ amalgam recovery unit,1,Стоматологические аспирационные системы,ECO II+ amalgam recovery unit for single-studio systems and for use with up to 3 dental units.,https://www.mgfcompressors.com/fileadmin/_processed_/3/a/csm_ECOI-ii-plus-international_cmyk_freigestellt_1390061c3b.jpg,1,BRAND_OBSERVED_IN_KAZAKHSTAN_MARKET,KZ_SKU_EVIDENCE_REQUIRED,https://www.mgfcompressors.com/dental/dental-suction-systems/eco-ii-amalgam-recovery-unit.html
MGF-AS-101000024,MGF,MGF S.r.l.,ECO II+ amalgam recovery unit,AS-101000024,AS-101000024,ECO II+ amalgam recovery unit,1,Централизованная хирургическая аспирация,ECO II+ amalgam recovery unit for single-studio systems and for use with up to 3 dental units.,https://www.mgfcompressors.com/fileadmin/_processed_/3/a/csm_ECOI-ii-plus-international_cmyk_freigestellt_1390061c3b.jpg,1,BRAND_OBSERVED_IN_KAZAKHSTAN_MARKET,KZ_SKU_EVIDENCE_REQUIRED,https://www.mgfcompressors.com/dental/centralized-surgical-dental-suction/eco-ii-amalgam-recovery-unit.html
MGF-AS-101000024,MGF,MGF S.r.l.,ECO II+ amalgam recovery unit,AS-101000024,AS-101000024,ECO II+ amalgam recovery unit,1,Стоматологические аспирационные системы,ECO II+ amalgam recovery unit for single-studio systems and for use with up to 3 dental units.,https://www.mgfcompressors.com/fileadmin/_processed_/3/a/csm_ECOI-ii-plus-international_cmyk_freigestellt_1390061c3b.jpg,1,BRAND_OBSERVED_IN_KAZAKHSTAN_MARKET,KZ_SKU_EVIDENCE_REQUIRED,https://www.mgfcompressors.com/dental/dental-suction-systems/surgical-suction-accessories/eco-ii-amalgam-recovery-unit.html
MGF-AS-101000024,MGF,MGF S.r.l.,ECO II+ amalgam recovery unit,AS-101000024,AS-101000024,ECO II+ amalgam recovery unit,1,Централизованная хирургическая аспирация,ECO II+ amalgam recovery unit for single-studio systems and for use with up to 3 dental units.,https://www.mgfcompressors.com/fileadmin/_processed_/3/a/csm_ECOI-ii-plus-international_cmyk_freigestellt_1390061c3b.jpg,1,BRAND_OBSERVED_IN_KAZAKHSTAN_MARKET,KZ_SKU_EVIDENCE_REQUIRED,https://www.mgfcompressors.com/dental/centralized-surgical-dental-suction/surgical-suction-accessories/eco-ii-amalgam-recovery-unit.html
MGF-AS-101000025,MGF,MGF S.r.l.,ECO II+ LARGE amalgam recovery,AS-101000025,AS-101000025,ECO II+ LARGE amalgam recovery,1,Стоматологические аспирационные системы,ECO II+ LARGE amalgam recovery unit for 3 to 5 dental units.,https://www.mgfcompressors.com/fileadmin/user_upload/ECO-ii-plus-large.jpg,1,BRAND_OBSERVED_IN_KAZAKHSTAN_MARKET,KZ_SKU_EVIDENCE_REQUIRED,https://www.mgfcompressors.com/dental/dental-suction-systems/surgical-suction-accessories/eco-ii-large-amalgam-recovery.html
MGF-AS-101000025,MGF,MGF S.r.l.,ECO II+ LARGE amalgam recovery,AS-101000025,AS-101000025,ECO II+ LARGE amalgam recovery,1,Централизованная хирургическая аспирация,ECO II+ LARGE amalgam recovery unit for 3 to 5 dental units.,https://www.mgfcompressors.com/fileadmin/user_upload/ECO-ii-plus-large.jpg,1,BRAND_OBSERVED_IN_KAZAKHSTAN_MARKET,KZ_SKU_EVIDENCE_REQUIRED,https://www.mgfcompressors.com/dental/centralized-surgical-dental-suction/surgical-suction-accessories/eco-ii-large-amalgam-recovery.html
MGF-MG-GC-011-K,MGF,MGF S.r.l.,Extra ordinary maintenance kit for GENESI S and M versions,MG-GC-011-K,MG-GC-011-K,Extra ordinary maintenance kit for GENESI S and M versions,1,Комплекты технического обслуживания,"Extraordinary Maintenance kit for GENESI models 0,55 and1,1 kW",https://www.mgfcompressors.com/fileadmin/_processed_/6/e/csm_MG-GC-011-K_f325ec561b.jpg,1,BRAND_OBSERVED_IN_KAZAKHSTAN_MARKET,KZ_SKU_EVIDENCE_REQUIRED,https://www.mgfcompressors.com/dental/maintenance-kits/extra-ordinary-maintenance-kit-for-genesi-s-and-m-versions-1.html
MGF-TA-FL-024-K-SCC,MGF,MGF S.r.l.,GENESI M ordinary maintenance kit,TA-FL-024-K-SCC,TA-FL-024-K-SCC,GENESI M ordinary maintenance kit,1,Комплекты технического обслуживания,Maintenance kit for the annual maintenance of the GENESI compressors with air dryer,https://www.mgfcompressors.com/fileadmin/_processed_/c/c/csm_TA-FL-024-K-SCC_dbfd766a6c.jpg,1,BRAND_OBSERVED_IN_KAZAKHSTAN_MARKET,KZ_SKU_EVIDENCE_REQUIRED,https://www.mgfcompressors.com/dental/maintenance-kits/genesi-m-ordinary-maintenance-kit.html
MGF-TA-FL-001-K,MGF,MGF S.r.l.,GENESI S ordinary maintenance kit,TA-FL-001-K,TA-FL-001-K,GENESI S ordinary maintenance kit,1,Комплекты технического обслуживания,Maintenance kit for the annual maintenance of the GENESI compressors,https://www.mgfcompressors.com/fileadmin/_processed_/4/7/csm_TA-FL-001-K_a8cffc59ca.jpg,1,BRAND_OBSERVED_IN_KAZAKHSTAN_MARKET,KZ_SKU_EVIDENCE_REQUIRED,https://www.mgfcompressors.com/dental/maintenance-kits/genesi-ordinary-maintenance-kit.html
MGF-GC-150-GE-110-V,MGF,MGF S.r.l.,GENESIS 1.1 kW - 110V 60Hz,GC-150-GE-110-V,GC-150-GE-110-V,GENESIS 1.1 kW,1,Безмасляные компрессорные головки,"Oil free compressor, two cylinders, 1,700 rpm, flow rate 135 l / min @5 bar",https://www.mgfcompressors.com/fileadmin/_processed_/4/a/csm_MGF-POMPANTE-GENESI-BLK_04_75e22e5616.jpg,1,BRAND_OBSERVED_IN_KAZAKHSTAN_MARKET,KZ_SKU_EVIDENCE_REQUIRED,https://www.mgfcompressors.com/dental/oil-free-compressors-pumping-units/gruppo-genesi-11-kw.html
MGF-GC-150-GE-6-V,MGF,MGF S.r.l.,GENESIS 1.1 kW - 220V 60Hz,GC-150-GE-6-V,GC-150-GE-6-V,GENESIS 1.1 kW,1,Безмасляные компрессорные головки,"Oil free compressor, two cylinders, 1,700 rpm, flow rate 145 l / min 5 bar",https://www.mgfcompressors.com/fileadmin/_processed_/1/b/csm_MGF-POMPANTE-GENESI-BLK_04_47de9c829b.jpg,1,BRAND_OBSERVED_IN_KAZAKHSTAN_MARKET,KZ_SKU_EVIDENCE_REQUIRED,https://www.mgfcompressors.com/dental/oil-free-compressors-pumping-units/genesis-11-kw-1.html
MGF-GC-150-GE-V1-V,MGF,MGF S.r.l.,GENESIS 1.1 kW - 230V 50Hz,GC-150-GE-V1-V,GC-150-GE-V1-V,GENESIS 1.1 kW,1,Безмасляные компрессорные головки,"Oil free compressor, two cylinders, 1,380 rpm, flow rate 135 l / min @ 5 bar",https://www.mgfcompressors.com/fileadmin/_processed_/1/b/csm_MGF-POMPANTE-GENESI-BLK_04_47de9c829b.jpg,1,BRAND_OBSERVED_IN_KAZAKHSTAN_MARKET,KZ_SKU_EVIDENCE_REQUIRED,https://www.mgfcompressors.com/dental/oil-free-compressors-pumping-units/genesis-11-kw.html
MGF-TA-FV-011-TA-FV-012-TA-FV-013,MGF,MGF S.r.l.,HEPA 14 exhaust air filtration,"TA-FV-011, TA-FV-012, TA-FV-013","TA-FV-011, TA-FV-012, TA-FV-013",HEPA 14 exhaust air filtration,1,Стоматологические аспирационные системы,Exhaust air filtration kit with HEPA 14 element,https://www.mgfcompressors.com/fileadmin/_processed_/6/9/csm_HEPA14_filtro_01_93279c1f02.png,1,BRAND_OBSERVED_IN_KAZAKHSTAN_MARKET,KZ_SKU_EVIDENCE_REQUIRED,https://www.mgfcompressors.com/dental/dental-suction-systems/hepa-14-exhaust-air-filtration.html
MGF-TA-FV-011-TA-FV-012-TA-FV-013,MGF,MGF S.r.l.,HEPA 14 exhaust air filtration,"TA-FV-011, TA-FV-012, TA-FV-013","TA-FV-011, TA-FV-012, TA-FV-013",HEPA 14 exhaust air filtration,1,Централизованная хирургическая аспирация,Exhaust air filtration kit with HEPA 14 element,https://www.mgfcompressors.com/fileadmin/_processed_/6/9/csm_HEPA14_filtro_01_93279c1f02.png,1,BRAND_OBSERVED_IN_KAZAKHSTAN_MARKET,KZ_SKU_EVIDENCE_REQUIRED,https://www.mgfcompressors.com/dental/centralized-surgical-dental-suction/hepa-14-exhaust-air-filtration.html
MGF-TA-FV-011-TA-FV-012-TA-FV-013,MGF,MGF S.r.l.,HEPA 14 exhaust air filtration,"TA-FV-011, TA-FV-012, TA-FV-013","TA-FV-011, TA-FV-012, TA-FV-013",HEPA 14 exhaust air filtration,1,Стоматологические аспирационные системы,Exhaust air filtration kit with HEPA 14 element,https://www.mgfcompressors.com/fileadmin/_processed_/6/9/csm_HEPA14_filtro_01_93279c1f02.png,1,BRAND_OBSERVED_IN_KAZAKHSTAN_MARKET,KZ_SKU_EVIDENCE_REQUIRED,https://www.mgfcompressors.com/dental/dental-suction-systems/surgical-suction-accessories/hepa-14-exhaust-air-filtration.html
MGF-TA-FV-011-TA-FV-012-TA-FV-013,MGF,MGF S.r.l.,HEPA 14 exhaust air filtration,"TA-FV-011, TA-FV-012, TA-FV-013","TA-FV-011, TA-FV-012, TA-FV-013",HEPA 14 exhaust air filtration,1,Централизованная хирургическая аспирация,Exhaust air filtration kit with HEPA 14 element,https://www.mgfcompressors.com/fileadmin/_processed_/6/9/csm_HEPA14_filtro_01_93279c1f02.png,1,BRAND_OBSERVED_IN_KAZAKHSTAN_MARKET,KZ_SKU_EVIDENCE_REQUIRED,https://www.mgfcompressors.com/dental/centralized-surgical-dental-suction/surgical-suction-accessories/hepa-14-exhaust-air-filtration.html
MGF-TA-FV-011-CA-TA-FV-012-CA-TA-FV-013-CA,MGF,MGF S.r.l.,HEPA 14 filtration for exhausted air with activated carbon,"TA-FV-011-CA, TA-FV-012-CA, TA-FV-013-CA","TA-FV-011-CA, TA-FV-012-CA, TA-FV-013-CA",HEPA 14 filtration for exhausted air with activated carbon,1,Стоматологические аспирационные системы,Filtration kit with HEPA H14 filter element and activated charcoal for vacuum pump.,https://www.mgfcompressors.com/fileadmin/_processed_/6/9/csm_HEPA14_filtro_01_93279c1f02.png,1,BRAND_OBSERVED_IN_KAZAKHSTAN_MARKET,KZ_SKU_EVIDENCE_REQUIRED,https://www.mgfcompressors.com/dental/dental-suction-systems/surgical-suction-accessories/hepa-14-filtration-for-exhausted-air-with-activated-carbon.html
MGF-TA-FV-011-CA-TA-FV-012-CA-TA-FV-013-CA,MGF,MGF S.r.l.,HEPA 14 filtration for exhausted air with activated carbon,"TA-FV-011-CA, TA-FV-012-CA, TA-FV-013-CA","TA-FV-011-CA, TA-FV-012-CA, TA-FV-013-CA",HEPA 14 filtration for exhausted air with activated carbon,1,Централизованная хирургическая аспирация,Filtration kit with HEPA H14 filter element and activated charcoal for vacuum pump.,https://www.mgfcompressors.com/fileadmin/_processed_/6/9/csm_HEPA14_filtro_01_93279c1f02.png,1,BRAND_OBSERVED_IN_KAZAKHSTAN_MARKET,KZ_SKU_EVIDENCE_REQUIRED,https://www.mgfcompressors.com/dental/centralized-surgical-dental-suction/surgical-suction-accessories/hepa-14-filtration-for-exhausted-air-with-activated-carbon.html
MGF-AS-40400005,MGF,MGF S.r.l.,"HYBRID 1, HYBRID 2, HYBRID 5 repair kits",AS-40400005,AS-40400005,"HYBRID 1, HYBRID 2, HYBRID 5 repair kits",1,Стоматологические аспирационные системы,Instrument for measuring the vacuum at the cannula,https://www.mgfcompressors.com/fileadmin/_processed_/8/6/csm_40400005_Digital_Manometer_frontal-1_04e5123ba9.jpg,1,BRAND_OBSERVED_IN_KAZAKHSTAN_MARKET,KZ_SKU_EVIDENCE_REQUIRED,https://www.mgfcompressors.com/dental/dental-suction-systems/surgical-suction-accessories/strumento-per-la-misurazione-del-vuoto-alla-cannula.html
MGF-AS-40400005,MGF,MGF S.r.l.,"HYBRID 1, HYBRID 2, HYBRID 5 repair kits",AS-40400005,AS-40400005,"HYBRID 1, HYBRID 2, HYBRID 5 repair kits",1,Централизованная хирургическая аспирация,Instrument for measuring the vacuum at the cannula,https://www.mgfcompressors.com/fileadmin/_processed_/8/6/csm_40400005_Digital_Manometer_frontal-1_04e5123ba9.jpg,1,BRAND_OBSERVED_IN_KAZAKHSTAN_MARKET,KZ_SKU_EVIDENCE_REQUIRED,https://www.mgfcompressors.com/dental/centralized-surgical-dental-suction/surgical-suction-accessories/strumento-per-la-misurazione-del-vuoto-alla-cannula.html
MGF-AS-075-EX1-AS,MGF,MGF S.r.l.,HYBRID A1S - 230V 50Hz,AS-075-EX1-AS,AS-075-EX1-AS,HYBRID A1S,1,Стоматологические аспирационные системы,"Semi-dry 0.75 Hp suction pump without control unit, maximum flow rate 1,100 l / min, maximum head 120 mbar, equipped with amalgam separator.",https://www.mgfcompressors.com/fileadmin/_processed_/d/f/csm_HYBRID_A1S_immagine_COMPLETO_DI_ECO2-Metasys_trasp_14ae2c25ff.png,1,BRAND_OBSERVED_IN_KAZAKHSTAN_MARKET,KZ_SKU_EVIDENCE_REQUIRED,https://www.mgfcompressors.com/dental/dental-suction-systems/semi-wet-suction-systems-hybrid-range/mgf-hybrid-1s-1.html
MGF-AS-075-EX-AS,MGF,MGF S.r.l.,HYBRID A1S CB - 230V 50Hz,AS-075-EX-AS,AS-075-EX-AS,HYBRID A1S CB,1,Стоматологические аспирационные системы,"Semi-dry suction pump of 0.75 Hp, maximum flow rate 1,100 l / min, maximum head 120 mbar equipped with amalgam separator",https://www.mgfcompressors.com/fileadmin/_processed_/d/f/csm_HYBRID_A1S_immagine_COMPLETO_DI_ECO2-Metasys_trasp_14ae2c25ff.png,1,BRAND_OBSERVED_IN_KAZAKHSTAN_MARKET,KZ_SKU_EVIDENCE_REQUIRED,https://www.mgfcompressors.com/dental/dental-suction-systems/hybrid-a1s-cb.html
MGF-AS-075-EX-AS,MGF,MGF S.r.l.,HYBRID A1S CB - 230V 50Hz,AS-075-EX-AS,AS-075-EX-AS,HYBRID A1S CB,1,Стоматологические аспирационные системы,"Semi-dry suction pump of 0.75 Hp, maximum flow rate 1,100 l / min, maximum head 120 mbar equipped with amalgam separator",https://www.mgfcompressors.com/fileadmin/_processed_/d/f/csm_HYBRID_A1S_immagine_COMPLETO_DI_ECO2-Metasys_trasp_14ae2c25ff.png,1,BRAND_OBSERVED_IN_KAZAKHSTAN_MARKET,KZ_SKU_EVIDENCE_REQUIRED,https://www.mgfcompressors.com/dental/dental-suction-systems/semi-wet-suction-systems-hybrid-range/hybrid-a1s-cb.html
MGF-AS-122000026,MGF,MGF S.r.l.,Intro kit per Green&Clean M2,AS-122000026,AS-122000026,Intro kit per Green&Clean M2,1,Средства для дезинфекции аспирационных систем,Intro kit for 2 bottles of 500 ml (1 red and 1 green) Green&Clean M2,https://www.mgfcompressors.com/fileadmin/_processed_/7/c/csm_Intro_kit_per_Green_Clean_M2_4df8fa78a6.jpg,1,BRAND_OBSERVED_IN_KAZAKHSTAN_MARKET,KZ_SKU_EVIDENCE_REQUIRED,https://www.mgfcompressors.com/dental/disinfection/intro-kit-per-greenclean-m2.html
MGF-PR-GC-038-K-SCP,MGF,MGF S.r.l.,Kit 500/150 TANDEM PRIME - 6 + 6 + 6,PR-GC-038-K-SCP,PR-GC-038-K-SCP,Kit 500/150 TANDEM PRIME - 6 + 6 + 6,1,Комплекты технического обслуживания,Kit 500/150 TANDEM PRIME - 6 + 6 + 6,https://www.mgfcompressors.com/fileadmin/_processed_/e/e/csm_PR-GC-038-K-SCP_84b992ecf3.jpg,1,BRAND_OBSERVED_IN_KAZAKHSTAN_MARKET,KZ_SKU_EVIDENCE_REQUIRED,https://www.mgfcompressors.com/dental/maintenance-kits/kit-500-150-tandem-prime-6-6-6.html
MGF-PR-GC-038-K-SCP,MGF,MGF S.r.l.,Kit 500/150 TANDEM PRIME - 6 + 6 + 6,PR-GC-038-K-SCP,PR-GC-038-K-SCP,Kit 500/150 TANDEM PRIME - 6 + 6 + 6,1,Комплекты технического обслуживания,Kit 500/150 TANDEM PRIME - 6 + 6 + 6,https://www.mgfcompressors.com/fileadmin/_processed_/e/e/csm_PR-GC-038-K-SCP_84b992ecf3.jpg,1,BRAND_OBSERVED_IN_KAZAKHSTAN_MARKET,KZ_SKU_EVIDENCE_REQUIRED,https://www.mgfcompressors.com/dental/maintenance-kits/prime-maintenance-kit/kit-500-150-tandem-prime-6-6-6.html
MGF-AS-MB150,MGF,MGF S.r.l.,Liquid separators MB 150,AS-MB150,AS-MB150,Liquid separators MB 150,1,Стоматологические аспирационные системы,Automatic liquid separator for centralized aspiration from 20 to 72 dental units,https://www.mgfcompressors.com/fileadmin/_processed_/9/5/csm_MB150_e626fe6e6a.jpg,1,BRAND_OBSERVED_IN_KAZAKHSTAN_MARKET,KZ_SKU_EVIDENCE_REQUIRED,https://www.mgfcompressors.com/dental/dental-suction-systems/liquid-separators-mb-150-1.html
MGF-AS-MB150,MGF,MGF S.r.l.,Liquid separators MB 150,AS-MB150,AS-MB150,Liquid separators MB 150,1,Централизованная хирургическая аспирация,Automatic liquid separator for centralized aspiration from 20 to 72 dental units,https://www.mgfcompressors.com/fileadmin/_processed_/9/5/csm_MB150_e626fe6e6a.jpg,1,BRAND_OBSERVED_IN_KAZAKHSTAN_MARKET,KZ_SKU_EVIDENCE_REQUIRED,https://www.mgfcompressors.com/dental/centralized-surgical-dental-suction/liquid-separators-mb-150-1.html
MGF-AS-MB150,MGF,MGF S.r.l.,Liquid separators MB 150,AS-MB150,AS-MB150,Liquid separators MB 150,1,Стоматологические аспирационные системы,Automatic liquid separator for centralized aspiration from 20 to 72 dental units,https://www.mgfcompressors.com/fileadmin/_processed_/9/5/csm_MB150_e626fe6e6a.jpg,1,BRAND_OBSERVED_IN_KAZAKHSTAN_MARKET,KZ_SKU_EVIDENCE_REQUIRED,https://www.mgfcompressors.com/dental/dental-suction-systems/surgical-suction-accessories/liquid-separators-mb-150-1.html
MGF-AS-MB150,MGF,MGF S.r.l.,Liquid separators MB 150,AS-MB150,AS-MB150,Liquid separators MB 150,1,Централизованная хирургическая аспирация,Automatic liquid separator for centralized aspiration from 20 to 72 dental units,https://www.mgfcompressors.com/fileadmin/_processed_/9/5/csm_MB150_e626fe6e6a.jpg,1,BRAND_OBSERVED_IN_KAZAKHSTAN_MARKET,KZ_SKU_EVIDENCE_REQUIRED,https://www.mgfcompressors.com/dental/centralized-surgical-dental-suction/surgical-suction-accessories/liquid-separators-mb-150-1.html
MGF-AS-094-EX,MGF,MGF S.r.l.,MGF HYBRID 1 - 230V 50Hz,AS-094-EX,AS-094-EX,MGF HYBRID 1,1,Стоматологические аспирационные системы,"Semi-dry 1.2 Hp suction pump, maximum flow rate 1,100 l / min, maximum head 180 mbar.",https://www.mgfcompressors.com/fileadmin/_processed_/f/a/csm_MGF-hybrid-A_RIDIMENSIONATA_e839334c37.jpg,1,BRAND_OBSERVED_IN_KAZAKHSTAN_MARKET,KZ_SKU_EVIDENCE_REQUIRED,https://www.mgfcompressors.com/dental/dental-suction-systems/semi-wet-suction-systems-hybrid-range/mgf-hybrid-1.html
MGF-AS-075-EX-S,MGF,MGF S.r.l.,MGF HYBRID 1 S CB CS - 230V 50Hz,AS-075-EX-S,AS-075-EX-S,MGF HYBRID 1 S CB CS,1,Стоматологические аспирационные системы,Soundproof booth tailor-made for the MGF HYBRID 1 S.,https://www.mgfcompressors.com/fileadmin/_processed_/6/7/csm_MGF-HYBRID-CABIN-1_02_3f2b49ff08.jpg,1,BRAND_OBSERVED_IN_KAZAKHSTAN_MARKET,KZ_SKU_EVIDENCE_REQUIRED,https://www.mgfcompressors.com/dental/dental-suction-systems/surgical-suction-accessories/mgf-hybrid-1-s-cb-cs.html
MGF-AS-075-EX-S,MGF,MGF S.r.l.,MGF HYBRID 1 S CB CS - 230V 50Hz,AS-075-EX-S,AS-075-EX-S,MGF HYBRID 1 S CB CS,1,Централизованная хирургическая аспирация,Soundproof booth tailor-made for the MGF HYBRID 1 S.,https://www.mgfcompressors.com/fileadmin/_processed_/6/7/csm_MGF-HYBRID-CABIN-1_02_3f2b49ff08.jpg,1,BRAND_OBSERVED_IN_KAZAKHSTAN_MARKET,KZ_SKU_EVIDENCE_REQUIRED,https://www.mgfcompressors.com/dental/centralized-surgical-dental-suction/surgical-suction-accessories/mgf-hybrid-1-s-cb-cs.html
MGF-AS-075-EX1,MGF,MGF S.r.l.,MGF HYBRID 1S - 230V 50Hz,AS-075-EX1,AS-075-EX1,MGF HYBRID 1S,1,Стоматологические аспирационные системы,"Semi-dry 0.75 Hp suction pump without control unit, maximum flow rate 1.100 l / min, maximum head 120 mbar.",https://www.mgfcompressors.com/fileadmin/_processed_/0/c/csm_csm_MGF-Hybrid-1s-light_02_1b5271562d_ridimensionata_8f3764f397.jpg,1,BRAND_OBSERVED_IN_KAZAKHSTAN_MARKET,KZ_SKU_EVIDENCE_REQUIRED,https://www.mgfcompressors.com/dental/dental-suction-systems/mgf-hybrid-1s.html
MGF-AS-075-EX1,MGF,MGF S.r.l.,MGF HYBRID 1S - 230V 50Hz,AS-075-EX1,AS-075-EX1,MGF HYBRID 1S,1,Стоматологические аспирационные системы,"Semi-dry 0.75 Hp suction pump without control unit, maximum flow rate 1.100 l / min, maximum head 120 mbar.",https://www.mgfcompressors.com/fileadmin/_processed_/0/c/csm_csm_MGF-Hybrid-1s-light_02_1b5271562d_ridimensionata_8f3764f397.jpg,1,BRAND_OBSERVED_IN_KAZAKHSTAN_MARKET,KZ_SKU_EVIDENCE_REQUIRED,https://www.mgfcompressors.com/dental/dental-suction-systems/semi-wet-suction-systems-hybrid-range/mgf-hybrid-1s.html
MGF-AS-075-EX,MGF,MGF S.r.l.,MGF HYBRID 1S CB - 230V 50Hz,AS-075-EX,AS-075-EX,MGF HYBRID 1S CB,1,Стоматологические аспирационные системы,"Semi-dry 0.75 Hp suction pump, maximum flow rate 1.100 l / min, maximum head 120 mbar.",https://www.mgfcompressors.com/fileadmin/_processed_/0/c/csm_csm_MGF-Hybrid-1s-light_02_1b5271562d_ridimensionata_8f3764f397.jpg,1,BRAND_OBSERVED_IN_KAZAKHSTAN_MARKET,KZ_SKU_EVIDENCE_REQUIRED,https://www.mgfcompressors.com/dental/dental-suction-systems/mgf-hybrid-1s-cb.html
MGF-AS-075-EX,MGF,MGF S.r.l.,MGF HYBRID 1S CB - 230V 50Hz,AS-075-EX,AS-075-EX,MGF HYBRID 1S CB,1,Стоматологические аспирационные системы,"Semi-dry 0.75 Hp suction pump, maximum flow rate 1.100 l / min, maximum head 120 mbar.",https://www.mgfcompressors.com/fileadmin/_processed_/0/c/csm_csm_MGF-Hybrid-1s-light_02_1b5271562d_ridimensionata_8f3764f397.jpg,1,BRAND_OBSERVED_IN_KAZAKHSTAN_MARKET,KZ_SKU_EVIDENCE_REQUIRED,https://www.mgfcompressors.com/dental/dental-suction-systems/semi-wet-suction-systems-hybrid-range/mgf-hybrid-1s-cb.html
MGF-AS-075-EX1-S,MGF,MGF S.r.l.,MGF HYBRID 1S CS,AS-075-EX1-S,AS-075-EX1-S,MGF HYBRID 1S CS,1,Стоматологические аспирационные системы,Soundproof booth tailor-made for MGF HYBRID 1 S. Version without control unit.,https://www.mgfcompressors.com/fileadmin/_processed_/f/e/csm_MGF-HYBRID-CABIN-2_0b8cc53c7a.jpg,1,BRAND_OBSERVED_IN_KAZAKHSTAN_MARKET,KZ_SKU_EVIDENCE_REQUIRED,https://www.mgfcompressors.com/dental/dental-suction-systems/surgical-suction-accessories/mgf-hybrid-1s-cs.html
MGF-AS-075-EX1-S,MGF,MGF S.r.l.,MGF HYBRID 1S CS,AS-075-EX1-S,AS-075-EX1-S,MGF HYBRID 1S CS,1,Централизованная хирургическая аспирация,Soundproof booth tailor-made for MGF HYBRID 1 S. Version without control unit.,https://www.mgfcompressors.com/fileadmin/_processed_/f/e/csm_MGF-HYBRID-CABIN-2_0b8cc53c7a.jpg,1,BRAND_OBSERVED_IN_KAZAKHSTAN_MARKET,KZ_SKU_EVIDENCE_REQUIRED,https://www.mgfcompressors.com/dental/centralized-surgical-dental-suction/surgical-suction-accessories/mgf-hybrid-1s-cs.html
MGF-AS-100-EX,MGF,MGF S.r.l.,MGF HYBRID 2 - 230V 50Hz,AS-100-EX,AS-100-EX,MGF HYBRID 2,1,Стоматологические аспирационные системы,"Semi-dry suction pump of 1,5 Hp, maximum flow rate 1,500 l / min, maximum head 180 mbar.",https://www.mgfcompressors.com/fileadmin/_processed_/f/a/csm_MGF-hybrid-A_RIDIMENSIONATA_e839334c37.jpg,1,BRAND_OBSERVED_IN_KAZAKHSTAN_MARKET,KZ_SKU_EVIDENCE_REQUIRED,https://www.mgfcompressors.com/dental/dental-suction-systems/semi-wet-suction-systems-hybrid-range/mgf-hybrid-2.html
MGF-AS-150-EX,MGF,MGF S.r.l.,MGF HYBRID 5 - 230V 50Hz,AS-150-EX,AS-150-EX,MGF HYBRID 5,1,Стоматологические аспирационные системы,"Semi-dry 2 Hp suction pump, maximum flow rate 2,500 l / min, maximum head 180 mbar.",https://www.mgfcompressors.com/fileadmin/_processed_/3/f/csm_Progetto_senza_titolo__8__9c8d496bec.png,1,BRAND_OBSERVED_IN_KAZAKHSTAN_MARKET,KZ_SKU_EVIDENCE_REQUIRED,https://www.mgfcompressors.com/dental/dental-suction-systems/semi-wet-suction-systems-hybrid-range/mgf-hybrid-5.html
MGF-AS-150-EX-400,MGF,MGF S.r.l.,MGF HYBRID 5 400V - 400V 50/60Hz,AS-150-EX-400,AS-150-EX-400,MGF HYBRID 5 400V,1,Стоматологические аспирационные системы,"Semi-dry 2 Hp suction pump, maximum flow rate 2,500 l / min, maximum head 180 mbar.",https://www.mgfcompressors.com/fileadmin/_processed_/d/f/csm_MGF-hybrid-5_02_358c918250.jpg,1,BRAND_OBSERVED_IN_KAZAKHSTAN_MARKET,KZ_SKU_EVIDENCE_REQUIRED,https://www.mgfcompressors.com/dental/dental-suction-systems/semi-wet-suction-systems-hybrid-range/mgf-hybrid-5-400v.html
MGF-AS-094-EX-AS,MGF,MGF S.r.l.,MGF HYBRID A 1 - 230V 50Hz,AS-094-EX-AS,AS-094-EX-AS,MGF HYBRID A 1,1,Стоматологические аспирационные системы,"Semi-dry 1.2 Hp suction pump with amalgam separator, maximum flow rate 1.100 l / min, maximum head 180 mbar.",https://www.mgfcompressors.com/fileadmin/_processed_/5/7/csm_MGF-Hybrid_A2_frontal_ECO-II-plus_cmyk-2024SINGOLOriflesso_copia_7fd8d1ab5e.jpg,1,BRAND_OBSERVED_IN_KAZAKHSTAN_MARKET,KZ_SKU_EVIDENCE_REQUIRED,https://www.mgfcompressors.com/dental/dental-suction-systems/semi-wet-suction-systems-hybrid-range/mgf-hybrid-a-1.html
MGF-AS-100-EX-AS,MGF,MGF S.r.l.,MGF HYBRID A2 - 230V 50Hz,AS-100-EX-AS,AS-100-EX-AS,MGF HYBRID A2,1,Стоматологические аспирационные системы,"Semi-dry 1,5 Hp suction pump with amalgam separator, maximum flow rate 1,500 l / min, maximum head 180 mbar. Version with amalgam separator",https://www.mgfcompressors.com/fileadmin/_processed_/5/7/csm_MGF-Hybrid_A2_frontal_ECO-II-plus_cmyk-2024SINGOLOriflesso_copia_7fd8d1ab5e.jpg,1,BRAND_OBSERVED_IN_KAZAKHSTAN_MARKET,KZ_SKU_EVIDENCE_REQUIRED,https://www.mgfcompressors.com/dental/dental-suction-systems/semi-wet-suction-systems-hybrid-range/mgf-hybrid-a2.html
MGF-AS-100-EX-400-AS,MGF,MGF S.r.l.,MGF HYBRID A2 400V - 400V 50/60Hz,AS-100-EX-400-AS,AS-100-EX-400-AS,MGF HYBRID A2 400V,1,Стоматологические аспирационные системы,"Semi-dry suction pump of 1,5 Hp, maximum flow rate 1,500 l / min, maximum head 180 mbar. Version with amalgam separator",https://www.mgfcompressors.com/fileadmin/_processed_/1/f/csm_MG_Hybrid_A2__400V_c456851f7c.png,1,BRAND_OBSERVED_IN_KAZAKHSTAN_MARKET,KZ_SKU_EVIDENCE_REQUIRED,https://www.mgfcompressors.com/dental/dental-suction-systems/semi-wet-suction-systems-hybrid-range/mgf-hybrid-a2-400v.html
MGF-AS-150-EX-AS,MGF,MGF S.r.l.,MGF HYBRID A5 - 230V 50Hz,AS-150-EX-AS,AS-150-EX-AS,MGF HYBRID A5,1,Стоматологические аспирационные системы,"Semi-dry 2 Hp suction pump with amalgam separator, maximum flow rate 2,500 l / min, maximum head 180 mbar.",https://www.mgfcompressors.com/fileadmin/_processed_/5/7/csm_MGF-Hybrid_A2_frontal_ECO-II-plus_cmyk-2024SINGOLOriflesso_copia_7fd8d1ab5e.jpg,1,BRAND_OBSERVED_IN_KAZAKHSTAN_MARKET,KZ_SKU_EVIDENCE_REQUIRED,https://www.mgfcompressors.com/dental/dental-suction-systems/semi-wet-suction-systems-hybrid-range/mgf-hybrid-a5.html
MGF-AS-150-EX-400-AS,MGF,MGF S.r.l.,MGF HYBRID A5 - 400V 50/60Hz,AS-150-EX-400-AS,AS-150-EX-400-AS,MGF HYBRID A5,1,Стоматологические аспирационные системы,"Semi-dry 2 Hp suction pump with amalgam separator, maximum flow rate 2,500 l / min, maximum head 180 mbar.",https://www.mgfcompressors.com/fileadmin/_processed_/5/7/csm_MGF-Hybrid_A2_frontal_ECO-II-plus_cmyk-2024SINGOLOriflesso_copia_7fd8d1ab5e.jpg,1,BRAND_OBSERVED_IN_KAZAKHSTAN_MARKET,KZ_SKU_EVIDENCE_REQUIRED,https://www.mgfcompressors.com/dental/dental-suction-systems/semi-wet-suction-systems-hybrid-range/mgf-hybrid-a5-1.html
MGF-D-MB150-024-M-15,MGF,MGF S.r.l.,MINI BOX 24/10 GENESI M - 230V 50Hz,D-MB150-024-M-15,D-MB150-024-M-15,MINI BOX 24/10 GENESI M,1,Стоматологические компрессоры Pure Air,"Oil free compressor, super silenced, FAD at 5 bar 120 l/min, tank capacity 24 L, with membrane air dryer.",https://www.mgfcompressors.com/fileadmin/_processed_/5/e/csm_MGF_MINI-BOX-_CHIUSO_58d550a098.jpg,1,BRAND_OBSERVED_IN_KAZAKHSTAN_MARKET,KZ_SKU_EVIDENCE_REQUIRED,https://www.mgfcompressors.com/dental/pure-air-dental-compressors/mini-box-24-10-genesi-m-1.html
MGF-D-MB150-024-M-15,MGF,MGF S.r.l.,MINI BOX 24/10 GENESI M - 230V 50Hz,D-MB150-024-M-15,D-MB150-024-M-15,MINI BOX 24/10 GENESI M,1,Стоматологические компрессоры Pure Air,"Oil free compressor, super silenced, FAD at 5 bar 120 l/min, tank capacity 24 L, with membrane air dryer.",https://www.mgfcompressors.com/fileadmin/_processed_/5/e/csm_MGF_MINI-BOX-_CHIUSO_58d550a098.jpg,1,BRAND_OBSERVED_IN_KAZAKHSTAN_MARKET,KZ_SKU_EVIDENCE_REQUIRED,https://www.mgfcompressors.com/dental/pure-air-dental-compressors/genesi-line/mini-box-24-10-genesi-m-1.html
MGF-D-MB150-024-M-15,MGF,MGF S.r.l.,MINI BOX 24/10 GENESI M Advance Pure Air - 230V 50Hz,D-MB150-024-M-15,D-MB150-024-M-15,MINI BOX 24/10 GENESI M Advance Pure Air,1,Стоматологические компрессоры Pure Air,"Oil free compressor, flow rate 135 l/min@5 bar, 24 L tank, with adsorptive crystal dryer.",https://www.mgfcompressors.com/fileadmin/_processed_/5/0/csm_24-10_GENESI_SKR__1__SCONTORNO_3041c3ad89.jpg,1,BRAND_OBSERVED_IN_KAZAKHSTAN_MARKET,KZ_SKU_EVIDENCE_REQUIRED,https://www.mgfcompressors.com/dental/pure-air-dental-compressors/genesi-line/mini-box-24-10-genesi-m-advance-pure-air.html
MGF-D-MB150-024-15,MGF,MGF S.r.l.,MINI BOX 24/10 GENESI S - 230V 50Hz,D-MB150-024-15,D-MB150-024-15,MINI BOX 24/10 GENESI S,1,Стоматологические компрессоры Pure Air,"Oil free compressor, super silenced, FAD at 5 bar 135 l/min, tank capacity 24 L, without air dryer.",https://www.mgfcompressors.com/fileadmin/_processed_/4/b/csm_MINI_BOX_GENESI_2015_91270acba3.jpg,1,BRAND_OBSERVED_IN_KAZAKHSTAN_MARKET,KZ_SKU_EVIDENCE_REQUIRED,https://www.mgfcompressors.com/dental/pure-air-dental-compressors/genesi-line/mini-box-24-10-genesi-s.html
MGF-PR-MB100-024-M-15,MGF,MGF S.r.l.,MINI BOX 24/7 PRIME M,PR-MB100-024-M-15,PR-MB100-024-M-15,MINI BOX 24/7 PRIME M,1,Стоматологические компрессоры Pure Air,"Oil-free compressor, super silenced, flow rate 85 l / min @ 5 bar, 24 L tank, with dryer.",https://www.mgfcompressors.com/fileadmin/_processed_/9/c/csm_csm_2016-MINI-BOX-CT16_6e430f2c58_ridimensionata_909f488eaf.jpg,1,BRAND_OBSERVED_IN_KAZAKHSTAN_MARKET,KZ_SKU_EVIDENCE_REQUIRED,https://www.mgfcompressors.com/dental/pure-air-dental-compressors-medical-compressors/prime-line/mini-box-24-7-prime-m.html
MGF-PR-MB100-024-15,MGF,MGF S.r.l.,MINI BOX 24/7 PRIME S - 230V 50Hz,PR-MB100-024-15,PR-MB100-024-15,MINI BOX 24/7 PRIME S,1,Стоматологические компрессоры Pure Air,"Oil free compressor, super silenced, FAD at 5 bar 85 l/min, tank capacity 24 L, without air dryer.",https://www.mgfcompressors.com/fileadmin/_processed_/e/5/csm_MGF_MINI_BOX_foto_originale_8fc77dc224.png,1,BRAND_OBSERVED_IN_KAZAKHSTAN_MARKET,KZ_SKU_EVIDENCE_REQUIRED,https://www.mgfcompressors.com/dental/pure-air-dental-compressors-medical-compressors/prime-line/mini-box-24-7-prime-s-1.html
MGF-S-OF100-003-MH,MGF,MGF S.r.l.,MINI HELPADENT - 230V 50Hz,S-OF100-003-MH,S-OF100-003-MH,MINI HELPADENT,1,Стоматологические компрессоры Pure Air,"Mobile unit, flow rate 50 l/min, 3 liter stainless steel tank.",https://www.mgfcompressors.com/fileadmin/_processed_/b/6/csm_MINI_HELPADENT_bfbefb5ac3.png,1,BRAND_OBSERVED_IN_KAZAKHSTAN_MARKET,KZ_SKU_EVIDENCE_REQUIRED,https://www.mgfcompressors.com/dental/pure-air-dental-compressors-medical-compressors/portable-units/mini-helpadent.html
MGF-S-OF100-003-MH-C,MGF,MGF S.r.l.,MINI HELPADENT CAR - 230V 50Hz,S-OF100-003-MH-C,S-OF100-003-MH-C,MINI HELPADENT CAR,1,Стоматологические компрессоры Pure Air,"Mobile unit, flow rate 50 l/min, 3 liter stainless steel tank.",https://www.mgfcompressors.com/fileadmin/_processed_/3/4/csm_MINI_HELPADENT_CAR_743f54d64e.png,1,BRAND_OBSERVED_IN_KAZAKHSTAN_MARKET,KZ_SKU_EVIDENCE_REQUIRED,https://www.mgfcompressors.com/dental/pure-air-dental-compressors-medical-compressors/portable-units/mini-helpadent-car.html
MGF-S-OF100-003-MS1,MGF,MGF S.r.l.,MINI SILENT 1 - 220V 50/60Hz,S-OF100-003-MS1,S-OF100-003-MS1,MINI SILENT 1,1,Стоматологические компрессоры Pure Air,"Super silent two-cylinder oil free compressor, dB 50/1m, 1400 rpm, maximum pressure 7 bar.",https://www.mgfcompressors.com/fileadmin/_processed_/0/0/csm_MINI_SILENT_290ec22aab.jpg,1,BRAND_OBSERVED_IN_KAZAKHSTAN_MARKET,KZ_SKU_EVIDENCE_REQUIRED,https://www.mgfcompressors.com/dental/pure-air-dental-compressors/mini-silent-1-2.html
MGF-S-OF100-003-MS1,MGF,MGF S.r.l.,MINI SILENT 1 - 220V 50/60Hz,S-OF100-003-MS1,S-OF100-003-MS1,MINI SILENT 1,1,Стоматологические компрессоры Pure Air,"Super silent two-cylinder oil free compressor, dB 50/1m, 1400 rpm, maximum pressure 7 bar.",https://www.mgfcompressors.com/fileadmin/_processed_/0/0/csm_MINI_SILENT_290ec22aab.jpg,1,BRAND_OBSERVED_IN_KAZAKHSTAN_MARKET,KZ_SKU_EVIDENCE_REQUIRED,https://www.mgfcompressors.com/dental/pure-air-dental-compressors-medical-compressors/portable-units/mini-silent-1-2.html
MGF-S-OF100-003-MS2,MGF,MGF S.r.l.,MINI SILENT 2 - 220V 50/60Hz,S-OF100-003-MS2,S-OF100-003-MS2,MINI SILENT 2,1,Стоматологические компрессоры Pure Air,"Super silent two-cylinder oil free compressor, dB 50/1m, 1400 rpm, maximum pressure 7 bar.",https://www.mgfcompressors.com/fileadmin/_processed_/0/0/csm_MINI_SILENT_290ec22aab.jpg,1,BRAND_OBSERVED_IN_KAZAKHSTAN_MARKET,KZ_SKU_EVIDENCE_REQUIRED,https://www.mgfcompressors.com/dental/pure-air-dental-compressors/mini-silent-2.html
MGF-S-OF100-003-MS2,MGF,MGF S.r.l.,MINI SILENT 2 - 220V 50/60Hz,S-OF100-003-MS2,S-OF100-003-MS2,MINI SILENT 2,1,Стоматологические компрессоры Pure Air,"Super silent two-cylinder oil free compressor, dB 50/1m, 1400 rpm, maximum pressure 7 bar.",https://www.mgfcompressors.com/fileadmin/_processed_/0/0/csm_MINI_SILENT_290ec22aab.jpg,1,BRAND_OBSERVED_IN_KAZAKHSTAN_MARKET,KZ_SKU_EVIDENCE_REQUIRED,https://www.mgfcompressors.com/dental/pure-air-dental-compressors-medical-compressors/portable-units/mini-silent-2.html
MGF-S-OF100-003-MS,MGF,MGF S.r.l.,MINI SILENT EVO - 220V 50/60Hz,S-OF100-003-MS,S-OF100-003-MS,MINI SILENT EVO,1,Стоматологические компрессоры Pure Air,"Super silent two-cylinder oil free compressor, dB 50/1m, 1400 rpm, maximum pressure 7 bar.",https://www.mgfcompressors.com/fileadmin/_processed_/0/0/csm_MINI_SILENT_290ec22aab.jpg,1,BRAND_OBSERVED_IN_KAZAKHSTAN_MARKET,KZ_SKU_EVIDENCE_REQUIRED,https://www.mgfcompressors.com/dental/pure-air-dental-compressors/mini-silent-evo-2.html
MGF-S-OF100-003-MS,MGF,MGF S.r.l.,MINI SILENT EVO - 220V 50/60Hz,S-OF100-003-MS,S-OF100-003-MS,MINI SILENT EVO,1,Стоматологические компрессоры Pure Air,"Super silent two-cylinder oil free compressor, dB 50/1m, 1400 rpm, maximum pressure 7 bar.",https://www.mgfcompressors.com/fileadmin/_processed_/0/0/csm_MINI_SILENT_290ec22aab.jpg,1,BRAND_OBSERVED_IN_KAZAKHSTAN_MARKET,KZ_SKU_EVIDENCE_REQUIRED,https://www.mgfcompressors.com/dental/pure-air-dental-compressors-medical-compressors/portable-units/mini-silent-evo-2.html
MGF-AS-01010001,MGF,MGF S.r.l.,MULTISYSTEM TYP 1 MST1,AS-01010001,AS-01010001,MULTISYSTEM TYP 1 MST1,1,Стоматологические аспирационные системы,"Internal secretion separator, complete with 24 V selection valve",https://www.mgfcompressors.com/fileadmin/_processed_/a/4/csm_01010001_MST_1_frontal_3fb3c24c5c.jpg,1,BRAND_OBSERVED_IN_KAZAKHSTAN_MARKET,KZ_SKU_EVIDENCE_REQUIRED,https://www.mgfcompressors.com/dental/dental-suction-systems/surgical-suction-accessories/multisystem-typ-1-mst1.html
MGF-AS-01010001,MGF,MGF S.r.l.,MULTISYSTEM TYP 1 MST1,AS-01010001,AS-01010001,MULTISYSTEM TYP 1 MST1,1,Централизованная хирургическая аспирация,"Internal secretion separator, complete with 24 V selection valve",https://www.mgfcompressors.com/fileadmin/_processed_/a/4/csm_01010001_MST_1_frontal_3fb3c24c5c.jpg,1,BRAND_OBSERVED_IN_KAZAKHSTAN_MARKET,KZ_SKU_EVIDENCE_REQUIRED,https://www.mgfcompressors.com/dental/centralized-surgical-dental-suction/surgical-suction-accessories/multisystem-typ-1-mst1.html
MGF-AS-01010033,MGF,MGF S.r.l.,MULTISYSTEM TYP 1 MST1 ECO LIGHT,AS-01010033,AS-01010033,MULTISYSTEM TYP 1 MST1 ECO LIGHT,1,Стоматологические аспирационные системы,"Internal secretion separator, complete with 24 V selection valve and static separation of liquids",https://www.mgfcompressors.com/fileadmin/user_upload/01010033_MST1_ECO___Light_.jpg,1,BRAND_OBSERVED_IN_KAZAKHSTAN_MARKET,KZ_SKU_EVIDENCE_REQUIRED,https://www.mgfcompressors.com/dental/dental-suction-systems/surgical-suction-accessories/multisystem-typ-1-mst1-eco-light.html
MGF-AS-01010033,MGF,MGF S.r.l.,MULTISYSTEM TYP 1 MST1 ECO LIGHT,AS-01010033,AS-01010033,MULTISYSTEM TYP 1 MST1 ECO LIGHT,1,Централизованная хирургическая аспирация,"Internal secretion separator, complete with 24 V selection valve and static separation of liquids",https://www.mgfcompressors.com/fileadmin/user_upload/01010033_MST1_ECO___Light_.jpg,1,BRAND_OBSERVED_IN_KAZAKHSTAN_MARKET,KZ_SKU_EVIDENCE_REQUIRED,https://www.mgfcompressors.com/dental/centralized-surgical-dental-suction/surgical-suction-accessories/multisystem-typ-1-mst1-eco-light.html
MGF-AS-01010020,MGF,MGF S.r.l.,MULTISYSTEM TYP 1 MST1 FLOOR,AS-01010020,AS-01010020,MULTISYSTEM TYP 1 MST1 FLOOR,1,Стоматологические аспирационные системы,"Floor-mounted secretion separator for indoor use, complete with 24 V selection valve",https://www.mgfcompressors.com/fileadmin/_processed_/a/4/csm_01010001_MST_1_frontal_3fb3c24c5c.jpg,1,BRAND_OBSERVED_IN_KAZAKHSTAN_MARKET,KZ_SKU_EVIDENCE_REQUIRED,https://www.mgfcompressors.com/dental/dental-suction-systems/surgical-suction-accessories/multisystem-typ-1-mst1-a-pavimento.html
MGF-AS-01010020,MGF,MGF S.r.l.,MULTISYSTEM TYP 1 MST1 FLOOR,AS-01010020,AS-01010020,MULTISYSTEM TYP 1 MST1 FLOOR,1,Централизованная хирургическая аспирация,"Floor-mounted secretion separator for indoor use, complete with 24 V selection valve",https://www.mgfcompressors.com/fileadmin/_processed_/a/4/csm_01010001_MST_1_frontal_3fb3c24c5c.jpg,1,BRAND_OBSERVED_IN_KAZAKHSTAN_MARKET,KZ_SKU_EVIDENCE_REQUIRED,https://www.mgfcompressors.com/dental/centralized-surgical-dental-suction/surgical-suction-accessories/multisystem-typ-1-mst1-a-pavimento.html
MGF-GC-070-OFT-V,MGF,MGF S.r.l.,Oil-Free Compressor AT 0.70 kW - 230V 50/60Hz,GC-070-OFT-V,GC-070-OFT-V,Oil-Free Compressor AT 0.70 kW,1,Безмасляные компрессорные головки,"Two cylinder Oil-Free compressor, 50-60 Hz, flow rate 50 l / min @ 5 bar.",https://www.mgfcompressors.com/fileadmin/_processed_/c/3/csm_AT_BICILINDRICO_d6249dcbc6.jpg,1,BRAND_OBSERVED_IN_KAZAKHSTAN_MARKET,KZ_SKU_EVIDENCE_REQUIRED,https://www.mgfcompressors.com/dental/oil-free-compressors-pumping-units/gruppo-a-secco-at-070-kw-1.html
MGF-GC-070-OFT-V,MGF,MGF S.r.l.,Oil-Free Compressor AT 0.70 kW - 230V 50/60Hz,GC-070-OFT-V,GC-070-OFT-V,Oil-Free Compressor AT 0.70 kW,1,Безмасляные компрессорные головки,"Two cylinder Oil-Free compressor, 50-60 Hz, flow rate 50 l / min @ 5 bar.",https://www.mgfcompressors.com/fileadmin/_processed_/c/3/csm_AT_BICILINDRICO_d6249dcbc6.jpg,1,BRAND_OBSERVED_IN_KAZAKHSTAN_MARKET,KZ_SKU_EVIDENCE_REQUIRED,https://www.mgfcompressors.com/dental/oil-free-compressors-pumping-units/mini-oil-free-line/gruppo-a-secco-at-070-kw-1.html
MGF-GC-070-OFT-115-V,MGF,MGF S.r.l.,Oil-Free Compressor AT 0.70 kW 115V - 110V 60Hz,GC-070-OFT-115-V,GC-070-OFT-115-V,Oil-Free Compressor AT 0.70 kW 115V,1,Безмасляные компрессорные головки,"Two cylinder Oil-Free compressor, 50-60 Hz, flow rate 50 l / min @ 5 bar, 115V",https://www.mgfcompressors.com/fileadmin/_processed_/c/3/csm_AT_BICILINDRICO_d6249dcbc6.jpg,1,BRAND_OBSERVED_IN_KAZAKHSTAN_MARKET,KZ_SKU_EVIDENCE_REQUIRED,https://www.mgfcompressors.com/dental/oil-free-compressors-pumping-units/gruppo-a-secco-at-070-kw.html
MGF-GC-070-OFT-115-V,MGF,MGF S.r.l.,Oil-Free Compressor AT 0.70 kW 115V - 110V 60Hz,GC-070-OFT-115-V,GC-070-OFT-115-V,Oil-Free Compressor AT 0.70 kW 115V,1,Безмасляные компрессорные головки,"Two cylinder Oil-Free compressor, 50-60 Hz, flow rate 50 l / min @ 5 bar, 115V",https://www.mgfcompressors.com/fileadmin/_processed_/c/3/csm_AT_BICILINDRICO_d6249dcbc6.jpg,1,BRAND_OBSERVED_IN_KAZAKHSTAN_MARKET,KZ_SKU_EVIDENCE_REQUIRED,https://www.mgfcompressors.com/dental/oil-free-compressors-pumping-units/mini-oil-free-line/gruppo-a-secco-at-070-kw.html
MGF-GC-040-OFT-115-V,MGF,MGF S.r.l.,"Oil-Free Compressor one cylinder AT 0,40 kW - 110V 60Hz",GC-040-OFT-115-V,GC-040-OFT-115-V,"Oil-Free Compressor one cylinder AT 0,40 kW",1,Безмасляные компрессорные головки,"One cylinder Oil-Free compressor, 50-60 Hz, flow rate 18 l / min @ 5 bar, 115V",https://www.mgfcompressors.com/fileadmin/_processed_/5/9/csm_csm_AT_MONOCILINDRICO_d09d40ce42_0cedeef75a.jpg,1,BRAND_OBSERVED_IN_KAZAKHSTAN_MARKET,KZ_SKU_EVIDENCE_REQUIRED,https://www.mgfcompressors.com/dental/oil-free-compressors-pumping-units/gruppo-a-secco-at-070-kw-2.html
MGF-GC-040-OFT-115-V,MGF,MGF S.r.l.,"Oil-Free Compressor one cylinder AT 0,40 kW - 110V 60Hz",GC-040-OFT-115-V,GC-040-OFT-115-V,"Oil-Free Compressor one cylinder AT 0,40 kW",1,Безмасляные компрессорные головки,"One cylinder Oil-Free compressor, 50-60 Hz, flow rate 18 l / min @ 5 bar, 115V",https://www.mgfcompressors.com/fileadmin/_processed_/5/9/csm_csm_AT_MONOCILINDRICO_d09d40ce42_0cedeef75a.jpg,1,BRAND_OBSERVED_IN_KAZAKHSTAN_MARKET,KZ_SKU_EVIDENCE_REQUIRED,https://www.mgfcompressors.com/dental/oil-free-compressors-pumping-units/mini-oil-free-line/gruppo-a-secco-at-070-kw-2.html
MGF-GC-040-OFT-V,MGF,MGF S.r.l.,Oil-Free Compressor unit AT 0.40 kW - 230V 50Hz,GC-040-OFT-V,GC-040-OFT-V,Oil-Free Compressor unit AT 0.40 kW,1,Безмасляные компрессорные головки,"One cylinder Oil-Free compressor, 50-60 Hz, flow rate 18 l / min @ 5 bar.",https://www.mgfcompressors.com/fileadmin/_processed_/9/3/csm_AT_MONOCILINDRICO_f4741d1971.jpg,1,BRAND_OBSERVED_IN_KAZAKHSTAN_MARKET,KZ_SKU_EVIDENCE_REQUIRED,https://www.mgfcompressors.com/dental/oil-free-compressors-pumping-units/mini-oil-free-line/gruppo-a-secco-at-040-kw.html
MGF-PR-GC-030-K-SCP,MGF,MGF S.r.l.,PRIME 1,PR-GC-030-K-SCP,PR-GC-030-K-SCP,PRIME 1,1,Комплекты технического обслуживания,PRIME 1 version extraordinary maintenance kit,https://www.mgfcompressors.com/fileadmin/_processed_/1/0/csm_PR-GC-030-K-SCP_ef68854454.jpg,1,BRAND_OBSERVED_IN_KAZAKHSTAN_MARKET,KZ_SKU_EVIDENCE_REQUIRED,https://www.mgfcompressors.com/dental/maintenance-kits/prime-maintenance-kit/prime-075-kw-pr-gc-030-k-scp.html
MGF-GC-1100-PR-V,MGF,MGF S.r.l.,"PRIME 1 - 0,75 kW",GC-1100-PR-V,GC-1100-PR-V,"PRIME 1 - 0,75 kW",1,Безмасляные компрессорные головки,"Oil free compressor, one cylinder, 1.320 rpm, FAD@5 bar 85 l/min.",https://www.mgfcompressors.com/fileadmin/_processed_/3/6/csm_JPG-PRIME-1-CT.16_cf98fde94d.jpg,1,BRAND_OBSERVED_IN_KAZAKHSTAN_MARKET,KZ_SKU_EVIDENCE_REQUIRED,https://www.mgfcompressors.com/dental/oil-free-compressors-pumping-units/prime-1-075-kw-230-v-50-hz.html
MGF-GC-1100-PR-V,MGF,MGF S.r.l.,"PRIME 1 - 0,75 kW",GC-1100-PR-V,GC-1100-PR-V,"PRIME 1 - 0,75 kW",1,Безмасляные компрессорные головки,"Oil free compressor, one cylinder, 1.320 rpm, FAD@5 bar 85 l/min.",https://www.mgfcompressors.com/fileadmin/_processed_/3/6/csm_JPG-PRIME-1-CT.16_cf98fde94d.jpg,1,BRAND_OBSERVED_IN_KAZAKHSTAN_MARKET,KZ_SKU_EVIDENCE_REQUIRED,https://www.mgfcompressors.com/dental/oil-free-compressors-pumping-units/prime-line/prime-1-075-kw-230-v-50-hz.html
MGF-TA-FL-0260-K-SCP,MGF,MGF S.r.l.,PRIME 1 M filter cartridge kit,TA-FL-0260-K-SCP,TA-FL-0260-K-SCP,PRIME 1 M filter cartridge kit,1,Комплекты технического обслуживания,Ordinary maintenance kit for the PURE AIR PRIME 1 M range,https://www.mgfcompressors.com/fileadmin/_processed_/2/d/csm_TA-FL-0260-K-SCP_8fa7afc77a.jpg,1,BRAND_OBSERVED_IN_KAZAKHSTAN_MARKET,KZ_SKU_EVIDENCE_REQUIRED,https://www.mgfcompressors.com/dental/maintenance-kits/prime-maintenance-kit/kit-cartucce-filtri-prime-m.html
MGF-PR-GC-031-K-SCP,MGF,MGF S.r.l.,PRIME 2,PR-GC-031-K-SCP,PR-GC-031-K-SCP,PRIME 2,1,Комплекты технического обслуживания,Extraordinary maintenance kit PRIME version 2,https://www.mgfcompressors.com/fileadmin/_processed_/b/4/csm_PR-GC-031-K-SCP_ed7ea9eaf0.jpg,1,BRAND_OBSERVED_IN_KAZAKHSTAN_MARKET,KZ_SKU_EVIDENCE_REQUIRED,https://www.mgfcompressors.com/dental/maintenance-kits/prime-maintenance-kit/prime-15-kw-1.html
MGF-GC-1200-PR-V,MGF,MGF S.r.l.,"PRIME 2 - 1,5 kW",GC-1200-PR-V,GC-1200-PR-V,"PRIME 2 - 1,5 kW",1,Безмасляные компрессорные головки,"Oil free compressor, two cylinders, 1.360 rpm, FAD@5 bar 170 l/min.",https://www.mgfcompressors.com/fileadmin/_processed_/3/f/csm_MGF-PRIME-2HP_29fe1496b5.jpg,1,BRAND_OBSERVED_IN_KAZAKHSTAN_MARKET,KZ_SKU_EVIDENCE_REQUIRED,https://www.mgfcompressors.com/dental/oil-free-compressors-pumping-units/prime-2-15-kw-230v-50-hz.html
MGF-GC-1200-PR-V,MGF,MGF S.r.l.,"PRIME 2 - 1,5 kW",GC-1200-PR-V,GC-1200-PR-V,"PRIME 2 - 1,5 kW",1,Безмасляные компрессорные головки,"Oil free compressor, two cylinders, 1.360 rpm, FAD@5 bar 170 l/min.",https://www.mgfcompressors.com/fileadmin/_processed_/3/f/csm_MGF-PRIME-2HP_29fe1496b5.jpg,1,BRAND_OBSERVED_IN_KAZAKHSTAN_MARKET,KZ_SKU_EVIDENCE_REQUIRED,https://www.mgfcompressors.com/dental/oil-free-compressors-pumping-units/prime-line/prime-2-15-kw-230v-50-hz.html
MGF-GC-1200-PR-HD-V,MGF,MGF S.r.l.,PRIME 2 HD - 230V 50Hz,GC-1200-PR-HD-V,GC-1200-PR-HD-V,PRIME 2 HD,1,Безмасляные компрессорные головки,"Oil-free compressor 2 cylinders, 1,450 rpm, flow rate 125 l / min at 8 bar.",https://www.mgfcompressors.com/fileadmin/_processed_/e/8/csm_PRIME_2_HD-B-scontornato_b635f5c35a.png,1,BRAND_OBSERVED_IN_KAZAKHSTAN_MARKET,KZ_SKU_EVIDENCE_REQUIRED,https://www.mgfcompressors.com/dental/oil-free-compressors-pumping-units/prime-2-hd.html
MGF-TA-FL-026-K-SCP,MGF,MGF S.r.l.,PRIME 2-3 M filter cartridges kit,TA-FL-026-K-SCP,TA-FL-026-K-SCP,PRIME 2-3 M filter cartridges kit,1,Комплекты технического обслуживания,Replacement kit for ordinary maintenance PURE AIR PRIME 2-3 M versions,https://www.mgfcompressors.com/fileadmin/_processed_/d/5/csm_TA-FL-026-K-SCP_c1e9944de4.jpg,1,BRAND_OBSERVED_IN_KAZAKHSTAN_MARKET,KZ_SKU_EVIDENCE_REQUIRED,https://www.mgfcompressors.com/dental/maintenance-kits/prime-maintenance-kit/kit-cartucce-filtri-prime-2-3-m.html
MGF-PR-GC-032-K-SCP,MGF,MGF S.r.l.,PRIME 3,PR-GC-032-K-SCP,PR-GC-032-K-SCP,PRIME 3,1,Комплекты технического обслуживания,Extraordinary maintenance kit PRIME version 3,https://www.mgfcompressors.com/fileadmin/_processed_/9/7/csm_PR-GC-032-K-SCP_2b2d99db22.jpg,1,BRAND_OBSERVED_IN_KAZAKHSTAN_MARKET,KZ_SKU_EVIDENCE_REQUIRED,https://www.mgfcompressors.com/dental/maintenance-kits/prime-maintenance-kit/prime-22-kw.html
MGF-GC-1300-PR-V,MGF,MGF S.r.l.,"PRIME 3 - 2,2 kW",GC-1300-PR-V,GC-1300-PR-V,"PRIME 3 - 2,2 kW",1,Безмасляные компрессорные головки,"Oil free compressor, three cylinders, 1.350 rpm, FAD@5 bar 250 l/min.",https://www.mgfcompressors.com/fileadmin/_processed_/3/7/csm_MGF-PRIME-3_ea39b2c596.png,1,BRAND_OBSERVED_IN_KAZAKHSTAN_MARKET,KZ_SKU_EVIDENCE_REQUIRED,https://www.mgfcompressors.com/dental/oil-free-compressors-pumping-units/prime-3-22-kw-230-v-50-hz.html
MGF-GC-1300-PR-V,MGF,MGF S.r.l.,"PRIME 3 - 2,2 kW",GC-1300-PR-V,GC-1300-PR-V,"PRIME 3 - 2,2 kW",1,Безмасляные компрессорные головки,"Oil free compressor, three cylinders, 1.350 rpm, FAD@5 bar 250 l/min.",https://www.mgfcompressors.com/fileadmin/_processed_/3/7/csm_MGF-PRIME-3_ea39b2c596.png,1,BRAND_OBSERVED_IN_KAZAKHSTAN_MARKET,KZ_SKU_EVIDENCE_REQUIRED,https://www.mgfcompressors.com/dental/oil-free-compressors-pumping-units/prime-line/prime-3-22-kw-230-v-50-hz.html
MGF-GC-1300-PR-HD-V,MGF,MGF S.r.l.,PRIME 3 HD - 230V 50Hz,GC-1300-PR-HD-V,GC-1300-PR-HD-V,PRIME 3 HD,1,Безмасляные компрессорные головки,"Three-cylinder oil-free compressor, 1,450 rpm, flow rate 190 l / min @ 8 bar.",https://www.mgfcompressors.com/fileadmin/_processed_/9/b/csm_PRIME_3_HD-scontornato_light_80804ebac1.png,1,BRAND_OBSERVED_IN_KAZAKHSTAN_MARKET,KZ_SKU_EVIDENCE_REQUIRED,https://www.mgfcompressors.com/dental/oil-free-compressors-pumping-units/prime-3-hd.html
MGF-TA-FL-027-K,MGF,MGF S.r.l.,PRIME 3 X kit,TA-FL-027-K,TA-FL-027-K,PRIME 3 X kit,1,Комплекты технического обслуживания,Ordinary maintenance kit for PURE AIR PRIME 3 X range,https://www.mgfcompressors.com/fileadmin/_processed_/5/4/csm_TA-FL-027-K_a7343b19dd.jpg,1,BRAND_OBSERVED_IN_KAZAKHSTAN_MARKET,KZ_SKU_EVIDENCE_REQUIRED,https://www.mgfcompressors.com/dental/maintenance-kits/prime-maintenance-kit/kit-cartucce-filtri-prime-3-x.html
MGF-GC-1600-PR-3-V,MGF,MGF S.r.l.,PRIME 6 HD - 400V 50/60Hz,GC-1600-PR-3-V,GC-1600-PR-3-V,PRIME 6 HD,1,Безмасляные компрессорные головки,"Oil-free compressor 6 cylinders, 1,450 rpm, capacity 380 l / min at 8 bar.",https://www.mgfcompressors.com/fileadmin/_processed_/0/7/csm_PRIME_6_HD_Scontornato_light_6b3fdc4f02.png,1,BRAND_OBSERVED_IN_KAZAKHSTAN_MARKET,KZ_SKU_EVIDENCE_REQUIRED,https://www.mgfcompressors.com/dental/oil-free-compressors-pumping-units/prime-6-hd.html
MGF-GC-1600-PR-3-V,MGF,MGF S.r.l.,PRIME 6 HD -4 kW 400 V-50 / 60Hz - 400V 50/60Hz,GC-1600-PR-3-V,GC-1600-PR-3-V,PRIME 6 HD -4 kW 400 V-50 / 60Hz,1,Безмасляные компрессорные головки,"Oil-free compressor 6 cylinders, 1,450 rpm, capacity 450 l / min at 5 bar.",https://www.mgfcompressors.com/fileadmin/_processed_/0/7/csm_PRIME_6_HD_Scontornato_light_6b3fdc4f02.png,1,BRAND_OBSERVED_IN_KAZAKHSTAN_MARKET,KZ_SKU_EVIDENCE_REQUIRED,https://www.mgfcompressors.com/dental/oil-free-compressors-pumping-units/prime-line/prime-6-5-kw-400-v-50-60hz.html
MGF-TA-FL-0012-K-SCP,MGF,MGF S.r.l.,"PRIME 6 S and TANDEM 2 + 2, 3 + 3 S kit",TA-FL-0012-K-SCP,TA-FL-0012-K-SCP,"PRIME 6 S and TANDEM 2 + 2, 3 + 3 S kit",1,Комплекты технического обслуживания,"Replacement kit for ordinary maintenance 200/50 PRIME S, TANDEM 2+2 and TANDEM 3+3 versions",https://www.mgfcompressors.com/fileadmin/_processed_/9/6/csm_TA-FL-0012-K-SCP_bdbb23be90.jpg,1,BRAND_OBSERVED_IN_KAZAKHSTAN_MARKET,KZ_SKU_EVIDENCE_REQUIRED,https://www.mgfcompressors.com/dental/maintenance-kits/prime-maintenance-kit/kit-cartucce-filtri-prime-2-3-m-1.html
MGF-TA-FL-001-K-SCP,MGF,MGF S.r.l.,PRIME S filter cartridges kit,TA-FL-001-K-SCP,TA-FL-001-K-SCP,PRIME S filter cartridges kit,1,Комплекты технического обслуживания,Ordinary maintenance kit for PURE AIR PRIME range 1-2-3 S,https://www.mgfcompressors.com/fileadmin/_processed_/3/2/csm_TA-FL-001-K-SCP_75b174707e.jpg,1,BRAND_OBSERVED_IN_KAZAKHSTAN_MARKET,KZ_SKU_EVIDENCE_REQUIRED,https://www.mgfcompressors.com/dental/maintenance-kits/prime-maintenance-kit/kit-cartucce-filtri-prime-s.html
MGF-PR-OF1800-500-T3-HD,MGF,MGF S.r.l.,PRO 500/150 PRIME S HD - 400V 50/60Hz,PR-OF1800-500-T3-HD,PR-OF1800-500-T3-HD,PRO 500/150 PRIME S HD,1,Компрессоры для централизованных систем,"Oil-free compressor, intake air 1140 l/min, air output at 10 bar 1,350 l/min, 500 l tank.",https://www.mgfcompressors.com/fileadmin/_processed_/2/c/csm_500-150__PRIME_S__3__SCONTORNO_1f4fedb16e.jpg,1,BRAND_OBSERVED_IN_KAZAKHSTAN_MARKET,KZ_SKU_EVIDENCE_REQUIRED,https://www.mgfcompressors.com/dental/oil-free-compressors-for-centralized-systems/pro-500-150-prime-s-1-1.html
MGF-PR-OF1800-500-T3-HD,MGF,MGF S.r.l.,PRO 500/150 PRIME S HD - 400V 50/60Hz,PR-OF1800-500-T3-HD,PR-OF1800-500-T3-HD,PRO 500/150 PRIME S HD,1,Компрессоры PRIME HD для CAD/CAM,"Oil-free compressor, air output at 8 bar 1140 l/min, 500 l tank.",https://www.mgfcompressors.com/fileadmin/_processed_/2/c/csm_500-150__PRIME_S__3__SCONTORNO_1f4fedb16e.jpg,1,BRAND_OBSERVED_IN_KAZAKHSTAN_MARKET,KZ_SKU_EVIDENCE_REQUIRED,https://www.mgfcompressors.com/dental/oil-free-compressors-prime-hd-for-cad-cam/prime-version-without-air-dryer/pro-500-150-prime-s-1-1-1.html
MGF-TA-FT-003-C,MGF,MGF S.r.l.,Replacement cartridge for sterile filter TA-FT-003 1000 l / min,TA-FT-003-C,TA-FT-003-C,Replacement cartridge for sterile filter TA-FT-003 1000 l / min,1,Принадлежности для безмасляных компрессоров,Replacement cartridge for sterile filter TA-FT-003 1000 l / min,https://www.mgfcompressors.com/fileadmin/_processed_/7/4/csm_Filtro_sterile_cartuccia_e6c907fe87.jpg,1,BRAND_OBSERVED_IN_KAZAKHSTAN_MARKET,KZ_SKU_EVIDENCE_REQUIRED,https://www.mgfcompressors.com/dental/oil-free-compressors-accessories/sterile-filters/cartuccia-ricambio-filtro-sterile-lt-min-1000.html
MGF-TA-FT-002-C,MGF,MGF S.r.l.,Replacement sterile filter cartridge 700 l / min,TA-FT-002-C,TA-FT-002-C,Replacement sterile filter cartridge 700 l / min,1,Принадлежности для безмасляных компрессоров,Replacement sterile filter cartridge 700 l / min,https://www.mgfcompressors.com/fileadmin/_processed_/7/4/csm_Filtro_sterile_cartuccia_e6c907fe87.jpg,1,BRAND_OBSERVED_IN_KAZAKHSTAN_MARKET,KZ_SKU_EVIDENCE_REQUIRED,https://www.mgfcompressors.com/dental/oil-free-compressors-accessories/sterile-filters/replacement-sterile-filter-cartridge-700-l-min.html
MGF-TA-FT-004-C,MGF,MGF S.r.l.,Replacement sterile filter cartridge lt / min 2000,TA-FT-004-C,TA-FT-004-C,Replacement sterile filter cartridge lt / min 2000,1,Принадлежности для безмасляных компрессоров,Replacement sterile filter cartridge lt / min 2000,https://www.mgfcompressors.com/fileadmin/_processed_/7/4/csm_Filtro_sterile_cartuccia_e6c907fe87.jpg,1,BRAND_OBSERVED_IN_KAZAKHSTAN_MARKET,KZ_SKU_EVIDENCE_REQUIRED,https://www.mgfcompressors.com/dental/oil-free-compressors-accessories/sterile-filters/cartuccia-ricambio-filtro-sterile-lt-min-1000-1.html
MGF-TA-FT-001-C,MGF,MGF S.r.l.,Replacement sterile filter cartridge lt / min 400,TA-FT-001-C,TA-FT-001-C,Replacement sterile filter cartridge lt / min 400,1,Принадлежности для безмасляных компрессоров,Replacement sterile filter cartridge lt / min 400,https://www.mgfcompressors.com/fileadmin/_processed_/7/4/csm_Filtro_sterile_cartuccia_e6c907fe87.jpg,1,BRAND_OBSERVED_IN_KAZAKHSTAN_MARKET,KZ_SKU_EVIDENCE_REQUIRED,https://www.mgfcompressors.com/dental/oil-free-compressors-accessories/replacement-sterile-filter-cartridge-lt-min-400.html
MGF-TA-FT-001-C,MGF,MGF S.r.l.,Replacement sterile filter cartridge lt / min 400,TA-FT-001-C,TA-FT-001-C,Replacement sterile filter cartridge lt / min 400,1,Принадлежности для безмасляных компрессоров,Replacement sterile filter cartridge lt / min 400,https://www.mgfcompressors.com/fileadmin/_processed_/7/4/csm_Filtro_sterile_cartuccia_e6c907fe87.jpg,1,BRAND_OBSERVED_IN_KAZAKHSTAN_MARKET,KZ_SKU_EVIDENCE_REQUIRED,https://www.mgfcompressors.com/dental/oil-free-compressors-accessories/sterile-filters/replacement-sterile-filter-cartridge-lt-min-400.html
MGF-AS-050-S,MGF,MGF S.r.l.,SILENT 1 - 230V 50Hz,AS-050-S,AS-050-S,SILENT 1,1,Стоматологические аспирационные системы,"Complete suction pump equipped with 0.5 Hp soundproofed hull, maximum flow rate 1,230 l/min, maximum head 120 mbar.",https://www.mgfcompressors.com/fileadmin/_processed_/a/5/csm_MGF_Silent_logo_1500px_86004e2205.png,1,BRAND_OBSERVED_IN_KAZAKHSTAN_MARKET,KZ_SKU_EVIDENCE_REQUIRED,https://www.mgfcompressors.com/dental/dental-suction-systems/silent-1-as-050-s.html
MGF-AS-050-S,MGF,MGF S.r.l.,SILENT 1 - 230V 50Hz,AS-050-S,AS-050-S,SILENT 1,1,Стоматологические аспирационные системы,"Complete suction pump equipped with 0.5 Hp soundproofed hull, maximum flow rate 1,230 l/min, maximum head 120 mbar.",https://www.mgfcompressors.com/fileadmin/_processed_/a/5/csm_MGF_Silent_logo_1500px_86004e2205.png,1,BRAND_OBSERVED_IN_KAZAKHSTAN_MARKET,KZ_SKU_EVIDENCE_REQUIRED,https://www.mgfcompressors.com/dental/dental-suction-systems/quiet-air-suction-unit/silent-1-as-050-s.html
MGF-AS-050-SC,MGF,MGF S.r.l.,SILENT 1 C - 230V 50Hz,AS-050-SC,AS-050-SC,SILENT 1 C,1,Стоматологические аспирационные системы,"0.5 Hp suction pump equipped with soundproof hull and canister, maximum flow rate 1,230 l/min, maximum head 120 mbar.",https://www.mgfcompressors.com/fileadmin/_processed_/7/7/csm_foto_da_inserire__1__bc0ebbf193.png,1,BRAND_OBSERVED_IN_KAZAKHSTAN_MARKET,KZ_SKU_EVIDENCE_REQUIRED,https://www.mgfcompressors.com/dental/dental-suction-systems/silent-1-c-as-050-sc.html
MGF-AS-100-S,MGF,MGF S.r.l.,SILENT 2 - 230V 50Hz,AS-100-S,AS-100-S,SILENT 2,1,Стоматологические аспирационные системы,"Suction pump equipped with 1 Hp soundproofed hull, maximum flow rate 2,280 l/min, maximum head 140 mbar.",https://www.mgfcompressors.com/fileadmin/_processed_/5/f/csm_Mgf_surgical_suction_silent_open_e8f54e927d.jpg,1,BRAND_OBSERVED_IN_KAZAKHSTAN_MARKET,KZ_SKU_EVIDENCE_REQUIRED,https://www.mgfcompressors.com/dental/dental-suction-systems/silent-2.html
MGF-AS-100-S,MGF,MGF S.r.l.,SILENT 2 - 230V 50Hz,AS-100-S,AS-100-S,SILENT 2,1,Стоматологические аспирационные системы,"Suction pump equipped with 1 Hp soundproofed hull, maximum flow rate 2,280 l/min, maximum head 140 mbar.",https://www.mgfcompressors.com/fileadmin/_processed_/5/f/csm_Mgf_surgical_suction_silent_open_e8f54e927d.jpg,1,BRAND_OBSERVED_IN_KAZAKHSTAN_MARKET,KZ_SKU_EVIDENCE_REQUIRED,https://www.mgfcompressors.com/dental/dental-suction-systems/quiet-air-suction-unit/silent-2.html
MGF-AS-150-S,MGF,MGF S.r.l.,SILENT 3 - 230V 50Hz,AS-150-S,AS-150-S,SILENT 3,1,Стоматологические аспирационные системы,"Suction pump equipped with a 1.5 Hp soundproofed hull, maximum flow rate 2,280 l/min, maximum head 170 mbar.",https://www.mgfcompressors.com/fileadmin/_processed_/e/e/csm_Mgf_surgical_suction_silent_closed_02_b86ff07f32.jpg,1,BRAND_OBSERVED_IN_KAZAKHSTAN_MARKET,KZ_SKU_EVIDENCE_REQUIRED,https://www.mgfcompressors.com/dental/dental-suction-systems/silent-3.html
MGF-AS-150-S,MGF,MGF S.r.l.,SILENT 3 - 230V 50Hz,AS-150-S,AS-150-S,SILENT 3,1,Стоматологические аспирационные системы,"Suction pump equipped with a 1.5 Hp soundproofed hull, maximum flow rate 2,280 l/min, maximum head 170 mbar.",https://www.mgfcompressors.com/fileadmin/_processed_/e/e/csm_Mgf_surgical_suction_silent_closed_02_b86ff07f32.jpg,1,BRAND_OBSERVED_IN_KAZAKHSTAN_MARKET,KZ_SKU_EVIDENCE_REQUIRED,https://www.mgfcompressors.com/dental/dental-suction-systems/quiet-air-suction-unit/silent-3.html
MGF-AS-200-S,MGF,MGF S.r.l.,SILENT 4 - 230V 50Hz,AS-200-S,AS-200-S,SILENT 4,1,Стоматологические аспирационные системы,"Suction pump equipped with a 2 Hp soundproofed hull, maximum flow rate 3650 l/min, maximum head 175 mbar.",https://www.mgfcompressors.com/fileadmin/_processed_/e/e/csm_Mgf_surgical_suction_silent_closed_02_b86ff07f32.jpg,1,BRAND_OBSERVED_IN_KAZAKHSTAN_MARKET,KZ_SKU_EVIDENCE_REQUIRED,https://www.mgfcompressors.com/dental/dental-suction-systems/quiet-air-suction-unit/silent-4.html
MGF-PR-SK400-090-M,MGF,MGF S.r.l.,SKY 100/30 TANDEM PRIME M,PR-SK400-090-M,PR-SK400-090-M,SKY 100/30 TANDEM PRIME M,1,Стоматологические компрессоры Pure Air,"Silenced Oil-free compressor, 305 l / min flow rate @ 5 bar, 90 L tank, with membrane dryer.",https://www.mgfcompressors.com/fileadmin/_processed_/5/b/csm_SKY-100-30-M_12a6a17ff2.jpg,1,BRAND_OBSERVED_IN_KAZAKHSTAN_MARKET,KZ_SKU_EVIDENCE_REQUIRED,https://www.mgfcompressors.com/dental/pure-air-dental-compressors-medical-compressors/prime-line/sky-100-30-tandem-prime-m.html
MGF-PR-SK400-090,MGF,MGF S.r.l.,SKY 100/30 TANDEM PRIME S,PR-SK400-090,PR-SK400-090,SKY 100/30 TANDEM PRIME S,1,Стоматологические компрессоры Pure Air,"Silent oil free compressor, FAD at 5 bar 340 l/min, tank capacity 90 L, without air dryer.",https://www.mgfcompressors.com/fileadmin/_processed_/b/f/csm_SKY-100-30-S-2019_de431aca60.jpg,1,BRAND_OBSERVED_IN_KAZAKHSTAN_MARKET,KZ_SKU_EVIDENCE_REQUIRED,https://www.mgfcompressors.com/dental/pure-air-dental-compressors-medical-compressors/prime-line/sky-100-30-tandem-prime-s.html
MGF-D-SK150-040-M,MGF,MGF S.r.l.,SKY 50/10 GENESI M - 230V 50Hz,D-SK150-040-M,D-SK150-040-M,SKY 50/10 GENESI M,1,Стоматологические компрессоры Pure Air,"Silenced oil free compressor, FAD at 5 bar 135 l/min, tank capacity 40 l., with membrane air dryer.",https://www.mgfcompressors.com/fileadmin/user_upload/MGF-SKY-GENESI-50-10-M.png,1,BRAND_OBSERVED_IN_KAZAKHSTAN_MARKET,KZ_SKU_EVIDENCE_REQUIRED,https://www.mgfcompressors.com/dental/pure-air-dental-compressors/genesi-line/sky-50-10-genesi-m.html
MGF-D-SK150-040,MGF,MGF S.r.l.,SKY 50/10 GENESI S - 230V 50Hz,D-SK150-040,D-SK150-040,SKY 50/10 GENESI S,1,Стоматологические компрессоры Pure Air,"Silent oil free compressor, FAD at 5 bar 135 l/min, tank capacity 40 L, without air dryer.",https://www.mgfcompressors.com/fileadmin/user_upload/MGF-SKY-GENESI-50-10.png,1,BRAND_OBSERVED_IN_KAZAKHSTAN_MARKET,KZ_SKU_EVIDENCE_REQUIRED,https://www.mgfcompressors.com/dental/pure-air-dental-compressors/genesi-line/sky-50-10-genesi-s.html
MGF-PR-SK200-040,MGF,MGF S.r.l.,SKY 50/15 PRIME S,PR-SK200-040,PR-SK200-040,SKY 50/15 PRIME S,1,Стоматологические компрессоры Pure Air,"Silent oil free compressor, FAD at 5 bar 170 l/min, tank capacity 40 L, without air dryer.",https://www.mgfcompressors.com/fileadmin/user_upload/MGF-SKY-GENESI-50-10.png,1,BRAND_OBSERVED_IN_KAZAKHSTAN_MARKET,KZ_SKU_EVIDENCE_REQUIRED,https://www.mgfcompressors.com/dental/pure-air-dental-compressors-medical-compressors/prime-line/sky-50-15-prime-s.html
MGF-CA-CR-060,MGF,MGF S.r.l.,SOUNDPROOF CAB FOR HYBRID 2-5,CA-CR-060,CA-CR-060,SOUNDPROOF CAB FOR HYBRID 2-5,1,Стоматологические аспирационные системы,Soundproof booth tailor-made for the MGF HYBRID 2-5.,https://www.mgfcompressors.com/fileadmin/_processed_/6/1/csm_CABINA-HYBRID-CLOSE_045b54e61a.jpg,1,BRAND_OBSERVED_IN_KAZAKHSTAN_MARKET,KZ_SKU_EVIDENCE_REQUIRED,https://www.mgfcompressors.com/dental/dental-suction-systems/surgical-suction-accessories/soundproof-cab-for-hybrid-2-5.html
MGF-CA-CR-060,MGF,MGF S.r.l.,SOUNDPROOF CAB FOR HYBRID 2-5,CA-CR-060,CA-CR-060,SOUNDPROOF CAB FOR HYBRID 2-5,1,Централизованная хирургическая аспирация,Soundproof booth tailor-made for the MGF HYBRID 2-5.,https://www.mgfcompressors.com/fileadmin/_processed_/6/1/csm_CABINA-HYBRID-CLOSE_045b54e61a.jpg,1,BRAND_OBSERVED_IN_KAZAKHSTAN_MARKET,KZ_SKU_EVIDENCE_REQUIRED,https://www.mgfcompressors.com/dental/centralized-surgical-dental-suction/surgical-suction-accessories/soundproof-cab-for-hybrid-2-5.html
MGF-DENTAL-DENTAL-SUCTION-SYSTEMS-SURGICAL-SUCTION-ACCESSORIES-BARATTOLI-RICAMBIO-PER-MST1-E-DYNAMIC-HTML,MGF,MGF S.r.l.,Spare jars for MST1 AND DYNAMIC,,,Spare jars for MST1 AND DYNAMIC,1,Стоматологические аспирационные системы,Replacement jar for Compsct Dynamic type amalgam collector.,https://www.mgfcompressors.com/fileadmin/_processed_/3/6/csm_mgf_BARATTOLI_bfa0bccca7.jpg,1,BRAND_OBSERVED_IN_KAZAKHSTAN_MARKET,KZ_SKU_EVIDENCE_REQUIRED,https://www.mgfcompressors.com/dental/dental-suction-systems/surgical-suction-accessories/barattoli-ricambio-per-mst1-e-dynamic.html
MGF-DENTAL-CENTRALIZED-SURGICAL-DENTAL-SUCTION-SURGICAL-SUCTION-ACCESSORIES-BARATTOLI-RICAMBIO-PER-MST1-E-DYNAMIC-HTML,MGF,MGF S.r.l.,Spare jars for MST1 AND DYNAMIC,,,Spare jars for MST1 AND DYNAMIC,1,Централизованная хирургическая аспирация,Replacement jar for Compsct Dynamic type amalgam collector.,https://www.mgfcompressors.com/fileadmin/_processed_/3/6/csm_mgf_BARATTOLI_bfa0bccca7.jpg,1,BRAND_OBSERVED_IN_KAZAKHSTAN_MARKET,KZ_SKU_EVIDENCE_REQUIRED,https://www.mgfcompressors.com/dental/centralized-surgical-dental-suction/surgical-suction-accessories/barattoli-ricambio-per-mst1-e-dynamic.html
MGF-TA-FT-003,MGF,MGF S.r.l.,Sterile filter 1000 lt/min,TA-FT-003,TA-FT-003,Sterile filter 1000 lt/min,1,Принадлежности для безмасляных компрессоров,Sterile filter 1000 l / min.,https://www.mgfcompressors.com/fileadmin/_processed_/a/2/csm_Alpha_Size_2_mgf_unbranded_medical_sterile_b1fde751be.png,1,BRAND_OBSERVED_IN_KAZAKHSTAN_MARKET,KZ_SKU_EVIDENCE_REQUIRED,https://www.mgfcompressors.com/dental/oil-free-compressors-accessories/sterile-filters/filtro-sterile-1000-lt-min.html
MGF-TA-FT-004,MGF,MGF S.r.l.,Sterile filter 2000 l / min,TA-FT-004,TA-FT-004,Sterile filter 2000 l / min,1,Принадлежности для безмасляных компрессоров,Sterile filter 2000 l / min,https://www.mgfcompressors.com/fileadmin/_processed_/a/2/csm_Alpha_Size_2_mgf_unbranded_medical_sterile_b1fde751be.png,1,BRAND_OBSERVED_IN_KAZAKHSTAN_MARKET,KZ_SKU_EVIDENCE_REQUIRED,https://www.mgfcompressors.com/dental/oil-free-compressors-accessories/sterile-filters/sterile-filter-2000-l-min.html
MGF-TA-FT-001,MGF,MGF S.r.l.,Sterile filter lt / min 400,TA-FT-001,TA-FT-001,Sterile filter lt / min 400,1,Принадлежности для безмасляных компрессоров,Sterile filter lt / min 400,https://www.mgfcompressors.com/fileadmin/_processed_/0/a/csm_Alpha_Size_1_mgf_unbranded_medical_sterile_2d12bf5046.png,1,BRAND_OBSERVED_IN_KAZAKHSTAN_MARKET,KZ_SKU_EVIDENCE_REQUIRED,https://www.mgfcompressors.com/dental/oil-free-compressors-accessories/filtro-sterile-lt-min-400.html
MGF-TA-FT-001,MGF,MGF S.r.l.,Sterile filter lt / min 400,TA-FT-001,TA-FT-001,Sterile filter lt / min 400,1,Принадлежности для безмасляных компрессоров,Sterile filter lt / min 400,https://www.mgfcompressors.com/fileadmin/_processed_/0/a/csm_Alpha_Size_1_mgf_unbranded_medical_sterile_2d12bf5046.png,1,BRAND_OBSERVED_IN_KAZAKHSTAN_MARKET,KZ_SKU_EVIDENCE_REQUIRED,https://www.mgfcompressors.com/dental/oil-free-compressors-accessories/sterile-filters/filtro-sterile-lt-min-400.html
MGF-TA-FT-002,MGF,MGF S.r.l.,Sterile filter lt / min 700,TA-FT-002,TA-FT-002,Sterile filter lt / min 700,1,Принадлежности для безмасляных компрессоров,Sterile filter lt / min 700,https://www.mgfcompressors.com/fileadmin/_processed_/a/2/csm_Alpha_Size_2_mgf_unbranded_medical_sterile_b1fde751be.png,1,BRAND_OBSERVED_IN_KAZAKHSTAN_MARKET,KZ_SKU_EVIDENCE_REQUIRED,https://www.mgfcompressors.com/dental/oil-free-compressors-accessories/filtro-sterile-lt-min-700.html
MGF-TA-FT-002,MGF,MGF S.r.l.,Sterile filter lt / min 700,TA-FT-002,TA-FT-002,Sterile filter lt / min 700,1,Принадлежности для безмасляных компрессоров,Sterile filter lt / min 700,https://www.mgfcompressors.com/fileadmin/_processed_/a/2/csm_Alpha_Size_2_mgf_unbranded_medical_sterile_b1fde751be.png,1,BRAND_OBSERVED_IN_KAZAKHSTAN_MARKET,KZ_SKU_EVIDENCE_REQUIRED,https://www.mgfcompressors.com/dental/oil-free-compressors-accessories/sterile-filters/filtro-sterile-lt-min-700.html
MGF-TA-FL-0261-K-SCP,MGF,MGF S.r.l.,TANDEM PRIME 2 + 2-3 + 3 M kit,TA-FL-0261-K-SCP,TA-FL-0261-K-SCP,TANDEM PRIME 2 + 2-3 + 3 M kit,1,Комплекты технического обслуживания,Ordinary maintenance kit for PURE AIR TANDEM PRIME 2 + 2-3 + 3 M range,https://www.mgfcompressors.com/fileadmin/_processed_/2/d/csm_TA-FL-0261-K-SCP_d7ee0617cd.jpg,1,BRAND_OBSERVED_IN_KAZAKHSTAN_MARKET,KZ_SKU_EVIDENCE_REQUIRED,https://www.mgfcompressors.com/dental/maintenance-kits/prime-maintenance-kit/kit-cartucce-filtri-prime-tandem-2-2-3-3-m.html
MGF-PR-GC-033-K-SCP,MGF,MGF S.r.l.,TANDEM PRIME 2+2 kit,PR-GC-033-K-SCP,PR-GC-033-K-SCP,TANDEM PRIME 2+2 kit,1,Комплекты технического обслуживания,Spare parts kit version TANDEM PRIME 2+2,https://www.mgfcompressors.com/fileadmin/_processed_/2/d/csm_PR-GC-033-K-SCP_ea5d1e08b0.jpg,1,BRAND_OBSERVED_IN_KAZAKHSTAN_MARKET,KZ_SKU_EVIDENCE_REQUIRED,https://www.mgfcompressors.com/dental/maintenance-kits/prime-15-15-kw.html
MGF-PR-GC-033-K-SCP,MGF,MGF S.r.l.,TANDEM PRIME 2+2 kit,PR-GC-033-K-SCP,PR-GC-033-K-SCP,TANDEM PRIME 2+2 kit,1,Комплекты технического обслуживания,Spare parts kit version TANDEM PRIME 2+2,https://www.mgfcompressors.com/fileadmin/_processed_/2/d/csm_PR-GC-033-K-SCP_ea5d1e08b0.jpg,1,BRAND_OBSERVED_IN_KAZAKHSTAN_MARKET,KZ_SKU_EVIDENCE_REQUIRED,https://www.mgfcompressors.com/dental/maintenance-kits/prime-maintenance-kit/prime-15-15-kw.html
MGF-TA-FL-0263-K-SCP,MGF,MGF S.r.l.,TANDEM PRIME 3 + 3 + 3 M kit,TA-FL-0263-K-SCP,TA-FL-0263-K-SCP,TANDEM PRIME 3 + 3 + 3 M kit,1,Комплекты технического обслуживания,Ordinary maintenance kit for PURE AIR TANDEM PRIME TANDEM 3 + 3 + 3 M range,https://www.mgfcompressors.com/fileadmin/_processed_/f/6/csm_TA-FL-0263-K-SCP_088ce4eb70.jpg,1,BRAND_OBSERVED_IN_KAZAKHSTAN_MARKET,KZ_SKU_EVIDENCE_REQUIRED,https://www.mgfcompressors.com/dental/maintenance-kits/prime-maintenance-kit/kit-cartucce-filtri-prime-tandem-3-3-3-m.html
MGF-TA-FL-0011-K-SCP,MGF,MGF S.r.l.,TANDEM PRIME 3 + 3 + 3 S kit,TA-FL-0011-K-SCP,TA-FL-0011-K-SCP,TANDEM PRIME 3 + 3 + 3 S kit,1,Комплекты технического обслуживания,Ordinary maintenance kit for PURE AIR TANDEM PRIME 3 + 3 + 3 S range,https://www.mgfcompressors.com/fileadmin/_processed_/4/2/csm_TA-FL-0011-K-SCP_8e905c3d81.jpg,1,BRAND_OBSERVED_IN_KAZAKHSTAN_MARKET,KZ_SKU_EVIDENCE_REQUIRED,https://www.mgfcompressors.com/dental/maintenance-kits/prime-maintenance-kit/kit-cartucce-filtri-prime-3-3-3-s.html
MGF-TA-FL-029-K,MGF,MGF S.r.l.,TANDEM PRIME 3 + 3 + 3 X kit,TA-FL-029-K,TA-FL-029-K,TANDEM PRIME 3 + 3 + 3 X kit,1,Комплекты технического обслуживания,Ordinary maintenance kit for PURE AIR TANDEM PRIME 3 + 3 + 3 X range,https://www.mgfcompressors.com/fileadmin/_processed_/9/9/csm_TA-FL-029-K_26eb52c0d9.jpg,1,BRAND_OBSERVED_IN_KAZAKHSTAN_MARKET,KZ_SKU_EVIDENCE_REQUIRED,https://www.mgfcompressors.com/dental/maintenance-kits/kit-cartucce-filtri-tandem-prime-3-3-3-x.html
MGF-TA-FL-029-K,MGF,MGF S.r.l.,TANDEM PRIME 3 + 3 + 3 X kit,TA-FL-029-K,TA-FL-029-K,TANDEM PRIME 3 + 3 + 3 X kit,1,Комплекты технического обслуживания,Ordinary maintenance kit for PURE AIR TANDEM PRIME 3 + 3 + 3 X range,https://www.mgfcompressors.com/fileadmin/_processed_/9/9/csm_TA-FL-029-K_26eb52c0d9.jpg,1,BRAND_OBSERVED_IN_KAZAKHSTAN_MARKET,KZ_SKU_EVIDENCE_REQUIRED,https://www.mgfcompressors.com/dental/maintenance-kits/prime-maintenance-kit/kit-cartucce-filtri-tandem-prime-3-3-3-x.html
MGF-TA-FL-028-K,MGF,MGF S.r.l.,TANDEM PRIME 3 + 3 X kit,TA-FL-028-K,TA-FL-028-K,TANDEM PRIME 3 + 3 X kit,1,Комплекты технического обслуживания,Ordinary maintenance kit for PURE AIR TANDEM PRIME 3 + 3 X range,https://www.mgfcompressors.com/fileadmin/_processed_/0/1/csm_TA-FL-028-K_953d6bf8bc.jpg,1,BRAND_OBSERVED_IN_KAZAKHSTAN_MARKET,KZ_SKU_EVIDENCE_REQUIRED,https://www.mgfcompressors.com/dental/maintenance-kits/prime-maintenance-kit/kit-cartucce-filtri-tandem-prime-3-3-x.html
MGF-PR-GC-034-K-SCP,MGF,MGF S.r.l.,TANDEM PRIME 3+3 AND PRIME 6,PR-GC-034-K-SCP,PR-GC-034-K-SCP,TANDEM PRIME 3+3 AND PRIME 6,1,Комплекты технического обслуживания,Extraordinary maintenance kit for PRIME 3+3 & PRIME 6 versions,https://www.mgfcompressors.com/fileadmin/_processed_/7/2/csm_PR-GC-034-K-SCP_0a509020ee.jpg,1,BRAND_OBSERVED_IN_KAZAKHSTAN_MARKET,KZ_SKU_EVIDENCE_REQUIRED,https://www.mgfcompressors.com/dental/maintenance-kits/prime-maintenance-kit/prime-3-3-and-prime-6.html
MGF-PR-GC-035-K-SCP,MGF,MGF S.r.l.,TANDEM PRIME 3+3+3 Kit,PR-GC-035-K-SCP,PR-GC-035-K-SCP,TANDEM PRIME 3+3+3 Kit,1,Комплекты технического обслуживания,Spare parts kit TANDEM PRIME 3+3+3 versions,https://www.mgfcompressors.com/fileadmin/_processed_/a/d/csm_PR-GC-035-K-SCP_309a0ede71.jpg,1,BRAND_OBSERVED_IN_KAZAKHSTAN_MARKET,KZ_SKU_EVIDENCE_REQUIRED,https://www.mgfcompressors.com/dental/maintenance-kits/prime-maintenance-kit/prime-22-22-22-kw.html
MGF-PR-GC-037-K-SCP,MGF,MGF S.r.l.,TANDEM PRIME 6+6,PR-GC-037-K-SCP,PR-GC-037-K-SCP,TANDEM PRIME 6+6,1,Комплекты технического обслуживания,Extraordinary maintenance kit for TANDEM PRIME 6+6,https://www.mgfcompressors.com/fileadmin/_processed_/7/1/csm_PR-GC-037-K-SCP_ecd03e3fc4.jpg,1,BRAND_OBSERVED_IN_KAZAKHSTAN_MARKET,KZ_SKU_EVIDENCE_REQUIRED,https://www.mgfcompressors.com/dental/maintenance-kits/prime-maintenance-kit/prime-5kw-5kw.html
MGF-TA-FL-0262-K-SCP,MGF,MGF S.r.l.,TANDEM PRIME 6+6 Version M,TA-FL-0262-K-SCP,TA-FL-0262-K-SCP,TANDEM PRIME 6+6 Version M,1,Комплекты технического обслуживания,ordinary maintenance kit TANDEM PRIME 6+6 M version,https://www.mgfcompressors.com/fileadmin/_processed_/e/c/csm_TA-FL-0262-K-SCP_7291942356.jpg,1,BRAND_OBSERVED_IN_KAZAKHSTAN_MARKET,KZ_SKU_EVIDENCE_REQUIRED,https://www.mgfcompressors.com/dental/maintenance-kits/prime-maintenance-kit/prime-6-6-versione-m.html
MGF-TA-FL-0014-K-SCP,MGF,MGF S.r.l.,TANDEM PRIME 6+6 Version S,TA-FL-0014-K-SCP,TA-FL-0014-K-SCP,TANDEM PRIME 6+6 Version S,1,Комплекты технического обслуживания,Ordinary maintenance kit TANDEM PRIME 6+6 Version S,https://www.mgfcompressors.com/fileadmin/_processed_/1/e/csm_TA-FL-0014-K-SCP_bd79e4b20d.jpg,1,BRAND_OBSERVED_IN_KAZAKHSTAN_MARKET,KZ_SKU_EVIDENCE_REQUIRED,https://www.mgfcompressors.com/dental/maintenance-kits/prime-maintenance-kit/kit-per-prime-6-6-versione-s.html
MGF-TA-FL-0013-K-SCP,MGF,MGF S.r.l.,TANDEM PRIME 6+6+6 Version S,TA-FL-0013-K-SCP,TA-FL-0013-K-SCP,TANDEM PRIME 6+6+6 Version S,1,Комплекты технического обслуживания,Ordinary maintenance kit TANDEM PRIME 6+6+6 Version S,https://www.mgfcompressors.com/fileadmin/_processed_/5/6/csm_TA-FL-0013-K-SCP_c48fe70efa.jpg,1,BRAND_OBSERVED_IN_KAZAKHSTAN_MARKET,KZ_SKU_EVIDENCE_REQUIRED,https://www.mgfcompressors.com/dental/maintenance-kits/prime-maintenance-kit/prime-6-6-6-versione-s.html
